Main.Studies.MarkerTracking.t,Main.HumanModel.BodyModel.Interface.Trunk.PelvisPosX.Pos,Main.HumanModel.BodyModel.Interface.Trunk.PelvisPosY.Pos,Main.HumanModel.BodyModel.Interface.Trunk.PelvisPosZ.Pos,Main.HumanModel.BodyModel.Interface.Trunk.PelvisRotVec.Pos[0],Main.HumanModel.BodyModel.Interface.Trunk.PelvisRotVec.Pos[1],Main.HumanModel.BodyModel.Interface.Trunk.PelvisRotVec.Pos[2],Main.HumanModel.BodyModel.Trunk.Joints.Lumbar.SacrumPelvis.Pos[0],Main.HumanModel.BodyModel.Trunk.Joints.Lumbar.SacrumPelvis.Pos[1],Main.HumanModel.BodyModel.Trunk.Joints.Lumbar.SacrumPelvis.Pos[2],Main.HumanModel.BodyModel.Trunk.Joints.Lumbar.L5Sacrum.Pos[0],Main.HumanModel.BodyModel.Trunk.Joints.Lumbar.L5Sacrum.Pos[1],Main.HumanModel.BodyModel.Trunk.Joints.Lumbar.L5Sacrum.Pos[2],Main.HumanModel.BodyModel.Trunk.Joints.Lumbar.L4L5.Pos[0],Main.HumanModel.BodyModel.Trunk.Joints.Lumbar.L4L5.Pos[1],Main.HumanModel.BodyModel.Trunk.Joints.Lumbar.L4L5.Pos[2],Main.HumanModel.BodyModel.Trunk.Joints.Lumbar.L3L4.Pos[0],Main.HumanModel.BodyModel.Trunk.Joints.Lumbar.L3L4.Pos[1],Main.HumanModel.BodyModel.Trunk.Joints.Lumbar.L3L4.Pos[2],Main.HumanModel.BodyModel.Trunk.Joints.Lumbar.L2L3.Pos[0],Main.HumanModel.BodyModel.Trunk.Joints.Lumbar.L2L3.Pos[1],Main.HumanModel.BodyModel.Trunk.Joints.Lumbar.L2L3.Pos[2],Main.HumanModel.BodyModel.Trunk.Joints.Lumbar.L1L2.Pos[0],Main.HumanModel.BodyModel.Trunk.Joints.Lumbar.L1L2.Pos[1],Main.HumanModel.BodyModel.Trunk.Joints.Lumbar.L1L2.Pos[2],Main.HumanModel.BodyModel.Trunk.Joints.Lumbar.T12L1.Pos[0],Main.HumanModel.BodyModel.Trunk.Joints.Lumbar.T12L1.Pos[1],Main.HumanModel.BodyModel.Trunk.Joints.Lumbar.T12L1.Pos[2],Main.Studies.MarkerTracking.JointAngleOutputs.ZeroVar[0],Main.Studies.MarkerTracking.JointAngleOutputs.ZeroVar[1],Main.Studies.MarkerTracking.JointAngleOutputs.ZeroVar[2],Main.Studies.MarkerTracking.JointAngleOutputs.ZeroVar[0],Main.Studies.MarkerTracking.JointAngleOutputs.ZeroVar[1],Main.Studies.MarkerTracking.JointAngleOutputs.ZeroVar[2],Main.Studies.MarkerTracking.JointAngleOutputs.ZeroVar[0],Main.Studies.MarkerTracking.JointAngleOutputs.ZeroVar[1],Main.Studies.MarkerTracking.JointAngleOutputs.ZeroVar[2],Main.Studies.MarkerTracking.JointAngleOutputs.ZeroVar[0],Main.Studies.MarkerTracking.JointAngleOutputs.ZeroVar[1],Main.Studies.MarkerTracking.JointAngleOutputs.ZeroVar[2],Main.Studies.MarkerTracking.JointAngleOutputs.ZeroVar[0],Main.Studies.MarkerTracking.JointAngleOutputs.ZeroVar[1],Main.Studies.MarkerTracking.JointAngleOutputs.ZeroVar[2],Main.Studies.MarkerTracking.JointAngleOutputs.ZeroVar[0],Main.Studies.MarkerTracking.JointAngleOutputs.ZeroVar[1],Main.Studies.MarkerTracking.JointAngleOutputs.ZeroVar[2],Main.Studies.MarkerTracking.JointAngleOutputs.ZeroVar[0],Main.Studies.MarkerTracking.JointAngleOutputs.ZeroVar[1],Main.Studies.MarkerTracking.JointAngleOutputs.ZeroVar[2],Main.Studies.MarkerTracking.JointAngleOutputs.ZeroVar[0],Main.Studies.MarkerTracking.JointAngleOutputs.ZeroVar[1],Main.Studies.MarkerTracking.JointAngleOutputs.ZeroVar[2],Main.Studies.MarkerTracking.JointAngleOutputs.ZeroVar[0],Main.Studies.MarkerTracking.JointAngleOutputs.ZeroVar[1],Main.Studies.MarkerTracking.JointAngleOutputs.ZeroVar[2],Main.Studies.MarkerTracking.JointAngleOutputs.ZeroVar[0],Main.Studies.MarkerTracking.JointAngleOutputs.ZeroVar[1],Main.Studies.MarkerTracking.JointAngleOutputs.ZeroVar[2],Main.Studies.MarkerTracking.JointAngleOutputs.ZeroVar[0],Main.Studies.MarkerTracking.JointAngleOutputs.ZeroVar[1],Main.Studies.MarkerTracking.JointAngleOutputs.ZeroVar[2],Main.HumanModel.BodyModel.Trunk.Joints.Cervical.T1C7.Pos[0],Main.HumanModel.BodyModel.Trunk.Joints.Cervical.T1C7.Pos[1],Main.HumanModel.BodyModel.Trunk.Joints.Cervical.T1C7.Pos[2],Main.HumanModel.BodyModel.Trunk.Joints.Cervical.C7C6.Pos[0],Main.HumanModel.BodyModel.Trunk.Joints.Cervical.C7C6.Pos[1],Main.HumanModel.BodyModel.Trunk.Joints.Cervical.C7C6.Pos[2],Main.HumanModel.BodyModel.Trunk.Joints.Cervical.C6C5.Pos[0],Main.HumanModel.BodyModel.Trunk.Joints.Cervical.C6C5.Pos[1],Main.HumanModel.BodyModel.Trunk.Joints.Cervical.C6C5.Pos[2],Main.HumanModel.BodyModel.Trunk.Joints.Cervical.C5C4.Pos[0],Main.HumanModel.BodyModel.Trunk.Joints.Cervical.C5C4.Pos[1],Main.HumanModel.BodyModel.Trunk.Joints.Cervical.C5C4.Pos[2],Main.HumanModel.BodyModel.Trunk.Joints.Cervical.C4C3.Pos[0],Main.HumanModel.BodyModel.Trunk.Joints.Cervical.C4C3.Pos[1],Main.HumanModel.BodyModel.Trunk.Joints.Cervical.C4C3.Pos[2],Main.HumanModel.BodyModel.Trunk.Joints.Cervical.C3C2.Pos[0],Main.HumanModel.BodyModel.Trunk.Joints.Cervical.C3C2.Pos[1],Main.HumanModel.BodyModel.Trunk.Joints.Cervical.C3C2.Pos[2],Main.HumanModel.BodyModel.Trunk.Joints.Cervical.C2C1.Pos,Main.HumanModel.BodyModel.Trunk.Joints.Cervical.C1C0.Pos
  1.600000000000000e+00, -3.269990802771607e-02,  8.818981093391951e-01, -3.242293876395799e-01,  3.678660521479983e-02,  1.166809985734236e-01,  1.321277888504192e-01,  6.071532165918825e-18,  1.604619215278547e-17,  2.775557561562891e-17, -1.791866796801920e-03, -3.455605573910437e-02, -7.033944556199788e-02, -2.777393536894524e-03, -3.748947166869328e-02, -7.204464424249860e-02, -3.090970227172915e-03, -3.663649256845795e-02, -6.906054655135566e-02, -2.792325760695980e-03, -3.524259989249392e-02, -6.351865083923997e-02, -2.478749071102499e-03, -3.386951158481408e-02, -5.328745875641206e-02, -1.985985701849837e-03, -3.022874713302355e-02, -3.751437096317203e-02,  0.000000000000000e+00,  0.000000000000000e+00,  0.000000000000000e+00,  0.000000000000000e+00,  0.000000000000000e+00,  0.000000000000000e+00,  0.000000000000000e+00,  0.000000000000000e+00,  0.000000000000000e+00,  0.000000000000000e+00,  0.000000000000000e+00,  0.000000000000000e+00,  0.000000000000000e+00,  0.000000000000000e+00,  0.000000000000000e+00,  0.000000000000000e+00,  0.000000000000000e+00,  0.000000000000000e+00,  0.000000000000000e+00,  0.000000000000000e+00,  0.000000000000000e+00,  0.000000000000000e+00,  0.000000000000000e+00,  0.000000000000000e+00,  0.000000000000000e+00,  0.000000000000000e+00,  0.000000000000000e+00,  0.000000000000000e+00,  0.000000000000000e+00,  0.000000000000000e+00,  0.000000000000000e+00,  0.000000000000000e+00,  0.000000000000000e+00,  2.344240255877601e-02, -5.885645607593914e-03,  5.456737679026490e-03,  2.603113412918742e-02, -1.085774316909189e-02,  8.467351568246901e-03,  2.732549991451247e-02, -1.166645783252936e-02,  1.049010777541724e-02,  2.574349728823693e-02, -1.085774316873426e-02,  1.034898524921291e-02,  2.358622097985255e-02, -7.053789010126276e-03,  8.232147357564798e-03,  1.768966573562578e-02, -3.604271525310781e-03,  4.045512416513224e-03, -4.575006233126418e-02,  2.137938298552332e-02
  1.610000000000000e+00, -1.901397031767522e-02,  8.816400690620542e-01, -3.234202624487648e-01,  2.891377996452909e-02,  1.193568729082905e-01,  1.295581649466243e-01,  0.000000000000000e+00, -6.505213034913027e-18,  0.000000000000000e+00, -3.103138171543950e-04, -3.483272460039517e-02, -6.957940656483161e-02, -4.809864165414060e-04, -3.778962656828014e-02, -7.126618005728660e-02, -5.352913345222364e-04, -3.692981819464268e-02, -6.831432644539942e-02, -4.835723650055463e-04, -3.552476548650282e-02, -6.283231259478576e-02, -4.292674470054424e-04, -3.414068371430477e-02, -5.271167163984987e-02, -3.439311472887115e-04, -3.047076992437792e-02, -3.710901683437814e-02,  0.000000000000000e+00,  0.000000000000000e+00,  0.000000000000000e+00,  0.000000000000000e+00,  0.000000000000000e+00,  0.000000000000000e+00,  0.000000000000000e+00,  0.000000000000000e+00,  0.000000000000000e+00,  0.000000000000000e+00,  0.000000000000000e+00,  0.000000000000000e+00,  0.000000000000000e+00,  0.000000000000000e+00,  0.000000000000000e+00,  0.000000000000000e+00,  0.000000000000000e+00,  0.000000000000000e+00,  0.000000000000000e+00,  0.000000000000000e+00,  0.000000000000000e+00,  0.000000000000000e+00,  0.000000000000000e+00,  0.000000000000000e+00,  0.000000000000000e+00,  0.000000000000000e+00,  0.000000000000000e+00,  0.000000000000000e+00,  0.000000000000000e+00,  0.000000000000000e+00,  0.000000000000000e+00,  0.000000000000000e+00,  0.000000000000000e+00,  2.305420710914529e-02, -5.759448583577415e-03,  5.735470819790834e-03,  2.560007047086048e-02, -1.062493695442305e-02,  8.899868513331856e-03,  2.687300215172695e-02, -1.141631156895070e-02,  1.102594821370111e-02,  2.531719676400876e-02, -1.062493695440667e-02,  1.087761707180904e-02,  2.319564396258812e-02, -6.902545248994676e-03,  8.652649943503413e-03,  1.739673297197366e-02, -3.526990566010640e-03,  4.252159400850393e-03, -4.485879682155752e-02,  2.260612737719618e-02
  1.620000000000000e+00, -5.180271918440227e-03,  8.817187463595466e-01, -3.224799394656002e-01,  2.038155512671585e-02,  1.211171781791506e-01,  1.270718193876282e-01,  0.000000000000000e+00, -2.385244779468110e-18,  0.000000000000000e+00,  1.237879956460408e-03, -3.499943893908106e-02, -6.882132460038536e-02,  1.918713932569652e-03, -3.797049305733071e-02, -7.048972034824390e-02,  2.135342924973753e-03, -3.710656951940383e-02, -6.757002778938639e-02,  1.929029598884510e-03, -3.569479203059538e-02, -6.214774160868849e-02,  1.712400606500470e-03, -3.430408584758925e-02, -5.213736712129809e-02,  1.371983618473000e-03, -3.061660733203299e-02, -3.670470645330198e-02,  0.000000000000000e+00,  0.000000000000000e+00,  0.000000000000000e+00,  0.000000000000000e+00,  0.000000000000000e+00,  0.000000000000000e+00,  0.000000000000000e+00,  0.000000000000000e+00,  0.000000000000000e+00,  0.000000000000000e+00,  0.000000000000000e+00,  0.000000000000000e+00,  0.000000000000000e+00,  0.000000000000000e+00,  0.000000000000000e+00,  0.000000000000000e+00,  0.000000000000000e+00,  0.000000000000000e+00,  0.000000000000000e+00,  0.000000000000000e+00,  0.000000000000000e+00,  0.000000000000000e+00,  0.000000000000000e+00,  0.000000000000000e+00,  0.000000000000000e+00,  0.000000000000000e+00,  0.000000000000000e+00,  0.000000000000000e+00,  0.000000000000000e+00,  0.000000000000000e+00,  0.000000000000000e+00,  0.000000000000000e+00,  0.000000000000000e+00,  2.258869108222682e-02, -5.615885110670003e-03,  6.006653670528993e-03,  2.508314776611898e-02, -1.036009339752940e-02,  9.320669488575635e-03,  2.633037610807577e-02, -1.113174173333450e-02,  1.154727386635227e-02,  2.480598591236102e-02, -1.036009339750887e-02,  1.139192937487172e-02,  2.272727200912762e-02, -6.730488262373827e-03,  9.061762002762779e-03,  1.704545400688267e-02, -3.439074681834587e-03,  4.453208755699135e-03, -4.382756731091900e-02,  2.380983649193569e-02
  1.630000000000000e+00,  8.776424974402258e-03,  8.821437750973501e-01, -3.214201878712218e-01,  1.148203587946715e-02,  1.219927486114228e-01,  1.248508206553161e-01, -8.673617379884035e-19, -1.322726650432315e-17,  0.000000000000000e+00,  2.805766875516574e-03, -3.505148845174989e-02, -6.810944703745110e-02,  4.348938657113933e-03, -3.802696098137068e-02, -6.976058514741609e-02,  4.839947860354307e-03, -3.716175265715961e-02, -6.687109345485623e-02,  4.372320047751577e-03, -3.574787563954489e-02, -6.150489459728691e-02,  3.881310844530541e-03, -3.435510126398297e-02, -5.159806593722002e-02,  3.109724953762417e-03, -3.066213890452701e-02, -3.632503841969290e-02,  0.000000000000000e+00,  0.000000000000000e+00,  0.000000000000000e+00,  0.000000000000000e+00,  0.000000000000000e+00,  0.000000000000000e+00,  0.000000000000000e+00,  0.000000000000000e+00,  0.000000000000000e+00,  0.000000000000000e+00,  0.000000000000000e+00,  0.000000000000000e+00,  0.000000000000000e+00,  0.000000000000000e+00,  0.000000000000000e+00,  0.000000000000000e+00,  0.000000000000000e+00,  0.000000000000000e+00,  0.000000000000000e+00,  0.000000000000000e+00,  0.000000000000000e+00,  0.000000000000000e+00,  0.000000000000000e+00,  0.000000000000000e+00,  0.000000000000000e+00,  0.000000000000000e+00,  0.000000000000000e+00,  0.000000000000000e+00,  0.000000000000000e+00,  0.000000000000000e+00,  0.000000000000000e+00,  0.000000000000000e+00,  0.000000000000000e+00,  2.206946984987131e-02, -5.463593626293831e-03,  6.268358872616521e-03,  2.450658921975668e-02, -1.007914854721337e-02,  9.726763767631277e-03,  2.572514890471205e-02, -1.082987133554420e-02,  1.205037955650218e-02,  2.423579817866846e-02, -1.007914854718813e-02,  1.188826682703593e-02,  2.220486537044240e-02, -6.547970987197982e-03,  9.456575885172186e-03,  1.665364902787364e-02, -3.345813908531072e-03,  4.647231577926410e-03, -4.272146598219829e-02,  2.497822461457001e-02
  1.640000000000000e+00,  2.282429269350021e-02,  8.829150131425537e-01, -3.202564254335855e-01,  2.514567794334848e-03,  1.220635624516264e-01,  1.230524176442043e-01,  0.000000000000000e+00, -4.336808689942017e-18,  0.000000000000000e+00,  4.346590996786808e-03, -3.498680847774387e-02, -6.748343707109376e-02,  6.737216045088324e-03, -3.795679041354549e-02, -6.911939918186992e-02,  7.497869469551068e-03, -3.709317864498503e-02, -6.625646548787312e-02,  6.773437636731858e-03, -3.568191063294524e-02, -6.093958862763992e-02,  6.012784212285750e-03, -3.429170632257626e-02, -5.112381596266549e-02,  4.817471688167988e-03, -3.060555852991784e-02, -3.599116643758611e-02,  0.000000000000000e+00,  0.000000000000000e+00,  0.000000000000000e+00,  0.000000000000000e+00,  0.000000000000000e+00,  0.000000000000000e+00,  0.000000000000000e+00,  0.000000000000000e+00,  0.000000000000000e+00,  0.000000000000000e+00,  0.000000000000000e+00,  0.000000000000000e+00,  0.000000000000000e+00,  0.000000000000000e+00,  0.000000000000000e+00,  0.000000000000000e+00,  0.000000000000000e+00,  0.000000000000000e+00,  0.000000000000000e+00,  0.000000000000000e+00,  0.000000000000000e+00,  0.000000000000000e+00,  0.000000000000000e+00,  0.000000000000000e+00,  0.000000000000000e+00,  0.000000000000000e+00,  0.000000000000000e+00,  0.000000000000000e+00,  0.000000000000000e+00,  0.000000000000000e+00,  0.000000000000000e+00,  0.000000000000000e+00,  0.000000000000000e+00,  2.152081218887961e-02, -5.312929052984324e-03,  6.521048819213094e-03,  2.389734359619662e-02, -9.801204995938763e-03,  1.011886885712629e-02,  2.508560929986966e-02, -1.053122578182702e-02,  1.253615419513908e-02,  2.363328455095165e-02, -9.801204995908476e-03,  1.236750638084606e-02,  2.165284171153422e-02, -6.367403521467814e-03,  9.837789166619013e-03,  1.623963128369818e-02, -3.253549428518296e-03,  4.834570676254081e-03, -4.161961983014165e-02,  2.610884529288011e-02
  1.650000000000000e+00,  3.692471252467804e-02,  8.840205629747236e-01, -3.190067382274334e-01, -6.244012663790144e-03,  1.214542324845504e-01,  1.217793385502499e-01,  0.000000000000000e+00, -1.192622389734055e-18,  0.000000000000000e+00,  5.818616823908405e-03, -3.480629616161912e-02, -6.697160941997070e-02,  9.018856077130178e-03, -3.776095465577557e-02, -6.859516358768467e-02,  1.003711402133773e-02, -3.690179863975128e-02, -6.575394379402837e-02,  9.067344550659584e-03, -3.549781197941642e-02, -6.047739274871789e-02,  8.049086606463748e-03, -3.411478034386099e-02, -5.073606774207353e-02,  6.448966979887085e-03, -3.044765100714562e-02, -3.571819169026708e-02,  0.000000000000000e+00,  0.000000000000000e+00,  0.000000000000000e+00,  0.000000000000000e+00,  0.000000000000000e+00,  0.000000000000000e+00,  0.000000000000000e+00,  0.000000000000000e+00,  0.000000000000000e+00,  0.000000000000000e+00,  0.000000000000000e+00,  0.000000000000000e+00,  0.000000000000000e+00,  0.000000000000000e+00,  0.000000000000000e+00,  0.000000000000000e+00,  0.000000000000000e+00,  0.000000000000000e+00,  0.000000000000000e+00,  0.000000000000000e+00,  0.000000000000000e+00,  0.000000000000000e+00,  0.000000000000000e+00,  0.000000000000000e+00,  0.000000000000000e+00,  0.000000000000000e+00,  0.000000000000000e+00,  0.000000000000000e+00,  0.000000000000000e+00,  0.000000000000000e+00,  0.000000000000000e+00,  0.000000000000000e+00,  0.000000000000000e+00,  2.096397094324128e-02, -5.174999763797769e-03,  6.767301399938772e-03,  2.327901067925582e-02, -9.546755289420578e-03,  1.050098493061001e-02,  2.443653054727923e-02, -1.025782395923426e-02,  1.300955355282776e-02,  2.302178404193525e-02, -9.546755289384840e-03,  1.283453713730844e-02,  2.109258426193843e-02, -6.202098953503057e-03,  1.020929090472161e-02,  1.581943819650745e-02, -3.169083824787621e-03,  5.017137244711070e-03, -4.060756198407494e-02,  2.720851115562291e-02
  1.660000000000000e+00,  5.103322373941567e-02,  8.854358351404581e-01, -3.176904346764589e-01, -1.456656809627155e-02,  1.203223293882647e-01,  1.210592376474241e-01, -1.734723475976807e-18, -1.756407519426517e-17,  0.000000000000000e+00,  7.189216037791131e-03, -3.451307973966183e-02, -6.658618805194363e-02,  1.114328485864941e-02, -3.744284749601268e-02, -6.820039867133740e-02,  1.240139766528348e-02, -3.659092921225907e-02, -6.537553008722395e-02,  1.120319499228589e-02, -3.519877006563438e-02, -6.012934557392566e-02,  9.945082185656628e-03, -3.382738941373349e-02, -5.044408185716096e-02,  7.968047775261583e-03, -3.019115283670642e-02, -3.551263362726669e-02,  0.000000000000000e+00,  0.000000000000000e+00,  0.000000000000000e+00,  0.000000000000000e+00,  0.000000000000000e+00,  0.000000000000000e+00,  0.000000000000000e+00,  0.000000000000000e+00,  0.000000000000000e+00,  0.000000000000000e+00,  0.000000000000000e+00,  0.000000000000000e+00,  0.000000000000000e+00,  0.000000000000000e+00,  0.000000000000000e+00,  0.000000000000000e+00,  0.000000000000000e+00,  0.000000000000000e+00,  0.000000000000000e+00,  0.000000000000000e+00,  0.000000000000000e+00,  0.000000000000000e+00,  0.000000000000000e+00,  0.000000000000000e+00,  0.000000000000000e+00,  0.000000000000000e+00,  0.000000000000000e+00,  0.000000000000000e+00,  0.000000000000000e+00,  0.000000000000000e+00,  0.000000000000000e+00,  0.000000000000000e+00,  0.000000000000000e+00,  2.041469165564391e-02, -5.060646891441537e-03,  7.011157875133905e-03,  2.266907478320713e-02, -9.335798972729454e-03,  1.087938290930530e-02,  2.379626634700623e-02, -1.003115503412491e-02,  1.347834660419474e-02,  2.241858776904915e-02, -9.335798972688571e-03,  1.329702355569575e-02,  2.053993516276361e-02, -6.065050091205604e-03,  1.057717782844625e-02,  1.540495137213234e-02, -3.099056026783599e-03,  5.197927390102478e-03, -3.976907062247923e-02,  2.829095866856478e-02
  1.670000000000000e+00,  6.510167070223295e-02,  8.871243112562257e-01, -3.163269728618619e-01, -2.229456540312347e-02,  1.188417661607289e-01,  1.208429532327130e-01,  0.000000000000000e+00, -1.734723475976807e-18,  0.000000000000000e+00,  8.437619507798299e-03, -3.411155929440804e-02, -6.632256794341133e-02,  1.307831023715915e-02, -3.700724253373303e-02, -6.793038777229186e-02,  1.455489365104031e-02, -3.616523535067574e-02, -6.511670307156246e-02,  1.314862373303610e-02, -3.478927239299337e-02, -5.989128862740906e-02,  1.167204031915149e-02, -3.343384619587135e-02, -5.024436965369052e-02,  9.351694954503685e-03, -2.983991309742284e-02, -3.537203623600421e-02,  0.000000000000000e+00,  0.000000000000000e+00,  0.000000000000000e+00,  0.000000000000000e+00,  0.000000000000000e+00,  0.000000000000000e+00,  0.000000000000000e+00,  0.000000000000000e+00,  0.000000000000000e+00,  0.000000000000000e+00,  0.000000000000000e+00,  0.000000000000000e+00,  0.000000000000000e+00,  0.000000000000000e+00,  0.000000000000000e+00,  0.000000000000000e+00,  0.000000000000000e+00,  0.000000000000000e+00,  0.000000000000000e+00,  0.000000000000000e+00,  0.000000000000000e+00,  0.000000000000000e+00,  0.000000000000000e+00,  0.000000000000000e+00,  0.000000000000000e+00,  0.000000000000000e+00,  0.000000000000000e+00,  0.000000000000000e+00,  0.000000000000000e+00,  0.000000000000000e+00,  0.000000000000000e+00,  0.000000000000000e+00,  0.000000000000000e+00,  1.988156355675421e-02, -4.979361846902812e-03,  7.257303852082526e-03,  2.207707364271812e-02, -9.185845646287966e-03,  1.126133356314091e-02,  2.317482868571828e-02, -9.870032770263241e-03,  1.395154102532135e-02,  2.183312807762721e-02, -9.185845646242582e-03,  1.376385213259044e-02,  2.000353633934257e-02, -5.967632137057106e-03,  1.094851874189193e-02,  1.500265225457168e-02, -3.049278416807790e-03,  5.380414924726280e-03, -3.917753991366871e-02,  2.937368189301823e-02
  1.680000000000000e+00,  7.908156188967420e-02,  8.890403654567850e-01, -3.149354177743864e-01, -2.934747952870554e-02,  1.171819723221797e-01,  1.210215542954447e-01,  0.000000000000000e+00,  4.336808689942017e-18,  0.000000000000000e+00,  9.556211299209621e-03, -3.360629409631986e-02, -6.616252294158145e-02,  1.481212751384287e-02, -3.645908606958238e-02, -6.776646289162813e-02,  1.648446449121615e-02, -3.562955081495506e-02, -6.495956797885025e-02,  1.489176260797238e-02, -3.427396881348755e-02, -5.974676314089369e-02,  1.321942563058713e-02, -3.293861937920379e-02, -5.012312344015978e-02,  1.059146752330036e-02, -2.939792012161338e-02, -3.528667890166598e-02,  0.000000000000000e+00,  0.000000000000000e+00,  0.000000000000000e+00,  0.000000000000000e+00,  0.000000000000000e+00,  0.000000000000000e+00,  0.000000000000000e+00,  0.000000000000000e+00,  0.000000000000000e+00,  0.000000000000000e+00,  0.000000000000000e+00,  0.000000000000000e+00,  0.000000000000000e+00,  0.000000000000000e+00,  0.000000000000000e+00,  0.000000000000000e+00,  0.000000000000000e+00,  0.000000000000000e+00,  0.000000000000000e+00,  0.000000000000000e+00,  0.000000000000000e+00,  0.000000000000000e+00,  0.000000000000000e+00,  0.000000000000000e+00,  0.000000000000000e+00,  0.000000000000000e+00,  0.000000000000000e+00,  0.000000000000000e+00,  0.000000000000000e+00,  0.000000000000000e+00,  0.000000000000000e+00,  0.000000000000000e+00,  0.000000000000000e+00,  1.936510606529042e-02, -4.938284321387369e-03,  7.510180810169247e-03,  2.150358403563027e-02, -9.110066496163027e-03,  1.165372884289468e-02,  2.257282302081818e-02, -9.788609379989620e-03,  1.443767517745028e-02,  2.126597537227480e-02, -9.110066496114760e-03,  1.424344636338937e-02,  1.948391039701114e-02, -5.918401820214108e-03,  1.133001415275938e-02,  1.461293279782604e-02, -3.024123223063104e-03,  5.567892669507298e-03, -3.888800519874402e-02,  3.047435910253244e-02
  1.690000000000000e+00,  9.292848346809936e-02,  8.911339654943928e-01, -3.135342380615342e-01, -3.572031071022921e-02,  1.154858172911506e-01,  1.214585296712674e-01,  0.000000000000000e+00,  0.000000000000000e+00,  0.000000000000000e+00,  1.054990122958017e-02, -3.300049717095082e-02, -6.608049852787420e-02,  1.635234690591095e-02, -3.580186387842348e-02, -6.768245000728630e-02,  1.819857962109414e-02, -3.498728206987705e-02, -6.487903491812046e-02,  1.644026274945292e-02, -3.365613618761476e-02, -5.967269260972704e-02,  1.459403003425029e-02, -3.234485815433909e-02, -5.006098373280298e-02,  1.169280719611088e-02, -2.886798458123965e-02, -3.524293254768412e-02,  0.000000000000000e+00,  0.000000000000000e+00,  0.000000000000000e+00,  0.000000000000000e+00,  0.000000000000000e+00,  0.000000000000000e+00,  0.000000000000000e+00,  0.000000000000000e+00,  0.000000000000000e+00,  0.000000000000000e+00,  0.000000000000000e+00,  0.000000000000000e+00,  0.000000000000000e+00,  0.000000000000000e+00,  0.000000000000000e+00,  0.000000000000000e+00,  0.000000000000000e+00,  0.000000000000000e+00,  0.000000000000000e+00,  0.000000000000000e+00,  0.000000000000000e+00,  0.000000000000000e+00,  0.000000000000000e+00,  0.000000000000000e+00,  0.000000000000000e+00,  0.000000000000000e+00,  0.000000000000000e+00,  0.000000000000000e+00,  0.000000000000000e+00,  0.000000000000000e+00,  0.000000000000000e+00,  0.000000000000000e+00,  0.000000000000000e+00,  1.885811770383320e-02, -4.941561380302260e-03,  7.773126559868063e-03,  2.094060922934982e-02, -9.116111961082973e-03,  1.206174810965478e-02,  2.198185499212495e-02, -9.795105127813640e-03,  1.494316571348801e-02,  2.070922128208435e-02, -9.116111961034224e-03,  1.474213657831411e-02,  1.897381167750639e-02, -5.922329287768196e-03,  1.172669955099670e-02,  1.423035875819745e-02, -3.026130039463699e-03,  5.762835208074341e-03, -3.893201596711897e-02,  3.160724460364153e-02
  1.700000000000000e+00,  1.066068807110773e-01,  8.933562801388658e-01, -3.121411467172474e-01, -4.146633360457000e-02,  1.138521663403178e-01,  1.220296499512497e-01, -8.673617379884035e-19, -2.081668171172169e-17,  0.000000000000000e+00,  1.143301922571793e-02, -3.229452458133171e-02, -6.605144687124768e-02,  1.772117979991616e-02, -3.503596224898708e-02, -6.765269406807861e-02,  1.972195816441905e-02, -3.423880661513899e-02, -6.485051147344223e-02,  1.781645496008855e-02, -3.293613765250572e-02, -5.964645808345573e-02,  1.581567659556099e-02, -3.165291151020801e-02, -5.003897490204687e-02,  1.267159630848316e-02, -2.825041795106602e-02, -3.522743833084057e-02,  0.000000000000000e+00,  0.000000000000000e+00,  0.000000000000000e+00,  0.000000000000000e+00,  0.000000000000000e+00,  0.000000000000000e+00,  0.000000000000000e+00,  0.000000000000000e+00,  0.000000000000000e+00,  0.000000000000000e+00,  0.000000000000000e+00,  0.000000000000000e+00,  0.000000000000000e+00,  0.000000000000000e+00,  0.000000000000000e+00,  0.000000000000000e+00,  0.000000000000000e+00,  0.000000000000000e+00,  0.000000000000000e+00,  0.000000000000000e+00,  0.000000000000000e+00,  0.000000000000000e+00,  0.000000000000000e+00,  0.000000000000000e+00,  0.000000000000000e+00,  0.000000000000000e+00,  0.000000000000000e+00,  0.000000000000000e+00,  0.000000000000000e+00,  0.000000000000000e+00,  0.000000000000000e+00,  0.000000000000000e+00,  0.000000000000000e+00,  1.834784017126542e-02, -4.990251644797243e-03,  8.047744135592557e-03,  2.037398203061230e-02, -9.205934968105426e-03,  1.248787883061973e-02,  2.138705296030073e-02, -9.891618400188134e-03,  1.547109432890907e-02,  2.014885515736299e-02, -9.205934968058781e-03,  1.526296301505335e-02,  1.846040360792553e-02, -5.980683268884316e-03,  1.214099330749166e-02,  1.384530270600804e-02, -3.055947148003176e-03,  5.966430996976440e-03, -3.931685184066110e-02,  3.278033513523912e-02
  1.710000000000000e+00,  1.200937919795028e-01,  8.956647240206089e-01, -3.107726582045556e-01, -4.666841336514978e-02,  1.123275066150029e-01,  1.226579526414787e-01,  0.000000000000000e+00,  6.071532165918825e-18,  0.000000000000000e+00,  1.222424418578825e-02, -3.148530239231925e-02, -6.605781882584914e-02,  1.894757848801540e-02, -3.415804630401349e-02, -6.765922049431297e-02,  2.108682122052717e-02, -3.338086545026671e-02, -6.485676757434114e-02,  1.904944718952147e-02, -3.211083820145789e-02, -5.965221215158110e-02,  1.691020445698271e-02, -3.085976658322623e-02, -5.004380214042554e-02,  1.354853730588542e-02, -2.754253123183699e-02, -3.523083670667930e-02,  0.000000000000000e+00,  0.000000000000000e+00,  0.000000000000000e+00,  0.000000000000000e+00,  0.000000000000000e+00,  0.000000000000000e+00,  0.000000000000000e+00,  0.000000000000000e+00,  0.000000000000000e+00,  0.000000000000000e+00,  0.000000000000000e+00,  0.000000000000000e+00,  0.000000000000000e+00,  0.000000000000000e+00,  0.000000000000000e+00,  0.000000000000000e+00,  0.000000000000000e+00,  0.000000000000000e+00,  0.000000000000000e+00,  0.000000000000000e+00,  0.000000000000000e+00,  0.000000000000000e+00,  0.000000000000000e+00,  0.000000000000000e+00,  0.000000000000000e+00,  0.000000000000000e+00,  0.000000000000000e+00,  0.000000000000000e+00,  0.000000000000000e+00,  0.000000000000000e+00,  0.000000000000000e+00,  0.000000000000000e+00,  0.000000000000000e+00,  1.781953194156527e-02, -5.082723412941333e-03,  8.333655647127257e-03,  1.978733301481669e-02, -9.376525380080269e-03,  1.293153462441958e-02,  2.077123355145449e-02, -1.007491485664362e-02,  1.602073456235036e-02,  1.956868845113061e-02, -9.376525380038503e-03,  1.580520898526543e-02,  1.792885422343715e-02, -6.091508212392981e-03,  1.257232532924592e-02,  1.344664066763453e-02, -3.112575321544485e-03,  6.178399876225984e-03, -4.002872349367141e-02,  3.399401311077043e-02
  1.720000000000000e+00,  1.333801581790051e-01,  8.980259490190819e-01, -3.094433598115450e-01, -5.140717827217564e-02,  1.109074056224248e-01,  1.233294978861794e-01,  0.000000000000000e+00,  6.505213034913027e-18,  0.000000000000000e+00,  1.294105864111550e-02, -3.056704258279711e-02, -6.609287447095122e-02,  2.005864089376264e-02, -3.316183668525370e-02, -6.769512597324349e-02,  2.232332615595457e-02, -3.240732208809256e-02, -6.489118584410049e-02,  2.016648304906643e-02, -3.117433481955825e-02, -5.968386846144168e-02,  1.790179778684816e-02, -2.995975034607488e-02, -5.007035944738115e-02,  1.434300666053612e-02, -2.673926121182390e-02, -3.524953305080435e-02,  0.000000000000000e+00,  0.000000000000000e+00,  0.000000000000000e+00,  0.000000000000000e+00,  0.000000000000000e+00,  0.000000000000000e+00,  0.000000000000000e+00,  0.000000000000000e+00,  0.000000000000000e+00,  0.000000000000000e+00,  0.000000000000000e+00,  0.000000000000000e+00,  0.000000000000000e+00,  0.000000000000000e+00,  0.000000000000000e+00,  0.000000000000000e+00,  0.000000000000000e+00,  0.000000000000000e+00,  0.000000000000000e+00,  0.000000000000000e+00,  0.000000000000000e+00,  0.000000000000000e+00,  0.000000000000000e+00,  0.000000000000000e+00,  0.000000000000000e+00,  0.000000000000000e+00,  0.000000000000000e+00,  0.000000000000000e+00,  0.000000000000000e+00,  0.000000000000000e+00,  0.000000000000000e+00,  0.000000000000000e+00,  0.000000000000000e+00,  1.726026051116287e-02, -5.215419743753921e-03,  8.628574092312878e-03,  1.916630154916354e-02, -9.621321410210614e-03,  1.338916669459510e-02,  2.011932206817299e-02, -1.033794397040095e-02,  1.658768984930726e-02,  1.895451921161342e-02, -9.621321410175384e-03,  1.636453707105437e-02,  1.736615167995947e-02, -6.250541219560469e-03,  1.301724539747877e-02,  1.302461376001685e-02, -3.193836348562259e-03,  6.397046309738148e-03, -4.103890326017492e-02,  3.524095825947787e-02
  1.730000000000000e+00,  1.464693460431822e-01,  9.004159409504403e-01, -3.081651167597820e-01, -5.573448882435782e-02,  1.095458453304132e-01,  1.240833364604409e-01,  0.000000000000000e+00,  6.071532165918825e-18,  0.000000000000000e+00,  1.359524640254232e-02, -2.953287446675861e-02, -6.615894733218289e-02,  2.107263192396512e-02, -3.203987946363879e-02, -6.776280060081635e-02,  2.345180004440581e-02, -3.131089219504812e-02, -6.495605738060690e-02,  2.118592564395323e-02, -3.011962031710516e-02, -5.974353425738676e-02,  1.880675752348911e-02, -2.894612861644348e-02, -5.012041464535038e-02,  1.506806476278524e-02, -2.583459759194987e-02, -3.528477191020631e-02,  0.000000000000000e+00,  0.000000000000000e+00,  0.000000000000000e+00,  0.000000000000000e+00,  0.000000000000000e+00,  0.000000000000000e+00,  0.000000000000000e+00,  0.000000000000000e+00,  0.000000000000000e+00,  0.000000000000000e+00,  0.000000000000000e+00,  0.000000000000000e+00,  0.000000000000000e+00,  0.000000000000000e+00,  0.000000000000000e+00,  0.000000000000000e+00,  0.000000000000000e+00,  0.000000000000000e+00,  0.000000000000000e+00,  0.000000000000000e+00,  0.000000000000000e+00,  0.000000000000000e+00,  0.000000000000000e+00,  0.000000000000000e+00,  0.000000000000000e+00,  0.000000000000000e+00,  0.000000000000000e+00,  0.000000000000000e+00,  0.000000000000000e+00,  0.000000000000000e+00,  0.000000000000000e+00,  0.000000000000000e+00,  0.000000000000000e+00,  1.666182748835156e-02, -5.383723209662618e-03,  8.928554061658963e-03,  1.850178389807554e-02, -9.931804903304677e-03,  1.385465285399534e-02,  1.942176210294369e-02, -1.067155313057073e-02,  1.716437548014023e-02,  1.829734429699800e-02, -9.931804903276874e-03,  1.693346459923243e-02,  1.676404728890512e-02, -6.452248426806152e-03,  1.346980138579251e-02,  1.257303546671569e-02, -3.296902593171149e-03,  6.619445252543860e-03, -4.231064644376594e-02,  3.650683103592379e-02
  1.740000000000000e+00,  1.593736197849797e-01,  9.028176542589449e-01, -3.069463740910410e-01, -5.965983401246234e-02,  1.081693285665880e-01,  1.249829774121090e-01,  0.000000000000000e+00,  3.469446951953614e-18,  0.000000000000000e+00,  1.419062073284782e-02, -2.837698994887092e-02, -6.626225386383468e-02,  2.199546213593112e-02, -3.078587350263045e-02, -6.786861153324289e-02,  2.447882076417537e-02, -3.008541800118699e-02, -6.505748561170582e-02,  2.211371730867869e-02, -2.894077120614361e-02, -5.983682318601178e-02,  1.963035868041531e-02, -2.781320869162218e-02, -5.019867716939233e-02,  1.572793797887814e-02, -2.482345960007893e-02, -3.533986872716213e-02,  0.000000000000000e+00,  0.000000000000000e+00,  0.000000000000000e+00,  0.000000000000000e+00,  0.000000000000000e+00,  0.000000000000000e+00,  0.000000000000000e+00,  0.000000000000000e+00,  0.000000000000000e+00,  0.000000000000000e+00,  0.000000000000000e+00,  0.000000000000000e+00,  0.000000000000000e+00,  0.000000000000000e+00,  0.000000000000000e+00,  0.000000000000000e+00,  0.000000000000000e+00,  0.000000000000000e+00,  0.000000000000000e+00,  0.000000000000000e+00,  0.000000000000000e+00,  0.000000000000000e+00,  0.000000000000000e+00,  0.000000000000000e+00,  0.000000000000000e+00,  0.000000000000000e+00,  0.000000000000000e+00,  0.000000000000000e+00,  0.000000000000000e+00,  0.000000000000000e+00,  0.000000000000000e+00,  0.000000000000000e+00,  0.000000000000000e+00,  1.602221489432616e-02, -5.582576261967926e-03,  9.228446880141966e-03,  1.779153923846083e-02, -1.029864577588308e-02,  1.432000377929830e-02,  1.867620141053205e-02, -1.106571732331735e-02,  1.774089357095244e-02,  1.759494764466910e-02, -1.029864577586235e-02,  1.750222684129137e-02,  1.612051069123118e-02, -6.690568497137229e-03,  1.392222589651162e-02,  1.209038301845058e-02, -3.418676896624799e-03,  6.841779583502879e-03, -4.380423693704490e-02,  3.777192261973936e-02
  1.750000000000000e+00,  1.721097296667670e-01,  9.052175680872045e-01, -3.057916494814477e-01, -6.315353262421680e-02,  1.066925119878190e-01,  1.260844096495433e-01,  0.000000000000000e+00, -2.602085213965210e-18,  0.000000000000000e+00,  1.472348527457895e-02, -2.709707765727291e-02, -6.640742459738647e-02,  2.282140217560878e-02, -2.939731122119719e-02, -6.801730155731106e-02,  2.539801209865670e-02, -2.872844897920820e-02, -6.520001687739362e-02,  2.294409788621091e-02, -2.763543019351764e-02, -5.996791675755785e-02,  2.036748796314846e-02, -2.655872512104556e-02, -5.030865499789420e-02,  1.631852951263607e-02, -2.370382530766609e-02, -3.541729311845398e-02,  0.000000000000000e+00,  0.000000000000000e+00,  0.000000000000000e+00,  0.000000000000000e+00,  0.000000000000000e+00,  0.000000000000000e+00,  0.000000000000000e+00,  0.000000000000000e+00,  0.000000000000000e+00,  0.000000000000000e+00,  0.000000000000000e+00,  0.000000000000000e+00,  0.000000000000000e+00,  0.000000000000000e+00,  0.000000000000000e+00,  0.000000000000000e+00,  0.000000000000000e+00,  0.000000000000000e+00,  0.000000000000000e+00,  0.000000000000000e+00,  0.000000000000000e+00,  0.000000000000000e+00,  0.000000000000000e+00,  0.000000000000000e+00,  0.000000000000000e+00,  0.000000000000000e+00,  0.000000000000000e+00,  0.000000000000000e+00,  0.000000000000000e+00,  0.000000000000000e+00,  0.000000000000000e+00,  0.000000000000000e+00,  0.000000000000000e+00,  1.534532914102031e-02, -5.806727705793525e-03,  9.522602379421612e-03,  1.703990536516529e-02, -1.071215670915320e-02,  1.477645196789830e-02,  1.788719347724000e-02, -1.151002769162054e-02,  1.830638216018044e-02,  1.685161911803793e-02, -1.071215670913867e-02,  1.806010796071088e-02,  1.543947226458903e-02, -6.959208013792454e-03,  1.436599496876882e-02,  1.157960419846084e-02, -3.555943514477561e-03,  7.059860384706022e-03, -4.547911634989597e-02,  3.901399107880126e-02
  1.760000000000000e+00,  1.846947955129108e-01,  9.076025686958769e-01, -3.047013481897473e-01, -6.616269963916523e-02,  1.050325606190926e-01,  1.274135724958156e-01,  0.000000000000000e+00,  3.469446951953613e-18,  0.000000000000000e+00,  1.518518140909494e-02, -2.569658674968062e-02, -6.659418172422162e-02,  2.353703118410477e-02, -2.787793457129826e-02, -6.820858612964967e-02,  2.619443793069392e-02, -2.724364194231946e-02, -6.538337842011856e-02,  2.366357436250037e-02, -2.620711496325572e-02, -6.013656410242440e-02,  2.100616761590090e-02, -2.518605853611775e-02, -5.045013766978050e-02,  1.683024272839730e-02, -2.247871194900486e-02, -3.551689691948225e-02,  0.000000000000000e+00,  0.000000000000000e+00,  0.000000000000000e+00,  0.000000000000000e+00,  0.000000000000000e+00,  0.000000000000000e+00,  0.000000000000000e+00,  0.000000000000000e+00,  0.000000000000000e+00,  0.000000000000000e+00,  0.000000000000000e+00,  0.000000000000000e+00,  0.000000000000000e+00,  0.000000000000000e+00,  0.000000000000000e+00,  0.000000000000000e+00,  0.000000000000000e+00,  0.000000000000000e+00,  0.000000000000000e+00,  0.000000000000000e+00,  0.000000000000000e+00,  0.000000000000000e+00,  0.000000000000000e+00,  0.000000000000000e+00,  0.000000000000000e+00,  0.000000000000000e+00,  0.000000000000000e+00,  0.000000000000000e+00,  0.000000000000000e+00,  0.000000000000000e+00,  0.000000000000000e+00,  0.000000000000000e+00,  0.000000000000000e+00,  1.463930162579546e-02, -6.050744809396355e-03,  9.805680579538371e-03,  1.625591162127092e-02, -1.116231548806739e-02,  1.521571124399219e-02,  1.706421661900973e-02, -1.199371553820807e-02,  1.885057559668905e-02,  1.607628828843964e-02, -1.116231548805761e-02,  1.859698040928598e-02,  1.472911329221361e-02, -7.251655992926730e-03,  1.479305259831041e-02,  1.104683496917289e-02, -3.705375532124776e-03,  7.269728705492892e-03, -4.729408042564485e-02,  4.021168894891030e-02
  1.770000000000000e+00,  1.971435681322370e-01,  9.099579634160888e-01, -3.036721443065717e-01, -6.863054825024302e-02,  1.031189620974449e-01,  1.289582617059385e-01,  0.000000000000000e+00, -1.734723475976807e-18,  0.000000000000000e+00,  1.556534591223007e-02, -2.418563662509747e-02, -6.681668218786302e-02,  2.412628616396198e-02, -2.623872197376705e-02, -6.843648054392790e-02,  2.685022169860064e-02, -2.564172552486466e-02, -6.560183342079452e-02,  2.425599737988818e-02, -2.466614596202362e-02, -6.033748876355025e-02,  2.153206184524250e-02, -2.370512728817982e-02, -5.061869862711409e-02,  1.725159171937737e-02, -2.115697171359082e-02, -3.563556383345992e-02,  0.000000000000000e+00,  0.000000000000000e+00,  0.000000000000000e+00,  0.000000000000000e+00,  0.000000000000000e+00,  0.000000000000000e+00,  0.000000000000000e+00,  0.000000000000000e+00,  0.000000000000000e+00,  0.000000000000000e+00,  0.000000000000000e+00,  0.000000000000000e+00,  0.000000000000000e+00,  0.000000000000000e+00,  0.000000000000000e+00,  0.000000000000000e+00,  0.000000000000000e+00,  0.000000000000000e+00,  0.000000000000000e+00,  0.000000000000000e+00,  0.000000000000000e+00,  0.000000000000000e+00,  0.000000000000000e+00,  0.000000000000000e+00,  0.000000000000000e+00,  0.000000000000000e+00,  0.000000000000000e+00,  0.000000000000000e+00,  0.000000000000000e+00,  0.000000000000000e+00,  0.000000000000000e+00,  0.000000000000000e+00,  0.000000000000000e+00,  1.391413171333742e-02, -6.309080617392038e-03,  1.007337305831647e-02,  1.545066159578459e-02, -1.163888917966438e-02,  1.563109612489270e-02,  1.621892653700870e-02, -1.250578575304313e-02,  1.936519131026002e-02,  1.527993605328954e-02, -1.163888917965796e-02,  1.910467304150966e-02,  1.399949448458596e-02, -7.561264556712893e-03,  1.519689901030144e-02,  1.049962086344766e-02, -3.863576086303010e-03,  7.468190370802083e-03, -4.920771987297542e-02,  4.134766806693878e-02
  1.780000000000000e+00,  2.094677491891593e-01,  9.122668149325736e-01, -3.026979270207518e-01, -7.051146690819138e-02,  1.008945244300566e-01,  1.306725863648490e-01,  0.000000000000000e+00, -6.071532165918825e-18,  0.000000000000000e+00,  1.585468097031940e-02, -2.257906588346183e-02, -6.706467643215228e-02,  2.457475550363328e-02, -2.449577165681442e-02, -6.869048676984994e-02,  2.734932467318752e-02, -2.393843168016157e-02, -6.584531867855023e-02,  2.470687784471929e-02, -2.302765659637362e-02, -6.056143508040364e-02,  2.193230867481589e-02, -2.213047517055435e-02, -5.080657305342278e-02,  1.757227140795384e-02, -1.975158502631457e-02, -3.576782742892366e-02,  0.000000000000000e+00,  0.000000000000000e+00,  0.000000000000000e+00,  0.000000000000000e+00,  0.000000000000000e+00,  0.000000000000000e+00,  0.000000000000000e+00,  0.000000000000000e+00,  0.000000000000000e+00,  0.000000000000000e+00,  0.000000000000000e+00,  0.000000000000000e+00,  0.000000000000000e+00,  0.000000000000000e+00,  0.000000000000000e+00,  0.000000000000000e+00,  0.000000000000000e+00,  0.000000000000000e+00,  0.000000000000000e+00,  0.000000000000000e+00,  0.000000000000000e+00,  0.000000000000000e+00,  0.000000000000000e+00,  0.000000000000000e+00,  0.000000000000000e+00,  0.000000000000000e+00,  0.000000000000000e+00,  0.000000000000000e+00,  0.000000000000000e+00,  0.000000000000000e+00,  0.000000000000000e+00,  0.000000000000000e+00,  0.000000000000000e+00,  1.317967100026688e-02, -6.576505116235139e-03,  1.032287454720753e-02,  1.463509479150981e-02, -1.213222954011368e-02,  1.601825360539040e-02,  1.536280668710128e-02, -1.303587146440014e-02,  1.984483641038629e-02,  1.447338103683089e-02, -1.213222953994396e-02,  1.957786551686158e-02,  1.326052787750720e-02, -7.881765673438125e-03,  1.557330211602850e-02,  9.945395908359446e-03, -4.027342403536968e-03,  7.653165612105685e-03, -5.118150398987760e-02,  4.241059874039086e-02
  1.790000000000000e+00,  2.216769453681121e-01,  9.145103939915404e-01, -3.017710467622123e-01, -7.178002815513573e-02,  9.831044785257652e-02,  1.324899000446509e-01,  0.000000000000000e+00,  6.071532165918825e-18,  0.000000000000000e+00,  1.604680296740823e-02, -2.089487082916503e-02, -6.732580052209772e-02,  2.487254459914193e-02, -2.266860760633303e-02, -6.895794114078702e-02,  2.768073511822219e-02, -2.215284017466205e-02, -6.610169505786816e-02,  2.500626795694388e-02, -2.131000071316453e-02, -6.079723804670738e-02,  2.219807743758023e-02, -2.047974094512585e-02, -5.100439433405766e-02,  1.778520662152629e-02, -1.827829459047204e-02, -3.590709361069266e-02,  0.000000000000000e+00,  0.000000000000000e+00,  0.000000000000000e+00,  0.000000000000000e+00,  0.000000000000000e+00,  0.000000000000000e+00,  0.000000000000000e+00,  0.000000000000000e+00,  0.000000000000000e+00,  0.000000000000000e+00,  0.000000000000000e+00,  0.000000000000000e+00,  0.000000000000000e+00,  0.000000000000000e+00,  0.000000000000000e+00,  0.000000000000000e+00,  0.000000000000000e+00,  0.000000000000000e+00,  0.000000000000000e+00,  0.000000000000000e+00,  0.000000000000000e+00,  0.000000000000000e+00,  0.000000000000000e+00,  0.000000000000000e+00,  0.000000000000000e+00,  0.000000000000000e+00,  0.000000000000000e+00,  0.000000000000000e+00,  0.000000000000000e+00,  0.000000000000000e+00,  0.000000000000000e+00,  0.000000000000000e+00,  0.000000000000000e+00,  1.244365539735016e-02, -6.847898008568239e-03,  1.055289490446235e-02,  1.381780139200491e-02, -1.263289072828172e-02,  1.637518174660636e-02,  1.450487438930148e-02, -1.357382327902355e-02,  2.028703071887186e-02,  1.366511850362388e-02, -1.263289072816431e-02,  2.001411102302040e-02,  1.251999684144242e-02, -8.207022804018721e-03,  1.592031558674795e-02,  9.389997631249970e-03, -4.193538899139964e-03,  7.823697946072808e-03, -5.317791717517617e-02,  4.339540732366825e-02
  1.800000000000000e+00,  2.337797431993958e-01,  9.166691739812768e-01, -3.008834744065219e-01, -7.243440054777697e-02,  9.532710948215452e-02,  1.343379121754301e-01,  0.000000000000000e+00,  5.204170427930421e-18,  0.000000000000000e+00,  1.613907303367457e-02, -1.915026856935162e-02, -6.758801262376724e-02,  2.501556320188144e-02, -2.077590846594334e-02, -6.922650989948072e-02,  2.783990098258863e-02, -2.030320466620822e-02, -6.635913966684438e-02,  2.515005547695731e-02, -1.953073748129040e-02, -6.103402352049280e-02,  2.232571769601820e-02, -1.876979965734637e-02, -5.120303986588017e-02,  1.788747261174662e-02, -1.675216148780208e-02, -3.604694006523523e-02,  0.000000000000000e+00,  0.000000000000000e+00,  0.000000000000000e+00,  0.000000000000000e+00,  0.000000000000000e+00,  0.000000000000000e+00,  0.000000000000000e+00,  0.000000000000000e+00,  0.000000000000000e+00,  0.000000000000000e+00,  0.000000000000000e+00,  0.000000000000000e+00,  0.000000000000000e+00,  0.000000000000000e+00,  0.000000000000000e+00,  0.000000000000000e+00,  0.000000000000000e+00,  0.000000000000000e+00,  0.000000000000000e+00,  0.000000000000000e+00,  0.000000000000000e+00,  0.000000000000000e+00,  0.000000000000000e+00,  0.000000000000000e+00,  0.000000000000000e+00,  0.000000000000000e+00,  0.000000000000000e+00,  0.000000000000000e+00,  0.000000000000000e+00,  0.000000000000000e+00,  0.000000000000000e+00,  0.000000000000000e+00,  0.000000000000000e+00,  1.171181565006882e-02, -7.119310135408127e-03,  1.076371967911811e-02,  1.300514498555149e-02, -1.313358739994458e-02,  1.670232363877381e-02,  1.365180965326361e-02, -1.411181322004175e-02,  2.069232317431169e-02,  1.286144172597827e-02, -1.313358739986283e-02,  2.041395111361008e-02,  1.178366727976367e-02, -8.532302986616848e-03,  1.623837020419845e-02,  8.837750459948380e-03, -4.359747173620667e-03,  7.979999072209169e-03, -5.516837466452462e-02,  4.430340968244218e-02
  1.810000000000000e+00,  2.457841531826266e-01,  9.187240556604277e-01, -3.000280222538421e-01, -7.249710622293025e-02,  9.192444888627230e-02,  1.361537090002170e-01,  0.000000000000000e+00,  0.000000000000000e+00,  0.000000000000000e+00,  1.613298762616817e-02, -1.736383587857123e-02, -6.784242626812631e-02,  2.500613082027456e-02, -1.883782796697441e-02, -6.948709114734718e-02,  2.782940365469330e-02, -1.840922033841225e-02, -6.660892760861928e-02,  2.514057238366158e-02, -1.770881275028980e-02, -6.126376675095655e-02,  2.231729954905025e-02, -1.701885900677169e-02, -5.139577747541238e-02,  1.788072795184685e-02, -1.518943620199898e-02, -3.618262734244018e-02,  0.000000000000000e+00,  0.000000000000000e+00,  0.000000000000000e+00,  0.000000000000000e+00,  0.000000000000000e+00,  0.000000000000000e+00,  0.000000000000000e+00,  0.000000000000000e+00,  0.000000000000000e+00,  0.000000000000000e+00,  0.000000000000000e+00,  0.000000000000000e+00,  0.000000000000000e+00,  0.000000000000000e+00,  0.000000000000000e+00,  0.000000000000000e+00,  0.000000000000000e+00,  0.000000000000000e+00,  0.000000000000000e+00,  0.000000000000000e+00,  0.000000000000000e+00,  0.000000000000000e+00,  0.000000000000000e+00,  0.000000000000000e+00,  0.000000000000000e+00,  0.000000000000000e+00,  0.000000000000000e+00,  0.000000000000000e+00,  0.000000000000000e+00,  0.000000000000000e+00,  0.000000000000000e+00,  0.000000000000000e+00,  0.000000000000000e+00,  1.098728613765456e-02, -7.387278663392690e-03,  1.095705157131525e-02,  1.220060607915371e-02, -1.362793137651185e-02,  1.700232140284733e-02,  1.280726604987664e-02, -1.464297729970295e-02,  2.106398707101407e-02,  1.206579275225528e-02, -1.362793137645404e-02,  2.078061504759182e-02,  1.105469280102062e-02, -8.853456107974033e-03,  1.653003469709312e-02,  8.291019600861597e-03, -4.523846645399430e-03,  8.123331337181355e-03, -5.712786827766014e-02,  4.514185636256783e-02
  1.820000000000000e+00,  2.576976942859261e-01,  9.206574986817369e-01, -2.991990999764101e-01, -7.201163626963866e-02,  8.810874824865172e-02,  1.378952183044633e-01,  0.000000000000000e+00,  1.734723475976807e-18,  0.000000000000000e+00,  1.603374481483389e-02, -1.555551108448468e-02, -6.808551311253645e-02,  2.485230446273269e-02, -1.687599697423301e-02, -6.973607100617134e-02,  2.765820980518814e-02, -1.649202589988861e-02, -6.684759469224684e-02,  2.498591900272102e-02, -1.586456097353667e-02, -6.148328153779358e-02,  2.218001366010247e-02, -1.524646119534493e-02, -5.157993417583421e-02,  1.777073383601849e-02, -1.360756026833493e-02, -3.631227365959967e-02,  0.000000000000000e+00,  0.000000000000000e+00,  0.000000000000000e+00,  0.000000000000000e+00,  0.000000000000000e+00,  0.000000000000000e+00,  0.000000000000000e+00,  0.000000000000000e+00,  0.000000000000000e+00,  0.000000000000000e+00,  0.000000000000000e+00,  0.000000000000000e+00,  0.000000000000000e+00,  0.000000000000000e+00,  0.000000000000000e+00,  0.000000000000000e+00,  0.000000000000000e+00,  0.000000000000000e+00,  0.000000000000000e+00,  0.000000000000000e+00,  0.000000000000000e+00,  0.000000000000000e+00,  0.000000000000000e+00,  0.000000000000000e+00,  0.000000000000000e+00,  0.000000000000000e+00,  0.000000000000000e+00,  0.000000000000000e+00,  0.000000000000000e+00,  0.000000000000000e+00,  0.000000000000000e+00,  0.000000000000000e+00,  0.000000000000000e+00,  1.027141285658933e-02, -7.648761131095270e-03,  1.113597684368160e-02,  1.140567930694520e-02, -1.411030997469266e-02,  1.727996406708364e-02,  1.197281253209920e-02, -1.516128478658348e-02,  2.140795548288705e-02,  1.127964970129327e-02, -1.411030997465080e-02,  2.111995608173732e-02,  1.033442765934048e-02, -9.166835859363313e-03,  1.679996506513180e-02,  7.750820744581242e-03, -4.683974161680620e-03,  8.255982832257409e-03, -5.903447095837432e-02,  4.592378586914423e-02
  1.830000000000000e+00,  2.695273531775765e-01,  9.224543077876567e-01, -2.983928315772687e-01, -7.103576090227270e-02,  8.390778362917167e-02,  1.395456794258930e-01,  0.000000000000000e+00, -6.071532165918823e-18,  0.000000000000000e+00,  1.584910290717483e-02, -1.374546664125338e-02, -6.831988759277462e-02,  2.456610950588368e-02, -1.491230035370227e-02, -6.997612729199273e-02,  2.733970251451456e-02, -1.457300828126749e-02, -6.707770781831354e-02,  2.469818536332899e-02, -1.401855538242590e-02, -6.169492879574810e-02,  2.192459235455678e-02, -1.347237789999065e-02, -5.175749060032909e-02,  1.756608905508066e-02, -1.202418002991262e-02, -3.643727338248539e-02,  0.000000000000000e+00,  0.000000000000000e+00,  0.000000000000000e+00,  0.000000000000000e+00,  0.000000000000000e+00,  0.000000000000000e+00,  0.000000000000000e+00,  0.000000000000000e+00,  0.000000000000000e+00,  0.000000000000000e+00,  0.000000000000000e+00,  0.000000000000000e+00,  0.000000000000000e+00,  0.000000000000000e+00,  0.000000000000000e+00,  0.000000000000000e+00,  0.000000000000000e+00,  0.000000000000000e+00,  0.000000000000000e+00,  0.000000000000000e+00,  0.000000000000000e+00,  0.000000000000000e+00,  0.000000000000000e+00,  0.000000000000000e+00,  0.000000000000000e+00,  0.000000000000000e+00,  0.000000000000000e+00,  0.000000000000000e+00,  0.000000000000000e+00,  0.000000000000000e+00,  0.000000000000000e+00,  0.000000000000000e+00,  0.000000000000000e+00,  9.564850966790940e-03, -7.900888246589863e-03,  1.130476477765379e-02,  1.062109217779449e-02, -1.457542997147004e-02,  1.754187637857040e-02,  1.114921278327467e-02, -1.566104820381541e-02,  2.173243573549907e-02,  1.050373204318838e-02, -1.457542997143873e-02,  2.144007112916511e-02,  9.623531034026462e-03, -9.469003471076057e-03,  1.705460203465444e-02,  7.217648275581991e-03, -4.838372615791136e-03,  8.381118714371171e-03, -6.086751220428437e-02,  4.666715347857010e-02
  1.840000000000000e+00,  2.812793871736861e-01,  9.241019375596455e-01, -2.976067784829880e-01, -6.963488547301758e-02,  7.935896546011297e-02,  1.411088058453850e-01,  0.000000000000000e+00,  2.602085213965211e-18,  0.000000000000000e+00,  1.558822191403580e-02, -1.195265240183493e-02, -6.855300695940496e-02,  2.416174397996522e-02, -1.296729658561807e-02, -7.021489803598739e-02,  2.688968281960067e-02, -1.267225820695399e-02, -6.730658864588264e-02,  2.429164582919066e-02, -1.219012231958829e-02, -6.190544263690197e-02,  2.156370699142373e-02, -1.171518248997554e-02, -5.193409616301631e-02,  1.727694596373217e-02, -1.045587233311152e-02, -3.656160368864354e-02,  0.000000000000000e+00,  0.000000000000000e+00,  0.000000000000000e+00,  0.000000000000000e+00,  0.000000000000000e+00,  0.000000000000000e+00,  0.000000000000000e+00,  0.000000000000000e+00,  0.000000000000000e+00,  0.000000000000000e+00,  0.000000000000000e+00,  0.000000000000000e+00,  0.000000000000000e+00,  0.000000000000000e+00,  0.000000000000000e+00,  0.000000000000000e+00,  0.000000000000000e+00,  0.000000000000000e+00,  0.000000000000000e+00,  0.000000000000000e+00,  0.000000000000000e+00,  0.000000000000000e+00,  0.000000000000000e+00,  0.000000000000000e+00,  0.000000000000000e+00,  0.000000000000000e+00,  0.000000000000000e+00,  0.000000000000000e+00,  0.000000000000000e+00,  0.000000000000000e+00,  0.000000000000000e+00,  0.000000000000000e+00,  0.000000000000000e+00,  8.868204817882834e-03, -8.140711316391599e-03,  1.146838234325093e-02,  9.847515778842093e-03, -1.501785166394248e-02,  1.779576568039829e-02,  1.033717126024589e-02, -1.613642268380091e-02,  2.204697636395041e-02,  9.738703451457977e-03, -1.501785166278565e-02,  2.175038026884765e-02,  8.922610984407914e-03, -9.756425010786388e-03,  1.730143885155426e-02,  6.691958238857541e-03, -4.985236275639840e-03,  8.502421384800457e-03, -6.260565034381310e-02,  4.739277749677245e-02
  1.850000000000000e+00,  2.929594569900232e-01,  9.255909753870292e-01, -2.968396402689613e-01, -6.787359472576515e-02,  7.450186770891695e-02,  1.426060849929441e-01,  0.000000000000000e+00, -8.673617379884037e-19,  0.000000000000000e+00,  1.526002552229716e-02, -1.018862438551182e-02, -6.879604642363711e-02,  2.365303955935560e-02, -1.105352266264706e-02, -7.046382936723898e-02,  2.632354402565379e-02, -1.080202741892124e-02, -6.754520921589953e-02,  2.378020643861895e-02, -1.039104738650509e-02, -6.212491464911528e-02,  2.110970197220681e-02, -9.986201384428902e-03, -5.211821698742180e-02,  1.691319495357363e-02, -8.912746075911153e-03, -3.669122475904383e-02,  0.000000000000000e+00,  0.000000000000000e+00,  0.000000000000000e+00,  0.000000000000000e+00,  0.000000000000000e+00,  0.000000000000000e+00,  0.000000000000000e+00,  0.000000000000000e+00,  0.000000000000000e+00,  0.000000000000000e+00,  0.000000000000000e+00,  0.000000000000000e+00,  0.000000000000000e+00,  0.000000000000000e+00,  0.000000000000000e+00,  0.000000000000000e+00,  0.000000000000000e+00,  0.000000000000000e+00,  0.000000000000000e+00,  0.000000000000000e+00,  0.000000000000000e+00,  0.000000000000000e+00,  0.000000000000000e+00,  0.000000000000000e+00,  0.000000000000000e+00,  0.000000000000000e+00,  0.000000000000000e+00,  0.000000000000000e+00,  0.000000000000000e+00,  0.000000000000000e+00,  0.000000000000000e+00,  0.000000000000000e+00,  0.000000000000000e+00,  8.184819467746724e-03, -8.366833411039571e-03,  1.163229473509735e-02,  9.088664562305762e-03, -1.543499802293300e-02,  1.805011251960951e-02,  9.540587109567076e-03, -1.658463925497893e-02,  2.236208384362271e-02,  8.988237329536056e-03, -1.543499802291370e-02,  2.206124863494712e-02,  8.235033084075138e-03, -1.002742630176627e-02,  1.754872050513592e-02,  6.176274813101880e-03, -5.123709688515842e-03,  8.623942648374128e-03, -6.423949852904967e-02,  4.812307963904935e-02
  1.860000000000000e+00,  3.045729043600274e-01,  9.269144576695136e-01, -2.960909445255015e-01, -6.580986528060596e-02,  6.936718499703014e-02,  1.440621641687410e-01,  0.000000000000000e+00, -6.071532165918825e-18,  0.000000000000000e+00,  1.487261384095503e-02, -8.464563141508685e-03, -6.906021974969123e-02,  2.305255145328673e-02, -9.183108236583656e-03, -7.073440689513549e-02,  2.565525887535690e-02, -8.974169591897153e-03, -6.780457939057209e-02,  2.317648990188010e-02, -8.632733270105573e-03, -6.236347116780456e-02,  2.057378247970464e-02, -8.296393012823516e-03, -5.231834829505778e-02,  1.648381367344096e-02, -7.404581724594081e-03, -3.683211719963210e-02,  0.000000000000000e+00,  0.000000000000000e+00,  0.000000000000000e+00,  0.000000000000000e+00,  0.000000000000000e+00,  0.000000000000000e+00,  0.000000000000000e+00,  0.000000000000000e+00,  0.000000000000000e+00,  0.000000000000000e+00,  0.000000000000000e+00,  0.000000000000000e+00,  0.000000000000000e+00,  0.000000000000000e+00,  0.000000000000000e+00,  0.000000000000000e+00,  0.000000000000000e+00,  0.000000000000000e+00,  0.000000000000000e+00,  0.000000000000000e+00,  0.000000000000000e+00,  0.000000000000000e+00,  0.000000000000000e+00,  0.000000000000000e+00,  0.000000000000000e+00,  0.000000000000000e+00,  0.000000000000000e+00,  0.000000000000000e+00,  0.000000000000000e+00,  0.000000000000000e+00,  0.000000000000000e+00,  0.000000000000000e+00,  0.000000000000000e+00,  7.517437423262111e-03, -8.576970129918331e-03,  1.180104370109020e-02,  8.347583887146480e-03, -1.582265481984474e-02,  1.831196436344810e-02,  8.762657119071777e-03, -1.700116979952422e-02,  2.268648918350823e-02,  8.255345391121811e-03, -1.582265481982906e-02,  2.238128977743867e-02,  7.563556671222204e-03, -1.027926954500621e-02,  1.780329868665480e-02,  5.672667503457019e-03, -5.252393921792309e-03,  8.749049640414742e-03, -6.575266598207460e-02,  4.887668487824968e-02
  1.870000000000000e+00,  3.161253062016771e-01,  9.280682600844768e-01, -2.953606725714957e-01, -6.348518004406753e-02,  6.398154652321103e-02,  1.455100697425099e-01,  0.000000000000000e+00,  0.000000000000000e+00,  0.000000000000000e+00,  1.443132229746582e-02, -6.783902769337866e-03, -6.935741100977787e-02,  2.236854956088782e-02, -7.359778922526146e-03, -7.103880279182868e-02,  2.489403096285295e-02, -7.192325572998821e-03, -6.809636717320240e-02,  2.248881057995835e-02, -6.918682294515282e-03, -6.263184388146482e-02,  1.996332917789497e-02, -6.649123244073732e-03, -5.254349318907617e-02,  1.599471554609114e-02, -5.934383337619241e-03, -3.699061920503013e-02,  0.000000000000000e+00,  0.000000000000000e+00,  0.000000000000000e+00,  0.000000000000000e+00,  0.000000000000000e+00,  0.000000000000000e+00,  0.000000000000000e+00,  0.000000000000000e+00,  0.000000000000000e+00,  0.000000000000000e+00,  0.000000000000000e+00,  0.000000000000000e+00,  0.000000000000000e+00,  0.000000000000000e+00,  0.000000000000000e+00,  0.000000000000000e+00,  0.000000000000000e+00,  0.000000000000000e+00,  0.000000000000000e+00,  0.000000000000000e+00,  0.000000000000000e+00,  0.000000000000000e+00,  0.000000000000000e+00,  0.000000000000000e+00,  0.000000000000000e+00,  0.000000000000000e+00,  0.000000000000000e+00,  0.000000000000000e+00,  0.000000000000000e+00,  0.000000000000000e+00,  0.000000000000000e+00,  0.000000000000000e+00,  0.000000000000000e+00,  6.871831468301041e-03, -8.770568642854097e-03,  1.197857418331372e-02,  7.630684023052566e-03, -1.617980220375711e-02,  1.858744269797825e-02,  8.010110300412432e-03, -1.738491850582567e-02,  2.302777623130311e-02,  7.546367072489945e-03, -1.617980220374415e-02,  2.271798551966115e-02,  6.913989943533953e-03, -1.051129219028282e-02,  1.807112484523361e-02,  5.185492457686416e-03, -5.370950432684005e-03,  8.880667066900164e-03, -6.714207531588491e-02,  4.966919983644429e-02
  1.880000000000000e+00,  3.276220674000336e-01,  9.290499712907865e-01, -2.946489885053830e-01, -6.092552761721255e-02,  5.836882471660999e-02,  1.469775491501616e-01,  0.000000000000000e+00,  2.602085213965211e-18,  0.000000000000000e+00,  1.393917515963230e-02, -5.147880598092697e-03, -6.969724808535156e-02,  2.160572149725480e-02, -5.584877084728765e-03, -7.138687834195986e-02,  2.404507715010434e-02, -5.457807184341456e-03, -6.843002539285568e-02,  2.172188129018248e-02, -5.250156371524833e-03, -6.293872705880581e-02,  1.928252563724133e-02, -5.045604824575724e-03, -5.280094551906715e-02,  1.544925246834211e-02, -4.503233298594552e-03, -3.717186564535171e-02,  0.000000000000000e+00,  0.000000000000000e+00,  0.000000000000000e+00,  0.000000000000000e+00,  0.000000000000000e+00,  0.000000000000000e+00,  0.000000000000000e+00,  0.000000000000000e+00,  0.000000000000000e+00,  0.000000000000000e+00,  0.000000000000000e+00,  0.000000000000000e+00,  0.000000000000000e+00,  0.000000000000000e+00,  0.000000000000000e+00,  0.000000000000000e+00,  0.000000000000000e+00,  0.000000000000000e+00,  0.000000000000000e+00,  0.000000000000000e+00,  0.000000000000000e+00,  0.000000000000000e+00,  0.000000000000000e+00,  0.000000000000000e+00,  0.000000000000000e+00,  0.000000000000000e+00,  0.000000000000000e+00,  0.000000000000000e+00,  0.000000000000000e+00,  0.000000000000000e+00,  0.000000000000000e+00,  0.000000000000000e+00,  0.000000000000000e+00,  6.253888841244452e-03, -8.947321237166987e-03,  1.216769208929653e-02,  6.944502332889077e-03, -1.650587251132928e-02,  1.888090151764781e-02,  7.289809078696663e-03, -1.773527542941101e-02,  2.339133910235241e-02,  6.867767500452465e-03, -1.650587251131861e-02,  2.307665741038543e-02,  6.292256257418341e-03, -1.072312545217100e-02,  1.835643203103073e-02,  4.719192193095741e-03, -5.479190783061524e-03,  9.020875169619890e-03, -6.840637763700248e-02,  5.051138084905596e-02
  1.890000000000000e+00,  3.390677832190055e-01,  9.298579488802711e-01, -2.939561263688027e-01, -5.814660166304034e-02,  5.255582640061542e-02,  1.484757074706651e-01,  0.000000000000000e+00,  0.000000000000000e+00,  0.000000000000000e+00,  1.339776408240813e-02, -3.556038416800898e-03, -7.008476811888500e-02,  2.076653432756772e-02, -3.857905615321735e-03, -7.178379280054720e-02,  2.311114304190897e-02, -3.770128628500782e-03, -6.881049960759751e-02,  2.087818236152480e-02, -3.626688186633006e-03, -6.328866939212359e-02,  1.853357364709927e-02, -3.485388646886964e-03, -5.309452130205873e-02,  1.484918852443722e-02, -3.110730776368870e-03, -3.737854299658616e-02,  0.000000000000000e+00,  0.000000000000000e+00,  0.000000000000000e+00,  0.000000000000000e+00,  0.000000000000000e+00,  0.000000000000000e+00,  0.000000000000000e+00,  0.000000000000000e+00,  0.000000000000000e+00,  0.000000000000000e+00,  0.000000000000000e+00,  0.000000000000000e+00,  0.000000000000000e+00,  0.000000000000000e+00,  0.000000000000000e+00,  0.000000000000000e+00,  0.000000000000000e+00,  0.000000000000000e+00,  0.000000000000000e+00,  0.000000000000000e+00,  0.000000000000000e+00,  0.000000000000000e+00,  0.000000000000000e+00,  0.000000000000000e+00,  0.000000000000000e+00,  0.000000000000000e+00,  0.000000000000000e+00,  0.000000000000000e+00,  0.000000000000000e+00,  0.000000000000000e+00,  0.000000000000000e+00,  0.000000000000000e+00,  0.000000000000000e+00,  5.669060274821025e-03, -9.107413556104990e-03,  1.237021410350599e-02,  6.295091470790728e-03, -1.680120821420194e-02,  1.919515981559953e-02,  6.608107068762249e-03, -1.805260855015355e-02,  2.378067021593992e-02,  6.225532448988024e-03, -1.680120821419332e-02,  2.346075088567644e-02,  5.703839785682541e-03, -1.091499181914382e-02,  1.866196093182393e-02,  4.277879839289697e-03, -5.577228657763918e-03,  9.171020800852223e-03, -6.954781762435727e-02,  5.140981969058240e-02
  1.900000000000000e+00,  3.504658778656856e-01,  9.304907364758535e-01, -2.932824374840455e-01, -5.516183534080622e-02,  4.657533448499478e-02,  1.499921920409055e-01,  4.336808689942018e-19,  8.673617379884035e-18,  0.000000000000000e+00,  1.280858169042224e-02, -2.007088947890943e-03, -7.051905397953283e-02,  1.985330162000320e-02, -2.177467961515162e-03, -7.222860680327013e-02,  2.209480341575444e-02, -2.127925127750510e-03, -6.923688936168905e-02,  1.996003980070123e-02, -2.046964887217470e-03, -6.368084268447399e-02,  1.771853800487486e-02, -1.967213008487264e-03, -5.342352574195877e-02,  1.419617804000959e-02, -1.755749693693057e-03, -3.761016212228529e-02,  0.000000000000000e+00,  0.000000000000000e+00,  0.000000000000000e+00,  0.000000000000000e+00,  0.000000000000000e+00,  0.000000000000000e+00,  0.000000000000000e+00,  0.000000000000000e+00,  0.000000000000000e+00,  0.000000000000000e+00,  0.000000000000000e+00,  0.000000000000000e+00,  0.000000000000000e+00,  0.000000000000000e+00,  0.000000000000000e+00,  0.000000000000000e+00,  0.000000000000000e+00,  0.000000000000000e+00,  0.000000000000000e+00,  0.000000000000000e+00,  0.000000000000000e+00,  0.000000000000000e+00,  0.000000000000000e+00,  0.000000000000000e+00,  0.000000000000000e+00,  0.000000000000000e+00,  0.000000000000000e+00,  0.000000000000000e+00,  0.000000000000000e+00,  0.000000000000000e+00,  0.000000000000000e+00,  0.000000000000000e+00,  0.000000000000000e+00,  5.121673186801864e-03, -9.251446659342881e-03,  1.258709474664856e-02,  5.687256728883952e-03, -1.706691813747491e-02,  1.953169874465647e-02,  5.970048499913414e-03, -1.833810928150546e-02,  2.419760455584112e-02,  5.624414113072851e-03, -1.706691813746829e-02,  2.387207624342906e-02,  5.153094494673120e-03, -1.108761164516285e-02,  1.898915155730217e-02,  3.864820871027990e-03, -5.665432135744036e-03,  9.331811622500468e-03, -7.057159851604987e-02,  5.236758114333070e-02
  1.910000000000000e+00,  3.618186745820635e-01,  9.309470506197953e-01, -2.926286582274021e-01, -5.199111972685894e-02,  4.046738237668281e-02,  1.514928854050097e-01,  0.000000000000000e+00, -3.469446951953614e-18,  0.000000000000000e+00,  1.217449657074472e-02, -4.999569013046198e-04, -7.099369464852173e-02,  1.887046968452176e-02, -5.423975533603850e-04, -7.271475391271914e-02,  2.100100658433935e-02, -5.300566545216013e-04, -6.970290020033612e-02,  1.897192382256514e-02, -5.098898198416913e-04, -6.410945759163342e-02,  1.684138692268402e-02, -4.900239826976816e-04, -5.378310200636468e-02,  1.349340036573087e-02, -4.373494145323765e-04, -3.786330381243896e-02,  0.000000000000000e+00,  0.000000000000000e+00,  0.000000000000000e+00,  0.000000000000000e+00,  0.000000000000000e+00,  0.000000000000000e+00,  0.000000000000000e+00,  0.000000000000000e+00,  0.000000000000000e+00,  0.000000000000000e+00,  0.000000000000000e+00,  0.000000000000000e+00,  0.000000000000000e+00,  0.000000000000000e+00,  0.000000000000000e+00,  0.000000000000000e+00,  0.000000000000000e+00,  0.000000000000000e+00,  0.000000000000000e+00,  0.000000000000000e+00,  0.000000000000000e+00,  0.000000000000000e+00,  0.000000000000000e+00,  0.000000000000000e+00,  0.000000000000000e+00,  0.000000000000000e+00,  0.000000000000000e+00,  0.000000000000000e+00,  0.000000000000000e+00,  0.000000000000000e+00,  0.000000000000000e+00,  0.000000000000000e+00,  0.000000000000000e+00,  4.614240451101812e-03, -9.380098720454644e-03,  1.281849554612391e-02,  5.123788476362645e-03, -1.730425336471348e-02,  1.989076895078261e-02,  5.378562488983702e-03, -1.859312189118728e-02,  2.464245264455592e-02,  5.067172029092190e-03, -1.730425336470880e-02,  2.431093982871018e-02,  4.642548674709555e-03, -1.124179770313750e-02,  1.933824759104113e-02,  3.481911506050067e-03, -5.744216519224454e-03,  9.503367387636123e-03, -7.148325459180591e-02,  5.338461159395089e-02
  1.920000000000000e+00,  3.731278369313461e-01,  9.312259166943868e-01, -2.919962943628990e-01, -4.866918405450276e-02,  3.427953897717650e-02,  1.529277003726525e-01,  0.000000000000000e+00, -8.673617379884035e-19,  0.000000000000000e+00,  1.150120457111883e-02,  9.651016686658530e-04, -7.149805431414624e-02,  1.782686708512669e-02,  1.047027818754518e-03, -7.323134047932957e-02,  1.983957788502267e-02,  1.023205321222760e-03, -7.019808969022842e-02,  1.792271045651781e-02,  9.842758740303912e-04, -6.456490965333500e-02,  1.590999965657287e-02,  9.459274633605631e-04, -5.416519266216711e-02,  1.274716839951761e-02,  8.442460714157294e-04, -3.813229563413778e-02,  0.000000000000000e+00,  0.000000000000000e+00,  0.000000000000000e+00,  0.000000000000000e+00,  0.000000000000000e+00,  0.000000000000000e+00,  0.000000000000000e+00,  0.000000000000000e+00,  0.000000000000000e+00,  0.000000000000000e+00,  0.000000000000000e+00,  0.000000000000000e+00,  0.000000000000000e+00,  0.000000000000000e+00,  0.000000000000000e+00,  0.000000000000000e+00,  0.000000000000000e+00,  0.000000000000000e+00,  0.000000000000000e+00,  0.000000000000000e+00,  0.000000000000000e+00,  0.000000000000000e+00,  0.000000000000000e+00,  0.000000000000000e+00,  0.000000000000000e+00,  0.000000000000000e+00,  0.000000000000000e+00,  0.000000000000000e+00,  0.000000000000000e+00,  0.000000000000000e+00,  0.000000000000000e+00,  0.000000000000000e+00,  0.000000000000000e+00,  4.146727124214874e-03, -9.493706762591479e-03,  1.306377973498044e-02,  4.604647910928585e-03, -1.751383563073874e-02,  2.027138234732739e-02,  4.833608304278752e-03, -1.881831442254467e-02,  2.511399035251031e-02,  4.553767823502475e-03, -1.751383563073594e-02,  2.477613398005650e-02,  4.172167167908434e-03, -1.137795390630999e-02,  1.970828839324064e-02,  3.129125375943440e-03, -5.813788195580274e-03,  9.685216010415153e-03, -7.228538432235607e-02,  5.445783243472819e-02
  1.930000000000000e+00,  3.843950408014283e-01,  9.313267103612053e-01, -2.913877702644521e-01, -4.525133523396915e-02,  2.806451847158304e-02,  1.542367007731502e-01,  0.000000000000000e+00,  3.903127820947815e-18,  0.000000000000000e+00,  1.079816774369869e-02,  2.386072129900697e-03, -7.201845831186847e-02,  1.673716000265760e-02,  2.588622503366750e-03, -7.376436033154438e-02,  1.862683935777098e-02,  2.529724877048591e-03, -7.070903179709216e-02,  1.682714473383306e-02,  2.433477536475250e-03, -6.503485023311616e-02,  1.493746537868773e-02,  2.338666723371062e-03, -5.455943811501702e-02,  1.196796924917337e-02,  2.087274415884733e-03, -3.840984443295834e-02,  0.000000000000000e+00,  0.000000000000000e+00,  0.000000000000000e+00,  0.000000000000000e+00,  0.000000000000000e+00,  0.000000000000000e+00,  0.000000000000000e+00,  0.000000000000000e+00,  0.000000000000000e+00,  0.000000000000000e+00,  0.000000000000000e+00,  0.000000000000000e+00,  0.000000000000000e+00,  0.000000000000000e+00,  0.000000000000000e+00,  0.000000000000000e+00,  0.000000000000000e+00,  0.000000000000000e+00,  0.000000000000000e+00,  0.000000000000000e+00,  0.000000000000000e+00,  0.000000000000000e+00,  0.000000000000000e+00,  0.000000000000000e+00,  0.000000000000000e+00,  0.000000000000000e+00,  0.000000000000000e+00,  0.000000000000000e+00,  0.000000000000000e+00,  0.000000000000000e+00,  0.000000000000000e+00,  0.000000000000000e+00,  0.000000000000000e+00,  3.716154402966155e-03, -9.592007809537839e-03,  1.332143283775343e-02,  4.126527281816400e-03, -1.769517980131125e-02,  2.067118888615029e-02,  4.331713721237940e-03, -1.901316560720171e-02,  2.560930623117297e-02,  4.080930295270090e-03, -1.769517980131005e-02,  2.526478641640569e-02,  3.738952896228368e-03, -1.149576508471219e-02,  2.009698919487418e-02,  2.804214672177629e-03, -5.873986122548951e-03,  9.876234690060590e-03, -7.297560890612981e-02,  5.558086625348396e-02
  1.940000000000000e+00,  3.956225067117377e-01,  9.312491641151905e-01, -2.908061034491255e-01, -4.181406088691304e-02,  2.187426471233753e-02,  1.553545474881268e-01, -2.168404344971009e-19, -4.336808689942018e-18,  0.000000000000000e+00,  1.007853069768990e-02,  3.759543275102654e-03, -7.253898970876498e-02,  1.562172258173894e-02,  4.078685721261408e-03, -7.429751067191503e-02,  1.738546545405561e-02,  3.985885436012614e-03, -7.122009898753143e-02,  1.570571033766806e-02,  3.834236188892068e-03, -6.550490585896972e-02,  1.394196746547460e-02,  3.684850363250401e-03, -5.495378008307636e-02,  1.117037152365529e-02,  3.288751583240000e-03, -3.868746117854725e-02,  0.000000000000000e+00,  0.000000000000000e+00,  0.000000000000000e+00,  0.000000000000000e+00,  0.000000000000000e+00,  0.000000000000000e+00,  0.000000000000000e+00,  0.000000000000000e+00,  0.000000000000000e+00,  0.000000000000000e+00,  0.000000000000000e+00,  0.000000000000000e+00,  0.000000000000000e+00,  0.000000000000000e+00,  0.000000000000000e+00,  0.000000000000000e+00,  0.000000000000000e+00,  0.000000000000000e+00,  0.000000000000000e+00,  0.000000000000000e+00,  0.000000000000000e+00,  0.000000000000000e+00,  0.000000000000000e+00,  0.000000000000000e+00,  0.000000000000000e+00,  0.000000000000000e+00,  0.000000000000000e+00,  0.000000000000000e+00,  0.000000000000000e+00,  0.000000000000000e+00,  0.000000000000000e+00,  0.000000000000000e+00,  0.000000000000000e+00,  3.317025946589418e-03, -9.674071774135129e-03,  1.358891400970701e-02,  3.683323290110349e-03, -1.784657006687115e-02,  2.108624587740209e-02,  3.866471962011582e-03, -1.917583183740527e-02,  2.612351572582313e-02,  3.642623585271834e-03, -1.784657006691379e-02,  2.577207829449715e-02,  3.337375798908063e-03, -1.159411655381553e-02,  2.050051682511567e-02,  2.503031849290183e-03, -5.924240730251024e-03,  1.007453969698347e-02, -7.354608759174242e-02,  5.674336683023549e-02
  1.950000000000000e+00,  4.068134569697895e-01,  9.309937631549554e-01, -2.902545569384989e-01, -3.844916824408424e-02,  1.575719266364257e-02,  1.562187151576539e-01,  0.000000000000000e+00, -4.336808689942017e-19,  0.000000000000000e+00,  9.358001737349840e-03,  5.081721327935660e-03, -7.304323090268348e-02,  1.450490269072711e-02,  5.513101646315420e-03, -7.481397589473116e-02,  1.614255299388785e-02,  5.387664816913352e-03, -7.171517215967797e-02,  1.458288603803748e-02,  5.182682680442721e-03, -6.596025093697404e-02,  1.294523573404493e-02,  4.980759978671333e-03, -5.533578098744900e-02,  1.037178525640684e-02,  4.445358875168118e-03, -3.895638981526252e-02,  0.000000000000000e+00,  0.000000000000000e+00,  0.000000000000000e+00,  0.000000000000000e+00,  0.000000000000000e+00,  0.000000000000000e+00,  0.000000000000000e+00,  0.000000000000000e+00,  0.000000000000000e+00,  0.000000000000000e+00,  0.000000000000000e+00,  0.000000000000000e+00,  0.000000000000000e+00,  0.000000000000000e+00,  0.000000000000000e+00,  0.000000000000000e+00,  0.000000000000000e+00,  0.000000000000000e+00,  0.000000000000000e+00,  0.000000000000000e+00,  0.000000000000000e+00,  0.000000000000000e+00,  0.000000000000000e+00,  0.000000000000000e+00,  0.000000000000000e+00,  0.000000000000000e+00,  0.000000000000000e+00,  0.000000000000000e+00,  0.000000000000000e+00,  0.000000000000000e+00,  0.000000000000000e+00,  0.000000000000000e+00,  0.000000000000000e+00,  2.942470975640991e-03, -9.738560814941958e-03,  1.386262609623893e-02,  3.267406420421539e-03, -1.796553839929795e-02,  2.151097152818072e-02,  3.429874142802116e-03, -1.930366125941464e-02,  2.664970361512272e-02,  3.231302481846574e-03, -1.796553839930413e-02,  2.629118742288067e-02,  2.960522944444516e-03, -1.167140494624727e-02,  2.091344454111041e-02,  2.220392208617637e-03, -5.963732746752065e-03,  1.027746417490062e-02, -7.398562277784304e-02,  5.793074971327681e-02
  1.960000000000000e+00,  4.179721594235989e-01,  9.305617833588374e-01, -2.897363197621297e-01, -3.525536667569593e-02,  9.753837673680378e-03,  1.567706591395115e-01,  0.000000000000000e+00,  4.336808689942017e-19,  0.000000000000000e+00,  8.653188282208858e-03,  6.347082926059439e-03, -7.351469224165996e-02,  1.341244183183400e-02,  6.885878046184252e-03, -7.529686659928762e-02,  1.492674977878500e-02,  6.729207125819984e-03, -7.217806147373083e-02,  1.348455173269816e-02,  6.473183913729353e-03, -6.638599481165910e-02,  1.197024378344772e-02,  6.220981943368818e-03, -5.569294866695150e-02,  9.590617006018546e-03,  5.552264596794310e-03, -3.920783586101114e-02,  0.000000000000000e+00,  0.000000000000000e+00,  0.000000000000000e+00,  0.000000000000000e+00,  0.000000000000000e+00,  0.000000000000000e+00,  0.000000000000000e+00,  0.000000000000000e+00,  0.000000000000000e+00,  0.000000000000000e+00,  0.000000000000000e+00,  0.000000000000000e+00,  0.000000000000000e+00,  0.000000000000000e+00,  0.000000000000000e+00,  0.000000000000000e+00,  0.000000000000000e+00,  0.000000000000000e+00,  0.000000000000000e+00,  0.000000000000000e+00,  0.000000000000000e+00,  0.000000000000000e+00,  0.000000000000000e+00,  0.000000000000000e+00,  0.000000000000000e+00,  0.000000000000000e+00,  0.000000000000000e+00,  0.000000000000000e+00,  0.000000000000000e+00,  0.000000000000000e+00,  0.000000000000000e+00,  0.000000000000000e+00,  0.000000000000000e+00,  2.585358404969325e-03, -9.783514095779667e-03,  1.413789784445757e-02,  2.870858105575382e-03, -1.804846747991519e-02,  2.193811734246032e-02,  3.013607955622478e-03, -1.939276712670672e-02,  2.717888981787720e-02,  2.839135915945543e-03, -1.804846747984425e-02,  2.681325452871963e-02,  2.601219498726277e-03, -1.172528025227034e-02,  2.132872519393118e-02,  1.950914624628235e-03, -5.991261388590432e-03,  1.048154495359834e-02, -7.427820100554075e-02,  5.912399329958671e-02
  1.970000000000000e+00,  4.291043149545791e-01,  9.299558474849081e-01, -2.892545833022178e-01, -3.232895306346732e-02,  3.900395303290657e-03,  1.569662759520520e-01,  0.000000000000000e+00,  0.000000000000000e+00,  0.000000000000000e+00,  7.980049576817539e-03,  7.548024361439714e-03, -7.393930885199715e-02,  1.236907684415185e-02,  8.188765743113497e-03, -7.573177694537279e-02,  1.376558552012540e-02,  8.002450873260691e-03, -7.259495778191676e-02,  1.243557725729101e-02,  7.697985110331674e-03, -6.676943647836353e-02,  1.103906858132236e-02,  7.398063612521798e-03, -5.601462791800146e-02,  8.844554947675965e-03,  6.602817216825369e-03, -3.943429805417278e-02,  0.000000000000000e+00,  0.000000000000000e+00,  0.000000000000000e+00,  0.000000000000000e+00,  0.000000000000000e+00,  0.000000000000000e+00,  0.000000000000000e+00,  0.000000000000000e+00,  0.000000000000000e+00,  0.000000000000000e+00,  0.000000000000000e+00,  0.000000000000000e+00,  0.000000000000000e+00,  0.000000000000000e+00,  0.000000000000000e+00,  0.000000000000000e+00,  0.000000000000000e+00,  0.000000000000000e+00,  0.000000000000000e+00,  0.000000000000000e+00,  0.000000000000000e+00,  0.000000000000000e+00,  0.000000000000000e+00,  0.000000000000000e+00,  0.000000000000000e+00,  0.000000000000000e+00,  0.000000000000000e+00,  0.000000000000000e+00,  0.000000000000000e+00,  0.000000000000000e+00,  0.000000000000000e+00,  0.000000000000000e+00,  0.000000000000000e+00,  2.239058769042480e-03, -9.806467987878089e-03,  1.440935097365031e-02,  2.486316792592722e-03, -1.809081244583630e-02,  2.235933771753299e-02,  2.609945804357189e-03, -1.943826606248776e-02,  2.770073506111875e-02,  2.458843678839762e-03, -1.809081244582702e-02,  2.732807943249712e-02,  2.252795325886563e-03, -1.175278987859482e-02,  2.173824500314485e-02,  1.689596494440690e-03, -6.005317970523069e-03,  1.068279468732158e-02, -7.440404624932120e-02,  6.030107255858164e-02
  1.980000000000000e+00,  4.402168326100284e-01,  9.291799685895555e-01, -2.888120905908230e-01, -2.975795776258191e-02, -1.773209239631885e-03,  1.567776065886013e-01,  0.000000000000000e+00,  0.000000000000000e+00,  0.000000000000000e+00,  7.352848910643761e-03,  8.677845993295939e-03, -7.430619299934481e-02,  1.139691581159316e-02,  9.414496375627395e-03, -7.610755525384065e-02,  1.268366437097984e-02,  9.200293072959994e-03, -7.295517130829711e-02,  1.145818955248400e-02,  8.850253529577599e-03, -6.710074398090562e-02,  1.017144099306653e-02,  8.505438456992684e-03, -5.629257045354177e-02,  8.149407542591762e-03,  7.591156067572650e-03, -3.962996959902963e-02,  0.000000000000000e+00,  0.000000000000000e+00,  0.000000000000000e+00,  0.000000000000000e+00,  0.000000000000000e+00,  0.000000000000000e+00,  0.000000000000000e+00,  0.000000000000000e+00,  0.000000000000000e+00,  0.000000000000000e+00,  0.000000000000000e+00,  0.000000000000000e+00,  0.000000000000000e+00,  0.000000000000000e+00,  0.000000000000000e+00,  0.000000000000000e+00,  0.000000000000000e+00,  0.000000000000000e+00,  0.000000000000000e+00,  0.000000000000000e+00,  0.000000000000000e+00,  0.000000000000000e+00,  0.000000000000000e+00,  0.000000000000000e+00,  0.000000000000000e+00,  0.000000000000000e+00,  0.000000000000000e+00,  0.000000000000000e+00,  0.000000000000000e+00,  0.000000000000000e+00,  0.000000000000000e+00,  0.000000000000000e+00,  0.000000000000000e+00,  1.898848953253482e-03, -9.805798460776628e-03,  1.467149718473424e-02,  2.108537794655272e-03, -1.808957731315103e-02,  2.276611632068863e-02,  2.213382215323753e-03, -1.943693893370749e-02,  2.820468855276347e-02,  2.085239034428415e-03, -1.808957731312872e-02,  2.782525328077446e-02,  1.910498333272805e-03, -1.175198746824131e-02,  2.213372420068117e-02,  1.432873750022136e-03, -6.004907963252657e-03,  1.087714446448493e-02, -7.435003123319500e-02,  6.143925053473319e-02
  1.990000000000000e+00,  4.513182599608278e-01,  9.282397209140885e-01, -2.884111209517335e-01, -2.762000556167863e-02, -7.239669618093776e-03,  1.561982629269936e-01,  0.000000000000000e+00,  4.336808689942018e-19,  0.000000000000000e+00,  6.783794080769282e-03,  9.728420060987487e-03, -7.460889645383527e-02,  1.051488082516663e-02,  1.055425222751411e-02, -7.641759697391877e-02,  1.170204478928780e-02,  1.031411663299443e-02, -7.325237106373714e-02,  1.057141244249393e-02,  9.921699929754316e-03, -6.737409437341269e-02,  9.384248478355924e-03,  9.535140192233758e-03, -5.652189125283259e-02,  7.518705106141292e-03,  8.510171191226806e-03, -3.979141144196131e-02,  0.000000000000000e+00,  0.000000000000000e+00,  0.000000000000000e+00,  0.000000000000000e+00,  0.000000000000000e+00,  0.000000000000000e+00,  0.000000000000000e+00,  0.000000000000000e+00,  0.000000000000000e+00,  0.000000000000000e+00,  0.000000000000000e+00,  0.000000000000000e+00,  0.000000000000000e+00,  0.000000000000000e+00,  0.000000000000000e+00,  0.000000000000000e+00,  0.000000000000000e+00,  0.000000000000000e+00,  0.000000000000000e+00,  0.000000000000000e+00,  0.000000000000000e+00,  0.000000000000000e+00,  0.000000000000000e+00,  0.000000000000000e+00,  0.000000000000000e+00,  0.000000000000000e+00,  0.000000000000000e+00,  0.000000000000000e+00,  0.000000000000000e+00,  0.000000000000000e+00,  0.000000000000000e+00,  0.000000000000000e+00,  0.000000000000000e+00,  1.561463775701160e-03, -9.779962677703076e-03,  1.491895463432517e-02,  1.733895358288183e-03, -1.804191588126000e-02,  2.315010201874285e-02,  1.820111149576923e-03, -1.938572754689778e-02,  2.868040416766214e-02,  1.714736293547345e-03, -1.804191588125777e-02,  2.829456913402189e-02,  1.571043308059414e-03, -1.172102397251231e-02,  2.250704362934438e-02,  1.178282481052118e-03, -5.989086559202998e-03,  1.106060429786347e-02, -7.410391716494391e-02,  6.251606036147073e-02
  2.000000000000000e+00,  4.624195268290382e-01,  9.271419923369227e-01, -2.880530918049004e-01, -2.598223503922902e-02, -1.248092749660293e-02,  1.552422887144303e-01,  0.000000000000000e+00, -8.673617379884035e-19,  0.000000000000000e+00,  6.282948339527659e-03,  1.069262796078784e-02, -7.484489816105699e-02,  9.738569926219539e-03,  1.160031040658770e-02, -7.665931993463704e-02,  1.083808588561139e-02,  1.133637437625303e-02, -7.348408183079300e-02,  9.790927829024727e-03,  1.090506427790008e-02, -6.758721106654046e-02,  8.691411869599989e-03,  1.048019164370087e-02, -5.670068042488382e-02,  6.963601076222954e-03,  9.353635416646605e-03, -3.991727901904715e-02,  0.000000000000000e+00,  0.000000000000000e+00,  0.000000000000000e+00,  0.000000000000000e+00,  0.000000000000000e+00,  0.000000000000000e+00,  0.000000000000000e+00,  0.000000000000000e+00,  0.000000000000000e+00,  0.000000000000000e+00,  0.000000000000000e+00,  0.000000000000000e+00,  0.000000000000000e+00,  0.000000000000000e+00,  0.000000000000000e+00,  0.000000000000000e+00,  0.000000000000000e+00,  0.000000000000000e+00,  0.000000000000000e+00,  0.000000000000000e+00,  0.000000000000000e+00,  0.000000000000000e+00,  0.000000000000000e+00,  0.000000000000000e+00,  0.000000000000000e+00,  0.000000000000000e+00,  0.000000000000000e+00,  0.000000000000000e+00,  0.000000000000000e+00,  0.000000000000000e+00,  0.000000000000000e+00,  0.000000000000000e+00,  0.000000000000000e+00,  1.225580251926819e-03, -9.728195739422055e-03,  1.514663503742994e-02,  1.360920402433960e-03, -1.794641707654376e-02,  2.350339919594193e-02,  1.428590477677423e-03, -1.928311572776029e-02,  2.911810011497174e-02,  1.345882607913950e-03, -1.794641707653914e-02,  2.872637679505248e-02,  1.233099149160505e-03, -1.165898268006623e-02,  2.285052699608224e-02,  9.248243618863364e-04, -5.957385346785402e-03,  1.122940183810215e-02, -7.365973204773314e-02,  6.351001585556475e-02
  2.010000000000000e+00,  4.735354742363050e-01,  9.258949363711195e-01, -2.877381502391276e-01, -2.490247484492317e-02, -1.749865939742418e-02,  1.539497129386896e-01,  0.000000000000000e+00,  4.336808689942017e-19,  0.000000000000000e+00,  5.858572300178444e-03,  1.156878583306518e-02, -7.501616493026551e-02,  9.080787065191944e-03,  1.255084411269560e-02, -7.683473862550196e-02,  1.010603721767828e-02,  1.226528106685327e-02, -7.365223465868112e-02,  9.129608500983473e-03,  1.179862926023091e-02, -6.774187014893064e-02,  8.104358348438017e-03,  1.133894240594493e-02, -5.683042797716200e-02,  6.493250965875270e-03,  1.012007574683314e-02, -4.000862129578393e-02,  0.000000000000000e+00,  0.000000000000000e+00,  0.000000000000000e+00,  0.000000000000000e+00,  0.000000000000000e+00,  0.000000000000000e+00,  0.000000000000000e+00,  0.000000000000000e+00,  0.000000000000000e+00,  0.000000000000000e+00,  0.000000000000000e+00,  0.000000000000000e+00,  0.000000000000000e+00,  0.000000000000000e+00,  0.000000000000000e+00,  0.000000000000000e+00,  0.000000000000000e+00,  0.000000000000000e+00,  0.000000000000000e+00,  0.000000000000000e+00,  0.000000000000000e+00,  0.000000000000000e+00,  0.000000000000000e+00,  0.000000000000000e+00,  0.000000000000000e+00,  0.000000000000000e+00,  0.000000000000000e+00,  0.000000000000000e+00,  0.000000000000000e+00,  0.000000000000000e+00,  0.000000000000000e+00,  0.000000000000000e+00,  0.000000000000000e+00,  8.914003331378607e-04, -9.651359497475078e-03,  1.534978315722856e-02,  9.898371797182196e-04, -1.780467082867774e-02,  2.381862903696141e-02,  1.039055602989101e-03, -1.913081182832737e-02,  2.950863486246322e-02,  9.788997522832150e-04, -1.780467082866912e-02,  2.911165771187521e-02,  8.968690468041597e-04, -1.156689649696517e-02,  2.315700045266080e-02,  6.726517851333244e-04, -5.910332109560394e-03,  1.138001165106976e-02, -7.302413445146987e-02,  6.440081750527396e-02
  2.020000000000000e+00,  4.846859580790855e-01,  9.245076787357297e-01, -2.874646601595267e-01, -2.443279859678793e-02, -2.232776855136373e-02,  1.523900464918143e-01,  0.000000000000000e+00,  1.517883041479706e-18,  0.000000000000000e+00,  5.517624610589788e-03,  1.236148306754687e-02, -7.512936107649830e-02,  8.552318146406957e-03,  1.341083232252847e-02, -7.695067892077115e-02,  9.517902453255980e-03,  1.310570239732180e-02, -7.376337269327199e-02,  8.598298351490447e-03,  1.260707544637413e-02, -6.784408969935340e-02,  7.632714044635029e-03,  1.211589068872407e-02, -5.691618263366793e-02,  6.115367276720732e-03,  1.081350686161964e-02, -4.006899257408326e-02,  0.000000000000000e+00,  0.000000000000000e+00,  0.000000000000000e+00,  0.000000000000000e+00,  0.000000000000000e+00,  0.000000000000000e+00,  0.000000000000000e+00,  0.000000000000000e+00,  0.000000000000000e+00,  0.000000000000000e+00,  0.000000000000000e+00,  0.000000000000000e+00,  0.000000000000000e+00,  0.000000000000000e+00,  0.000000000000000e+00,  0.000000000000000e+00,  0.000000000000000e+00,  0.000000000000000e+00,  0.000000000000000e+00,  0.000000000000000e+00,  0.000000000000000e+00,  0.000000000000000e+00,  0.000000000000000e+00,  0.000000000000000e+00,  0.000000000000000e+00,  0.000000000000000e+00,  0.000000000000000e+00,  0.000000000000000e+00,  0.000000000000000e+00,  0.000000000000000e+00,  0.000000000000000e+00,  0.000000000000000e+00,  0.000000000000000e+00,  5.593924914703406e-04, -9.551235517176066e-03,  1.552382736126595e-02,  6.211658954329731e-04, -1.761996374033760e-02,  2.408869762953683e-02,  6.520525974117408e-04, -1.893234724651397e-02,  2.984321984103920e-02,  6.143021838764417e-04, -1.761996374033644e-02,  2.944174154721779e-02,  5.628243472415212e-04, -1.144690058165246e-02,  2.341956713983647e-02,  4.221182604352715e-04, -5.849017848516011e-03,  1.150904442301111e-02, -7.221086077195606e-02,  6.516890306639579e-02
  2.030000000000000e+00,  4.958960367359285e-01,  9.229899865783491e-01, -2.872288116958593e-01, -2.462295640141084e-02, -2.704400712601255e-02,  1.506647648846775e-01,  0.000000000000000e+00,  6.505213034913026e-19,  0.000000000000000e+00,  5.266428239752968e-03,  1.308431551233490e-02, -7.519626201237667e-02,  8.162963771604583e-03,  1.419502501699463e-02, -7.701920169751474e-02,  9.084588713554160e-03,  1.387205274968353e-02, -7.382905724848468e-02,  8.206850673594453e-03,  1.334426880066263e-02, -6.790450327172969e-02,  7.285225731633945e-03,  1.282436222401502e-02, -5.696686516081594e-02,  5.836957965698262e-03,  1.144582205865792e-02, -4.010467307318125e-02,  0.000000000000000e+00,  0.000000000000000e+00,  0.000000000000000e+00,  0.000000000000000e+00,  0.000000000000000e+00,  0.000000000000000e+00,  0.000000000000000e+00,  0.000000000000000e+00,  0.000000000000000e+00,  0.000000000000000e+00,  0.000000000000000e+00,  0.000000000000000e+00,  0.000000000000000e+00,  0.000000000000000e+00,  0.000000000000000e+00,  0.000000000000000e+00,  0.000000000000000e+00,  0.000000000000000e+00,  0.000000000000000e+00,  0.000000000000000e+00,  0.000000000000000e+00,  0.000000000000000e+00,  0.000000000000000e+00,  0.000000000000000e+00,  0.000000000000000e+00,  0.000000000000000e+00,  0.000000000000000e+00,  0.000000000000000e+00,  0.000000000000000e+00,  0.000000000000000e+00,  0.000000000000000e+00,  0.000000000000000e+00,  0.000000000000000e+00,  2.294247185450342e-04, -9.430824009621789e-03,  1.566450235261969e-02,  2.547599635318847e-04, -1.739783055210135e-02,  2.430698640921673e-02,  2.674275860208628e-04, -1.869366896563630e-02,  3.011365538475629e-02,  2.519449363021852e-04, -1.739783055209937e-02,  2.970853894461030e-02,  2.308322321474222e-04, -1.130259060694912e-02,  2.363179234231071e-02,  1.731241741175801e-04, -5.775279843041271e-03,  1.161333795108765e-02, -7.124282274621604e-02,  6.579606748001533e-02
  2.040000000000000e+00,  5.071953911339743e-01,  9.213516643891720e-01, -2.870248190765251e-01, -2.552268844617547e-02, -3.176134517773638e-02,  1.489034730720041e-01,  0.000000000000000e+00, -3.252606517456513e-18,  0.000000000000000e+00,  5.111051991192508e-03,  1.375742939850936e-02, -7.523304096645633e-02,  7.922130586327998e-03,  1.492527861295287e-02, -7.705687226259514e-02,  8.816564684775052e-03,  1.458569125272674e-02, -7.386516749428765e-02,  7.964722686241642e-03,  1.403075581040550e-02, -6.793771578174256e-02,  7.070288587776952e-03,  1.348410298662607e-02, -5.699472800476656e-02,  5.664749290193110e-03,  1.203464474175047e-02, -4.012428851530089e-02,  0.000000000000000e+00,  0.000000000000000e+00,  0.000000000000000e+00,  0.000000000000000e+00,  0.000000000000000e+00,  0.000000000000000e+00,  0.000000000000000e+00,  0.000000000000000e+00,  0.000000000000000e+00,  0.000000000000000e+00,  0.000000000000000e+00,  0.000000000000000e+00,  0.000000000000000e+00,  0.000000000000000e+00,  0.000000000000000e+00,  0.000000000000000e+00,  0.000000000000000e+00,  0.000000000000000e+00,  0.000000000000000e+00,  0.000000000000000e+00,  0.000000000000000e+00,  0.000000000000000e+00,  0.000000000000000e+00,  0.000000000000000e+00,  0.000000000000000e+00,  0.000000000000000e+00,  0.000000000000000e+00,  0.000000000000000e+00,  0.000000000000000e+00,  0.000000000000000e+00,  0.000000000000000e+00,  0.000000000000000e+00,  0.000000000000000e+00, -1.001774207202599e-04, -9.293368260016206e-03,  1.576786219794164e-02, -1.112399579870683e-04, -1.714425442369398e-02,  2.446737237608633e-02, -1.167712266277976e-04, -1.842120578766432e-02,  3.031235577704938e-02, -1.100107871943483e-04, -1.714425442369086e-02,  2.990456623746093e-02, -1.007920061372064e-04, -1.113785356352736e-02,  2.378772314344611e-02, -7.559400459173153e-05, -5.691104227081929e-03,  1.168996680193608e-02, -7.014455388068561e-02,  6.626564120955393e-02
  2.050000000000000e+00,  5.186166378808719e-01,  9.196020844213317e-01, -2.868454820653291e-01, -2.717923292030960e-02, -3.662021765389543e-02,  1.472536019735245e-01,  0.000000000000000e+00, -1.734723475976807e-18,  0.000000000000000e+00,  5.057159898780743e-03,  1.440659929852854e-02, -7.525860499558458e-02,  7.838597843078681e-03,  1.562955565078246e-02, -7.708305602575244e-02,  8.723600825347382e-03,  1.527394422920835e-02, -7.389026672285684e-02,  7.880740842215258e-03,  1.469282312565968e-02, -6.796080087466347e-02,  6.995737859919413e-03,  1.412037547141728e-02, -5.701409469343025e-02,  5.605018887745602e-03,  1.260252184273501e-02, -4.013792266409002e-02,  0.000000000000000e+00,  0.000000000000000e+00,  0.000000000000000e+00,  0.000000000000000e+00,  0.000000000000000e+00,  0.000000000000000e+00,  0.000000000000000e+00,  0.000000000000000e+00,  0.000000000000000e+00,  0.000000000000000e+00,  0.000000000000000e+00,  0.000000000000000e+00,  0.000000000000000e+00,  0.000000000000000e+00,  0.000000000000000e+00,  0.000000000000000e+00,  0.000000000000000e+00,  0.000000000000000e+00,  0.000000000000000e+00,  0.000000000000000e+00,  0.000000000000000e+00,  0.000000000000000e+00,  0.000000000000000e+00,  0.000000000000000e+00,  0.000000000000000e+00,  0.000000000000000e+00,  0.000000000000000e+00,  0.000000000000000e+00,  0.000000000000000e+00,  0.000000000000000e+00,  0.000000000000000e+00,  0.000000000000000e+00,  0.000000000000000e+00, -4.325284675851202e-04, -9.142603722374382e-03,  1.583047138544577e-02, -4.802923474552646e-04, -1.686612645985070e-02,  2.456452456358163e-02, -5.041742874017573e-04, -1.812236208582374e-02,  3.043271654267569e-02, -4.749852497147944e-04, -1.686612645984603e-02,  3.002330779997031e-02, -4.351820164875352e-04, -1.095716629322198e-02,  2.388217665908420e-02, -3.263865123488088e-04, -5.598778530577667e-03,  1.173638395819868e-02, -6.894409636472026e-02,  6.656327196735484e-02
  2.060000000000000e+00,  5.301921859822928e-01,  9.177502789191891e-01, -2.866830635811830e-01, -2.962755009523215e-02, -4.176727754115534e-02,  1.458605207619973e-01,  0.000000000000000e+00,  3.035766082959412e-18,  0.000000000000000e+00,  5.108608796433982e-03,  1.505945824936861e-02, -7.529154332467547e-02,  7.918343634426030e-03,  1.633783489787108e-02, -7.711679285977679e-02,  8.812350173775435e-03,  1.596610835469433e-02, -7.392260617319719e-02,  7.960915374366790e-03,  1.535865278413614e-02, -6.799054518389733e-02,  7.066908834977227e-03,  1.476026371463040e-02, -5.703904797295135e-02,  5.662041415944477e-03,  1.317362603032128e-02, -4.015548977283276e-02,  0.000000000000000e+00,  0.000000000000000e+00,  0.000000000000000e+00,  0.000000000000000e+00,  0.000000000000000e+00,  0.000000000000000e+00,  0.000000000000000e+00,  0.000000000000000e+00,  0.000000000000000e+00,  0.000000000000000e+00,  0.000000000000000e+00,  0.000000000000000e+00,  0.000000000000000e+00,  0.000000000000000e+00,  0.000000000000000e+00,  0.000000000000000e+00,  0.000000000000000e+00,  0.000000000000000e+00,  0.000000000000000e+00,  0.000000000000000e+00,  0.000000000000000e+00,  0.000000000000000e+00,  0.000000000000000e+00,  0.000000000000000e+00,  0.000000000000000e+00,  0.000000000000000e+00,  0.000000000000000e+00,  0.000000000000000e+00,  0.000000000000000e+00,  0.000000000000000e+00,  0.000000000000000e+00,  0.000000000000000e+00,  0.000000000000000e+00, -7.712762850845146e-04, -8.982543629039426e-03,  1.584974986655855e-02, -8.564478994085649e-04, -1.657085020624260e-02,  2.459443944805436e-02, -8.990337065875799e-04, -1.780509284229085e-02,  3.046977776067143e-02, -8.469843867397900e-04, -1.657085020623596e-02,  3.005987043656885e-02, -7.760080414668194e-04, -1.076533854777236e-02,  2.391126057456781e-02, -5.820060310759540e-04, -5.500760390298368e-03,  1.175067662524375e-02, -6.767154886142387e-02,  6.667828120180579e-02
  2.070000000000000e+00,  5.419495692512974e-01,  9.158058350496417e-01, -2.865305460761755e-01, -3.286983291767214e-02, -4.732734865186961e-02,  1.448358200684832e-01,  0.000000000000000e+00, -1.734723475976807e-18,  0.000000000000000e+00,  5.264397758603333e-03,  1.574086769596220e-02, -7.534528641323354e-02,  8.159816525828341e-03,  1.707708825293446e-02, -7.717183881112447e-02,  9.081086133580123e-03,  1.668854184984390e-02, -7.397537211479514e-02,  8.203686507145974e-03,  1.605360016674457e-02, -6.803907682162050e-02,  7.282416899388657e-03,  1.542813522518394e-02, -5.707976243423022e-02,  5.834707515771039e-03,  1.376970545589252e-02, -4.018415275368194e-02,  0.000000000000000e+00,  0.000000000000000e+00,  0.000000000000000e+00,  0.000000000000000e+00,  0.000000000000000e+00,  0.000000000000000e+00,  0.000000000000000e+00,  0.000000000000000e+00,  0.000000000000000e+00,  0.000000000000000e+00,  0.000000000000000e+00,  0.000000000000000e+00,  0.000000000000000e+00,  0.000000000000000e+00,  0.000000000000000e+00,  0.000000000000000e+00,  0.000000000000000e+00,  0.000000000000000e+00,  0.000000000000000e+00,  0.000000000000000e+00,  0.000000000000000e+00,  0.000000000000000e+00,  0.000000000000000e+00,  0.000000000000000e+00,  0.000000000000000e+00,  0.000000000000000e+00,  0.000000000000000e+00,  0.000000000000000e+00,  0.000000000000000e+00,  0.000000000000000e+00,  0.000000000000000e+00,  0.000000000000000e+00,  0.000000000000000e+00, -1.118788989326068e-03, -8.817374613296318e-03,  1.582459004038264e-02, -1.242336239683617e-03, -1.626614909577553e-02,  2.455539833851889e-02, -1.304109864864641e-03, -1.747769675256396e-02,  3.042141016383543e-02, -1.228608767426103e-03, -1.626614909577470e-02,  3.001215352486442e-02, -1.125652725461125e-03, -1.056738789532362e-02,  2.387330394023598e-02, -8.442395440928042e-04, -5.399613630873041e-03,  1.173202365063368e-02, -6.635861880445475e-02,  6.660608414036820e-02
  2.080000000000000e+00,  5.539061792340253e-01,  9.137807354080809e-01, -2.863834899064890e-01, -3.684178102967244e-02, -5.337259020619464e-02,  1.442194644905688e-01,  0.000000000000000e+00, -1.734723475976807e-18,  0.000000000000000e+00,  5.513551725011052e-03,  1.646622751255545e-02, -7.542224789509214e-02,  8.546005173757502e-03,  1.786402286431374e-02, -7.725066602587437e-02,  9.510876725629079e-03,  1.745757173366155e-02, -7.405093429697755e-02,  8.591951438126849e-03,  1.679337110552240e-02, -6.810857537189496e-02,  7.627079886247479e-03,  1.613908391959414e-02, -5.713806658713935e-02,  6.110853161867086e-03,  1.440423153266052e-02, -4.022519887732402e-02,  0.000000000000000e+00,  0.000000000000000e+00,  0.000000000000000e+00,  0.000000000000000e+00,  0.000000000000000e+00,  0.000000000000000e+00,  0.000000000000000e+00,  0.000000000000000e+00,  0.000000000000000e+00,  0.000000000000000e+00,  0.000000000000000e+00,  0.000000000000000e+00,  0.000000000000000e+00,  0.000000000000000e+00,  0.000000000000000e+00,  0.000000000000000e+00,  0.000000000000000e+00,  0.000000000000000e+00,  0.000000000000000e+00,  0.000000000000000e+00,  0.000000000000000e+00,  0.000000000000000e+00,  0.000000000000000e+00,  0.000000000000000e+00,  0.000000000000000e+00,  0.000000000000000e+00,  0.000000000000000e+00,  0.000000000000000e+00,  0.000000000000000e+00,  0.000000000000000e+00,  0.000000000000000e+00,  0.000000000000000e+00,  0.000000000000000e+00, -1.473512632786792e-03, -8.650769414822559e-03,  1.575589726657371e-02, -1.636231819232852e-03, -1.595879853879466e-02,  2.444880610329649e-02, -1.717591412459033e-03, -1.714745387823543e-02,  3.028935422797815e-02, -1.618151909633892e-03, -1.595879853879356e-02,  2.988187412626241e-02, -1.482552587595048e-03, -1.036771601623643e-02,  2.376967260044012e-02, -1.111914440692213e-03, -5.297587377015353e-03,  1.168109624936342e-02, -6.503391238616821e-02,  6.635023120357875e-02
  2.090000000000000e+00,  5.660653122650390e-01,  9.116924870747246e-01, -2.862422363488669e-01, -4.136926500778757e-02, -5.990041283898886e-02,  1.439564683505661e-01,  0.000000000000000e+00,  1.301042606982605e-18,  0.000000000000000e+00,  5.828908382003369e-03,  1.723935098913380e-02, -7.551069698563521e-02,  9.034807992092100e-03,  1.870277572692314e-02, -7.734125933679167e-02,  1.005486695893537e-02,  1.827724087409201e-02, -7.413777522223101e-02,  9.083382228600929e-03,  1.758185465117258e-02, -6.818844758091934e-02,  8.063323261747061e-03,  1.689684732710254e-02, -5.720507347389842e-02,  6.460373456693002e-03,  1.508054002842838e-02, -4.027237172559566e-02,  0.000000000000000e+00,  0.000000000000000e+00,  0.000000000000000e+00,  0.000000000000000e+00,  0.000000000000000e+00,  0.000000000000000e+00,  0.000000000000000e+00,  0.000000000000000e+00,  0.000000000000000e+00,  0.000000000000000e+00,  0.000000000000000e+00,  0.000000000000000e+00,  0.000000000000000e+00,  0.000000000000000e+00,  0.000000000000000e+00,  0.000000000000000e+00,  0.000000000000000e+00,  0.000000000000000e+00,  0.000000000000000e+00,  0.000000000000000e+00,  0.000000000000000e+00,  0.000000000000000e+00,  0.000000000000000e+00,  0.000000000000000e+00,  0.000000000000000e+00,  0.000000000000000e+00,  0.000000000000000e+00,  0.000000000000000e+00,  0.000000000000000e+00,  0.000000000000000e+00,  0.000000000000000e+00,  0.000000000000000e+00,  0.000000000000000e+00, -1.826587131491604e-03, -8.486594217518443e-03,  1.564701346746247e-02, -2.028296139881445e-03, -1.565593080839898e-02,  2.427984848398424e-02, -2.129150644080583e-03, -1.682202772378257e-02,  3.008003451072089e-02, -2.005884027846317e-03, -1.565593080839760e-02,  2.967537036932865e-02, -1.837793187520889e-03, -1.017095642862734e-02,  2.360540824833488e-02, -1.378344890635440e-03, -5.197049215476939e-03,  1.160037205347286e-02, -6.372885066243174e-02,  6.592392239837562e-02
  2.100000000000000e+00,  5.784159535801602e-01,  9.095675479100369e-01, -2.861137464009155e-01, -4.613656453963324e-02, -6.683047471072442e-02,  1.439048268545851e-01,  0.000000000000000e+00, -5.204170427930421e-18,  0.000000000000000e+00,  6.162578770553673e-03,  1.805042309108976e-02, -7.558685798482934e-02,  9.551997094341012e-03,  1.958269862139923e-02, -7.741926666323644e-02,  1.063044837917825e-02,  1.913714332535335e-02, -7.421255147597795e-02,  9.603351917418601e-03,  1.840904076840010e-02, -6.825722327108860e-02,  8.524900632567467e-03,  1.769180541378922e-02, -5.726277120054387e-02,  6.830191470661199e-03,  1.579004500383144e-02, -4.031299092514659e-02,  0.000000000000000e+00,  0.000000000000000e+00,  0.000000000000000e+00,  0.000000000000000e+00,  0.000000000000000e+00,  0.000000000000000e+00,  0.000000000000000e+00,  0.000000000000000e+00,  0.000000000000000e+00,  0.000000000000000e+00,  0.000000000000000e+00,  0.000000000000000e+00,  0.000000000000000e+00,  0.000000000000000e+00,  0.000000000000000e+00,  0.000000000000000e+00,  0.000000000000000e+00,  0.000000000000000e+00,  0.000000000000000e+00,  0.000000000000000e+00,  0.000000000000000e+00,  0.000000000000000e+00,  0.000000000000000e+00,  0.000000000000000e+00,  0.000000000000000e+00,  0.000000000000000e+00,  0.000000000000000e+00,  0.000000000000000e+00,  0.000000000000000e+00,  0.000000000000000e+00,  0.000000000000000e+00,  0.000000000000000e+00,  0.000000000000000e+00, -2.159792357083468e-03, -8.328629438766231e-03,  1.550361424005763e-02, -2.398297034558004e-03, -1.536451995701132e-02,  2.405733244145727e-02, -2.517549373300715e-03, -1.650891178829142e-02,  2.980436185803656e-02, -2.371796514849057e-03, -1.536451995700964e-02,  2.940340631735495e-02, -2.173042616952941e-03, -9.981639861725520e-03,  2.338907320699335e-02, -1.629781962708256e-03, -5.100314211016128e-03,  1.149405883315765e-02, -6.247582508207313e-02,  6.534946851341571e-02
  2.110000000000000e+00,  5.909371199332354e-01,  9.074427337145381e-01, -2.860115257445022e-01, -5.069687651114512e-02, -7.402404635180285e-02,  1.438747353387140e-01,  0.000000000000000e+00,  2.168404344971009e-18,  0.000000000000000e+00,  6.447811832699961e-03,  1.887916053725770e-02, -7.562158082952804e-02,  9.994108340663254e-03,  2.048178644680243e-02, -7.745483127386457e-02,  1.112247541137358e-02,  2.001577465750413e-02, -7.424664299622018e-02,  1.004784010592276e-02,  1.925424319694321e-02, -6.828857905204685e-02,  8.919473035195033e-03,  1.850407787758444e-02, -5.728907638590464e-02,  7.146324781197626e-03,  1.651500316715758e-02, -4.033150977563364e-02,  0.000000000000000e+00,  0.000000000000000e+00,  0.000000000000000e+00,  0.000000000000000e+00,  0.000000000000000e+00,  0.000000000000000e+00,  0.000000000000000e+00,  0.000000000000000e+00,  0.000000000000000e+00,  0.000000000000000e+00,  0.000000000000000e+00,  0.000000000000000e+00,  0.000000000000000e+00,  0.000000000000000e+00,  0.000000000000000e+00,  0.000000000000000e+00,  0.000000000000000e+00,  0.000000000000000e+00,  0.000000000000000e+00,  0.000000000000000e+00,  0.000000000000000e+00,  0.000000000000000e+00,  0.000000000000000e+00,  0.000000000000000e+00,  0.000000000000000e+00,  0.000000000000000e+00,  0.000000000000000e+00,  0.000000000000000e+00,  0.000000000000000e+00,  0.000000000000000e+00,  0.000000000000000e+00,  0.000000000000000e+00,  0.000000000000000e+00, -2.446695921671881e-03, -8.180624413214618e-03,  1.533297834664577e-02, -2.716883201371806e-03, -1.509148269613367e-02,  2.379255260685011e-02, -2.851976841228511e-03, -1.621553795901727e-02,  2.947632906294182e-02, -2.686862392529058e-03, -1.509148269613172e-02,  2.907978651950526e-02, -2.461706326111669e-03, -9.804259792934339e-03,  2.313164836779594e-02, -1.846279744576073e-03, -5.009678393841863e-03,  1.136755291218199e-02, -6.130823626632532e-02,  6.465539938333180e-02
  2.120000000000000e+00,  6.036050751999721e-01,  9.053627874686117e-01, -2.859527191844583e-01, -5.453829207218609e-02, -8.131818637501056e-02,  1.436781783236736e-01,  0.000000000000000e+00, -2.602085213965211e-18,  0.000000000000000e+00,  6.608829690245609e-03,  1.970047583469765e-02, -7.558739709213791e-02,  1.024368601985449e-02,  2.137282206750488e-02, -7.741981883980797e-02,  1.140023121563279e-02,  2.088653699271924e-02, -7.421308078132119e-02,  1.029875960059103e-02,  2.009187601684975e-02, -6.825771010130161e-02,  9.142214404791920e-03,  1.930907565256009e-02, -5.726317961513887e-02,  7.324786239968606e-03,  1.723346862602738e-02, -4.031327844900792e-02,  0.000000000000000e+00,  0.000000000000000e+00,  0.000000000000000e+00,  0.000000000000000e+00,  0.000000000000000e+00,  0.000000000000000e+00,  0.000000000000000e+00,  0.000000000000000e+00,  0.000000000000000e+00,  0.000000000000000e+00,  0.000000000000000e+00,  0.000000000000000e+00,  0.000000000000000e+00,  0.000000000000000e+00,  0.000000000000000e+00,  0.000000000000000e+00,  0.000000000000000e+00,  0.000000000000000e+00,  0.000000000000000e+00,  0.000000000000000e+00,  0.000000000000000e+00,  0.000000000000000e+00,  0.000000000000000e+00,  0.000000000000000e+00,  0.000000000000000e+00,  0.000000000000000e+00,  0.000000000000000e+00,  0.000000000000000e+00,  0.000000000000000e+00,  0.000000000000000e+00,  0.000000000000000e+00,  0.000000000000000e+00,  0.000000000000000e+00, -2.657256645637198e-03, -8.045955368384698e-03,  1.514255386493953e-02, -2.950696029824939e-03, -1.484304743531522e-02,  2.349706634213143e-02, -3.097415721926774e-03, -1.594859855463428e-02,  2.911025441276358e-02, -2.918091653819106e-03, -1.484304743531302e-02,  2.871863664040719e-02, -2.673558833661776e-03, -9.642862540733368e-03,  2.284437005487824e-02, -2.005169125237492e-03, -4.927209309560834e-03,  1.122637614126365e-02, -6.025693414088680e-02,  6.387085838727320e-02
  2.130000000000000e+00,  6.164001515982641e-01,  9.033750697230286e-01, -2.859536854422327e-01, -5.717883016625955e-02, -8.855931443122821e-02,  1.431655415097667e-01,  1.387778780781446e-17,  2.602085213965211e-18,  0.000000000000000e+00,  6.574716967299628e-03,  2.049037784571029e-02, -7.546248209502356e-02,  1.019081129928420e-02,  2.222977777120426e-02, -7.729187560033723e-02,  1.134138676854499e-02,  2.172399481414839e-02, -7.409043696596686e-02,  1.024560060732768e-02,  2.089747144530055e-02, -6.814490807359494e-02,  9.095025138043436e-03,  2.008328424613665e-02, -5.716854704155443e-02,  7.286977972029552e-03,  1.792445455137575e-02, -4.024665711719887e-02,  0.000000000000000e+00,  0.000000000000000e+00,  0.000000000000000e+00,  0.000000000000000e+00,  0.000000000000000e+00,  0.000000000000000e+00,  0.000000000000000e+00,  0.000000000000000e+00,  0.000000000000000e+00,  0.000000000000000e+00,  0.000000000000000e+00,  0.000000000000000e+00,  0.000000000000000e+00,  0.000000000000000e+00,  0.000000000000000e+00,  0.000000000000000e+00,  0.000000000000000e+00,  0.000000000000000e+00,  0.000000000000000e+00,  0.000000000000000e+00,  0.000000000000000e+00,  0.000000000000000e+00,  0.000000000000000e+00,  0.000000000000000e+00,  0.000000000000000e+00,  0.000000000000000e+00,  0.000000000000000e+00,  0.000000000000000e+00,  0.000000000000000e+00,  0.000000000000000e+00,  0.000000000000000e+00,  0.000000000000000e+00,  0.000000000000000e+00, -2.763591009733207e-03, -7.927211481642755e-03,  1.493838311314340e-02, -3.068772839036570e-03, -1.462399064679641e-02,  2.318024965830753e-02, -3.221363753697270e-03, -1.571322581221192e-02,  2.871775374336044e-02, -3.034863746908679e-03, -1.462399064679399e-02,  2.833141624906894e-02, -2.780545555821555e-03, -9.500551165019522e-03,  2.253635383449653e-02, -2.085409166856316e-03, -4.854492527348964e-03,  1.107500817010566e-02, -5.934601132939413e-02,  6.301941008245057e-02
  2.140000000000000e+00,  6.293105790683667e-01,  9.015242124196290e-01, -2.860268582528195e-01, -5.824535142865055e-02, -9.562285682783879e-02,  1.422391611444875e-01,  0.000000000000000e+00,  8.673617379884035e-19,  0.000000000000000e+00,  6.291041085371746e-03,  2.122966971467035e-02, -7.523102898421467e-02,  9.751113682293290e-03,  2.303182710766797e-02, -7.705481150502234e-02,  1.085204587221540e-02,  2.250779552530986e-02, -7.386319209353201e-02,  9.803539024652997e-03,  2.165145123218768e-02, -6.793589890079699e-02,  8.702606834705806e-03,  2.080788819717136e-02, -5.699320377578028e-02,  6.972570536221576e-03,  1.857116802855865e-02, -4.012321545809010e-02,  0.000000000000000e+00,  0.000000000000000e+00,  0.000000000000000e+00,  0.000000000000000e+00,  0.000000000000000e+00,  0.000000000000000e+00,  0.000000000000000e+00,  0.000000000000000e+00,  0.000000000000000e+00,  0.000000000000000e+00,  0.000000000000000e+00,  0.000000000000000e+00,  0.000000000000000e+00,  0.000000000000000e+00,  0.000000000000000e+00,  0.000000000000000e+00,  0.000000000000000e+00,  0.000000000000000e+00,  0.000000000000000e+00,  0.000000000000000e+00,  0.000000000000000e+00,  0.000000000000000e+00,  0.000000000000000e+00,  0.000000000000000e+00,  0.000000000000000e+00,  0.000000000000000e+00,  0.000000000000000e+00,  0.000000000000000e+00,  0.000000000000000e+00,  0.000000000000000e+00,  0.000000000000000e+00,  0.000000000000000e+00,  0.000000000000000e+00, -2.744520044534556e-03, -7.825966040477608e-03,  1.472403081079591e-02, -3.047595877681617e-03, -1.443721470571569e-02,  2.284763401673185e-02, -3.199133794264915e-03, -1.551253828379547e-02,  2.830567992074225e-02, -3.013920785128022e-03, -1.443721470571311e-02,  2.792488602047780e-02, -2.761357590837732e-03, -9.379211208813796e-03,  2.221297751629967e-02, -2.071018193117624e-03, -4.792491502309658e-03,  1.091609180802124e-02, -5.859032627992673e-02,  6.211479403605241e-02
  2.150000000000000e+00,  6.423326840017565e-01,  8.998490392288176e-01, -2.861801328847351e-01, -5.751175258330798e-02, -1.024170275258374e-01,  1.408505710307470e-01,  0.000000000000000e+00,  8.673617379884034e-19,  0.000000000000000e+00,  5.725779219722236e-03,  2.190479634608738e-02, -7.488216757093294e-02,  8.874957790535380e-03,  2.376426430803746e-02, -7.669749284535698e-02,  9.876969153968494e-03,  2.322356795031041e-02, -7.352067361503453e-02,  8.922672617348120e-03,  2.233999097548766e-02, -6.762086647304100e-02,  7.920661253889615e-03,  2.146960171670658e-02, -5.672891482631844e-02,  6.346071968458721e-03,  1.916175140932327e-02, -3.993715603766610e-02,  0.000000000000000e+00,  0.000000000000000e+00,  0.000000000000000e+00,  0.000000000000000e+00,  0.000000000000000e+00,  0.000000000000000e+00,  0.000000000000000e+00,  0.000000000000000e+00,  0.000000000000000e+00,  0.000000000000000e+00,  0.000000000000000e+00,  0.000000000000000e+00,  0.000000000000000e+00,  0.000000000000000e+00,  0.000000000000000e+00,  0.000000000000000e+00,  0.000000000000000e+00,  0.000000000000000e+00,  0.000000000000000e+00,  0.000000000000000e+00,  0.000000000000000e+00,  0.000000000000000e+00,  0.000000000000000e+00,  0.000000000000000e+00,  0.000000000000000e+00,  0.000000000000000e+00,  0.000000000000000e+00,  0.000000000000000e+00,  0.000000000000000e+00,  0.000000000000000e+00,  0.000000000000000e+00,  0.000000000000000e+00,  0.000000000000000e+00, -2.588122725564355e-03, -7.742786711462677e-03,  1.450026060744723e-02, -2.873927689132368e-03, -1.428376683412329e-02,  2.250040439084445e-02, -3.016830170926542e-03, -1.534766119142235e-02,  2.787550099533746e-02, -2.842171582088336e-03, -1.428376683412060e-02,  2.750049425550495e-02, -2.604000779113828e-03, -9.279523005337777e-03,  2.187539315779900e-02, -1.953000584324068e-03, -4.741553864015442e-03,  1.075019320898732e-02, -5.799524148556736e-02,  6.115965041804185e-02
  2.160000000000000e+00,  6.554683548575224e-01,  8.983822912341960e-01, -2.864176545536062e-01, -5.490204390599571e-02, -1.088780324073549e-01,  1.389941429778319e-01,  0.000000000000000e+00, -5.204170427930421e-18,  0.000000000000000e+00,  4.870135145489826e-03,  2.250682028924740e-02, -7.440982114991035e-02,  7.548709475475372e-03,  2.441739323372942e-02, -7.621369560200594e-02,  8.400983125918318e-03,  2.386183656193289e-02, -7.305691531075642e-02,  7.589293935004021e-03,  2.295397565924039e-02, -6.719432334132762e-02,  6.737020284536638e-03,  2.205966491927421e-02, -5.637107662857094e-02,  5.397733119519623e-03,  1.968838644208169e-02, -3.968523794645074e-02,  0.000000000000000e+00,  0.000000000000000e+00,  0.000000000000000e+00,  0.000000000000000e+00,  0.000000000000000e+00,  0.000000000000000e+00,  0.000000000000000e+00,  0.000000000000000e+00,  0.000000000000000e+00,  0.000000000000000e+00,  0.000000000000000e+00,  0.000000000000000e+00,  0.000000000000000e+00,  0.000000000000000e+00,  0.000000000000000e+00,  0.000000000000000e+00,  0.000000000000000e+00,  0.000000000000000e+00,  0.000000000000000e+00,  0.000000000000000e+00,  0.000000000000000e+00,  0.000000000000000e+00,  0.000000000000000e+00,  0.000000000000000e+00,  0.000000000000000e+00,  0.000000000000000e+00,  0.000000000000000e+00,  0.000000000000000e+00,  0.000000000000000e+00,  0.000000000000000e+00,  0.000000000000000e+00,  0.000000000000000e+00,  0.000000000000000e+00, -2.292604465482596e-03, -7.677344182015933e-03,  1.426539996040209e-02, -2.545775510759756e-03, -1.416303952153066e-02,  2.213596545577305e-02, -2.672361033408544e-03, -1.521794177554693e-02,  2.742400164799911e-02, -2.517645394637116e-03, -1.416303952152789e-02,  2.705506889041779e-02, -2.306669523571569e-03, -9.201091882260279e-03,  2.152107752648003e-02, -1.730002142666948e-03, -4.701477946915730e-03,  1.057607238445368e-02, -5.755739622160063e-02,  6.014703762722269e-02
  2.170000000000000e+00,  6.687210899749206e-01,  8.971522450123746e-01, -2.867404670714214e-01, -5.047499495925386e-02, -1.149643705762204e-01,  1.367033115561616e-01, -6.938893903907228e-18, -1.734723475976807e-18,  0.000000000000000e+00,  3.736367542152351e-03,  2.303005322148173e-02, -7.381409797961411e-02,  5.791369690303667e-03,  2.498504268820648e-02, -7.560353065788433e-02,  6.445234010163877e-03,  2.441657057377198e-02, -7.247202347082912e-02,  5.822506086473345e-03,  2.348760394774429e-02, -6.665636726633269e-02,  5.168641766590779e-03,  2.257250249523891e-02, -5.591977119652825e-02,  4.141140692491743e-03,  2.014609712873807e-02, -3.936751892229224e-02,  0.000000000000000e+00,  0.000000000000000e+00,  0.000000000000000e+00,  0.000000000000000e+00,  0.000000000000000e+00,  0.000000000000000e+00,  0.000000000000000e+00,  0.000000000000000e+00,  0.000000000000000e+00,  0.000000000000000e+00,  0.000000000000000e+00,  0.000000000000000e+00,  0.000000000000000e+00,  0.000000000000000e+00,  0.000000000000000e+00,  0.000000000000000e+00,  0.000000000000000e+00,  0.000000000000000e+00,  0.000000000000000e+00,  0.000000000000000e+00,  0.000000000000000e+00,  0.000000000000000e+00,  0.000000000000000e+00,  0.000000000000000e+00,  0.000000000000000e+00,  0.000000000000000e+00,  0.000000000000000e+00,  0.000000000000000e+00,  0.000000000000000e+00,  0.000000000000000e+00,  0.000000000000000e+00,  0.000000000000000e+00,  0.000000000000000e+00, -1.865946522989698e-03, -7.628521220537945e-03,  1.401623048880333e-02, -2.072001967255690e-03, -1.407297171727733e-02,  2.174932317225724e-02, -2.175029689398651e-03, -1.512116547276988e-02,  2.694499481897624e-02, -2.049106917911784e-03, -1.407297171727452e-02,  2.658250609945336e-02, -1.877394047688777e-03, -9.142578867359120e-03,  2.114517530639477e-02, -1.408045535754553e-03, -4.671579576952069e-03,  1.039134329344057e-02, -5.726566913972298e-02,  5.906411673324627e-02
  2.180000000000000e+00,  6.820918272199367e-01,  8.961847737711883e-01, -2.871464262899946e-01, -4.440243041812695e-02, -1.206535099073051e-01,  1.340486979684165e-01,  0.000000000000000e+00,  2.602085213965211e-18,  0.000000000000000e+00,  2.354330769602950e-03,  2.347129892228310e-02, -7.310325738204283e-02,  3.649212692854248e-03,  2.546374512820907e-02, -7.487545756097823e-02,  4.061220577520131e-03,  2.488438133783667e-02, -7.177410724775982e-02,  3.668832115922172e-03,  2.393761611942245e-02, -6.601445666610271e-02,  3.256824231236805e-03,  2.300498172516327e-02, -5.538125559230880e-02,  2.609383269589148e-03,  2.053208749795176e-02, -3.898840393692263e-02,  0.000000000000000e+00,  0.000000000000000e+00,  0.000000000000000e+00,  0.000000000000000e+00,  0.000000000000000e+00,  0.000000000000000e+00,  0.000000000000000e+00,  0.000000000000000e+00,  0.000000000000000e+00,  0.000000000000000e+00,  0.000000000000000e+00,  0.000000000000000e+00,  0.000000000000000e+00,  0.000000000000000e+00,  0.000000000000000e+00,  0.000000000000000e+00,  0.000000000000000e+00,  0.000000000000000e+00,  0.000000000000000e+00,  0.000000000000000e+00,  0.000000000000000e+00,  0.000000000000000e+00,  0.000000000000000e+00,  0.000000000000000e+00,  0.000000000000000e+00,  0.000000000000000e+00,  0.000000000000000e+00,  0.000000000000000e+00,  0.000000000000000e+00,  0.000000000000000e+00,  0.000000000000000e+00,  0.000000000000000e+00,  0.000000000000000e+00, -1.324702682370882e-03, -7.594489668250895e-03,  1.374908549787152e-02, -1.470988868163915e-03, -1.401019086382148e-02,  2.133478784150017e-02, -1.544131961069952e-03, -1.505370852816007e-02,  2.643143160364867e-02, -1.454734847538603e-03, -1.401019086381863e-02,  2.607585180630487e-02, -1.332829692709633e-03, -9.101792961182952e-03,  2.074215484593563e-02, -9.996222695199432e-04, -4.650739220080699e-03,  1.019328752430093e-02, -5.710204166516502e-02,  5.789669482077327e-02
  2.190000000000000e+00,  6.955755959891061e-01,  8.955045831852664e-01, -2.876296737938279e-01, -3.694651053870660e-02, -1.259415209489750e-01,  1.311371921718952e-01, -1.734723475976807e-18, -3.989863994746656e-17,  0.000000000000000e+00,  7.676912524121804e-04,  2.382939266384117e-02, -7.229534078105464e-02,  1.189921441211083e-03,  2.585223695378874e-02, -7.404795510299683e-02,  1.324267410370700e-03,  2.526403400423273e-02, -7.098088003951802e-02,  1.196318868305698e-03,  2.430282430617693e-02, -6.528488349309085e-02,  1.061972899129923e-03,  2.335596102152453e-02, -5.476919756125964e-02,  8.508578047101384e-04,  2.084533867584654e-02, -3.855751508306477e-02,  0.000000000000000e+00,  0.000000000000000e+00,  0.000000000000000e+00,  0.000000000000000e+00,  0.000000000000000e+00,  0.000000000000000e+00,  0.000000000000000e+00,  0.000000000000000e+00,  0.000000000000000e+00,  0.000000000000000e+00,  0.000000000000000e+00,  0.000000000000000e+00,  0.000000000000000e+00,  0.000000000000000e+00,  0.000000000000000e+00,  0.000000000000000e+00,  0.000000000000000e+00,  0.000000000000000e+00,  0.000000000000000e+00,  0.000000000000000e+00,  0.000000000000000e+00,  0.000000000000000e+00,  0.000000000000000e+00,  0.000000000000000e+00,  0.000000000000000e+00,  0.000000000000000e+00,  0.000000000000000e+00,  0.000000000000000e+00,  0.000000000000000e+00,  0.000000000000000e+00,  0.000000000000000e+00,  0.000000000000000e+00,  0.000000000000000e+00, -6.924310902726853e-04, -7.572521092567151e-03,  1.346075791049762e-02, -7.688958732576281e-04, -1.396966359315799e-02,  2.088738296453931e-02, -8.071282647590378e-04, -1.501016267457816e-02,  2.587714667274685e-02, -7.603997862768288e-04, -1.396966359315512e-02,  2.552902362335185e-02, -6.966791337878194e-04, -9.075464210172544e-03,  2.030717788222307e-02, -5.225093503284318e-04, -4.637286029543237e-03,  9.979527416419330e-03, -5.704054457123619e-02,  5.663298543285566e-02
  2.200000000000000e+00,  7.091597235952959e-01,  8.951346781959719e-01, -2.881804333483859e-01, -2.843790927055931e-02, -1.308456204062981e-01,  1.281106001420276e-01, -3.469446951953614e-18,  1.062518129035794e-17,  0.000000000000000e+00, -9.696329552261820e-04,  2.410430667466342e-02, -7.141877329683202e-02, -1.502931080625801e-03,  2.615048803596925e-02, -7.315013749794497e-02, -1.672616847800691e-03,  2.555549912949341e-02, -7.012025014591890e-02, -1.511011355257965e-03,  2.458320018476378e-02, -6.449331649218870e-02, -1.341325588095700e-03,  2.362541316458180e-02, -5.410513128533593e-02, -1.074676525414480e-03,  2.108582636863647e-02, -3.809001242481534e-02,  0.000000000000000e+00,  0.000000000000000e+00,  0.000000000000000e+00,  0.000000000000000e+00,  0.000000000000000e+00,  0.000000000000000e+00,  0.000000000000000e+00,  0.000000000000000e+00,  0.000000000000000e+00,  0.000000000000000e+00,  0.000000000000000e+00,  0.000000000000000e+00,  0.000000000000000e+00,  0.000000000000000e+00,  0.000000000000000e+00,  0.000000000000000e+00,  0.000000000000000e+00,  0.000000000000000e+00,  0.000000000000000e+00,  0.000000000000000e+00,  0.000000000000000e+00,  0.000000000000000e+00,  0.000000000000000e+00,  0.000000000000000e+00,  0.000000000000000e+00,  0.000000000000000e+00,  0.000000000000000e+00,  0.000000000000000e+00,  0.000000000000000e+00,  0.000000000000000e+00,  0.000000000000000e+00,  0.000000000000000e+00,  0.000000000000000e+00,  1.673482649341264e-06, -7.558356878127705e-03,  1.314904269615863e-02,  1.858284403953730e-06, -1.394353368102406e-02,  2.040368694228826e-02,  1.950685272910170e-06, -1.498208653450598e-02,  2.527790104517902e-02,  1.837750859021959e-06, -1.394353368102116e-02,  2.493783959615443e-02,  1.683749398519583e-06, -9.058488777600019e-03,  1.983691786058877e-02,  1.262812061573057e-06, -4.628612100089980e-03,  9.748428205787895e-03, -5.704289607490298e-02,  5.526588504982956e-02
  2.210000000000000e+00,  7.228235821528215e-01,  8.950936988016219e-01, -2.887856723751597e-01, -1.925422076986395e-02, -1.354077814875588e-01,  1.251367760648390e-01,  0.000000000000000e+00,  1.322726650432315e-17,  0.000000000000000e+00, -2.796824864773403e-03,  2.429612416870548e-02, -7.051045443006825e-02, -4.335078540421543e-03,  2.635858865262436e-02, -7.221979877986637e-02, -4.824522891764930e-03,  2.575886493744556e-02, -6.922844616764312e-02, -4.358385414296266e-03,  2.477882862239616e-02, -6.367307703068883e-02, -3.868941062961823e-03,  2.381341971503361e-02, -5.341701093172935e-02, -3.099814225154689e-03,  2.125362336974594e-02, -3.760557569587740e-02,  0.000000000000000e+00,  0.000000000000000e+00,  0.000000000000000e+00,  0.000000000000000e+00,  0.000000000000000e+00,  0.000000000000000e+00,  0.000000000000000e+00,  0.000000000000000e+00,  0.000000000000000e+00,  0.000000000000000e+00,  0.000000000000000e+00,  0.000000000000000e+00,  0.000000000000000e+00,  0.000000000000000e+00,  0.000000000000000e+00,  0.000000000000000e+00,  0.000000000000000e+00,  0.000000000000000e+00,  0.000000000000000e+00,  0.000000000000000e+00,  0.000000000000000e+00,  0.000000000000000e+00,  0.000000000000000e+00,  0.000000000000000e+00,  0.000000000000000e+00,  0.000000000000000e+00,  0.000000000000000e+00,  0.000000000000000e+00,  0.000000000000000e+00,  0.000000000000000e+00,  0.000000000000000e+00,  0.000000000000000e+00,  0.000000000000000e+00,  7.241888376713115e-04, -7.545545846838349e-03,  1.281303840330730e-02,  8.041606111458402e-04, -1.391990009912886e-02,  1.988230097062088e-02,  8.441464978753400e-04, -1.495669265823510e-02,  2.463196175805662e-02,  7.952748585218110e-04, -1.391990009912589e-02,  2.430059007522610e-02,  7.286317139615293e-04, -9.043135098879065e-03,  1.933001483257762e-02,  5.464737854840703e-04, -4.620766837502220e-03,  9.499321574879861e-03, -5.705394526795983e-02,  5.379426475085691e-02
  2.220000000000000e+00,  7.365390222207781e-01,  8.953919977666300e-01, -2.894305565565078e-01, -9.792810675549915e-03, -1.396947810602076e-01,  1.223858581767976e-01, -3.469446951953613e-18, -3.220080452281948e-17,  0.000000000000000e+00, -4.650332051383817e-03,  2.440464997106086e-02, -6.961025626031192e-02, -7.208014679665436e-03,  2.647632706071859e-02, -7.129777762417694e-02, -8.021822788663474e-03,  2.587392450273631e-02, -6.834461523733801e-02, -7.246767446758263e-03,  2.488951056652013e-02, -6.286017080466806e-02, -6.432959337765571e-03,  2.391978937562020e-02, -5.273504262130999e-02, -5.154118023640112e-03,  2.134855894519567e-02, -3.712547000534271e-02,  0.000000000000000e+00,  0.000000000000000e+00,  0.000000000000000e+00,  0.000000000000000e+00,  0.000000000000000e+00,  0.000000000000000e+00,  0.000000000000000e+00,  0.000000000000000e+00,  0.000000000000000e+00,  0.000000000000000e+00,  0.000000000000000e+00,  0.000000000000000e+00,  0.000000000000000e+00,  0.000000000000000e+00,  0.000000000000000e+00,  0.000000000000000e+00,  0.000000000000000e+00,  0.000000000000000e+00,  0.000000000000000e+00,  0.000000000000000e+00,  0.000000000000000e+00,  0.000000000000000e+00,  0.000000000000000e+00,  0.000000000000000e+00,  0.000000000000000e+00,  0.000000000000000e+00,  0.000000000000000e+00,  0.000000000000000e+00,  0.000000000000000e+00,  0.000000000000000e+00,  0.000000000000000e+00,  0.000000000000000e+00,  0.000000000000000e+00,  1.440054901191429e-03, -7.525395580496282e-03,  1.245341190281150e-02,  1.599079368796640e-03, -1.388272721592779e-02,  1.932425984915952e-02,  1.678591602592111e-03, -1.491675103614728e-02,  2.394061081313398e-02,  1.581409983492293e-03, -1.388272721592475e-02,  2.361853981566055e-02,  1.448889593823223e-03, -9.018985543033915e-03,  1.878747485337778e-02,  1.086667195380606e-03, -4.608427149377529e-03,  9.232701927959375e-03, -5.700194174206251e-02,  5.222400146199262e-02
  2.230000000000000e+00,  7.502707450227681e-01,  8.960281899799117e-01, -2.901005895988334e-01, -4.314390215695112e-04, -1.437895735066327e-01,  1.199963869542152e-01,  0.000000000000000e+00, -3.286487835346685e-17,  0.000000000000000e+00, -6.469860846860600e-03,  2.442913899571077e-02, -6.875351482846620e-02, -1.002828431265240e-02,  2.650289492490844e-02, -7.042026670307491e-02, -1.116050996085682e-02,  2.589988788166995e-02, -6.750345092243616e-02, -1.008219981970399e-02,  2.491448612808372e-02, -6.208650732985139e-02, -8.949974171501441e-03,  2.394379186335654e-02, -5.208599608203496e-02, -7.170762438619412e-03,  2.136998131293569e-02, -3.666854124169353e-02,  0.000000000000000e+00,  0.000000000000000e+00,  0.000000000000000e+00,  0.000000000000000e+00,  0.000000000000000e+00,  0.000000000000000e+00,  0.000000000000000e+00,  0.000000000000000e+00,  0.000000000000000e+00,  0.000000000000000e+00,  0.000000000000000e+00,  0.000000000000000e+00,  0.000000000000000e+00,  0.000000000000000e+00,  0.000000000000000e+00,  0.000000000000000e+00,  0.000000000000000e+00,  0.000000000000000e+00,  0.000000000000000e+00,  0.000000000000000e+00,  0.000000000000000e+00,  0.000000000000000e+00,  0.000000000000000e+00,  0.000000000000000e+00,  0.000000000000000e+00,  0.000000000000000e+00,  0.000000000000000e+00,  0.000000000000000e+00,  0.000000000000000e+00,  0.000000000000000e+00,  0.000000000000000e+00,  0.000000000000000e+00,  0.000000000000000e+00,  2.116650288905375e-03, -7.487660307726657e-03,  1.207264154941092e-02,  2.350390811595312e-03, -1.381311379924078e-02,  1.873340930077653e-02,  2.467261072933645e-03, -1.484195262014840e-02,  2.320861263374695e-02,  2.324419642393502e-03, -1.381311379923766e-02,  2.289638914541269e-02,  2.129635873487304e-03, -8.973760826813759e-03,  1.821303682022610e-02,  1.597226905128915e-03, -4.585318695654253e-03,  8.950406665954168e-03, -5.680452797265718e-02,  5.056871605953452e-02
  2.240000000000000e+00,  7.639768506198814e-01,  8.969873780261456e-01, -2.907841539490891e-01,  8.518556498666889e-03, -1.477737287715422e-01,  1.180469836155007e-01,  0.000000000000000e+00,  8.998878031629685e-18,  0.000000000000000e+00, -8.205341712536453e-03,  2.436709397049714e-02, -6.796494251815449e-02, -1.271827965444809e-02,  2.643558298304532e-02, -6.961257748827131e-02, -1.415421445414388e-02,  2.583410745457719e-02, -6.672921629049501e-02, -1.278665750204365e-02,  2.485120842025006e-02, -6.137440263751105e-02, -1.135072270234648e-02,  2.388297952076308e-02, -5.148859281664932e-02, -9.094253731403207e-03,  2.131570592363073e-02, -3.624796934286298e-02,  0.000000000000000e+00,  0.000000000000000e+00,  0.000000000000000e+00,  0.000000000000000e+00,  0.000000000000000e+00,  0.000000000000000e+00,  0.000000000000000e+00,  0.000000000000000e+00,  0.000000000000000e+00,  0.000000000000000e+00,  0.000000000000000e+00,  0.000000000000000e+00,  0.000000000000000e+00,  0.000000000000000e+00,  0.000000000000000e+00,  0.000000000000000e+00,  0.000000000000000e+00,  0.000000000000000e+00,  0.000000000000000e+00,  0.000000000000000e+00,  0.000000000000000e+00,  0.000000000000000e+00,  0.000000000000000e+00,  0.000000000000000e+00,  0.000000000000000e+00,  0.000000000000000e+00,  0.000000000000000e+00,  0.000000000000000e+00,  0.000000000000000e+00,  0.000000000000000e+00,  0.000000000000000e+00,  0.000000000000000e+00,  0.000000000000000e+00,  2.727991666388049e-03, -7.421633195200414e-03,  1.167506340039275e-02,  3.029242279842745e-03, -1.369130805730302e-02,  1.811647769022794e-02,  3.179867586563988e-03, -1.471107445053526e-02,  2.244430291623192e-02,  2.995769989445670e-03, -1.369130805729989e-02,  2.214236162140598e-02,  2.744727811568980e-03, -8.894629096534119e-03,  1.761324219885747e-02,  2.058545858690278e-03, -4.544884789594925e-03,  8.655650452025149e-03, -5.637765353583072e-02,  4.884955212615309e-02
  2.250000000000000e+00,  7.776105128819740e-01,  8.982413856101703e-01, -2.914743574014729e-01,  1.684959999425514e-02, -1.517080597909893e-01,  1.165471282423223e-01,  0.000000000000000e+00, -1.127570259384925e-17,  0.000000000000000e+00, -9.822397001839912e-03,  2.421295215619444e-02, -6.725645562405835e-02, -1.522471535286667e-02,  2.626835628263977e-02, -6.888691515431891e-02, -1.694363482818884e-02,  2.567068557920877e-02, -6.603361097629318e-02, -1.530656866120346e-02,  2.469400418579567e-02, -6.073461750284477e-02, -1.358764918587697e-02,  2.373190012661203e-02, -5.095186032112499e-02, -1.088649001037478e-02,  2.118086663634473e-02, -3.587010966601481e-02,  0.000000000000000e+00,  0.000000000000000e+00,  0.000000000000000e+00,  0.000000000000000e+00,  0.000000000000000e+00,  0.000000000000000e+00,  0.000000000000000e+00,  0.000000000000000e+00,  0.000000000000000e+00,  0.000000000000000e+00,  0.000000000000000e+00,  0.000000000000000e+00,  0.000000000000000e+00,  0.000000000000000e+00,  0.000000000000000e+00,  0.000000000000000e+00,  0.000000000000000e+00,  0.000000000000000e+00,  0.000000000000000e+00,  0.000000000000000e+00,  0.000000000000000e+00,  0.000000000000000e+00,  0.000000000000000e+00,  0.000000000000000e+00,  0.000000000000000e+00,  0.000000000000000e+00,  0.000000000000000e+00,  0.000000000000000e+00,  0.000000000000000e+00,  0.000000000000000e+00,  0.000000000000000e+00,  0.000000000000000e+00,  0.000000000000000e+00,  3.257547399994588e-03, -7.317500000541994e-03,  1.126659196915825e-02,  3.617276560718666e-03, -1.349920483560491e-02,  1.748264271072267e-02,  3.797141141075225e-03, -1.450466285094511e-02,  2.165905180273195e-02,  3.577306653959232e-03, -1.349920483560180e-02,  2.136767442423010e-02,  3.277532353358115e-03, -8.769828244920591e-03,  1.699701374655847e-02,  2.458149265032120e-03, -4.481115352323145e-03,  8.352818184039167e-03, -5.564607135727929e-02,  4.709359627887381e-02
  2.260000000000000e+00,  7.911235705885166e-01,  8.997510941346758e-01, -2.921692959394978e-01,  2.447195568730611e-02, -1.556200318530075e-01,  1.154510601897850e-01,  1.734723475976807e-18, -3.968179951296946e-17,  0.000000000000000e+00, -1.130440517413240e-02,  2.395845679383075e-02, -6.662932516907356e-02, -1.752182801991825e-02,  2.599225715983475e-02, -6.824458153679000e-02, -1.950009892539009e-02,  2.540086840092921e-02, -6.541788289321955e-02, -1.761603139635504e-02,  2.443445262417967e-02, -6.016829969804378e-02, -1.563776049087637e-02,  2.348246096350045e-02, -5.047676149159579e-02, -1.252904906799324e-02,  2.095824065108599e-02, -3.553564009002775e-02,  0.000000000000000e+00,  0.000000000000000e+00,  0.000000000000000e+00,  0.000000000000000e+00,  0.000000000000000e+00,  0.000000000000000e+00,  0.000000000000000e+00,  0.000000000000000e+00,  0.000000000000000e+00,  0.000000000000000e+00,  0.000000000000000e+00,  0.000000000000000e+00,  0.000000000000000e+00,  0.000000000000000e+00,  0.000000000000000e+00,  0.000000000000000e+00,  0.000000000000000e+00,  0.000000000000000e+00,  0.000000000000000e+00,  0.000000000000000e+00,  0.000000000000000e+00,  0.000000000000000e+00,  0.000000000000000e+00,  0.000000000000000e+00,  0.000000000000000e+00,  0.000000000000000e+00,  0.000000000000000e+00,  0.000000000000000e+00,  0.000000000000000e+00,  0.000000000000000e+00,  0.000000000000000e+00,  0.000000000000000e+00,  0.000000000000000e+00,  3.699093941937524e-03, -7.167900840086566e-03,  1.085406791139276e-02,  4.107582843489879e-03, -1.322322674061719e-02,  1.684251917280720e-02,  4.311827294261142e-03, -1.420812914612385e-02,  2.086600986408995e-02,  4.062195187750576e-03, -1.322322674061410e-02,  2.058530121121892e-02,  3.721787769792575e-03, -8.590537648038948e-03,  1.637467141802693e-02,  2.791340827357592e-03, -4.389503313435313e-03,  8.046981382590144e-03, -5.455496456127214e-02,  4.533084517539408e-02
  2.270000000000000e+00,  8.044717367076104e-01,  9.014707142391528e-01, -2.928710283104956e-01,  3.140182610405232e-02, -1.595000298130907e-01,  1.146888526896990e-01,  0.000000000000000e+00, -1.951563910473908e-18,  0.000000000000000e+00, -1.265074128380592e-02,  2.359448703242939e-02, -6.607931182823011e-02, -1.960864898991043e-02,  2.559739050718879e-02, -6.768123453920005e-02, -2.182252871457389e-02,  2.501498595070174e-02, -6.487786979494022e-02, -1.971407183392614e-02,  2.406325167546551e-02, -5.967162098419636e-02, -1.750019210925385e-02,  2.312572238941141e-02, -5.006008471823636e-02, -1.402123825621000e-02,  2.063984928244254e-02, -3.524229964158549e-02,  0.000000000000000e+00,  0.000000000000000e+00,  0.000000000000000e+00,  0.000000000000000e+00,  0.000000000000000e+00,  0.000000000000000e+00,  0.000000000000000e+00,  0.000000000000000e+00,  0.000000000000000e+00,  0.000000000000000e+00,  0.000000000000000e+00,  0.000000000000000e+00,  0.000000000000000e+00,  0.000000000000000e+00,  0.000000000000000e+00,  0.000000000000000e+00,  0.000000000000000e+00,  0.000000000000000e+00,  0.000000000000000e+00,  0.000000000000000e+00,  0.000000000000000e+00,  0.000000000000000e+00,  0.000000000000000e+00,  0.000000000000000e+00,  0.000000000000000e+00,  0.000000000000000e+00,  0.000000000000000e+00,  0.000000000000000e+00,  0.000000000000000e+00,  0.000000000000000e+00,  0.000000000000000e+00,  0.000000000000000e+00,  0.000000000000000e+00,  4.055529396517654e-03, -6.969176086398181e-03,  1.044422137933554e-02,  4.503379268514979e-03, -1.285662255124298e-02,  1.620655041616409e-02,  4.727304204509316e-03, -1.381421926540321e-02,  2.007811523780192e-02,  4.453618171616275e-03, -1.285662255124001e-02,  1.980800606420715e-02,  4.080409944954074e-03, -8.352371340183518e-03,  1.575636846017628e-02,  3.060307458728086e-03, -4.267807577928160e-03,  7.743129643304085e-03, -5.307882361065477e-02,  4.358976688438301e-02
  2.280000000000000e+00,  8.176197969353726e-01,  9.033529797264308e-01, -2.935840732678179e-01,  3.772714743829184e-02, -1.633027406864735e-01,  1.142003565041155e-01,  0.000000000000000e+00, -3.035766082959412e-18,  0.000000000000000e+00, -1.387168126373783e-02,  2.311245817023077e-02, -6.560219705194346e-02, -2.150110595880297e-02,  2.507444287944507e-02, -6.719255334409595e-02, -2.392865017995358e-02,  2.450393668740712e-02, -6.440942983277222e-02, -2.161670330265063e-02,  2.357164608090476e-02, -5.924077188319302e-02, -1.918915908148992e-02,  2.265327025957360e-02, -4.969863413015017e-02, -1.537444673396424e-02,  2.021818285452208e-02, -3.498783842757659e-02,  0.000000000000000e+00,  0.000000000000000e+00,  0.000000000000000e+00,  0.000000000000000e+00,  0.000000000000000e+00,  0.000000000000000e+00,  0.000000000000000e+00,  0.000000000000000e+00,  0.000000000000000e+00,  0.000000000000000e+00,  0.000000000000000e+00,  0.000000000000000e+00,  0.000000000000000e+00,  0.000000000000000e+00,  0.000000000000000e+00,  0.000000000000000e+00,  0.000000000000000e+00,  0.000000000000000e+00,  0.000000000000000e+00,  0.000000000000000e+00,  0.000000000000000e+00,  0.000000000000000e+00,  0.000000000000000e+00,  0.000000000000000e+00,  0.000000000000000e+00,  0.000000000000000e+00,  0.000000000000000e+00,  0.000000000000000e+00,  0.000000000000000e+00,  0.000000000000000e+00,  0.000000000000000e+00,  0.000000000000000e+00,  0.000000000000000e+00,  4.335925420261328e-03, -6.721642516983412e-03,  1.004242980637622e-02,  4.814739270341598e-03, -1.239997665346773e-02,  1.558308073398449e-02,  5.054146195378132e-03, -1.332356112144889e-02,  1.930570557598859e-02,  4.761537731434988e-03, -1.239997665346495e-02,  1.904598756376191e-02,  4.362526189703522e-03, -8.055708970732474e-03,  1.515021738027620e-02,  3.271894642289152e-03, -4.116222135080598e-03,  7.445249684038945e-03, -5.122279545878594e-02,  4.189226005066926e-02
  2.290000000000000e+00,  8.305448245023914e-01,  9.053536581005530e-01, -2.943139751752474e-01,  4.355966368610624e-02, -1.669512149823862e-01,  1.139558495974086e-01,  0.000000000000000e+00,  3.209238430557093e-17,  0.000000000000000e+00, -1.498126252124052e-02,  2.250457842752939e-02, -6.519699170749850e-02, -2.322095690793029e-02,  2.441496106346197e-02, -6.677752483978769e-02, -2.584267784914330e-02,  2.385945972961208e-02, -6.401159185823170e-02, -2.334580076225731e-02,  2.295168925722198e-02, -5.887485917821832e-02, -2.072407982103358e-02,  2.205746759785221e-02, -4.939166038437080e-02, -1.660423262769419e-02,  1.968642531921412e-02, -3.477172891055316e-02,  0.000000000000000e+00,  0.000000000000000e+00,  0.000000000000000e+00,  0.000000000000000e+00,  0.000000000000000e+00,  0.000000000000000e+00,  0.000000000000000e+00,  0.000000000000000e+00,  0.000000000000000e+00,  0.000000000000000e+00,  0.000000000000000e+00,  0.000000000000000e+00,  0.000000000000000e+00,  0.000000000000000e+00,  0.000000000000000e+00,  0.000000000000000e+00,  0.000000000000000e+00,  0.000000000000000e+00,  0.000000000000000e+00,  0.000000000000000e+00,  0.000000000000000e+00,  0.000000000000000e+00,  0.000000000000000e+00,  0.000000000000000e+00,  0.000000000000000e+00,  0.000000000000000e+00,  0.000000000000000e+00,  0.000000000000000e+00,  0.000000000000000e+00,  0.000000000000000e+00,  0.000000000000000e+00,  0.000000000000000e+00,  0.000000000000000e+00,  4.551750694874956e-03, -6.428891602247585e-03,  9.651701702807335e-03,  5.054398010864598e-03, -1.185991453340802e-02,  1.497677850430931e-02,  5.305721668856481e-03, -1.274327368486076e-02,  1.855456448033367e-02,  4.998548309080637e-03, -1.185991453340549e-02,  1.830495150526701e-02,  4.579675545757760e-03, -7.704854821011272e-03,  1.456075687919968e-02,  3.434756659328444e-03, -3.936946341663230e-03,  7.155571952080708e-03, -4.901667567950791e-02,  4.024974502638579e-02
  2.300000000000000e+00,  8.432364580832538e-01,  9.074342483237526e-01, -2.950661436807307e-01,  4.898826449791993e-02, -1.703446048298332e-01,  1.139554200664086e-01,  0.000000000000000e+00,  0.000000000000000e+00,  0.000000000000000e+00, -1.599040353369618e-02,  2.176399342088053e-02, -6.486563439872650e-02, -2.478512547723471e-02,  2.361150881663369e-02, -6.643813462656276e-02, -2.758344609562729e-02,  2.307428802780003e-02, -6.368625922780716e-02, -2.491837883999993e-02,  2.219639064116856e-02, -5.857563348727679e-02, -2.212005822159691e-02,  2.133159620060564e-02, -4.914063212016399e-02, -1.772269724983173e-02,  1.903858063850197e-02, -3.459500501255772e-02,  0.000000000000000e+00,  0.000000000000000e+00,  0.000000000000000e+00,  0.000000000000000e+00,  0.000000000000000e+00,  0.000000000000000e+00,  0.000000000000000e+00,  0.000000000000000e+00,  0.000000000000000e+00,  0.000000000000000e+00,  0.000000000000000e+00,  0.000000000000000e+00,  0.000000000000000e+00,  0.000000000000000e+00,  0.000000000000000e+00,  0.000000000000000e+00,  0.000000000000000e+00,  0.000000000000000e+00,  0.000000000000000e+00,  0.000000000000000e+00,  0.000000000000000e+00,  0.000000000000000e+00,  0.000000000000000e+00,  0.000000000000000e+00,  0.000000000000000e+00,  0.000000000000000e+00,  0.000000000000000e+00,  0.000000000000000e+00,  0.000000000000000e+00,  0.000000000000000e+00,  0.000000000000000e+00,  0.000000000000000e+00,  0.000000000000000e+00,  4.713674418470442e-03, -6.096716108195734e-03,  9.272330913440780e-03,  5.234202881852368e-03, -1.124712259145491e-02,  1.438809969322574e-02,  5.494467113541008e-03, -1.208483930861055e-02,  1.782525684215671e-02,  5.176366385915088e-03, -1.124712259145277e-02,  1.758545518060647e-02,  4.742592666431796e-03, -7.306751366308278e-03,  1.398843025730967e-02,  3.556944499832369e-03, -3.733527591277136e-03,  6.874314297893589e-03, -4.650634359018447e-02,  3.866206796564092e-02
  2.310000000000000e+00,  8.556948751504222e-01,  9.095627846265353e-01, -2.958450084600150e-01,  5.404936977425878e-02, -1.733693938051434e-01,  1.142126601411243e-01,  0.000000000000000e+00, -1.084202172485504e-17,  0.000000000000000e+00, -1.690271807383145e-02,  2.088561470191201e-02, -6.461029509298966e-02, -2.619921301444275e-02,  2.265856573922159e-02, -6.617660527705282e-02, -2.915718867735920e-02,  2.214302678511223e-02, -6.343556245490840e-02, -2.634006899837761e-02,  2.130056068937195e-02, -5.834505435665258e-02, -2.338209333545160e-02,  2.047066871446312e-02, -4.894719325219678e-02, -1.873384586514886e-02,  1.827019756886717e-02, -3.445882404951556e-02,  0.000000000000000e+00,  0.000000000000000e+00,  0.000000000000000e+00,  0.000000000000000e+00,  0.000000000000000e+00,  0.000000000000000e+00,  0.000000000000000e+00,  0.000000000000000e+00,  0.000000000000000e+00,  0.000000000000000e+00,  0.000000000000000e+00,  0.000000000000000e+00,  0.000000000000000e+00,  0.000000000000000e+00,  0.000000000000000e+00,  0.000000000000000e+00,  0.000000000000000e+00,  0.000000000000000e+00,  0.000000000000000e+00,  0.000000000000000e+00,  0.000000000000000e+00,  0.000000000000000e+00,  0.000000000000000e+00,  0.000000000000000e+00,  0.000000000000000e+00,  0.000000000000000e+00,  0.000000000000000e+00,  0.000000000000000e+00,  0.000000000000000e+00,  0.000000000000000e+00,  0.000000000000000e+00,  0.000000000000000e+00,  0.000000000000000e+00,  4.830185514174913e-03, -5.732227770867904e-03,  8.902332332008024e-03,  5.363580233525642e-03, -1.057472044244044e-02,  1.381396396342075e-02,  5.630277593199263e-03, -1.136235479263522e-02,  1.711396646578673e-02,  5.304314153593268e-03, -1.057472044243866e-02,  1.688373373306552e-02,  4.859818554135606e-03, -6.869921832259296e-03,  1.343024274221881e-02,  3.644863915608547e-03, -3.510320992845928e-03,  6.600005004761472e-03, -4.374699782272499e-02,  3.711952615469648e-02
  2.320000000000000e+00,  8.679279293134172e-01,  9.117134319316426e-01, -2.966534720806834e-01,  5.872111674335363e-02, -1.759105439797513e-01,  1.147373023957679e-01,  0.000000000000000e+00,  6.938893903907227e-18,  0.000000000000000e+00, -1.771403455223916e-02,  1.986715427031901e-02, -6.443094069038786e-02, -2.745675355597336e-02,  2.155364960572916e-02, -6.599290288893561e-02, -3.055670960261162e-02,  2.106325025288110e-02, -6.325946904145097e-02, -2.760437051056390e-02,  2.026186594456757e-02, -5.818309189613174e-02, -2.450441446391744e-02,  1.947244259607935e-02, -4.881131870478604e-02, -1.963305496205225e-02,  1.737927462659947e-02, -3.436316836814503e-02,  0.000000000000000e+00,  0.000000000000000e+00,  0.000000000000000e+00,  0.000000000000000e+00,  0.000000000000000e+00,  0.000000000000000e+00,  0.000000000000000e+00,  0.000000000000000e+00,  0.000000000000000e+00,  0.000000000000000e+00,  0.000000000000000e+00,  0.000000000000000e+00,  0.000000000000000e+00,  0.000000000000000e+00,  0.000000000000000e+00,  0.000000000000000e+00,  0.000000000000000e+00,  0.000000000000000e+00,  0.000000000000000e+00,  0.000000000000000e+00,  0.000000000000000e+00,  0.000000000000000e+00,  0.000000000000000e+00,  0.000000000000000e+00,  0.000000000000000e+00,  0.000000000000000e+00,  0.000000000000000e+00,  0.000000000000000e+00,  0.000000000000000e+00,  0.000000000000000e+00,  0.000000000000000e+00,  0.000000000000000e+00,  0.000000000000000e+00,  4.908211506798140e-03, -5.343289984758822e-03,  8.538425584101532e-03,  5.450222593433790e-03, -9.857214348473474e-03,  1.324928107874362e-02,  5.721228136750340e-03, -1.059140686546258e-02,  1.641438711421466e-02,  5.389999139359812e-03, -9.857214348472004e-03,  1.619356576290387e-02,  4.938323233831096e-03, -6.403790287075698e-03,  1.288124549322506e-02,  3.703742425378602e-03, -3.272141958434936e-03,  6.330212070968140e-03, -4.079905958855849e-02,  3.560702259764445e-02
  2.330000000000000e+00,  8.799485258494393e-01,  9.138656474278487e-01, -2.974926675186992e-01,  6.293645842309958e-02, -1.778596058725473e-01,  1.155285274348151e-01,  0.000000000000000e+00, -5.204170427930421e-18,  0.000000000000000e+00, -1.841474021942825e-02,  1.870972172222368e-02, -6.432526261634657e-02, -2.854284734011539e-02,  2.029796420436368e-02, -6.588466292219219e-02, -3.176542687851234e-02,  1.983613483012574e-02, -6.315571238694306e-02, -2.869630350860157e-02,  1.908143804783364e-02, -5.808766139291584e-02, -2.547372397019794e-02,  1.833800539662053e-02, -4.873125955779831e-02, -2.040967040985555e-02,  1.636678245779485e-02, -3.430680672867165e-02,  0.000000000000000e+00,  0.000000000000000e+00,  0.000000000000000e+00,  0.000000000000000e+00,  0.000000000000000e+00,  0.000000000000000e+00,  0.000000000000000e+00,  0.000000000000000e+00,  0.000000000000000e+00,  0.000000000000000e+00,  0.000000000000000e+00,  0.000000000000000e+00,  0.000000000000000e+00,  0.000000000000000e+00,  0.000000000000000e+00,  0.000000000000000e+00,  0.000000000000000e+00,  0.000000000000000e+00,  0.000000000000000e+00,  0.000000000000000e+00,  0.000000000000000e+00,  0.000000000000000e+00,  0.000000000000000e+00,  0.000000000000000e+00,  0.000000000000000e+00,  0.000000000000000e+00,  0.000000000000000e+00,  0.000000000000000e+00,  0.000000000000000e+00,  0.000000000000000e+00,  0.000000000000000e+00,  0.000000000000000e+00,  0.000000000000000e+00,  4.954682377493478e-03, -4.938136671644447e-03,  8.177262526055379e-03,  5.501825216722437e-03, -9.109794114356636e-03,  1.268885564385082e-02,  5.775396636336141e-03, -9.788316710459918e-03,  1.572008226987586e-02,  5.441031567916922e-03, -9.109794114355509e-03,  1.550860134247912e-02,  4.985079201893487e-03, -5.918224866015331e-03,  1.233638743152227e-02,  3.738809401423982e-03, -3.024032804857097e-03,  6.062453252071939e-03, -3.772557896184013e-02,  3.410918423300076e-02
  2.340000000000000e+00,  8.917725602623542e-01,  9.160031949160587e-01, -2.983621167401992e-01,  6.660642227331841e-02, -1.791212634340679e-01,  1.165791881749768e-01, -1.734723475976807e-18, -3.165870343657673e-17,  0.000000000000000e+00, -1.899341692242095e-02,  1.741819428389755e-02, -6.429069381179263e-02, -2.943979622975340e-02,  1.889680078241062e-02, -6.584925608601429e-02, -3.276364419117469e-02,  1.846685137504255e-02, -6.312177210611274e-02, -2.959807470410002e-02,  1.776425112397713e-02, -5.805644471487175e-02, -2.627422674267363e-02,  1.707213744382291e-02, -4.870507106951095e-02, -2.105103708900799e-02,  1.523698753432133e-02, -3.428837003292225e-02,  0.000000000000000e+00,  0.000000000000000e+00,  0.000000000000000e+00,  0.000000000000000e+00,  0.000000000000000e+00,  0.000000000000000e+00,  0.000000000000000e+00,  0.000000000000000e+00,  0.000000000000000e+00,  0.000000000000000e+00,  0.000000000000000e+00,  0.000000000000000e+00,  0.000000000000000e+00,  0.000000000000000e+00,  0.000000000000000e+00,  0.000000000000000e+00,  0.000000000000000e+00,  0.000000000000000e+00,  0.000000000000000e+00,  0.000000000000000e+00,  0.000000000000000e+00,  0.000000000000000e+00,  0.000000000000000e+00,  0.000000000000000e+00,  0.000000000000000e+00,  0.000000000000000e+00,  0.000000000000000e+00,  0.000000000000000e+00,  0.000000000000000e+00,  0.000000000000000e+00,  0.000000000000000e+00,  0.000000000000000e+00,  0.000000000000000e+00,  4.977777068410407e-03, -4.525091460286423e-03,  7.816574910881155e-03,  5.527470241606651e-03, -8.347815034879500e-03,  1.212916796513785e-02,  5.802316828204292e-03, -8.969583327132186e-03,  1.502669142347125e-02,  5.466393222361082e-03, -8.347815034878652e-03,  1.482453862405266e-02,  5.008315578031353e-03, -5.423201215762285e-03,  1.179224663277271e-02,  3.756236683526266e-03, -2.771090783991683e-03,  5.795046916684430e-03, -3.459032394042022e-02,  3.261518494202937e-02
  2.350000000000000e+00,  9.034173619638654e-01,  9.181128270354584e-01, -2.992602700184716e-01,  6.964718713192003e-02, -1.796203567286885e-01,  1.178823384940446e-01,  0.000000000000000e+00, -8.673617379884035e-19,  0.000000000000000e+00, -1.944073368405880e-02,  1.600141501021276e-02, -6.432630398361154e-02, -3.013313721029972e-02,  1.735975306948396e-02, -6.588572953468591e-02, -3.353526560497889e-02,  1.696477533594843e-02, -6.315673482014152e-02, -3.029514332424652e-02,  1.631932391772736e-02, -5.808860177889905e-02, -2.689301492950130e-02,  1.568350610276103e-02, -4.873204847207806e-02, -2.154681316638674e-02,  1.399762553274983e-02, -3.430736212417600e-02,  0.000000000000000e+00,  0.000000000000000e+00,  0.000000000000000e+00,  0.000000000000000e+00,  0.000000000000000e+00,  0.000000000000000e+00,  0.000000000000000e+00,  0.000000000000000e+00,  0.000000000000000e+00,  0.000000000000000e+00,  0.000000000000000e+00,  0.000000000000000e+00,  0.000000000000000e+00,  0.000000000000000e+00,  0.000000000000000e+00,  0.000000000000000e+00,  0.000000000000000e+00,  0.000000000000000e+00,  0.000000000000000e+00,  0.000000000000000e+00,  0.000000000000000e+00,  0.000000000000000e+00,  0.000000000000000e+00,  0.000000000000000e+00,  0.000000000000000e+00,  0.000000000000000e+00,  0.000000000000000e+00,  0.000000000000000e+00,  0.000000000000000e+00,  0.000000000000000e+00,  0.000000000000000e+00,  0.000000000000000e+00,  0.000000000000000e+00,  4.987369151570412e-03, -4.112275563496165e-03,  7.455835246700549e-03,  5.538121573186649e-03, -7.586258991180784e-03,  1.156939952043718e-02,  5.813497783989132e-03, -8.151304488450058e-03,  1.433320051690976e-02,  5.476926859655543e-03, -7.586258991170488e-03,  1.414037719156887e-02,  5.017966508314974e-03, -4.928452392879861e-03,  1.124802731152290e-02,  3.763474881268827e-03, -2.518289191549760e-03,  5.527601993191611e-03, -3.145564537384152e-02,  3.112158299712643e-02
  2.360000000000000e+00,  9.149005311200962e-01,  9.201825651363855e-01, -3.001850484401575e-01,  7.200482367136923e-02, -1.793070782030719e-01,  1.194325015313418e-01,  1.734723475976807e-18,  1.821459649775647e-17,  0.000000000000000e+00, -1.975273321723316e-02,  1.447338820543688e-02, -6.443288789707251e-02, -3.061673648671501e-02,  1.570201417592063e-02, -6.599489730060648e-02, -3.407346479970618e-02,  1.534475414195842e-02, -6.326138084430238e-02, -3.078134259679245e-02,  1.476093896450524e-02, -5.818485028263305e-02, -2.732461428375012e-02,  1.418583744641509e-02, -4.881279386115555e-02, -2.189261264901164e-02,  1.266094705752139e-02, -3.436420687812854e-02,  0.000000000000000e+00,  0.000000000000000e+00,  0.000000000000000e+00,  0.000000000000000e+00,  0.000000000000000e+00,  0.000000000000000e+00,  0.000000000000000e+00,  0.000000000000000e+00,  0.000000000000000e+00,  0.000000000000000e+00,  0.000000000000000e+00,  0.000000000000000e+00,  0.000000000000000e+00,  0.000000000000000e+00,  0.000000000000000e+00,  0.000000000000000e+00,  0.000000000000000e+00,  0.000000000000000e+00,  0.000000000000000e+00,  0.000000000000000e+00,  0.000000000000000e+00,  0.000000000000000e+00,  0.000000000000000e+00,  0.000000000000000e+00,  0.000000000000000e+00,  0.000000000000000e+00,  0.000000000000000e+00,  0.000000000000000e+00,  0.000000000000000e+00,  0.000000000000000e+00,  0.000000000000000e+00,  0.000000000000000e+00,  0.000000000000000e+00,  4.995134941971650e-03, -3.707891233672403e-03,  7.096163037535841e-03,  5.546744935542360e-03, -6.840257364915577e-03,  1.101128747179432e-02,  5.822549932324160e-03, -7.349738603126459e-03,  1.364176170110284e-02,  5.485454936244477e-03, -6.840257364907869e-03,  1.345824024323701e-02,  5.025779941606768e-03, -4.443808577750443e-03,  1.070541837533888e-02,  3.769334956228333e-03, -2.270650950556484e-03,  5.260948458817625e-03, -2.838458727456574e-02,  2.963196507664458e-02
  2.370000000000000e+00,  9.262392069345079e-01,  9.221999785097584e-01, -3.011341288724018e-01,  7.366989217525635e-02, -1.781577953981273e-01,  1.212212820946119e-01,  0.000000000000000e+00,  4.336808689942017e-18,  0.000000000000000e+00, -1.993260871891384e-02,  1.285065631299688e-02, -6.461077709326815e-02, -3.089554351431707e-02,  1.394153081037057e-02, -6.617709896217332e-02, -3.438375004010772e-02,  1.362432616929641e-02, -6.343603569150248e-02, -3.106164858692483e-02,  1.310596736558770e-02, -5.834548961742635e-02, -2.757344206109498e-02,  1.259534526044043e-02, -4.894755840379644e-02, -2.209197466339373e-02,  1.124142301193040e-02, -3.445908111617951e-02,  0.000000000000000e+00,  0.000000000000000e+00,  0.000000000000000e+00,  0.000000000000000e+00,  0.000000000000000e+00,  0.000000000000000e+00,  0.000000000000000e+00,  0.000000000000000e+00,  0.000000000000000e+00,  0.000000000000000e+00,  0.000000000000000e+00,  0.000000000000000e+00,  0.000000000000000e+00,  0.000000000000000e+00,  0.000000000000000e+00,  0.000000000000000e+00,  0.000000000000000e+00,  0.000000000000000e+00,  0.000000000000000e+00,  0.000000000000000e+00,  0.000000000000000e+00,  0.000000000000000e+00,  0.000000000000000e+00,  0.000000000000000e+00,  0.000000000000000e+00,  0.000000000000000e+00,  0.000000000000000e+00,  0.000000000000000e+00,  0.000000000000000e+00,  0.000000000000000e+00,  0.000000000000000e+00,  0.000000000000000e+00,  0.000000000000000e+00,  5.013516753764337e-03, -3.319385454979428e-03,  6.739373959214715e-03,  5.567156640667892e-03, -6.123548231194625e-03,  1.045764924686315e-02,  5.843976584117570e-03, -6.579646995998132e-03,  1.295586545578235e-02,  5.505641097670576e-03, -6.123548231188797e-03,  1.278157130166416e-02,  5.044274525254208e-03, -3.978194781914545e-03,  1.016715898998841e-02,  3.783205893957110e-03, -2.032736470306227e-03,  4.996432417999867e-03, -2.543440348495435e-02,  2.815307567877418e-02
  2.380000000000000e+00,  9.374496751210054e-01,  9.241511347779571e-01, -3.021048351633848e-01,  7.467895259653529e-02, -1.761729340965381e-01,  1.232325506667875e-01,  0.000000000000000e+00,  0.000000000000000e+00,  1.387778780781446e-17, -1.999046226428438e-02,  1.115198810473603e-02, -6.485771176599661e-02, -3.098521650963960e-02,  1.209866499984241e-02, -6.643001993000457e-02, -3.448354740587432e-02,  1.182339015800754e-02, -6.367848064292739e-02, -3.115180369513782e-02,  1.137355078232434e-02, -5.856847910980315e-02, -2.765347279887308e-02,  1.093042542717299e-02, -4.913463012561029e-02, -2.215609567619457e-02,  9.755471833958484e-03, -3.459077960835969e-02,  0.000000000000000e+00,  0.000000000000000e+00,  0.000000000000000e+00,  0.000000000000000e+00,  0.000000000000000e+00,  0.000000000000000e+00,  0.000000000000000e+00,  0.000000000000000e+00,  0.000000000000000e+00,  0.000000000000000e+00,  0.000000000000000e+00,  0.000000000000000e+00,  0.000000000000000e+00,  0.000000000000000e+00,  0.000000000000000e+00,  0.000000000000000e+00,  0.000000000000000e+00,  0.000000000000000e+00,  0.000000000000000e+00,  0.000000000000000e+00,  0.000000000000000e+00,  0.000000000000000e+00,  0.000000000000000e+00,  0.000000000000000e+00,  0.000000000000000e+00,  0.000000000000000e+00,  0.000000000000000e+00,  0.000000000000000e+00,  0.000000000000000e+00,  0.000000000000000e+00,  0.000000000000000e+00,  0.000000000000000e+00,  0.000000000000000e+00,  5.054547674364294e-03, -2.953650171781033e-03,  6.386955188546057e-03,  5.612718583178921e-03, -5.448845736744702e-03,  9.910792533796391e-03,  5.891804037585169e-03, -5.854690798513779e-03,  1.227837075015928e-02,  5.550699593305444e-03, -5.448845736740293e-03,  1.211319087459144e-02,  5.085557169295616e-03, -3.539870816556219e-03,  9.635492741174177e-03,  3.814167876983380e-03, -1.808766262953989e-03,  4.735156432855077e-03, -2.265790514495117e-02,  2.669053151629030e-02
  2.390000000000000e+00,  9.485472089637659e-01,  9.260205950182200e-01, -3.030939320614889e-01,  7.510503194043427e-02, -1.733742931914485e-01,  1.254412389449258e-01, -1.387778780781445e-17, -3.469446951953613e-18,  0.000000000000000e+00, -1.994160166152126e-02,  9.396620875621152e-03, -6.516790084400885e-02, -3.090948257535560e-02,  1.019428706675006e-02, -6.674772874324560e-02, -3.439926286610998e-02,  9.962341578552764e-03, -6.398302991953442e-02, -3.107566258917322e-02,  9.583308707594961e-03, -5.884858924694136e-02, -2.758588229839573e-02,  9.209933043665651e-03, -4.936962185141287e-02, -2.210194184147693e-02,  8.219921813542860e-03, -3.475621378334158e-02,  0.000000000000000e+00,  0.000000000000000e+00,  0.000000000000000e+00,  0.000000000000000e+00,  0.000000000000000e+00,  0.000000000000000e+00,  0.000000000000000e+00,  0.000000000000000e+00,  0.000000000000000e+00,  0.000000000000000e+00,  0.000000000000000e+00,  0.000000000000000e+00,  0.000000000000000e+00,  0.000000000000000e+00,  0.000000000000000e+00,  0.000000000000000e+00,  0.000000000000000e+00,  0.000000000000000e+00,  0.000000000000000e+00,  0.000000000000000e+00,  0.000000000000000e+00,  0.000000000000000e+00,  0.000000000000000e+00,  0.000000000000000e+00,  0.000000000000000e+00,  0.000000000000000e+00,  0.000000000000000e+00,  0.000000000000000e+00,  0.000000000000000e+00,  0.000000000000000e+00,  0.000000000000000e+00,  0.000000000000000e+00,  0.000000000000000e+00,  5.128248517740306e-03, -2.616704730385093e-03,  6.039468357058835e-03,  5.694558169998231e-03, -4.827254273609752e-03,  9.371588829795115e-03,  5.977712996126781e-03, -5.186801488469927e-03,  1.161035727243195e-02,  5.631634875299661e-03, -4.827254273606299e-03,  1.145416412526417e-02,  5.159710165086420e-03, -3.136050707403491e-03,  9.111266917840704e-03,  3.869782623823211e-03, -1.602426476111532e-03,  4.477536885378463e-03, -2.010093126389339e-02,  2.524632791435658e-02
  2.400000000000000e+00,  9.595460019864577e-01,  9.277924642448586e-01, -3.040974102804078e-01,  7.504246746064847e-02, -1.698029190517318e-01,  1.278181235772586e-01,  0.000000000000000e+00,  8.673617379884035e-19,  0.000000000000000e+00, -1.980418554433994e-02,  7.603451097994978e-03, -6.553321153667156e-02, -3.069648759372391e-02,  8.248897578921660e-03, -6.712189545270325e-02, -3.416222006397392e-02,  8.061214559647601e-03, -6.434169859961265e-02, -3.086152247323828e-02,  7.754513040345076e-03, -5.917847587245410e-02, -2.739579000297020e-02,  7.452389155658541e-03, -4.964637237618297e-02, -2.194963897827621e-02,  6.651303097772073e-03, -3.495104615279195e-02,  0.000000000000000e+00,  0.000000000000000e+00,  0.000000000000000e+00,  0.000000000000000e+00,  0.000000000000000e+00,  0.000000000000000e+00,  0.000000000000000e+00,  0.000000000000000e+00,  0.000000000000000e+00,  0.000000000000000e+00,  0.000000000000000e+00,  0.000000000000000e+00,  0.000000000000000e+00,  0.000000000000000e+00,  0.000000000000000e+00,  0.000000000000000e+00,  0.000000000000000e+00,  0.000000000000000e+00,  0.000000000000000e+00,  0.000000000000000e+00,  0.000000000000000e+00,  0.000000000000000e+00,  0.000000000000000e+00,  0.000000000000000e+00,  0.000000000000000e+00,  0.000000000000000e+00,  0.000000000000000e+00,  0.000000000000000e+00,  0.000000000000000e+00,  0.000000000000000e+00,  0.000000000000000e+00,  0.000000000000000e+00,  0.000000000000000e+00,  5.241533562238786e-03, -2.313593566095117e-03,  5.696595483634952e-03,  5.820353219412741e-03, -4.268079733889180e-03,  8.839544715884773e-03,  6.109763047999647e-03, -4.585978086480931e-03,  1.095121373131580e-02,  5.756039924169233e-03, -4.268079733886515e-03,  1.080388798604681e-02,  5.273690209858881e-03, -2.772780075392727e-03,  8.594001807096094e-03,  3.955267657400219e-03, -1.416806238098828e-03,  4.223338030947605e-03, -1.780155262513293e-02,  2.381897919457994e-02
  2.410000000000000e+00,  9.704590092553671e-01,  9.294518697172329e-01, -3.051103906879034e-01,  7.459041779335275e-02, -1.655165791543921e-01,  1.303367166990028e-01,  0.000000000000000e+00,  1.301042606982605e-17,  0.000000000000000e+00, -1.959673706466739e-02,  5.790685685203517e-03, -6.594535995790654e-02, -3.037494245023112e-02,  6.282249009475225e-03, -6.754403535081872e-02, -3.380437143654018e-02,  6.139312156320000e-03, -6.474635341319529e-02, -3.053824859241965e-02,  5.905732420675427e-03, -5.955065838618768e-02, -2.710881960609619e-02,  5.675638949741883e-03, -4.995860602865180e-02, -2.171971691331210e-02,  5.065542625292153e-03, -3.517085864413867e-02,  0.000000000000000e+00,  0.000000000000000e+00,  0.000000000000000e+00,  0.000000000000000e+00,  0.000000000000000e+00,  0.000000000000000e+00,  0.000000000000000e+00,  0.000000000000000e+00,  0.000000000000000e+00,  0.000000000000000e+00,  0.000000000000000e+00,  0.000000000000000e+00,  0.000000000000000e+00,  0.000000000000000e+00,  0.000000000000000e+00,  0.000000000000000e+00,  0.000000000000000e+00,  0.000000000000000e+00,  0.000000000000000e+00,  0.000000000000000e+00,  0.000000000000000e+00,  0.000000000000000e+00,  0.000000000000000e+00,  0.000000000000000e+00,  0.000000000000000e+00,  0.000000000000000e+00,  0.000000000000000e+00,  0.000000000000000e+00,  0.000000000000000e+00,  0.000000000000000e+00,  0.000000000000000e+00,  0.000000000000000e+00,  0.000000000000000e+00,  5.397634217493771e-03, -2.048253251842100e-03,  5.357581471479732e-03,  5.993691983838440e-03, -3.778584243218782e-03,  8.313488490144764e-03,  6.291720867010970e-03, -4.060023621333125e-03,  1.029948851832042e-02,  5.927463343132346e-03, -3.778584243216558e-03,  1.016093037681399e-02,  5.430748537846136e-03, -2.454776798006051e-03,  8.082558254294617e-03,  4.073061403389097e-03, -1.254316240736330e-03,  3.972000056422259e-03, -1.578912279983480e-02,  2.240530180080107e-02
  2.420000000000000e+00,  9.812975972103389e-01,  9.309860613395745e-01, -3.061273248859988e-01,  7.383867673279278e-02, -1.605851469575474e-01,  1.329760257995460e-01,  0.000000000000000e+00, -5.204170427930421e-18,  0.000000000000000e+00, -1.933590195530609e-02,  3.975382349821381e-03, -6.639737905117353e-02, -2.997064803072087e-02,  4.312847076688132e-03, -6.800701248271175e-02, -3.335443087289302e-02,  4.214719035543730e-03, -6.519015397749849e-02, -3.013178054700156e-02,  4.054363456112499e-03, -5.995884532496478e-02, -2.674799770481772e-02,  3.896401243537935e-03, -5.030104473568539e-02, -2.143062466710800e-02,  3.477562043526534e-03, -3.541193549389671e-02,  0.000000000000000e+00,  0.000000000000000e+00,  0.000000000000000e+00,  0.000000000000000e+00,  0.000000000000000e+00,  0.000000000000000e+00,  0.000000000000000e+00,  0.000000000000000e+00,  0.000000000000000e+00,  0.000000000000000e+00,  0.000000000000000e+00,  0.000000000000000e+00,  0.000000000000000e+00,  0.000000000000000e+00,  0.000000000000000e+00,  0.000000000000000e+00,  0.000000000000000e+00,  0.000000000000000e+00,  0.000000000000000e+00,  0.000000000000000e+00,  0.000000000000000e+00,  0.000000000000000e+00,  0.000000000000000e+00,  0.000000000000000e+00,  0.000000000000000e+00,  0.000000000000000e+00,  0.000000000000000e+00,  0.000000000000000e+00,  0.000000000000000e+00,  0.000000000000000e+00,  0.000000000000000e+00,  0.000000000000000e+00,  0.000000000000000e+00,  5.595846427343737e-03, -1.823311365871141e-03,  5.021788403110323e-03,  6.213792658580772e-03, -3.363615115155507e-03,  7.792430280619236e-03,  6.522765774199663e-03, -3.614146447869468e-03,  9.653955292078773e-03,  6.145131966220576e-03, -3.363615115153594e-03,  9.524081454064777e-03,  5.630176773523793e-03, -2.185189957568047e-03,  7.575973883924075e-03,  4.222632580146263e-03, -1.116565569259914e-03,  3.723050022978631e-03, -1.408285259411618e-02,  2.100267691895401e-02
  2.430000000000000e+00,  9.920712240928085e-01,  9.323849365576951e-01, -3.071424347737330e-01,  7.285985866743259e-02, -1.550850554105697e-01,  1.357195353444265e-01,  0.000000000000000e+00, -1.301042606982605e-17,  0.000000000000000e+00, -1.903511529819621e-02,  2.173220890448983e-03, -6.688409810088747e-02, -2.950442871208859e-02,  2.357702615656922e-03, -6.850553078200040e-02, -3.283557388911526e-02,  2.304058993457273e-03, -6.566802358957038e-02, -2.966305467260108e-02,  2.216397464489713e-03, -6.039836737518647e-02, -2.633190949529979e-02,  2.130044316545222e-03, -5.066977128739091e-02, -2.109725278827846e-02,  1.901077636334122e-03, -3.567151898574982e-02,  0.000000000000000e+00,  0.000000000000000e+00,  0.000000000000000e+00,  0.000000000000000e+00,  0.000000000000000e+00,  0.000000000000000e+00,  0.000000000000000e+00,  0.000000000000000e+00,  0.000000000000000e+00,  0.000000000000000e+00,  0.000000000000000e+00,  0.000000000000000e+00,  0.000000000000000e+00,  0.000000000000000e+00,  0.000000000000000e+00,  0.000000000000000e+00,  0.000000000000000e+00,  0.000000000000000e+00,  0.000000000000000e+00,  0.000000000000000e+00,  0.000000000000000e+00,  0.000000000000000e+00,  0.000000000000000e+00,  0.000000000000000e+00,  0.000000000000000e+00,  0.000000000000000e+00,  0.000000000000000e+00,  0.000000000000000e+00,  0.000000000000000e+00,  0.000000000000000e+00,  0.000000000000000e+00,  0.000000000000000e+00,  0.000000000000000e+00,  5.831838832417975e-03, -1.640086125917874e-03,  4.689103279755106e-03,  6.475845574582235e-03, -3.025604176272496e-03,  7.276194742934602e-03,  6.797848945681925e-03, -3.250959521793799e-03,  9.014396819931592e-03,  6.404289269903557e-03, -3.025604176231554e-03,  8.893126907469764e-03,  5.867616984781926e-03, -1.965599402751932e-03,  7.074078222040952e-03,  4.400712738650788e-03, -1.004361478263646e-03,  3.476404155304431e-03, -1.269192894900260e-02,  1.961070314391154e-02
  2.440000000000000e+00,  1.002787310005843e+00,  9.336412125623750e-01, -3.081501446569099e-01,  7.170898452931621e-02, -1.490959665735372e-01,  1.385542593505207e-01, -3.469446951953613e-18, -2.862293735361731e-17,  0.000000000000000e+00, -1.870452499475615e-02,  3.965964230483056e-04, -6.740207611410869e-02, -2.899201374175319e-02,  4.302629466256650e-04, -6.903606583798498e-02, -3.226530561569309e-02,  4.204733901429084e-04, -6.617658382079009e-02, -2.914788478311218e-02,  4.044758222269789e-04, -6.086611721753445e-02, -2.587459290893004e-02,  3.887170239767075e-04, -5.106217887332120e-02, -2.073084853535483e-02,  3.469323316016227e-04, -3.594777392631990e-02,  0.000000000000000e+00,  0.000000000000000e+00,  0.000000000000000e+00,  0.000000000000000e+00,  0.000000000000000e+00,  0.000000000000000e+00,  0.000000000000000e+00,  0.000000000000000e+00,  0.000000000000000e+00,  0.000000000000000e+00,  0.000000000000000e+00,  0.000000000000000e+00,  0.000000000000000e+00,  0.000000000000000e+00,  0.000000000000000e+00,  0.000000000000000e+00,  0.000000000000000e+00,  0.000000000000000e+00,  0.000000000000000e+00,  0.000000000000000e+00,  0.000000000000000e+00,  0.000000000000000e+00,  0.000000000000000e+00,  0.000000000000000e+00,  0.000000000000000e+00,  0.000000000000000e+00,  0.000000000000000e+00,  0.000000000000000e+00,  0.000000000000000e+00,  0.000000000000000e+00,  0.000000000000000e+00,  0.000000000000000e+00,  0.000000000000000e+00,  6.097998777109060e-03, -1.497979409746244e-03,  4.360040410614009e-03,  6.771397415017940e-03, -2.763448020483569e-03,  6.765579946141429e-03,  7.108096733992037e-03, -2.969277252333824e-03,  8.381801821722389e-03,  6.696575344152635e-03, -2.763448020445850e-03,  8.269042155876058e-03,  6.135409812574774e-03, -1.795288300167326e-03,  6.577647169614810e-03,  4.601557359482597e-03, -9.173376876996357e-04,  3.232443752349413e-03, -1.161104045515797e-02,  1.823164393560680e-02
  2.450000000000000e+00,  1.013451215520147e+00,  9.347502859877592e-01, -3.091451500627109e-01,  7.042776878980582e-02, -1.427002764707112e-01,  1.414697558492130e-01,  0.000000000000000e+00,  1.127570259384924e-17,  0.000000000000000e+00, -1.835174857559783e-02, -1.343027028345975e-03, -6.794960255538142e-02, -2.844521029205558e-02, -1.457034741162560e-03, -6.959686564754543e-02, -3.165676629265477e-02, -1.423883562244429e-03, -6.671415523590218e-02, -2.859814152995429e-02, -1.369709684503311e-03, -6.136055018579658e-02, -2.538658552913823e-02, -1.316344372105432e-03, -5.147697163198368e-02, -2.033985467083164e-02, -1.174845437752287e-03, -3.623978802847682e-02,  0.000000000000000e+00,  0.000000000000000e+00,  0.000000000000000e+00,  0.000000000000000e+00,  0.000000000000000e+00,  0.000000000000000e+00,  0.000000000000000e+00,  0.000000000000000e+00,  0.000000000000000e+00,  0.000000000000000e+00,  0.000000000000000e+00,  0.000000000000000e+00,  0.000000000000000e+00,  0.000000000000000e+00,  0.000000000000000e+00,  0.000000000000000e+00,  0.000000000000000e+00,  0.000000000000000e+00,  0.000000000000000e+00,  0.000000000000000e+00,  0.000000000000000e+00,  0.000000000000000e+00,  0.000000000000000e+00,  0.000000000000000e+00,  0.000000000000000e+00,  0.000000000000000e+00,  0.000000000000000e+00,  0.000000000000000e+00,  0.000000000000000e+00,  0.000000000000000e+00,  0.000000000000000e+00,  0.000000000000000e+00,  0.000000000000000e+00,  6.385391186886543e-03, -1.395379195989879e-03,  4.035758204533411e-03,  7.090526409933426e-03, -2.574172816987655e-03,  6.262383419584744e-03,  7.443094021478225e-03, -2.765904309543698e-03,  7.758397236076964e-03,  7.012178051836252e-03, -2.574172816952118e-03,  7.654024179009023e-03,  6.424565365974806e-03, -1.672324685209155e-03,  6.088428324362118e-03,  4.818424024522652e-03, -8.545070224479836e-04,  2.992027634072158e-03, -1.082734949280052e-02,  1.687042998109979e-02
  2.460000000000000e+00,  1.024066520064455e+00,  9.357097825183861e-01, -3.101224107215334e-01,  6.904796957550328e-02, -1.359835788649097e-01,  1.444566313566478e-01,  0.000000000000000e+00, -1.301042606982605e-17,  0.000000000000000e+00, -1.798253089491360e-02, -3.036344701888796e-03, -6.852600682186798e-02, -2.787292288699380e-02, -3.294095817458361e-03, -7.018724335080682e-02, -3.101986579348304e-02, -3.219146911502029e-03, -6.728007942485156e-02, -2.802277731091291e-02, -3.096669431038719e-03, -6.188106070529535e-02, -2.487583440422716e-02, -2.976019972674666e-03, -5.191364153093450e-02, -1.993063840810878e-02, -2.656116105828573e-03, -3.654720363738496e-02,  0.000000000000000e+00,  0.000000000000000e+00,  0.000000000000000e+00,  0.000000000000000e+00,  0.000000000000000e+00,  0.000000000000000e+00,  0.000000000000000e+00,  0.000000000000000e+00,  0.000000000000000e+00,  0.000000000000000e+00,  0.000000000000000e+00,  0.000000000000000e+00,  0.000000000000000e+00,  0.000000000000000e+00,  0.000000000000000e+00,  0.000000000000000e+00,  0.000000000000000e+00,  0.000000000000000e+00,  0.000000000000000e+00,  0.000000000000000e+00,  0.000000000000000e+00,  0.000000000000000e+00,  0.000000000000000e+00,  0.000000000000000e+00,  0.000000000000000e+00,  0.000000000000000e+00,  0.000000000000000e+00,  0.000000000000000e+00,  0.000000000000000e+00,  0.000000000000000e+00,  0.000000000000000e+00,  0.000000000000000e+00,  0.000000000000000e+00,  6.684496367799619e-03, -1.329203114373917e-03,  3.717832695628317e-03,  7.422661610832098e-03, -2.452092259297971e-03,  5.769050733450217e-03,  7.791744232371003e-03, -2.634730855143945e-03,  7.147212852726775e-03,  7.340643250518955e-03, -2.452092259263860e-03,  7.051062007096897e-03,  6.725505548001283e-03, -1.593014419456870e-03,  5.608799323963112e-03,  5.044129161034482e-03, -8.139818901947000e-04,  2.756324239558800e-03, -1.031710218650491e-02,  1.553377622220535e-02
  2.470000000000000e+00,  1.034635831848766e+00,  9.365190132993074e-01, -3.110770005229536e-01,  6.759296523069722e-02, -1.290356753139489e-01,  1.475055642372637e-01,  0.000000000000000e+00, -1.734723475976807e-18,  0.000000000000000e+00, -1.760110207028184e-02, -4.674694448806751e-03, -6.913106761130111e-02, -2.728170820881456e-02, -5.071522815621277e-03, -7.080697228059923e-02, -3.036190107100154e-02, -4.956133006823550e-03, -6.787413910905103e-02, -2.742838405921648e-02, -4.767569172935197e-03, -6.242744893338242e-02, -2.434819119684981e-02, -4.581819724629337e-03, -5.237202091694824e-02, -1.950788812750517e-02, -4.089302248083466e-03, -3.686990272517701e-02,  0.000000000000000e+00,  0.000000000000000e+00,  0.000000000000000e+00,  0.000000000000000e+00,  0.000000000000000e+00,  0.000000000000000e+00,  0.000000000000000e+00,  0.000000000000000e+00,  0.000000000000000e+00,  0.000000000000000e+00,  0.000000000000000e+00,  0.000000000000000e+00,  0.000000000000000e+00,  0.000000000000000e+00,  0.000000000000000e+00,  0.000000000000000e+00,  0.000000000000000e+00,  0.000000000000000e+00,  0.000000000000000e+00,  0.000000000000000e+00,  0.000000000000000e+00,  0.000000000000000e+00,  0.000000000000000e+00,  0.000000000000000e+00,  0.000000000000000e+00,  0.000000000000000e+00,  0.000000000000000e+00,  0.000000000000000e+00,  0.000000000000000e+00,  0.000000000000000e+00,  0.000000000000000e+00,  0.000000000000000e+00,  0.000000000000000e+00,  6.986452852996160e-03, -1.295500487705986e-03,  3.407927290158601e-03,  7.757962983970940e-03, -2.389918202466055e-03,  5.288163035389386e-03,  8.143718049481882e-03, -2.567925903045349e-03,  6.551446426818219e-03,  7.672239636112470e-03, -2.389918202433495e-03,  6.463310376158459e-03,  7.029314526975067e-03, -1.552622721847642e-03,  5.141269617523358e-03,  5.271985895258081e-03, -7.933429619040151e-04,  2.526566783796746e-03, -1.005020714674534e-02,  1.422879211872188e-02
  2.480000000000000e+00,  1.045161909504917e+00,  9.371784550419341e-01, -3.120039292434426e-01,  6.607829365527516e-02, -1.219515876836390e-01,  1.506069245403016e-01,  0.000000000000000e+00, -3.469446951953615e-18,  0.000000000000000e+00, -1.721038822155835e-02, -6.248932348002822e-03, -6.976439538502076e-02, -2.667610174329443e-02, -6.779395599699291e-03, -7.145565345490207e-02, -2.968791968196240e-02, -6.625147420122596e-03, -6.849595183236397e-02, -2.681952164497529e-02, -6.373083321789685e-03, -6.299936310484747e-02, -2.380770370614230e-02, -6.124781374179675e-03, -5.285181468498525e-02, -1.907484694519650e-02, -5.466404997958661e-03, -3.720767753790744e-02,  0.000000000000000e+00,  0.000000000000000e+00,  0.000000000000000e+00,  0.000000000000000e+00,  0.000000000000000e+00,  0.000000000000000e+00,  0.000000000000000e+00,  0.000000000000000e+00,  0.000000000000000e+00,  0.000000000000000e+00,  0.000000000000000e+00,  0.000000000000000e+00,  0.000000000000000e+00,  0.000000000000000e+00,  0.000000000000000e+00,  0.000000000000000e+00,  0.000000000000000e+00,  0.000000000000000e+00,  0.000000000000000e+00,  0.000000000000000e+00,  0.000000000000000e+00,  0.000000000000000e+00,  0.000000000000000e+00,  0.000000000000000e+00,  0.000000000000000e+00,  0.000000000000000e+00,  0.000000000000000e+00,  0.000000000000000e+00,  0.000000000000000e+00,  0.000000000000000e+00,  0.000000000000000e+00,  0.000000000000000e+00,  0.000000000000000e+00,  7.283961028206149e-03, -1.290007561141520e-03,  3.107422770696563e-03,  8.088324822706758e-03, -2.379784940990814e-03,  4.821862919052188e-03,  8.490506719981531e-03, -2.557037888301722e-03,  5.973752393821249e-03,  7.998951067793268e-03, -2.379784940959168e-03,  5.893388011768850e-03,  7.328647905716592e-03, -1.546039596118078e-03,  4.687922282203666e-03,  5.496485929308247e-03, -7.899791849912756e-04,  2.303778950417432e-03, -9.994407023186186e-03,  1.296142124171318e-02
  2.490000000000000e+00,  1.055648514716008e+00,  9.376891161373065e-01, -3.128979748321006e-01,  6.451275015908946e-02, -1.148299494380478e-01,  1.537487291030466e-01,  0.000000000000000e+00, -3.469446951953613e-18,  0.000000000000000e+00, -1.681226919547285e-02, -7.749333297960704e-03, -7.042452796781563e-02, -2.605901725286479e-02, -8.407163517716277e-03, -7.213178925183267e-02, -2.900116436197513e-02, -8.215879553103165e-03, -6.914408200458462e-02, -2.619911949601121e-02, -7.903293562148686e-03, -6.359548283116921e-02, -2.325697238674919e-02, -7.595373033746971e-03, -5.335191512655649e-02, -1.863359835797680e-02, -6.778917087240932e-03, -3.755974824880241e-02,  0.000000000000000e+00,  0.000000000000000e+00,  0.000000000000000e+00,  0.000000000000000e+00,  0.000000000000000e+00,  0.000000000000000e+00,  0.000000000000000e+00,  0.000000000000000e+00,  0.000000000000000e+00,  0.000000000000000e+00,  0.000000000000000e+00,  0.000000000000000e+00,  0.000000000000000e+00,  0.000000000000000e+00,  0.000000000000000e+00,  0.000000000000000e+00,  0.000000000000000e+00,  0.000000000000000e+00,  0.000000000000000e+00,  0.000000000000000e+00,  0.000000000000000e+00,  0.000000000000000e+00,  0.000000000000000e+00,  0.000000000000000e+00,  0.000000000000000e+00,  0.000000000000000e+00,  0.000000000000000e+00,  0.000000000000000e+00,  0.000000000000000e+00,  0.000000000000000e+00,  0.000000000000000e+00,  0.000000000000000e+00,  0.000000000000000e+00,  7.571722631603148e-03, -1.308549444245962e-03,  2.817151100302016e-03,  8.407863781085632e-03, -2.413990704986273e-03,  4.371441361606127e-03,  8.825934355851897e-03, -2.593791391960669e-03,  5.415730131003419e-03,  8.314959208954885e-03, -2.413990704955666e-03,  5.342872774910266e-03,  7.618174917725760e-03, -1.568261547625123e-03,  4.250012434694244e-03,  5.713631188309571e-03, -8.013339259588606e-04,  2.088577539621403e-03, -1.011825865865851e-02,  1.173531502521385e-02
  2.500000000000000e+00,  1.066100473758718e+00,  9.380516951649753e-01, -3.137537019563594e-01,  6.290044910192842e-02, -1.077666254913793e-01,  1.569108639641870e-01,  0.000000000000000e+00,  2.081668171172169e-17,  0.000000000000000e+00, -1.640787635001251e-02, -9.166767010271358e-03, -7.110746106365774e-02, -2.543220834240602e-02, -9.944921223667670e-03, -7.283127830152038e-02, -2.830358670356830e-02, -9.718649431118064e-03, -6.981459813506845e-02, -2.556894064518868e-02, -9.348888209144805e-03, -6.421219211169459e-02, -2.269756228388746e-02, -8.984645811380598e-03, -5.386928868406820e-02, -1.818539628761652e-02, -8.018851574895727e-03, -3.792397923331735e-02,  0.000000000000000e+00,  0.000000000000000e+00,  0.000000000000000e+00,  0.000000000000000e+00,  0.000000000000000e+00,  0.000000000000000e+00,  0.000000000000000e+00,  0.000000000000000e+00,  0.000000000000000e+00,  0.000000000000000e+00,  0.000000000000000e+00,  0.000000000000000e+00,  0.000000000000000e+00,  0.000000000000000e+00,  0.000000000000000e+00,  0.000000000000000e+00,  0.000000000000000e+00,  0.000000000000000e+00,  0.000000000000000e+00,  0.000000000000000e+00,  0.000000000000000e+00,  0.000000000000000e+00,  0.000000000000000e+00,  0.000000000000000e+00,  0.000000000000000e+00,  0.000000000000000e+00,  0.000000000000000e+00,  0.000000000000000e+00,  0.000000000000000e+00,  0.000000000000000e+00,  0.000000000000000e+00,  0.000000000000000e+00,  0.000000000000000e+00,  7.846371928968355e-03, -1.347249426428434e-03,  2.537243429915105e-03,  8.712842448717444e-03, -2.485383801886812e-03,  3.937101873132997e-03,  9.146077708617386e-03, -2.670502043665173e-03,  4.877631764745583e-03,  8.616567946559829e-03, -2.485383801857183e-03,  4.812013400129445e-03,  7.894509180107612e-03, -1.614642442302071e-03,  3.827737932019828e-03,  5.920881885090606e-03, -8.250331516882027e-04,  1.881059784003076e-03, -1.039264262092917e-02,  1.055118953777144e-02
  2.510000000000000e+00,  1.076523047942163e+00,  9.382658297773088e-01, -3.145658237587183e-01,  6.124399488229755e-02, -1.008452667360068e-01,  1.600576321791599e-01,  0.000000000000000e+00, -4.336808689942019e-18,  0.000000000000000e+00, -1.599797756777610e-02, -1.049441869763868e-02, -7.180509658932652e-02, -2.479686522994599e-02, -1.138527543235995e-02, -7.354582620357580e-02, -2.759651130422474e-02, -1.112623198467462e-02, -7.049954937847237e-02, -2.493018170955773e-02, -1.070291708235718e-02, -6.484217813188013e-02, -2.213053563515263e-02, -1.028592031291023e-02, -5.439780044599180e-02, -1.773109180399650e-02, -9.180247060597476e-03, -3.829605151373709e-02,  0.000000000000000e+00,  0.000000000000000e+00,  0.000000000000000e+00,  0.000000000000000e+00,  0.000000000000000e+00,  0.000000000000000e+00,  0.000000000000000e+00,  0.000000000000000e+00,  0.000000000000000e+00,  0.000000000000000e+00,  0.000000000000000e+00,  0.000000000000000e+00,  0.000000000000000e+00,  0.000000000000000e+00,  0.000000000000000e+00,  0.000000000000000e+00,  0.000000000000000e+00,  0.000000000000000e+00,  0.000000000000000e+00,  0.000000000000000e+00,  0.000000000000000e+00,  0.000000000000000e+00,  0.000000000000000e+00,  0.000000000000000e+00,  0.000000000000000e+00,  0.000000000000000e+00,  0.000000000000000e+00,  0.000000000000000e+00,  0.000000000000000e+00,  0.000000000000000e+00,  0.000000000000000e+00,  0.000000000000000e+00,  0.000000000000000e+00,  8.106290451433958e-03, -1.402649705695685e-03,  2.267117274976556e-03,  9.001463630111107e-03, -2.587585334885005e-03,  3.517940598284576e-03,  9.449050219475215e-03, -2.780315828776883e-03,  4.358337518700356e-03,  8.901999943630631e-03, -2.587585334856464e-03,  4.299705175334186e-03,  8.156022294737469e-03, -1.681038196844080e-03,  3.420220025925227e-03,  6.117016721057708e-03, -8.589593617220407e-04,  1.680793841562119e-03, -1.079161694910971e-02,  9.406762241049941e-03
  2.520000000000000e+00,  1.086921317125490e+00,  9.383299462189243e-01, -3.153298149478805e-01,  5.954881292729442e-02, -9.412935612972054e-02,  1.631347743602220e-01,  0.000000000000000e+00, -4.336808689942018e-18,  0.000000000000000e+00, -1.558352066292861e-02, -1.172892941352295e-02, -7.250486221406506e-02, -2.415445702744032e-02, -1.272458206091178e-02, -7.426255584346657e-02, -2.688157314337886e-02, -1.243506604287745e-02, -7.118659199187215e-02, -2.428431969952546e-02, -1.196195450120870e-02, -6.547408769607374e-02, -2.155720358347296e-02, -1.149590432583302e-02, -5.492792591933103e-02, -1.727173540114963e-02, -1.026016522446518e-02, -3.866925984699252e-02,  0.000000000000000e+00,  0.000000000000000e+00,  0.000000000000000e+00,  0.000000000000000e+00,  0.000000000000000e+00,  0.000000000000000e+00,  0.000000000000000e+00,  0.000000000000000e+00,  0.000000000000000e+00,  0.000000000000000e+00,  0.000000000000000e+00,  0.000000000000000e+00,  0.000000000000000e+00,  0.000000000000000e+00,  0.000000000000000e+00,  0.000000000000000e+00,  0.000000000000000e+00,  0.000000000000000e+00,  0.000000000000000e+00,  0.000000000000000e+00,  0.000000000000000e+00,  0.000000000000000e+00,  0.000000000000000e+00,  0.000000000000000e+00,  0.000000000000000e+00,  0.000000000000000e+00,  0.000000000000000e+00,  0.000000000000000e+00,  0.000000000000000e+00,  0.000000000000000e+00,  0.000000000000000e+00,  0.000000000000000e+00,  0.000000000000000e+00,  8.351609452682113e-03, -1.471839660086650e-03,  2.005693265845683e-03,  9.273873073220374e-03, -2.715225835987094e-03,  3.112282653136173e-03,  9.735004883515076e-03, -2.917463346513193e-03,  3.855772397783558e-03,  9.171399337646486e-03, -2.715225835959581e-03,  3.803901020172540e-03,  8.402846320534844e-03, -1.763960508595232e-03,  3.025830357040008e-03,  6.302134740400443e-03, -9.013301395586476e-04,  1.486979489978375e-03, -1.129336273053242e-02,  8.297641091634386e-03
  2.530000000000000e+00,  1.097299778297297e+00,  9.382415734280212e-01, -3.160425059598495e-01,  5.782810414480748e-02, -8.765966891623224e-02,  1.660714539146897e-01, -8.673617379884034e-19, -1.821459649775647e-17,  0.000000000000000e+00, -1.516627056201131e-02, -1.287027509236504e-02, -7.319052373318369e-02, -2.350771937102744e-02, -1.396281500087257e-02, -7.496483946002548e-02, -2.616181671931365e-02, -1.364512609130815e-02, -7.185978693793603e-02, -2.363410495895144e-02, -1.312597592201667e-02, -6.609326082549499e-02, -2.098000761056338e-02, -1.261457426271388e-02, -5.544736646416938e-02, -1.680928320599217e-02, -1.125858501456830e-02, -3.903494599058300e-02,  0.000000000000000e+00,  0.000000000000000e+00,  0.000000000000000e+00,  0.000000000000000e+00,  0.000000000000000e+00,  0.000000000000000e+00,  0.000000000000000e+00,  0.000000000000000e+00,  0.000000000000000e+00,  0.000000000000000e+00,  0.000000000000000e+00,  0.000000000000000e+00,  0.000000000000000e+00,  0.000000000000000e+00,  0.000000000000000e+00,  0.000000000000000e+00,  0.000000000000000e+00,  0.000000000000000e+00,  0.000000000000000e+00,  0.000000000000000e+00,  0.000000000000000e+00,  0.000000000000000e+00,  0.000000000000000e+00,  0.000000000000000e+00,  0.000000000000000e+00,  0.000000000000000e+00,  0.000000000000000e+00,  0.000000000000000e+00,  0.000000000000000e+00,  0.000000000000000e+00,  0.000000000000000e+00,  0.000000000000000e+00,  0.000000000000000e+00,  8.584321074363572e-03, -1.552589842099657e-03,  1.751796531757982e-03,  9.532282910798507e-03, -2.864192456747826e-03,  2.718304962364033e-03,  1.000626382904139e-02, -3.077525412131203e-03,  3.367677814232679e-03,  9.426953817904747e-03, -2.864192456721447e-03,  3.322372731470817e-03,  8.636985620878312e-03, -1.860737444290615e-03,  2.642796491020382e-03,  6.477739215652851e-03, -9.507802086103550e-04,  1.298745704375369e-03, -1.188120181201484e-02,  7.218980867870000e-03
  2.540000000000000e+00,  1.107661910674679e+00,  9.379975021163229e-01, -3.167024575434248e-01,  5.610776108484258e-02, -8.145720371318041e-02,  1.687819780921320e-01,  0.000000000000000e+00,  8.673617379884035e-19,  0.000000000000000e+00, -1.474944343908974e-02, -1.392063297821484e-02, -7.384290615932398e-02, -2.286163733050836e-02, -1.510233631953745e-02, -7.563303721771576e-02, -2.544278993229132e-02, -1.475872045433270e-02, -7.250030786543921e-02, -2.298454935908712e-02, -1.419720184533547e-02, -6.668238192549893e-02, -2.040339675721395e-02, -1.364406411109853e-02, -5.594159557493240e-02, -1.634729981144601e-02, -1.217741102789909e-02, -3.938288328458378e-02,  0.000000000000000e+00,  0.000000000000000e+00,  0.000000000000000e+00,  0.000000000000000e+00,  0.000000000000000e+00,  0.000000000000000e+00,  0.000000000000000e+00,  0.000000000000000e+00,  0.000000000000000e+00,  0.000000000000000e+00,  0.000000000000000e+00,  0.000000000000000e+00,  0.000000000000000e+00,  0.000000000000000e+00,  0.000000000000000e+00,  0.000000000000000e+00,  0.000000000000000e+00,  0.000000000000000e+00,  0.000000000000000e+00,  0.000000000000000e+00,  0.000000000000000e+00,  0.000000000000000e+00,  0.000000000000000e+00,  0.000000000000000e+00,  0.000000000000000e+00,  0.000000000000000e+00,  0.000000000000000e+00,  0.000000000000000e+00,  0.000000000000000e+00,  0.000000000000000e+00,  0.000000000000000e+00,  0.000000000000000e+00,  0.000000000000000e+00,  8.808338616438333e-03, -1.643439011275861e-03,  1.504507742203950e-03,  9.781038586359269e-03, -3.031789524565262e-03,  2.334580978625649e-03,  1.026738857134479e-02, -3.257605571896765e-03,  2.892286434395907e-03,  9.672960811968707e-03, -3.031789524540091e-03,  2.853376751365838e-03,  8.862377503703106e-03, -1.969617746280467e-03,  2.269731506839913e-03,  6.646783127766440e-03, -1.006414729512571e-03,  1.115410912133469e-03, -1.254426193783676e-02,  6.166928381264317e-03
  2.550000000000000e+00,  1.118010015172594e+00,  9.375938459809552e-01, -3.173101495783889e-01,  5.442929783248251e-02, -7.552752347164865e-02,  1.711685027322564e-01,  8.673617379884035e-19,  1.040834085586084e-17,  0.000000000000000e+00, -1.433805371762151e-02, -1.488325802954070e-02, -7.444061598423891e-02, -2.222398326224186e-02, -1.614667728431198e-02, -7.624523697778716e-02, -2.473314266277561e-02, -1.577930005420423e-02, -7.308715023901181e-02, -2.234346704315341e-02, -1.517895189768267e-02, -6.722213200985042e-02, -1.983430764254052e-02, -1.458756416140638e-02, -5.639440604840238e-02, -1.589134287017632e-02, -1.301949061825341e-02, -3.970166185792976e-02,  0.000000000000000e+00,  0.000000000000000e+00,  0.000000000000000e+00,  0.000000000000000e+00,  0.000000000000000e+00,  0.000000000000000e+00,  0.000000000000000e+00,  0.000000000000000e+00,  0.000000000000000e+00,  0.000000000000000e+00,  0.000000000000000e+00,  0.000000000000000e+00,  0.000000000000000e+00,  0.000000000000000e+00,  0.000000000000000e+00,  0.000000000000000e+00,  0.000000000000000e+00,  0.000000000000000e+00,  0.000000000000000e+00,  0.000000000000000e+00,  0.000000000000000e+00,  0.000000000000000e+00,  0.000000000000000e+00,  0.000000000000000e+00,  0.000000000000000e+00,  0.000000000000000e+00,  0.000000000000000e+00,  0.000000000000000e+00,  0.000000000000000e+00,  0.000000000000000e+00,  0.000000000000000e+00,  0.000000000000000e+00,  0.000000000000000e+00,  9.029219644645561e-03, -1.743682078371478e-03,  1.263306677810438e-03,  1.002631138455745e-02, -3.216716302284625e-03,  1.960303464962838e-03,  1.052485725453795e-02, -3.456306206164029e-03,  2.428598181375077e-03,  9.915523413502379e-03, -3.216716302260531e-03,  2.395926456909446e-03,  9.084613630243446e-03, -2.089756383944642e-03,  1.905850590788811e-03,  6.813460222667080e-03, -1.067801917333752e-03,  9.365894333729515e-04, -1.327737414997977e-02,  5.139209044376811e-03
  2.560000000000000e+00,  1.128345721362507e+00,  9.370264793272014e-01, -3.178680833058387e-01,  5.284849262828539e-02, -6.986352918771975e-02,  1.731292894677789e-01,  0.000000000000000e+00,  8.673617379884035e-19,  0.000000000000000e+00, -1.393865034924451e-02, -1.576212099813555e-02, -7.496177231524132e-02, -2.160490804126635e-02, -1.710014571863427e-02, -7.677902740166935e-02, -2.404417185234133e-02, -1.671107470062058e-02, -7.359883100037895e-02, -2.172106346078553e-02, -1.607527571995973e-02, -6.769275196939509e-02, -1.928179964964185e-02, -1.544896627632211e-02, -5.678922145072542e-02, -1.544867080358148e-02, -1.378829729698296e-02, -3.997961190118750e-02,  0.000000000000000e+00,  0.000000000000000e+00,  0.000000000000000e+00,  0.000000000000000e+00,  0.000000000000000e+00,  0.000000000000000e+00,  0.000000000000000e+00,  0.000000000000000e+00,  0.000000000000000e+00,  0.000000000000000e+00,  0.000000000000000e+00,  0.000000000000000e+00,  0.000000000000000e+00,  0.000000000000000e+00,  0.000000000000000e+00,  0.000000000000000e+00,  0.000000000000000e+00,  0.000000000000000e+00,  0.000000000000000e+00,  0.000000000000000e+00,  0.000000000000000e+00,  0.000000000000000e+00,  0.000000000000000e+00,  0.000000000000000e+00,  0.000000000000000e+00,  0.000000000000000e+00,  0.000000000000000e+00,  0.000000000000000e+00,  0.000000000000000e+00,  0.000000000000000e+00,  0.000000000000000e+00,  0.000000000000000e+00,  0.000000000000000e+00,  9.253332446130988e-03, -1.853233674993457e-03,  1.028091274081233e-03,  1.027517283897194e-02, -3.418815303684319e-03,  1.595314045435041e-03,  1.078609303541623e-02, -3.673458098702846e-03,  1.976416844977858e-03,  1.016163501759183e-02, -3.418815303661434e-03,  1.949828277507500e-03,  9.310101356891263e-03, -2.221051045544591e-03,  1.550999766258914e-03,  6.982576017648901e-03, -1.134889493889100e-03,  7.622055995881676e-04, -1.408002121134831e-02,  4.135214750935670e-03
  2.570000000000000e+00,  1.138671000693329e+00,  9.362917912862624e-01, -3.183807147292952e-01,  5.143026233530427e-02, -6.444735082751092e-02,  1.745706536786325e-01,  0.000000000000000e+00,  1.734723475976807e-18,  0.000000000000000e+00, -1.355856008537650e-02, -1.656200317145461e-02, -7.538647240717868e-02, -2.101576813227902e-02, -1.796792878685967e-02, -7.721402325341790e-02, -2.338851614718367e-02, -1.755911353699436e-02, -7.401580927248132e-02, -2.112875613294254e-02, -1.689104959208797e-02, -6.807626902214643e-02, -1.875600811797884e-02, -1.623295675083474e-02, -5.711096394466385e-02, -1.502740409448271e-02, -1.448801361115149e-02, -4.020611861694217e-02,  0.000000000000000e+00,  0.000000000000000e+00,  0.000000000000000e+00,  0.000000000000000e+00,  0.000000000000000e+00,  0.000000000000000e+00,  0.000000000000000e+00,  0.000000000000000e+00,  0.000000000000000e+00,  0.000000000000000e+00,  0.000000000000000e+00,  0.000000000000000e+00,  0.000000000000000e+00,  0.000000000000000e+00,  0.000000000000000e+00,  0.000000000000000e+00,  0.000000000000000e+00,  0.000000000000000e+00,  0.000000000000000e+00,  0.000000000000000e+00,  0.000000000000000e+00,  0.000000000000000e+00,  0.000000000000000e+00,  0.000000000000000e+00,  0.000000000000000e+00,  0.000000000000000e+00,  0.000000000000000e+00,  0.000000000000000e+00,  0.000000000000000e+00,  0.000000000000000e+00,  0.000000000000000e+00,  0.000000000000000e+00,  0.000000000000000e+00,  9.486757580753718e-03, -1.972444509491141e-03,  7.991980373712672e-04,  1.053437498232947e-02, -3.638733509816152e-03,  1.240134885077643e-03,  1.105818368313991e-02, -3.909756419498913e-03,  1.536389329664516e-03,  1.041797304886712e-02, -3.638733509794818e-03,  1.515720414870763e-03,  9.544958547553557e-03, -2.363922045667363e-03,  1.205686693700853e-03,  7.158718910642499e-03, -1.207892227141775e-03,  5.925088896291913e-04, -1.495494406325976e-02,  3.156114363668801e-03
  2.580000000000000e+00,  1.148989335434866e+00,  9.353874355550185e-01, -3.188542180826267e-01,  5.024146439559130e-02, -5.925151986481467e-02,  1.754182648542869e-01,  8.673617379884035e-18,  3.469446951953614e-18,  5.551115123125783e-17, -1.320480985398934e-02, -1.728931350068393e-02, -7.569905387189160e-02, -2.046745527231534e-02, -1.875697948702311e-02, -7.753418244889364e-02, -2.277829699575413e-02, -1.833021136320903e-02, -7.432270743373606e-02, -2.057749535307994e-02, -1.763280979521032e-02, -6.835853955086545e-02, -1.826665362841918e-02, -1.694581720585422e-02, -5.734776807634083e-02, -1.463533091881165e-02, -1.512424594610328e-02, -4.037282872220942e-02,  0.000000000000000e+00,  0.000000000000000e+00,  0.000000000000000e+00,  0.000000000000000e+00,  0.000000000000000e+00,  0.000000000000000e+00,  0.000000000000000e+00,  0.000000000000000e+00,  0.000000000000000e+00,  0.000000000000000e+00,  0.000000000000000e+00,  0.000000000000000e+00,  0.000000000000000e+00,  0.000000000000000e+00,  0.000000000000000e+00,  0.000000000000000e+00,  0.000000000000000e+00,  0.000000000000000e+00,  0.000000000000000e+00,  0.000000000000000e+00,  0.000000000000000e+00,  0.000000000000000e+00,  0.000000000000000e+00,  0.000000000000000e+00,  0.000000000000000e+00,  0.000000000000000e+00,  0.000000000000000e+00,  0.000000000000000e+00,  0.000000000000000e+00,  0.000000000000000e+00,  0.000000000000000e+00,  0.000000000000000e+00,  0.000000000000000e+00,  9.733753493001988e-03, -2.101715104949975e-03,  5.774168767453970e-04,  1.080864651529593e-02, -3.877209799148399e-03,  8.959917013702543e-04,  1.134609302625769e-02, -4.165995080659243e-03,  1.110034162029823e-03,  1.068921395635705e-02, -3.877209798982002e-03,  1.095100966722575e-03,  9.793469771345474e-03, -2.518849400409620e-03,  8.711030421510374e-04,  7.345102329947661e-03, -1.287055390803506e-03,  4.280849247300361e-04, -1.590523868796784e-02,  2.204981761465856e-03
  2.590000000000000e+00,  1.159306822537758e+00,  9.343127298695070e-01, -3.192958952299325e-01,  4.934556203553883e-02, -5.423853226742562e-02,  1.756244218861084e-01,  8.673617379884037e-19,  6.938893903907230e-18,  0.000000000000000e+00, -1.288367500374315e-02, -1.794978319942030e-02, -7.588927432022823e-02, -1.996969625484534e-02, -1.947351554790232e-02, -7.772901430205784e-02, -2.222433937974245e-02, -1.903044443934052e-02, -7.450946932866197e-02, -2.007706021214816e-02, -1.830640140848147e-02, -6.853031438053735e-02, -1.782241708636379e-02, -1.759316499003630e-02, -5.749187447753686e-02, -1.427940646061223e-02, -1.570200781982414e-02, -4.047427962917389e-02,  0.000000000000000e+00,  0.000000000000000e+00,  0.000000000000000e+00,  0.000000000000000e+00,  0.000000000000000e+00,  0.000000000000000e+00,  0.000000000000000e+00,  0.000000000000000e+00,  0.000000000000000e+00,  0.000000000000000e+00,  0.000000000000000e+00,  0.000000000000000e+00,  0.000000000000000e+00,  0.000000000000000e+00,  0.000000000000000e+00,  0.000000000000000e+00,  0.000000000000000e+00,  0.000000000000000e+00,  0.000000000000000e+00,  0.000000000000000e+00,  0.000000000000000e+00,  0.000000000000000e+00,  0.000000000000000e+00,  0.000000000000000e+00,  0.000000000000000e+00,  0.000000000000000e+00,  0.000000000000000e+00,  0.000000000000000e+00,  0.000000000000000e+00,  0.000000000000000e+00,  0.000000000000000e+00,  0.000000000000000e+00,  0.000000000000000e+00,  9.998080982914692e-03, -2.242307441683127e-03,  3.635909157238904e-04,  1.110216354400617e-02, -4.136572252450962e-03,  5.641927988270183e-04,  1.165420482429817e-02, -4.444675565019479e-03,  6.989721892078491e-04,  1.097948770288688e-02, -4.136572252389211e-03,  6.895689758067993e-04,  1.005941890220669e-02, -2.687345559818114e-03,  5.485207763917507e-04,  7.544564178084931e-03, -1.373151800590020e-03,  2.695587819566241e-04, -1.694046353662280e-02,  1.284998698720518e-03
  2.600000000000000e+00,  1.169632794782321e+00,  9.330695184207268e-01, -3.197142334261041e-01,  4.879420001971923e-02, -4.935954872446427e-02,  1.751768267654187e-01,  0.000000000000000e+00, -2.602085213965211e-18,  0.000000000000000e+00, -1.259918546534082e-02, -1.855331395851959e-02, -7.595393120746317e-02, -1.952873747076475e-02, -2.012827920108497e-02, -7.779523862903155e-02, -2.173359492669896e-02, -1.967031058431222e-02, -7.457295063636783e-02, -1.963373068219064e-02, -1.892192284491880e-02, -6.858870150959513e-02, -1.742887322569075e-02, -1.818470507179207e-02, -5.754085696879516e-02, -1.396409722302387e-02, -1.622996097631514e-02, -4.050876330351037e-02,  0.000000000000000e+00,  0.000000000000000e+00,  0.000000000000000e+00,  0.000000000000000e+00,  0.000000000000000e+00,  0.000000000000000e+00,  0.000000000000000e+00,  0.000000000000000e+00,  0.000000000000000e+00,  0.000000000000000e+00,  0.000000000000000e+00,  0.000000000000000e+00,  0.000000000000000e+00,  0.000000000000000e+00,  0.000000000000000e+00,  0.000000000000000e+00,  0.000000000000000e+00,  0.000000000000000e+00,  0.000000000000000e+00,  0.000000000000000e+00,  0.000000000000000e+00,  0.000000000000000e+00,  0.000000000000000e+00,  0.000000000000000e+00,  0.000000000000000e+00,  0.000000000000000e+00,  0.000000000000000e+00,  0.000000000000000e+00,  0.000000000000000e+00,  0.000000000000000e+00,  0.000000000000000e+00,  0.000000000000000e+00,  0.000000000000000e+00,  1.027953151211725e-02, -2.394601135277750e-03,  1.586544002566054e-04,  1.141469449980364e-02, -4.417521178279104e-03,  2.461878632561111e-04,  1.198227599333351e-02, -4.746550341920839e-03,  3.049994087056659e-04,  1.128856527788515e-02, -4.417521178312827e-03,  3.008962777418388e-04,  1.034259612170326e-02, -2.869865482751506e-03,  2.393493117957340e-04,  7.756947092676658e-03, -1.466413926757393e-03,  1.176230901273017e-04, -1.806351612430628e-02,  3.998839019469002e-04
  2.610000000000000e+00,  1.179980330441935e+00,  9.316627419593995e-01, -3.201182842543490e-01,  4.862511314063973e-02, -4.455569300655140e-02,  1.741051393335967e-01,  0.000000000000000e+00,  2.602085213965211e-18,  0.000000000000000e+00, -1.235332071724203e-02, -1.911124867907145e-02, -7.589800007831284e-02, -1.914764711165917e-02, -2.073357623090366e-02, -7.773795159379839e-02, -2.130947823692688e-02, -2.026183559513731e-02, -7.451803643711805e-02, -1.925059145043746e-02, -1.949094236127559e-02, -6.853819400567791e-02, -1.708876032489849e-02, -1.873155499657298e-02, -5.749848490214918e-02, -1.369159712796703e-02, -1.671802789317927e-02, -4.047893336903613e-02,  0.000000000000000e+00,  0.000000000000000e+00,  0.000000000000000e+00,  0.000000000000000e+00,  0.000000000000000e+00,  0.000000000000000e+00,  0.000000000000000e+00,  0.000000000000000e+00,  0.000000000000000e+00,  0.000000000000000e+00,  0.000000000000000e+00,  0.000000000000000e+00,  0.000000000000000e+00,  0.000000000000000e+00,  0.000000000000000e+00,  0.000000000000000e+00,  0.000000000000000e+00,  0.000000000000000e+00,  0.000000000000000e+00,  0.000000000000000e+00,  0.000000000000000e+00,  0.000000000000000e+00,  0.000000000000000e+00,  0.000000000000000e+00,  0.000000000000000e+00,  0.000000000000000e+00,  0.000000000000000e+00,  0.000000000000000e+00,  0.000000000000000e+00,  0.000000000000000e+00,  0.000000000000000e+00,  0.000000000000000e+00,  0.000000000000000e+00,  1.057622510652390e-02, -2.558957088247949e-03, -3.670666727167642e-05,  1.174415180410111e-02, -4.720722363705345e-03, -5.695861896787921e-05,  1.232811515252903e-02, -5.072334788090953e-03, -7.056539916511916e-05,  1.161438216993555e-02, -4.720722363821163e-03, -6.961608860872503e-05,  1.064110992217002e-02, -3.066841701222990e-03, -5.537643435074781e-05,  7.980832442973396e-03, -1.567062780003353e-03, -2.721356280938428e-05, -1.927714896910631e-02, -4.476553078015158e-04
  2.620000000000000e+00,  1.190366518596033e+00,  9.301011026562531e-01, -3.205171253588134e-01,  4.886056968627596e-02, -3.976034729347348e-02,  1.724879677531026e-01, -8.673617379884034e-19, -6.071532165918823e-18,  0.000000000000000e+00, -1.214609978366497e-02, -1.963693591145078e-02, -7.573598577040508e-02, -1.882645466503582e-02, -2.130388832777538e-02, -7.757200966640998e-02, -2.095202212715747e-02, -2.081917166761533e-02, -7.435896784420934e-02, -1.892767216292171e-02, -2.002707371092431e-02, -6.839189017668396e-02, -1.680210470078245e-02, -1.924679811177742e-02, -5.737574679092479e-02, -1.346192726057737e-02, -1.717788553833411e-02, -4.039252573911980e-02,  0.000000000000000e+00,  0.000000000000000e+00,  0.000000000000000e+00,  0.000000000000000e+00,  0.000000000000000e+00,  0.000000000000000e+00,  0.000000000000000e+00,  0.000000000000000e+00,  0.000000000000000e+00,  0.000000000000000e+00,  0.000000000000000e+00,  0.000000000000000e+00,  0.000000000000000e+00,  0.000000000000000e+00,  0.000000000000000e+00,  0.000000000000000e+00,  0.000000000000000e+00,  0.000000000000000e+00,  0.000000000000000e+00,  0.000000000000000e+00,  0.000000000000000e+00,  0.000000000000000e+00,  0.000000000000000e+00,  0.000000000000000e+00,  0.000000000000000e+00,  0.000000000000000e+00,  0.000000000000000e+00,  0.000000000000000e+00,  0.000000000000000e+00,  0.000000000000000e+00,  0.000000000000000e+00,  0.000000000000000e+00,  0.000000000000000e+00,  1.088466080352235e-02, -2.735334018126943e-03, -2.221182687050530e-04,  1.208664788491381e-02, -5.046099651506595e-03, -3.446662749010603e-04,  1.268764142521587e-02, -5.421947073905111e-03, -4.270032168338006e-04,  1.195309376365134e-02, -5.046099651687425e-03, -4.212587785613040e-04,  1.095143786269749e-02, -3.278224739296473e-03, -3.350922105898143e-04,  8.213578398295574e-03, -1.675073079634092e-03, -1.646738875497750e-04, -2.058108908093284e-02, -1.256132013572086e-03
  2.630000000000000e+00,  1.200812592924495e+00,  9.283971959786251e-01, -3.209191011653635e-01,  4.950854000258301e-02, -3.490061476790386e-02,  1.704526952718193e-01,  0.000000000000000e+00, -8.673617379884034e-19,  0.000000000000000e+00, -1.197616116255956e-02, -2.014537636392874e-02, -7.549174844410732e-02, -1.856304980268926e-02, -2.185548958941348e-02, -7.732185143535648e-02, -2.065887800631415e-02, -2.135822262309859e-02, -7.411917119689580e-02, -1.866285114558078e-02, -2.054561562945624e-02, -6.817133647044020e-02, -1.656702294214121e-02, -1.974513709836613e-02, -5.719071851416425e-02, -1.327357862271940e-02, -1.762265614485046e-02, -4.026226583260042e-02,  0.000000000000000e+00,  0.000000000000000e+00,  0.000000000000000e+00,  0.000000000000000e+00,  0.000000000000000e+00,  0.000000000000000e+00,  0.000000000000000e+00,  0.000000000000000e+00,  0.000000000000000e+00,  0.000000000000000e+00,  0.000000000000000e+00,  0.000000000000000e+00,  0.000000000000000e+00,  0.000000000000000e+00,  0.000000000000000e+00,  0.000000000000000e+00,  0.000000000000000e+00,  0.000000000000000e+00,  0.000000000000000e+00,  0.000000000000000e+00,  0.000000000000000e+00,  0.000000000000000e+00,  0.000000000000000e+00,  0.000000000000000e+00,  0.000000000000000e+00,  0.000000000000000e+00,  0.000000000000000e+00,  0.000000000000000e+00,  0.000000000000000e+00,  0.000000000000000e+00,  0.000000000000000e+00,  0.000000000000000e+00,  0.000000000000000e+00,  1.120066679988646e-02, -2.923196390410611e-03, -3.976150971554941e-04,  1.243755024908219e-02, -5.392665096360322e-03, -6.169889386965476e-04,  1.305599197326835e-02, -5.794325669147375e-03, -7.643807388387553e-04,  1.230011875364088e-02, -5.392665096587437e-03, -7.540975894193646e-04,  1.126938254617228e-02, -3.503372773181468e-03, -5.998503556853661e-04,  8.452036910813209e-03, -1.790116873229127e-03, -2.947836048560090e-04, -2.197133697816112e-02, -2.025680137694774e-03
  2.640000000000000e+00,  1.211343759885981e+00,  9.265669939312005e-01, -3.213309569427900e-01,  5.056595210312079e-02, -2.989875159159376e-02,  1.681648748521203e-01,  4.336808689942018e-19,  6.071532165918825e-18,  0.000000000000000e+00, -1.184162114148340e-02, -2.065266089088731e-02, -7.519608518460431e-02, -1.835451277031325e-02, -2.240583680063558e-02, -7.701902058181700e-02, -2.042679647040499e-02, -2.189604806095585e-02, -7.382888363334079e-02, -1.845319294650189e-02, -2.106297865709609e-02, -6.790434358809612e-02, -1.638090924674359e-02, -2.024234312487118e-02, -5.696673119699289e-02, -1.312446343308717e-02, -1.806641557752218e-02, -4.010457876156606e-02,  0.000000000000000e+00,  0.000000000000000e+00,  0.000000000000000e+00,  0.000000000000000e+00,  0.000000000000000e+00,  0.000000000000000e+00,  0.000000000000000e+00,  0.000000000000000e+00,  0.000000000000000e+00,  0.000000000000000e+00,  0.000000000000000e+00,  0.000000000000000e+00,  0.000000000000000e+00,  0.000000000000000e+00,  0.000000000000000e+00,  0.000000000000000e+00,  0.000000000000000e+00,  0.000000000000000e+00,  0.000000000000000e+00,  0.000000000000000e+00,  0.000000000000000e+00,  0.000000000000000e+00,  0.000000000000000e+00,  0.000000000000000e+00,  0.000000000000000e+00,  0.000000000000000e+00,  0.000000000000000e+00,  0.000000000000000e+00,  0.000000000000000e+00,  0.000000000000000e+00,  0.000000000000000e+00,  0.000000000000000e+00,  0.000000000000000e+00,  1.152082212858654e-02, -3.121476887943551e-03, -5.637107442173711e-04,  1.279306015406912e-02, -5.758449728975522e-03, -8.747235627960677e-04,  1.342917916639459e-02, -6.187354950264016e-03, -1.083685300693342e-03,  1.265170037241813e-02, -5.758449729231131e-03, -1.069106574153175e-03,  1.159150201803181e-02, -3.741006651793527e-03, -8.504256845043554e-04,  8.693626514610741e-03, -1.911540553515671e-03, -4.179234809029890e-04, -2.343985754143960e-02, -2.758372007365752e-03
  2.650000000000000e+00,  1.221988394928063e+00,  9.246288490527632e-01, -3.217568669793652e-01,  5.202314753958857e-02, -2.467508680380809e-02,  1.658107050528589e-01,  0.000000000000000e+00, -1.734723475976807e-18,  0.000000000000000e+00, -1.174121063866859e-02, -2.117529627313119e-02, -7.488280308307993e-02, -1.819887648994645e-02, -2.297283797967523e-02, -7.669814376388737e-02, -2.025358835171639e-02, -2.245014854729209e-02, -7.352129757248484e-02, -1.829671991193394e-02, -2.159599752362630e-02, -6.762144035987161e-02, -1.624200805016180e-02, -2.075459502269445e-02, -5.672939627504856e-02, -1.301317512452525e-02, -1.852360354296486e-02, -3.993749497762254e-02,  0.000000000000000e+00,  0.000000000000000e+00,  0.000000000000000e+00,  0.000000000000000e+00,  0.000000000000000e+00,  0.000000000000000e+00,  0.000000000000000e+00,  0.000000000000000e+00,  0.000000000000000e+00,  0.000000000000000e+00,  0.000000000000000e+00,  0.000000000000000e+00,  0.000000000000000e+00,  0.000000000000000e+00,  0.000000000000000e+00,  0.000000000000000e+00,  0.000000000000000e+00,  0.000000000000000e+00,  0.000000000000000e+00,  0.000000000000000e+00,  0.000000000000000e+00,  0.000000000000000e+00,  0.000000000000000e+00,  0.000000000000000e+00,  0.000000000000000e+00,  0.000000000000000e+00,  0.000000000000000e+00,  0.000000000000000e+00,  0.000000000000000e+00,  0.000000000000000e+00,  0.000000000000000e+00,  0.000000000000000e+00,  0.000000000000000e+00,  1.184458569025949e-02, -3.328623384397730e-03, -7.215390985191294e-04,  1.315257674807836e-02, -6.140590212859952e-03, -1.119629635592903e-03,  1.380657227698555e-02, -6.597958311468075e-03, -1.387096715193874e-03,  1.300724440831737e-02, -6.140590212858399e-03, -1.368436221264250e-03,  1.191725186013651e-02, -3.989266193459778e-03, -1.088528812368649e-03,  8.937938895104927e-03, -2.038393624654407e-03, -5.349341592265162e-04, -2.497486733221548e-02, -3.458887466221009e-03
  2.660000000000000e+00,  1.232776434339763e+00,  9.226029547377396e-01, -3.221980214568437e-01,  5.386170026115318e-02, -1.915342752818708e-02,  1.635810736310553e-01,  0.000000000000000e+00, -8.673617379884035e-19,  0.000000000000000e+00, -1.167348341167043e-02, -2.172931129355824e-02, -7.458591194964420e-02, -1.809389928811276e-02, -2.357388257137888e-02, -7.639405526963503e-02, -2.013675888516378e-02, -2.303751787359168e-02, -7.322980445964575e-02, -1.819117831654521e-02, -2.216101946499424e-02, -6.735333866966803e-02, -1.614831871949804e-02, -2.129760312218871e-02, -5.650447874970844e-02, -1.293811078128767e-02, -1.900824160719135e-02, -3.977915303978181e-02,  0.000000000000000e+00,  0.000000000000000e+00,  0.000000000000000e+00,  0.000000000000000e+00,  0.000000000000000e+00,  0.000000000000000e+00,  0.000000000000000e+00,  0.000000000000000e+00,  0.000000000000000e+00,  0.000000000000000e+00,  0.000000000000000e+00,  0.000000000000000e+00,  0.000000000000000e+00,  0.000000000000000e+00,  0.000000000000000e+00,  0.000000000000000e+00,  0.000000000000000e+00,  0.000000000000000e+00,  0.000000000000000e+00,  0.000000000000000e+00,  0.000000000000000e+00,  0.000000000000000e+00,  0.000000000000000e+00,  0.000000000000000e+00,  0.000000000000000e+00,  0.000000000000000e+00,  0.000000000000000e+00,  0.000000000000000e+00,  0.000000000000000e+00,  0.000000000000000e+00,  0.000000000000000e+00,  0.000000000000000e+00,  0.000000000000000e+00,  1.217282756858881e-02, -3.542771868362948e-03, -8.722456502012244e-04,  1.351706619578782e-02, -6.535647848670936e-03, -1.353484629523321e-03,  1.418918550938165e-02, -7.022440929809728e-03, -1.676817068763340e-03,  1.336770634831013e-02, -6.535647848672207e-03, -1.654258991596422e-03,  1.224750749231348e-02, -4.245917429969784e-03, -1.315887834229524e-03,  9.185630619244352e-03, -2.169534596174784e-03, -6.466648785581830e-04, -2.656220212899086e-02, -4.131942702844860e-03
  2.670000000000000e+00,  1.243736778576836e+00,  9.205098173576494e-01, -3.226512692602414e-01,  5.605516980879905e-02, -1.327054556926936e-02,  1.616474549298249e-01, -2.168404344971008e-19, -2.602085213965210e-18,  0.000000000000000e+00, -1.163789011225507e-02, -2.232853678536343e-02, -7.433470026208512e-02, -1.803872967403248e-02, -2.422397548904404e-02, -7.613675360176496e-02, -2.007536044369151e-02, -2.367281955395215e-02, -7.298316025730271e-02, -1.813571209163943e-02, -2.277215009902499e-02, -6.712648690331514e-02, -1.609908132198999e-02, -2.188492347177445e-02, -5.631416686518180e-02, -1.289866154112022e-02, -1.953242862681310e-02, -3.964517347307259e-02,  0.000000000000000e+00,  0.000000000000000e+00,  0.000000000000000e+00,  0.000000000000000e+00,  0.000000000000000e+00,  0.000000000000000e+00,  0.000000000000000e+00,  0.000000000000000e+00,  0.000000000000000e+00,  0.000000000000000e+00,  0.000000000000000e+00,  0.000000000000000e+00,  0.000000000000000e+00,  0.000000000000000e+00,  0.000000000000000e+00,  0.000000000000000e+00,  0.000000000000000e+00,  0.000000000000000e+00,  0.000000000000000e+00,  0.000000000000000e+00,  0.000000000000000e+00,  0.000000000000000e+00,  0.000000000000000e+00,  0.000000000000000e+00,  0.000000000000000e+00,  0.000000000000000e+00,  0.000000000000000e+00,  0.000000000000000e+00,  0.000000000000000e+00,  0.000000000000000e+00,  0.000000000000000e+00,  0.000000000000000e+00,  0.000000000000000e+00,  1.251132630828334e-02, -3.761695641739833e-03, -1.017322268203815e-03,  1.389294516440021e-02, -6.939514860623607e-03, -1.578603519474338e-03,  1.458375459244983e-02, -7.456389070930177e-03, -1.955714360183955e-03,  1.373943195814686e-02, -6.939514860627962e-03, -1.929404301512967e-03,  1.258808291138631e-02, -4.508291723255606e-03, -1.534753421668019e-03,  9.441062183555367e-03, -2.303599875545978e-03, -7.542216815436416e-04, -2.818481121438707e-02, -4.783839523940416e-03
  2.680000000000000e+00,  1.254893995880884e+00,  9.183700126672278e-01, -3.231087126802370e-01,  5.855451597104908e-02, -6.991126966190626e-03,  1.601401979903661e-01,  0.000000000000000e+00,  0.000000000000000e+00,  0.000000000000000e+00, -1.163175647341009e-02, -2.298218415022365e-02, -7.415082107404654e-02, -1.802922253383516e-02, -2.493311007753540e-02, -7.594841673643422e-02, -2.006477991670138e-02, -2.436581955968687e-02, -7.280262432721632e-02, -1.812615383778749e-02, -2.343878383537495e-02, -6.696043842440749e-02, -1.609059645493589e-02, -2.252558446514779e-02, -5.617486444998794e-02, -1.289186342474967e-02, -2.010422249866101e-02, -3.954710457277354e-02,  0.000000000000000e+00,  0.000000000000000e+00,  0.000000000000000e+00,  0.000000000000000e+00,  0.000000000000000e+00,  0.000000000000000e+00,  0.000000000000000e+00,  0.000000000000000e+00,  0.000000000000000e+00,  0.000000000000000e+00,  0.000000000000000e+00,  0.000000000000000e+00,  0.000000000000000e+00,  0.000000000000000e+00,  0.000000000000000e+00,  0.000000000000000e+00,  0.000000000000000e+00,  0.000000000000000e+00,  0.000000000000000e+00,  0.000000000000000e+00,  0.000000000000000e+00,  0.000000000000000e+00,  0.000000000000000e+00,  0.000000000000000e+00,  0.000000000000000e+00,  0.000000000000000e+00,  0.000000000000000e+00,  0.000000000000000e+00,  0.000000000000000e+00,  0.000000000000000e+00,  0.000000000000000e+00,  0.000000000000000e+00,  0.000000000000000e+00,  1.286686031233457e-02, -3.982859300558991e-03, -1.157610831771936e-03,  1.428774059220675e-02, -7.347513976765227e-03, -1.796292669794301e-03,  1.499818073213147e-02, -7.894777086758249e-03, -2.225407029730438e-03,  1.412986500553016e-02, -7.347513976772166e-03, -2.195468818550136e-03,  1.294579810564108e-02, -4.773350459400354e-03, -1.746395651133843e-03,  9.709348579252125e-03, -2.439036823525949e-03, -8.582287200372305e-04, -2.982333251890146e-02, -5.418170159797796e-03
  2.690000000000000e+00,  1.266264722402223e+00,  9.162038939653603e-01, -3.235570476831376e-01,  6.127105505511531e-02, -3.244667552238820e-04,  1.591235672941205e-01, -6.776263578034402e-20, -8.673617379884034e-19,  0.000000000000000e+00, -1.164745510651297e-02, -2.369204645543036e-02, -7.404453931689418e-02, -1.805355541515451e-02, -2.570323161515439e-02, -7.583955845182967e-02, -2.009186005881770e-02, -2.511841890915796e-02, -7.269827496563705e-02, -1.815061754105117e-02, -2.416274936518877e-02, -6.686446277702787e-02, -1.611231289740655e-02, -2.322134354574658e-02, -5.609434796728410e-02, -1.290926274311813e-02, -2.072519175179874e-02, -3.949042096894742e-02,  0.000000000000000e+00,  0.000000000000000e+00,  0.000000000000000e+00,  0.000000000000000e+00,  0.000000000000000e+00,  0.000000000000000e+00,  0.000000000000000e+00,  0.000000000000000e+00,  0.000000000000000e+00,  0.000000000000000e+00,  0.000000000000000e+00,  0.000000000000000e+00,  0.000000000000000e+00,  0.000000000000000e+00,  0.000000000000000e+00,  0.000000000000000e+00,  0.000000000000000e+00,  0.000000000000000e+00,  0.000000000000000e+00,  0.000000000000000e+00,  0.000000000000000e+00,  0.000000000000000e+00,  0.000000000000000e+00,  0.000000000000000e+00,  0.000000000000000e+00,  0.000000000000000e+00,  0.000000000000000e+00,  0.000000000000000e+00,  0.000000000000000e+00,  0.000000000000000e+00,  0.000000000000000e+00,  0.000000000000000e+00,  0.000000000000000e+00,  1.324493343203742e-02, -4.203391952152691e-03, -1.292904671496703e-03,  1.470756411776213e-02, -7.754349021054610e-03, -2.006231386571642e-03,  1.543887946061106e-02, -8.331914327451381e-03, -2.485497773280302e-03,  1.454504959709707e-02, -7.754349021064273e-03, -2.452060583483991e-03,  1.332619069233163e-02, -5.037652950244894e-03, -1.950502736880060e-03,  9.994643019274892e-03, -2.574087353171614e-03, -9.585327736145571e-04, -3.145600586093179e-02, -6.034042690916984e-03
  2.700000000000000e+00,  1.277854637457411e+00,  9.140317734731668e-01, -3.239777910650951e-01,  6.405959270163172e-02,  6.663884850076377e-03,  1.585778800879873e-01, -1.084202172485504e-19, -2.602085213965211e-18,  0.000000000000000e+00, -1.166924774198904e-02, -2.445094405303288e-02, -7.401235350485247e-02, -1.808733400014927e-02, -2.652655098353436e-02, -7.580659237767270e-02, -2.012945235502348e-02, -2.592300570589273e-02, -7.266667435016799e-02, -1.818457773134266e-02, -2.493672439850364e-02, -6.683539801341633e-02, -1.614245937648990e-02, -2.396516370763271e-02, -5.606996477633222e-02, -1.293341624744651e-02, -2.138905581520149e-02, -3.947325520251518e-02,  0.000000000000000e+00,  0.000000000000000e+00,  0.000000000000000e+00,  0.000000000000000e+00,  0.000000000000000e+00,  0.000000000000000e+00,  0.000000000000000e+00,  0.000000000000000e+00,  0.000000000000000e+00,  0.000000000000000e+00,  0.000000000000000e+00,  0.000000000000000e+00,  0.000000000000000e+00,  0.000000000000000e+00,  0.000000000000000e+00,  0.000000000000000e+00,  0.000000000000000e+00,  0.000000000000000e+00,  0.000000000000000e+00,  0.000000000000000e+00,  0.000000000000000e+00,  0.000000000000000e+00,  0.000000000000000e+00,  0.000000000000000e+00,  0.000000000000000e+00,  0.000000000000000e+00,  0.000000000000000e+00,  0.000000000000000e+00,  0.000000000000000e+00,  0.000000000000000e+00,  0.000000000000000e+00,  0.000000000000000e+00,  0.000000000000000e+00,  1.364625048455140e-02, -4.419870847313369e-03, -1.421693368940743e-03,  1.515319839079574e-02, -8.153705761493634e-03, -2.206075917060424e-03,  1.590667234390294e-02, -8.761016259593163e-03, -2.733082941597691e-03,  1.498575973451369e-02, -8.153705761505410e-03, -2.696315009624283e-03,  1.372996981264921e-02, -5.297097122311408e-03, -2.144796030403252e-03,  1.029747735951698e-02, -2.706655429769088e-03, -1.054014049297182e-03, -3.305720403926377e-02, -6.624787080412566e-03
  2.710000000000000e+00,  1.289657400660399e+00,  9.118742962433730e-01, -3.243489623135369e-01,  6.671452370977091e-02,  1.385166407148005e-02,  1.583987283278926e-01, -2.168404344971009e-19, -2.602085213965211e-18,  0.000000000000000e+00, -1.167190821934358e-02, -2.524329699289305e-02, -7.403736942109285e-02, -1.809145774005247e-02, -2.738616567205039e-02, -7.583221474036363e-02, -2.013404167846521e-02, -2.676306201359269e-02, -7.269123543156032e-02, -1.818872364189105e-02, -2.574481944974880e-02, -6.685798814383148e-02, -1.614613970350156e-02, -2.474177453610184e-02, -5.608891622802146e-02, -1.293636494318652e-02, -2.208218574994700e-02, -3.948659702450269e-02,  0.000000000000000e+00,  0.000000000000000e+00,  0.000000000000000e+00,  0.000000000000000e+00,  0.000000000000000e+00,  0.000000000000000e+00,  0.000000000000000e+00,  0.000000000000000e+00,  0.000000000000000e+00,  0.000000000000000e+00,  0.000000000000000e+00,  0.000000000000000e+00,  0.000000000000000e+00,  0.000000000000000e+00,  0.000000000000000e+00,  0.000000000000000e+00,  0.000000000000000e+00,  0.000000000000000e+00,  0.000000000000000e+00,  0.000000000000000e+00,  0.000000000000000e+00,  0.000000000000000e+00,  0.000000000000000e+00,  0.000000000000000e+00,  0.000000000000000e+00,  0.000000000000000e+00,  0.000000000000000e+00,  0.000000000000000e+00,  0.000000000000000e+00,  0.000000000000000e+00,  0.000000000000000e+00,  0.000000000000000e+00,  0.000000000000000e+00,  1.406380419155447e-02, -4.628040799742591e-03, -1.541231709917468e-03,  1.561686232310949e-02, -8.537734299693725e-03, -2.391566446143722e-03,  1.639339138887111e-02, -9.173648302709043e-03, -2.962885097066624e-03,  1.544430030845714e-02, -8.537734299707483e-03, -2.923025656273363e-03,  1.415008519883419e-02, -5.546583248509341e-03, -2.325134044785083e-03,  1.061256389915856e-02, -2.834135247968522e-03, -1.142637302084749e-03, -3.459546383917608e-02, -7.177988523811034e-03
  2.720000000000000e+00,  1.301656900084258e+00,  9.097528803682355e-01, -3.246482569118249e-01,  6.898653245518035e-02,  2.107264898524726e-02,  1.584207011747996e-01,  4.336808689942017e-19,  3.469446951953613e-18,  0.000000000000000e+00, -1.162241571750379e-02, -2.604791640852130e-02, -7.409346212626398e-02, -1.801474436220211e-02, -2.825908812055005e-02, -7.588966726868879e-02, -2.004866711279339e-02, -2.761612329650406e-02, -7.274630826936088e-02, -1.811159782652548e-02, -2.656542468157816e-02, -6.690864155637567e-02, -1.607767507595832e-02, -2.553040813552220e-02, -5.613141070163148e-02, -1.288151075364992e-02, -2.278604608161693e-02, -3.951651313392381e-02,  0.000000000000000e+00,  0.000000000000000e+00,  0.000000000000000e+00,  0.000000000000000e+00,  0.000000000000000e+00,  0.000000000000000e+00,  0.000000000000000e+00,  0.000000000000000e+00,  0.000000000000000e+00,  0.000000000000000e+00,  0.000000000000000e+00,  0.000000000000000e+00,  0.000000000000000e+00,  0.000000000000000e+00,  0.000000000000000e+00,  0.000000000000000e+00,  0.000000000000000e+00,  0.000000000000000e+00,  0.000000000000000e+00,  0.000000000000000e+00,  0.000000000000000e+00,  0.000000000000000e+00,  0.000000000000000e+00,  0.000000000000000e+00,  0.000000000000000e+00,  0.000000000000000e+00,  0.000000000000000e+00,  0.000000000000000e+00,  0.000000000000000e+00,  0.000000000000000e+00,  0.000000000000000e+00,  0.000000000000000e+00,  0.000000000000000e+00,  1.448170171561166e-02, -4.822721679077382e-03, -1.647890221465370e-03,  1.608090804000587e-02, -8.896878415520235e-03, -2.557071033020204e-03,  1.688051120218670e-02, -9.559542463025315e-03, -3.167926890804554e-03,  1.590321844837019e-02, -8.896878415535173e-03, -3.125309040229436e-03,  1.457054651138159e-02, -5.779903080999070e-03, -2.486041282023930e-03,  1.092790988357076e-02, -2.953354582051464e-03, -1.221711715816217e-03, -3.603286754068081e-02, -7.676782289415007e-03
  2.730000000000000e+00,  1.313832491760076e+00,  9.076900259468853e-01, -3.248565853484537e-01,  7.061533383267148e-02,  2.813963283216462e-02,  1.584590639845270e-01,  0.000000000000000e+00, -2.602085213965210e-18,  0.000000000000000e+00, -1.148434492357010e-02, -2.684220028212688e-02, -7.415193464294328e-02, -1.780073463160415e-02, -2.912079765711374e-02, -7.594955730092401e-02, -1.981049499325679e-02, -2.845822678922724e-02, -7.280371764937268e-02, -1.789643750597795e-02, -2.737548902949011e-02, -6.696144401083055e-02, -1.588667714434962e-02, -2.630891153481456e-02, -5.617570806275170e-02, -1.272848229037345e-02, -2.348086514744814e-02, -3.954769847615283e-02,  0.000000000000000e+00,  0.000000000000000e+00,  0.000000000000000e+00,  0.000000000000000e+00,  0.000000000000000e+00,  0.000000000000000e+00,  0.000000000000000e+00,  0.000000000000000e+00,  0.000000000000000e+00,  0.000000000000000e+00,  0.000000000000000e+00,  0.000000000000000e+00,  0.000000000000000e+00,  0.000000000000000e+00,  0.000000000000000e+00,  0.000000000000000e+00,  0.000000000000000e+00,  0.000000000000000e+00,  0.000000000000000e+00,  0.000000000000000e+00,  0.000000000000000e+00,  0.000000000000000e+00,  0.000000000000000e+00,  0.000000000000000e+00,  0.000000000000000e+00,  0.000000000000000e+00,  0.000000000000000e+00,  0.000000000000000e+00,  0.000000000000000e+00,  0.000000000000000e+00,  0.000000000000000e+00,  0.000000000000000e+00,  0.000000000000000e+00,  1.487609109003188e-02, -4.998058087650777e-03, -1.737821681448159e-03,  1.651884961528188e-02, -9.220336166711550e-03, -2.696619850236788e-03,  1.734022887789075e-02, -9.907092239823244e-03, -3.340812369912209e-03,  1.633632089021784e-02, -9.220336166727010e-03, -3.295868705717034e-03,  1.496735545251611e-02, -5.990039082118180e-03, -2.621713743207013e-03,  1.122551658942211e-02, -3.060727683828262e-03, -1.288385039597562e-03, -3.732686820656236e-02, -8.102645244185273e-03
  2.740000000000000e+00,  1.326164990206120e+00,  9.057093262573285e-01, -3.249601970920179e-01,  7.136409495904462e-02,  3.487037771918400e-02,  1.583516568845715e-01,  0.000000000000000e+00, -2.602085213965211e-18,  0.000000000000000e+00, -1.122313559609390e-02, -2.760616431748467e-02, -7.418782217294050e-02, -1.739586017401369e-02, -2.994961354616193e-02, -7.598631483165004e-02, -1.935990890335704e-02, -2.926818504705883e-02, -7.283895267882684e-02, -1.748938630399155e-02, -2.815463115826180e-02, -6.699385153792123e-02, -1.552533757467198e-02, -2.705769747675167e-02, -5.620289558547963e-02, -1.243897528575194e-02, -2.414916120005054e-02, -3.956683849215472e-02,  0.000000000000000e+00,  0.000000000000000e+00,  0.000000000000000e+00,  0.000000000000000e+00,  0.000000000000000e+00,  0.000000000000000e+00,  0.000000000000000e+00,  0.000000000000000e+00,  0.000000000000000e+00,  0.000000000000000e+00,  0.000000000000000e+00,  0.000000000000000e+00,  0.000000000000000e+00,  0.000000000000000e+00,  0.000000000000000e+00,  0.000000000000000e+00,  0.000000000000000e+00,  0.000000000000000e+00,  0.000000000000000e+00,  0.000000000000000e+00,  0.000000000000000e+00,  0.000000000000000e+00,  0.000000000000000e+00,  0.000000000000000e+00,  0.000000000000000e+00,  0.000000000000000e+00,  0.000000000000000e+00,  0.000000000000000e+00,  0.000000000000000e+00,  0.000000000000000e+00,  0.000000000000000e+00,  0.000000000000000e+00,  0.000000000000000e+00,  1.521784791216107e-02, -5.148133949320710e-03, -1.807906199143353e-03,  1.689834645457936e-02, -9.497193672343737e-03, -2.805371688050857e-03,  1.773859572577296e-02, -1.020457085622005e-02, -3.475543813430482e-03,  1.671162439427563e-02, -9.497193672359291e-03, -3.428787618606252e-03,  1.531120894226689e-02, -6.169900992673464e-03, -2.727444696640767e-03,  1.148340670673441e-02, -3.152631646619534e-03, -1.340344250996239e-03, -3.843469072836054e-02, -8.439567920419290e-03
  2.750000000000000e+00,  1.338641074618122e+00,  9.038351834899651e-01, -3.249503861346298e-01,  7.104292227056219e-02,  4.110850716300098e-02,  1.579860236803491e-01,  0.000000000000000e+00, -3.469446951953614e-18,  0.000000000000000e+00, -1.081041759795736e-02, -2.832486428985083e-02, -7.418363799099181e-02, -1.675614727689791e-02, -3.072932296831546e-02, -7.598202921498981e-02, -1.864797035656585e-02, -3.003015413274748e-02, -7.283484457291767e-02, -1.684623409022420e-02, -2.888760993802171e-02, -6.699007309483244e-02, -1.495441101057901e-02, -2.776211864171698e-02, -5.619972575067547e-02, -1.198154617114645e-02, -2.477786141669518e-02, -3.956460692845433e-02,  0.000000000000000e+00,  0.000000000000000e+00,  0.000000000000000e+00,  0.000000000000000e+00,  0.000000000000000e+00,  0.000000000000000e+00,  0.000000000000000e+00,  0.000000000000000e+00,  0.000000000000000e+00,  0.000000000000000e+00,  0.000000000000000e+00,  0.000000000000000e+00,  0.000000000000000e+00,  0.000000000000000e+00,  0.000000000000000e+00,  0.000000000000000e+00,  0.000000000000000e+00,  0.000000000000000e+00,  0.000000000000000e+00,  0.000000000000000e+00,  0.000000000000000e+00,  0.000000000000000e+00,  0.000000000000000e+00,  0.000000000000000e+00,  0.000000000000000e+00,  0.000000000000000e+00,  0.000000000000000e+00,  0.000000000000000e+00,  0.000000000000000e+00,  0.000000000000000e+00,  0.000000000000000e+00,  0.000000000000000e+00,  0.000000000000000e+00,  1.547655207858010e-02, -5.267706127959670e-03, -1.856746853478071e-03,  1.718561917925481e-02, -9.717778480273446e-03, -2.881158910314341e-03,  1.804015272957763e-02, -1.044158542915434e-02, -3.569435761019510e-03,  1.699572283470258e-02, -9.717778480288321e-03, -3.521416445825791e-03,  1.557150025081317e-02, -6.313205054099828e-03, -2.801126718291218e-03,  1.167862518814225e-02, -3.225855661024098e-03, -1.376553701630250e-03, -3.931848509611336e-02, -8.678618952320385e-03
  2.760000000000000e+00,  1.351255103754896e+00,  9.020923896482678e-01, -3.248214156044262e-01,  6.951936754289362e-02,  4.673522665556892e-02,  1.573081411107922e-01,  4.336808689942017e-19,  6.938893903907227e-18,  0.000000000000000e+00, -1.022676286915959e-02, -2.898889191555309e-02, -7.413019285735767e-02, -1.585148244725572e-02, -3.144971898367221e-02, -7.592728844175492e-02, -1.764116594938185e-02, -3.073415933976287e-02, -7.278237116899097e-02, -1.593670547117471e-02, -2.956483016555447e-02, -6.694181051961665e-02, -1.414702196906965e-02, -2.841295366558140e-02, -5.615923701308056e-02, -1.133466218005616e-02, -2.535873567325456e-02, -3.953610285718971e-02,  0.000000000000000e+00,  0.000000000000000e+00,  0.000000000000000e+00,  0.000000000000000e+00,  0.000000000000000e+00,  0.000000000000000e+00,  0.000000000000000e+00,  0.000000000000000e+00,  0.000000000000000e+00,  0.000000000000000e+00,  0.000000000000000e+00,  0.000000000000000e+00,  0.000000000000000e+00,  0.000000000000000e+00,  0.000000000000000e+00,  0.000000000000000e+00,  0.000000000000000e+00,  0.000000000000000e+00,  0.000000000000000e+00,  0.000000000000000e+00,  0.000000000000000e+00,  0.000000000000000e+00,  0.000000000000000e+00,  0.000000000000000e+00,  0.000000000000000e+00,  0.000000000000000e+00,  0.000000000000000e+00,  0.000000000000000e+00,  0.000000000000000e+00,  0.000000000000000e+00,  0.000000000000000e+00,  0.000000000000000e+00,  0.000000000000000e+00,  1.562522990450993e-02, -5.352634530619444e-03, -1.885425225018853e-03,  1.735071541541230e-02, -9.874453014450314e-03, -2.925659831696059e-03,  1.821345817085035e-02, -1.060992951484197e-02, -3.624567458074291e-03,  1.715899480306001e-02, -9.874453014464147e-03, -3.575806460860025e-03,  1.572109021064705e-02, -6.414989475611545e-03, -2.844391502975094e-03,  1.179081765801500e-02, -3.277864402946266e-03, -1.397815252953816e-03, -3.994814403661486e-02, -8.821577680420011e-03
  2.770000000000000e+00,  1.364008419380422e+00,  9.005060509144032e-01, -3.245684740292014e-01,  6.672068173169293e-02,  5.167262202297795e-02,  1.563188648587532e-01, -8.673617379884035e-19, -7.806255641895632e-18,  0.000000000000000e+00, -9.462864688441677e-03, -2.959321059734870e-02, -7.402591855116859e-02, -1.466744026748074e-02, -3.210533744566393e-02, -7.582048627338259e-02, -1.632344158809779e-02, -3.137486084457498e-02, -7.267999275887052e-02, -1.474629747323839e-02, -3.018115517914635e-02, -6.684764766080498e-02, -1.309029615270078e-02, -2.900526601605519e-02, -5.608024132592573e-02, -1.048800836338192e-02, -2.588737808401001e-02, -3.948048989320078e-02,  0.000000000000000e+00,  0.000000000000000e+00,  0.000000000000000e+00,  0.000000000000000e+00,  0.000000000000000e+00,  0.000000000000000e+00,  0.000000000000000e+00,  0.000000000000000e+00,  0.000000000000000e+00,  0.000000000000000e+00,  0.000000000000000e+00,  0.000000000000000e+00,  0.000000000000000e+00,  0.000000000000000e+00,  0.000000000000000e+00,  0.000000000000000e+00,  0.000000000000000e+00,  0.000000000000000e+00,  0.000000000000000e+00,  0.000000000000000e+00,  0.000000000000000e+00,  0.000000000000000e+00,  0.000000000000000e+00,  0.000000000000000e+00,  0.000000000000000e+00,  0.000000000000000e+00,  0.000000000000000e+00,  0.000000000000000e+00,  0.000000000000000e+00,  0.000000000000000e+00,  0.000000000000000e+00,  0.000000000000000e+00,  0.000000000000000e+00,  1.564436707426710e-02, -5.400078746056900e-03, -1.897695957228934e-03,  1.737196589215130e-02, -9.961977329198854e-03, -2.944700621136339e-03,  1.823576530098913e-02, -1.070397288198172e-02, -3.648156879890042e-03,  1.718001046773914e-02, -9.961977329274709e-03, -3.599078536019617e-03,  1.574034478622021e-02, -6.471850099505620e-03, -2.862903381023311e-03,  1.180525858984234e-02, -3.306918450926128e-03, -1.406912519151710e-03, -4.030248756864677e-02, -8.882173711889443e-03
  2.780000000000000e+00,  1.376906478242933e+00,  8.991015765127047e-01, -3.241864121908399e-01,  6.263493944037352e-02,  5.588017021813290e-02,  1.550609188166907e-01,  0.000000000000000e+00, -2.602085213965211e-18,  0.000000000000000e+00, -8.520778162876243e-03, -3.013665048067665e-02, -7.387475931868603e-02, -1.320720615274157e-02, -3.269490919135075e-02, -7.566566257470209e-02, -1.469834233134045e-02, -3.195101836073659e-02, -7.253158187615946e-02, -1.327821263743583e-02, -3.073539188125550e-02, -6.671114629338833e-02, -1.178707645888010e-02, -2.953790908046328e-02, -5.596572675598220e-02, -9.443862464084600e-03, -2.636276529081467e-02, -3.939987163599287e-02,  0.000000000000000e+00,  0.000000000000000e+00,  0.000000000000000e+00,  0.000000000000000e+00,  0.000000000000000e+00,  0.000000000000000e+00,  0.000000000000000e+00,  0.000000000000000e+00,  0.000000000000000e+00,  0.000000000000000e+00,  0.000000000000000e+00,  0.000000000000000e+00,  0.000000000000000e+00,  0.000000000000000e+00,  0.000000000000000e+00,  0.000000000000000e+00,  0.000000000000000e+00,  0.000000000000000e+00,  0.000000000000000e+00,  0.000000000000000e+00,  0.000000000000000e+00,  0.000000000000000e+00,  0.000000000000000e+00,  0.000000000000000e+00,  0.000000000000000e+00,  0.000000000000000e+00,  0.000000000000000e+00,  0.000000000000000e+00,  0.000000000000000e+00,  0.000000000000000e+00,  0.000000000000000e+00,  0.000000000000000e+00,  0.000000000000000e+00,  1.552664268212178e-02, -5.407961864264193e-03, -1.900223455576208e-03,  1.724124126042632e-02, -9.976519977474729e-03, -2.948622601855474e-03,  1.809854054950132e-02, -1.071959870681204e-02, -3.653015778415163e-03,  1.705073030713685e-02, -9.976519977522488e-03, -3.603872068245226e-03,  1.562189815859086e-02, -6.481297806135991e-03, -2.866716417976882e-03,  1.171642361906692e-02, -3.311745941563622e-03, -1.408786354309110e-03, -4.036497643447720e-02, -8.887408819240043e-03
  2.790000000000000e+00,  1.389954932913832e+00,  8.979061407772365e-01, -3.236711493239344e-01,  5.730428125658026e-02,  5.934500959291713e-02,  1.536113856836070e-01,  0.000000000000000e+00, -8.673617379884035e-18,  0.000000000000000e+00, -7.411602505042222e-03, -3.061754791737660e-02, -7.368681705929073e-02, -1.148798388299842e-02, -3.321662934833355e-02, -7.547316413935763e-02, -1.278501432143767e-02, -3.246086808127492e-02, -7.234705674882898e-02, -1.154974723719740e-02, -3.122584357156358e-02, -6.654142873801794e-02, -1.025271679877113e-02, -3.000925226340448e-02, -5.582334625654250e-02, -8.214526109874224e-03, -2.678344197688076e-02, -3.929963576441526e-02,  0.000000000000000e+00,  0.000000000000000e+00,  0.000000000000000e+00,  0.000000000000000e+00,  0.000000000000000e+00,  0.000000000000000e+00,  0.000000000000000e+00,  0.000000000000000e+00,  0.000000000000000e+00,  0.000000000000000e+00,  0.000000000000000e+00,  0.000000000000000e+00,  0.000000000000000e+00,  0.000000000000000e+00,  0.000000000000000e+00,  0.000000000000000e+00,  0.000000000000000e+00,  0.000000000000000e+00,  0.000000000000000e+00,  0.000000000000000e+00,  0.000000000000000e+00,  0.000000000000000e+00,  0.000000000000000e+00,  0.000000000000000e+00,  0.000000000000000e+00,  0.000000000000000e+00,  0.000000000000000e+00,  0.000000000000000e+00,  0.000000000000000e+00,  0.000000000000000e+00,  0.000000000000000e+00,  0.000000000000000e+00,  0.000000000000000e+00,  1.527490078564805e-02, -5.376032028409937e-03, -1.901071757130814e-03,  1.696169964536098e-02, -9.917616336458835e-03, -2.949938932335169e-03,  1.780509907516445e-02, -1.065630776011521e-02, -3.654646565793816e-03,  1.677427754974421e-02, -9.917616336481860e-03, -3.605480916825081e-03,  1.536861183334856e-02, -6.443030751035106e-03, -2.867996183853097e-03,  1.152645887508888e-02, -3.292192640997384e-03, -1.409415267694325e-03, -4.013209910988114e-02, -8.871369901436324e-03
  2.800000000000000e+00,  1.403155296662830e+00,  8.969487465554561e-01, -3.230207870800796e-01,  5.082261216683219e-02,  6.206982052378846e-02,  1.520684422253846e-01, -1.734723475976807e-18, -1.040834085586084e-17,  0.000000000000000e+00, -6.155154309501039e-03, -3.103266251725907e-02, -7.347712607051333e-02, -9.540489179831029e-03, -3.366698245418096e-02, -7.525838973270257e-02, -1.061764118402143e-02, -3.290097452931152e-02, -7.214117832355034e-02, -9.591782132392423e-03, -3.164920548128212e-02, -6.635207142095291e-02, -8.514630128193769e-03, -3.041611955331067e-02, -5.566448944695151e-02, -6.821962693066160e-03, -2.714657353236856e-02, -3.918780057048610e-02,  0.000000000000000e+00,  0.000000000000000e+00,  0.000000000000000e+00,  0.000000000000000e+00,  0.000000000000000e+00,  0.000000000000000e+00,  0.000000000000000e+00,  0.000000000000000e+00,  0.000000000000000e+00,  0.000000000000000e+00,  0.000000000000000e+00,  0.000000000000000e+00,  0.000000000000000e+00,  0.000000000000000e+00,  0.000000000000000e+00,  0.000000000000000e+00,  0.000000000000000e+00,  0.000000000000000e+00,  0.000000000000000e+00,  0.000000000000000e+00,  0.000000000000000e+00,  0.000000000000000e+00,  0.000000000000000e+00,  0.000000000000000e+00,  0.000000000000000e+00,  0.000000000000000e+00,  0.000000000000000e+00,  0.000000000000000e+00,  0.000000000000000e+00,  0.000000000000000e+00,  0.000000000000000e+00,  0.000000000000000e+00,  0.000000000000000e+00,  1.490304090104191e-02, -5.305525380835035e-03, -1.908997590976496e-03,  1.654877547904944e-02, -9.787546821398572e-03, -2.962237640447882e-03,  1.737164276802076e-02, -1.051655030875791e-02, -3.669883298774231e-03,  1.636591608144266e-02, -9.787546821401226e-03, -3.620512671373631e-03,  1.499447059979345e-02, -6.358530417766939e-03, -2.879953261301622e-03,  1.124585294988464e-02, -3.249015542242154e-03, -1.415291317069973e-03, -3.961107401693753e-02, -8.872251232163952e-03
  2.810000000000000e+00,  1.416501820384059e+00,  8.962594527018374e-01, -3.222372267870164e-01,  4.333317978587620e-02,  6.406446525121018e-02,  1.505429745622689e-01,  0.000000000000000e+00, -3.469446951953615e-18,  0.000000000000000e+00, -4.778694405844499e-03, -3.137562070952852e-02, -7.326529313515810e-02, -7.406976329111474e-03, -3.403905389446982e-02, -7.504142145349056e-02, -8.243247850144075e-03, -3.326458041517134e-02, -7.193319689617129e-02, -7.446798782473266e-03, -3.199897741239106e-02, -6.616077986121358e-02, -6.610527261420908e-03, -3.075226400662611e-02, -5.550400995054844e-02, -5.296386299795486e-03, -2.744658452177729e-02, -3.907482300503737e-02,  0.000000000000000e+00,  0.000000000000000e+00,  0.000000000000000e+00,  0.000000000000000e+00,  0.000000000000000e+00,  0.000000000000000e+00,  0.000000000000000e+00,  0.000000000000000e+00,  0.000000000000000e+00,  0.000000000000000e+00,  0.000000000000000e+00,  0.000000000000000e+00,  0.000000000000000e+00,  0.000000000000000e+00,  0.000000000000000e+00,  0.000000000000000e+00,  0.000000000000000e+00,  0.000000000000000e+00,  0.000000000000000e+00,  0.000000000000000e+00,  0.000000000000000e+00,  0.000000000000000e+00,  0.000000000000000e+00,  0.000000000000000e+00,  0.000000000000000e+00,  0.000000000000000e+00,  0.000000000000000e+00,  0.000000000000000e+00,  0.000000000000000e+00,  0.000000000000000e+00,  0.000000000000000e+00,  0.000000000000000e+00,  0.000000000000000e+00,  1.443333322075365e-02, -5.199594012846018e-03, -1.932193325369087e-03,  1.602719823899777e-02, -9.592126358995093e-03, -2.998231021757972e-03,  1.682413074810362e-02, -1.030657439122238e-02, -3.714475099080440e-03,  1.585010212584267e-02, -9.592126358982265e-03, -3.664504582023086e-03,  1.452188127732289e-02, -6.231574503541719e-03, -2.914946826563519e-03,  1.089141095800266e-02, -3.184144933609622e-03, -1.432488154761606e-03, -3.882353303915748e-02, -8.926895092167500e-03
  2.820000000000000e+00,  1.429980500437133e+00,  8.958666469600935e-01, -3.213270154805505e-01,  3.502862634370352e-02,  6.534797266501353e-02,  1.491515609325309e-01,  0.000000000000000e+00,  3.035766082959412e-18,  0.000000000000000e+00, -3.316330309989944e-03, -3.163751031838507e-02, -7.307412800286067e-02, -5.140311980511488e-03, -3.432317495108859e-02, -7.484562201498535e-02, -5.720669784762559e-03, -3.354223700822608e-02, -7.174550749360760e-02, -5.167948066410296e-03, -3.226607012599959e-02, -6.598815195392607e-02, -4.587590262137163e-03, -3.100895051064790e-02, -5.535918788069462e-02, -3.675599426869436e-03, -2.767567880336088e-02, -3.897286826787588e-02,  0.000000000000000e+00,  0.000000000000000e+00,  0.000000000000000e+00,  0.000000000000000e+00,  0.000000000000000e+00,  0.000000000000000e+00,  0.000000000000000e+00,  0.000000000000000e+00,  0.000000000000000e+00,  0.000000000000000e+00,  0.000000000000000e+00,  0.000000000000000e+00,  0.000000000000000e+00,  0.000000000000000e+00,  0.000000000000000e+00,  0.000000000000000e+00,  0.000000000000000e+00,  0.000000000000000e+00,  0.000000000000000e+00,  0.000000000000000e+00,  0.000000000000000e+00,  0.000000000000000e+00,  0.000000000000000e+00,  0.000000000000000e+00,  0.000000000000000e+00,  0.000000000000000e+00,  0.000000000000000e+00,  0.000000000000000e+00,  0.000000000000000e+00,  0.000000000000000e+00,  0.000000000000000e+00,  0.000000000000000e+00,  0.000000000000000e+00,  1.389367730251048e-02, -5.063656875704561e-03, -1.977501826854420e-03,  1.542794841568877e-02, -9.341351742281932e-03, -3.068537317457415e-03,  1.619508397227373e-02, -1.003712138926488e-02, -3.801576787746349e-03,  1.525747384756535e-02, -9.341351742258039e-03, -3.750434499119348e-03,  1.397891458659522e-02, -6.068657476662101e-03, -2.983300169687335e-03,  1.048418593993635e-02, -3.100899290763749e-03, -1.466078940449132e-03, -3.780848160525839e-02, -9.067216782987173e-03
  2.830000000000000e+00,  1.443569945702841e+00,  8.957931053744238e-01, -3.203017687446706e-01,  2.614560257172367e-02,  6.596278467062380e-02,  1.480102596552336e-01,  0.000000000000000e+00,  4.336808689942019e-19,  0.000000000000000e+00, -1.807540560824267e-03, -3.180921288369382e-02, -7.292749669796533e-02, -2.801687869302372e-03, -3.450945311039331e-02, -7.469543601181726e-02, -3.118007467451778e-03, -3.372427687422089e-02, -7.160154221248691e-02, -2.816750707297796e-03, -3.244118400051270e-02, -6.585573944228472e-02, -2.500431109131734e-03, -3.117724176669943e-02, -5.524810355886180e-02, -2.003357454883223e-03, -2.782587978315203e-02, -3.889466490531809e-02,  0.000000000000000e+00,  0.000000000000000e+00,  0.000000000000000e+00,  0.000000000000000e+00,  0.000000000000000e+00,  0.000000000000000e+00,  0.000000000000000e+00,  0.000000000000000e+00,  0.000000000000000e+00,  0.000000000000000e+00,  0.000000000000000e+00,  0.000000000000000e+00,  0.000000000000000e+00,  0.000000000000000e+00,  0.000000000000000e+00,  0.000000000000000e+00,  0.000000000000000e+00,  0.000000000000000e+00,  0.000000000000000e+00,  0.000000000000000e+00,  0.000000000000000e+00,  0.000000000000000e+00,  0.000000000000000e+00,  0.000000000000000e+00,  0.000000000000000e+00,  0.000000000000000e+00,  0.000000000000000e+00,  0.000000000000000e+00,  0.000000000000000e+00,  0.000000000000000e+00,  0.000000000000000e+00,  0.000000000000000e+00,  0.000000000000000e+00,  1.331444782764411e-02, -4.905613586610810e-03, -2.049840674855931e-03,  1.478475494974296e-02, -9.049796056422811e-03, -3.180787254245295e-03,  1.551990851079614e-02, -9.723849831632497e-03, -3.940641987294159e-03,  1.462138749175549e-02, -9.049796056391618e-03, -3.887628866408332e-03,  1.339613155668087e-02, -5.879246817282129e-03, -3.092432052741726e-03,  1.004709866748785e-02, -3.004116207951792e-03, -1.519709465776776e-03, -3.662410622925628e-02, -9.317423053859547e-03
  2.840000000000000e+00,  1.457242315253707e+00,  8.960519932831380e-01, -3.191786845732641e-01,  1.694765430669595e-02,  6.599314091192067e-02,  1.472204388727504e-01,  0.000000000000000e+00,  1.084202172485504e-18,  0.000000000000000e+00, -2.936283518846221e-04, -3.188431367200608e-02, -7.284651576315877e-02, -4.551239454620103e-04, -3.459092910105400e-02, -7.461249190285812e-02, -5.065089070564627e-04, -3.380389908262661e-02, -7.152203365835455e-02, -4.575708483920888e-04, -3.251777685744293e-02, -6.578261120422893e-02, -4.061858867923437e-04, -3.125085048636476e-02, -5.518675436587214e-02, -3.254380900018375e-04, -2.789157601762004e-02, -3.885147507346192e-02,  0.000000000000000e+00,  0.000000000000000e+00,  0.000000000000000e+00,  0.000000000000000e+00,  0.000000000000000e+00,  0.000000000000000e+00,  0.000000000000000e+00,  0.000000000000000e+00,  0.000000000000000e+00,  0.000000000000000e+00,  0.000000000000000e+00,  0.000000000000000e+00,  0.000000000000000e+00,  0.000000000000000e+00,  0.000000000000000e+00,  0.000000000000000e+00,  0.000000000000000e+00,  0.000000000000000e+00,  0.000000000000000e+00,  0.000000000000000e+00,  0.000000000000000e+00,  0.000000000000000e+00,  0.000000000000000e+00,  0.000000000000000e+00,  0.000000000000000e+00,  0.000000000000000e+00,  0.000000000000000e+00,  0.000000000000000e+00,  0.000000000000000e+00,  0.000000000000000e+00,  0.000000000000000e+00,  0.000000000000000e+00,  0.000000000000000e+00,  1.272471014607075e-02, -4.735607060009784e-03, -2.151677765216252e-03,  1.412989286162004e-02, -8.736170784807601e-03, -3.338810325676407e-03,  1.483248421940294e-02, -9.386864884616437e-03, -4.136415014743417e-03,  1.397376144881316e-02, -8.736170784772264e-03, -4.080768176016068e-03,  1.280277585252706e-02, -5.675498537369077e-03, -3.246065594463909e-03,  9.602081889366490e-03, -2.900007037360522e-03, -1.595209377663501e-03, -3.534609755876059e-02, -9.691364811532177e-03
  2.850000000000001e+00,  1.470963043687765e+00,  8.966438065757234e-01, -3.179805452493333e-01,  7.696798740648825e-03,  6.557321851883485e-02,  1.468411159464872e-01,  8.673617379884034e-19,  1.040834085586084e-17,  0.000000000000000e+00,  1.187484745418455e-03, -3.186082625285783e-02, -7.284363665516126e-02,  1.840601355328201e-03, -3.456544786725933e-02, -7.460954299832338e-02,  2.048411185746995e-03, -3.377899761053210e-02, -7.151920689780743e-02,  1.850497061531000e-03, -3.249382280081613e-02, -6.578001128249322e-02,  1.642687231101471e-03, -3.122782970468265e-02, -5.518457322348223e-02,  1.316128926133111e-03, -2.787102982857971e-02, -3.884993954922460e-02,  0.000000000000000e+00,  0.000000000000000e+00,  0.000000000000000e+00,  0.000000000000000e+00,  0.000000000000000e+00,  0.000000000000000e+00,  0.000000000000000e+00,  0.000000000000000e+00,  0.000000000000000e+00,  0.000000000000000e+00,  0.000000000000000e+00,  0.000000000000000e+00,  0.000000000000000e+00,  0.000000000000000e+00,  0.000000000000000e+00,  0.000000000000000e+00,  0.000000000000000e+00,  0.000000000000000e+00,  0.000000000000000e+00,  0.000000000000000e+00,  0.000000000000000e+00,  0.000000000000000e+00,  0.000000000000000e+00,  0.000000000000000e+00,  0.000000000000000e+00,  0.000000000000000e+00,  0.000000000000000e+00,  0.000000000000000e+00,  0.000000000000000e+00,  0.000000000000000e+00,  0.000000000000000e+00,  0.000000000000000e+00,  0.000000000000000e+00,  1.214830857028894e-02, -4.565217947067295e-03, -2.282755172921340e-03,  1.348983957808278e-02, -8.421839724119086e-03, -3.542206303290254e-03,  1.416060508198922e-02, -9.049121579410142e-03, -4.388400031502905e-03,  1.334078057725041e-02, -8.421839724081977e-03, -4.329363259827873e-03,  1.222283807075870e-02, -5.471291737938848e-03, -3.443811683851630e-03,  9.167128553040374e-03, -2.795663577244857e-03, -1.692387455843864e-03, -3.406159605224683e-02, -1.019093636093665e-02
  2.860000000000000e+00,  1.484690178861562e+00,  8.975550547383565e-01, -3.167342120426453e-01, -1.379977786174544e-03,  6.487836460818587e-02,  1.468606641962192e-01,  0.000000000000000e+00, -5.271933063710764e-18,  0.000000000000000e+00,  2.606498995573160e-03, -3.174087075727196e-02, -7.291724139547655e-02,  4.040073443029581e-03, -3.443530951502771e-02, -7.468493209599487e-02,  4.496210767207218e-03, -3.365182023079892e-02, -7.159147337013934e-02,  4.061794267970773e-03, -3.237148408345933e-02, -6.584647859346487e-02,  3.605656943763023e-03, -3.111025743086488e-02, -5.524033439040674e-02,  2.888869720000646e-03, -2.776609585201829e-02, -3.888919541074109e-02,  0.000000000000000e+00,  0.000000000000000e+00,  0.000000000000000e+00,  0.000000000000000e+00,  0.000000000000000e+00,  0.000000000000000e+00,  0.000000000000000e+00,  0.000000000000000e+00,  0.000000000000000e+00,  0.000000000000000e+00,  0.000000000000000e+00,  0.000000000000000e+00,  0.000000000000000e+00,  0.000000000000000e+00,  0.000000000000000e+00,  0.000000000000000e+00,  0.000000000000000e+00,  0.000000000000000e+00,  0.000000000000000e+00,  0.000000000000000e+00,  0.000000000000000e+00,  0.000000000000000e+00,  0.000000000000000e+00,  0.000000000000000e+00,  0.000000000000000e+00,  0.000000000000000e+00,  0.000000000000000e+00,  0.000000000000000e+00,  0.000000000000000e+00,  0.000000000000000e+00,  0.000000000000000e+00,  0.000000000000000e+00,  0.000000000000000e+00,  1.160112779728591e-02, -4.406301540831896e-03, -2.440284519622536e-03,  1.288223393443628e-02, -8.128673325912172e-03, -3.786648393102150e-03,  1.352278700301955e-02, -8.734119339132426e-03, -4.691236620583670e-03,  1.273988880811534e-02, -8.128673325875049e-03, -4.628125814087426e-03,  1.167230036049229e-02, -5.280834670965953e-03, -3.681463715644165e-03,  8.754225270346106e-03, -2.698345811982313e-03, -1.809176454301753e-03, -3.286033918452327e-02, -1.080660015774749e-02
  2.870000000000000e+00,  1.498375319069531e+00,  8.987591293667885e-01, -3.154680348149470e-01, -1.011886127864917e-02,  6.410441100162312e-02,  1.471885492539194e-01, -8.673617379884034e-19, -2.049142105997603e-17,  0.000000000000000e+00,  3.946307721980879e-03, -3.152876757833123e-02, -7.305041734742548e-02,  6.116776968919280e-03, -3.420520118965122e-02, -7.482133655588021e-02,  6.807380820198577e-03, -3.342694744445818e-02, -7.172222794115668e-02,  6.149662866566761e-03, -3.215516693407667e-02, -6.596674051371923e-02,  5.459059015236167e-03, -3.090236822236871e-02, -5.534122526310237e-02,  4.373824391709222e-03, -2.758055345647886e-02, -3.896022258511768e-02,  0.000000000000000e+00,  0.000000000000000e+00,  0.000000000000000e+00,  0.000000000000000e+00,  0.000000000000000e+00,  0.000000000000000e+00,  0.000000000000000e+00,  0.000000000000000e+00,  0.000000000000000e+00,  0.000000000000000e+00,  0.000000000000000e+00,  0.000000000000000e+00,  0.000000000000000e+00,  0.000000000000000e+00,  0.000000000000000e+00,  0.000000000000000e+00,  0.000000000000000e+00,  0.000000000000000e+00,  0.000000000000000e+00,  0.000000000000000e+00,  0.000000000000000e+00,  0.000000000000000e+00,  0.000000000000000e+00,  0.000000000000000e+00,  0.000000000000000e+00,  0.000000000000000e+00,  0.000000000000000e+00,  0.000000000000000e+00,  0.000000000000000e+00,  0.000000000000000e+00,  0.000000000000000e+00,  0.000000000000000e+00,  0.000000000000000e+00,  1.109037288096227e-02, -4.269899731442072e-03, -2.619537563506619e-03,  1.231507663470559e-02, -7.877041489299838e-03, -4.064799668165663e-03,  1.292742851158173e-02, -8.463745269175423e-03, -5.035835144714390e-03,  1.217899843986452e-02, -7.877041489264254e-03, -4.968088483640024e-03,  1.115841197841374e-02, -5.117360746770071e-03, -3.951888566422115e-03,  8.368808983797389e-03, -2.614815611531499e-03, -1.942070952384150e-03, -3.182631445875485e-02, -1.151979579406135e-02
  2.880000000000000e+00,  1.511967264516398e+00,  9.002193583802052e-01, -3.142093887867832e-01, -1.843206376542496e-02,  6.344105652592212e-02,  1.476759217998597e-01,  0.000000000000000e+00, -3.035766082959413e-18,  0.000000000000000e+00,  5.202817091135055e-03, -3.122826614159865e-02, -7.321514984028882e-02,  8.064366491067851e-03, -3.387919060025687e-02, -7.499006256372762e-02,  8.974859481930317e-03, -3.310835441009583e-02, -7.188396529779058e-02,  8.107723300111403e-03, -3.184869527012760e-02, -6.611549894666914e-02,  7.197230309176653e-03, -3.060783701285778e-02, -5.546602260617838e-02,  5.766455609129017e-03, -2.731768254283105e-02, -3.904807991464040e-02,  0.000000000000000e+00,  0.000000000000000e+00,  0.000000000000000e+00,  0.000000000000000e+00,  0.000000000000000e+00,  0.000000000000000e+00,  0.000000000000000e+00,  0.000000000000000e+00,  0.000000000000000e+00,  0.000000000000000e+00,  0.000000000000000e+00,  0.000000000000000e+00,  0.000000000000000e+00,  0.000000000000000e+00,  0.000000000000000e+00,  0.000000000000000e+00,  0.000000000000000e+00,  0.000000000000000e+00,  0.000000000000000e+00,  0.000000000000000e+00,  0.000000000000000e+00,  0.000000000000000e+00,  0.000000000000000e+00,  0.000000000000000e+00,  0.000000000000000e+00,  0.000000000000000e+00,  0.000000000000000e+00,  0.000000000000000e+00,  0.000000000000000e+00,  0.000000000000000e+00,  0.000000000000000e+00,  0.000000000000000e+00,  0.000000000000000e+00,  1.061560612046577e-02, -4.165477240127607e-03, -2.814611837756251e-03,  1.178788164297600e-02, -7.684404577876849e-03, -4.367501128250064e-03,  1.237401940423035e-02, -8.256760229180461e-03, -5.410848620276928e-03,  1.165762880714699e-02, -7.684404577843884e-03, -5.338056934871572e-03,  1.068073253839071e-02, -4.992213180871883e-03, -4.246181652629044e-03,  8.010549403793756e-03, -2.550869013830210e-03, -2.086694983313687e-03, -3.103185367688234e-02, -1.230625846370666e-02
  2.890000000000000e+00,  1.525417708558525e+00,  9.018939061034835e-01, -3.129829358098141e-01, -2.630082693997676e-02,  6.304218190034878e-02,  1.481592777549848e-01,  0.000000000000000e+00,  2.602085213965210e-18,  0.000000000000000e+00,  6.382668916646380e-03, -3.083954856192407e-02, -7.338070235825378e-02,  9.893136820577585e-03, -3.345747532117117e-02, -7.515962847606905e-02,  1.101010388088904e-02, -3.269623420672893e-02, -7.204650776997211e-02,  9.946325728155075e-03, -3.145225482463682e-02, -6.626499788712900e-02,  8.829358667752916e-03, -3.022684229900651e-02, -5.559144118038643e-02,  7.074124715685765e-03, -2.697764242045449e-02, -3.913637459088019e-02,  0.000000000000000e+00,  0.000000000000000e+00,  0.000000000000000e+00,  0.000000000000000e+00,  0.000000000000000e+00,  0.000000000000000e+00,  0.000000000000000e+00,  0.000000000000000e+00,  0.000000000000000e+00,  0.000000000000000e+00,  0.000000000000000e+00,  0.000000000000000e+00,  0.000000000000000e+00,  0.000000000000000e+00,  0.000000000000000e+00,  0.000000000000000e+00,  0.000000000000000e+00,  0.000000000000000e+00,  0.000000000000000e+00,  0.000000000000000e+00,  0.000000000000000e+00,  0.000000000000000e+00,  0.000000000000000e+00,  0.000000000000000e+00,  0.000000000000000e+00,  0.000000000000000e+00,  0.000000000000000e+00,  0.000000000000000e+00,  0.000000000000000e+00,  0.000000000000000e+00,  0.000000000000000e+00,  0.000000000000000e+00,  0.000000000000000e+00,  1.017088870450390e-02, -4.100422414594341e-03, -3.019177147448102e-03,  1.129405432830441e-02, -7.564392495174060e-03, -4.684930057096960e-03,  1.185563714019790e-02, -8.127809315493046e-03, -5.804107793241074e-03,  1.116925814787150e-02, -7.564392495144592e-03, -5.726025625689680e-03,  1.023328679470713e-02, -4.914246710598846e-03, -4.554793111236279e-03,  7.674965096046403e-03, -2.511030520188641e-03, -2.238355471544573e-03, -3.053374287961926e-02, -1.313932620357810e-02
  2.900000000000000e+00,  1.538687184000880e+00,  9.037415160616624e-01, -3.118095314597429e-01, -3.375021891640367e-02,  6.299915939059202e-02,  1.485114904260734e-01,  0.000000000000000e+00, -3.035766082959412e-18,  0.000000000000000e+00,  7.498220431483144e-03, -3.035704364272674e-02, -7.352329483730317e-02,  1.162224166855334e-02, -3.293401122461504e-02, -7.530567774248795e-02,  1.293443024395087e-02, -3.218468022557896e-02, -7.218650765848687e-02,  1.168472683874527e-02, -3.096016371499822e-02, -6.639376321668623e-02,  1.037253826324316e-02, -2.975392357025960e-02, -5.569946578571788e-02,  8.310527644591802e-03, -2.655555955013851e-02, -3.921242391303244e-02,  0.000000000000000e+00,  0.000000000000000e+00,  0.000000000000000e+00,  0.000000000000000e+00,  0.000000000000000e+00,  0.000000000000000e+00,  0.000000000000000e+00,  0.000000000000000e+00,  0.000000000000000e+00,  0.000000000000000e+00,  0.000000000000000e+00,  0.000000000000000e+00,  0.000000000000000e+00,  0.000000000000000e+00,  0.000000000000000e+00,  0.000000000000000e+00,  0.000000000000000e+00,  0.000000000000000e+00,  0.000000000000000e+00,  0.000000000000000e+00,  0.000000000000000e+00,  0.000000000000000e+00,  0.000000000000000e+00,  0.000000000000000e+00,  0.000000000000000e+00,  0.000000000000000e+00,  0.000000000000000e+00,  0.000000000000000e+00,  0.000000000000000e+00,  0.000000000000000e+00,  0.000000000000000e+00,  0.000000000000000e+00,  0.000000000000000e+00,  9.747730390109717e-03, -4.079803494886824e-03, -3.227078722738982e-03,  1.082416687488268e-02, -7.526355047891551e-03, -5.007535949780309e-03,  1.136238511725651e-02, -8.086938734209218e-03, -6.203780649171779e-03,  1.070456282099216e-02, -7.526355047866404e-03, -6.120321716741643e-03,  9.807532417018008e-03, -4.889535486234591e-03, -4.868437729122308e-03,  7.355649312794438e-03, -2.498403836554942e-03, -2.392489398055738e-03, -3.037126197747218e-02, -1.399266388487693e-02
  2.910000000000000e+00,  1.551749467111557e+00,  9.057263964714116e-01, -3.107055605003846e-01, -4.081343043006606e-02,  6.332606514529020e-02,  1.486800797058324e-01,  0.000000000000000e+00, -2.168404344971008e-18,  0.000000000000000e+00,  8.561095352577488e-03, -2.976921830411815e-02, -7.363324523478536e-02,  1.326969779624089e-02, -3.229628620344756e-02, -7.541829360414808e-02,  1.476788948282519e-02, -3.156146504118790e-02, -7.229445895782448e-02,  1.334104025743610e-02, -3.036065972728525e-02, -6.649305175743456e-02,  1.184284857073879e-02, -2.917777688076626e-02, -5.578276154137952e-02,  9.488547348782597e-03, -2.604134509077761e-02, -3.927106412502000e-02,  0.000000000000000e+00,  0.000000000000000e+00,  0.000000000000000e+00,  0.000000000000000e+00,  0.000000000000000e+00,  0.000000000000000e+00,  0.000000000000000e+00,  0.000000000000000e+00,  0.000000000000000e+00,  0.000000000000000e+00,  0.000000000000000e+00,  0.000000000000000e+00,  0.000000000000000e+00,  0.000000000000000e+00,  0.000000000000000e+00,  0.000000000000000e+00,  0.000000000000000e+00,  0.000000000000000e+00,  0.000000000000000e+00,  0.000000000000000e+00,  0.000000000000000e+00,  0.000000000000000e+00,  0.000000000000000e+00,  0.000000000000000e+00,  0.000000000000000e+00,  0.000000000000000e+00,  0.000000000000000e+00,  0.000000000000000e+00,  0.000000000000000e+00,  0.000000000000000e+00,  0.000000000000000e+00,  0.000000000000000e+00,  0.000000000000000e+00,  9.338346997728071e-03, -4.106377185456402e-03, -3.432801281342920e-03,  1.036957550050714e-02, -7.575377759510711e-03, -5.326760609653130e-03,  1.088518975187893e-02, -8.139612792627517e-03, -6.599264533335343e-03,  1.025499455571257e-02, -7.575377759489980e-03, -6.510485189904938e-03,  9.395637470066999e-03, -4.921383344411855e-03, -5.178795037325593e-03,  7.046728102594197e-03, -2.514677122907802e-03, -2.545007846671300e-03, -3.056610815606285e-02, -1.484239757541909e-02
  2.920000000000000e+00,  1.564593232111591e+00,  9.078207207632732e-01, -3.096827307115186e-01, -4.749801453086819e-02,  6.396158927294482e-02,  1.486977359681760e-01,  0.000000000000000e+00,  0.000000000000000e+00,  0.000000000000000e+00,  9.576524143234934e-03, -2.906075047423747e-02, -7.371670823612692e-02,  1.484361242176148e-02, -3.152767751625114e-02, -7.550377995097256e-02,  1.651950414671079e-02, -3.081034412101616e-02, -7.237640445004241e-02,  1.492341678954286e-02, -2.963811637761255e-02, -6.656842137682187e-02,  1.324752506447709e-02, -2.848338457068902e-02, -5.584599108784877e-02,  1.061398092508691e-02, -2.542159568872165e-02, -3.931557772573976e-02,  0.000000000000000e+00,  0.000000000000000e+00,  0.000000000000000e+00,  0.000000000000000e+00,  0.000000000000000e+00,  0.000000000000000e+00,  0.000000000000000e+00,  0.000000000000000e+00,  0.000000000000000e+00,  0.000000000000000e+00,  0.000000000000000e+00,  0.000000000000000e+00,  0.000000000000000e+00,  0.000000000000000e+00,  0.000000000000000e+00,  0.000000000000000e+00,  0.000000000000000e+00,  0.000000000000000e+00,  0.000000000000000e+00,  0.000000000000000e+00,  0.000000000000000e+00,  0.000000000000000e+00,  0.000000000000000e+00,  0.000000000000000e+00,  0.000000000000000e+00,  0.000000000000000e+00,  0.000000000000000e+00,  0.000000000000000e+00,  0.000000000000000e+00,  0.000000000000000e+00,  0.000000000000000e+00,  0.000000000000000e+00,  0.000000000000000e+00,  8.938059227367885e-03, -4.180681028314765e-03, -3.631889836846831e-03,  9.925084172673520e-03, -7.712452278782583e-03, -5.635691126768930e-03,  1.041859664530484e-02, -8.286897000234161e-03, -6.981995118411100e-03,  9.815414734253567e-03, -7.712452278766465e-03, -6.888066933024673e-03,  8.992893946502600e-03, -5.010434514871056e-03, -5.479144151177656e-03,  6.744670459930589e-03, -2.560179561039772e-03, -2.692607982638395e-03, -3.112295443849116e-02, -1.566901868794547e-02
  2.930000000000000e+00,  1.577220733167264e+00,  9.100042494981373e-01, -3.087484351406879e-01, -5.376559422650497e-02,  6.478558994174338e-02,  1.486637947935973e-01,  0.000000000000000e+00,  8.673617379884035e-19,  0.000000000000000e+00,  1.054042890439473e-02, -2.821629739184900e-02, -7.379189278217363e-02,  1.633766480156690e-02, -3.061153997594143e-02, -7.558078715267698e-02,  1.818223985972216e-02, -2.991505099755204e-02, -7.245022200433596e-02,  1.642550170902445e-02, -2.877688608167308e-02, -6.663631530021923e-02,  1.458092665075300e-02, -2.765570870186257e-02, -5.590294907728187e-02,  1.168230870204155e-02, -2.468288989178751e-02, -3.935567615030885e-02,  0.000000000000000e+00,  0.000000000000000e+00,  0.000000000000000e+00,  0.000000000000000e+00,  0.000000000000000e+00,  0.000000000000000e+00,  0.000000000000000e+00,  0.000000000000000e+00,  0.000000000000000e+00,  0.000000000000000e+00,  0.000000000000000e+00,  0.000000000000000e+00,  0.000000000000000e+00,  0.000000000000000e+00,  0.000000000000000e+00,  0.000000000000000e+00,  0.000000000000000e+00,  0.000000000000000e+00,  0.000000000000000e+00,  0.000000000000000e+00,  0.000000000000000e+00,  0.000000000000000e+00,  0.000000000000000e+00,  0.000000000000000e+00,  0.000000000000000e+00,  0.000000000000000e+00,  0.000000000000000e+00,  0.000000000000000e+00,  0.000000000000000e+00,  0.000000000000000e+00,  0.000000000000000e+00,  0.000000000000000e+00,  0.000000000000000e+00,  8.545935564205277e-03, -4.301158930010281e-03, -3.821318832769994e-03,  9.489658509890812e-03, -7.934707949850498e-03, -5.929632672111447e-03,  9.961519982709678e-03, -8.525706886804516e-03, -7.346156032897073e-03,  9.384800404754159e-03, -7.934707949838485e-03, -7.247328821749839e-03,  8.598364616686328e-03, -5.154824061185647e-03, -5.764920653580056e-03,  6.448773462574810e-03, -2.633958225190673e-03, -2.833046720981723e-03, -3.203031933873326e-02, -1.645900855419348e-02
  2.940000000000000e+00,  1.589644332421941e+00,  9.122616890347167e-01, -3.079064869323204e-01, -5.952946231171958e-02,  6.564316691734029e-02,  1.487078235914618e-01,  0.000000000000000e+00, -3.469446951953613e-18,  0.000000000000000e+00,  1.143974073509184e-02, -2.722443207288376e-02, -7.388206192677232e-02,  1.773159813915749e-02, -2.953547657752596e-02, -7.567314221592884e-02,  1.973355276768904e-02, -2.886347072862466e-02, -7.253875170993673e-02,  1.782692931187225e-02, -2.776531482922366e-02, -6.671774077019073e-02,  1.582497468322696e-02, -2.668354931639097e-02, -5.597125903531972e-02,  1.267904598107235e-02, -2.381523166875697e-02, -3.940376636077689e-02,  0.000000000000000e+00,  0.000000000000000e+00,  0.000000000000000e+00,  0.000000000000000e+00,  0.000000000000000e+00,  0.000000000000000e+00,  0.000000000000000e+00,  0.000000000000000e+00,  0.000000000000000e+00,  0.000000000000000e+00,  0.000000000000000e+00,  0.000000000000000e+00,  0.000000000000000e+00,  0.000000000000000e+00,  0.000000000000000e+00,  0.000000000000000e+00,  0.000000000000000e+00,  0.000000000000000e+00,  0.000000000000000e+00,  0.000000000000000e+00,  0.000000000000000e+00,  0.000000000000000e+00,  0.000000000000000e+00,  0.000000000000000e+00,  0.000000000000000e+00,  0.000000000000000e+00,  0.000000000000000e+00,  0.000000000000000e+00,  0.000000000000000e+00,  0.000000000000000e+00,  0.000000000000000e+00,  0.000000000000000e+00,  0.000000000000000e+00,  8.163750767799089e-03, -4.464359827890571e-03, -3.999662175204433e-03,  9.065269257435712e-03, -8.235778308534421e-03, -6.206372341346128e-03,  9.516028502228805e-03, -8.849201796343947e-03, -7.689005734203145e-03,  8.965100536299862e-03, -8.235778308526166e-03, -7.585566195229841e-03,  8.213835128272440e-03, -5.350415976971414e-03, -6.033973109765728e-03,  6.160376346267578e-03, -2.733899741964084e-03, -2.965266785184660e-03, -3.326209259757026e-02, -1.720557786818006e-02
  2.950000000000000e+00,  1.601882119994119e+00,  9.145789963313997e-01, -3.071577432137850e-01, -6.466925331671194e-02,  6.636798304691269e-02,  1.489486917989303e-01,  0.000000000000000e+00,  1.734723475976807e-18,  0.000000000000000e+00,  1.225547890838436e-02, -2.608119220551150e-02, -7.400788690655821e-02,  1.899599233640193e-02, -2.829518865281087e-02, -7.580201749237703e-02,  2.114070115651461e-02, -2.765140245345453e-02, -7.266228894856497e-02,  1.909812133094926e-02, -2.659936159119028e-02, -6.683136451920495e-02,  1.695341251975824e-02, -2.556302283107506e-02, -5.606658096257674e-02,  1.358315582071722e-02, -2.281515489959969e-02, -3.947087298735294e-02,  0.000000000000000e+00,  0.000000000000000e+00,  0.000000000000000e+00,  0.000000000000000e+00,  0.000000000000000e+00,  0.000000000000000e+00,  0.000000000000000e+00,  0.000000000000000e+00,  0.000000000000000e+00,  0.000000000000000e+00,  0.000000000000000e+00,  0.000000000000000e+00,  0.000000000000000e+00,  0.000000000000000e+00,  0.000000000000000e+00,  0.000000000000000e+00,  0.000000000000000e+00,  0.000000000000000e+00,  0.000000000000000e+00,  0.000000000000000e+00,  0.000000000000000e+00,  0.000000000000000e+00,  0.000000000000000e+00,  0.000000000000000e+00,  0.000000000000000e+00,  0.000000000000000e+00,  0.000000000000000e+00,  0.000000000000000e+00,  0.000000000000000e+00,  0.000000000000000e+00,  0.000000000000000e+00,  0.000000000000000e+00,  0.000000000000000e+00,  7.793346968757254e-03, -4.664939108389761e-03, -4.167103880277912e-03,  8.653961978161715e-03, -8.605803698587381e-03, -6.466195676511498e-03,  9.084269488354505e-03, -9.246787697738613e-03, -8.010897977332555e-03,  8.558338099653090e-03, -8.605803697757850e-03, -7.903128050051601e-03,  7.841158923724586e-03, -5.590804884627122e-03, -6.286579130565693e-03,  5.880869185545545e-03, -2.856731158335383e-03, -3.089404601725676e-03, -3.477769393515974e-02, -1.790864703469039e-02
  2.960000000000000e+00,  1.613953850052906e+00,  9.169407290695517e-01, -3.065002327443305e-01, -6.905710132611498e-02,  6.680312670338467e-02,  1.494695485495346e-01,  0.000000000000000e+00,  0.000000000000000e+00,  0.000000000000000e+00,  1.296688455995784e-02, -2.478936275193432e-02, -7.418366834853597e-02,  2.009867109414164e-02, -2.689369757803236e-02, -7.598206030362659e-02,  2.236787590241555e-02, -2.628179880032816e-02, -7.283487436630209e-02,  2.020672846879253e-02, -2.528186665148957e-02, -6.699010049049642e-02,  1.793752366877806e-02, -2.429685886283221e-02, -5.619974872455820e-02,  1.437163041566014e-02, -2.168509578037181e-02, -3.956462309261597e-02,  0.000000000000000e+00,  0.000000000000000e+00,  0.000000000000000e+00,  0.000000000000000e+00,  0.000000000000000e+00,  0.000000000000000e+00,  0.000000000000000e+00,  0.000000000000000e+00,  0.000000000000000e+00,  0.000000000000000e+00,  0.000000000000000e+00,  0.000000000000000e+00,  0.000000000000000e+00,  0.000000000000000e+00,  0.000000000000000e+00,  0.000000000000000e+00,  0.000000000000000e+00,  0.000000000000000e+00,  0.000000000000000e+00,  0.000000000000000e+00,  0.000000000000000e+00,  0.000000000000000e+00,  0.000000000000000e+00,  0.000000000000000e+00,  0.000000000000000e+00,  0.000000000000000e+00,  0.000000000000000e+00,  0.000000000000000e+00,  0.000000000000000e+00,  0.000000000000000e+00,  0.000000000000000e+00,  0.000000000000000e+00,  0.000000000000000e+00,  7.436615874044869e-03, -4.896511537857085e-03, -4.324550557017364e-03,  8.257837265555791e-03, -9.033004745082738e-03, -6.710509486562734e-03,  8.668447966581717e-03, -9.705807856633771e-03, -8.313575642497165e-03,  8.166590455296219e-03, -9.033004744214861e-03, -8.201733818476078e-03,  7.482239294223278e-03, -5.868338254104381e-03, -6.524106446339408e-03,  5.611679463504161e-03, -2.998542264239568e-03, -3.206132310856020e-03, -3.652861768914577e-02, -1.857122611672373e-02
  2.970000000000000e+00,  1.625877999900677e+00,  9.193276293621029e-01, -3.059292299782875e-01, -7.258922234294750e-02,  6.681633417486428e-02,  1.502953175513669e-01,  0.000000000000000e+00,  1.301042606982605e-17,  2.775557561562891e-17,  1.355688367777376e-02, -2.336283622064965e-02, -7.441310483396689e-02,  2.101316972491625e-02, -2.534607517628442e-02, -7.621705888648547e-02,  2.338562437810667e-02, -2.476938867285155e-02, -7.306013928093563e-02,  2.112614375866146e-02, -2.382699853320297e-02, -6.719728859157910e-02,  1.875368911320509e-02, -2.289867391779804e-02, -5.637356424633100e-02,  1.502554610275418e-02, -2.043720712844177e-02, -3.968698922066791e-02,  0.000000000000000e+00,  0.000000000000000e+00,  0.000000000000000e+00,  0.000000000000000e+00,  0.000000000000000e+00,  0.000000000000000e+00,  0.000000000000000e+00,  0.000000000000000e+00,  0.000000000000000e+00,  0.000000000000000e+00,  0.000000000000000e+00,  0.000000000000000e+00,  0.000000000000000e+00,  0.000000000000000e+00,  0.000000000000000e+00,  0.000000000000000e+00,  0.000000000000000e+00,  0.000000000000000e+00,  0.000000000000000e+00,  0.000000000000000e+00,  0.000000000000000e+00,  0.000000000000000e+00,  0.000000000000000e+00,  0.000000000000000e+00,  0.000000000000000e+00,  0.000000000000000e+00,  0.000000000000000e+00,  0.000000000000000e+00,  0.000000000000000e+00,  0.000000000000000e+00,  0.000000000000000e+00,  0.000000000000000e+00,  0.000000000000000e+00,  7.090603372926670e-03, -5.150772040692294e-03, -4.473864054423457e-03,  7.873614794866824e-03, -9.502060379892275e-03, -6.942202845606229e-03,  8.265120510886403e-03, -1.020980004905286e-02, -8.600617971009651e-03,  7.786613536357136e-03, -9.502060379003736e-03, -8.484914591067740e-03,  7.134104016555938e-03, -6.173062673385513e-03, -6.749363879076323e-03,  5.350578005386381e-03, -3.154247169131994e-03, -3.316830248977661e-03, -3.845208005071470e-02, -1.920008134021723e-02
  2.980000000000000e+00,  1.637670719911135e+00,  9.217168565708197e-01, -3.054374135730770e-01, -7.520503565894437e-02,  6.631296494273339e-02,  1.514035302665429e-01,  0.000000000000000e+00, -2.602085213965210e-18,  0.000000000000000e+00,  1.401455038781274e-02, -2.182371051454913e-02, -7.469218022014862e-02,  2.172255312391399e-02, -2.367629521098981e-02, -7.650289973722332e-02,  2.417509945077701e-02, -2.313760037146664e-02, -7.333414057053655e-02,  2.183934104675311e-02, -2.225729417042357e-02, -6.744930212386216e-02,  1.938679472719877e-02, -2.139012686769092e-02, -5.658498499548903e-02,  1.553279337153488e-02, -1.909081961984914e-02, -3.983582942866016e-02,  0.000000000000000e+00,  0.000000000000000e+00,  0.000000000000000e+00,  0.000000000000000e+00,  0.000000000000000e+00,  0.000000000000000e+00,  0.000000000000000e+00,  0.000000000000000e+00,  0.000000000000000e+00,  0.000000000000000e+00,  0.000000000000000e+00,  0.000000000000000e+00,  0.000000000000000e+00,  0.000000000000000e+00,  0.000000000000000e+00,  0.000000000000000e+00,  0.000000000000000e+00,  0.000000000000000e+00,  0.000000000000000e+00,  0.000000000000000e+00,  0.000000000000000e+00,  0.000000000000000e+00,  0.000000000000000e+00,  0.000000000000000e+00,  0.000000000000000e+00,  0.000000000000000e+00,  0.000000000000000e+00,  0.000000000000000e+00,  0.000000000000000e+00,  0.000000000000000e+00,  0.000000000000000e+00,  0.000000000000000e+00,  0.000000000000000e+00,  6.749849382962311e-03, -5.418579537716838e-03, -4.616822280504460e-03,  7.495231529817374e-03, -9.996107288987264e-03, -7.164034576576254e-03,  7.867922608091011e-03, -1.074064493481194e-02, -8.875442838013165e-03,  7.412411301484966e-03, -9.996107288085046e-03, -8.756042262606569e-03,  6.791259510897931e-03, -6.494022803276604e-03, -6.965033617797623e-03,  5.093444626276831e-03, -3.318248028067832e-03, -3.422816520370972e-03, -4.047919566233053e-02, -1.980153915977604e-02
  2.990000000000000e+00,  1.649346043601599e+00,  9.240829378009302e-01, -3.050154828282398e-01, -7.689458361733913e-02,  6.523979558537389e-02,  1.527420627080507e-01,  0.000000000000000e+00,  3.469446951953614e-18,  0.000000000000000e+00,  1.433620168066453e-02, -2.020099758232371e-02, -7.501259203418341e-02,  2.222111262648586e-02, -2.191583241518039e-02, -7.683107911088660e-02,  2.472994792909508e-02, -2.141719250043292e-02, -7.364872671627536e-02,  2.234058097664069e-02, -2.060234190818779e-02, -6.773864370273039e-02,  1.983174568098451e-02, -1.979965326487895e-02, -5.682772121982330e-02,  1.588929021983007e-02, -1.767131215974280e-02, -4.000671573102184e-02,  0.000000000000000e+00,  0.000000000000000e+00,  0.000000000000000e+00,  0.000000000000000e+00,  0.000000000000000e+00,  0.000000000000000e+00,  0.000000000000000e+00,  0.000000000000000e+00,  0.000000000000000e+00,  0.000000000000000e+00,  0.000000000000000e+00,  0.000000000000000e+00,  0.000000000000000e+00,  0.000000000000000e+00,  0.000000000000000e+00,  0.000000000000000e+00,  0.000000000000000e+00,  0.000000000000000e+00,  0.000000000000000e+00,  0.000000000000000e+00,  0.000000000000000e+00,  0.000000000000000e+00,  0.000000000000000e+00,  0.000000000000000e+00,  0.000000000000000e+00,  0.000000000000000e+00,  0.000000000000000e+00,  0.000000000000000e+00,  0.000000000000000e+00,  0.000000000000000e+00,  0.000000000000000e+00,  0.000000000000000e+00,  0.000000000000000e+00,  6.406991571924321e-03, -5.690234355398428e-03, -4.754790590969828e-03,  7.114512119934738e-03, -1.049725167257897e-02, -7.378123334995656e-03,  7.468272398611802e-03, -1.127911593454703e-02, -9.140675022339003e-03,  7.035898735604030e-03, -1.049725167166243e-02, -9.017706301011117e-03,  6.446298277374397e-03, -6.819593844182529e-03, -7.173175466524663e-03,  4.834723701234691e-03, -3.484604922210777e-03, -3.525103371555904e-03, -4.253707223605949e-02, -2.038012458559130e-02
  3.000000000000000e+00,  1.660916301663257e+00,  9.263993928262481e-01, -3.046530185008263e-01, -7.769670852889328e-02,  6.358155561171573e-02,  1.542506980995057e-01, -2.688821387764051e-17,  2.428612866367530e-17,  5.551115123125783e-17,  1.452509999529376e-02, -1.852729508060405e-02, -7.536590898938229e-02,  2.251390501300615e-02, -2.010005161562463e-02, -7.719296132597263e-02,  2.505579752023899e-02, -1.964272524839965e-02, -7.399561972760280e-02,  2.263494751567051e-02, -1.889538703870077e-02, -6.805769962081756e-02,  2.009305501508995e-02, -1.815920313044288e-02, -5.709538558092923e-02,  1.609865251746041e-02, -1.620720033818938e-02, -4.019515144150525e-02,  0.000000000000000e+00,  0.000000000000000e+00,  0.000000000000000e+00,  0.000000000000000e+00,  0.000000000000000e+00,  0.000000000000000e+00,  0.000000000000000e+00,  0.000000000000000e+00,  0.000000000000000e+00,  0.000000000000000e+00,  0.000000000000000e+00,  0.000000000000000e+00,  0.000000000000000e+00,  0.000000000000000e+00,  0.000000000000000e+00,  0.000000000000000e+00,  0.000000000000000e+00,  0.000000000000000e+00,  0.000000000000000e+00,  0.000000000000000e+00,  0.000000000000000e+00,  0.000000000000000e+00,  0.000000000000000e+00,  0.000000000000000e+00,  0.000000000000000e+00,  0.000000000000000e+00,  0.000000000000000e+00,  0.000000000000000e+00,  0.000000000000000e+00,  0.000000000000000e+00,  0.000000000000000e+00,  0.000000000000000e+00,  0.000000000000000e+00,  6.054464261797204e-03, -5.956134450535448e-03, -4.888338538808342e-03,  6.723055413584838e-03, -1.098777983772984e-02, -7.585352910061420e-03,  7.057350994013781e-03, -1.180617999060185e-02, -9.397409440632935e-03,  6.648767517508517e-03, -1.098777983679320e-02, -9.270986893116718e-03,  6.091608222791365e-03, -7.138268003857470e-03, -7.374648664780419e-03,  4.568706160338780e-03, -3.647437719921271e-03, -3.624113057364579e-03, -4.455368221663953e-02, -2.093707479926094e-02
  3.010000000000000e+00,  1.672392023494727e+00,  9.286402459523517e-01, -3.043393393545930e-01, -7.769180989725759e-02,  6.135319449970014e-02,  1.558763661833620e-01,  0.000000000000000e+00,  2.602085213965211e-18,  0.000000000000000e+00,  1.459043318085993e-02, -1.683486711003781e-02, -7.574649576597836e-02,  2.261517144968271e-02, -1.826395576799534e-02, -7.758277444891463e-02,  2.516849726401975e-02, -1.784840516639143e-02, -7.436928674512468e-02,  2.273675839545023e-02, -1.716933467124285e-02, -6.840138101360951e-02,  2.018343258751586e-02, -1.650039955642252e-02, -5.738370889715619e-02,  1.617106346391188e-02, -1.472670795908187e-02, -4.039813105621567e-02,  0.000000000000000e+00,  0.000000000000000e+00,  0.000000000000000e+00,  0.000000000000000e+00,  0.000000000000000e+00,  0.000000000000000e+00,  0.000000000000000e+00,  0.000000000000000e+00,  0.000000000000000e+00,  0.000000000000000e+00,  0.000000000000000e+00,  0.000000000000000e+00,  0.000000000000000e+00,  0.000000000000000e+00,  0.000000000000000e+00,  0.000000000000000e+00,  0.000000000000000e+00,  0.000000000000000e+00,  0.000000000000000e+00,  0.000000000000000e+00,  0.000000000000000e+00,  0.000000000000000e+00,  0.000000000000000e+00,  0.000000000000000e+00,  0.000000000000000e+00,  0.000000000000000e+00,  0.000000000000000e+00,  0.000000000000000e+00,  0.000000000000000e+00,  0.000000000000000e+00,  0.000000000000000e+00,  0.000000000000000e+00,  0.000000000000000e+00,  5.686228782588188e-03, -6.207567027964698e-03, -5.016935562088586e-03,  6.314155893802870e-03, -1.145161856180771e-02, -7.784900016069105e-03,  6.628119453852934e-03, -1.230456670238056e-02, -9.644626133405380e-03,  6.244386224361852e-03, -1.145161856084124e-02, -9.514877800868751e-03,  5.721113630119567e-03, -7.439603230076212e-03, -7.568652795925811e-03,  4.290835215796271e-03, -3.801410850279948e-03, -3.719452230177334e-03, -4.646372204036227e-02, -2.146922305145146e-02
  3.020000000000000e+00,  1.683781505188749e+00,  9.307811618920865e-01, -3.040640845173100e-01, -7.699102210906764e-02,  5.859200663392852e-02,  1.575797386201563e-01,  0.000000000000000e+00,  8.673617379884035e-19,  0.000000000000000e+00,  1.454573090618141e-02, -1.515243696308113e-02, -7.615262798948232e-02,  2.254588292320486e-02, -1.643870644544479e-02, -7.799875230221615e-02,  2.509138583917558e-02, -1.606468482395667e-02, -7.476803474662305e-02,  2.266709734990377e-02, -1.545347875971720e-02, -6.876813071868396e-02,  2.012159444013730e-02, -1.485139517384732e-02, -5.769138482417542e-02,  1.612151844213621e-02, -1.325496141854601e-02, -4.061473490873058e-02,  0.000000000000000e+00,  0.000000000000000e+00,  0.000000000000000e+00,  0.000000000000000e+00,  0.000000000000000e+00,  0.000000000000000e+00,  0.000000000000000e+00,  0.000000000000000e+00,  0.000000000000000e+00,  0.000000000000000e+00,  0.000000000000000e+00,  0.000000000000000e+00,  0.000000000000000e+00,  0.000000000000000e+00,  0.000000000000000e+00,  0.000000000000000e+00,  0.000000000000000e+00,  0.000000000000000e+00,  0.000000000000000e+00,  0.000000000000000e+00,  0.000000000000000e+00,  0.000000000000000e+00,  0.000000000000000e+00,  0.000000000000000e+00,  0.000000000000000e+00,  0.000000000000000e+00,  0.000000000000000e+00,  0.000000000000000e+00,  0.000000000000000e+00,  0.000000000000000e+00,  0.000000000000000e+00,  0.000000000000000e+00,  0.000000000000000e+00,  5.299302012582576e-03, -6.437403236593765e-03, -5.138886117236612e-03,  5.884501014407421e-03, -1.187561665641297e-02, -7.974133637167976e-03,  6.177100519719969e-03, -1.276014534469071e-02, -9.879065564369105e-03,  5.819478912717173e-03, -1.187561665540414e-02, -9.746163338249876e-03,  5.331813076298961e-03, -7.715055785267926e-03, -7.752629927897084e-03,  3.998859800295023e-03, -3.942158723388650e-03, -3.809863849081580e-03, -4.821371520577150e-02, -2.196889079112472e-02
  3.030000000000000e+00,  1.695090720137340e+00,  9.328002959322250e-01, -3.038174460581652e-01, -7.572371492797636e-02,  5.535136902549679e-02,  1.593360446614053e-01,  0.000000000000000e+00, -2.602085213965210e-18,  0.000000000000000e+00,  1.440694379625780e-02, -1.350336073265709e-02, -7.658620547646142e-02,  2.233076290233238e-02, -1.464964240742131e-02, -7.844284075861194e-02,  2.485197807384387e-02, -1.431632646049066e-02, -7.519372900655023e-02,  2.245082076966099e-02, -1.377163942538527e-02, -6.915966432796396e-02,  1.992960560420437e-02, -1.323508204731088e-02, -5.801985261694110e-02,  1.596769606150924e-02, -1.181239202485039e-02, -4.084597623452250e-02,  0.000000000000000e+00,  0.000000000000000e+00,  0.000000000000000e+00,  0.000000000000000e+00,  0.000000000000000e+00,  0.000000000000000e+00,  0.000000000000000e+00,  0.000000000000000e+00,  0.000000000000000e+00,  0.000000000000000e+00,  0.000000000000000e+00,  0.000000000000000e+00,  0.000000000000000e+00,  0.000000000000000e+00,  0.000000000000000e+00,  0.000000000000000e+00,  0.000000000000000e+00,  0.000000000000000e+00,  0.000000000000000e+00,  0.000000000000000e+00,  0.000000000000000e+00,  0.000000000000000e+00,  0.000000000000000e+00,  0.000000000000000e+00,  0.000000000000000e+00,  0.000000000000000e+00,  0.000000000000000e+00,  0.000000000000000e+00,  0.000000000000000e+00,  0.000000000000000e+00,  0.000000000000000e+00,  0.000000000000000e+00,  0.000000000000000e+00,  4.894804645009503e-03, -6.640528499585274e-03, -5.251619512088886e-03,  5.435335226173208e-03, -1.225033883349354e-02, -8.149064768301812e-03,  5.705600521165209e-03, -1.316277786319732e-02, -1.009578579949371e-02,  5.375276282519706e-03, -1.225033883242834e-02, -9.959968054651474e-03,  4.924834129984708e-03, -7.958495985744368e-03, -7.922701861341443e-03,  3.693625590315313e-03, -4.066549257422297e-03, -3.893442056099863e-03, -4.976511966371071e-02, -2.242522859781142e-02
  3.040000000000000e+00,  1.706324076013023e+00,  9.346791091228348e-01, -3.035901643811100e-01, -7.402430207873123e-02,  5.169300130109009e-02,  1.611358060551159e-01,  0.000000000000000e+00, -8.673617379884037e-19,  0.000000000000000e+00,  1.419040328704770e-02, -1.190466073524295e-02, -7.705222432631818e-02,  2.199512511278988e-02, -1.291523097137595e-02, -7.892015703507538e-02,  2.447844569503746e-02, -1.262137721585373e-02, -7.565127478614696e-02,  2.211337847574179e-02, -1.214117717643737e-02, -6.958049347061003e-02,  1.963005789944176e-02, -1.166814430156926e-02, -5.837289719923943e-02,  1.572769699686642e-02, -1.041389046182510e-02, -4.109451961993067e-02,  0.000000000000000e+00,  0.000000000000000e+00,  0.000000000000000e+00,  0.000000000000000e+00,  0.000000000000000e+00,  0.000000000000000e+00,  0.000000000000000e+00,  0.000000000000000e+00,  0.000000000000000e+00,  0.000000000000000e+00,  0.000000000000000e+00,  0.000000000000000e+00,  0.000000000000000e+00,  0.000000000000000e+00,  0.000000000000000e+00,  0.000000000000000e+00,  0.000000000000000e+00,  0.000000000000000e+00,  0.000000000000000e+00,  0.000000000000000e+00,  0.000000000000000e+00,  0.000000000000000e+00,  0.000000000000000e+00,  0.000000000000000e+00,  0.000000000000000e+00,  0.000000000000000e+00,  0.000000000000000e+00,  0.000000000000000e+00,  0.000000000000000e+00,  0.000000000000000e+00,  0.000000000000000e+00,  0.000000000000000e+00,  0.000000000000000e+00,  4.478235417204431e-03, -6.813984599220516e-03, -5.352250267062443e-03,  4.972764488963406e-03, -1.257032782118780e-02, -8.305215941146764e-03,  5.220029029313360e-03, -1.350660051337681e-02, -1.028923975302192e-02,  4.917816824458049e-03, -1.257032782005306e-02, -1.015081948878947e-02,  4.505709263091172e-03, -8.166378486614841e-03, -8.074515502052588e-03,  3.379281939792413e-03, -4.172770889037864e-03, -3.968047616362522e-03, -5.109530449857300e-02, -2.282661232448237e-02
  3.050000000000000e+00,  1.717485487899941e+00,  9.364030351355129e-01, -3.033736510735089e-01, -7.201907414894630e-02,  4.767853910070694e-02,  1.629851993367955e-01,  0.000000000000000e+00,  2.602085213965211e-18,  0.000000000000000e+00,  1.391092611995661e-02, -1.036604241382274e-02, -7.755823231430299e-02,  2.156193548561920e-02, -1.124600146276479e-02, -7.943843188554958e-02,  2.399634755646327e-02, -1.099012684565585e-02, -7.614808263581209e-02,  2.167785986983922e-02, -1.057199027625556e-02, -7.003743402916043e-02,  1.924344779883218e-02, -1.016009455118542e-02, -5.875623660155679e-02,  1.541794311583091e-02, -9.067946795376400e-03, -4.136439056739961e-02,  0.000000000000000e+00,  0.000000000000000e+00,  0.000000000000000e+00,  0.000000000000000e+00,  0.000000000000000e+00,  0.000000000000000e+00,  0.000000000000000e+00,  0.000000000000000e+00,  0.000000000000000e+00,  0.000000000000000e+00,  0.000000000000000e+00,  0.000000000000000e+00,  0.000000000000000e+00,  0.000000000000000e+00,  0.000000000000000e+00,  0.000000000000000e+00,  0.000000000000000e+00,  0.000000000000000e+00,  0.000000000000000e+00,  0.000000000000000e+00,  0.000000000000000e+00,  0.000000000000000e+00,  0.000000000000000e+00,  0.000000000000000e+00,  0.000000000000000e+00,  0.000000000000000e+00,  0.000000000000000e+00,  0.000000000000000e+00,  0.000000000000000e+00,  0.000000000000000e+00,  0.000000000000000e+00,  0.000000000000000e+00,  0.000000000000000e+00,  4.059251152630014e-03, -6.957096446069539e-03, -5.438058418669749e-03,  4.507512016006957e-03, -1.283433822757445e-02, -8.438366512177137e-03,  4.731642447648157e-03, -1.379027514384739e-02, -1.045419851248510e-02,  4.457705253288649e-03, -1.283433822758565e-02, -1.031355907066146e-02,  4.084154533814268e-03, -8.337894214057237e-03, -8.203967442511643e-03,  3.063115900469003e-03, -4.260410207067156e-03, -4.031664000169279e-03, -5.219847358918926e-02, -2.316263959762887e-02
  3.060000000000000e+00,  1.728578771382556e+00,  9.379606184259345e-01, -3.031602884684533e-01, -6.981702740554012e-02,  4.336228948380323e-02,  1.648889789990802e-01,  0.000000000000000e+00,  0.000000000000000e+00,  0.000000000000000e+00,  1.358081566989586e-02, -8.893300972622678e-03, -7.810984901374600e-02,  2.105026428797303e-02, -9.648241031070029e-03, -8.000342111102900e-02,  2.342690703002987e-02, -9.428719453745479e-03, -7.668966994069047e-02,  2.116343775175243e-02, -9.069989071311258e-03, -7.053556062436320e-02,  1.878679500950076e-02, -8.716612873701148e-03, -5.917412804045481e-02,  1.505207070026136e-02, -7.779630531624261e-03, -4.165858614035099e-02,  0.000000000000000e+00,  0.000000000000000e+00,  0.000000000000000e+00,  0.000000000000000e+00,  0.000000000000000e+00,  0.000000000000000e+00,  0.000000000000000e+00,  0.000000000000000e+00,  0.000000000000000e+00,  0.000000000000000e+00,  0.000000000000000e+00,  0.000000000000000e+00,  0.000000000000000e+00,  0.000000000000000e+00,  0.000000000000000e+00,  0.000000000000000e+00,  0.000000000000000e+00,  0.000000000000000e+00,  0.000000000000000e+00,  0.000000000000000e+00,  0.000000000000000e+00,  0.000000000000000e+00,  0.000000000000000e+00,  0.000000000000000e+00,  0.000000000000000e+00,  0.000000000000000e+00,  0.000000000000000e+00,  0.000000000000000e+00,  0.000000000000000e+00,  0.000000000000000e+00,  0.000000000000000e+00,  0.000000000000000e+00,  0.000000000000000e+00,  3.648582578491092e-03, -7.070212000451572e-03, -5.507796886229007e-03,  4.051493537956251e-03, -1.304301196022432e-02, -8.546581375738464e-03,  4.252949017631165e-03, -1.401449147175870e-02, -1.058826470460556e-02,  4.006725653426448e-03, -1.304301196023807e-02, -1.044582168173456e-02,  3.670966520547770e-03, -8.473460183821925e-03, -8.309176337671897e-03,  2.753224890540105e-03, -4.329680292116215e-03, -4.083366657187881e-03, -5.307632368539573e-02, -2.342930340687525e-02
  3.070000000000000e+00,  1.739607856941108e+00,  9.393433079961268e-01, -3.029442748167226e-01, -6.750232419663010e-02,  3.879639084726292e-02,  1.668433878427788e-01,  0.000000000000000e+00,  0.000000000000000e+00,  0.000000000000000e+00,  1.320904729200886e-02, -7.486439937746898e-03, -7.870937041588384e-02,  2.047402330218623e-02, -8.121953502563905e-03, -8.061747636532528e-02,  2.278560657808102e-02, -7.937158777991424e-03, -7.727829095365847e-02,  2.058409869612131e-02, -7.635177154933932e-03, -7.107694661773928e-02,  1.827251541999309e-02, -7.337702720292986e-03, -5.962831092076355e-02,  1.464002741466651e-02, -6.548944749740331e-03, -4.197833088804458e-02,  0.000000000000000e+00,  0.000000000000000e+00,  0.000000000000000e+00,  0.000000000000000e+00,  0.000000000000000e+00,  0.000000000000000e+00,  0.000000000000000e+00,  0.000000000000000e+00,  0.000000000000000e+00,  0.000000000000000e+00,  0.000000000000000e+00,  0.000000000000000e+00,  0.000000000000000e+00,  0.000000000000000e+00,  0.000000000000000e+00,  0.000000000000000e+00,  0.000000000000000e+00,  0.000000000000000e+00,  0.000000000000000e+00,  0.000000000000000e+00,  0.000000000000000e+00,  0.000000000000000e+00,  0.000000000000000e+00,  0.000000000000000e+00,  0.000000000000000e+00,  0.000000000000000e+00,  0.000000000000000e+00,  0.000000000000000e+00,  0.000000000000000e+00,  0.000000000000000e+00,  0.000000000000000e+00,  0.000000000000000e+00,  0.000000000000000e+00,  3.258876767286941e-03, -7.155597516912831e-03, -5.561095234347260e-03,  3.618752729173350e-03, -1.320052977050278e-02, -8.629285709156869e-03,  3.798690710046476e-03, -1.418374164308106e-02, -1.069072618439251e-02,  3.578766511012714e-03, -1.320052977051964e-02, -1.054690475597902e-02,  3.278869876119453e-03, -8.575792444018938e-03, -8.389583328534515e-03,  2.459152407243616e-03, -4.381968962934806e-03, -4.122880949801441e-03, -5.374481516656399e-02, -2.362653046421134e-02
  3.080000000000000e+00,  1.750577263830407e+00,  9.405444101677947e-01, -3.027218368381341e-01, -6.513375877450531e-02,  3.403185412706502e-02,  1.688245315423925e-01,  0.000000000000000e+00, -8.673617379884034e-19,  0.000000000000000e+00,  1.280152490271165e-02, -6.144445640907041e-03, -7.935270946923913e-02,  1.984236359870863e-02, -6.666039160054838e-03, -8.127641151692526e-02,  2.208263045644167e-02, -6.514370122514732e-03, -7.790993293326647e-02,  1.994904297270137e-02, -6.266520719731049e-03, -7.165790127795697e-02,  1.770877611469247e-02, -6.022370561778778e-03, -6.011568899136773e-02,  1.418835676641569e-02, -5.375002718826824e-03, -4.232144504969815e-02,  0.000000000000000e+00,  0.000000000000000e+00,  0.000000000000000e+00,  0.000000000000000e+00,  0.000000000000000e+00,  0.000000000000000e+00,  0.000000000000000e+00,  0.000000000000000e+00,  0.000000000000000e+00,  0.000000000000000e+00,  0.000000000000000e+00,  0.000000000000000e+00,  0.000000000000000e+00,  0.000000000000000e+00,  0.000000000000000e+00,  0.000000000000000e+00,  0.000000000000000e+00,  0.000000000000000e+00,  0.000000000000000e+00,  0.000000000000000e+00,  0.000000000000000e+00,  0.000000000000000e+00,  0.000000000000000e+00,  0.000000000000000e+00,  0.000000000000000e+00,  0.000000000000000e+00,  0.000000000000000e+00,  0.000000000000000e+00,  0.000000000000000e+00,  0.000000000000000e+00,  0.000000000000000e+00,  0.000000000000000e+00,  0.000000000000000e+00,  2.901388999155994e-03, -7.215951884384511e-03, -5.599341949336137e-03,  3.221787784169763e-03, -1.331187052475709e-02, -8.688634060144433e-03,  3.381987176592988e-03, -1.430337536386187e-02, -1.076425219706089e-02,  3.186187918964211e-03, -1.331187052477761e-02, -1.061944162948047e-02,  2.919188931468175e-03, -8.648125540923564e-03, -8.447283114259534e-03,  2.189391698781634e-03, -4.418928974236455e-03, -4.151236273030624e-03, -5.422321028707933e-02, -2.376152570138583e-02
  3.090000000000000e+00,  1.761492555784806e+00,  9.415593221521111e-01, -3.024911804763096e-01, -6.274556365241385e-02,  2.912053329671535e-02,  1.707979170176216e-01,  0.000000000000000e+00,  0.000000000000000e+00,  0.000000000000000e+00,  1.236127538328088e-02, -4.866901336509065e-03, -8.003163382785608e-02,  1.915997684352575e-02, -5.280045880990038e-03, -8.197179464785154e-02,  2.132320003532477e-02, -5.159911651680315e-03, -7.857651321258045e-02,  1.926298747149284e-02, -4.963594740396121e-03, -7.227099054716156e-02,  1.709976427937678e-02, -4.770207932280101e-03, -6.063002562655562e-02,  1.370041354893657e-02, -4.257439880578424e-03, -4.268353804081663e-02,  0.000000000000000e+00,  0.000000000000000e+00,  0.000000000000000e+00,  0.000000000000000e+00,  0.000000000000000e+00,  0.000000000000000e+00,  0.000000000000000e+00,  0.000000000000000e+00,  0.000000000000000e+00,  0.000000000000000e+00,  0.000000000000000e+00,  0.000000000000000e+00,  0.000000000000000e+00,  0.000000000000000e+00,  0.000000000000000e+00,  0.000000000000000e+00,  0.000000000000000e+00,  0.000000000000000e+00,  0.000000000000000e+00,  0.000000000000000e+00,  0.000000000000000e+00,  0.000000000000000e+00,  0.000000000000000e+00,  0.000000000000000e+00,  0.000000000000000e+00,  0.000000000000000e+00,  0.000000000000000e+00,  0.000000000000000e+00,  0.000000000000000e+00,  0.000000000000000e+00,  0.000000000000000e+00,  0.000000000000000e+00,  0.000000000000000e+00,  2.584961439098776e-03, -7.253813216338265e-03, -5.625349379116195e-03,  2.870417303347546e-03, -1.338171649338471e-02, -8.728990416832099e-03,  3.013145235375032e-03, -1.437842365291412e-02, -1.081424923900916e-02,  2.838699984863991e-03, -1.338171649340909e-02, -1.066876606549962e-02,  2.600820098008581e-03, -8.693501335717967e-03, -8.486518461079125e-03,  1.950615073712114e-03, -4.442114624515861e-03, -4.170517643429661e-03, -5.452973574125539e-02, -2.384722853774486e-02
  3.100000000000000e+00,  1.772360376343512e+00,  9.423858115785977e-01, -3.022521481709167e-01, -6.035076007584193e-02,  2.411289579793746e-02,  1.727304857801711e-01,  0.000000000000000e+00,  0.000000000000000e+00,  0.000000000000000e+00,  1.188898798887205e-02, -3.655034830156454e-03, -8.073675504013075e-02,  1.842793138213658e-02, -3.965305697698053e-03, -8.269400970767601e-02,  2.050850427988589e-02, -3.875085090755372e-03, -7.926881403912417e-02,  1.852700628179231e-02, -3.727651416022937e-03, -7.290773636906932e-02,  1.644643338369190e-02, -3.582418243913808e-03, -6.116420836301019e-02,  1.317696168670827e-02, -3.197330287701717e-03, -4.305960268723277e-02,  0.000000000000000e+00,  0.000000000000000e+00,  0.000000000000000e+00,  0.000000000000000e+00,  0.000000000000000e+00,  0.000000000000000e+00,  0.000000000000000e+00,  0.000000000000000e+00,  0.000000000000000e+00,  0.000000000000000e+00,  0.000000000000000e+00,  0.000000000000000e+00,  0.000000000000000e+00,  0.000000000000000e+00,  0.000000000000000e+00,  0.000000000000000e+00,  0.000000000000000e+00,  0.000000000000000e+00,  0.000000000000000e+00,  0.000000000000000e+00,  0.000000000000000e+00,  0.000000000000000e+00,  0.000000000000000e+00,  0.000000000000000e+00,  0.000000000000000e+00,  0.000000000000000e+00,  0.000000000000000e+00,  0.000000000000000e+00,  0.000000000000000e+00,  0.000000000000000e+00,  0.000000000000000e+00,  0.000000000000000e+00,  0.000000000000000e+00,  2.315057244527414e-03, -7.270896119922288e-03, -5.642906084135653e-03,  2.570707737578534e-03, -1.341323075572821e-02, -8.756233579890683e-03,  2.698532983996034e-03, -1.441228518445516e-02, -1.084800049105878e-02,  2.542302126981262e-03, -1.341323075575622e-02, -1.070206326484362e-02,  2.329260049459770e-03, -8.713974739257601e-03, -8.513004869638293e-03,  1.746945037320828e-03, -4.452575910685174e-03, -4.183533821322847e-03, -5.467669401841369e-02, -2.390032178925801e-02
  3.110000000000000e+00,  1.783188590171753e+00,  9.430240508716439e-01, -3.020060123082061e-01, -5.794852756938251e-02,  1.905467240071098e-02,  1.745977415455064e-01,  0.000000000000000e+00,  0.000000000000000e+00,  0.000000000000000e+00,  1.138423214303104e-02, -2.510654085020261e-03, -8.145930716452085e-02,  1.764555982104406e-02, -2.723780048850924e-03, -8.343407824718604e-02,  1.963780044575250e-02, -2.661807250784619e-03, -7.997822885211986e-02,  1.774042842196995e-02, -2.560534629582153e-03, -7.356022283284842e-02,  1.574818779688896e-02, -2.460773540055141e-03, -6.171159633594828e-02,  1.261752395750802e-02, -2.196255499794337e-03, -4.344496382014879e-02,  0.000000000000000e+00,  0.000000000000000e+00,  0.000000000000000e+00,  0.000000000000000e+00,  0.000000000000000e+00,  0.000000000000000e+00,  0.000000000000000e+00,  0.000000000000000e+00,  0.000000000000000e+00,  0.000000000000000e+00,  0.000000000000000e+00,  0.000000000000000e+00,  0.000000000000000e+00,  0.000000000000000e+00,  0.000000000000000e+00,  0.000000000000000e+00,  0.000000000000000e+00,  0.000000000000000e+00,  0.000000000000000e+00,  0.000000000000000e+00,  0.000000000000000e+00,  0.000000000000000e+00,  0.000000000000000e+00,  0.000000000000000e+00,  0.000000000000000e+00,  0.000000000000000e+00,  0.000000000000000e+00,  0.000000000000000e+00,  0.000000000000000e+00,  0.000000000000000e+00,  0.000000000000000e+00,  0.000000000000000e+00,  0.000000000000000e+00,  2.093638061252723e-03, -7.268178545477564e-03, -5.656303753390010e-03,  2.324837356140004e-03, -1.340821741864924e-02, -8.777023066705372e-03,  2.440437003468308e-03, -1.440689844020222e-02, -1.087375635529598e-02,  2.299148545323027e-03, -1.340821741868007e-02, -1.072747263763986e-02,  2.106482466272908e-03, -8.710717798896274e-03, -8.533216870721849e-03,  1.579861849943091e-03, -4.450911713274686e-03, -4.193466576130736e-03, -5.467114137692042e-02, -2.393923565902068e-02
  3.120000000000000e+00,  1.793986711065567e+00,  9.434762993672711e-01, -3.017555109449475e-01, -5.553527884444716e-02,  1.398437251494074e-02,  1.763834475299141e-01,  0.000000000000000e+00,  0.000000000000000e+00,  0.000000000000000e+00,  1.084724269006085e-02, -1.433426313102872e-03, -8.219107895850403e-02,  1.681322616960338e-02, -1.555107896575226e-03, -8.418358996355219e-02,  1.871149364036588e-02, -1.519725308474135e-03, -8.069669570469327e-02,  1.690361985868367e-02, -1.461904981577114e-03, -7.422103493825095e-02,  1.500535238791934e-02, -1.404947644633591e-03, -6.226596890790723e-02,  1.202236064815096e-02, -1.253924402735395e-03, -4.383524211114339e-02,  0.000000000000000e+00,  0.000000000000000e+00,  0.000000000000000e+00,  0.000000000000000e+00,  0.000000000000000e+00,  0.000000000000000e+00,  0.000000000000000e+00,  0.000000000000000e+00,  0.000000000000000e+00,  0.000000000000000e+00,  0.000000000000000e+00,  0.000000000000000e+00,  0.000000000000000e+00,  0.000000000000000e+00,  0.000000000000000e+00,  0.000000000000000e+00,  0.000000000000000e+00,  0.000000000000000e+00,  0.000000000000000e+00,  0.000000000000000e+00,  0.000000000000000e+00,  0.000000000000000e+00,  0.000000000000000e+00,  0.000000000000000e+00,  0.000000000000000e+00,  0.000000000000000e+00,  0.000000000000000e+00,  0.000000000000000e+00,  0.000000000000000e+00,  0.000000000000000e+00,  0.000000000000000e+00,  0.000000000000000e+00,  0.000000000000000e+00,  1.920030764450143e-03, -7.246727713086357e-03, -5.669950996200149e-03,  2.132058701629356e-03, -1.336864527223337e-02, -8.798199821738168e-03,  2.238072670218899e-03, -1.436437885113059e-02, -1.089999200139453e-02,  2.108500041943534e-03, -1.336864527223307e-02, -1.075335533770503e-02,  1.931810094294412e-03, -8.685009549270980e-03, -8.553805382260837e-03,  1.448857570720676e-03, -4.437775580023493e-03, -4.203584359269190e-03, -5.452104877020391e-02, -2.398261354954401e-02
  3.130000000000000e+00,  1.804765687464342e+00,  9.437464710064788e-01, -3.015045531848287e-01, -5.311503703247133e-02,  8.930880887955130e-03,  1.780765402422735e-01, -2.168404344971009e-19, -1.734723475976807e-18,  0.000000000000000e+00,  1.028047415849195e-02, -4.173710722074662e-04, -8.292400989914581e-02,  1.593473494567182e-02, -4.528011271028630e-04, -8.493428892699692e-02,  1.773381792340990e-02, -4.424987707156055e-04, -8.141630062823114e-02,  1.602040556365580e-02, -4.256632127168357e-04, -7.488289378767690e-02,  1.422132258591597e-02, -4.090789317029473e-04, -6.282121962051185e-02,  1.139419219232895e-02, -3.651054593151272e-04, -4.422613861281594e-02,  0.000000000000000e+00,  0.000000000000000e+00,  0.000000000000000e+00,  0.000000000000000e+00,  0.000000000000000e+00,  0.000000000000000e+00,  0.000000000000000e+00,  0.000000000000000e+00,  0.000000000000000e+00,  0.000000000000000e+00,  0.000000000000000e+00,  0.000000000000000e+00,  0.000000000000000e+00,  0.000000000000000e+00,  0.000000000000000e+00,  0.000000000000000e+00,  0.000000000000000e+00,  0.000000000000000e+00,  0.000000000000000e+00,  0.000000000000000e+00,  0.000000000000000e+00,  0.000000000000000e+00,  0.000000000000000e+00,  0.000000000000000e+00,  0.000000000000000e+00,  0.000000000000000e+00,  0.000000000000000e+00,  0.000000000000000e+00,  0.000000000000000e+00,  0.000000000000000e+00,  0.000000000000000e+00,  0.000000000000000e+00,  0.000000000000000e+00,  1.792351004170192e-03, -7.208925827475914e-03, -5.687927722877103e-03,  1.990279335919687e-03, -1.329890896926249e-02, -8.826094742443641e-03,  2.089243501794353e-03, -1.428944839593847e-02, -1.093455070871277e-02,  1.968287299059270e-03, -1.329890896926222e-02, -1.078744912967827e-02,  1.803347022601630e-03, -8.639704999340988e-03, -8.580925444057799e-03,  1.352510266951095e-03, -4.414626333703993e-03, -4.216911932495022e-03, -5.424443134139081e-02, -2.404757547535084e-02
  3.140000000000000e+00,  1.815536683019685e+00,  9.438399038889476e-01, -3.012574532104667e-01, -5.070567907446857e-02,  3.913468194669316e-03,  1.796719815681600e-01,  0.000000000000000e+00,  0.000000000000000e+00,  0.000000000000000e+00,  9.688969979171210e-03,  5.450222777386804e-04, -8.365139904074602e-02,  1.501790346772499e-02,  5.912884674805688e-04, -8.567931174475713e-02,  1.671347321408225e-02,  5.778351782641228e-04, -8.213046451271171e-02,  1.509864488421520e-02,  5.558505349104566e-04, -7.553974822463806e-02,  1.340307513785675e-02,  5.341940205622298e-04, -6.337227200051368e-02,  1.073860839358301e-02,  4.767714446414177e-04, -4.461407948833793e-02,  0.000000000000000e+00,  0.000000000000000e+00,  0.000000000000000e+00,  0.000000000000000e+00,  0.000000000000000e+00,  0.000000000000000e+00,  0.000000000000000e+00,  0.000000000000000e+00,  0.000000000000000e+00,  0.000000000000000e+00,  0.000000000000000e+00,  0.000000000000000e+00,  0.000000000000000e+00,  0.000000000000000e+00,  0.000000000000000e+00,  0.000000000000000e+00,  0.000000000000000e+00,  0.000000000000000e+00,  0.000000000000000e+00,  0.000000000000000e+00,  0.000000000000000e+00,  0.000000000000000e+00,  0.000000000000000e+00,  0.000000000000000e+00,  0.000000000000000e+00,  0.000000000000000e+00,  0.000000000000000e+00,  0.000000000000000e+00,  0.000000000000000e+00,  0.000000000000000e+00,  0.000000000000000e+00,  0.000000000000000e+00,  0.000000000000000e+00,  1.706970524182238e-03, -7.157063014130890e-03, -5.713462208025817e-03,  1.895470336669292e-03, -1.320323329578877e-02, -8.865717219394333e-03,  1.989720242912832e-03, -1.418664653437156e-02, -1.098363855515608e-02,  1.874525913060332e-03, -1.320323329578851e-02, -1.083587660150493e-02,  1.717442735988000e-03, -8.577548803194678e-03, -8.619447296647761e-03,  1.288082051990789e-03, -4.382866408992329e-03, -4.235842671483231e-03, -5.385875765924156e-02, -2.414746185450162e-02
  3.150000000000000e+00,  1.826309604189746e+00,  9.437628902715158e-01, -3.010181741428052e-01, -4.834011403605469e-02, -1.056553929679893e-03,  1.811699268162967e-01,  0.000000000000000e+00,  0.000000000000000e+00,  0.000000000000000e+00,  9.080125724251147e-03,  1.461036045342974e-03, -8.436850240246471e-02,  1.407419487259918e-02,  1.585061380920110e-03, -8.641379943039713e-02,  1.566321687434589e-02,  1.548997276248085e-03, -8.283452963149256e-02,  1.414986258696606e-02,  1.490063251540117e-03, -7.618731429067932e-02,  1.256084058521911e-02,  1.432008839141366e-03, -6.391553212303409e-02,  1.006380601104863e-02,  1.278076685056296e-03, -4.499653461459532e-02,  0.000000000000000e+00,  0.000000000000000e+00,  0.000000000000000e+00,  0.000000000000000e+00,  0.000000000000000e+00,  0.000000000000000e+00,  0.000000000000000e+00,  0.000000000000000e+00,  0.000000000000000e+00,  0.000000000000000e+00,  0.000000000000000e+00,  0.000000000000000e+00,  0.000000000000000e+00,  0.000000000000000e+00,  0.000000000000000e+00,  0.000000000000000e+00,  0.000000000000000e+00,  0.000000000000000e+00,  0.000000000000000e+00,  0.000000000000000e+00,  0.000000000000000e+00,  0.000000000000000e+00,  0.000000000000000e+00,  0.000000000000000e+00,  0.000000000000000e+00,  0.000000000000000e+00,  0.000000000000000e+00,  0.000000000000000e+00,  0.000000000000000e+00,  0.000000000000000e+00,  0.000000000000000e+00,  0.000000000000000e+00,  0.000000000000000e+00,  1.658736853925964e-03, -7.093090115964062e-03, -5.748578544458170e-03,  1.841910248838872e-03, -1.308521713504828e-02, -8.920208086264477e-03,  1.933496946295429e-03, -1.405984020441725e-02, -1.105114668466400e-02,  1.821557649405024e-03, -1.308521713504804e-02, -1.090247654989783e-02,  1.668913153644401e-03, -8.500878993941245e-03, -8.672424528324349e-03,  1.251684865232901e-03, -4.343690469656942e-03, -4.261877196766766e-03, -5.337905692115943e-02, -2.429038603072716e-02
  3.160000000000000e+00,  1.837092538517130e+00,  9.435220177298390e-01, -3.007902769393689e-01, -4.606211786989341e-02, -5.971822218354005e-03,  1.825719966014579e-01,  0.000000000000000e+00,  1.734723475976807e-18,  0.000000000000000e+00,  8.462809298870380e-03,  2.335991335756188e-03, -8.507192201576690e-02,  1.311735441278478e-02,  2.534290419679663e-03, -8.713427164032560e-02,  1.459834603987499e-02,  2.476628983989361e-03, -8.352515979712641e-02,  1.318787782346263e-02,  2.382401759789283e-03, -7.682252351698464e-02,  1.170688619614849e-02,  2.289580912058520e-03, -6.444842576913579e-02,  9.379613638940002e-03,  2.043465027799230e-03, -4.537169174131879e-02,  0.000000000000000e+00,  0.000000000000000e+00,  0.000000000000000e+00,  0.000000000000000e+00,  0.000000000000000e+00,  0.000000000000000e+00,  0.000000000000000e+00,  0.000000000000000e+00,  0.000000000000000e+00,  0.000000000000000e+00,  0.000000000000000e+00,  0.000000000000000e+00,  0.000000000000000e+00,  0.000000000000000e+00,  0.000000000000000e+00,  0.000000000000000e+00,  0.000000000000000e+00,  0.000000000000000e+00,  0.000000000000000e+00,  0.000000000000000e+00,  0.000000000000000e+00,  0.000000000000000e+00,  0.000000000000000e+00,  0.000000000000000e+00,  0.000000000000000e+00,  0.000000000000000e+00,  0.000000000000000e+00,  0.000000000000000e+00,  0.000000000000000e+00,  0.000000000000000e+00,  0.000000000000000e+00,  0.000000000000000e+00,  0.000000000000000e+00,  1.641564780671652e-03, -7.018511016750418e-03, -5.794074288472583e-03,  1.822841872880538e-03, -1.294763482740728e-02, -8.990804930787783e-03,  1.913480418916047e-03, -1.391201038698306e-02, -1.113860833107647e-02,  1.802699973578282e-03, -1.294763482743049e-02, -1.098876158227603e-02,  1.651635730081618e-03, -8.411497936171587e-03, -8.741060349486723e-03,  1.238726797705233e-03, -4.298019469173835e-03, -4.295606800196005e-03, -5.281705814582451e-02, -2.447920532607798e-02
  3.170000000000000e+00,  1.847891922500489e+00,  9.431235869038370e-01, -3.005771970187632e-01, -4.391918289777715e-02, -1.082467093070609e-02,  1.838771082763541e-01,  0.000000000000000e+00,  0.000000000000000e+00,  0.000000000000000e+00,  7.846088605679485e-03,  3.171563689437509e-03, -8.575853903601798e-02,  1.216143733846786e-02,  3.440793358470756e-03, -8.783753392170622e-02,  1.353450284431323e-02,  3.362506717170543e-03, -8.419929287164094e-02,  1.222682141008751e-02,  3.234574888682755e-03, -7.744255949299129e-02,  1.085375590409139e-02,  3.108552490461850e-03, -6.496859017861539e-02,  8.696081537521289e-03,  2.774402192056249e-03, -4.573788748567531e-02,  0.000000000000000e+00,  0.000000000000000e+00,  0.000000000000000e+00,  0.000000000000000e+00,  0.000000000000000e+00,  0.000000000000000e+00,  0.000000000000000e+00,  0.000000000000000e+00,  0.000000000000000e+00,  0.000000000000000e+00,  0.000000000000000e+00,  0.000000000000000e+00,  0.000000000000000e+00,  0.000000000000000e+00,  0.000000000000000e+00,  0.000000000000000e+00,  0.000000000000000e+00,  0.000000000000000e+00,  0.000000000000000e+00,  0.000000000000000e+00,  0.000000000000000e+00,  0.000000000000000e+00,  0.000000000000000e+00,  0.000000000000000e+00,  0.000000000000000e+00,  0.000000000000000e+00,  0.000000000000000e+00,  0.000000000000000e+00,  0.000000000000000e+00,  0.000000000000000e+00,  0.000000000000000e+00,  0.000000000000000e+00,  0.000000000000000e+00,  1.649213875165199e-03, -6.934183556280928e-03, -5.849684962200542e-03,  1.831335652697203e-03, -1.279206890157895e-02, -9.077097355329902e-03,  1.922396541418299e-03, -1.374485748184690e-02, -1.124551505695583e-02,  1.811099899524620e-03, -1.279206890159607e-02, -1.109423010105514e-02,  1.659331751586591e-03, -8.310433727801348e-03, -8.824955762176389e-03,  1.244498813787634e-03, -4.246378734246341e-03, -4.336835403065914e-03, -5.217963413184375e-02, -2.471228555355160e-02
  3.180000000000000e+00,  1.858713053189385e+00,  9.425731748973566e-01, -3.003821813360008e-01, -4.195685960571555e-02, -1.560694421886785e-02,  1.850783635472965e-01,  0.000000000000000e+00, -8.673617379884035e-19,  0.000000000000000e+00,  7.238457464135176e-03,  3.968289690792873e-03, -8.642442340307085e-02,  1.121960906923629e-02,  4.305152331644503e-03, -8.851956094011118e-02,  1.248633912538719e-02,  4.207199365192291e-03, -8.485307025027518e-02,  1.127992954806321e-02,  4.047129883408889e-03, -7.804387325487096e-02,  1.001319949184211e-02,  3.889449498362151e-03, -6.547304803259857e-02,  8.022623689205966e-03,  3.471357568263643e-03, -4.609302581493947e-02,  0.000000000000000e+00,  0.000000000000000e+00,  0.000000000000000e+00,  0.000000000000000e+00,  0.000000000000000e+00,  0.000000000000000e+00,  0.000000000000000e+00,  0.000000000000000e+00,  0.000000000000000e+00,  0.000000000000000e+00,  0.000000000000000e+00,  0.000000000000000e+00,  0.000000000000000e+00,  0.000000000000000e+00,  0.000000000000000e+00,  0.000000000000000e+00,  0.000000000000000e+00,  0.000000000000000e+00,  0.000000000000000e+00,  0.000000000000000e+00,  0.000000000000000e+00,  0.000000000000000e+00,  0.000000000000000e+00,  0.000000000000000e+00,  0.000000000000000e+00,  0.000000000000000e+00,  0.000000000000000e+00,  0.000000000000000e+00,  0.000000000000000e+00,  0.000000000000000e+00,  0.000000000000000e+00,  0.000000000000000e+00,  0.000000000000000e+00,  1.676405099933023e-03, -6.841322113271629e-03, -5.914328803120135e-03,  1.861529589449484e-03, -1.262075962373710e-02, -9.177406763503508e-03,  1.954091834189109e-03, -1.356078861640866e-02, -1.136978726813507e-02,  1.840960201672965e-03, -1.262075962374697e-02, -1.121683048874743e-02,  1.686689793742228e-03, -8.199141769362570e-03, -8.922478797859965e-03,  1.265017345353040e-03, -4.189511930281240e-03, -4.384761009219139e-03, -5.147628703060145e-02, -2.498463851268940e-02
  3.190000000000000e+00,  1.869561301963400e+00,  9.418755793728605e-01, -3.002079908857163e-01, -4.021684256426429e-02, -2.031337292912617e-02,  1.861654174354472e-01,  4.336808689942018e-19,  3.469446951953614e-18,  0.000000000000000e+00,  6.647400875480318e-03,  4.725606005701739e-03, -8.706480473307172e-02,  1.030347134915376e-02,  5.126756187586804e-03, -8.917546666694369e-02,  1.146676649906003e-02,  5.010109683459274e-03, -8.548180828467281e-02,  1.035886635441433e-02,  4.819492223631375e-03, -7.862215700229987e-02,  9.195571201111403e-03,  4.631719799852343e-03, -6.595818540448944e-02,  7.367535960463088e-03,  4.133838371367510e-03, -4.643456252472862e-02,  0.000000000000000e+00,  0.000000000000000e+00,  0.000000000000000e+00,  0.000000000000000e+00,  0.000000000000000e+00,  0.000000000000000e+00,  0.000000000000000e+00,  0.000000000000000e+00,  0.000000000000000e+00,  0.000000000000000e+00,  0.000000000000000e+00,  0.000000000000000e+00,  0.000000000000000e+00,  0.000000000000000e+00,  0.000000000000000e+00,  0.000000000000000e+00,  0.000000000000000e+00,  0.000000000000000e+00,  0.000000000000000e+00,  0.000000000000000e+00,  0.000000000000000e+00,  0.000000000000000e+00,  0.000000000000000e+00,  0.000000000000000e+00,  0.000000000000000e+00,  0.000000000000000e+00,  0.000000000000000e+00,  0.000000000000000e+00,  0.000000000000000e+00,  0.000000000000000e+00,  0.000000000000000e+00,  0.000000000000000e+00,  0.000000000000000e+00,  1.718647224885737e-03, -6.741149378095241e-03, -5.986493843804091e-03,  1.908436485692909e-03, -1.243596259753743e-02, -9.289387002791829e-03,  2.003331115287475e-03, -1.336222739841328e-02, -1.150851834407117e-02,  1.887348786874921e-03, -1.243596259799020e-02, -1.135369522774207e-02,  1.729191069067227e-03, -8.079087425829757e-03, -9.031348475594562e-03,  1.296893304781553e-03, -4.128167815867793e-03, -4.438262677393888e-03, -5.071653472490258e-02, -2.528953499907602e-02
  3.200000000000000e+00,  1.880443913772549e+00,  9.410358514484289e-01, -3.000567282757399e-01, -3.873624797275457e-02, -2.494225771455811e-02,  1.871418145916528e-01,  0.000000000000000e+00,  4.336808689942019e-19,  0.000000000000000e+00,  6.079347531293844e-03,  5.442541119190432e-03, -8.767771517745333e-02,  9.422988673771122e-03,  5.904550931269466e-03, -8.980323554539228e-02,  1.048687449186382e-02,  5.770207652582446e-03, -8.608357490146336e-02,  9.473649903257303e-03,  5.550671075197317e-03, -7.917563370561154e-02,  8.409764085265590e-03,  5.334411163146599e-03, -6.642251149791148e-02,  6.737943514164639e-03,  4.760994729745386e-03, -4.676144809443324e-02,  0.000000000000000e+00,  0.000000000000000e+00,  0.000000000000000e+00,  0.000000000000000e+00,  0.000000000000000e+00,  0.000000000000000e+00,  0.000000000000000e+00,  0.000000000000000e+00,  0.000000000000000e+00,  0.000000000000000e+00,  0.000000000000000e+00,  0.000000000000000e+00,  0.000000000000000e+00,  0.000000000000000e+00,  0.000000000000000e+00,  0.000000000000000e+00,  0.000000000000000e+00,  0.000000000000000e+00,  0.000000000000000e+00,  0.000000000000000e+00,  0.000000000000000e+00,  0.000000000000000e+00,  0.000000000000000e+00,  0.000000000000000e+00,  0.000000000000000e+00,  0.000000000000000e+00,  0.000000000000000e+00,  0.000000000000000e+00,  0.000000000000000e+00,  0.000000000000000e+00,  0.000000000000000e+00,  0.000000000000000e+00,  0.000000000000000e+00,  1.771864360851854e-03, -6.634585645988624e-03, -6.063767504645192e-03,  1.967530363946456e-03, -1.223937555554943e-02, -9.409294403903269e-03,  2.065363365528781e-03, -1.315099801071625e-02, -1.165707028934129e-02,  1.945789697014588e-03, -1.223937555554135e-02, -1.150024871596308e-02,  1.782734694425901e-03, -7.951373636769260e-03, -9.147925114964166e-03,  1.337051020758736e-03, -4.062909954517643e-03, -4.495551770746382e-03, -4.990760919223806e-02, -2.561649790183734e-02
  3.210000000000000e+00,  1.891370526860826e+00,  9.400584606924773e-01, -2.999289932276774e-01, -3.755341860759265e-02, -2.950885810539440e-02,  1.880133158569070e-01, -8.673617379884035e-19, -6.071532165918825e-18,  0.000000000000000e+00,  5.540532331357080e-03,  6.122032017887170e-03, -8.826001631760899e-02,  8.587825114160216e-03,  6.641722875555911e-03, -9.039965307676219e-02,  9.557418272380713e-03,  6.490607094230832e-03, -8.665528874796118e-02,  8.633996217021486e-03,  6.243661793021230e-03, -7.970146928031087e-02,  7.664403058988112e-03,  6.000402242580288e-03, -6.686364872478186e-02,  6.140756667857740e-03,  5.355395858977924e-03, -4.707200870190195e-02,  0.000000000000000e+00,  0.000000000000000e+00,  0.000000000000000e+00,  0.000000000000000e+00,  0.000000000000000e+00,  0.000000000000000e+00,  0.000000000000000e+00,  0.000000000000000e+00,  0.000000000000000e+00,  0.000000000000000e+00,  0.000000000000000e+00,  0.000000000000000e+00,  0.000000000000000e+00,  0.000000000000000e+00,  0.000000000000000e+00,  0.000000000000000e+00,  0.000000000000000e+00,  0.000000000000000e+00,  0.000000000000000e+00,  0.000000000000000e+00,  0.000000000000000e+00,  0.000000000000000e+00,  0.000000000000000e+00,  0.000000000000000e+00,  0.000000000000000e+00,  0.000000000000000e+00,  0.000000000000000e+00,  0.000000000000000e+00,  0.000000000000000e+00,  0.000000000000000e+00,  0.000000000000000e+00,  0.000000000000000e+00,  0.000000000000000e+00,  1.832328454776434e-03, -6.523088839001121e-03, -6.144615302656211e-03,  2.034671474428323e-03, -1.203368806172723e-02, -9.534747883978071e-03,  2.135842984312763e-03, -1.292999034493396e-02, -1.181249321204282e-02,  2.012188916831198e-03, -1.203368806170866e-02, -1.165358074738388e-02,  1.843569733775996e-03, -7.817747692493731e-03, -9.269893776288328e-03,  1.382677300223345e-03, -3.994631163450084e-03, -4.555490655632081e-03, -4.906077056579834e-02, -2.595879015305808e-02
  3.220000000000000e+00,  1.902354135608515e+00,  9.389489079513309e-01, -2.998239415291200e-01, -3.670749860955261e-02, -3.404105976377229e-02,  1.888076017980854e-01,  8.673617379884035e-19,  6.938893903907228e-18,  0.000000000000000e+00,  5.037012851255609e-03,  6.769902069613447e-03, -8.881220512151024e-02,  7.807369919395887e-03,  7.344589722724445e-03, -9.096522827595351e-02,  8.688847168342066e-03,  7.177481965441850e-03, -8.719743775561903e-02,  7.849345026472809e-03,  6.904403435247345e-03, -8.020011250359356e-02,  6.967867777501622e-03,  6.635400704010072e-03, -6.728197357680162e-02,  5.582689243404147e-03,  5.922135886321581e-03, -4.736650939802751e-02,  0.000000000000000e+00,  0.000000000000000e+00,  0.000000000000000e+00,  0.000000000000000e+00,  0.000000000000000e+00,  0.000000000000000e+00,  0.000000000000000e+00,  0.000000000000000e+00,  0.000000000000000e+00,  0.000000000000000e+00,  0.000000000000000e+00,  0.000000000000000e+00,  0.000000000000000e+00,  0.000000000000000e+00,  0.000000000000000e+00,  0.000000000000000e+00,  0.000000000000000e+00,  0.000000000000000e+00,  0.000000000000000e+00,  0.000000000000000e+00,  0.000000000000000e+00,  0.000000000000000e+00,  0.000000000000000e+00,  0.000000000000000e+00,  0.000000000000000e+00,  0.000000000000000e+00,  0.000000000000000e+00,  0.000000000000000e+00,  0.000000000000000e+00,  0.000000000000000e+00,  0.000000000000000e+00,  0.000000000000000e+00,  0.000000000000000e+00,  1.896260049522751e-03, -6.408015663048455e-03, -6.227346272353055e-03,  2.105662999768356e-03, -1.182140294074428e-02, -9.663123526145409e-03,  2.210364474884684e-03, -1.270189364253882e-02, -1.197153636853414e-02,  2.082396005283906e-03, -1.182140294074581e-02, -1.181048430977511e-02,  1.907893546747589e-03, -7.679835565642947e-03, -9.394703428221745e-03,  1.430920160071610e-03, -3.924162263549384e-03, -4.616825684703545e-03, -4.818653931996834e-02, -2.630903017579235e-02
  3.230000000000000e+00,  1.913410828009904e+00,  9.377132442774886e-01, -2.997388869303211e-01, -3.624214184031607e-02, -3.858622107606918e-02,  1.895599934768307e-01,  0.000000000000000e+00,  0.000000000000000e+00,  0.000000000000000e+00,  4.575054069263030e-03,  7.394963383811960e-03, -8.933450156119410e-02,  7.091333807267332e-03,  8.022711630121120e-03, -9.150018644748607e-02,  7.891968269345592e-03,  7.840174906025678e-03, -8.771023789634057e-02,  7.129459257812924e-03,  7.541883186161089e-03, -8.067176201569867e-02,  6.328824795688164e-03,  7.248043581516895e-03, -6.767765269764507e-02,  5.070684926635770e-03,  6.468923417661895e-03, -4.764506749904856e-02,  0.000000000000000e+00,  0.000000000000000e+00,  0.000000000000000e+00,  0.000000000000000e+00,  0.000000000000000e+00,  0.000000000000000e+00,  0.000000000000000e+00,  0.000000000000000e+00,  0.000000000000000e+00,  0.000000000000000e+00,  0.000000000000000e+00,  0.000000000000000e+00,  0.000000000000000e+00,  0.000000000000000e+00,  0.000000000000000e+00,  0.000000000000000e+00,  0.000000000000000e+00,  0.000000000000000e+00,  0.000000000000000e+00,  0.000000000000000e+00,  0.000000000000000e+00,  0.000000000000000e+00,  0.000000000000000e+00,  0.000000000000000e+00,  0.000000000000000e+00,  0.000000000000000e+00,  0.000000000000000e+00,  0.000000000000000e+00,  0.000000000000000e+00,  0.000000000000000e+00,  0.000000000000000e+00,  0.000000000000000e+00,  0.000000000000000e+00,  1.959475234199167e-03, -6.290443327433119e-03, -6.311438021402518e-03,  2.175859002377047e-03, -1.160450741066980e-02, -9.793610723035332e-03,  2.284050886453643e-03, -1.246884313505286e-02, -1.213319550693886e-02,  2.151816361444462e-03, -1.160450741067264e-02, -1.196996866157683e-02,  1.971496554632968e-03, -7.538928262657282e-03, -9.521565980782222e-03,  1.478622415995669e-03, -3.852162919773733e-03, -4.679169567651718e-03, -4.729335482522568e-02, -2.666473756426858e-02
  3.240000000000000e+00,  1.924559301903507e+00,  9.363586655363326e-01, -2.996696708530275e-01, -3.620304913226685e-02, -4.320589648131188e-02,  1.903094750941816e-01,  0.000000000000000e+00,  1.734723475976807e-18,  0.000000000000000e+00,  4.161004960058383e-03,  8.009986427774927e-03, -8.982616331998075e-02,  6.449557687941029e-03,  8.689943132361495e-03, -9.200376727917482e-02,  7.177733555880138e-03,  8.492225225368156e-03, -8.819296035032144e-02,  6.484232729221520e-03,  8.169125231011447e-03, -8.111574748256427e-02,  5.756056861203909e-03,  7.850847624627932e-03, -6.805012372681009e-02,  4.611780497178039e-03,  7.006929728870426e-03, -4.790728710349116e-02,  0.000000000000000e+00,  0.000000000000000e+00,  0.000000000000000e+00,  0.000000000000000e+00,  0.000000000000000e+00,  0.000000000000000e+00,  0.000000000000000e+00,  0.000000000000000e+00,  0.000000000000000e+00,  0.000000000000000e+00,  0.000000000000000e+00,  0.000000000000000e+00,  0.000000000000000e+00,  0.000000000000000e+00,  0.000000000000000e+00,  0.000000000000000e+00,  0.000000000000000e+00,  0.000000000000000e+00,  0.000000000000000e+00,  0.000000000000000e+00,  0.000000000000000e+00,  0.000000000000000e+00,  0.000000000000000e+00,  0.000000000000000e+00,  0.000000000000000e+00,  0.000000000000000e+00,  0.000000000000000e+00,  0.000000000000000e+00,  0.000000000000000e+00,  0.000000000000000e+00,  0.000000000000000e+00,  0.000000000000000e+00,  0.000000000000000e+00,  2.018043938528448e-03, -6.171899752315897e-03, -6.397528281542153e-03,  2.240895416375421e-03, -1.138582015378097e-02, -9.927199057875268e-03,  2.352321155277604e-03, -1.223386744799726e-02, -1.229869661071380e-02,  2.216134141018124e-03, -1.138582015378585e-02, -1.213324329312386e-02,  2.030424576151773e-03, -7.396856955079587e-03, -9.651443528589349e-03,  1.522818432150317e-03, -3.779568805074344e-03, -4.742995105392883e-03, -4.639303022406179e-02, -2.702835855372209e-02
  3.250000000000000e+00,  1.935819274666020e+00,  9.348938677380096e-01, -2.996114985772345e-01, -3.662979411847457e-02, -4.796387861088729e-02,  1.910843354081513e-01,  0.000000000000000e+00,  8.673617379884035e-19,  0.000000000000000e+00,  3.800049709503445e-03,  8.627543248042106e-03, -9.028297089102570e-02,  5.890077049728897e-03,  9.359923499682165e-03, -9.247164897322216e-02,  6.555085748890552e-03,  9.146961866226946e-03, -8.864146232934282e-02,  5.921744130638683e-03,  8.798951392043931e-03, -8.152825856215389e-02,  5.256735431473610e-03,  8.456135104042684e-03, -6.839619006889623e-02,  4.211721761358418e-03,  7.547152522220197e-03, -4.815091780847629e-02,  0.000000000000000e+00,  0.000000000000000e+00,  0.000000000000000e+00,  0.000000000000000e+00,  0.000000000000000e+00,  0.000000000000000e+00,  0.000000000000000e+00,  0.000000000000000e+00,  0.000000000000000e+00,  0.000000000000000e+00,  0.000000000000000e+00,  0.000000000000000e+00,  0.000000000000000e+00,  0.000000000000000e+00,  0.000000000000000e+00,  0.000000000000000e+00,  0.000000000000000e+00,  0.000000000000000e+00,  0.000000000000000e+00,  0.000000000000000e+00,  0.000000000000000e+00,  0.000000000000000e+00,  0.000000000000000e+00,  0.000000000000000e+00,  0.000000000000000e+00,  0.000000000000000e+00,  0.000000000000000e+00,  0.000000000000000e+00,  0.000000000000000e+00,  0.000000000000000e+00,  0.000000000000000e+00,  0.000000000000000e+00,  0.000000000000000e+00,  2.068540430998683e-03, -6.053601738729664e-03, -6.487430597753021e-03,  2.296968208652864e-03, -1.116758590478229e-02, -1.006670265172421e-02,  2.411182097478460e-03, -1.199937851010422e-02, -1.247152606298521e-02,  2.271587344466242e-03, -1.116758590478255e-02, -1.230374768546176e-02,  2.081230863088323e-03, -7.255079946417260e-03, -9.787072022522381e-03,  1.560923147319135e-03, -3.707125068162348e-03, -4.809646822486621e-03, -4.549498224403983e-02, -2.740733392316627e-02
  3.260000000000000e+00,  1.947208854703201e+00,  9.333298349940783e-01, -2.995601116662536e-01, -3.753889804620757e-02, -5.290960145288201e-02,  1.918866218905401e-01,  0.000000000000000e+00,  2.168404344971009e-18,  0.000000000000000e+00,  3.493971162374059e-03,  9.258523861159404e-03, -9.069512555848423e-02,  5.415655301676183e-03,  1.004446718712196e-02, -9.289379526897536e-02,  6.027100255088821e-03,  9.815930475318027e-03, -8.904612327555479e-02,  5.444771728024697e-03,  9.442468043833375e-03, -8.190044671637245e-02,  4.833326774606119e-03,  9.074579678490171e-03, -6.870842845329023e-02,  3.872484704950354e-03,  8.099118103714468e-03, -4.837073363107139e-02,  0.000000000000000e+00,  0.000000000000000e+00,  0.000000000000000e+00,  0.000000000000000e+00,  0.000000000000000e+00,  0.000000000000000e+00,  0.000000000000000e+00,  0.000000000000000e+00,  0.000000000000000e+00,  0.000000000000000e+00,  0.000000000000000e+00,  0.000000000000000e+00,  0.000000000000000e+00,  0.000000000000000e+00,  0.000000000000000e+00,  0.000000000000000e+00,  0.000000000000000e+00,  0.000000000000000e+00,  0.000000000000000e+00,  0.000000000000000e+00,  0.000000000000000e+00,  0.000000000000000e+00,  0.000000000000000e+00,  0.000000000000000e+00,  0.000000000000000e+00,  0.000000000000000e+00,  0.000000000000000e+00,  0.000000000000000e+00,  0.000000000000000e+00,  0.000000000000000e+00,  0.000000000000000e+00,  0.000000000000000e+00,  0.000000000000000e+00,  2.109836497416492e-03, -5.936932077778896e-03, -6.583609334743185e-03,  2.342824576882105e-03, -1.095235561422502e-02, -1.021594551949255e-02,  2.459318616612314e-03, -1.176811727376768e-02, -1.265642139361949e-02,  2.316937012492107e-03, -1.095235561422550e-02, -1.248615563497048e-02,  2.122780279605074e-03, -7.115254474896742e-03, -9.932169255083839e-03,  1.592085209708852e-03, -3.635678507342978e-03, -4.880951748195465e-03, -4.460969391643783e-02, -2.781201128132236e-02
  3.270000000000000e+00,  1.958741659430177e+00,  9.316811191630195e-01, -2.995130213792602e-01, -3.889989148876199e-02, -5.806429451682019e-02,  1.926790582506762e-01,  0.000000000000000e+00, -1.734723475976807e-18,  0.000000000000000e+00,  3.237481602066713e-03,  9.907603742084216e-03, -9.104594314333178e-02,  5.018096483195994e-03,  1.074864656426018e-02, -9.325311752253537e-02,  5.584655763552589e-03,  1.050408801313244e-02, -8.939056235883000e-02,  5.045075496539229e-03,  1.010444355153302e-02, -8.221724562627851e-02,  4.478516216172867e-03,  9.710763932643921e-03, -6.897419935083700e-02,  3.588208775599936e-03,  8.666916458312838e-03, -4.855783634291713e-02,  0.000000000000000e+00,  0.000000000000000e+00,  0.000000000000000e+00,  0.000000000000000e+00,  0.000000000000000e+00,  0.000000000000000e+00,  0.000000000000000e+00,  0.000000000000000e+00,  0.000000000000000e+00,  0.000000000000000e+00,  0.000000000000000e+00,  0.000000000000000e+00,  0.000000000000000e+00,  0.000000000000000e+00,  0.000000000000000e+00,  0.000000000000000e+00,  0.000000000000000e+00,  0.000000000000000e+00,  0.000000000000000e+00,  0.000000000000000e+00,  0.000000000000000e+00,  0.000000000000000e+00,  0.000000000000000e+00,  0.000000000000000e+00,  0.000000000000000e+00,  0.000000000000000e+00,  0.000000000000000e+00,  0.000000000000000e+00,  0.000000000000000e+00,  0.000000000000000e+00,  0.000000000000000e+00,  0.000000000000000e+00,  0.000000000000000e+00,  2.144716203211763e-03, -5.822662295914674e-03, -6.688605630164406e-03,  2.381556029327247e-03, -1.074155258152494e-02, -1.037887080552623e-02,  2.499975942380743e-03, -1.154161304966674e-02, -1.285826772022017e-02,  2.355240493084100e-03, -1.074155258152579e-02, -1.268528654014265e-02,  2.157873971322784e-03, -6.978305194342805e-03, -1.009056883873984e-02,  1.618405478500357e-03, -3.565701592580222e-03, -4.958793829297350e-03, -4.374272334233697e-02, -2.825330139038941e-02
  3.280000000000000e+00,  1.970424397520782e+00,  9.299677743088464e-01, -2.994705421598366e-01, -4.060877602948957e-02, -6.341290127968670e-02,  1.933832399760801e-01,  0.000000000000000e+00, -3.469446951953614e-18,  0.000000000000000e+00,  3.014446507230439e-03,  1.057299603932312e-02, -9.131295357203281e-02,  4.672392086193489e-03,  1.147052309624374e-02, -9.352660093131049e-02,  5.199920224950306e-03,  1.120954005132597e-02, -8.965271805242182e-02,  4.697512473742636e-03,  1.078305556328894e-02, -8.245836413455421e-02,  4.169984334970523e-03,  1.036293651537169e-02, -6.917647997854932e-02,  3.341011545475246e-03,  9.248984494372206e-03, -4.870024190478883e-02,  0.000000000000000e+00,  0.000000000000000e+00,  0.000000000000000e+00,  0.000000000000000e+00,  0.000000000000000e+00,  0.000000000000000e+00,  0.000000000000000e+00,  0.000000000000000e+00,  0.000000000000000e+00,  0.000000000000000e+00,  0.000000000000000e+00,  0.000000000000000e+00,  0.000000000000000e+00,  0.000000000000000e+00,  0.000000000000000e+00,  0.000000000000000e+00,  0.000000000000000e+00,  0.000000000000000e+00,  0.000000000000000e+00,  0.000000000000000e+00,  0.000000000000000e+00,  0.000000000000000e+00,  0.000000000000000e+00,  0.000000000000000e+00,  0.000000000000000e+00,  0.000000000000000e+00,  0.000000000000000e+00,  0.000000000000000e+00,  0.000000000000000e+00,  0.000000000000000e+00,  0.000000000000000e+00,  0.000000000000000e+00,  0.000000000000000e+00,  2.181929697501071e-03, -5.711574982791711e-03, -6.804316438133395e-03,  2.422878989240216e-03, -1.053662051533277e-02, -1.055842205932016e-02,  2.543353635103150e-03, -1.132141707785511e-02, -1.308071177355202e-02,  2.396106845700996e-03, -1.053662051533413e-02, -1.290473807258505e-02,  2.195315769254177e-03, -6.845170017547977e-03, -1.026513255772366e-02,  1.646486826953530e-03, -3.497673568768653e-03, -5.044579428327830e-03, -4.289922140883454e-02, -2.873975961097432e-02
  3.290000000000000e+00,  1.982256000484892e+00,  9.282174796717170e-01, -2.994365719165064e-01, -4.246742199069823e-02, -6.890191884951707e-02,  1.938932993427848e-01,  8.673617379884035e-19,  1.040834085586084e-17,  0.000000000000000e+00,  2.794871147809283e-03,  1.124562766979632e-02, -9.147176595078432e-02,  4.332050279081120e-03,  1.220025349847906e-02, -9.368926330710126e-02,  4.821152729934209e-03,  1.192266726461061e-02, -8.980864293332101e-02,  4.355340871963358e-03,  1.146905073609285e-02, -8.260177652497348e-02,  3.866238421087348e-03,  1.102220460352283e-02, -6.929679238657091e-02,  3.097648855429741e-03,  9.837385312606455e-03, -4.878494183998523e-02,  0.000000000000000e+00,  0.000000000000000e+00,  0.000000000000000e+00,  0.000000000000000e+00,  0.000000000000000e+00,  0.000000000000000e+00,  0.000000000000000e+00,  0.000000000000000e+00,  0.000000000000000e+00,  0.000000000000000e+00,  0.000000000000000e+00,  0.000000000000000e+00,  0.000000000000000e+00,  0.000000000000000e+00,  0.000000000000000e+00,  0.000000000000000e+00,  0.000000000000000e+00,  0.000000000000000e+00,  0.000000000000000e+00,  0.000000000000000e+00,  0.000000000000000e+00,  0.000000000000000e+00,  0.000000000000000e+00,  0.000000000000000e+00,  0.000000000000000e+00,  0.000000000000000e+00,  0.000000000000000e+00,  0.000000000000000e+00,  0.000000000000000e+00,  0.000000000000000e+00,  0.000000000000000e+00,  0.000000000000000e+00,  0.000000000000000e+00,  2.237042532319536e-03, -5.604550162749244e-03, -6.931412257064278e-03,  2.484077903972626e-03, -1.033918287021839e-02, -1.075563970944948e-02,  2.607595589789244e-03, -1.110927373227759e-02, -1.332504252901725e-02,  2.456629529325598e-03, -1.033918287022054e-02, -1.314578186722481e-02,  2.250766719618371e-03, -6.716903630170678e-03, -1.045687193981699e-02,  1.688075039733100e-03, -3.432133348183981e-03, -5.138805638939591e-03, -4.208447983348736e-02, -2.927515579570974e-02
  3.300000000000000e+00,  1.994228704632384e+00,  9.264667976163667e-01, -2.994189964356071e-01, -4.417897231815694e-02, -7.444489112574869e-02,  1.941001754072217e-01,  1.734723475976807e-18,  8.673617379884034e-18,  0.000000000000000e+00,  2.534427575393371e-03,  1.191038586884724e-02, -9.150126599755230e-02,  3.928362741853376e-03,  1.292144210455310e-02, -9.371947850657505e-02,  4.371887567544067e-03,  1.262744702892306e-02, -8.983760661575525e-02,  3.949482971645604e-03,  1.214701605167385e-02, -8.262841596138909e-02,  3.505958145950800e-03,  1.167375568602525e-02, -6.931914090718595e-02,  2.808990562716425e-03,  1.041889865589414e-02, -4.880067519863815e-02,  0.000000000000000e+00,  0.000000000000000e+00,  0.000000000000000e+00,  0.000000000000000e+00,  0.000000000000000e+00,  0.000000000000000e+00,  0.000000000000000e+00,  0.000000000000000e+00,  0.000000000000000e+00,  0.000000000000000e+00,  0.000000000000000e+00,  0.000000000000000e+00,  0.000000000000000e+00,  0.000000000000000e+00,  0.000000000000000e+00,  0.000000000000000e+00,  0.000000000000000e+00,  0.000000000000000e+00,  0.000000000000000e+00,  0.000000000000000e+00,  0.000000000000000e+00,  0.000000000000000e+00,  0.000000000000000e+00,  0.000000000000000e+00,  0.000000000000000e+00,  0.000000000000000e+00,  0.000000000000000e+00,  0.000000000000000e+00,  0.000000000000000e+00,  0.000000000000000e+00,  0.000000000000000e+00,  0.000000000000000e+00,  0.000000000000000e+00,  2.331872385751853e-03, -5.502873311707793e-03, -7.069027969064747e-03,  2.589379765771513e-03, -1.015161107121768e-02, -1.096918133133452e-02,  2.718133455779864e-03, -1.090773106824655e-02, -1.358959687160903e-02,  2.560767834655418e-03, -1.015161107121799e-02, -1.340677718275749e-02,  2.346178351306231e-03, -6.595046640749933e-03, -1.066448184991802e-02,  1.759633763482462e-03, -3.369868134905534e-03, -5.240831080524069e-03, -4.130624437584225e-02, -2.985711285851396e-02
  3.310000000000000e+00,  2.006330661777169e+00,  9.247604672623385e-01, -2.994295391169546e-01, -4.536707408912093e-02, -7.993364589314390e-02,  1.939153028327862e-01,  0.000000000000000e+00,  6.071532165918825e-18,  0.000000000000000e+00,  2.177420222536423e-03,  1.254714372717216e-02, -9.138772054511285e-02,  3.375001344922794e-03,  1.361225345958112e-02, -9.360318043710322e-02,  3.756049883862490e-03,  1.330254070051285e-02, -8.972612562607810e-02,  3.393146513440430e-03,  1.279642472837675e-02, -8.252588097705049e-02,  3.012097974495304e-03,  1.229786272597392e-02, -6.923312162501519e-02,  2.413307413296131e-03,  1.097591802262989e-02, -4.874011762398194e-02,  0.000000000000000e+00,  0.000000000000000e+00,  0.000000000000000e+00,  0.000000000000000e+00,  0.000000000000000e+00,  0.000000000000000e+00,  0.000000000000000e+00,  0.000000000000000e+00,  0.000000000000000e+00,  0.000000000000000e+00,  0.000000000000000e+00,  0.000000000000000e+00,  0.000000000000000e+00,  0.000000000000000e+00,  0.000000000000000e+00,  0.000000000000000e+00,  0.000000000000000e+00,  0.000000000000000e+00,  0.000000000000000e+00,  0.000000000000000e+00,  0.000000000000000e+00,  0.000000000000000e+00,  0.000000000000000e+00,  0.000000000000000e+00,  0.000000000000000e+00,  0.000000000000000e+00,  0.000000000000000e+00,  0.000000000000000e+00,  0.000000000000000e+00,  0.000000000000000e+00,  0.000000000000000e+00,  0.000000000000000e+00,  0.000000000000000e+00,  2.492004791755205e-03, -5.407925404105029e-03, -7.214877166856227e-03,  2.767195504952324e-03, -9.976452717497905e-03, -1.119549905205573e-02,  2.904790861548854e-03, -1.071952643714635e-02, -1.386997938117355e-02,  2.736618759037683e-03, -9.976452717498384e-03, -1.368338773031171e-02,  2.507293164707488e-03, -6.481254110264475e-03, -1.088451296728980e-02,  1.880469873534543e-03, -3.311723614728334e-03, -5.348960658201400e-03, -4.057252176610048e-02, -3.047741310630149e-02
  3.320000000000000e+00,  2.018549150072656e+00,  9.231483924727225e-01, -2.994826798787327e-01, -4.562094241182985e-02, -8.525050325077117e-02,  1.932857047059326e-01,  0.000000000000000e+00,  6.071532165918823e-18,  0.000000000000000e+00,  1.663883682083425e-03,  1.313556927144089e-02, -9.112643493492058e-02,  2.579019707217970e-03,  1.425062963704786e-02, -9.333556063029609e-02,  2.870199351577231e-03,  1.392639222577345e-02, -8.946959066333289e-02,  2.592885404564480e-03,  1.339654084637353e-02, -8.228993215328383e-02,  2.301705760198408e-03,  1.287459769651680e-02, -6.903517798090628e-02,  1.844137747623259e-03,  1.149065752643774e-02, -4.860076529851969e-02,  0.000000000000000e+00,  0.000000000000000e+00,  0.000000000000000e+00,  0.000000000000000e+00,  0.000000000000000e+00,  0.000000000000000e+00,  0.000000000000000e+00,  0.000000000000000e+00,  0.000000000000000e+00,  0.000000000000000e+00,  0.000000000000000e+00,  0.000000000000000e+00,  0.000000000000000e+00,  0.000000000000000e+00,  0.000000000000000e+00,  0.000000000000000e+00,  0.000000000000000e+00,  0.000000000000000e+00,  0.000000000000000e+00,  0.000000000000000e+00,  0.000000000000000e+00,  0.000000000000000e+00,  0.000000000000000e+00,  0.000000000000000e+00,  0.000000000000000e+00,  0.000000000000000e+00,  0.000000000000000e+00,  0.000000000000000e+00,  0.000000000000000e+00,  0.000000000000000e+00,  0.000000000000000e+00,  0.000000000000000e+00,  0.000000000000000e+00,  2.743445416567421e-03, -5.322027359560796e-03, -7.365593094242137e-03,  3.046402579129289e-03, -9.817989403771656e-03, -1.142936859456301e-02,  3.197881160407552e-03, -1.054926033867370e-02, -1.415971775884050e-02,  3.012740672172881e-03, -9.817989403772329e-03, -1.396922828227225e-02,  2.760276370039042e-03, -6.378307598864457e-03, -1.111188613362062e-02,  2.070207277534636e-03, -3.259121080240878e-03, -5.460698328509398e-03, -3.989819533082745e-02, -3.112326216291030e-02
  3.330000000000000e+00,  2.030873577361146e+00,  9.216808936932160e-01, -2.995935867877161e-01, -4.455867910217875e-02, -9.027795849707757e-02,  1.921958736327720e-01, -8.673617379884035e-18, -1.474514954580286e-17,  0.000000000000000e+00,  9.389264935813137e-04,  1.365653411858288e-02, -9.072030444707346e-02,  1.455336065036822e-03,  1.481581847181614e-02, -9.291958455486012e-02,  1.619648201407131e-03,  1.447872160314728e-02, -8.907084436616126e-02,  1.463160452478822e-03,  1.392785598849294e-02, -8.192318401575353e-02,  1.298848316100539e-03,  1.338521224868403e-02, -6.872750336887377e-02,  1.040643530362884e-03,  1.194638415070031e-02, -4.838416237163751e-02,  0.000000000000000e+00,  0.000000000000000e+00,  0.000000000000000e+00,  0.000000000000000e+00,  0.000000000000000e+00,  0.000000000000000e+00,  0.000000000000000e+00,  0.000000000000000e+00,  0.000000000000000e+00,  0.000000000000000e+00,  0.000000000000000e+00,  0.000000000000000e+00,  0.000000000000000e+00,  0.000000000000000e+00,  0.000000000000000e+00,  0.000000000000000e+00,  0.000000000000000e+00,  0.000000000000000e+00,  0.000000000000000e+00,  0.000000000000000e+00,  0.000000000000000e+00,  0.000000000000000e+00,  0.000000000000000e+00,  0.000000000000000e+00,  0.000000000000000e+00,  0.000000000000000e+00,  0.000000000000000e+00,  0.000000000000000e+00,  0.000000000000000e+00,  0.000000000000000e+00,  0.000000000000000e+00,  0.000000000000000e+00,  0.000000000000000e+00,  3.108029229169334e-03, -5.248034483039287e-03, -7.517451664204008e-03,  3.451247180851613e-03, -9.681488550138232e-03, -1.166501120313818e-02,  3.622856156689437e-03, -1.040259252490770e-02, -1.445165276835890e-02,  3.413111852880530e-03, -9.681488550139049e-03, -1.425723591498357e-02,  3.127096893146702e-03, -6.289629113262749e-03, -1.134098311418525e-02,  2.345322669867120e-03, -3.213809072735948e-03, -5.573283130383170e-03, -3.930236990240597e-02, -3.178010034841337e-02
  3.340000000000000e+00,  2.043297180554239e+00,  9.204039413916687e-01, -2.997756198252618e-01, -4.189057063943526e-02, -9.490605898669391e-02,  1.906606636326214e-01,  0.000000000000000e+00,  3.469446951953613e-18,  0.000000000000000e+00, -3.785808622566314e-05,  1.409441548774414e-02, -9.017692898614409e-02, -5.868003366691518e-05,  1.529087098670398e-02, -9.236303635547853e-02, -6.530519876363046e-05,  1.494296548700870e-02, -8.853734845905296e-02, -5.899551772291025e-05,  1.437443698750623e-02, -8.143249950858940e-02, -5.237035263475018e-05,  1.381439398799605e-02, -6.831585529238221e-02, -4.195937892602179e-05,  1.232943148928807e-02, -4.809436212577532e-02,  0.000000000000000e+00,  0.000000000000000e+00,  0.000000000000000e+00,  0.000000000000000e+00,  0.000000000000000e+00,  0.000000000000000e+00,  0.000000000000000e+00,  0.000000000000000e+00,  0.000000000000000e+00,  0.000000000000000e+00,  0.000000000000000e+00,  0.000000000000000e+00,  0.000000000000000e+00,  0.000000000000000e+00,  0.000000000000000e+00,  0.000000000000000e+00,  0.000000000000000e+00,  0.000000000000000e+00,  0.000000000000000e+00,  0.000000000000000e+00,  0.000000000000000e+00,  0.000000000000000e+00,  0.000000000000000e+00,  0.000000000000000e+00,  0.000000000000000e+00,  0.000000000000000e+00,  0.000000000000000e+00,  0.000000000000000e+00,  0.000000000000000e+00,  0.000000000000000e+00,  0.000000000000000e+00,  0.000000000000000e+00,  0.000000000000000e+00,  3.599411034947775e-03, -5.189355227850633e-03, -7.667054632180889e-03,  3.996892008125591e-03, -9.573238015757489e-03, -1.189715373966952e-02,  4.195632494710536e-03, -1.028627919210424e-02, -1.473925157751301e-02,  3.952727455542631e-03, -9.573238015758415e-03, -1.454096568186443e-02,  3.621493311229653e-03, -6.219303593685827e-03, -1.156667724693006e-02,  2.716119983431352e-03, -3.177874872357719e-03, -5.684195675614027e-03, -3.880893125378582e-02, -3.243433080150090e-02
  3.350000000000001e+00,  2.055816873590182e+00,  9.193557960902055e-01, -3.000382306340199e-01, -3.746535559338938e-02, -9.903877729748337e-02,  1.887149973319831e-01,  0.000000000000000e+00,  2.168404344971009e-18,  0.000000000000000e+00, -1.285557210362644e-03,  1.443837557803209e-02, -8.950608436756674e-02, -1.992613676081856e-03,  1.566402937484313e-02, -9.167592883705143e-02, -2.217586187902850e-03,  1.530763358995762e-02, -8.787870101534445e-02, -2.003326652837541e-03,  1.472523072197326e-02, -8.082670648936663e-02, -1.778354141024739e-03,  1.415152043410781e-02, -6.780763967221701e-02, -1.424825908178775e-03,  1.263031891324431e-02, -4.773657832916649e-02,  0.000000000000000e+00,  0.000000000000000e+00,  0.000000000000000e+00,  0.000000000000000e+00,  0.000000000000000e+00,  0.000000000000000e+00,  0.000000000000000e+00,  0.000000000000000e+00,  0.000000000000000e+00,  0.000000000000000e+00,  0.000000000000000e+00,  0.000000000000000e+00,  0.000000000000000e+00,  0.000000000000000e+00,  0.000000000000000e+00,  0.000000000000000e+00,  0.000000000000000e+00,  0.000000000000000e+00,  0.000000000000000e+00,  0.000000000000000e+00,  0.000000000000000e+00,  0.000000000000000e+00,  0.000000000000000e+00,  0.000000000000000e+00,  0.000000000000000e+00,  0.000000000000000e+00,  0.000000000000000e+00,  0.000000000000000e+00,  0.000000000000000e+00,  0.000000000000000e+00,  0.000000000000000e+00,  0.000000000000000e+00,  0.000000000000000e+00,  4.220473418909550e-03, -5.149467624426041e-03, -7.811592686866579e-03,  4.686537968228674e-03, -9.499654014529195e-03, -1.212143692799150e-02,  4.919570242883819e-03, -1.020721445147419e-02, -1.501711352749684e-02,  4.634753018295648e-03, -9.499654014530243e-03, -1.481508957871239e-02,  4.246365893865445e-03, -6.171499366680926e-03, -1.178473034669362e-02,  3.184774420410449e-03, -3.153448367122422e-03, -5.791353198922403e-03, -3.844324568583565e-02, -3.307436981678735e-02
  3.360000000000000e+00,  2.068431494542662e+00,  9.185654995985743e-01, -3.003858324267527e-01, -3.129266507282671e-02, -1.025992958961246e-01,  1.864051801727508e-01, -3.469446951953614e-18,  4.336808689942018e-19,  0.000000000000000e+00, -2.798604400957987e-03,  1.468262230188774e-02, -8.871861679841569e-02, -4.337836821506761e-03,  1.592900986634727e-02, -9.086937114500666e-02, -4.827592591681533e-03,  1.556658511356456e-02, -8.710555103834590e-02, -4.361158524847883e-03,  1.497433002974789e-02, -8.011559941174769e-02, -3.871402754679616e-03,  1.439091457404757e-02, -6.721107333192118e-02, -3.101786544420180e-03,  1.284397965362072e-02, -4.731659562558591e-02,  0.000000000000000e+00,  0.000000000000000e+00,  0.000000000000000e+00,  0.000000000000000e+00,  0.000000000000000e+00,  0.000000000000000e+00,  0.000000000000000e+00,  0.000000000000000e+00,  0.000000000000000e+00,  0.000000000000000e+00,  0.000000000000000e+00,  0.000000000000000e+00,  0.000000000000000e+00,  0.000000000000000e+00,  0.000000000000000e+00,  0.000000000000000e+00,  0.000000000000000e+00,  0.000000000000000e+00,  0.000000000000000e+00,  0.000000000000000e+00,  0.000000000000000e+00,  0.000000000000000e+00,  0.000000000000000e+00,  0.000000000000000e+00,  0.000000000000000e+00,  0.000000000000000e+00,  0.000000000000000e+00,  0.000000000000000e+00,  0.000000000000000e+00,  0.000000000000000e+00,  0.000000000000000e+00,  0.000000000000000e+00,  0.000000000000000e+00,  4.962347682020635e-03, -5.130975332713067e-03, -7.948508541218509e-03,  5.510336996589402e-03, -9.465539735923973e-03, -1.233389256407203e-02,  5.784331653869203e-03, -1.017055924729008e-02, -1.528032245442594e-02,  5.449449294961336e-03, -9.465539735924991e-03, -1.507475757837623e-02,  4.992791532823677e-03, -6.149336849131811e-03, -1.199128443733411e-02,  3.744593649631546e-03, -3.142123995098003e-03, -5.892859780604246e-03, -3.822528333288744e-02, -3.368922600240575e-02
  3.370000000000000e+00,  2.081139253728744e+00,  9.180529524865235e-01, -3.008179843006136e-01, -2.354136019013189e-02, -1.055340280640285e-01,  1.837841379860613e-01, -3.469446951953613e-18, -3.903127820947815e-18,  0.000000000000000e+00, -4.546932972045367e-03,  1.482574008852891e-02, -8.782678013765421e-02, -7.047746106693621e-03,  1.608427672458192e-02, -8.995591420155521e-02, -7.843459376807443e-03,  1.571831926303859e-02, -8.622992958958578e-02, -7.085637214789416e-03,  1.512029121612483e-02, -7.931024388170703e-02, -6.289923944678879e-03,  1.453118896095578e-02, -6.653543949798389e-02, -5.039517377370442e-03,  1.296917540557267e-02, -4.684094940648306e-02,  0.000000000000000e+00,  0.000000000000000e+00,  0.000000000000000e+00,  0.000000000000000e+00,  0.000000000000000e+00,  0.000000000000000e+00,  0.000000000000000e+00,  0.000000000000000e+00,  0.000000000000000e+00,  0.000000000000000e+00,  0.000000000000000e+00,  0.000000000000000e+00,  0.000000000000000e+00,  0.000000000000000e+00,  0.000000000000000e+00,  0.000000000000000e+00,  0.000000000000000e+00,  0.000000000000000e+00,  0.000000000000000e+00,  0.000000000000000e+00,  0.000000000000000e+00,  0.000000000000000e+00,  0.000000000000000e+00,  0.000000000000000e+00,  0.000000000000000e+00,  0.000000000000000e+00,  0.000000000000000e+00,  0.000000000000000e+00,  0.000000000000000e+00,  0.000000000000000e+00,  0.000000000000000e+00,  0.000000000000000e+00,  0.000000000000000e+00,  5.804453476717939e-03, -5.134626903925616e-03, -8.074848183357805e-03,  6.445436069226788e-03, -9.472276095031078e-03, -1.252993683637345e-02,  6.765927365476764e-03, -1.017779734900647e-02, -1.552319952511767e-02,  6.374215781160764e-03, -9.472276095031923e-03, -1.531436724453268e-02,  5.840063620740377e-03, -6.153713159668793e-03, -1.218188303541124e-02,  4.380047715571543e-03, -3.144360156603701e-03, -5.986525377369328e-03, -3.816240048835626e-02, -3.426574668066387e-02
  3.380000000000000e+00,  2.093935497416484e+00,  9.178299526986515e-01, -3.013309118124600e-01, -1.451518289062463e-02, -1.078163174901900e-01,  1.809119678712585e-01,  3.469446951953613e-18,  2.168404344971008e-19,  0.000000000000000e+00, -6.479412008126532e-03,  1.486957955039604e-02, -8.684561605090330e-02, -1.004308861261989e-02,  1.613183765792656e-02, -8.895096431875825e-02, -1.117698571404586e-02,  1.576479806637967e-02, -8.526660484985686e-02, -1.009708371267725e-02,  1.516500166067941e-02, -7.842422297910998e-02, -8.963186611249988e-03,  1.457415744013842e-02, -6.579213337163531e-02, -7.181348309018954e-03,  1.300752503717733e-02, -4.631766189352444e-02,  0.000000000000000e+00,  0.000000000000000e+00,  0.000000000000000e+00,  0.000000000000000e+00,  0.000000000000000e+00,  0.000000000000000e+00,  0.000000000000000e+00,  0.000000000000000e+00,  0.000000000000000e+00,  0.000000000000000e+00,  0.000000000000000e+00,  0.000000000000000e+00,  0.000000000000000e+00,  0.000000000000000e+00,  0.000000000000000e+00,  0.000000000000000e+00,  0.000000000000000e+00,  0.000000000000000e+00,  0.000000000000000e+00,  0.000000000000000e+00,  0.000000000000000e+00,  0.000000000000000e+00,  0.000000000000000e+00,  0.000000000000000e+00,  0.000000000000000e+00,  0.000000000000000e+00,  0.000000000000000e+00,  0.000000000000000e+00,  0.000000000000000e+00,  0.000000000000000e+00,  0.000000000000000e+00,  0.000000000000000e+00,  0.000000000000000e+00,  6.715510494633959e-03, -5.158668508555110e-03, -8.186667103800088e-03,  7.457100610591786e-03, -9.516627655734038e-03, -1.270344895431658e-02,  7.827895668566650e-03, -1.022545233629957e-02, -1.573816176013150e-02,  7.374701708809542e-03, -9.516627655734671e-03, -1.552643761091696e-02,  6.756709945515744e-03, -6.182526380483704e-03, -1.235057537230630e-02,  5.067532459155439e-03, -3.159082835604658e-03, -6.069425611496815e-03, -3.824455806043325e-02, -3.478605956979348e-02
  3.390000000000000e+00,  2.106811685031695e+00,  9.179012488889084e-01, -3.019197139609572e-01, -4.611177865039777e-03, -1.094503487713315e-01,  1.778604412481402e-01, -1.734723475976807e-18, -6.017322057294550e-18,  0.000000000000000e+00, -8.529936551324387e-03,  1.481808629287529e-02, -8.579453175707467e-02, -1.322140165457614e-02,  1.607597320876838e-02, -8.787439919356153e-02, -1.471414055105892e-02,  1.571020467294635e-02, -8.423463117954538e-02, -1.329248445915327e-02,  1.511248535830836e-02, -7.747506201073200e-02, -1.179974556266341e-02,  1.452368722747029e-02, -6.499585739144600e-02, -9.454013011052495e-03,  1.296248006235739e-02, -4.575708360346447e-02,  0.000000000000000e+00,  0.000000000000000e+00,  0.000000000000000e+00,  0.000000000000000e+00,  0.000000000000000e+00,  0.000000000000000e+00,  0.000000000000000e+00,  0.000000000000000e+00,  0.000000000000000e+00,  0.000000000000000e+00,  0.000000000000000e+00,  0.000000000000000e+00,  0.000000000000000e+00,  0.000000000000000e+00,  0.000000000000000e+00,  0.000000000000000e+00,  0.000000000000000e+00,  0.000000000000000e+00,  0.000000000000000e+00,  0.000000000000000e+00,  0.000000000000000e+00,  0.000000000000000e+00,  0.000000000000000e+00,  0.000000000000000e+00,  0.000000000000000e+00,  0.000000000000000e+00,  0.000000000000000e+00,  0.000000000000000e+00,  0.000000000000000e+00,  0.000000000000000e+00,  0.000000000000000e+00,  0.000000000000000e+00,  0.000000000000000e+00,  7.656028701174404e-03, -5.198548754471518e-03, -8.278668777685556e-03,  8.501479723374205e-03, -9.590198083950868e-03, -1.284621017242820e-02,  8.924205234470748e-03, -1.030450249296269e-02, -1.591502704702030e-02,  8.407540720899283e-03, -9.590198083951040e-03, -1.570092354417257e-02,  7.702998202404456e-03, -6.230321789711061e-03, -1.248937100103134e-02,  5.777248651824088e-03, -3.183504835223855e-03, -6.137633749037977e-03, -3.844202871838810e-02, -3.522599867529222e-02
  3.400000000000000e+00,  2.119755412212012e+00,  9.182648091403953e-01, -3.025800376952833e-01,  5.728522033218630e-03, -1.104748402547649e-01,  1.747147981302957e-01,  1.734723475976807e-18, -2.081668171172168e-17,  0.000000000000000e+00, -1.062489269091252e-02,  1.467643804321040e-02, -8.469760113100061e-02, -1.646858367093627e-02,  1.592230063447837e-02, -8.675087630988430e-02, -1.832793989184369e-02,  1.556002853347689e-02, -8.315764474666909e-02, -1.655712444333599e-02,  1.496802290500847e-02, -7.648450041505880e-02, -1.469776822241510e-02,  1.438485318144193e-02, -6.416484934138092e-02, -1.177592273241670e-02,  1.283856982348801e-02, -4.517205393621415e-02,  0.000000000000000e+00,  0.000000000000000e+00,  0.000000000000000e+00,  0.000000000000000e+00,  0.000000000000000e+00,  0.000000000000000e+00,  0.000000000000000e+00,  0.000000000000000e+00,  0.000000000000000e+00,  0.000000000000000e+00,  0.000000000000000e+00,  0.000000000000000e+00,  0.000000000000000e+00,  0.000000000000000e+00,  0.000000000000000e+00,  0.000000000000000e+00,  0.000000000000000e+00,  0.000000000000000e+00,  0.000000000000000e+00,  0.000000000000000e+00,  0.000000000000000e+00,  0.000000000000000e+00,  0.000000000000000e+00,  0.000000000000000e+00,  0.000000000000000e+00,  0.000000000000000e+00,  0.000000000000000e+00,  0.000000000000000e+00,  0.000000000000000e+00,  0.000000000000000e+00,  0.000000000000000e+00,  0.000000000000000e+00,  0.000000000000000e+00,  8.582240229232858e-03, -5.247047568306717e-03, -8.344161792118179e-03,  9.529972279069598e-03, -9.679667905910837e-03, -1.294783726380002e-02,  1.000383830398552e-02, -1.040063627407527e-02, -1.604093172133564e-02,  9.424668717969579e-03, -9.679667905910475e-03, -1.582513443363344e-02,  8.634892009777927e-03, -6.288446322321714e-03, -1.258817511764677e-02,  6.476169007355885e-03, -3.213204702559131e-03, -6.186188914914871e-03, -3.870607626667050e-02, -3.555493514831936e-02
  3.410000000000000e+00,  2.132750666998817e+00,  9.189112889438845e-01, -3.033084736756203e-01,  1.606238781672227e-02, -1.109646971117547e-01,  1.715667706758887e-01,  0.000000000000000e+00,  6.288372600415924e-18,  0.000000000000000e+00, -1.269069383161814e-02,  1.445073202950981e-02, -8.358161661010084e-02, -1.967057543902762e-02,  1.567743474845326e-02, -8.560783761878099e-02, -2.189144685955500e-02,  1.532073395784424e-02, -8.206195085342186e-02, -1.977633122092614e-02,  1.473783266587072e-02, -7.547673257497260e-02, -1.755545980037877e-02,  1.416363139317960e-02, -6.331940652251558e-02, -1.406551899668560e-02,  1.264112801860749e-02, -4.457686219173181e-02,  0.000000000000000e+00,  0.000000000000000e+00,  0.000000000000000e+00,  0.000000000000000e+00,  0.000000000000000e+00,  0.000000000000000e+00,  0.000000000000000e+00,  0.000000000000000e+00,  0.000000000000000e+00,  0.000000000000000e+00,  0.000000000000000e+00,  0.000000000000000e+00,  0.000000000000000e+00,  0.000000000000000e+00,  0.000000000000000e+00,  0.000000000000000e+00,  0.000000000000000e+00,  0.000000000000000e+00,  0.000000000000000e+00,  0.000000000000000e+00,  0.000000000000000e+00,  0.000000000000000e+00,  0.000000000000000e+00,  0.000000000000000e+00,  0.000000000000000e+00,  0.000000000000000e+00,  0.000000000000000e+00,  0.000000000000000e+00,  0.000000000000000e+00,  0.000000000000000e+00,  0.000000000000000e+00,  0.000000000000000e+00,  0.000000000000000e+00,  9.450799178483090e-03, -5.294963311039640e-03, -8.375405453409503e-03,  1.049444571351208e-02, -9.768062087796542e-03, -1.299631880719136e-02,  1.101626898102512e-02, -1.049561429847343e-02, -1.610099496676243e-02,  1.037848498739214e-02, -9.768062087795581e-03, -1.588438965333848e-02,  9.508779541540720e-03, -6.345872059794395e-03, -1.263530995150233e-02,  7.131584656179130e-03, -3.242547506844434e-03, -6.209352318978519e-03, -3.897361667508829e-02, -3.573736555681846e-02
  3.420000000000000e+00,  2.145778040395678e+00,  9.198233453306340e-01, -3.041022333769149e-01,  2.599115956974112e-02, -1.110271770255813e-01,  1.685008694618702e-01,  0.000000000000000e+00, -2.168404344971008e-18,  0.000000000000000e+00, -1.466077794140646e-02,  1.414782269624571e-02, -8.247257990513406e-02, -2.272420580919648e-02,  1.534881185950590e-02, -8.447191517551328e-02, -2.528984194893347e-02,  1.499958806026593e-02, -8.097307845218499e-02, -2.284637895867046e-02,  1.442890526638296e-02, -7.447523882321906e-02, -2.028074281890763e-02,  1.386674012613924e-02, -6.247922720057651e-02, -1.624902888502186e-02,  1.237615073911731e-02, -4.398537594908822e-02,  0.000000000000000e+00,  0.000000000000000e+00,  0.000000000000000e+00,  0.000000000000000e+00,  0.000000000000000e+00,  0.000000000000000e+00,  0.000000000000000e+00,  0.000000000000000e+00,  0.000000000000000e+00,  0.000000000000000e+00,  0.000000000000000e+00,  0.000000000000000e+00,  0.000000000000000e+00,  0.000000000000000e+00,  0.000000000000000e+00,  0.000000000000000e+00,  0.000000000000000e+00,  0.000000000000000e+00,  0.000000000000000e+00,  0.000000000000000e+00,  0.000000000000000e+00,  0.000000000000000e+00,  0.000000000000000e+00,  0.000000000000000e+00,  0.000000000000000e+00,  0.000000000000000e+00,  0.000000000000000e+00,  0.000000000000000e+00,  0.000000000000000e+00,  0.000000000000000e+00,  0.000000000000000e+00,  0.000000000000000e+00,  0.000000000000000e+00,  1.022368555940454e-02, -5.332077045291939e-03, -8.364271680649482e-03,  1.135268151073107e-02, -9.836528900347767e-03, -1.297904226325797e-02,  1.191717948639386e-02, -1.056918070809707e-02, -1.607959124844686e-02,  1.122723751613513e-02, -9.836528900346100e-03, -1.586327387742200e-02,  1.028640755670266e-02, -6.390351878706238e-03, -1.261851331156847e-02,  7.714805667551039e-03, -3.265275340711497e-03, -6.201097970209430e-03, -3.917376530075909e-02, -3.573597733723638e-02
  3.430000000000000e+00,  2.158815305073959e+00,  9.209754835631261e-01, -3.049592399120848e-01,  3.519752560241557e-02, -1.107903373870269e-01,  1.655816887123503e-01,  0.000000000000000e+00,  1.647987302177966e-17,  0.000000000000000e+00, -1.648187483302410e-02,  1.377481553798670e-02, -8.139234773220862e-02, -2.554690599120059e-02,  1.494414063784292e-02, -8.336549555597406e-02, -2.843123408696784e-02,  1.460412411945084e-02, -7.991248686422822e-02, -2.568425494810020e-02,  1.404848736988032e-02, -7.349975643676851e-02, -2.279992685230244e-02,  1.350114370612346e-02, -6.166086949382688e-02, -1.826741127322112e-02,  1.204985368857469e-02, -4.340925212354108e-02,  0.000000000000000e+00,  0.000000000000000e+00,  0.000000000000000e+00,  0.000000000000000e+00,  0.000000000000000e+00,  0.000000000000000e+00,  0.000000000000000e+00,  0.000000000000000e+00,  0.000000000000000e+00,  0.000000000000000e+00,  0.000000000000000e+00,  0.000000000000000e+00,  0.000000000000000e+00,  0.000000000000000e+00,  0.000000000000000e+00,  0.000000000000000e+00,  0.000000000000000e+00,  0.000000000000000e+00,  0.000000000000000e+00,  0.000000000000000e+00,  0.000000000000000e+00,  0.000000000000000e+00,  0.000000000000000e+00,  0.000000000000000e+00,  0.000000000000000e+00,  0.000000000000000e+00,  0.000000000000000e+00,  0.000000000000000e+00,  0.000000000000000e+00,  0.000000000000000e+00,  0.000000000000000e+00,  0.000000000000000e+00,  0.000000000000000e+00,  1.087265262066725e-02, -5.348063982542145e-03, -8.303073746024951e-03,  1.207331364624373e-02, -9.866021341839153e-03, -1.288407995091027e-02,  1.267364415903240e-02, -1.060086982798885e-02, -1.596194349481603e-02,  1.193990686562146e-02, -9.866021341836841e-03, -1.574720882899632e-02,  1.093935601098073e-02, -6.409511795867561e-03, -1.252618884122989e-02,  8.204517008259252e-03, -3.275065475311922e-03, -6.155727087642715e-03, -3.923388319377248e-02, -3.551551801681353e-02
  3.440000000000000e+00,  2.171838871636007e+00,  9.223348138745697e-01, -3.058789006900496e-01,  4.347991902810198e-02, -1.103847710468455e-01,  1.628494496564231e-01,  0.000000000000000e+00,  0.000000000000000e+00,  0.000000000000000e+00, -1.811886278914110e-02,  1.333829389400310e-02, -8.035694279502444e-02, -2.808423732317872e-02,  1.447056327332849e-02, -8.230498989304344e-02, -3.125503831126444e-02,  1.414132182260831e-02, -7.889590747136559e-02, -2.823522784637688e-02,  1.360329311045282e-02, -7.256475440259781e-02, -2.506442685825772e-02,  1.307329467758238e-02, -6.087647181416019e-02, -2.008173959124363e-02,  1.166799580253624e-02, -4.285703615706287e-02,  0.000000000000000e+00,  0.000000000000000e+00,  0.000000000000000e+00,  0.000000000000000e+00,  0.000000000000000e+00,  0.000000000000000e+00,  0.000000000000000e+00,  0.000000000000000e+00,  0.000000000000000e+00,  0.000000000000000e+00,  0.000000000000000e+00,  0.000000000000000e+00,  0.000000000000000e+00,  0.000000000000000e+00,  0.000000000000000e+00,  0.000000000000000e+00,  0.000000000000000e+00,  0.000000000000000e+00,  0.000000000000000e+00,  0.000000000000000e+00,  0.000000000000000e+00,  0.000000000000000e+00,  0.000000000000000e+00,  0.000000000000000e+00,  0.000000000000000e+00,  0.000000000000000e+00,  0.000000000000000e+00,  0.000000000000000e+00,  0.000000000000000e+00,  0.000000000000000e+00,  0.000000000000000e+00,  0.000000000000000e+00,  0.000000000000000e+00,  1.138206362114733e-02, -5.333551715038271e-03, -8.185558800184380e-03,  1.263897862223765e-02, -9.839249347079481e-03, -1.270172917287762e-02,  1.326743612278391e-02, -1.057210378120537e-02, -1.573603114202960e-02,  1.249932139989279e-02, -9.839249347076591e-03, -1.552433565584269e-02,  1.145189223232367e-02, -6.392119230995523e-03, -1.234890336258509e-02,  8.588919174265406e-03, -3.266178403947636e-03, -6.068603938137856e-03, -3.908682557150218e-02, -3.504738186600112e-02
  3.450000000000000e+00,  2.184826015322096e+00,  9.238627537116914e-01, -3.068626959875640e-01,  5.076890442269284e-02, -1.099229151764614e-01,  1.603264995264551e-01,  0.000000000000000e+00, -1.734723475976807e-17,  0.000000000000000e+00, -1.955683593349867e-02,  1.284369236772927e-02, -7.937715204863242e-02, -3.031309569693006e-02,  1.393397570539016e-02, -8.130144664371289e-02, -3.373554198527732e-02,  1.361694296182031e-02, -7.793393110219193e-02, -3.047606932966432e-02,  1.309886506378860e-02, -7.167997366799453e-02, -2.705362304128265e-02,  1.258851967169687e-02, -6.013420609722005e-02, -2.167549315956968e-02,  1.123533113204977e-02, -4.233448109234616e-02,  0.000000000000000e+00,  0.000000000000000e+00,  0.000000000000000e+00,  0.000000000000000e+00,  0.000000000000000e+00,  0.000000000000000e+00,  0.000000000000000e+00,  0.000000000000000e+00,  0.000000000000000e+00,  0.000000000000000e+00,  0.000000000000000e+00,  0.000000000000000e+00,  0.000000000000000e+00,  0.000000000000000e+00,  0.000000000000000e+00,  0.000000000000000e+00,  0.000000000000000e+00,  0.000000000000000e+00,  0.000000000000000e+00,  0.000000000000000e+00,  0.000000000000000e+00,  0.000000000000000e+00,  0.000000000000000e+00,  0.000000000000000e+00,  0.000000000000000e+00,  0.000000000000000e+00,  0.000000000000000e+00,  0.000000000000000e+00,  0.000000000000000e+00,  0.000000000000000e+00,  0.000000000000000e+00,  0.000000000000000e+00,  0.000000000000000e+00,  1.174941582664601e-02, -5.281413427720045e-03, -8.007987146927801e-03,  1.304689732895828e-02, -9.743065483705715e-03, -1.242618695229905e-02,  1.369563808011604e-02, -1.046875587835238e-02, -1.539466494653044e-02,  1.290273271758975e-02, -9.743065483702320e-03, -1.518756183068433e-02,  1.182149813233524e-02, -6.329632886651574e-03, -1.208101509257375e-02,  8.866123599272286e-03, -3.234249783553965e-03, -5.936955988305752e-03, -3.868024315135815e-02, -3.431450563388778e-02
  3.460000000000000e+00,  2.197756797863231e+00,  9.255174612092277e-01, -3.079137406621942e-01,  5.711587699688938e-02, -1.094830143113153e-01,  1.580304151644744e-01,  0.000000000000000e+00, -1.734723475976807e-17,  0.000000000000000e+00, -2.079925308924447e-02,  1.229518863497326e-02, -7.846079313869883e-02, -3.223884228833362e-02,  1.333891024697556e-02, -8.036287297233129e-02, -3.587871157893631e-02,  1.303541672859665e-02, -7.703423326336094e-02, -3.241216939736766e-02,  1.253946390587736e-02, -7.085247380389270e-02, -2.877230010673142e-02,  1.205091336409339e-02, -5.943999480184332e-02, -2.305250550718803e-02,  1.075551420026343e-02, -4.184575634041182e-02,  0.000000000000000e+00,  0.000000000000000e+00,  0.000000000000000e+00,  0.000000000000000e+00,  0.000000000000000e+00,  0.000000000000000e+00,  0.000000000000000e+00,  0.000000000000000e+00,  0.000000000000000e+00,  0.000000000000000e+00,  0.000000000000000e+00,  0.000000000000000e+00,  0.000000000000000e+00,  0.000000000000000e+00,  0.000000000000000e+00,  0.000000000000000e+00,  0.000000000000000e+00,  0.000000000000000e+00,  0.000000000000000e+00,  0.000000000000000e+00,  0.000000000000000e+00,  0.000000000000000e+00,  0.000000000000000e+00,  0.000000000000000e+00,  0.000000000000000e+00,  0.000000000000000e+00,  0.000000000000000e+00,  0.000000000000000e+00,  0.000000000000000e+00,  0.000000000000000e+00,  0.000000000000000e+00,  0.000000000000000e+00,  0.000000000000000e+00,  1.198387921089249e-02, -5.187744038222720e-03, -7.769859231350056e-03,  1.330725237527058e-02, -9.570265719365473e-03, -1.205667811776826e-02,  1.396893895746135e-02, -1.028308551087506e-02, -1.493688455707859e-02,  1.316021091256198e-02, -9.570265719361985e-03, -1.473593992180547e-02,  1.205739994225209e-02, -6.217372625955987e-03, -1.172177039233016e-02,  9.043049956707652e-03, -3.176888206609608e-03, -5.760412878474673e-03, -3.798388589916757e-02, -3.331461068000386e-02
  3.470000000000000e+00,  2.210617296320239e+00,  9.272527262201282e-01, -3.090365934526412e-01,  6.265615973524612e-02, -1.090977397697627e-01,  1.559419128808887e-01,  0.000000000000000e+00, -6.938893903907227e-18,  0.000000000000000e+00, -2.187187352675800e-02,  1.163778428219272e-02, -7.759654164781134e-02, -3.390140396647798e-02,  1.262569974504245e-02, -7.947766993015300e-02, -3.772898183364554e-02,  1.233843354662965e-02, -7.618569543595330e-02, -3.408366957915935e-02,  1.186899853946470e-02, -7.007202851819641e-02, -3.025609171195884e-02,  1.140657002494330e-02, -5.878525882391743e-02, -2.424132649209902e-02,  1.018043381218895e-02, -4.138482221195949e-02,  0.000000000000000e+00,  0.000000000000000e+00,  0.000000000000000e+00,  0.000000000000000e+00,  0.000000000000000e+00,  0.000000000000000e+00,  0.000000000000000e+00,  0.000000000000000e+00,  0.000000000000000e+00,  0.000000000000000e+00,  0.000000000000000e+00,  0.000000000000000e+00,  0.000000000000000e+00,  0.000000000000000e+00,  0.000000000000000e+00,  0.000000000000000e+00,  0.000000000000000e+00,  0.000000000000000e+00,  0.000000000000000e+00,  0.000000000000000e+00,  0.000000000000000e+00,  0.000000000000000e+00,  0.000000000000000e+00,  0.000000000000000e+00,  0.000000000000000e+00,  0.000000000000000e+00,  0.000000000000000e+00,  0.000000000000000e+00,  0.000000000000000e+00,  0.000000000000000e+00,  0.000000000000000e+00,  0.000000000000000e+00,  0.000000000000000e+00,  1.211312932656275e-02, -5.030265379198735e-03, -7.478322228788642e-03,  1.345077550985041e-02, -9.279751653735827e-03, -1.160429311378633e-02,  1.411959860149626e-02, -9.970933156218966e-03, -1.437642980214101e-02,  1.330214815615242e-02, -9.279751653732019e-03, -1.418302491693271e-02,  1.218744300341737e-02, -6.028638660560421e-03, -1.128195163845471e-02,  9.140582252579885e-03, -3.080450893788981e-03, -5.544273376571916e-03, -3.682569251718979e-02, -3.207633341252266e-02
  3.480000000000000e+00,  2.223393478182970e+00,  9.290280136817631e-01, -3.102333105587949e-01,  6.755808305457318e-02, -1.087628772792167e-01,  1.540784454676074e-01,  0.000000000000000e+00,  4.336808689942018e-18,  0.000000000000000e+00, -2.280047920123212e-02,  1.080130007267152e-02, -7.677675163112316e-02, -3.534074276191202e-02,  1.171820754422540e-02, -7.863800621609171e-02, -3.933082662211177e-02,  1.145158905959375e-02, -7.538081069229847e-02, -3.553074675521262e-02,  1.101589543836382e-02, -6.933173329100877e-02, -3.154066289497855e-02,  1.058670470700222e-02, -5.816420578097602e-02, -2.527053111463811e-02,  9.448698979898773e-03, -4.094760086972984e-02,  0.000000000000000e+00,  0.000000000000000e+00,  0.000000000000000e+00,  0.000000000000000e+00,  0.000000000000000e+00,  0.000000000000000e+00,  0.000000000000000e+00,  0.000000000000000e+00,  0.000000000000000e+00,  0.000000000000000e+00,  0.000000000000000e+00,  0.000000000000000e+00,  0.000000000000000e+00,  0.000000000000000e+00,  0.000000000000000e+00,  0.000000000000000e+00,  0.000000000000000e+00,  0.000000000000000e+00,  0.000000000000000e+00,  0.000000000000000e+00,  0.000000000000000e+00,  0.000000000000000e+00,  0.000000000000000e+00,  0.000000000000000e+00,  0.000000000000000e+00,  0.000000000000000e+00,  0.000000000000000e+00,  0.000000000000000e+00,  0.000000000000000e+00,  0.000000000000000e+00,  0.000000000000000e+00,  0.000000000000000e+00,  0.000000000000000e+00,  1.213783794903566e-02, -4.784407191905485e-03, -7.145766488470416e-03,  1.347821269186056e-02, -8.826196473614271e-03, -1.108825834433042e-02,  1.414840006327498e-02, -9.483595935095105e-03, -1.373712005998379e-02,  1.332928216488079e-02, -8.826196473610038e-03, -1.355231575426577e-02,  1.221230321253144e-02, -5.733984191818964e-03, -1.078025116815129e-02,  9.159227409415133e-03, -2.929891427100080e-03, -5.297723431163992e-03, -3.501789710625618e-02, -3.064879300872244e-02
  3.490000000000000e+00,  2.236060334765069e+00,  9.308175404827703e-01, -3.115008688931770e-01,  7.196993815480132e-02, -1.084461774067566e-01,  1.526006934011482e-01,  0.000000000000000e+00, -8.673617379884035e-19,  0.000000000000000e+00, -2.357965421805627e-02,  9.999293622321397e-03, -7.607060535489504e-02, -3.654846403798805e-02,  1.084811987202087e-02, -7.791474124226357e-02, -4.067490352613394e-02,  1.060129805473625e-02, -7.468750343928922e-02, -3.674496115643495e-02,  1.019795508502493e-02, -6.869406180522641e-02, -3.261852166825942e-02,  9.800632159637026e-03, -5.762924648083595e-02, -2.613411675829235e-02,  8.747124402919759e-03, -4.057098952244510e-02,  0.000000000000000e+00,  0.000000000000000e+00,  0.000000000000000e+00,  0.000000000000000e+00,  0.000000000000000e+00,  0.000000000000000e+00,  0.000000000000000e+00,  0.000000000000000e+00,  0.000000000000000e+00,  0.000000000000000e+00,  0.000000000000000e+00,  0.000000000000000e+00,  0.000000000000000e+00,  0.000000000000000e+00,  0.000000000000000e+00,  0.000000000000000e+00,  0.000000000000000e+00,  0.000000000000000e+00,  0.000000000000000e+00,  0.000000000000000e+00,  0.000000000000000e+00,  0.000000000000000e+00,  0.000000000000000e+00,  0.000000000000000e+00,  0.000000000000000e+00,  0.000000000000000e+00,  0.000000000000000e+00,  0.000000000000000e+00,  0.000000000000000e+00,  0.000000000000000e+00,  0.000000000000000e+00,  0.000000000000000e+00,  0.000000000000000e+00,  1.207952353500356e-02, -4.535255504769262e-03, -6.762364614985119e-03,  1.341345864928738e-02, -8.366565498617569e-03, -1.049332440269210e-02,  1.408042620643112e-02, -8.989730377133303e-03, -1.300006301005442e-02,  1.326524363659003e-02, -8.366565498613782e-03, -1.282517427002684e-02,  1.215363104135734e-02, -5.435382551511272e-03, -1.020184316932691e-02,  9.115223281031468e-03, -2.777315075860189e-03, -5.013477214605064e-03, -3.320000014411292e-02, -2.900324708310999e-02
