Main.Studies.MarkerTracking.t,Main.HumanModel.BodyModel.Interface.Trunk.PelvisPosX.Pos,Main.HumanModel.BodyModel.Interface.Trunk.PelvisPosY.Pos,Main.HumanModel.BodyModel.Interface.Trunk.PelvisPosZ.Pos,Main.HumanModel.BodyModel.Interface.Trunk.PelvisRotVec.Pos[0],Main.HumanModel.BodyModel.Interface.Trunk.PelvisRotVec.Pos[1],Main.HumanModel.BodyModel.Interface.Trunk.PelvisRotVec.Pos[2],Main.HumanModel.BodyModel.Trunk.Joints.Lumbar.SacrumPelvis.Pos[0],Main.HumanModel.BodyModel.Trunk.Joints.Lumbar.SacrumPelvis.Pos[1],Main.HumanModel.BodyModel.Trunk.Joints.Lumbar.SacrumPelvis.Pos[2],Main.HumanModel.BodyModel.Trunk.Joints.Lumbar.L5Sacrum.Pos[0],Main.HumanModel.BodyModel.Trunk.Joints.Lumbar.L5Sacrum.Pos[1],Main.HumanModel.BodyModel.Trunk.Joints.Lumbar.L5Sacrum.Pos[2],Main.HumanModel.BodyModel.Trunk.Joints.Lumbar.L4L5.Pos[0],Main.HumanModel.BodyModel.Trunk.Joints.Lumbar.L4L5.Pos[1],Main.HumanModel.BodyModel.Trunk.Joints.Lumbar.L4L5.Pos[2],Main.HumanModel.BodyModel.Trunk.Joints.Lumbar.L3L4.Pos[0],Main.HumanModel.BodyModel.Trunk.Joints.Lumbar.L3L4.Pos[1],Main.HumanModel.BodyModel.Trunk.Joints.Lumbar.L3L4.Pos[2],Main.HumanModel.BodyModel.Trunk.Joints.Lumbar.L2L3.Pos[0],Main.HumanModel.BodyModel.Trunk.Joints.Lumbar.L2L3.Pos[1],Main.HumanModel.BodyModel.Trunk.Joints.Lumbar.L2L3.Pos[2],Main.HumanModel.BodyModel.Trunk.Joints.Lumbar.L1L2.Pos[0],Main.HumanModel.BodyModel.Trunk.Joints.Lumbar.L1L2.Pos[1],Main.HumanModel.BodyModel.Trunk.Joints.Lumbar.L1L2.Pos[2],Main.HumanModel.BodyModel.Trunk.Joints.Lumbar.T12L1.Pos[0],Main.HumanModel.BodyModel.Trunk.Joints.Lumbar.T12L1.Pos[1],Main.HumanModel.BodyModel.Trunk.Joints.Lumbar.T12L1.Pos[2],Main.Studies.MarkerTracking.JointAngleOutputs.ZeroVar[0],Main.Studies.MarkerTracking.JointAngleOutputs.ZeroVar[1],Main.Studies.MarkerTracking.JointAngleOutputs.ZeroVar[2],Main.Studies.MarkerTracking.JointAngleOutputs.ZeroVar[0],Main.Studies.MarkerTracking.JointAngleOutputs.ZeroVar[1],Main.Studies.MarkerTracking.JointAngleOutputs.ZeroVar[2],Main.Studies.MarkerTracking.JointAngleOutputs.ZeroVar[0],Main.Studies.MarkerTracking.JointAngleOutputs.ZeroVar[1],Main.Studies.MarkerTracking.JointAngleOutputs.ZeroVar[2],Main.Studies.MarkerTracking.JointAngleOutputs.ZeroVar[0],Main.Studies.MarkerTracking.JointAngleOutputs.ZeroVar[1],Main.Studies.MarkerTracking.JointAngleOutputs.ZeroVar[2],Main.Studies.MarkerTracking.JointAngleOutputs.ZeroVar[0],Main.Studies.MarkerTracking.JointAngleOutputs.ZeroVar[1],Main.Studies.MarkerTracking.JointAngleOutputs.ZeroVar[2],Main.Studies.MarkerTracking.JointAngleOutputs.ZeroVar[0],Main.Studies.MarkerTracking.JointAngleOutputs.ZeroVar[1],Main.Studies.MarkerTracking.JointAngleOutputs.ZeroVar[2],Main.Studies.MarkerTracking.JointAngleOutputs.ZeroVar[0],Main.Studies.MarkerTracking.JointAngleOutputs.ZeroVar[1],Main.Studies.MarkerTracking.JointAngleOutputs.ZeroVar[2],Main.Studies.MarkerTracking.JointAngleOutputs.ZeroVar[0],Main.Studies.MarkerTracking.JointAngleOutputs.ZeroVar[1],Main.Studies.MarkerTracking.JointAngleOutputs.ZeroVar[2],Main.Studies.MarkerTracking.JointAngleOutputs.ZeroVar[0],Main.Studies.MarkerTracking.JointAngleOutputs.ZeroVar[1],Main.Studies.MarkerTracking.JointAngleOutputs.ZeroVar[2],Main.Studies.MarkerTracking.JointAngleOutputs.ZeroVar[0],Main.Studies.MarkerTracking.JointAngleOutputs.ZeroVar[1],Main.Studies.MarkerTracking.JointAngleOutputs.ZeroVar[2],Main.Studies.MarkerTracking.JointAngleOutputs.ZeroVar[0],Main.Studies.MarkerTracking.JointAngleOutputs.ZeroVar[1],Main.Studies.MarkerTracking.JointAngleOutputs.ZeroVar[2],Main.HumanModel.BodyModel.Trunk.Joints.Cervical.T1C7.Pos[0],Main.HumanModel.BodyModel.Trunk.Joints.Cervical.T1C7.Pos[1],Main.HumanModel.BodyModel.Trunk.Joints.Cervical.T1C7.Pos[2],Main.HumanModel.BodyModel.Trunk.Joints.Cervical.C7C6.Pos[0],Main.HumanModel.BodyModel.Trunk.Joints.Cervical.C7C6.Pos[1],Main.HumanModel.BodyModel.Trunk.Joints.Cervical.C7C6.Pos[2],Main.HumanModel.BodyModel.Trunk.Joints.Cervical.C6C5.Pos[0],Main.HumanModel.BodyModel.Trunk.Joints.Cervical.C6C5.Pos[1],Main.HumanModel.BodyModel.Trunk.Joints.Cervical.C6C5.Pos[2],Main.HumanModel.BodyModel.Trunk.Joints.Cervical.C5C4.Pos[0],Main.HumanModel.BodyModel.Trunk.Joints.Cervical.C5C4.Pos[1],Main.HumanModel.BodyModel.Trunk.Joints.Cervical.C5C4.Pos[2],Main.HumanModel.BodyModel.Trunk.Joints.Cervical.C4C3.Pos[0],Main.HumanModel.BodyModel.Trunk.Joints.Cervical.C4C3.Pos[1],Main.HumanModel.BodyModel.Trunk.Joints.Cervical.C4C3.Pos[2],Main.HumanModel.BodyModel.Trunk.Joints.Cervical.C3C2.Pos[0],Main.HumanModel.BodyModel.Trunk.Joints.Cervical.C3C2.Pos[1],Main.HumanModel.BodyModel.Trunk.Joints.Cervical.C3C2.Pos[2],Main.HumanModel.BodyModel.Trunk.Joints.Cervical.C2C1.Pos,Main.HumanModel.BodyModel.Trunk.Joints.Cervical.C1C0.Pos
  1.600000000000000e+00, -3.270404336645562e-02,  8.819102303889109e-01, -3.242296414142840e-01,  3.678524083248830e-02,  1.166020776726620e-01,  1.321920934030578e-01,  8.673617379884035e-19,  9.107298248878237e-18,  0.000000000000000e+00, -1.752812855044794e-03, -3.433252063265446e-02, -7.034756288080404e-02, -2.716859925592925e-03, -3.724696097532304e-02, -7.205295834423506e-02, -3.023602175319768e-03, -3.639949959904337e-02, -6.906851628205532e-02, -2.731466699390183e-03, -3.501462369148232e-02, -6.352598102413928e-02, -2.424724449728688e-03, -3.365041757359832e-02, -5.329360824080718e-02, -1.942700914600411e-03, -3.003320438232612e-02, -3.751870020051534e-02,  0.000000000000000e+00,  0.000000000000000e+00,  0.000000000000000e+00,  0.000000000000000e+00,  0.000000000000000e+00,  0.000000000000000e+00,  0.000000000000000e+00,  0.000000000000000e+00,  0.000000000000000e+00,  0.000000000000000e+00,  0.000000000000000e+00,  0.000000000000000e+00,  0.000000000000000e+00,  0.000000000000000e+00,  0.000000000000000e+00,  0.000000000000000e+00,  0.000000000000000e+00,  0.000000000000000e+00,  0.000000000000000e+00,  0.000000000000000e+00,  0.000000000000000e+00,  0.000000000000000e+00,  0.000000000000000e+00,  0.000000000000000e+00,  0.000000000000000e+00,  0.000000000000000e+00,  0.000000000000000e+00,  0.000000000000000e+00,  0.000000000000000e+00,  0.000000000000000e+00,  0.000000000000000e+00,  0.000000000000000e+00,  0.000000000000000e+00,  2.338234780606542e-02, -5.956261768227466e-03,  5.463718581098312e-03,  2.596444756372885e-02, -1.098801471229325e-02,  8.478184001997974e-03,  2.725549744263280e-02, -1.180643235962961e-02,  1.050352795684789e-02,  2.567754759088982e-02, -1.098801471192119e-02,  1.036222488990594e-02,  2.352579779296588e-02, -7.138420591912513e-03,  8.242678889936506e-03,  1.764434834495044e-02, -3.647515688044997e-03,  4.050687912590189e-03, -4.627961390411163e-02,  2.139477159430593e-02
  1.610000000000000e+00, -1.901787469371402e-02,  8.816519292281102e-01, -3.234203569974670e-01,  2.890949007009406e-02,  1.192790538513868e-01,  1.296212651300503e-01,  0.000000000000000e+00, -4.336808689942019e-19,  0.000000000000000e+00, -2.715395414149669e-04, -3.461202793438303e-02, -6.958579119692621e-02, -4.208862891582753e-04, -3.755019526656181e-02, -7.127271946834973e-02, -4.684057088905146e-04, -3.669583455295153e-02, -6.832059499329868e-02, -4.231491186615610e-04, -3.529968411851500e-02, -6.283807811108356e-02, -3.756296989157879e-04, -3.392437175026364e-02, -5.271650848240712e-02, -3.009563250277280e-04, -3.027771016777319e-02, -3.711242197156552e-02,  0.000000000000000e+00,  0.000000000000000e+00,  0.000000000000000e+00,  0.000000000000000e+00,  0.000000000000000e+00,  0.000000000000000e+00,  0.000000000000000e+00,  0.000000000000000e+00,  0.000000000000000e+00,  0.000000000000000e+00,  0.000000000000000e+00,  0.000000000000000e+00,  0.000000000000000e+00,  0.000000000000000e+00,  0.000000000000000e+00,  0.000000000000000e+00,  0.000000000000000e+00,  0.000000000000000e+00,  0.000000000000000e+00,  0.000000000000000e+00,  0.000000000000000e+00,  0.000000000000000e+00,  0.000000000000000e+00,  0.000000000000000e+00,  0.000000000000000e+00,  0.000000000000000e+00,  0.000000000000000e+00,  0.000000000000000e+00,  0.000000000000000e+00,  0.000000000000000e+00,  0.000000000000000e+00,  0.000000000000000e+00,  0.000000000000000e+00,  2.299414040117597e-02, -5.829050726258939e-03,  5.742109425111820e-03,  2.553337062950530e-02, -1.075333785377704e-02,  8.910169797502223e-03,  2.680298574367537e-02, -1.155427612150114e-02,  1.103871036021591e-02,  2.525123393747098e-02, -1.075333785376668e-02,  1.089020753025595e-02,  2.313520874720235e-02, -6.985961557408917e-03,  8.662665080897030e-03,  1.735140656042394e-02, -3.569613761110226e-03,  4.257081125496219e-03, -4.538044109407698e-02,  2.262055964532619e-02
  1.620000000000000e+00, -5.183937781801526e-03,  8.817303717838056e-01, -3.224799628031019e-01,  2.037465088290409e-02,  1.210404573592693e-01,  1.271339281077057e-01,  8.673617379884035e-19,  1.929879867024198e-17,  0.000000000000000e+00,  1.276368959316965e-03, -3.478160672038693e-02, -6.882601715991488e-02,  1.978371886982572e-03, -3.773416936191389e-02, -7.049452666680239e-02,  2.201736454880404e-03, -3.687562277821026e-02, -6.757463502968042e-02,  1.989008294984945e-03, -3.547263201947436e-02, -6.215197913219290e-02,  1.765643727101577e-03, -3.409058142131600e-02, -5.214092209071131e-02,  1.414642263288258e-03, -3.042605332013144e-02, -3.670720915180163e-02,  0.000000000000000e+00,  0.000000000000000e+00,  0.000000000000000e+00,  0.000000000000000e+00,  0.000000000000000e+00,  0.000000000000000e+00,  0.000000000000000e+00,  0.000000000000000e+00,  0.000000000000000e+00,  0.000000000000000e+00,  0.000000000000000e+00,  0.000000000000000e+00,  0.000000000000000e+00,  0.000000000000000e+00,  0.000000000000000e+00,  0.000000000000000e+00,  0.000000000000000e+00,  0.000000000000000e+00,  0.000000000000000e+00,  0.000000000000000e+00,  0.000000000000000e+00,  0.000000000000000e+00,  0.000000000000000e+00,  0.000000000000000e+00,  0.000000000000000e+00,  0.000000000000000e+00,  0.000000000000000e+00,  0.000000000000000e+00,  0.000000000000000e+00,  0.000000000000000e+00,  0.000000000000000e+00,  0.000000000000000e+00,  0.000000000000000e+00,  2.252858843534076e-02, -5.684477388967539e-03,  6.012936431938944e-03,  2.501640801713368e-02, -1.048663131551433e-02,  9.330418601172808e-03,  2.626031780803686e-02, -1.126770454452505e-02,  1.155935193364375e-02,  2.473998361916057e-02, -1.048663131550126e-02,  1.140384495695502e-02,  2.266680063433973e-02, -6.812694275306998e-03,  9.071240306683907e-03,  1.700010047577976e-02, -3.481079452774847e-03,  4.457866665034268e-03, -4.434133727832887e-02,  2.382329287574209e-02
  1.630000000000000e+00,  8.772966263083909e-03,  8.821551316036438e-01, -3.214201391687490e-01,  1.147244515075056e-02,  1.219175456745230e-01,  1.249115015213993e-01, -1.734723475976807e-18, -4.553649124439118e-18,  0.000000000000000e+00,  2.844000048056675e-03, -3.483651008479766e-02, -6.811238987087262e-02,  4.408200074534791e-03, -3.779373339723532e-02, -6.976359932226552e-02,  4.905900082963436e-03, -3.693383158298404e-02, -6.687398278224886e-02,  4.431900074941873e-03, -3.552862617920632e-02, -6.150755206510249e-02,  3.934200066527637e-03, -3.414439399040959e-02, -5.160029535656442e-02,  3.152100053310760e-03, -3.047408136859159e-02, -3.632660793095048e-02,  0.000000000000000e+00,  0.000000000000000e+00,  0.000000000000000e+00,  0.000000000000000e+00,  0.000000000000000e+00,  0.000000000000000e+00,  0.000000000000000e+00,  0.000000000000000e+00,  0.000000000000000e+00,  0.000000000000000e+00,  0.000000000000000e+00,  0.000000000000000e+00,  0.000000000000000e+00,  0.000000000000000e+00,  0.000000000000000e+00,  0.000000000000000e+00,  0.000000000000000e+00,  0.000000000000000e+00,  0.000000000000000e+00,  0.000000000000000e+00,  0.000000000000000e+00,  0.000000000000000e+00,  0.000000000000000e+00,  0.000000000000000e+00,  0.000000000000000e+00,  0.000000000000000e+00,  0.000000000000000e+00,  0.000000000000000e+00,  0.000000000000000e+00,  0.000000000000000e+00,  0.000000000000000e+00,  0.000000000000000e+00,  0.000000000000000e+00,  2.200942107583426e-02, -5.531206249488825e-03,  6.274266916069146e-03,  2.443990929277096e-02, -1.020387921342011e-02,  9.735931421343300e-03,  2.565515340124724e-02, -1.096389228585922e-02,  1.206173726084584e-02,  2.416985504645016e-02, -1.020387921340388e-02,  1.189947173715292e-02,  2.214444819901054e-02, -6.629002909667185e-03,  9.465488881845488e-03,  1.660833614928591e-02, -3.387218754974045e-03,  4.651611679123660e-03, -4.322759772196466e-02,  2.499063499303097e-02
  1.640000000000000e+00,  2.282099675814464e-02,  8.829260676519169e-01, -3.202563022351708e-01,  2.502188939392056e-03,  1.219903256783182e-01,  1.231112237604853e-01,  1.734723475976807e-18,  7.535205098774256e-18,  0.000000000000000e+00,  4.384629136882881e-03, -3.477458035579962e-02, -6.748461004042003e-02,  6.796175162219755e-03, -3.772654653892499e-02, -6.912060058682939e-02,  7.563485261193402e-03, -3.686817339348155e-02, -6.625761713052269e-02,  6.832713738364261e-03, -3.546546605824327e-02, -6.094064785455474e-02,  6.065403639403615e-03, -3.408369465338063e-02, -5.112470457589142e-02,  4.859630626759321e-03, -3.041990683744729e-02, -3.599179202134337e-02,  0.000000000000000e+00,  0.000000000000000e+00,  0.000000000000000e+00,  0.000000000000000e+00,  0.000000000000000e+00,  0.000000000000000e+00,  0.000000000000000e+00,  0.000000000000000e+00,  0.000000000000000e+00,  0.000000000000000e+00,  0.000000000000000e+00,  0.000000000000000e+00,  0.000000000000000e+00,  0.000000000000000e+00,  0.000000000000000e+00,  0.000000000000000e+00,  0.000000000000000e+00,  0.000000000000000e+00,  0.000000000000000e+00,  0.000000000000000e+00,  0.000000000000000e+00,  0.000000000000000e+00,  0.000000000000000e+00,  0.000000000000000e+00,  0.000000000000000e+00,  0.000000000000000e+00,  0.000000000000000e+00,  0.000000000000000e+00,  0.000000000000000e+00,  0.000000000000000e+00,  0.000000000000000e+00,  0.000000000000000e+00,  0.000000000000000e+00,  2.146088955505103e-02, -5.379629613761828e-03,  6.526580709368910e-03,  2.383080373901468e-02, -9.924253104251816e-03,  1.012745282470374e-02,  2.501576083100570e-02, -1.066343885269582e-02,  1.254678877722070e-02,  2.356747994080341e-02, -9.924253104231886e-03,  1.237799789680397e-02,  2.159255145417605e-02, -6.447342361500421e-03,  9.846134690663432e-03,  1.619441359066360e-02, -3.294395743100746e-03,  4.838671905182783e-03, -4.211863537491708e-02,  2.612019324934681e-02
  1.650000000000000e+00,  3.692152318215269e-02,  8.840312833273110e-01, -3.190065380817654e-01, -6.259320649480569e-03,  1.213834245445770e-01,  1.218358189762490e-01,  0.000000000000000e+00,  6.938893903907228e-18,  0.000000000000000e+00,  5.856554249309111e-03, -3.459659729208461e-02, -6.697102059918641e-02,  9.077659086483066e-03, -3.753345473831472e-02, -6.859456049247208e-02,  1.010255608013057e-02, -3.667947491352955e-02, -6.575336567912021e-02,  9.126463705226859e-03, -3.528394690717143e-02, -6.047686102578544e-02,  8.101566711589396e-03, -3.390924767702634e-02, -5.073562166583680e-02,  6.491014293027594e-03, -3.026421183950952e-02, -3.571787765265026e-02,  0.000000000000000e+00,  0.000000000000000e+00,  0.000000000000000e+00,  0.000000000000000e+00,  0.000000000000000e+00,  0.000000000000000e+00,  0.000000000000000e+00,  0.000000000000000e+00,  0.000000000000000e+00,  0.000000000000000e+00,  0.000000000000000e+00,  0.000000000000000e+00,  0.000000000000000e+00,  0.000000000000000e+00,  0.000000000000000e+00,  0.000000000000000e+00,  0.000000000000000e+00,  0.000000000000000e+00,  0.000000000000000e+00,  0.000000000000000e+00,  0.000000000000000e+00,  0.000000000000000e+00,  0.000000000000000e+00,  0.000000000000000e+00,  0.000000000000000e+00,  0.000000000000000e+00,  0.000000000000000e+00,  0.000000000000000e+00,  0.000000000000000e+00,  0.000000000000000e+00,  0.000000000000000e+00,  0.000000000000000e+00,  0.000000000000000e+00,  2.090420883681449e-02, -5.240902034186094e-03,  6.772472020207705e-03,  2.321264907642968e-02, -9.668330724624788e-03,  1.050900830700098e-02,  2.436686919624759e-02, -1.038845466823949e-02,  1.301949362472194e-02,  2.295615571648080e-02, -9.668330724601279e-03,  1.284434348626567e-02,  2.103245551681147e-02, -6.281081063835031e-03,  1.021709140955859e-02,  1.577434163764431e-02, -3.209441279608277e-03,  5.020970635623517e-03, -4.110033192584290e-02,  2.721883310092396e-02
  1.660000000000000e+00,  5.103007574994066e-02,  8.854461900832898e-01, -3.176901566117254e-01, -1.458498643365080e-02,  1.202544075912490e-01,  1.211129460231394e-01,  0.000000000000000e+00, -6.830473686658678e-18,  0.000000000000000e+00,  7.227178449742249e-03, -3.430555457586156e-02, -6.658386191880762e-02,  1.120212659715524e-02, -3.721770580716886e-02, -6.819801614711161e-02,  1.246688282587667e-02, -3.637091005906400e-02, -6.537324624746631e-02,  1.126235308423041e-02, -3.498712188532955e-02, -6.012724500530337e-02,  9.997596855514594e-03, -3.362398726642556e-02, -5.044231963521799e-02,  8.010122781833294e-03, -3.000961517083453e-02, -3.551139302307969e-02,  0.000000000000000e+00,  0.000000000000000e+00,  0.000000000000000e+00,  0.000000000000000e+00,  0.000000000000000e+00,  0.000000000000000e+00,  0.000000000000000e+00,  0.000000000000000e+00,  0.000000000000000e+00,  0.000000000000000e+00,  0.000000000000000e+00,  0.000000000000000e+00,  0.000000000000000e+00,  0.000000000000000e+00,  0.000000000000000e+00,  0.000000000000000e+00,  0.000000000000000e+00,  0.000000000000000e+00,  0.000000000000000e+00,  0.000000000000000e+00,  0.000000000000000e+00,  0.000000000000000e+00,  0.000000000000000e+00,  0.000000000000000e+00,  0.000000000000000e+00,  0.000000000000000e+00,  0.000000000000000e+00,  0.000000000000000e+00,  0.000000000000000e+00,  0.000000000000000e+00,  0.000000000000000e+00,  0.000000000000000e+00,  0.000000000000000e+00,  2.035507177952239e-02, -5.125916394789664e-03,  7.015995901038312e-03,  2.260287111710207e-02, -9.456207089603619e-03,  1.088689019100937e-02,  2.372677078590315e-02, -1.016053147971139e-02,  1.348764729212061e-02,  2.235311563515805e-02, -9.456207089576384e-03,  1.330619912226312e-02,  2.047994952051953e-02, -6.143273847148369e-03,  1.058447657456159e-02,  1.535996214042935e-02, -3.139025985589603e-03,  5.201514202437653e-03, -4.025685264623179e-02,  2.830033829719089e-02
  1.670000000000000e+00,  6.509849432561890e-02,  8.871342713376197e-01, -3.163266187545630e-01, -2.231630202911283e-02,  1.187771579816718e-01,  1.208934662962827e-01,  2.602085213965211e-18, -1.409462824231156e-17,  0.000000000000000e+00,  8.475757207185654e-03, -3.390571220379488e-02, -6.631853483186594e-02,  1.313742367119147e-02, -3.678392136739547e-02, -6.792625688836314e-02,  1.462068118246271e-02, -3.594699529855340e-02, -6.511274328937057e-02,  1.320805498123904e-02, -3.457933562507742e-02, -5.988764660556458e-02,  1.172479746996796e-02, -3.323208878254724e-02, -5.024131426629806e-02,  9.393964237989254e-03, -2.965984336673437e-02, -3.536988524334722e-02,  0.000000000000000e+00,  0.000000000000000e+00,  0.000000000000000e+00,  0.000000000000000e+00,  0.000000000000000e+00,  0.000000000000000e+00,  0.000000000000000e+00,  0.000000000000000e+00,  0.000000000000000e+00,  0.000000000000000e+00,  0.000000000000000e+00,  0.000000000000000e+00,  0.000000000000000e+00,  0.000000000000000e+00,  0.000000000000000e+00,  0.000000000000000e+00,  0.000000000000000e+00,  0.000000000000000e+00,  0.000000000000000e+00,  0.000000000000000e+00,  0.000000000000000e+00,  0.000000000000000e+00,  0.000000000000000e+00,  0.000000000000000e+00,  0.000000000000000e+00,  0.000000000000000e+00,  0.000000000000000e+00,  0.000000000000000e+00,  0.000000000000000e+00,  0.000000000000000e+00,  0.000000000000000e+00,  0.000000000000000e+00,  0.000000000000000e+00,  1.982200912832851e-02, -5.044216563979111e-03,  7.261848064065905e-03,  2.201094265166323e-02, -9.305488572203285e-03,  1.126838492670658e-02,  2.310540941334223e-02, -9.998587031358169e-03,  1.396027688133531e-02,  2.176772781574684e-02, -9.305488572172999e-03,  1.377247046588168e-02,  1.994361654631351e-02, -6.045358782737196e-03,  1.095537423426271e-02,  1.495771240977807e-02, -3.088994367397391e-03,  5.383783909502292e-03, -3.966198153169600e-02,  2.938224037289188e-02
  1.680000000000000e+00,  7.907828886623075e-02,  8.890499055965879e-01, -3.149349933064960e-01, -2.937274573257102e-02,  1.171210473943553e-01,  1.210685049159402e-01,  0.000000000000000e+00, -6.288372600415926e-18,  0.000000000000000e+00,  9.594689464127960e-03, -3.340149596061190e-02, -6.615681277392974e-02,  1.487176866944909e-02, -3.623690290248566e-02, -6.776061429568823e-02,  1.655083932568185e-02, -3.541242286974890e-02, -6.495396163248371e-02,  1.495172441496503e-02, -3.406510184064001e-02, -5.974160668657021e-02,  1.327265375872671e-02, -3.273789008062068e-02, -5.011879755572494e-02,  1.063411415608831e-02, -2.921876798964633e-02, -3.528363347909488e-02,  0.000000000000000e+00,  0.000000000000000e+00,  0.000000000000000e+00,  0.000000000000000e+00,  0.000000000000000e+00,  0.000000000000000e+00,  0.000000000000000e+00,  0.000000000000000e+00,  0.000000000000000e+00,  0.000000000000000e+00,  0.000000000000000e+00,  0.000000000000000e+00,  0.000000000000000e+00,  0.000000000000000e+00,  0.000000000000000e+00,  0.000000000000000e+00,  0.000000000000000e+00,  0.000000000000000e+00,  0.000000000000000e+00,  0.000000000000000e+00,  0.000000000000000e+00,  0.000000000000000e+00,  0.000000000000000e+00,  0.000000000000000e+00,  0.000000000000000e+00,  0.000000000000000e+00,  0.000000000000000e+00,  0.000000000000000e+00,  0.000000000000000e+00,  0.000000000000000e+00,  0.000000000000000e+00,  0.000000000000000e+00,  0.000000000000000e+00,  1.930548542295532e-02, -5.002990474291161e-03,  7.514475639416133e-03,  2.143737951870118e-02, -9.229435353312439e-03,  1.166039323325963e-02,  2.250332656658588e-02, -9.916869158921518e-03,  1.444593161666794e-02,  2.120050239696101e-02, -9.229435353280196e-03,  1.425159172943797e-02,  1.942392398385238e-02, -5.995950415703802e-03,  1.133649342118581e-02,  1.456794298793418e-02, -3.063748195424048e-03,  5.571076767084160e-03, -3.937111061507892e-02,  3.048224219703754e-02
  1.690000000000000e+00,  9.292505347871882e-02,  8.911430693396117e-01, -3.135337528535477e-01, -3.574929663369518e-02,  1.154288592416646e-01,  1.215016522895096e-01,  0.000000000000000e+00,  5.637851296924623e-18,  0.000000000000000e+00,  1.058888970162078e-02, -3.279600276615323e-02, -6.607314027679013e-02,  1.641277903755811e-02, -3.558001022553516e-02, -6.767491337437603e-02,  1.826583473534856e-02, -3.477047614160810e-02, -6.487181045347457e-02,  1.650101978504821e-02, -3.344757898006624e-02, -5.966604788612254e-02,  1.464796408724704e-02, -3.214442655227705e-02, -5.005540930031410e-02,  1.173601941929768e-02, -2.868909814524622e-02, -3.523900814728372e-02,  0.000000000000000e+00,  0.000000000000000e+00,  0.000000000000000e+00,  0.000000000000000e+00,  0.000000000000000e+00,  0.000000000000000e+00,  0.000000000000000e+00,  0.000000000000000e+00,  0.000000000000000e+00,  0.000000000000000e+00,  0.000000000000000e+00,  0.000000000000000e+00,  0.000000000000000e+00,  0.000000000000000e+00,  0.000000000000000e+00,  0.000000000000000e+00,  0.000000000000000e+00,  0.000000000000000e+00,  0.000000000000000e+00,  0.000000000000000e+00,  0.000000000000000e+00,  0.000000000000000e+00,  0.000000000000000e+00,  0.000000000000000e+00,  0.000000000000000e+00,  0.000000000000000e+00,  0.000000000000000e+00,  0.000000000000000e+00,  0.000000000000000e+00,  0.000000000000000e+00,  0.000000000000000e+00,  0.000000000000000e+00,  0.000000000000000e+00,  1.879825588504367e-02, -5.006425040917640e-03,  7.777217499594958e-03,  2.087413690298361e-02, -9.235771385893472e-03,  1.206809611973369e-02,  2.191207741196451e-02, -9.923677116687577e-03,  1.495103019268580e-02,  2.064348345655422e-02, -9.235771385860812e-03,  1.474989525734765e-02,  1.891358260828364e-02, -6.000066652041914e-03,  1.173287122747876e-02,  1.418518695625756e-02, -3.065851466928681e-03,  5.765868146180199e-03, -3.941608282727670e-02,  3.161460882562581e-02
  1.700000000000000e+00,  1.066032471103619e-01,  8.933649452677275e-01, -3.121406135410085e-01, -4.149918794843260e-02,  1.137993503684347e-01,  1.220688286719542e-01,  0.000000000000000e+00,  6.505213034913027e-18,  0.000000000000000e+00,  1.147268350559244e-02, -3.208949926040414e-02, -6.604247331450247e-02,  1.778265943370781e-02, -3.481353261123049e-02, -6.764350297058085e-02,  1.979037904719003e-02, -3.402143780709595e-02, -6.484170107232590e-02,  1.787826512956149e-02, -3.272703898082480e-02, -5.963835468988529e-02,  1.587054551606484e-02, -3.145195954001877e-02, -5.003217675314087e-02,  1.271555755202300e-02, -2.807106708332279e-02, -3.522265243407973e-02,  0.000000000000000e+00,  0.000000000000000e+00,  0.000000000000000e+00,  0.000000000000000e+00,  0.000000000000000e+00,  0.000000000000000e+00,  0.000000000000000e+00,  0.000000000000000e+00,  0.000000000000000e+00,  0.000000000000000e+00,  0.000000000000000e+00,  0.000000000000000e+00,  0.000000000000000e+00,  0.000000000000000e+00,  0.000000000000000e+00,  0.000000000000000e+00,  0.000000000000000e+00,  0.000000000000000e+00,  0.000000000000000e+00,  0.000000000000000e+00,  0.000000000000000e+00,  0.000000000000000e+00,  0.000000000000000e+00,  0.000000000000000e+00,  0.000000000000000e+00,  0.000000000000000e+00,  0.000000000000000e+00,  0.000000000000000e+00,  0.000000000000000e+00,  0.000000000000000e+00,  0.000000000000000e+00,  0.000000000000000e+00,  0.000000000000000e+00,  1.828753632186660e-02, -5.055607068147625e-03,  8.051673686009132e-03,  2.030701886043972e-02, -9.326501588800384e-03,  1.249397640900557e-02,  2.131676012973585e-02, -1.002116515539813e-02,  1.547864855106395e-02,  2.008263191171619e-02, -9.326501588769236e-03,  1.527041561090489e-02,  1.839972979625048e-02, -6.059009997655954e-03,  1.214692150871636e-02,  1.379979734723027e-02, -3.095969722791205e-03,  5.969344284385542e-03, -3.980438453367995e-02,  3.278733498235889e-02
  1.710000000000000e+00,  1.200899256719356e-01,  8.956729662928630e-01, -3.107720916120344e-01, -4.670522915559303e-02,  1.122788893569878e-01,  1.226932575196551e-01,  0.000000000000000e+00,  4.336808689942018e-18,  0.000000000000000e+00,  1.226473850075064e-02, -3.127885595246886e-02, -6.604727427834046e-02,  1.901034467619568e-02, -3.393407491050809e-02, -6.764842032142522e-02,  2.115667391382798e-02, -3.316198996526843e-02, -6.484641474592399e-02,  1.911255083034203e-02, -3.190029017670385e-02, -5.964269010573533e-02,  1.696622159269350e-02, -3.065742172826563e-02, -5.003581384698703e-02,  1.359341850498315e-02, -2.736193720587960e-02, -3.522521294816092e-02,  0.000000000000000e+00,  0.000000000000000e+00,  0.000000000000000e+00,  0.000000000000000e+00,  0.000000000000000e+00,  0.000000000000000e+00,  0.000000000000000e+00,  0.000000000000000e+00,  0.000000000000000e+00,  0.000000000000000e+00,  0.000000000000000e+00,  0.000000000000000e+00,  0.000000000000000e+00,  0.000000000000000e+00,  0.000000000000000e+00,  0.000000000000000e+00,  0.000000000000000e+00,  0.000000000000000e+00,  0.000000000000000e+00,  0.000000000000000e+00,  0.000000000000000e+00,  0.000000000000000e+00,  0.000000000000000e+00,  0.000000000000000e+00,  0.000000000000000e+00,  0.000000000000000e+00,  0.000000000000000e+00,  0.000000000000000e+00,  0.000000000000000e+00,  0.000000000000000e+00,  0.000000000000000e+00,  0.000000000000000e+00,  0.000000000000000e+00,  1.775857959966030e-02, -5.148919273390752e-03,  8.337460262587481e-03,  1.971964973946652e-02, -9.498642425447856e-03,  1.293743833820560e-02,  2.070018480937745e-02, -1.020612751643199e-02,  1.602804860780318e-02,  1.950175305727073e-02, -9.498642425419817e-03,  1.581242463549149e-02,  1.786752794077611e-02, -6.170842182571105e-03,  1.257806505099726e-02,  1.340064595561961e-02, -3.153112566038879e-03,  6.181220539440866e-03, -4.052233152898395e-02,  3.400079071915418e-02
  1.720000000000000e+00,  1.333760488900670e-01,  8.980338043714495e-01, -3.094427747669127e-01, -5.144798569564720e-02,  1.108629312614070e-01,  1.233611960576000e-01,  0.000000000000000e+00,  6.071532165918823e-18,  0.000000000000000e+00,  1.298252150979523e-02, -3.035826618003737e-02, -6.608082215124224e-02,  2.012290834020734e-02, -3.293533754150008e-02, -6.768278147609944e-02,  2.239484960442065e-02, -3.218597636547688e-02, -6.487935265751535e-02,  2.023109601943111e-02, -3.096141054124188e-02, -5.967298485159520e-02,  1.795915475520172e-02, -2.975512181885989e-02, -5.006122890225577e-02,  1.438896134000430e-02, -2.655662899435205e-02, -3.524310514708880e-02,  0.000000000000000e+00,  0.000000000000000e+00,  0.000000000000000e+00,  0.000000000000000e+00,  0.000000000000000e+00,  0.000000000000000e+00,  0.000000000000000e+00,  0.000000000000000e+00,  0.000000000000000e+00,  0.000000000000000e+00,  0.000000000000000e+00,  0.000000000000000e+00,  0.000000000000000e+00,  0.000000000000000e+00,  0.000000000000000e+00,  0.000000000000000e+00,  0.000000000000000e+00,  0.000000000000000e+00,  0.000000000000000e+00,  0.000000000000000e+00,  0.000000000000000e+00,  0.000000000000000e+00,  0.000000000000000e+00,  0.000000000000000e+00,  0.000000000000000e+00,  0.000000000000000e+00,  0.000000000000000e+00,  0.000000000000000e+00,  0.000000000000000e+00,  0.000000000000000e+00,  0.000000000000000e+00,  0.000000000000000e+00,  0.000000000000000e+00,  1.719846678814931e-02, -5.282805081131619e-03,  8.632282294588192e-03,  1.909768397945089e-02, -9.745632783243202e-03,  1.339492080169595e-02,  2.004729257510748e-02, -1.047151439743105e-02,  1.659481854869489e-02,  1.888665984708713e-02, -9.745632783219700e-03,  1.637156986865949e-02,  1.730397885434443e-02, -6.331300746053834e-03,  1.302283966828448e-02,  1.297798414078962e-02, -3.235102008951402e-03,  6.399795494208606e-03, -4.154119787258147e-02,  3.524763597286263e-02
  1.730000000000000e+00,  1.464650009015390e-01,  9.004234637832863e-01, -3.081645277443124e-01, -5.577925564355341e-02,  1.095053668087149e-01,  1.241118724656776e-01,  0.000000000000000e+00, -3.469446951953614e-18,  0.000000000000000e+00,  1.363779858784753e-02, -2.932087547299661e-02, -6.614547374497202e-02,  2.113858781118166e-02, -3.180988416757574e-02, -6.774900038119773e-02,  2.352520256405323e-02, -3.108612986631909e-02, -6.494282876773878e-02,  2.125223613272620e-02, -2.990340942280059e-02, -5.973136719990207e-02,  1.886562137984027e-02, -2.873834152321419e-02, -5.011020738239794e-02,  1.511522676817891e-02, -2.564914633490886e-02, -3.527758599712999e-02,  0.000000000000000e+00,  0.000000000000000e+00,  0.000000000000000e+00,  0.000000000000000e+00,  0.000000000000000e+00,  0.000000000000000e+00,  0.000000000000000e+00,  0.000000000000000e+00,  0.000000000000000e+00,  0.000000000000000e+00,  0.000000000000000e+00,  0.000000000000000e+00,  0.000000000000000e+00,  0.000000000000000e+00,  0.000000000000000e+00,  0.000000000000000e+00,  0.000000000000000e+00,  0.000000000000000e+00,  0.000000000000000e+00,  0.000000000000000e+00,  0.000000000000000e+00,  0.000000000000000e+00,  0.000000000000000e+00,  0.000000000000000e+00,  0.000000000000000e+00,  0.000000000000000e+00,  0.000000000000000e+00,  0.000000000000000e+00,  0.000000000000000e+00,  0.000000000000000e+00,  0.000000000000000e+00,  0.000000000000000e+00,  0.000000000000000e+00,  1.659902747694807e-02, -5.452634970628491e-03,  8.932185644178126e-03,  1.843204891609860e-02, -1.005893219771305e-02,  1.386028806834953e-02,  1.934855963567791e-02, -1.080814921656764e-02,  1.717135688461805e-02,  1.822837986730564e-02, -1.005893219769465e-02,  1.694035208347326e-02,  1.670086200135345e-02, -6.534837331183764e-03,  1.347528006642527e-02,  1.252564650103954e-02, -3.339103009987940e-03,  6.622137632707780e-03, -4.282414919133250e-02,  3.651350674945647e-02
  1.740000000000000e+00,  1.593690598429910e-01,  9.028249128716415e-01, -3.069457947784568e-01, -5.970847295879644e-02,  1.081326379614413e-01,  1.250089287820392e-01, -1.734723475976807e-18,  3.469446951953614e-18,  2.775557561562891e-17,  1.423436485428575e-02, -2.816092116919174e-02, -6.624746968022081e-02,  2.206326552415545e-02, -3.055146294213497e-02, -6.785346894518465e-02,  2.455427937365354e-02, -2.985634086631761e-02, -6.504297023145229e-02,  2.218188523125807e-02, -2.872040966924904e-02, -5.982347262024548e-02,  1.969087138174824e-02, -2.760143266915089e-02, -5.018747703035507e-02,  1.577642104681689e-02, -2.463444819918754e-02, -3.533198382931190e-02,  0.000000000000000e+00,  0.000000000000000e+00,  0.000000000000000e+00,  0.000000000000000e+00,  0.000000000000000e+00,  0.000000000000000e+00,  0.000000000000000e+00,  0.000000000000000e+00,  0.000000000000000e+00,  0.000000000000000e+00,  0.000000000000000e+00,  0.000000000000000e+00,  0.000000000000000e+00,  0.000000000000000e+00,  0.000000000000000e+00,  0.000000000000000e+00,  0.000000000000000e+00,  0.000000000000000e+00,  0.000000000000000e+00,  0.000000000000000e+00,  0.000000000000000e+00,  0.000000000000000e+00,  0.000000000000000e+00,  0.000000000000000e+00,  0.000000000000000e+00,  0.000000000000000e+00,  0.000000000000000e+00,  0.000000000000000e+00,  0.000000000000000e+00,  0.000000000000000e+00,  0.000000000000000e+00,  0.000000000000000e+00,  0.000000000000000e+00,  1.595827983012400e-02, -5.653329475106125e-03,  9.232013116806543e-03,  1.772054386042863e-02, -1.042917015126939e-02,  1.432553759488964e-02,  1.860167587558344e-02, -1.120596351425345e-02,  1.774774935362359e-02,  1.752473674595069e-02, -1.042917015125572e-02,  1.750899039370447e-02,  1.605618338736848e-02, -6.775364332740827e-03,  1.392760599501166e-02,  1.204213754054403e-02, -3.462004988136871e-03,  6.844423517597888e-03, -4.433130776996579e-02,  3.777866793064744e-02
  1.750000000000000e+00,  1.721049853799355e-01,  9.052246386368571e-01, -3.057910927596830e-01, -6.320591351433624e-02,  1.066593723512340e-01,  1.261084321975157e-01,  8.673617379884035e-19,  1.561251128379126e-17,  0.000000000000000e+00,  1.476850609543275e-02, -2.687615905658446e-02, -6.639146322037168e-02,  2.289118444792933e-02, -2.915763914507353e-02, -6.800095323782782e-02,  2.547567301462841e-02, -2.849423004133064e-02, -6.518434570724875e-02,  2.301425533204581e-02, -2.741012248155487e-02, -5.995350315046537e-02,  2.042976676533785e-02, -2.634219563162596e-02, -5.029656304565589e-02,  1.636842758909165e-02, -2.351057140832512e-02, -3.540878038410081e-02,  0.000000000000000e+00,  0.000000000000000e+00,  0.000000000000000e+00,  0.000000000000000e+00,  0.000000000000000e+00,  0.000000000000000e+00,  0.000000000000000e+00,  0.000000000000000e+00,  0.000000000000000e+00,  0.000000000000000e+00,  0.000000000000000e+00,  0.000000000000000e+00,  0.000000000000000e+00,  0.000000000000000e+00,  0.000000000000000e+00,  0.000000000000000e+00,  0.000000000000000e+00,  0.000000000000000e+00,  0.000000000000000e+00,  0.000000000000000e+00,  0.000000000000000e+00,  0.000000000000000e+00,  0.000000000000000e+00,  0.000000000000000e+00,  0.000000000000000e+00,  0.000000000000000e+00,  0.000000000000000e+00,  0.000000000000000e+00,  0.000000000000000e+00,  0.000000000000000e+00,  0.000000000000000e+00,  0.000000000000000e+00,  0.000000000000000e+00,  1.528016932353396e-02, -5.879608581782083e-03,  9.526107232453729e-03,  1.696754998501756e-02, -1.084660616231560e-02,  1.478189053300493e-02,  1.781124031576071e-02, -1.165449131095205e-02,  1.831311993807884e-02,  1.678006324485243e-02, -1.084660616230601e-02,  1.806675509585883e-02,  1.537391269361950e-02, -7.046553796473119e-03,  1.437128246262902e-02,  1.153043452022706e-02, -3.600574551346724e-03,  7.062458810241620e-03, -4.602190314859766e-02,  3.902085281628215e-02
  1.760000000000000e+00,  1.846899021859978e-01,  9.076095292882639e-01, -3.047008262082964e-01, -6.621866258860377e-02,  1.050027330822496e-01,  1.274363490753172e-01,  0.000000000000000e+00,  5.204170427930421e-18,  0.000000000000000e+00,  1.523154605828444e-02, -2.547011871301244e-02, -6.657719678284960e-02,  2.360889639034675e-02, -2.763224197522569e-02, -6.819118943212628e-02,  2.627441695054537e-02, -2.700353946635671e-02, -6.536670229587248e-02,  2.373582594082405e-02, -2.597614756161902e-02, -6.012122618569040e-02,  2.107030538061913e-02, -2.496408986441435e-02, -5.043727028998403e-02,  1.688163021458923e-02, -2.228060354606548e-02, -3.550783828412099e-02,  0.000000000000000e+00,  0.000000000000000e+00,  0.000000000000000e+00,  0.000000000000000e+00,  0.000000000000000e+00,  0.000000000000000e+00,  0.000000000000000e+00,  0.000000000000000e+00,  0.000000000000000e+00,  0.000000000000000e+00,  0.000000000000000e+00,  0.000000000000000e+00,  0.000000000000000e+00,  0.000000000000000e+00,  0.000000000000000e+00,  0.000000000000000e+00,  0.000000000000000e+00,  0.000000000000000e+00,  0.000000000000000e+00,  0.000000000000000e+00,  0.000000000000000e+00,  0.000000000000000e+00,  0.000000000000000e+00,  0.000000000000000e+00,  0.000000000000000e+00,  0.000000000000000e+00,  0.000000000000000e+00,  0.000000000000000e+00,  0.000000000000000e+00,  0.000000000000000e+00,  0.000000000000000e+00,  0.000000000000000e+00,  0.000000000000000e+00,  1.457286619127261e-02, -6.126006826366518e-03,  9.809122684440804e-03,  1.618213975839964e-02, -1.130115763133451e-02,  1.522105244129510e-02,  1.698677654196389e-02, -1.214289902732035e-02,  1.885719274669247e-02,  1.600333158427391e-02, -1.130115763132817e-02,  1.860350853933510e-02,  1.466227027833693e-02, -7.341855509453041e-03,  1.479824542902609e-02,  1.099670270876085e-02, -3.751464740144819e-03,  7.272280610860297e-03, -4.785449039274011e-02,  4.021869387934651e-02
  1.770000000000000e+00,  1.971385593142786e-01,  9.099648845016303e-01, -3.036716570002000e-01, -6.868985559115100e-02,  1.030921919649947e-01,  1.289803918601346e-01, -8.673617379884034e-19, -1.214306433183765e-17,  0.000000000000000e+00,  1.561308941806190e-02, -2.395265540959267e-02, -6.679881506659262e-02,  2.420028859768308e-02, -2.598596330407145e-02, -6.841818028028113e-02,  2.693257924561749e-02, -2.539471774610238e-02, -6.558429115601266e-02,  2.433039767585587e-02, -2.442853598064869e-02, -6.032135421091796e-02,  2.159810702760069e-02, -2.347677483856045e-02, -5.060516292802614e-02,  1.730450743761076e-02, -2.095316574966334e-02, -3.562603470065613e-02,  0.000000000000000e+00,  0.000000000000000e+00,  0.000000000000000e+00,  0.000000000000000e+00,  0.000000000000000e+00,  0.000000000000000e+00,  0.000000000000000e+00,  0.000000000000000e+00,  0.000000000000000e+00,  0.000000000000000e+00,  0.000000000000000e+00,  0.000000000000000e+00,  0.000000000000000e+00,  0.000000000000000e+00,  0.000000000000000e+00,  0.000000000000000e+00,  0.000000000000000e+00,  0.000000000000000e+00,  0.000000000000000e+00,  0.000000000000000e+00,  0.000000000000000e+00,  0.000000000000000e+00,  0.000000000000000e+00,  0.000000000000000e+00,  0.000000000000000e+00,  0.000000000000000e+00,  0.000000000000000e+00,  0.000000000000000e+00,  0.000000000000000e+00,  0.000000000000000e+00,  0.000000000000000e+00,  0.000000000000000e+00,  0.000000000000000e+00,  1.384653031463054e-02, -6.387077675901054e-03,  1.007676940414675e-02,  1.537559501175176e-02, -1.178277688299708e-02,  1.563636631444451e-02,  1.614012736028782e-02, -1.266039060937077e-02,  1.937172048882379e-02,  1.520569893420447e-02, -1.178277688282202e-02,  1.911111438347837e-02,  1.393147835331590e-02, -7.654741947224927e-03,  1.520202280537831e-02,  1.044860876521644e-02, -3.911340188161511e-03,  7.470708350866144e-03, -4.978844036340400e-02,  4.135488915511755e-02
  1.780000000000000e+00,  2.094626648716435e-01,  9.122737757512133e-01, -3.026975087619980e-01, -7.057405607061069e-02,  1.008706846470956e-01,  1.306948398015073e-01,  0.000000000000000e+00,  0.000000000000000e+00,  0.000000000000000e+00,  1.590386485048783e-02, -2.233981035866978e-02, -6.704617373688208e-02,  2.465099051795488e-02, -2.423620606038058e-02, -6.867153552441803e-02,  2.743416686659364e-02, -2.368477184923644e-02, -6.582715239602877e-02,  2.478352272479822e-02, -2.278364765054861e-02, -6.054472658613230e-02,  2.200034637589706e-02, -2.189597306676920e-02, -5.079255586042787e-02,  1.762678354199676e-02, -1.954229045825273e-02, -3.575795932526445e-02,  0.000000000000000e+00,  0.000000000000000e+00,  0.000000000000000e+00,  0.000000000000000e+00,  0.000000000000000e+00,  0.000000000000000e+00,  0.000000000000000e+00,  0.000000000000000e+00,  0.000000000000000e+00,  0.000000000000000e+00,  0.000000000000000e+00,  0.000000000000000e+00,  0.000000000000000e+00,  0.000000000000000e+00,  0.000000000000000e+00,  0.000000000000000e+00,  0.000000000000000e+00,  0.000000000000000e+00,  0.000000000000000e+00,  0.000000000000000e+00,  0.000000000000000e+00,  0.000000000000000e+00,  0.000000000000000e+00,  0.000000000000000e+00,  0.000000000000000e+00,  0.000000000000000e+00,  0.000000000000000e+00,  0.000000000000000e+00,  0.000000000000000e+00,  0.000000000000000e+00,  0.000000000000000e+00,  0.000000000000000e+00,  0.000000000000000e+00,  1.311065641963815e-02, -6.657129439900683e-03,  1.032617196028357e-02,  1.455845896889937e-02, -1.228096397945870e-02,  1.602337028150572e-02,  1.528236024350309e-02, -1.319568405511322e-02,  1.985117540377277e-02,  1.439759201890038e-02, -1.228096397933709e-02,  1.958411923233727e-02,  1.319108989454711e-02, -7.978391771332230e-03,  1.557827666233836e-02,  9.893317421079061e-03, -4.076715399069667e-03,  7.655610246074456e-03, -5.178169447234848e-02,  4.241790766713494e-02
  1.790000000000000e+00,  2.216718134462659e-01,  9.145174506894478e-01, -3.017706935010608e-01, -7.184563583280253e-02,  9.828934284150699e-02,  1.325127721009034e-01,  0.000000000000000e+00,  5.204170427930421e-18,  0.000000000000000e+00,  1.609742505846382e-02, -2.064845815870239e-02, -6.730682177570653e-02,  2.495100884033617e-02, -2.240127730400141e-02, -6.893850230359132e-02,  2.776805822539699e-02, -2.189159230429074e-02, -6.608306137966583e-02,  2.508515404896439e-02, -2.105869242672788e-02, -6.078009966377306e-02,  2.226810466368827e-02, -2.023822389062523e-02, -5.099001649615641e-02,  1.784131277260008e-02, -1.806273913580798e-02, -3.589697161295790e-02,  0.000000000000000e+00,  0.000000000000000e+00,  0.000000000000000e+00,  0.000000000000000e+00,  0.000000000000000e+00,  0.000000000000000e+00,  0.000000000000000e+00,  0.000000000000000e+00,  0.000000000000000e+00,  0.000000000000000e+00,  0.000000000000000e+00,  0.000000000000000e+00,  0.000000000000000e+00,  0.000000000000000e+00,  0.000000000000000e+00,  0.000000000000000e+00,  0.000000000000000e+00,  0.000000000000000e+00,  0.000000000000000e+00,  0.000000000000000e+00,  0.000000000000000e+00,  0.000000000000000e+00,  0.000000000000000e+00,  0.000000000000000e+00,  0.000000000000000e+00,  0.000000000000000e+00,  0.000000000000000e+00,  0.000000000000000e+00,  0.000000000000000e+00,  0.000000000000000e+00,  0.000000000000000e+00,  0.000000000000000e+00,  0.000000000000000e+00,  1.237342772581406e-02, -6.931470301279481e-03,  1.055611297288145e-02,  1.373981851751344e-02, -1.278706353290712e-02,  1.638017530152210e-02,  1.442301391333674e-02, -1.373947929945778e-02,  2.029321717871799e-02,  1.358799731836439e-02, -1.278706353282296e-02,  2.002021425696923e-02,  1.244933832530261e-02, -8.307181964029688e-03,  1.592517043186756e-02,  9.337003744101954e-03, -4.244717181895567e-03,  7.826083755516144e-03, -5.380002916567922e-02,  4.340287553648670e-02
  1.800000000000000e+00,  2.337745896956739e-01,  9.166763796352048e-01, -3.008831938174134e-01, -7.250282988447491e-02,  9.530860825919234e-02,  1.343619067866163e-01,  0.000000000000000e+00,  0.000000000000000e+00,  0.000000000000000e+00,  1.619112902085997e-02, -1.889633125402312e-02, -6.756875802062237e-02,  2.509624998207231e-02, -2.050041476201825e-02, -6.920678851808869e-02,  2.792969756057484e-02, -2.003397913201690e-02, -6.634023514744232e-02,  2.523117605709248e-02, -1.927175505373628e-02, -6.101663603049896e-02,  2.239772847841145e-02, -1.852090745424077e-02, -5.118845304550796e-02,  1.794516799766836e-02, -1.653002366770672e-02, -3.603667094379781e-02,  0.000000000000000e+00,  0.000000000000000e+00,  0.000000000000000e+00,  0.000000000000000e+00,  0.000000000000000e+00,  0.000000000000000e+00,  0.000000000000000e+00,  0.000000000000000e+00,  0.000000000000000e+00,  0.000000000000000e+00,  0.000000000000000e+00,  0.000000000000000e+00,  0.000000000000000e+00,  0.000000000000000e+00,  0.000000000000000e+00,  0.000000000000000e+00,  0.000000000000000e+00,  0.000000000000000e+00,  0.000000000000000e+00,  0.000000000000000e+00,  0.000000000000000e+00,  0.000000000000000e+00,  0.000000000000000e+00,  0.000000000000000e+00,  0.000000000000000e+00,  0.000000000000000e+00,  0.000000000000000e+00,  0.000000000000000e+00,  0.000000000000000e+00,  0.000000000000000e+00,  0.000000000000000e+00,  0.000000000000000e+00,  0.000000000000000e+00,  1.164045467566650e-02, -7.205954119616254e-03,  1.076685086556592e-02,  1.292590365817375e-02, -1.329342681101638e-02,  1.670718237670761e-02,  1.356862814940314e-02, -1.428355791139747e-02,  2.069834261085692e-02,  1.278307599338899e-02, -1.329342681095776e-02,  2.041988957120320e-02,  1.171186850798050e-02, -8.636143486803933e-03,  1.624309397723470e-02,  8.783901381079649e-03, -4.412806509175386e-03,  7.982320469128879e-03, -5.581335835863492e-02,  4.431102896746050e-02
  1.810000000000000e+00,  2.457789993118092e-01,  9.187314551451990e-01, -3.000278207110771e-01, -7.256816055332160e-02,  9.190844775746633e-02,  1.361792620837548e-01,  8.673617379884034e-19,  1.301042606982605e-17,  0.000000000000000e+00,  1.618645605579686e-02, -1.710208399118132e-02, -6.782309791731655e-02,  2.508900688624684e-02, -1.855385632273987e-02, -6.946729423046422e-02,  2.792163669588194e-02, -1.813170975822560e-02, -6.658995068240355e-02,  2.522389401991981e-02, -1.744186049427792e-02, -6.124631266455164e-02,  2.239126421013439e-02, -1.676230748800626e-02, -5.138113478554180e-02,  1.793998879478637e-02, -1.496046239563020e-02, -3.617231888884601e-02,  0.000000000000000e+00,  0.000000000000000e+00,  0.000000000000000e+00,  0.000000000000000e+00,  0.000000000000000e+00,  0.000000000000000e+00,  0.000000000000000e+00,  0.000000000000000e+00,  0.000000000000000e+00,  0.000000000000000e+00,  0.000000000000000e+00,  0.000000000000000e+00,  0.000000000000000e+00,  0.000000000000000e+00,  0.000000000000000e+00,  0.000000000000000e+00,  0.000000000000000e+00,  0.000000000000000e+00,  0.000000000000000e+00,  0.000000000000000e+00,  0.000000000000000e+00,  0.000000000000000e+00,  0.000000000000000e+00,  0.000000000000000e+00,  0.000000000000000e+00,  0.000000000000000e+00,  0.000000000000000e+00,  0.000000000000000e+00,  0.000000000000000e+00,  0.000000000000000e+00,  0.000000000000000e+00,  0.000000000000000e+00,  0.000000000000000e+00,  1.091489874075650e-02, -7.477088170656351e-03,  1.096008746046630e-02,  1.212022498200366e-02, -1.379361049296352e-02,  1.700703226557347e-02,  1.272288810260541e-02, -1.482099665380122e-02,  2.106982330657952e-02,  1.198629984403381e-02, -1.379361049292174e-02,  2.078637276878853e-02,  1.098186130967111e-02, -8.961090402958363e-03,  1.653461470255391e-02,  8.236395982326374e-03, -4.578844494642933e-03,  8.125582082637542e-03, -5.779645143148876e-02,  4.514961267978918e-02
  1.820000000000000e+00,  2.576925567725624e-01,  9.206651294703886e-01, -2.991989825750608e-01, -7.208511965714626e-02,  8.809516596131647e-02,  1.379227006484701e-01,  0.000000000000000e+00, -8.673617379884035e-19,  0.000000000000000e+00,  1.608858815379196e-02, -1.528573248780766e-02, -6.806631130797525e-02,  2.493731163815963e-02, -1.658331724442643e-02, -6.971640370332217e-02,  2.775281456495876e-02, -1.620600536482330e-02, -6.682874201142869e-02,  2.507138320600296e-02, -1.558942253719352e-02, -6.146594172646262e-02,  2.225588027907455e-02, -1.498204243833956e-02, -5.156538735429634e-02,  1.783151853677965e-02, -1.337156490351270e-02, -3.630203269729165e-02,  0.000000000000000e+00,  0.000000000000000e+00,  0.000000000000000e+00,  0.000000000000000e+00,  0.000000000000000e+00,  0.000000000000000e+00,  0.000000000000000e+00,  0.000000000000000e+00,  0.000000000000000e+00,  0.000000000000000e+00,  0.000000000000000e+00,  0.000000000000000e+00,  0.000000000000000e+00,  0.000000000000000e+00,  0.000000000000000e+00,  0.000000000000000e+00,  0.000000000000000e+00,  0.000000000000000e+00,  0.000000000000000e+00,  0.000000000000000e+00,  0.000000000000000e+00,  0.000000000000000e+00,  0.000000000000000e+00,  0.000000000000000e+00,  0.000000000000000e+00,  0.000000000000000e+00,  0.000000000000000e+00,  0.000000000000000e+00,  0.000000000000000e+00,  0.000000000000000e+00,  0.000000000000000e+00,  0.000000000000000e+00,  0.000000000000000e+00,  1.019813287433899e-02, -7.741800118299329e-03,  1.113890816299623e-02,  1.132430705673044e-02, -1.428194678314510e-02,  1.728451266620590e-02,  1.188739414790662e-02, -1.534570557801538e-02,  2.141359069185712e-02,  1.119917659197358e-02, -1.428194678311455e-02,  2.112551548072940e-02,  1.026069810665437e-02, -9.278340599765967e-03,  1.680438731430254e-02,  7.695523580049569e-03, -4.740949690748193e-03,  8.258156051786470e-03, -5.972715801810910e-02,  4.593165971964159e-02
  1.830000000000000e+00,  2.695222239899463e-01,  9.224621337371351e-01, -2.983928009950750e-01, -7.111175949693882e-02,  8.389601105584904e-02,  1.395744919664208e-01,  0.000000000000000e+00, -6.938893903907228e-18,  0.000000000000000e+00,  1.590535605902357e-02, -1.346827167290774e-02, -6.830082046575207e-02,  2.465330190534241e-02, -1.461157468711300e-02, -6.995659793039823e-02,  2.743673922067306e-02, -1.427912487556566e-02, -6.705898736138587e-02,  2.478584653936021e-02, -1.373585323198346e-02, -6.167771059149455e-02,  2.200240922625018e-02, -1.320069012011121e-02, -5.174304578966075e-02,  1.762843630873340e-02, -1.178169701775043e-02, -3.642710422615005e-02,  0.000000000000000e+00,  0.000000000000000e+00,  0.000000000000000e+00,  0.000000000000000e+00,  0.000000000000000e+00,  0.000000000000000e+00,  0.000000000000000e+00,  0.000000000000000e+00,  0.000000000000000e+00,  0.000000000000000e+00,  0.000000000000000e+00,  0.000000000000000e+00,  0.000000000000000e+00,  0.000000000000000e+00,  0.000000000000000e+00,  0.000000000000000e+00,  0.000000000000000e+00,  0.000000000000000e+00,  0.000000000000000e+00,  0.000000000000000e+00,  0.000000000000000e+00,  0.000000000000000e+00,  0.000000000000000e+00,  0.000000000000000e+00,  0.000000000000000e+00,  0.000000000000000e+00,  0.000000000000000e+00,  0.000000000000000e+00,  0.000000000000000e+00,  0.000000000000000e+00,  0.000000000000000e+00,  0.000000000000000e+00,  0.000000000000000e+00,  9.490457421496214e-03, -7.996944515958336e-03,  1.130750567082581e-02,  1.053848339393659e-02, -1.475263301158207e-02,  1.754612946485022e-02,  1.106249638120649e-02, -1.585144981455204e-02,  2.173770483026836e-02,  1.042203606547180e-02, -1.475263301039905e-02,  2.144526933870120e-02,  9.548681088836174e-03, -9.584124341456477e-03,  1.705873697518153e-02,  7.161510817102711e-03, -4.897195877002637e-03,  8.383150748227600e-03, -6.158266873222007e-02,  4.667486315179570e-02
  1.840000000000000e+00,  2.812743142980906e-01,  9.241101196965102e-01, -2.976068352165037e-01, -6.971260832522029e-02,  7.935003264876914e-02,  1.411410458465844e-01,  0.000000000000000e+00,  6.938893903907227e-18,  0.000000000000000e+00,  1.564564288887131e-02, -1.166636222539025e-02, -6.853463975938054e-02,  2.425074648966919e-02, -1.265670363071654e-02, -7.019608557086869e-02,  2.698873399960760e-02, -1.236873201726320e-02, -6.728855539620458e-02,  2.438112684743477e-02, -1.189814425847399e-02, -6.188885650124685e-02,  2.164313933955092e-02, -1.143458019735284e-02, -5.192018162151869e-02,  1.734058754400730e-02, -1.020543306332238e-02, -3.655180785349738e-02,  0.000000000000000e+00,  0.000000000000000e+00,  0.000000000000000e+00,  0.000000000000000e+00,  0.000000000000000e+00,  0.000000000000000e+00,  0.000000000000000e+00,  0.000000000000000e+00,  0.000000000000000e+00,  0.000000000000000e+00,  0.000000000000000e+00,  0.000000000000000e+00,  0.000000000000000e+00,  0.000000000000000e+00,  0.000000000000000e+00,  0.000000000000000e+00,  0.000000000000000e+00,  0.000000000000000e+00,  0.000000000000000e+00,  0.000000000000000e+00,  0.000000000000000e+00,  0.000000000000000e+00,  0.000000000000000e+00,  0.000000000000000e+00,  0.000000000000000e+00,  0.000000000000000e+00,  0.000000000000000e+00,  0.000000000000000e+00,  0.000000000000000e+00,  0.000000000000000e+00,  0.000000000000000e+00,  0.000000000000000e+00,  0.000000000000000e+00,  8.793683398918485e-03, -8.240330737796826e-03,  1.147108534713023e-02,  9.764765000943273e-03, -1.520162795036450e-02,  1.779996000177542e-02,  1.025030580283185e-02, -1.633388713515344e-02,  2.205217266346086e-02,  9.656867046684102e-03, -1.520162794949505e-02,  2.175550666306432e-02,  8.847632378612696e-03, -9.875816226154419e-03,  1.730551666464302e-02,  6.635724284230805e-03, -5.046241553438948e-03,  8.504425337189536e-03, -6.334753727680356e-02,  4.740084451419765e-02
  1.850000000000000e+00,  2.929544079405735e-01,  9.255993994346406e-01, -2.968397874074999e-01, -6.795342069753729e-02,  7.449466661604942e-02,  1.426401064841837e-01,  0.000000000000000e+00, -8.673617379884034e-19,  0.000000000000000e+00,  1.531871802857462e-02, -9.894857016641610e-03, -6.877818077170451e-02,  2.374401295457528e-02, -1.073481778702344e-02, -7.044553060798764e-02,  2.642478861342324e-02, -1.049057387573863e-02, -6.752766839094752e-02,  2.387166893859843e-02, -1.009144358155522e-02, -6.210878141708893e-02,  2.119089328163198e-02, -9.698270455767020e-03, -5.210468239104590e-02,  1.697824582282706e-02, -8.655765953647854e-03, -3.668169639660607e-02,  0.000000000000000e+00,  0.000000000000000e+00,  0.000000000000000e+00,  0.000000000000000e+00,  0.000000000000000e+00,  0.000000000000000e+00,  0.000000000000000e+00,  0.000000000000000e+00,  0.000000000000000e+00,  0.000000000000000e+00,  0.000000000000000e+00,  0.000000000000000e+00,  0.000000000000000e+00,  0.000000000000000e+00,  0.000000000000000e+00,  0.000000000000000e+00,  0.000000000000000e+00,  0.000000000000000e+00,  0.000000000000000e+00,  0.000000000000000e+00,  0.000000000000000e+00,  0.000000000000000e+00,  0.000000000000000e+00,  0.000000000000000e+00,  0.000000000000000e+00,  0.000000000000000e+00,  0.000000000000000e+00,  0.000000000000000e+00,  0.000000000000000e+00,  0.000000000000000e+00,  0.000000000000000e+00,  0.000000000000000e+00,  0.000000000000000e+00,  8.109570014165221e-03, -8.469458791969591e-03,  1.163479896406657e-02,  9.005105352955662e-03, -1.562431965357042e-02,  1.805399837673942e-02,  9.452873023089873e-03, -1.678806208258990e-02,  2.236689798465626e-02,  8.905601427708687e-03, -1.562431965293769e-02,  2.206599801145375e-02,  8.159321978913633e-03, -1.015042007772969e-02,  1.755249841877918e-02,  6.119491484321961e-03, -5.186555764963878e-03,  8.625799226780192e-03, -6.500381588111509e-02,  4.813096576901433e-02
  1.860000000000000e+00,  3.045679226352810e-01,  9.269232763076476e-01, -2.960911901600099e-01, -6.589104082734007e-02,  6.936273851845280e-02,  1.441000573131352e-01,  0.000000000000000e+00, -3.469446951953614e-18,  0.000000000000000e+00,  1.493236236609819e-02, -8.161979834945477e-03, -6.904343345942310e-02,  2.314516166728283e-02, -8.854839050295731e-03, -7.071721366449885e-02,  2.575832508126649e-02, -8.653369349360592e-03, -6.778809830559068e-02,  2.326959802026577e-02, -8.324138374673707e-03, -6.234831263904030e-02,  2.065643460619302e-02, -7.999821295136130e-03, -5.230563140852932e-02,  1.655003495551610e-02, -7.139889644863975e-03, -3.682316451153680e-02,  0.000000000000000e+00,  0.000000000000000e+00,  0.000000000000000e+00,  0.000000000000000e+00,  0.000000000000000e+00,  0.000000000000000e+00,  0.000000000000000e+00,  0.000000000000000e+00,  0.000000000000000e+00,  0.000000000000000e+00,  0.000000000000000e+00,  0.000000000000000e+00,  0.000000000000000e+00,  0.000000000000000e+00,  0.000000000000000e+00,  0.000000000000000e+00,  0.000000000000000e+00,  0.000000000000000e+00,  0.000000000000000e+00,  0.000000000000000e+00,  0.000000000000000e+00,  0.000000000000000e+00,  0.000000000000000e+00,  0.000000000000000e+00,  0.000000000000000e+00,  0.000000000000000e+00,  0.000000000000000e+00,  0.000000000000000e+00,  0.000000000000000e+00,  0.000000000000000e+00,  0.000000000000000e+00,  0.000000000000000e+00,  0.000000000000000e+00,  7.442304734479541e-03, -8.683028386209782e-03,  1.180349306406606e-02,  8.264154337031341e-03, -1.601830936389072e-02,  1.831576509916965e-02,  8.675079138293141e-03, -1.721139723374885e-02,  2.269119787278397e-02,  8.172837714493592e-03, -1.601830936387853e-02,  2.238593512112159e-02,  7.487963045703266e-03, -1.040637753155701e-02,  1.780699384639148e-02,  5.615972284310933e-03, -5.317342234807268e-03,  8.750865547461345e-03, -6.654275420729663e-02,  4.888488888670835e-02
  1.870000000000000e+00,  3.161203685321891e-01,  9.280774200184779e-01, -2.953610111150966e-01, -6.356773984188818e-02,  6.397928355607198e-02,  1.455510618297897e-01,  0.000000000000000e+00, -1.734723475976807e-18,  0.000000000000000e+00,  1.449213083409417e-02, -6.473216765306798e-03, -6.934168210429657e-02,  2.246280279268324e-02, -7.022719211953286e-03, -7.102269257954923e-02,  2.499892568857011e-02, -6.862934812556617e-03, -6.808092424782863e-02,  2.258357054957046e-02, -6.601823720870995e-03, -6.261764020320167e-02,  2.004744765359936e-02, -6.344609809662759e-03, -5.253157735162272e-02,  1.606211167422376e-02, -5.662603226931382e-03, -3.698223045548054e-02,  0.000000000000000e+00,  0.000000000000000e+00,  0.000000000000000e+00,  0.000000000000000e+00,  0.000000000000000e+00,  0.000000000000000e+00,  0.000000000000000e+00,  0.000000000000000e+00,  0.000000000000000e+00,  0.000000000000000e+00,  0.000000000000000e+00,  0.000000000000000e+00,  0.000000000000000e+00,  0.000000000000000e+00,  0.000000000000000e+00,  0.000000000000000e+00,  0.000000000000000e+00,  0.000000000000000e+00,  0.000000000000000e+00,  0.000000000000000e+00,  0.000000000000000e+00,  0.000000000000000e+00,  0.000000000000000e+00,  0.000000000000000e+00,  0.000000000000000e+00,  0.000000000000000e+00,  0.000000000000000e+00,  0.000000000000000e+00,  0.000000000000000e+00,  0.000000000000000e+00,  0.000000000000000e+00,  0.000000000000000e+00,  0.000000000000000e+00,  6.796683087190209e-03, -8.879807054590912e-03,  1.198091058080210e-02,  7.547237047713120e-03, -1.638132344678021e-02,  1.859106814241302e-02,  7.922514027961132e-03, -1.760144960695086e-02,  2.303226775414750e-02,  7.463842163180772e-03, -1.638132344676998e-02,  2.272241661843354e-02,  6.838380529414303e-03, -1.064221150816807e-02,  1.807464958288434e-02,  5.128785397090984e-03, -5.437846220025470e-03,  8.882399223668727e-03, -6.795599741206400e-02,  4.967752016343439e-02
  1.880000000000000e+00,  3.276171692528196e-01,  9.290594831031850e-01, -2.946494202461969e-01, -6.100923970936679e-02,  5.836871064086345e-02,  1.470217867806625e-01,  0.000000000000000e+00,  8.673617379884035e-19,  0.000000000000000e+00,  1.400098186054754e-02, -4.829207213136455e-03, -6.968275251782952e-02,  2.170152188369249e-02, -5.239151955475978e-03, -7.137203136674181e-02,  2.415169370921254e-02, -5.119948165133764e-03, -6.841579338111399e-02,  2.181819673247099e-02, -4.925151727267947e-03, -6.292563712209120e-02,  1.936802490687149e-02, -4.733262698926757e-03, -5.278996402854797e-02,  1.551775489522147e-02, -4.224466032889070e-03, -3.716413467604120e-02,  0.000000000000000e+00,  0.000000000000000e+00,  0.000000000000000e+00,  0.000000000000000e+00,  0.000000000000000e+00,  0.000000000000000e+00,  0.000000000000000e+00,  0.000000000000000e+00,  0.000000000000000e+00,  0.000000000000000e+00,  0.000000000000000e+00,  0.000000000000000e+00,  0.000000000000000e+00,  0.000000000000000e+00,  0.000000000000000e+00,  0.000000000000000e+00,  0.000000000000000e+00,  0.000000000000000e+00,  0.000000000000000e+00,  0.000000000000000e+00,  0.000000000000000e+00,  0.000000000000000e+00,  0.000000000000000e+00,  0.000000000000000e+00,  0.000000000000000e+00,  0.000000000000000e+00,  0.000000000000000e+00,  0.000000000000000e+00,  0.000000000000000e+00,  0.000000000000000e+00,  0.000000000000000e+00,  0.000000000000000e+00,  0.000000000000000e+00,  6.178884505181886e-03, -9.059683445215749e-03,  1.216993193287638e-02,  6.861215309412272e-03, -1.671315648291802e-02,  1.888437713704173e-02,  7.202380711514846e-03, -1.795799848302233e-02,  2.339564500861516e-02,  6.785400775581436e-03, -1.671315648290950e-02,  2.308090538965951e-02,  6.216791772058405e-03, -1.085778855647527e-02,  1.835981110544579e-02,  4.662593829071056e-03, -5.547999531333304e-03,  9.022535743316113e-03, -6.924372266808416e-02,  5.051987051996244e-02
  1.890000000000000e+00,  3.390629169680939e-01,  9.298678198032208e-01, -2.939566518626338e-01, -5.823122615106100e-02,  5.255782738586556e-02,  1.485233113825789e-01,  0.000000000000000e+00, -8.673617379884035e-19,  0.000000000000000e+00,  1.346051048807026e-02, -3.229521227853338e-03, -7.007167972635765e-02,  2.086379125636106e-02, -3.503670832370837e-03, -7.177038711365694e-02,  2.321938059170223e-02, -3.423953571467047e-03, -6.879764918584971e-02,  2.097596217704038e-02, -3.293683901219229e-03, -6.327685017706854e-02,  1.862037284162547e-02, -3.165358554411888e-03, -5.308460585319855e-02,  1.491873245740705e-02, -2.825101953047839e-03, -3.737156252060102e-02,  0.000000000000000e+00,  0.000000000000000e+00,  0.000000000000000e+00,  0.000000000000000e+00,  0.000000000000000e+00,  0.000000000000000e+00,  0.000000000000000e+00,  0.000000000000000e+00,  0.000000000000000e+00,  0.000000000000000e+00,  0.000000000000000e+00,  0.000000000000000e+00,  0.000000000000000e+00,  0.000000000000000e+00,  0.000000000000000e+00,  0.000000000000000e+00,  0.000000000000000e+00,  0.000000000000000e+00,  0.000000000000000e+00,  0.000000000000000e+00,  0.000000000000000e+00,  0.000000000000000e+00,  0.000000000000000e+00,  0.000000000000000e+00,  0.000000000000000e+00,  0.000000000000000e+00,  0.000000000000000e+00,  0.000000000000000e+00,  0.000000000000000e+00,  0.000000000000000e+00,  0.000000000000000e+00,  0.000000000000000e+00,  0.000000000000000e+00,  5.594343203137522e-03, -9.222833776760512e-03,  1.237237971075708e-02,  6.212123434139048e-03, -1.701413355764835e-02,  1.919852024068167e-02,  6.521013549628316e-03, -1.828139316056071e-02,  2.378483340924680e-02,  6.143481186225314e-03, -1.701413355764140e-02,  2.346485807189932e-02,  5.628664327059344e-03, -1.105331986985432e-02,  1.866522801176764e-02,  4.221498245318304e-03, -5.647910082118609e-03,  9.172626337268565e-03, -7.040810167221651e-02,  5.141854772214999e-02
  1.900000000000000e+00,  3.504610328600758e-01,  9.305009703310378e-01, -2.932830578028083e-01, -5.524712624229678e-02,  4.657941682077160e-02,  1.500432527092096e-01,  8.673617379884034e-19,  7.806255641895630e-18,  0.000000000000000e+00,  1.287221070032145e-02, -1.672896217932630e-03, -7.050754185611076e-02,  1.995192658536211e-02, -1.814906071459123e-03, -7.221681559806950e-02,  2.220456345785362e-02, -1.773612426092829e-03, -6.922558654960770e-02,  2.005919500781643e-02, -1.706132566600467e-03, -6.367044688818468e-02,  1.780655813525884e-02, -1.639659869193488e-03, -5.341480443635643e-02,  1.426670019267183e-02, -1.463406504876085e-03, -3.760402232315160e-02,  0.000000000000000e+00,  0.000000000000000e+00,  0.000000000000000e+00,  0.000000000000000e+00,  0.000000000000000e+00,  0.000000000000000e+00,  0.000000000000000e+00,  0.000000000000000e+00,  0.000000000000000e+00,  0.000000000000000e+00,  0.000000000000000e+00,  0.000000000000000e+00,  0.000000000000000e+00,  0.000000000000000e+00,  0.000000000000000e+00,  0.000000000000000e+00,  0.000000000000000e+00,  0.000000000000000e+00,  0.000000000000000e+00,  0.000000000000000e+00,  0.000000000000000e+00,  0.000000000000000e+00,  0.000000000000000e+00,  0.000000000000000e+00,  0.000000000000000e+00,  0.000000000000000e+00,  0.000000000000000e+00,  0.000000000000000e+00,  0.000000000000000e+00,  0.000000000000000e+00,  0.000000000000000e+00,  0.000000000000000e+00,  0.000000000000000e+00,  5.047368953694721e-03, -9.369850942436012e-03,  1.258921272306084e-02,  5.604747120344080e-03, -1.728534843071117e-02,  1.953498525980798e-02,  5.883436203658827e-03, -1.857280886554874e-02,  2.420167618295373e-02,  5.542816212917459e-03, -1.728534843070580e-02,  2.387609309528953e-02,  5.078334407377825e-03, -1.122951601497763e-02,  1.899234678036785e-02,  3.808750805553282e-03, -5.737940950327514e-03,  9.333381846396529e-03, -7.145427454129920e-02,  5.237662694921637e-02
  1.910000000000000e+00,  3.618138372094392e-01,  9.309576478783235e-01, -2.926293751778092e-01, -5.207682789420235e-02,  4.047351200725293e-02,  1.515474587211952e-01,  0.000000000000000e+00, -8.673617379884035e-19,  0.000000000000000e+00,  1.223895039266285e-02, -1.582773378791285e-04, -7.098391849872457e-02,  1.897037310850812e-02, -1.717132828660302e-04, -7.270474076535249e-02,  2.111218942716820e-02, -1.678063768639315e-04, -6.969330179872212e-02,  1.907236436174003e-02, -1.614219207214653e-04, -6.410062943213057e-02,  1.693054804302404e-02, -1.551327549723098e-04, -5.377569583229266e-02,  1.356483668504378e-02, -1.384569367159643e-04, -3.785808986590061e-02,  0.000000000000000e+00,  0.000000000000000e+00,  0.000000000000000e+00,  0.000000000000000e+00,  0.000000000000000e+00,  0.000000000000000e+00,  0.000000000000000e+00,  0.000000000000000e+00,  0.000000000000000e+00,  0.000000000000000e+00,  0.000000000000000e+00,  0.000000000000000e+00,  0.000000000000000e+00,  0.000000000000000e+00,  0.000000000000000e+00,  0.000000000000000e+00,  0.000000000000000e+00,  0.000000000000000e+00,  0.000000000000000e+00,  0.000000000000000e+00,  0.000000000000000e+00,  0.000000000000000e+00,  0.000000000000000e+00,  0.000000000000000e+00,  0.000000000000000e+00,  0.000000000000000e+00,  0.000000000000000e+00,  0.000000000000000e+00,  0.000000000000000e+00,  0.000000000000000e+00,  0.000000000000000e+00,  0.000000000000000e+00,  0.000000000000000e+00,  4.540456277420729e-03, -9.501406465624857e-03,  1.282059486876354e-02,  5.041856357123564e-03, -1.752803991750702e-02,  1.989402652041727e-02,  5.292556396967008e-03, -1.883357668377541e-02,  2.464648841138674e-02,  4.986145237139862e-03, -1.752803991750324e-02,  2.431492130271402e-02,  4.568311837388500e-03, -1.138718179467793e-02,  1.934141467263111e-02,  3.426233878056734e-03, -5.818503365715870e-03,  9.504923782009463e-03, -7.238772417484560e-02,  5.339405898523900e-02
  1.920000000000000e+00,  3.731229907477092e-01,  9.312368748102773e-01, -2.919971106209934e-01, -4.875506102218383e-02,  3.428768144464941e-02,  1.529858042527297e-01,  0.000000000000000e+00,  0.000000000000000e+00,  0.000000000000000e+00,  1.156642307628381e-02,  1.314063171831697e-03, -7.149015784158740e-02,  1.792795576814359e-02,  1.425612182814446e-03, -7.322325257713400e-02,  1.995207980644907e-02,  1.393175945589150e-03, -7.019033678990189e-02,  1.802434262708238e-02,  1.340170387190768e-03, -6.455777889933569e-02,  1.600021858873404e-02,  1.287955956527139e-03, -5.415921048599886e-02,  1.281945224275857e-02,  1.149508602479021e-03, -3.812808418212109e-02,  0.000000000000000e+00,  0.000000000000000e+00,  0.000000000000000e+00,  0.000000000000000e+00,  0.000000000000000e+00,  0.000000000000000e+00,  0.000000000000000e+00,  0.000000000000000e+00,  0.000000000000000e+00,  0.000000000000000e+00,  0.000000000000000e+00,  0.000000000000000e+00,  0.000000000000000e+00,  0.000000000000000e+00,  0.000000000000000e+00,  0.000000000000000e+00,  0.000000000000000e+00,  0.000000000000000e+00,  0.000000000000000e+00,  0.000000000000000e+00,  0.000000000000000e+00,  0.000000000000000e+00,  0.000000000000000e+00,  0.000000000000000e+00,  0.000000000000000e+00,  0.000000000000000e+00,  0.000000000000000e+00,  0.000000000000000e+00,  0.000000000000000e+00,  0.000000000000000e+00,  0.000000000000000e+00,  0.000000000000000e+00,  0.000000000000000e+00,  4.073551930096475e-03, -9.617832273857480e-03,  1.306588950962922e-02,  4.523392020528442e-03, -1.774282035253892e-02,  2.027465613559007e-02,  4.748312065738891e-03, -1.906435455810671e-02,  2.511804621241694e-02,  4.473409788246703e-03, -1.774282035253671e-02,  2.478013527682542e-02,  4.098543046220514e-03, -1.152671501523222e-02,  1.971147124294020e-02,  3.073907284675595e-03, -5.889800595185321e-03,  9.686780153690634e-03, -7.321100970636893e-02,  5.446776320456490e-02
  1.930000000000000e+00,  3.843901667804456e-01,  9.313380243416173e-01, -2.913886893867610e-01, -4.533713743434397e-02,  2.807463938890754e-02,  1.542983124197465e-01, -4.336808689942018e-19, -3.903127820947816e-18,  0.000000000000000e+00,  1.086408692034838e-02,  2.742096663516188e-03, -7.201256123564098e-02,  1.683933472647372e-02,  2.974869468793642e-03, -7.375832029589394e-02,  1.874054993750525e-02,  2.907183759465691e-03, -7.070324194043522e-02,  1.692986878412462e-02,  2.796575405193862e-03, -6.502952499458896e-02,  1.502865357306568e-02,  2.687617921879402e-03, -5.455497063303455e-02,  1.204102966997263e-02,  2.398715503988272e-03, -3.840669932564620e-02,  0.000000000000000e+00,  0.000000000000000e+00,  0.000000000000000e+00,  0.000000000000000e+00,  0.000000000000000e+00,  0.000000000000000e+00,  0.000000000000000e+00,  0.000000000000000e+00,  0.000000000000000e+00,  0.000000000000000e+00,  0.000000000000000e+00,  0.000000000000000e+00,  0.000000000000000e+00,  0.000000000000000e+00,  0.000000000000000e+00,  0.000000000000000e+00,  0.000000000000000e+00,  0.000000000000000e+00,  0.000000000000000e+00,  0.000000000000000e+00,  0.000000000000000e+00,  0.000000000000000e+00,  0.000000000000000e+00,  0.000000000000000e+00,  0.000000000000000e+00,  0.000000000000000e+00,  0.000000000000000e+00,  0.000000000000000e+00,  0.000000000000000e+00,  0.000000000000000e+00,  0.000000000000000e+00,  0.000000000000000e+00,  0.000000000000000e+00,  3.643660314902879e-03, -9.718861040587640e-03,  1.332357984425627e-02,  4.046027711636533e-03, -1.792919657614808e-02,  2.067452044797273e-02,  4.247211410000407e-03, -1.926461259699202e-02,  2.561343366609931e-02,  4.001320223104459e-03, -1.792919657614722e-02,  2.526885832530130e-02,  3.666014059159756e-03, -1.164779529291708e-02,  2.010022821331207e-02,  2.749510544375020e-03, -5.951668932403196e-03,  9.877826436261172e-03, -7.392171911654083e-02,  5.559135357950458e-02
  1.940000000000000e+00,  3.956175822697053e-01,  9.312608276976966e-01, -2.908071277269018e-01, -4.189954480594590e-02,  2.188632054988516e-02,  1.554196061937786e-01,  0.000000000000000e+00,  8.673617379884037e-19,  0.000000000000000e+00,  1.014507911951490e-02,  4.122433945654633e-03, -7.253518127321250e-02,  1.572487263513882e-02,  4.472381680583080e-03, -7.429360991067076e-02,  1.750026148109071e-02,  4.370623829156366e-03, -7.121635979630321e-02,  1.580941496115341e-02,  4.204336607999372e-03, -6.550146672631149e-02,  1.403402611516982e-02,  4.040531285531343e-03, -5.495089490471074e-02,  1.124412935737086e-02,  3.606198991143339e-03, -3.868543001302775e-02,  0.000000000000000e+00,  0.000000000000000e+00,  0.000000000000000e+00,  0.000000000000000e+00,  0.000000000000000e+00,  0.000000000000000e+00,  0.000000000000000e+00,  0.000000000000000e+00,  0.000000000000000e+00,  0.000000000000000e+00,  0.000000000000000e+00,  0.000000000000000e+00,  0.000000000000000e+00,  0.000000000000000e+00,  0.000000000000000e+00,  0.000000000000000e+00,  0.000000000000000e+00,  0.000000000000000e+00,  0.000000000000000e+00,  0.000000000000000e+00,  0.000000000000000e+00,  0.000000000000000e+00,  0.000000000000000e+00,  0.000000000000000e+00,  0.000000000000000e+00,  0.000000000000000e+00,  0.000000000000000e+00,  0.000000000000000e+00,  0.000000000000000e+00,  0.000000000000000e+00,  0.000000000000000e+00,  0.000000000000000e+00,  0.000000000000000e+00,  3.245282949076992e-03, -9.803570689969556e-03,  1.359112255463580e-02,  3.603657752971538e-03, -1.808546755795955e-02,  2.108967292982793e-02,  3.782845155038731e-03, -1.943252307266037e-02,  2.612776146295939e-02,  3.563838330269176e-03, -1.808546755800045e-02,  2.577626691407865e-02,  3.265192660256599e-03, -1.174931754456475e-02,  2.050384868164494e-02,  2.448894495331802e-03, -6.003543713491406e-03,  1.007617706653152e-02, -7.451207447102261e-02,  5.675447627266051e-02
  1.950000000000000e+00,  4.068084606119642e-01,  9.310057676559214e-01, -2.902556933579067e-01, -3.853412015318221e-02,  1.577116437115128e-02,  1.562871046044082e-01,  0.000000000000000e+00,  4.336808689942017e-19,  0.000000000000000e+00,  9.425104943868234e-03,  5.451183475590222e-03, -7.304155912070016e-02,  1.460891266040340e-02,  5.913926926372270e-03, -7.481226358470573e-02,  1.625830602451419e-02,  5.779370320942353e-03, -7.171353077372319e-02,  1.468745520098527e-02,  5.559485135801745e-03, -6.595874126713293e-02,  1.303806183586581e-02,  5.342881818908038e-03, -5.533451448586912e-02,  1.044615797644551e-02,  4.768554841909980e-03, -3.895549819811781e-02,  0.000000000000000e+00,  0.000000000000000e+00,  0.000000000000000e+00,  0.000000000000000e+00,  0.000000000000000e+00,  0.000000000000000e+00,  0.000000000000000e+00,  0.000000000000000e+00,  0.000000000000000e+00,  0.000000000000000e+00,  0.000000000000000e+00,  0.000000000000000e+00,  0.000000000000000e+00,  0.000000000000000e+00,  0.000000000000000e+00,  0.000000000000000e+00,  0.000000000000000e+00,  0.000000000000000e+00,  0.000000000000000e+00,  0.000000000000000e+00,  0.000000000000000e+00,  0.000000000000000e+00,  0.000000000000000e+00,  0.000000000000000e+00,  0.000000000000000e+00,  0.000000000000000e+00,  0.000000000000000e+00,  0.000000000000000e+00,  0.000000000000000e+00,  0.000000000000000e+00,  0.000000000000000e+00,  0.000000000000000e+00,  0.000000000000000e+00,  2.871514089771230e-03, -9.870589462896826e-03,  1.386491037018974e-02,  3.188613804789846e-03, -1.820910269901199e-02,  2.151451609097937e-02,  3.347163662260945e-03, -1.956536690007369e-02,  2.665409493451244e-02,  3.153380502797929e-03, -1.820910269901088e-02,  2.629551966621179e-02,  2.889130740197545e-03, -1.182963775335072e-02,  2.091689064382456e-02,  2.166848055476833e-03, -6.044584895885921e-03,  1.027915768834165e-02, -7.497061944733319e-02,  5.794251530886545e-02
  1.960000000000000e+00,  4.179670668520877e-01,  9.305741200736470e-01, -2.897375733531284e-01, -3.533957453518983e-02,  9.769701775464662e-03,  1.568422273555670e-01,  0.000000000000000e+00, -4.336808689942018e-19,  0.000000000000000e+00,  8.720761734502253e-03,  6.722846069864855e-03, -7.351516547822612e-02,  1.351718068247374e-02,  7.293539205269229e-03, -7.529735130825255e-02,  1.504331398338575e-02,  7.127592975558573e-03, -7.217852610595282e-02,  1.358985369531284e-02,  6.856412550593758e-03, -6.638642215849304e-02,  1.206372039191166e-02,  6.589279594402227e-03, -5.569330717930545e-02,  9.665510915100529e-03,  5.880972512606482e-03, -3.920808825361462e-02,  0.000000000000000e+00,  0.000000000000000e+00,  0.000000000000000e+00,  0.000000000000000e+00,  0.000000000000000e+00,  0.000000000000000e+00,  0.000000000000000e+00,  0.000000000000000e+00,  0.000000000000000e+00,  0.000000000000000e+00,  0.000000000000000e+00,  0.000000000000000e+00,  0.000000000000000e+00,  0.000000000000000e+00,  0.000000000000000e+00,  0.000000000000000e+00,  0.000000000000000e+00,  0.000000000000000e+00,  0.000000000000000e+00,  0.000000000000000e+00,  0.000000000000000e+00,  0.000000000000000e+00,  0.000000000000000e+00,  0.000000000000000e+00,  0.000000000000000e+00,  0.000000000000000e+00,  0.000000000000000e+00,  0.000000000000000e+00,  0.000000000000000e+00,  0.000000000000000e+00,  0.000000000000000e+00,  0.000000000000000e+00,  0.000000000000000e+00,  2.515231298081756e-03, -9.917965032897312e-03,  1.414026816416560e-02,  2.792986900950502e-03, -1.829650037923600e-02,  2.194179542440100e-02,  2.931864702092770e-03, -1.965927420059723e-02,  2.718344655261584e-02,  2.762125166553754e-03, -1.829650037915410e-02,  2.681774996208248e-02,  2.530662164118927e-03, -1.188641610821622e-02,  2.133230110691198e-02,  1.897996623729914e-03, -6.073596907338408e-03,  1.048330225955414e-02, -7.528140964108729e-02,  5.913643815374037e-02
  1.970000000000000e+00,  4.290991017269504e-01,  9.299685077951108e-01, -2.892559604496445e-01, -3.241221708199463e-02,  3.918146497346096e-03,  1.570408368224707e-01,  0.000000000000000e+00,  0.000000000000000e+00,  0.000000000000000e+00,  8.048002465843130e-03,  7.929790568169176e-03, -7.394189436713429e-02,  1.247440382214314e-02,  8.602939556795761e-03, -7.573442513966504e-02,  1.388280425369666e-02,  8.407201198396256e-03, -7.259749628768755e-02,  1.254147050935722e-02,  8.087336076134932e-03, -6.677177127687972e-02,  1.113307007780829e-02,  7.772245060176879e-03, -5.601658664158710e-02,  8.919869399679061e-03,  6.936776457269327e-03, -3.943567699557487e-02,  0.000000000000000e+00,  0.000000000000000e+00,  0.000000000000000e+00,  0.000000000000000e+00,  0.000000000000000e+00,  0.000000000000000e+00,  0.000000000000000e+00,  0.000000000000000e+00,  0.000000000000000e+00,  0.000000000000000e+00,  0.000000000000000e+00,  0.000000000000000e+00,  0.000000000000000e+00,  0.000000000000000e+00,  0.000000000000000e+00,  0.000000000000000e+00,  0.000000000000000e+00,  0.000000000000000e+00,  0.000000000000000e+00,  0.000000000000000e+00,  0.000000000000000e+00,  0.000000000000000e+00,  0.000000000000000e+00,  0.000000000000000e+00,  0.000000000000000e+00,  0.000000000000000e+00,  0.000000000000000e+00,  0.000000000000000e+00,  0.000000000000000e+00,  0.000000000000000e+00,  0.000000000000000e+00,  0.000000000000000e+00,  0.000000000000000e+00,  2.169799099204759e-03, -9.943224761388942e-03,  1.441181089050531e-02,  2.409408815655496e-03, -1.834309911452735e-02,  2.236315482988791e-02,  2.529213673869662e-03, -1.970934373822608e-02,  2.770546403920111e-02,  2.382785513801325e-03, -1.834309911451782e-02,  2.733274479204006e-02,  2.183110750097858e-03, -1.191668921784068e-02,  2.174195608460017e-02,  1.637333062600037e-03, -6.089065545141371e-03,  1.068461841878163e-02, -7.542460358370452e-02,  6.031419917883540e-02
  1.980000000000000e+00,  4.402114721581364e-01,  9.291929447116954e-01, -2.888135952773017e-01, -2.984007147367325e-02, -1.753580206708566e-03,  1.568549398535520e-01,  0.000000000000000e+00,  4.336808689942018e-19,  0.000000000000000e+00,  7.421080738015191e-03,  9.065331276475238e-03, -7.431082052173436e-02,  1.150267514402102e-02,  9.834874750274532e-03, -7.611229495859236e-02,  1.280136427319862e-02,  9.611106789804274e-03, -7.295971469391893e-02,  1.156451748347367e-02,  9.245437195866086e-03, -6.710492277385578e-02,  1.026582835426566e-02,  8.885225357062067e-03, -5.629607615232747e-02,  8.225031151263102e-03,  7.930118208727861e-03, -3.963243761097661e-02,  0.000000000000000e+00,  0.000000000000000e+00,  0.000000000000000e+00,  0.000000000000000e+00,  0.000000000000000e+00,  0.000000000000000e+00,  0.000000000000000e+00,  0.000000000000000e+00,  0.000000000000000e+00,  0.000000000000000e+00,  0.000000000000000e+00,  0.000000000000000e+00,  0.000000000000000e+00,  0.000000000000000e+00,  0.000000000000000e+00,  0.000000000000000e+00,  0.000000000000000e+00,  0.000000000000000e+00,  0.000000000000000e+00,  0.000000000000000e+00,  0.000000000000000e+00,  0.000000000000000e+00,  0.000000000000000e+00,  0.000000000000000e+00,  0.000000000000000e+00,  0.000000000000000e+00,  0.000000000000000e+00,  0.000000000000000e+00,  0.000000000000000e+00,  0.000000000000000e+00,  0.000000000000000e+00,  0.000000000000000e+00,  0.000000000000000e+00,  1.830507311409686e-03, -9.944749208088337e-03,  1.467404857465679e-02,  2.032649223036694e-03, -1.834591138898123e-02,  2.277007537401545e-02,  2.133720178817346e-03, -1.971236547863407e-02,  2.820959337993922e-02,  2.010189010561590e-03, -1.834591138895894e-02,  2.783009212372724e-02,  1.841737417551589e-03, -1.191851622647028e-02,  2.213757328030261e-02,  1.381303063231745e-03, -6.089999090953730e-03,  1.087903601218471e-02, -7.538711443251858e-02,  6.145305830940562e-02
  1.990000000000000e+00,  4.513127268375082e-01,  9.282530062648466e-01, -2.884127595523133e-01, -2.770076165786744e-02, -7.218144021297598e-03,  1.562781230531656e-01, -1.084202172485504e-19, -1.301042606982605e-18,  0.000000000000000e+00,  6.852199798198296e-03,  1.012129527968602e-02, -7.461546022032668e-02,  1.062090968718232e-02,  1.098047808187579e-02, -7.642431986202240e-02,  1.182004465185396e-02,  1.073064478478735e-02, -7.325881548902076e-02,  1.067801135215523e-02,  1.032238061637389e-02, -6.738002165345854e-02,  9.478876387467233e-03,  9.920209943010939e-03, -5.652686380320781e-02,  7.594521442959682e-03,  8.853848309088690e-03, -3.979491211742688e-02,  0.000000000000000e+00,  0.000000000000000e+00,  0.000000000000000e+00,  0.000000000000000e+00,  0.000000000000000e+00,  0.000000000000000e+00,  0.000000000000000e+00,  0.000000000000000e+00,  0.000000000000000e+00,  0.000000000000000e+00,  0.000000000000000e+00,  0.000000000000000e+00,  0.000000000000000e+00,  0.000000000000000e+00,  0.000000000000000e+00,  0.000000000000000e+00,  0.000000000000000e+00,  0.000000000000000e+00,  0.000000000000000e+00,  0.000000000000000e+00,  0.000000000000000e+00,  0.000000000000000e+00,  0.000000000000000e+00,  0.000000000000000e+00,  0.000000000000000e+00,  0.000000000000000e+00,  0.000000000000000e+00,  0.000000000000000e+00,  0.000000000000000e+00,  0.000000000000000e+00,  0.000000000000000e+00,  0.000000000000000e+00,  0.000000000000000e+00,  1.494085890711481e-03, -9.920980765124864e-03,  1.492159498897358e-02,  1.659076970661702e-03, -1.830206375245805e-02,  2.315419912078477e-02,  1.741572510632157e-03, -1.966525194919198e-02,  2.868548002185851e-02,  1.640744628436200e-03, -1.830206375245587e-02,  2.829957670318411e-02,  1.503252061812263e-03, -1.189003038262866e-02,  2.251102692299559e-02,  1.127439046366552e-03, -6.075443691619164e-03,  1.106256180217163e-02, -7.515659424896222e-02,  6.253053530948324e-02
  2.000000000000000e+00,  4.624137954839779e-01,  9.271555829730089e-01, -2.880548718213979e-01, -2.606140444941234e-02, -1.245746718956877e-02,  1.553244160697797e-01,  0.000000000000000e+00, -4.336808689942018e-19,  0.000000000000000e+00,  6.351419617548412e-03,  1.109056645116980e-02, -7.485326240881372e-02,  9.844700407153443e-03,  1.203202934678532e-02, -7.666788695203738e-02,  1.095619884019984e-02,  1.175827063246155e-02, -7.349229400132075e-02,  9.897628903943008e-03,  1.131090883100449e-02, -6.759476423573200e-02,  8.786130470864878e-03,  1.087022407135952e-02, -5.670701697622232e-02,  7.039490076032342e-03,  9.701741754108479e-03, -3.992173995119288e-02,  0.000000000000000e+00,  0.000000000000000e+00,  0.000000000000000e+00,  0.000000000000000e+00,  0.000000000000000e+00,  0.000000000000000e+00,  0.000000000000000e+00,  0.000000000000000e+00,  0.000000000000000e+00,  0.000000000000000e+00,  0.000000000000000e+00,  0.000000000000000e+00,  0.000000000000000e+00,  0.000000000000000e+00,  0.000000000000000e+00,  0.000000000000000e+00,  0.000000000000000e+00,  0.000000000000000e+00,  0.000000000000000e+00,  0.000000000000000e+00,  0.000000000000000e+00,  0.000000000000000e+00,  0.000000000000000e+00,  0.000000000000000e+00,  0.000000000000000e+00,  0.000000000000000e+00,  0.000000000000000e+00,  0.000000000000000e+00,  0.000000000000000e+00,  0.000000000000000e+00,  0.000000000000000e+00,  0.000000000000000e+00,  0.000000000000000e+00,  1.159215431296080e-03, -9.871156995972108e-03,  1.514936080278977e-02,  1.287226951304488e-03, -1.821014967450498e-02,  2.350762883184790e-02,  1.351232711298848e-03, -1.956649185715598e-02,  2.912334016389946e-02,  1.273003449062626e-03, -1.821014967450056e-02,  2.873154635004767e-02,  1.166327182391353e-03, -1.183031792646609e-02,  2.285463914210045e-02,  8.747453868089655e-04, -6.044932443671991e-03,  1.123142266414423e-02, -7.472709308313498e-02,  6.352514108627277e-02
  2.010000000000000e+00,  4.735295199327120e-01,  9.259088321463073e-01, -2.877400813733393e-01, -2.497978952291606e-02, -1.747320328457920e-02,  1.540338432829576e-01, -3.252606517456513e-18,  2.602085213965211e-18,  0.000000000000000e+00,  5.926997693034286e-03,  1.197144887909901e-02, -7.502616915343926e-02,  9.186846424121996e-03,  1.298768866956066e-02, -7.684498537530023e-02,  1.022407102035996e-02,  1.269218631915009e-02, -7.366205698689444e-02,  9.236238071522417e-03,  1.220929223433094e-02, -6.775090426562601e-02,  8.199013475227696e-03,  1.173360552391082e-02, -5.683800693412783e-02,  6.569089109630027e-03,  1.047231500383816e-02, -4.001395688149477e-02,  0.000000000000000e+00,  0.000000000000000e+00,  0.000000000000000e+00,  0.000000000000000e+00,  0.000000000000000e+00,  0.000000000000000e+00,  0.000000000000000e+00,  0.000000000000000e+00,  0.000000000000000e+00,  0.000000000000000e+00,  0.000000000000000e+00,  0.000000000000000e+00,  0.000000000000000e+00,  0.000000000000000e+00,  0.000000000000000e+00,  0.000000000000000e+00,  0.000000000000000e+00,  0.000000000000000e+00,  0.000000000000000e+00,  0.000000000000000e+00,  0.000000000000000e+00,  0.000000000000000e+00,  0.000000000000000e+00,  0.000000000000000e+00,  0.000000000000000e+00,  0.000000000000000e+00,  0.000000000000000e+00,  0.000000000000000e+00,  0.000000000000000e+00,  0.000000000000000e+00,  0.000000000000000e+00,  0.000000000000000e+00,  0.000000000000000e+00,  8.261009228471181e-04, -9.796137463546292e-03,  1.535259075674968e-02,  9.173267916047598e-04, -1.807175486277856e-02,  2.382298565691298e-02,  9.629397259649085e-04, -1.941778901807175e-02,  2.951403223051390e-02,  9.071905839289908e-04, -1.807175486277030e-02,  2.911698246959188e-02,  8.311690266353425e-04, -1.174040902118837e-02,  2.316123605538828e-02,  6.233767700055871e-04, -5.998991729156416e-03,  1.138209314726509e-02, -7.410525517961923e-02,  6.441657646943487e-02
  2.020000000000000e+00,  4.846797573933894e-01,  9.245218852999191e-01, -2.874667547625238e-01, -2.450792729931249e-02, -2.230023549302097e-02,  1.524759270259676e-01,  0.000000000000000e+00,  1.301042606982605e-18,  0.000000000000000e+00,  5.585890377223126e-03,  1.276853694513513e-02, -7.514082622769540e-02,  8.658130084689167e-03,  1.385244044258507e-02, -7.696242201502804e-02,  9.635660900699327e-03,  1.353726282985209e-02, -7.377462938717581e-02,  8.704679171161566e-03,  1.302221648709314e-02, -6.785444307831522e-02,  7.727148355145421e-03,  1.251485740318126e-02, -5.692486835427474e-02,  6.191028501407048e-03,  1.116958710492813e-02, -4.007510732139159e-02,  0.000000000000000e+00,  0.000000000000000e+00,  0.000000000000000e+00,  0.000000000000000e+00,  0.000000000000000e+00,  0.000000000000000e+00,  0.000000000000000e+00,  0.000000000000000e+00,  0.000000000000000e+00,  0.000000000000000e+00,  0.000000000000000e+00,  0.000000000000000e+00,  0.000000000000000e+00,  0.000000000000000e+00,  0.000000000000000e+00,  0.000000000000000e+00,  0.000000000000000e+00,  0.000000000000000e+00,  0.000000000000000e+00,  0.000000000000000e+00,  0.000000000000000e+00,  0.000000000000000e+00,  0.000000000000000e+00,  0.000000000000000e+00,  0.000000000000000e+00,  0.000000000000000e+00,  0.000000000000000e+00,  0.000000000000000e+00,  0.000000000000000e+00,  0.000000000000000e+00,  0.000000000000000e+00,  0.000000000000000e+00,  0.000000000000000e+00,  4.952181861044658e-04, -9.697707844099440e-03,  1.552671385399361e-02,  5.499048569593575e-04, -1.789017350374589e-02,  2.409317666997734e-02,  5.772481923843833e-04, -1.922268297850719e-02,  2.984876887447361e-02,  5.438285601928356e-04, -1.789017350374480e-02,  2.944721592997781e-02,  4.982563344809765e-04, -1.162244375208747e-02,  2.342392176248625e-02,  3.736922508646330e-04, -5.938715066530194e-03,  1.151118440899868e-02, -7.330485128495985e-02,  6.518528177020877e-02
  2.030000000000000e+00,  4.958895695787799e-01,  9.230045164538593e-01, -2.872310861564347e-01, -2.469548506377613e-02, -2.701430012877602e-02,  1.507521599004489e-01,  0.000000000000000e+00,  1.734723475976807e-18,  0.000000000000000e+00,  5.334416484320609e-03,  1.349539640331623e-02, -7.520899351826787e-02,  8.268345550685381e-03,  1.464100199805923e-02, -7.703224184597370e-02,  9.201868435434806e-03,  1.430788264072383e-02, -7.384155727245256e-02,  8.312799021380494e-03,  1.376351686166324e-02, -6.791600020735625e-02,  7.379276136620834e-03,  1.322727594497653e-02, -5.697651024104171e-02,  5.912311603429210e-03,  1.180542502951601e-02, -4.011146320966236e-02,  0.000000000000000e+00,  0.000000000000000e+00,  0.000000000000000e+00,  0.000000000000000e+00,  0.000000000000000e+00,  0.000000000000000e+00,  0.000000000000000e+00,  0.000000000000000e+00,  0.000000000000000e+00,  0.000000000000000e+00,  0.000000000000000e+00,  0.000000000000000e+00,  0.000000000000000e+00,  0.000000000000000e+00,  0.000000000000000e+00,  0.000000000000000e+00,  0.000000000000000e+00,  0.000000000000000e+00,  0.000000000000000e+00,  0.000000000000000e+00,  0.000000000000000e+00,  0.000000000000000e+00,  0.000000000000000e+00,  0.000000000000000e+00,  0.000000000000000e+00,  0.000000000000000e+00,  0.000000000000000e+00,  0.000000000000000e+00,  0.000000000000000e+00,  0.000000000000000e+00,  0.000000000000000e+00,  0.000000000000000e+00,  0.000000000000000e+00,  1.664441596251849e-04, -9.578859395227832e-03,  1.566746393106442e-02,  1.848244962653475e-04, -1.767092382071295e-02,  2.431158196197709e-02,  1.940146645812220e-04, -1.898710297425490e-02,  3.011934876400899e-02,  1.827822366301690e-04, -1.767092382071110e-02,  2.971415573131646e-02,  1.674652894309362e-04, -1.148000706145420e-02,  2.363626024082647e-02,  1.255989670798165e-04, -5.865934252208024e-03,  1.161553360407205e-02, -7.234872858018250e-02,  6.581304969343518e-02
  2.040000000000000e+00,  5.071886426405116e-01,  9.213665391132448e-01, -2.870272938995120e-01, -2.559209720355510e-02, -3.172936448621939e-02,  1.489921905236863e-01,  0.000000000000000e+00,  1.084202172485504e-18,  0.000000000000000e+00,  5.178641658523918e-03,  1.417217014244721e-02, -7.524683548576537e-02,  8.026894570693255e-03,  1.537522612684570e-02, -7.707100119449467e-02,  8.933156860924144e-03,  1.502540133705805e-02, -7.387871120415820e-02,  8.070049917835484e-03,  1.445373643667289e-02, -6.795017265070039e-02,  7.163787627588090e-03,  1.389060384823350e-02, -5.700517839819088e-02,  5.739661171488429e-03,  1.239744925766909e-02, -4.013164559227574e-02,  0.000000000000000e+00,  0.000000000000000e+00,  0.000000000000000e+00,  0.000000000000000e+00,  0.000000000000000e+00,  0.000000000000000e+00,  0.000000000000000e+00,  0.000000000000000e+00,  0.000000000000000e+00,  0.000000000000000e+00,  0.000000000000000e+00,  0.000000000000000e+00,  0.000000000000000e+00,  0.000000000000000e+00,  0.000000000000000e+00,  0.000000000000000e+00,  0.000000000000000e+00,  0.000000000000000e+00,  0.000000000000000e+00,  0.000000000000000e+00,  0.000000000000000e+00,  0.000000000000000e+00,  0.000000000000000e+00,  0.000000000000000e+00,  0.000000000000000e+00,  0.000000000000000e+00,  0.000000000000000e+00,  0.000000000000000e+00,  0.000000000000000e+00,  0.000000000000000e+00,  0.000000000000000e+00,  0.000000000000000e+00,  0.000000000000000e+00, -1.618807446056619e-04, -9.442835807060552e-03,  1.577089343090825e-02, -1.797571458593478e-04, -1.741998972040428e-02,  2.447207601345052e-02, -1.886953464930979e-04, -1.871747860992276e-02,  3.031818306111620e-02, -1.777708790673140e-04, -1.741998972040133e-02,  2.991031512757090e-02, -1.628738780212076e-04, -1.131698642525246e-02,  2.379229612421463e-02, -1.221554085053562e-04, -5.782635668104944e-03,  1.169221409534141e-02, -7.126142712457637e-02,  6.628320687819560e-02
  2.050000000000000e+00,  5.186096020301585e-01,  9.196173346198748e-01, -2.868481823941106e-01, -2.724489398175723e-02, -3.658587769447349e-02,  1.473435127024948e-01, -8.673617379884034e-19, -6.938893903907227e-18,  0.000000000000000e+00,  5.124228256287523e-03,  1.482462301901818e-02, -7.527325477209947e-02,  7.942553797216614e-03,  1.608306482858029e-02, -7.709806094836652e-02,  8.839293742050326e-03,  1.571713494069649e-02, -7.390465013980424e-02,  7.985255699333713e-03,  1.511915195317835e-02, -6.797403006679860e-02,  7.088515754474644e-03,  1.453009408487645e-02, -5.702519300898522e-02,  5.679352983986948e-03,  1.296819822194634e-02, -4.014573587824687e-02,  0.000000000000000e+00,  0.000000000000000e+00,  0.000000000000000e+00,  0.000000000000000e+00,  0.000000000000000e+00,  0.000000000000000e+00,  0.000000000000000e+00,  0.000000000000000e+00,  0.000000000000000e+00,  0.000000000000000e+00,  0.000000000000000e+00,  0.000000000000000e+00,  0.000000000000000e+00,  0.000000000000000e+00,  0.000000000000000e+00,  0.000000000000000e+00,  0.000000000000000e+00,  0.000000000000000e+00,  0.000000000000000e+00,  0.000000000000000e+00,  0.000000000000000e+00,  0.000000000000000e+00,  0.000000000000000e+00,  0.000000000000000e+00,  0.000000000000000e+00,  0.000000000000000e+00,  0.000000000000000e+00,  0.000000000000000e+00,  0.000000000000000e+00,  0.000000000000000e+00,  0.000000000000000e+00,  0.000000000000000e+00,  0.000000000000000e+00, -4.928573248226132e-04, -9.293369760158704e-03,  1.583356292238457e-02, -5.472832870863477e-04, -1.714425719113221e-02,  2.456932177607569e-02, -5.744962682289946e-04, -1.842120876122842e-02,  3.043865975593091e-02, -5.412359579675943e-04, -1.714425719112782e-02,  3.002917105968259e-02, -4.958809894124863e-04, -1.113785536140655e-02,  2.388684061567239e-02, -3.719107420434597e-04, -5.691105145743486e-03,  1.173867595972053e-02, -7.007097070073674e-02,  6.658139018384487e-02
  2.060000000000000e+00,  5.301848700727303e-01,  9.177659420770486e-01, -2.866860185636857e-01, -2.968875728616294e-02, -4.173052929888635e-02,  1.459515803396943e-01,  0.000000000000000e+00, -8.673617379884037e-19,  0.000000000000000e+00,  5.175036686571116e-03,  1.548038529524349e-02, -7.530684242582572e-02,  8.021306864142265e-03,  1.679449386034336e-02, -7.713246284823067e-02,  8.926938284267608e-03,  1.641237718538972e-02, -7.393762710888054e-02,  8.064432169836096e-03,  1.578794261900108e-02, -6.800436073585955e-02,  7.158800749673233e-03,  1.517282797151315e-02, -5.705063820111569e-02,  5.735665660853485e-03,  1.354184216376740e-02, -4.016364929346927e-02,  0.000000000000000e+00,  0.000000000000000e+00,  0.000000000000000e+00,  0.000000000000000e+00,  0.000000000000000e+00,  0.000000000000000e+00,  0.000000000000000e+00,  0.000000000000000e+00,  0.000000000000000e+00,  0.000000000000000e+00,  0.000000000000000e+00,  0.000000000000000e+00,  0.000000000000000e+00,  0.000000000000000e+00,  0.000000000000000e+00,  0.000000000000000e+00,  0.000000000000000e+00,  0.000000000000000e+00,  0.000000000000000e+00,  0.000000000000000e+00,  0.000000000000000e+00,  0.000000000000000e+00,  0.000000000000000e+00,  0.000000000000000e+00,  0.000000000000000e+00,  0.000000000000000e+00,  0.000000000000000e+00,  0.000000000000000e+00,  0.000000000000000e+00,  0.000000000000000e+00,  0.000000000000000e+00,  0.000000000000000e+00,  0.000000000000000e+00, -8.301253131185682e-04, -9.134473001035563e-03,  1.585288658563910e-02, -9.217955931140342e-04, -1.685112703753325e-02,  2.459930677076948e-02, -9.676307331277767e-04, -1.810624546515366e-02,  3.047580783269984e-02, -9.116100064799189e-04, -1.685112703752701e-02,  3.006581938654966e-02, -8.352181064809741e-04, -1.094742184092851e-02,  2.391599269386902e-02, -6.264135798379428e-04, -5.593799411996020e-03,  1.175300212386985e-02, -6.880744734828600e-02,  6.669690384334231e-02
  2.070000000000000e+00,  5.419419987707887e-01,  9.158219488933335e-01, -2.865337863373451e-01, -3.292588485483882e-02, -4.728820281668560e-02,  1.449280760609638e-01,  0.000000000000000e+00,  2.168404344971009e-18,  0.000000000000000e+00,  5.330078568031551e-03,  1.616431088849908e-02, -7.536103807138994e-02,  8.261621780442657e-03,  1.753647695428993e-02, -7.718797232766086e-02,  9.194385529844692e-03,  1.713747831104639e-02, -7.399083737916821e-02,  8.306039101839172e-03,  1.648545613794100e-02, -6.805330104626094e-02,  7.373275352432031e-03,  1.584316563906096e-02, -5.709169550859432e-02,  5.907503746221765e-03,  1.414012264960456e-02, -4.019255363803546e-02,  0.000000000000000e+00,  0.000000000000000e+00,  0.000000000000000e+00,  0.000000000000000e+00,  0.000000000000000e+00,  0.000000000000000e+00,  0.000000000000000e+00,  0.000000000000000e+00,  0.000000000000000e+00,  0.000000000000000e+00,  0.000000000000000e+00,  0.000000000000000e+00,  0.000000000000000e+00,  0.000000000000000e+00,  0.000000000000000e+00,  0.000000000000000e+00,  0.000000000000000e+00,  0.000000000000000e+00,  0.000000000000000e+00,  0.000000000000000e+00,  0.000000000000000e+00,  0.000000000000000e+00,  0.000000000000000e+00,  0.000000000000000e+00,  0.000000000000000e+00,  0.000000000000000e+00,  0.000000000000000e+00,  0.000000000000000e+00,  0.000000000000000e+00,  0.000000000000000e+00,  0.000000000000000e+00,  0.000000000000000e+00,  0.000000000000000e+00, -1.176057833590646e-03, -8.970327207387652e-03,  1.582774956051520e-02, -1.305929250799338e-03, -1.654831355052422e-02,  2.456030104217347e-02, -1.370864959405765e-03, -1.778087759428705e-02,  3.042748406891830e-02, -1.291499093335835e-03, -1.654831355052344e-02,  3.001814571821919e-02, -1.183272912328271e-03, -1.075069749282250e-02,  2.387807045767707e-02, -8.874546842433773e-04, -5.493279256771255e-03,  1.173436605349020e-02, -6.750252420242597e-02,  6.662513862489777e-02
  2.080000000000000e+00,  5.538984000324056e-01,  9.137973276131719e-01, -2.863870406117949e-01, -3.689211906680847e-02, -5.333113934287630e-02,  1.443130518850386e-01,  0.000000000000000e+00,  3.469446951953613e-18,  0.000000000000000e+00,  5.578407756778213e-03,  1.689184205449842e-02, -7.543827882108611e-02,  8.646532022997446e-03,  1.832576723793279e-02, -7.726708558037799e-02,  9.622753380428716e-03,  1.790881026970096e-02, -7.406667375159161e-02,  8.693018754298615e-03,  1.722744156551704e-02, -6.812305178385623e-02,  7.716797396860165e-03,  1.655624254348502e-02, -5.715021122804826e-02,  6.182735263743957e-03,  1.477654816688248e-02, -4.023374870452567e-02,  0.000000000000000e+00,  0.000000000000000e+00,  0.000000000000000e+00,  0.000000000000000e+00,  0.000000000000000e+00,  0.000000000000000e+00,  0.000000000000000e+00,  0.000000000000000e+00,  0.000000000000000e+00,  0.000000000000000e+00,  0.000000000000000e+00,  0.000000000000000e+00,  0.000000000000000e+00,  0.000000000000000e+00,  0.000000000000000e+00,  0.000000000000000e+00,  0.000000000000000e+00,  0.000000000000000e+00,  0.000000000000000e+00,  0.000000000000000e+00,  0.000000000000000e+00,  0.000000000000000e+00,  0.000000000000000e+00,  0.000000000000000e+00,  0.000000000000000e+00,  0.000000000000000e+00,  0.000000000000000e+00,  0.000000000000000e+00,  0.000000000000000e+00,  0.000000000000000e+00,  0.000000000000000e+00,  0.000000000000000e+00,  0.000000000000000e+00, -1.529123503518676e-03, -8.804616668493859e-03,  1.575905156268724e-02, -1.697983767714055e-03, -1.624261344696689e-02,  2.445370070071455e-02, -1.782413899814661e-03, -1.745240810370604e-02,  3.029541809033467e-02, -1.679221516142523e-03, -1.624261344696587e-02,  2.988785641199482e-02, -1.538504629312621e-03, -1.055209783933876e-02,  2.377443123681775e-02, -1.153878471980679e-03, -5.391800877567279e-03,  1.168343477924012e-02, -6.618488761015610e-02,  6.636962180749184e-02
  2.090000000000000e+00,  5.660573897621290e-01,  9.117095606992299e-01, -2.862461085162924e-01, -4.141365118141718e-02, -5.985683658673457e-02,  1.440515510082717e-01,  1.734723475976807e-18,  1.214306433183765e-17,  0.000000000000000e+00,  5.892905056064477e-03,  1.766680450027653e-02, -7.552687236500591e-02,  9.134002836887952e-03,  1.916651517730198e-02, -7.735782684657233e-02,  1.016526122169251e-02,  1.873042909391271e-02, -7.415365650379740e-02,  9.183110379014566e-03,  1.801780061617884e-02, -6.820305443865819e-02,  8.151851994200227e-03,  1.731580838438116e-02, -5.721732754918504e-02,  6.531303103779579e-03,  1.545446534552032e-02, -4.028099859459976e-02,  0.000000000000000e+00,  0.000000000000000e+00,  0.000000000000000e+00,  0.000000000000000e+00,  0.000000000000000e+00,  0.000000000000000e+00,  0.000000000000000e+00,  0.000000000000000e+00,  0.000000000000000e+00,  0.000000000000000e+00,  0.000000000000000e+00,  0.000000000000000e+00,  0.000000000000000e+00,  0.000000000000000e+00,  0.000000000000000e+00,  0.000000000000000e+00,  0.000000000000000e+00,  0.000000000000000e+00,  0.000000000000000e+00,  0.000000000000000e+00,  0.000000000000000e+00,  0.000000000000000e+00,  0.000000000000000e+00,  0.000000000000000e+00,  0.000000000000000e+00,  0.000000000000000e+00,  0.000000000000000e+00,  0.000000000000000e+00,  0.000000000000000e+00,  0.000000000000000e+00,  0.000000000000000e+00,  0.000000000000000e+00,  0.000000000000000e+00, -1.880511498390616e-03, -8.641206652619976e-03,  1.565013101688278e-02, -2.088175344842640e-03, -1.594115731081278e-02,  2.428468606067146e-02, -2.192007268072566e-03, -1.712849868292793e-02,  3.008602773072734e-02, -2.065101584133365e-03, -1.594115731081151e-02,  2.968128296305640e-02, -1.892048378756160e-03, -1.035625530123007e-02,  2.361011144789071e-02, -1.419036284062264e-03, -5.291731300416210e-03,  1.160268334011116e-02, -6.488593927104785e-02,  6.594352901171453e-02
  2.100000000000000e+00,  5.784079655154883e-01,  9.095850714485912e-01, -2.861179280448285e-01, -4.617520415483364e-02, -6.678503128040451e-02,  1.440015325512869e-01,  0.000000000000000e+00,  3.035766082959413e-18,  0.000000000000000e+00,  6.225734869190518e-03,  1.847940870867364e-02, -7.560310805939857e-02,  9.649889047229590e-03,  2.004810023662266e-02, -7.743591067900844e-02,  1.073939264932910e-02,  1.959195589161766e-02, -7.422850609464898e-02,  9.701770171129991e-03,  1.884654927904825e-02, -6.827189758085617e-02,  8.612266569017698e-03,  1.811226813830806e-02, -5.727508186310346e-02,  6.900189479986584e-03,  1.616531056815928e-02, -4.032165763159164e-02,  0.000000000000000e+00,  0.000000000000000e+00,  0.000000000000000e+00,  0.000000000000000e+00,  0.000000000000000e+00,  0.000000000000000e+00,  0.000000000000000e+00,  0.000000000000000e+00,  0.000000000000000e+00,  0.000000000000000e+00,  0.000000000000000e+00,  0.000000000000000e+00,  0.000000000000000e+00,  0.000000000000000e+00,  0.000000000000000e+00,  0.000000000000000e+00,  0.000000000000000e+00,  0.000000000000000e+00,  0.000000000000000e+00,  0.000000000000000e+00,  0.000000000000000e+00,  0.000000000000000e+00,  0.000000000000000e+00,  0.000000000000000e+00,  0.000000000000000e+00,  0.000000000000000e+00,  0.000000000000000e+00,  0.000000000000000e+00,  0.000000000000000e+00,  0.000000000000000e+00,  0.000000000000000e+00,  0.000000000000000e+00,  0.000000000000000e+00, -2.212072494120709e-03, -8.483881355717803e-03,  1.550666656171532e-02, -2.456350438261590e-03, -1.565092616512811e-02,  2.406206880265119e-02, -2.578489410337072e-03, -1.681665032087490e-02,  2.981022968329259e-02, -2.429208444477866e-03, -1.565092616512655e-02,  2.940919520325695e-02, -2.225643491026515e-03, -1.016770513624015e-02,  2.339367800259671e-02, -1.669232618263896e-03, -5.195387904009457e-03,  1.149632176128217e-02, -6.363808305849648e-02,  6.536915934255824e-02
  2.110000000000000e+00,  5.909291453219010e-01,  9.074606416049087e-01, -2.860159811539584e-01, -5.073039356711317e-02, -7.397704742669690e-02,  1.439731027625191e-01, -8.673617379884035e-19, -8.673617379884035e-18,  0.000000000000000e+00,  6.510192142243407e-03,  1.930939034448267e-02, -7.563793161881403e-02,  1.009079782045742e-02,  2.094853786921017e-02, -7.747157844592240e-02,  1.123008144533884e-02,  2.047190631946845e-02, -7.426269649843191e-02,  1.014504942163082e-02,  1.969302061623180e-02, -6.830334431025666e-02,  9.005765796733364e-03,  1.892576007274468e-02, -5.730146334749348e-02,  7.215462957611862e-03,  1.689135711652341e-02, -4.034023019659570e-02,  0.000000000000000e+00,  0.000000000000000e+00,  0.000000000000000e+00,  0.000000000000000e+00,  0.000000000000000e+00,  0.000000000000000e+00,  0.000000000000000e+00,  0.000000000000000e+00,  0.000000000000000e+00,  0.000000000000000e+00,  0.000000000000000e+00,  0.000000000000000e+00,  0.000000000000000e+00,  0.000000000000000e+00,  0.000000000000000e+00,  0.000000000000000e+00,  0.000000000000000e+00,  0.000000000000000e+00,  0.000000000000000e+00,  0.000000000000000e+00,  0.000000000000000e+00,  0.000000000000000e+00,  0.000000000000000e+00,  0.000000000000000e+00,  0.000000000000000e+00,  0.000000000000000e+00,  0.000000000000000e+00,  0.000000000000000e+00,  0.000000000000000e+00,  0.000000000000000e+00,  0.000000000000000e+00,  0.000000000000000e+00,  0.000000000000000e+00, -2.497455667903556e-03, -8.336393165146172e-03,  1.533594755524929e-02, -2.773248318352596e-03, -1.537884235300491e-02,  2.379715999951229e-02, -2.911144643583345e-03, -1.652430095584863e-02,  2.948203711051645e-02, -2.742604690536804e-03, -1.537884235300311e-02,  2.908541777720135e-02, -2.512777481828555e-03, -9.990944480363962e-03,  2.313612777732635e-02, -1.884583111364286e-03, -5.105068587984954e-03,  1.136975422200766e-02, -6.247472559232512e-02,  6.467504862654887e-02
  2.120000000000000e+00,  6.035971837730474e-01,  9.053809922499406e-01, -2.859573997592365e-01, -5.456753810503958e-02, -8.126996399726277e-02,  1.437781444221175e-01,  0.000000000000000e+00,  4.336808689942018e-18,  0.000000000000000e+00,  6.670519028784358e-03,  2.013166891094303e-02, -7.560399420670974e-02,  1.033930449459177e-02,  2.184061852951215e-02, -7.743681830867391e-02,  1.150664532461565e-02,  2.134368991702252e-02, -7.422937613017783e-02,  1.039489215315076e-02,  2.053163584295382e-02, -6.827269779870972e-02,  9.227551323107805e-03,  1.973170197894555e-02, -5.727575318679414e-02,  7.393158590186753e-03,  1.761066521831108e-02, -4.032213024345756e-02,  0.000000000000000e+00,  0.000000000000000e+00,  0.000000000000000e+00,  0.000000000000000e+00,  0.000000000000000e+00,  0.000000000000000e+00,  0.000000000000000e+00,  0.000000000000000e+00,  0.000000000000000e+00,  0.000000000000000e+00,  0.000000000000000e+00,  0.000000000000000e+00,  0.000000000000000e+00,  0.000000000000000e+00,  0.000000000000000e+00,  0.000000000000000e+00,  0.000000000000000e+00,  0.000000000000000e+00,  0.000000000000000e+00,  0.000000000000000e+00,  0.000000000000000e+00,  0.000000000000000e+00,  0.000000000000000e+00,  0.000000000000000e+00,  0.000000000000000e+00,  0.000000000000000e+00,  0.000000000000000e+00,  0.000000000000000e+00,  0.000000000000000e+00,  0.000000000000000e+00,  0.000000000000000e+00,  0.000000000000000e+00,  0.000000000000000e+00, -2.706696111965459e-03, -8.202120075756133e-03,  1.514543852086722e-02, -3.005595069121495e-03, -1.513113754433373e-02,  2.350154253236535e-02, -3.155044547706884e-03, -1.625814640970392e-02,  2.911579991510786e-02, -2.972384073895878e-03, -1.513113754433170e-02,  2.872410753957985e-02, -2.723301609598366e-03, -9.830021770178691e-03,  2.284872190649208e-02, -2.042476207190569e-03, -5.022841980232825e-03,  1.122851476548455e-02, -6.142671551851370e-02,  6.389036308416443e-02
  2.130000000000000e+00,  6.163923978994524e-01,  9.033934781011831e-01, -2.859585459724633e-01, -5.720463425008530e-02, -8.851019185348535e-02,  1.432669598760128e-01,  0.000000000000000e+00, -5.204170427930421e-18,  0.000000000000000e+00,  6.635788434057537e-03,  2.092224746873292e-02, -7.547959325887119e-02,  1.028547207276162e-02,  2.269830821111203e-02, -7.730940158027982e-02,  1.144673504870647e-02,  2.218186501652197e-02, -7.410723701774924e-02,  1.034077030969616e-02,  2.133792125950854e-02, -6.816035997307734e-02,  9.179507333729757e-03,  2.050657367797257e-02, -5.718151004448037e-02,  7.354665514357920e-03,  1.830224296934710e-02, -4.025578307126354e-02,  0.000000000000000e+00,  0.000000000000000e+00,  0.000000000000000e+00,  0.000000000000000e+00,  0.000000000000000e+00,  0.000000000000000e+00,  0.000000000000000e+00,  0.000000000000000e+00,  0.000000000000000e+00,  0.000000000000000e+00,  0.000000000000000e+00,  0.000000000000000e+00,  0.000000000000000e+00,  0.000000000000000e+00,  0.000000000000000e+00,  0.000000000000000e+00,  0.000000000000000e+00,  0.000000000000000e+00,  0.000000000000000e+00,  0.000000000000000e+00,  0.000000000000000e+00,  0.000000000000000e+00,  0.000000000000000e+00,  0.000000000000000e+00,  0.000000000000000e+00,  0.000000000000000e+00,  0.000000000000000e+00,  0.000000000000000e+00,  0.000000000000000e+00,  0.000000000000000e+00,  0.000000000000000e+00,  0.000000000000000e+00,  0.000000000000000e+00, -2.811968161256482e-03, -8.083651354833599e-03,  1.494119987739433e-02, -3.122492252690734e-03, -1.491258837723754e-02,  2.318462049938799e-02, -3.277754298416200e-03, -1.602331909774806e-02,  2.872316872980888e-02, -3.087989575880397e-03, -1.491258837723530e-02,  2.833675838816492e-02, -2.829219499684280e-03, -9.688040173347691e-03,  2.254060326332195e-02, -2.121914624754078e-03, -4.950293704994368e-03,  1.107709646084186e-02, -6.051813632096861e-02,  6.303869838366323e-02
  2.140000000000000e+00,  6.293030020260346e-01,  9.015427360916916e-01, -2.860318680457829e-01, -5.826834829602840e-02, -9.557313293362911e-02,  1.423418217771029e-01,  0.000000000000000e+00,  5.204170427930421e-18,  0.000000000000000e+00,  6.351534427198120e-03,  2.166191320371858e-02, -7.524901977100908e-02,  9.844878362127073e-03,  2.350076315057273e-02, -7.707323843210440e-02,  1.095639688687035e-02,  2.296606210219939e-02, -7.388085577511706e-02,  9.897807815670172e-03,  2.209228234022297e-02, -6.795214512645613e-02,  8.786289290903870e-03,  2.123154406723094e-02, -5.700683315972737e-02,  7.039617323417884e-03,  1.894928349489541e-02, -4.013281054439388e-02,  0.000000000000000e+00,  0.000000000000000e+00,  0.000000000000000e+00,  0.000000000000000e+00,  0.000000000000000e+00,  0.000000000000000e+00,  0.000000000000000e+00,  0.000000000000000e+00,  0.000000000000000e+00,  0.000000000000000e+00,  0.000000000000000e+00,  0.000000000000000e+00,  0.000000000000000e+00,  0.000000000000000e+00,  0.000000000000000e+00,  0.000000000000000e+00,  0.000000000000000e+00,  0.000000000000000e+00,  0.000000000000000e+00,  0.000000000000000e+00,  0.000000000000000e+00,  0.000000000000000e+00,  0.000000000000000e+00,  0.000000000000000e+00,  0.000000000000000e+00,  0.000000000000000e+00,  0.000000000000000e+00,  0.000000000000000e+00,  0.000000000000000e+00,  0.000000000000000e+00,  0.000000000000000e+00,  0.000000000000000e+00,  0.000000000000000e+00, -2.792126240898682e-03, -7.982558110378547e-03,  1.472681135271815e-02, -3.100459200024047e-03, -1.472609320616907e-02,  2.285194865075075e-02, -3.254625679595762e-03, -1.582293325186892e-02,  2.831102527288660e-02, -3.066199982360414e-03, -1.472609320616669e-02,  2.793015946205402e-02, -2.809255849754952e-03, -9.566882620832695e-03,  2.221717229937091e-02, -2.106941887306310e-03, -4.888385882690162e-03,  1.091815324427237e-02, -5.976382570702245e-02,  6.213382144796240e-02
  2.150000000000000e+00,  6.423253098851205e-01,  8.998675977049139e-01, -2.861852771186288e-01, -5.753233646006079e-02, -1.023669767170831e-01,  1.409542041055927e-01, -6.071532165918823e-18,  1.908195823574487e-17,  0.000000000000000e+00,  5.785694834840639e-03,  2.233708826470101e-02, -7.490145745359149e-02,  8.967826993971854e-03,  2.423325289162660e-02, -7.671725036153632e-02,  9.980323590052262e-03,  2.368188587245251e-02, -7.353961277255912e-02,  9.016041117578755e-03,  2.278087147526508e-02, -6.763828582163253e-02,  8.003544521475055e-03,  2.189330505415471e-02, -5.674352837379938e-02,  6.412478441887120e-03,  1.953990924059586e-02, -3.994744397509795e-02,  0.000000000000000e+00,  0.000000000000000e+00,  0.000000000000000e+00,  0.000000000000000e+00,  0.000000000000000e+00,  0.000000000000000e+00,  0.000000000000000e+00,  0.000000000000000e+00,  0.000000000000000e+00,  0.000000000000000e+00,  0.000000000000000e+00,  0.000000000000000e+00,  0.000000000000000e+00,  0.000000000000000e+00,  0.000000000000000e+00,  0.000000000000000e+00,  0.000000000000000e+00,  0.000000000000000e+00,  0.000000000000000e+00,  0.000000000000000e+00,  0.000000000000000e+00,  0.000000000000000e+00,  0.000000000000000e+00,  0.000000000000000e+00,  0.000000000000000e+00,  0.000000000000000e+00,  0.000000000000000e+00,  0.000000000000000e+00,  0.000000000000000e+00,  0.000000000000000e+00,  0.000000000000000e+00,  0.000000000000000e+00,  0.000000000000000e+00, -2.635258532831274e-03, -7.899402942053598e-03,  1.450304489518301e-02, -2.926268677569278e-03, -1.457268990582410e-02,  2.250472483733304e-02, -3.071773749947670e-03, -1.565810405053269e-02,  2.788085354848599e-02, -2.893934217060516e-03, -1.457268990582162e-02,  2.750577480121063e-02, -2.651425763111115e-03, -9.467223373298134e-03,  2.187959359188211e-02, -1.988569322322844e-03, -4.837463040000854e-03,  1.075225742230719e-02, -5.916910859054392e-02,  6.117838594668963e-02
  2.160000000000000e+00,  6.554612010245605e-01,  8.984008095737267e-01, -2.864229288233249e-01, -5.492040856848383e-02, -1.088279153584656e-01,  1.390984092926878e-01,  0.000000000000000e+00, -1.301042606982605e-18,  0.000000000000000e+00,  4.929439652534260e-03,  2.293880729449211e-02, -7.443083235022252e-02,  7.640631461397193e-03,  2.488605102027421e-02, -7.623521616475196e-02,  8.503283400574475e-03,  2.431983121348945e-02, -7.307754448925027e-02,  7.681710125152647e-03,  2.339454518776744e-02, -6.721329709192161e-02,  6.819058185952930e-03,  2.248306940123490e-02, -5.638699420457791e-02,  5.463462281499234e-03,  2.006627754299607e-02, -3.969644391996503e-02,  0.000000000000000e+00,  0.000000000000000e+00,  0.000000000000000e+00,  0.000000000000000e+00,  0.000000000000000e+00,  0.000000000000000e+00,  0.000000000000000e+00,  0.000000000000000e+00,  0.000000000000000e+00,  0.000000000000000e+00,  0.000000000000000e+00,  0.000000000000000e+00,  0.000000000000000e+00,  0.000000000000000e+00,  0.000000000000000e+00,  0.000000000000000e+00,  0.000000000000000e+00,  0.000000000000000e+00,  0.000000000000000e+00,  0.000000000000000e+00,  0.000000000000000e+00,  0.000000000000000e+00,  0.000000000000000e+00,  0.000000000000000e+00,  0.000000000000000e+00,  0.000000000000000e+00,  0.000000000000000e+00,  0.000000000000000e+00,  0.000000000000000e+00,  0.000000000000000e+00,  0.000000000000000e+00,  0.000000000000000e+00,  0.000000000000000e+00, -2.339559617465299e-03, -7.833848062207112e-03,  1.426822776784861e-02, -2.597915894249128e-03, -1.445175533104365e-02,  2.214035343284760e-02, -2.727094032650482e-03, -1.552816193500995e-02,  2.742943786403997e-02, -2.569209641291008e-03, -1.445175533104111e-02,  2.706043197350616e-02, -2.353912743969986e-03, -9.388657601268263e-03,  2.152534361529938e-02, -1.765434557966620e-03, -4.797318321384057e-03,  1.057816886238671e-02, -5.873056461145144e-02,  6.016544476558335e-02
  2.170000000000000e+00,  6.687141676941651e-01,  8.971706503363122e-01, -2.867458702771829e-01, -5.049120219136728e-02, -1.149144494919069e-01,  1.368077892875792e-01,  0.000000000000000e+00, -3.903127820947815e-18,  0.000000000000000e+00,  3.795004918840405e-03,  2.346134901900969e-02, -7.383720717254390e-02,  5.882257624173091e-03,  2.545295059136448e-02, -7.562720007367502e-02,  6.546383484955128e-03,  2.487383240366144e-02, -7.249471249662023e-02,  5.913882665149683e-03,  2.392746853595098e-02, -6.667723556783597e-02,  5.249756804347112e-03,  2.299522950208656e-02, -5.593727816088172e-02,  4.206130451659363e-03,  2.052338357895266e-02, -3.937984382520263e-02,  0.000000000000000e+00,  0.000000000000000e+00,  0.000000000000000e+00,  0.000000000000000e+00,  0.000000000000000e+00,  0.000000000000000e+00,  0.000000000000000e+00,  0.000000000000000e+00,  0.000000000000000e+00,  0.000000000000000e+00,  0.000000000000000e+00,  0.000000000000000e+00,  0.000000000000000e+00,  0.000000000000000e+00,  0.000000000000000e+00,  0.000000000000000e+00,  0.000000000000000e+00,  0.000000000000000e+00,  0.000000000000000e+00,  0.000000000000000e+00,  0.000000000000000e+00,  0.000000000000000e+00,  0.000000000000000e+00,  0.000000000000000e+00,  0.000000000000000e+00,  0.000000000000000e+00,  0.000000000000000e+00,  0.000000000000000e+00,  0.000000000000000e+00,  0.000000000000000e+00,  0.000000000000000e+00,  0.000000000000000e+00,  0.000000000000000e+00, -1.912986142077635e-03, -7.784764149311453e-03,  1.401913288000262e-02, -2.124236145506057e-03, -1.436120612786462e-02,  2.175382688274123e-02, -2.229861147229490e-03, -1.543086837738721e-02,  2.695057441585239e-02, -2.100763922920499e-03, -1.436120612786202e-02,  2.658801063448683e-02, -1.924722253395576e-03, -9.329831843065021e-03,  2.114955391380676e-02, -1.443541690035524e-03, -4.767260149110364e-03,  1.039349506622486e-02, -5.843698755123851e-02,  5.908213449006588e-02
  2.180000000000000e+00,  6.820851428773399e-01,  8.962029929320764e-01, -2.871519553101278e-01, -4.441646892085981e-02, -1.206040634461083e-01,  1.341528734612280e-01, -1.734723475976807e-18, -1.040834085586084e-17,  0.000000000000000e+00,  2.412234751582148e-03,  2.390147970530525e-02, -7.312875585987838e-02,  3.738963864924692e-03,  2.593044336481694e-02, -7.490157418373293e-02,  4.161104946438201e-03,  2.534046102411088e-02, -7.179914211691288e-02,  3.759065821176734e-03,  2.437634354051720e-02, -6.603748256427834e-02,  3.336924739645310e-03,  2.342661587011110e-02, -5.540057262098481e-02,  2.673560182953868e-03,  2.090839856220786e-02, -3.900200312511591e-02,  0.000000000000000e+00,  0.000000000000000e+00,  0.000000000000000e+00,  0.000000000000000e+00,  0.000000000000000e+00,  0.000000000000000e+00,  0.000000000000000e+00,  0.000000000000000e+00,  0.000000000000000e+00,  0.000000000000000e+00,  0.000000000000000e+00,  0.000000000000000e+00,  0.000000000000000e+00,  0.000000000000000e+00,  0.000000000000000e+00,  0.000000000000000e+00,  0.000000000000000e+00,  0.000000000000000e+00,  0.000000000000000e+00,  0.000000000000000e+00,  0.000000000000000e+00,  0.000000000000000e+00,  0.000000000000000e+00,  0.000000000000000e+00,  0.000000000000000e+00,  0.000000000000000e+00,  0.000000000000000e+00,  0.000000000000000e+00,  0.000000000000000e+00,  0.000000000000000e+00,  0.000000000000000e+00,  0.000000000000000e+00,  0.000000000000000e+00, -1.372060075994023e-03, -7.750307799780699e-03,  1.375207764356020e-02, -1.523575912615945e-03, -1.429764161537139e-02,  2.133943082619168e-02, -1.599333830935700e-03, -1.536256940465310e-02,  2.643718374579333e-02, -1.506740819674974e-03, -1.429764161536875e-02,  2.608152656537005e-02, -1.380477622488724e-03, -9.288536828741820e-03,  2.074666885882743e-02, -1.035358216855185e-03, -4.746159653468919e-03,  1.019550583920662e-02, -5.827025064693776e-02,  5.791422278764835e-02
  2.190000000000000e+00,  6.955691508283784e-01,  8.955225425078381e-01, -2.876353210471020e-01, -3.695832901296620e-02, -1.258928564248963e-01,  1.312404600491104e-01,  0.000000000000000e+00,  9.540979117872439e-18,  0.000000000000000e+00,  8.247963759734654e-04,  2.425799480382016e-02, -7.232340566359483e-02,  1.278434382733500e-03,  2.631722253852200e-02, -7.407670034632770e-02,  1.422773748517430e-03,  2.571844000573936e-02, -7.100843465147189e-02,  1.285307685858487e-03,  2.473994172045948e-02, -6.531022693248438e-02,  1.140968320059690e-03,  2.377604788719834e-02, -5.479045883592357e-02,  9.141493166610173e-04,  2.122026878384640e-02, -3.857248302043347e-02,  0.000000000000000e+00,  0.000000000000000e+00,  0.000000000000000e+00,  0.000000000000000e+00,  0.000000000000000e+00,  0.000000000000000e+00,  0.000000000000000e+00,  0.000000000000000e+00,  0.000000000000000e+00,  0.000000000000000e+00,  0.000000000000000e+00,  0.000000000000000e+00,  0.000000000000000e+00,  0.000000000000000e+00,  0.000000000000000e+00,  0.000000000000000e+00,  0.000000000000000e+00,  0.000000000000000e+00,  0.000000000000000e+00,  0.000000000000000e+00,  0.000000000000000e+00,  0.000000000000000e+00,  0.000000000000000e+00,  0.000000000000000e+00,  0.000000000000000e+00,  0.000000000000000e+00,  0.000000000000000e+00,  0.000000000000000e+00,  0.000000000000000e+00,  0.000000000000000e+00,  0.000000000000000e+00,  0.000000000000000e+00,  0.000000000000000e+00, -7.403052789209196e-04, -7.727733426743118e-03,  1.346383403312693e-02, -8.220567821239768e-04, -1.425599677961497e-02,  2.089215625827718e-02, -8.629325337338010e-04, -1.531782274664720e-02,  2.588306025332081e-02, -8.129732817843695e-04, -1.425599677961231e-02,  2.553485764902906e-02, -7.448470291137190e-04, -9.261482045788324e-03,  2.031181858446528e-02, -5.586352718237199e-04, -4.732335482702833e-03,  9.981807990091717e-03, -5.820426152672842e-02,  5.664987515122966e-02
  2.200000000000000e+00,  7.091535125997118e-01,  8.951523051308959e-01, -2.881861867569508e-01, -2.844742421039142e-02, -1.307980822880600e-01,  1.282122748871991e-01, -1.734723475976807e-18,  1.452830911130576e-17,  0.000000000000000e+00, -9.133827558030371e-04,  2.453082903076004e-02, -7.144945029753931e-02, -1.415743271517696e-03,  2.661321728683390e-02, -7.318155818351987e-02, -1.575585253792627e-03,  2.600770013436148e-02, -7.015036938298222e-02, -1.423354794487621e-03,  2.501819649495452e-02, -6.452101875344218e-02, -1.263512812224305e-03,  2.404346156658300e-02, -5.412837143739904e-02, -1.012332554384051e-03,  2.145893713528727e-02, -3.810637349187306e-02,  0.000000000000000e+00,  0.000000000000000e+00,  0.000000000000000e+00,  0.000000000000000e+00,  0.000000000000000e+00,  0.000000000000000e+00,  0.000000000000000e+00,  0.000000000000000e+00,  0.000000000000000e+00,  0.000000000000000e+00,  0.000000000000000e+00,  0.000000000000000e+00,  0.000000000000000e+00,  0.000000000000000e+00,  0.000000000000000e+00,  0.000000000000000e+00,  0.000000000000000e+00,  0.000000000000000e+00,  0.000000000000000e+00,  0.000000000000000e+00,  0.000000000000000e+00,  0.000000000000000e+00,  0.000000000000000e+00,  0.000000000000000e+00,  0.000000000000000e+00,  0.000000000000000e+00,  0.000000000000000e+00,  0.000000000000000e+00,  0.000000000000000e+00,  0.000000000000000e+00,  0.000000000000000e+00,  0.000000000000000e+00,  0.000000000000000e+00, -4.688220873777690e-05, -7.712765420779025e-03,  1.315217329889203e-02, -5.205938517243699e-05, -1.422838404596610e-02,  2.040854477411836e-02, -5.464797339751440e-05, -1.528815334042309e-02,  2.528391935905643e-02, -5.148414336184395e-05, -1.422838404596341e-02,  2.494377694616699e-02, -4.716982966474428e-05, -9.243543290548805e-03,  1.984164075264325e-02, -3.537737223682100e-05, -4.723169324682410e-03,  9.750749169882104e-03, -5.820061547482792e-02,  5.528193807190594e-02
  2.210000000000000e+00,  7.228175926553868e-01,  8.951109244783622e-01, -2.887915165760581e-01, -1.926131250830671e-02, -1.353617544566159e-01,  1.252361122939338e-01, -3.469446951953614e-18,  1.257674520083185e-17,  0.000000000000000e+00, -2.741470230426917e-03,  2.472003660838942e-02, -7.054365131334005e-02, -4.249278857182478e-03,  2.681848643487019e-02, -7.225380043606770e-02, -4.729036147514533e-03,  2.620829889667665e-02, -6.926103947122406e-02, -4.272124442437591e-03,  2.521116316353010e-02, -6.370305482225783e-02, -3.792367152113801e-03,  2.422891005326594e-02, -5.344216008573500e-02, -3.038462838751590e-03,  2.162445104877012e-02, -3.762328070030243e-02,  0.000000000000000e+00,  0.000000000000000e+00,  0.000000000000000e+00,  0.000000000000000e+00,  0.000000000000000e+00,  0.000000000000000e+00,  0.000000000000000e+00,  0.000000000000000e+00,  0.000000000000000e+00,  0.000000000000000e+00,  0.000000000000000e+00,  0.000000000000000e+00,  0.000000000000000e+00,  0.000000000000000e+00,  0.000000000000000e+00,  0.000000000000000e+00,  0.000000000000000e+00,  0.000000000000000e+00,  0.000000000000000e+00,  0.000000000000000e+00,  0.000000000000000e+00,  0.000000000000000e+00,  0.000000000000000e+00,  0.000000000000000e+00,  0.000000000000000e+00,  0.000000000000000e+00,  0.000000000000000e+00,  0.000000000000000e+00,  0.000000000000000e+00,  0.000000000000000e+00,  0.000000000000000e+00,  0.000000000000000e+00,  0.000000000000000e+00,  6.748192430180072e-04, -7.698938419153317e-03,  1.281616985798640e-02,  7.493391594149475e-04, -1.420287621853947e-02,  1.988716012443561e-02,  7.865991176062450e-04, -1.526074561964329e-02,  2.463798170972656e-02,  7.410591686894909e-04, -1.420287621853674e-02,  2.430652904099785e-02,  6.789592383603764e-04, -9.226971998524009e-03,  1.933473900989511e-02,  5.092194287822874e-04, -4.714701898750367e-03,  9.501643170589078e-03, -5.820405864880984e-02,  5.380923726231730e-02
  2.220000000000000e+00,  7.365332326985660e-01,  8.954087592460269e-01, -2.894364744200156e-01, -9.797322669862482e-03, -1.396506848675281e-01,  1.224820755286173e-01,  3.469446951953614e-18,  7.806255641895632e-18,  0.000000000000000e+00, -4.595895443736451e-03,  2.482540605353159e-02, -6.964574724010508e-02, -7.123637937810207e-03,  2.693280054693902e-02, -7.133412899136080e-02, -7.927919640469452e-03,  2.632001207722783e-02, -6.837946092659442e-02, -7.161937066506204e-03,  2.531862604135727e-02, -6.289222023491366e-02, -6.357655363851966e-03,  2.433218606572307e-02, -5.276192972722554e-02, -5.093784116829213e-03,  2.171662552426157e-02, -3.714439852791224e-02,  0.000000000000000e+00,  0.000000000000000e+00,  0.000000000000000e+00,  0.000000000000000e+00,  0.000000000000000e+00,  0.000000000000000e+00,  0.000000000000000e+00,  0.000000000000000e+00,  0.000000000000000e+00,  0.000000000000000e+00,  0.000000000000000e+00,  0.000000000000000e+00,  0.000000000000000e+00,  0.000000000000000e+00,  0.000000000000000e+00,  0.000000000000000e+00,  0.000000000000000e+00,  0.000000000000000e+00,  0.000000000000000e+00,  0.000000000000000e+00,  0.000000000000000e+00,  0.000000000000000e+00,  0.000000000000000e+00,  0.000000000000000e+00,  0.000000000000000e+00,  0.000000000000000e+00,  0.000000000000000e+00,  0.000000000000000e+00,  0.000000000000000e+00,  0.000000000000000e+00,  0.000000000000000e+00,  0.000000000000000e+00,  0.000000000000000e+00,  1.389766741942836e-03, -7.677550585419002e-03,  1.245646899553147e-02,  1.543237915889442e-03, -1.416342029116694e-02,  1.932900361372767e-02,  1.619973502856083e-03, -1.521835090595608e-02,  2.394648781034812e-02,  1.526185563214790e-03, -1.416342029116416e-02,  2.362433775013096e-02,  1.398292918261097e-03, -9.201339251224024e-03,  1.879208684670549e-02,  1.048719688708055e-03, -4.701604344928321e-03,  9.234968393250671e-03, -5.814277235605524e-02,  5.223761600931950e-02
  2.230000000000000e+00,  7.502651246671488e-01,  8.960444317199450e-01, -2.901065636980614e-01, -4.331842901259711e-04, -1.437478480255716e-01,  1.200886998982076e-01,  0.000000000000000e+00,  6.034262716239636e-18,  0.000000000000000e+00, -6.416348521862307e-03,  2.484618817803722e-02, -6.879095837426670e-02, -9.945340208903423e-03,  2.695534683734202e-02, -7.045861797119954e-02, -1.106820120023282e-02,  2.634204538322099e-02, -6.754021367649962e-02, -9.998809779913900e-03,  2.533982105575381e-02, -6.212031998637012e-02, -8.875948788586326e-03,  2.435255530033789e-02, -5.211436240462238e-02, -7.111452945078567e-03,  2.173480519127336e-02, -3.668851113280008e-02,  0.000000000000000e+00,  0.000000000000000e+00,  0.000000000000000e+00,  0.000000000000000e+00,  0.000000000000000e+00,  0.000000000000000e+00,  0.000000000000000e+00,  0.000000000000000e+00,  0.000000000000000e+00,  0.000000000000000e+00,  0.000000000000000e+00,  0.000000000000000e+00,  0.000000000000000e+00,  0.000000000000000e+00,  0.000000000000000e+00,  0.000000000000000e+00,  0.000000000000000e+00,  0.000000000000000e+00,  0.000000000000000e+00,  0.000000000000000e+00,  0.000000000000000e+00,  0.000000000000000e+00,  0.000000000000000e+00,  0.000000000000000e+00,  0.000000000000000e+00,  0.000000000000000e+00,  0.000000000000000e+00,  0.000000000000000e+00,  0.000000000000000e+00,  0.000000000000000e+00,  0.000000000000000e+00,  0.000000000000000e+00,  0.000000000000000e+00,  2.065361009787853e-03, -7.638351785937408e-03,  1.207553342889810e-02,  2.293437685704788e-03, -1.409110698423521e-02,  1.873789669998355e-02,  2.407476023657127e-03, -1.514065150443902e-02,  2.321417202276393e-02,  2.268095832811963e-03, -1.409110698423234e-02,  2.290187374444176e-02,  2.078031936216437e-03, -9.154360537341408e-03,  1.821739956945295e-02,  1.558523952174817e-03, -4.677599651776679e-03,  8.952550645572993e-03, -5.793436784688593e-02,  5.058068000429138e-02
  2.240000000000000e+00,  7.639713604177444e-01,  8.970030529045427e-01, -2.907901677258289e-01,  8.519785360186286e-03, -1.477348097360237e-01,  1.181346394837653e-01,  0.000000000000000e+00,  1.084202172485504e-18,  0.000000000000000e+00, -8.152750195354509e-03,  2.477989297103441e-02, -6.800391381561564e-02, -1.263676280281463e-02,  2.688342392161722e-02, -6.965249354446046e-02, -1.406349408700342e-02,  2.627175889343667e-02, -6.676747901891604e-02, -1.270470238776781e-02,  2.527220872543311e-02, -6.140959490007467e-02, -1.127797110357789e-02,  2.428757721665304e-02, -5.151811652685828e-02, -9.035964799859346e-03,  2.167681185245628e-02, -3.626875403485466e-02,  0.000000000000000e+00,  0.000000000000000e+00,  0.000000000000000e+00,  0.000000000000000e+00,  0.000000000000000e+00,  0.000000000000000e+00,  0.000000000000000e+00,  0.000000000000000e+00,  0.000000000000000e+00,  0.000000000000000e+00,  0.000000000000000e+00,  0.000000000000000e+00,  0.000000000000000e+00,  0.000000000000000e+00,  0.000000000000000e+00,  0.000000000000000e+00,  0.000000000000000e+00,  0.000000000000000e+00,  0.000000000000000e+00,  0.000000000000000e+00,  0.000000000000000e+00,  0.000000000000000e+00,  0.000000000000000e+00,  0.000000000000000e+00,  0.000000000000000e+00,  0.000000000000000e+00,  0.000000000000000e+00,  0.000000000000000e+00,  0.000000000000000e+00,  0.000000000000000e+00,  0.000000000000000e+00,  0.000000000000000e+00,  0.000000000000000e+00,  2.675637398669000e-03, -7.570636065148340e-03,  1.167769223036976e-02,  2.971106559247488e-03, -1.396618612527315e-02,  1.812055690916072e-02,  3.118841139531063e-03, -1.500642619529223e-02,  2.244935661524297e-02,  2.938276652504129e-03, -1.396618612527027e-02,  2.214734733343373e-02,  2.692052352024101e-03, -9.073205055174281e-03,  1.761720810615134e-02,  2.019039264030704e-03, -4.636131670089068e-03,  8.657599412179782e-03, -5.749480255940356e-02,  4.885958003535619e-02
  2.250000000000000e+00,  7.776051086884285e-01,  8.982564561891216e-01, -2.914803955607195e-01,  1.685401804153975e-02, -1.516723472162987e-01,  1.166294553786169e-01,  0.000000000000000e+00, -1.084202172485504e-17,  0.000000000000000e+00, -9.770720835968817e-03,  2.462097998131652e-02, -6.729649040993446e-02, -1.514461729576519e-02,  2.671102102729370e-02, -6.892792048046029e-02, -1.685449344205989e-02,  2.610327859548783e-02, -6.607291785697601e-02, -1.522603996938741e-02,  2.511013852399914e-02, -6.077077012767369e-02, -1.351616382308886e-02,  2.413182143865140e-02, -5.098218970437510e-02, -1.082921559320098e-02,  2.153779886385894e-02, -3.589146155182735e-02,  0.000000000000000e+00,  0.000000000000000e+00,  0.000000000000000e+00,  0.000000000000000e+00,  0.000000000000000e+00,  0.000000000000000e+00,  0.000000000000000e+00,  0.000000000000000e+00,  0.000000000000000e+00,  0.000000000000000e+00,  0.000000000000000e+00,  0.000000000000000e+00,  0.000000000000000e+00,  0.000000000000000e+00,  0.000000000000000e+00,  0.000000000000000e+00,  0.000000000000000e+00,  0.000000000000000e+00,  0.000000000000000e+00,  0.000000000000000e+00,  0.000000000000000e+00,  0.000000000000000e+00,  0.000000000000000e+00,  0.000000000000000e+00,  0.000000000000000e+00,  0.000000000000000e+00,  0.000000000000000e+00,  0.000000000000000e+00,  0.000000000000000e+00,  0.000000000000000e+00,  0.000000000000000e+00,  0.000000000000000e+00,  0.000000000000000e+00,  3.204083327475544e-03, -7.464597193012067e-03,  1.126886271023104e-02,  3.557908480192091e-03, -1.377056734079786e-02,  1.748616627445930e-02,  3.734821056545241e-03, -1.479623718411117e-02,  2.166341710669447e-02,  3.518594574323112e-03, -1.377056734079498e-02,  2.137198100212943e-02,  3.223740280394753e-03, -8.946120300018555e-03,  1.700043943352299e-02,  2.417805210308622e-03, -4.571195227610401e-03,  8.354501664488893e-03, -5.674889129007986e-02,  4.710143253950912e-02
  2.260000000000000e+00,  7.911182080177315e-01,  8.997655347643203e-01, -2.921753439564199e-01,  2.447976928314114e-02, -1.555878552540258e-01,  1.155275248567996e-01,  0.000000000000000e+00,  1.084202172485504e-17,  0.000000000000000e+00, -1.125364201785254e-02,  2.436123449989223e-02, -6.666996792078239e-02, -1.744314512768335e-02,  2.642922611005919e-02, -6.828620956732966e-02, -1.941253248080631e-02,  2.582789521632581e-02, -6.545778668581062e-02, -1.753692547781902e-02,  2.484523253632129e-02, -6.020500133444254e-02, -1.556753812468989e-02,  2.387723646348045e-02, -5.050755145502169e-02, -1.247278656978352e-02,  2.131058020972902e-02, -3.555731622428404e-02,  0.000000000000000e+00,  0.000000000000000e+00,  0.000000000000000e+00,  0.000000000000000e+00,  0.000000000000000e+00,  0.000000000000000e+00,  0.000000000000000e+00,  0.000000000000000e+00,  0.000000000000000e+00,  0.000000000000000e+00,  0.000000000000000e+00,  0.000000000000000e+00,  0.000000000000000e+00,  0.000000000000000e+00,  0.000000000000000e+00,  0.000000000000000e+00,  0.000000000000000e+00,  0.000000000000000e+00,  0.000000000000000e+00,  0.000000000000000e+00,  0.000000000000000e+00,  0.000000000000000e+00,  0.000000000000000e+00,  0.000000000000000e+00,  0.000000000000000e+00,  0.000000000000000e+00,  0.000000000000000e+00,  0.000000000000000e+00,  0.000000000000000e+00,  0.000000000000000e+00,  0.000000000000000e+00,  0.000000000000000e+00,  0.000000000000000e+00,  3.644497222440601e-03, -7.312892651035294e-03,  1.085589748224689e-02,  4.046957038405026e-03, -1.349070527226566e-02,  1.684535816206716e-02,  4.248186946382623e-03, -1.449553021668141e-02,  2.086952705633974e-02,  4.002239281064994e-03, -1.349070527226279e-02,  2.058877108698038e-02,  3.666856101096739e-03, -8.764306459634255e-03,  1.637743154647252e-02,  2.750142075834873e-03, -4.478293888079256e-03,  8.048337788567726e-03, -5.564195003078973e-02,  4.533628359981113e-02
  2.270000000000000e+00,  8.044663768569957e-01,  9.014845140374208e-01, -2.928770716025333e-01,  3.141321525867478e-02, -1.594716171258604e-01,  1.147591175309856e-01,  0.000000000000000e+00, -2.168404344971009e-18,  0.000000000000000e+00, -1.260089245152086e-02,  2.399159708313013e-02, -6.612015956061761e-02, -1.953138329986761e-02,  2.602821068260268e-02, -6.772307251964683e-02, -2.173653947888135e-02,  2.543600389126969e-02, -6.491797484128815e-02, -1.963639073694895e-02,  2.446825132982190e-02, -5.970850772435908e-02, -1.743123455792710e-02,  2.351494283645503e-02, -5.009102997005432e-02, -1.396598913376156e-02,  2.098723092221785e-02, -3.526408509886975e-02,  0.000000000000000e+00,  0.000000000000000e+00,  0.000000000000000e+00,  0.000000000000000e+00,  0.000000000000000e+00,  0.000000000000000e+00,  0.000000000000000e+00,  0.000000000000000e+00,  0.000000000000000e+00,  0.000000000000000e+00,  0.000000000000000e+00,  0.000000000000000e+00,  0.000000000000000e+00,  0.000000000000000e+00,  0.000000000000000e+00,  0.000000000000000e+00,  0.000000000000000e+00,  0.000000000000000e+00,  0.000000000000000e+00,  0.000000000000000e+00,  0.000000000000000e+00,  0.000000000000000e+00,  0.000000000000000e+00,  0.000000000000000e+00,  0.000000000000000e+00,  0.000000000000000e+00,  0.000000000000000e+00,  0.000000000000000e+00,  0.000000000000000e+00,  0.000000000000000e+00,  0.000000000000000e+00,  0.000000000000000e+00,  0.000000000000000e+00,  3.999802818600968e-03, -7.111889479404530e-03,  1.044554555015829e-02,  4.441498835368908e-03, -1.311989789457535e-02,  1.620860516399637e-02,  4.662346843748782e-03, -1.409710408258389e-02,  2.008066084206098e-02,  4.392421500162869e-03, -1.311989789457259e-02,  1.981051742266832e-02,  4.024341486191668e-03, -8.523409528748679e-03,  1.575836613167856e-02,  3.018256114655470e-03, -4.355202887301154e-03,  7.744111356155259e-03, -5.414867273812925e-02,  4.359266442801742e-02
  2.280000000000000e+00,  8.176144113975635e-01,  9.033661455589072e-01, -2.935900966983656e-01,  3.774225053174168e-02, -1.632781989897923e-01,  1.142643260163492e-01,  0.000000000000000e+00, -1.344410693882025e-17,  0.000000000000000e+00, -1.382274837742510e-02,  2.350355797648921e-02, -6.564292966772670e-02, -2.142525998501748e-02,  2.549874260905245e-02, -6.723427341723277e-02, -2.384424095106360e-02,  2.491858253859358e-02, -6.444942185554477e-02, -2.154044955481390e-02,  2.397051608198910e-02, -5.927755466957305e-02, -1.912146858875849e-02,  2.303659987100507e-02, -4.972949217241873e-02, -1.532021278496877e-02,  2.056030688732910e-02, -3.500956248933765e-02,  0.000000000000000e+00,  0.000000000000000e+00,  0.000000000000000e+00,  0.000000000000000e+00,  0.000000000000000e+00,  0.000000000000000e+00,  0.000000000000000e+00,  0.000000000000000e+00,  0.000000000000000e+00,  0.000000000000000e+00,  0.000000000000000e+00,  0.000000000000000e+00,  0.000000000000000e+00,  0.000000000000000e+00,  0.000000000000000e+00,  0.000000000000000e+00,  0.000000000000000e+00,  0.000000000000000e+00,  0.000000000000000e+00,  0.000000000000000e+00,  0.000000000000000e+00,  0.000000000000000e+00,  0.000000000000000e+00,  0.000000000000000e+00,  0.000000000000000e+00,  0.000000000000000e+00,  0.000000000000000e+00,  0.000000000000000e+00,  0.000000000000000e+00,  0.000000000000000e+00,  0.000000000000000e+00,  0.000000000000000e+00,  0.000000000000000e+00,  4.279100714804732e-03, -6.861937761719397e-03,  1.004320669431955e-02,  4.751639444037601e-03, -1.265879103625045e-02,  1.558428624976234e-02,  4.987908808650643e-03, -1.360165271343205e-02,  1.930719907609151e-02,  4.699135140781157e-03, -1.265879103624789e-02,  1.904746097193458e-02,  4.305352866422346e-03, -8.223849073202606e-03,  1.515138940950372e-02,  3.229014649827503e-03, -4.202136610652737e-03,  7.445825652686457e-03, -5.227446043481816e-02,  4.189254274017954e-02
  2.290000000000000e+00,  8.305393982501558e-01,  9.053662161177330e-01, -2.943199631250619e-01,  4.357856683221144e-02, -1.669305289475776e-01,  1.140136863608426e-01, -6.938893903907228e-18, -1.734723475976807e-18,  0.000000000000000e+00, -1.493324260891395e-02,  2.288940660620217e-02, -6.523738231029604e-02, -2.314652604382347e-02,  2.483245677566438e-02, -6.681889460871474e-02, -2.575984350037964e-02,  2.426745637178087e-02, -6.405124808643597e-02, -2.327096973221576e-02,  2.334416302884804e-02, -5.891133311650747e-02, -2.065765227564981e-02,  2.243465018357053e-02, -4.942225932589166e-02, -1.655101055820021e-02,  2.002306309381402e-02, -3.479327056538742e-02,  0.000000000000000e+00,  0.000000000000000e+00,  0.000000000000000e+00,  0.000000000000000e+00,  0.000000000000000e+00,  0.000000000000000e+00,  0.000000000000000e+00,  0.000000000000000e+00,  0.000000000000000e+00,  0.000000000000000e+00,  0.000000000000000e+00,  0.000000000000000e+00,  0.000000000000000e+00,  0.000000000000000e+00,  0.000000000000000e+00,  0.000000000000000e+00,  0.000000000000000e+00,  0.000000000000000e+00,  0.000000000000000e+00,  0.000000000000000e+00,  0.000000000000000e+00,  0.000000000000000e+00,  0.000000000000000e+00,  0.000000000000000e+00,  0.000000000000000e+00,  0.000000000000000e+00,  0.000000000000000e+00,  0.000000000000000e+00,  0.000000000000000e+00,  0.000000000000000e+00,  0.000000000000000e+00,  0.000000000000000e+00,  0.000000000000000e+00,  4.493890452883626e-03, -6.566665147355186e-03,  9.651911695375336e-03,  4.990148294298055e-03, -1.211407692578217e-02,  1.497710435484926e-02,  5.238277215002427e-03, -1.301636679335661e-02,  1.855496817294748e-02,  4.935008534133898e-03, -1.211407692577982e-02,  1.830534976703811e-02,  4.521460332956891e-03, -7.869972733850370e-03,  1.456107367833500e-02,  3.391095249727144e-03, -4.021316570304354e-03,  7.155727636225877e-03, -5.004938501257875e-02,  4.024740607500875e-02
  2.300000000000000e+00,  8.432309896391295e-01,  9.074462429530371e-01, -2.950720805617939e-01,  4.901099629773983e-02, -1.703276534590792e-01,  1.140075236281370e-01,  0.000000000000000e+00,  1.257674520083185e-17,  0.000000000000000e+00, -1.594328526438849e-02,  2.214236939345233e-02, -6.490553906089186e-02, -2.471209215980731e-02,  2.402200460385488e-02, -6.647900667447849e-02, -2.750216708107140e-02,  2.347544401076138e-02, -6.372543835066305e-02, -2.484495287032958e-02,  2.258228401716856e-02, -5.861166860644883e-02, -2.205487794905593e-02,  2.170245476974840e-02, -4.917086292484116e-02, -1.767047450135037e-02,  1.936957418946279e-02, -3.461628749905350e-02,  0.000000000000000e+00,  0.000000000000000e+00,  0.000000000000000e+00,  0.000000000000000e+00,  0.000000000000000e+00,  0.000000000000000e+00,  0.000000000000000e+00,  0.000000000000000e+00,  0.000000000000000e+00,  0.000000000000000e+00,  0.000000000000000e+00,  0.000000000000000e+00,  0.000000000000000e+00,  0.000000000000000e+00,  0.000000000000000e+00,  0.000000000000000e+00,  0.000000000000000e+00,  0.000000000000000e+00,  0.000000000000000e+00,  0.000000000000000e+00,  0.000000000000000e+00,  0.000000000000000e+00,  0.000000000000000e+00,  0.000000000000000e+00,  0.000000000000000e+00,  0.000000000000000e+00,  0.000000000000000e+00,  0.000000000000000e+00,  0.000000000000000e+00,  0.000000000000000e+00,  0.000000000000000e+00,  0.000000000000000e+00,  0.000000000000000e+00,  4.654871214000950e-03, -6.231899729648082e-03,  9.271973854549467e-03,  5.168906071981712e-03, -1.149650713484676e-02,  1.438754563632871e-02,  5.425923500969940e-03, -1.235279870075162e-02,  1.782457042722384e-02,  5.111791087755948e-03, -1.149650713484475e-02,  1.758477799995500e-02,  4.683428706106792e-03, -7.468765324842975e-03,  1.398789159088168e-02,  3.512571529588068e-03, -3.816311793727337e-03,  6.874049581819041e-03, -4.751959615295944e-02,  3.865715994980490e-02
  2.310000000000000e+00,  8.556893744517489e-01,  9.095742749473730e-01, -2.958508794810772e-01,  5.407590158255352e-02, -1.733559799984496e-01,  1.142596142743544e-01,  0.000000000000000e+00,  1.387778780781446e-17,  0.000000000000000e+00, -1.685648083300885e-02,  2.125743216233273e-02, -6.464962863301084e-02, -2.612754529116738e-02,  2.306194627123735e-02, -6.621689235743897e-02, -2.907742943694017e-02,  2.253722940269249e-02, -6.347418083965863e-02, -2.626801596476313e-02,  2.167976525165506e-02, -5.838057373522079e-02, -2.331813181898162e-02,  2.083509907302070e-02, -4.897699138858194e-02, -1.868259958990500e-02,  1.859545390239558e-02, -3.447980193753287e-02,  0.000000000000000e+00,  0.000000000000000e+00,  0.000000000000000e+00,  0.000000000000000e+00,  0.000000000000000e+00,  0.000000000000000e+00,  0.000000000000000e+00,  0.000000000000000e+00,  0.000000000000000e+00,  0.000000000000000e+00,  0.000000000000000e+00,  0.000000000000000e+00,  0.000000000000000e+00,  0.000000000000000e+00,  0.000000000000000e+00,  0.000000000000000e+00,  0.000000000000000e+00,  0.000000000000000e+00,  0.000000000000000e+00,  0.000000000000000e+00,  0.000000000000000e+00,  0.000000000000000e+00,  0.000000000000000e+00,  0.000000000000000e+00,  0.000000000000000e+00,  0.000000000000000e+00,  0.000000000000000e+00,  0.000000000000000e+00,  0.000000000000000e+00,  0.000000000000000e+00,  0.000000000000000e+00,  0.000000000000000e+00,  0.000000000000000e+00,  4.770557567744672e-03, -5.864784493074049e-03,  8.901423585037864e-03,  5.297367605894849e-03, -1.081925892488196e-02,  1.381255383881462e-02,  5.560772624968288e-03, -1.162510717583790e-02,  1.711221947808108e-02,  5.238833157207140e-03, -1.081925892488026e-02,  1.688201024743636e-02,  4.799824792083201e-03, -7.028787522231800e-03,  1.342887178774056e-02,  3.599868594068839e-03, -3.591496525867955e-03,  6.599331278559589e-03, -4.474053217612350e-02,  3.711215073399318e-02
  2.320000000000000e+00,  8.679224142887091e-01,  9.117244863719196e-01, -2.966592641224556e-01,  5.875136782449460e-02, -1.759004283311653e-01,  1.147798070001127e-01,  1.734723475976807e-18,  2.862293735361732e-17,  0.000000000000000e+00, -1.766865008677057e-02,  2.023237012999228e-02, -6.446964869194860e-02, -2.738640763449679e-02,  2.194986813621141e-02, -6.603254926629236e-02, -3.047842139967832e-02,  2.145045382234796e-02, -6.329747326116675e-02, -2.753364638520935e-02,  2.063433774847244e-02, -5.821804639451373e-02, -2.444163262002030e-02,  1.983040251152030e-02, -4.884064294839678e-02, -1.958275384615902e-02,  1.769875604990149e-02, -3.438381263564890e-02,  0.000000000000000e+00,  0.000000000000000e+00,  0.000000000000000e+00,  0.000000000000000e+00,  0.000000000000000e+00,  0.000000000000000e+00,  0.000000000000000e+00,  0.000000000000000e+00,  0.000000000000000e+00,  0.000000000000000e+00,  0.000000000000000e+00,  0.000000000000000e+00,  0.000000000000000e+00,  0.000000000000000e+00,  0.000000000000000e+00,  0.000000000000000e+00,  0.000000000000000e+00,  0.000000000000000e+00,  0.000000000000000e+00,  0.000000000000000e+00,  0.000000000000000e+00,  0.000000000000000e+00,  0.000000000000000e+00,  0.000000000000000e+00,  0.000000000000000e+00,  0.000000000000000e+00,  0.000000000000000e+00,  0.000000000000000e+00,  0.000000000000000e+00,  0.000000000000000e+00,  0.000000000000000e+00,  0.000000000000000e+00,  0.000000000000000e+00,  4.847895617012018e-03, -5.473208007541234e-03,  8.536992646304829e-03,  5.383246053242047e-03, -1.009688500118914e-02,  1.324705755457906e-02,  5.650921271355895e-03, -1.084892884955297e-02,  1.641163241483358e-02,  5.323762671435478e-03, -1.009688500118786e-02,  1.619084812225859e-02,  4.877637307911391e-03, -6.559493566288288e-03,  1.287908373362063e-02,  3.658227980938492e-03, -3.351701595796311e-03,  6.329149720532943e-03, -4.177280769251302e-02,  3.559732151685708e-02
  2.330000000000000e+00,  8.799430187754157e-01,  9.138763381397880e-01, -2.974983700076219e-01,  6.297030418036914e-02, -1.778525370495265e-01,  1.155673326453419e-01,  0.000000000000000e+00,  2.602085213965211e-18,  0.000000000000000e+00, -1.837017497812529e-02,  1.906834357832901e-02, -6.436329836419509e-02, -2.847377121609572e-02,  2.068702897540636e-02, -6.592362074877689e-02, -3.168855183726486e-02,  2.021634740604461e-02, -6.319305657574106e-02, -2.862685600757173e-02,  1.944718484147730e-02, -5.812200882582365e-02, -2.541207538639649e-02,  1.868950231518700e-02, -4.876007451829284e-02, -2.036027726741238e-02,  1.668049561668748e-02, -3.432709246086108e-02,  0.000000000000000e+00,  0.000000000000000e+00,  0.000000000000000e+00,  0.000000000000000e+00,  0.000000000000000e+00,  0.000000000000000e+00,  0.000000000000000e+00,  0.000000000000000e+00,  0.000000000000000e+00,  0.000000000000000e+00,  0.000000000000000e+00,  0.000000000000000e+00,  0.000000000000000e+00,  0.000000000000000e+00,  0.000000000000000e+00,  0.000000000000000e+00,  0.000000000000000e+00,  0.000000000000000e+00,  0.000000000000000e+00,  0.000000000000000e+00,  0.000000000000000e+00,  0.000000000000000e+00,  0.000000000000000e+00,  0.000000000000000e+00,  0.000000000000000e+00,  0.000000000000000e+00,  0.000000000000000e+00,  0.000000000000000e+00,  0.000000000000000e+00,  0.000000000000000e+00,  0.000000000000000e+00,  0.000000000000000e+00,  0.000000000000000e+00,  4.893825406670795e-03, -5.065423084394047e-03,  8.175342953201731e-03,  5.434247844213973e-03, -9.344610015739538e-03,  1.268587699632135e-02,  5.704459062984841e-03, -1.004062234794584e-02,  1.571639205654824e-02,  5.374200906706933e-03, -9.344610015738547e-03,  1.550496077327691e-02,  4.923848875421595e-03, -6.070774230913812e-03,  1.233349152420192e-02,  3.692886656569807e-03, -3.101980887982933e-03,  6.061030120473723e-03, -3.867961757818263e-02,  3.409733327737839e-02
  2.340000000000000e+00,  8.917670846673245e-01,  9.160135929744901e-01, -2.983677224189892e-01,  6.664370355448899e-02, -1.791170008915535e-01,  1.166150423661268e-01,  0.000000000000000e+00, -1.040834085586084e-17,  0.000000000000000e+00, -1.894963339371123e-02,  1.777026943808217e-02, -6.432800467066105e-02, -2.937193176025326e-02,  1.927876311103243e-02, -6.588747145055253e-02, -3.268811760415050e-02,  1.884012310684210e-02, -6.315840458572985e-02, -2.952984537186117e-02,  1.812332114877457e-02, -5.809013755106358e-02, -2.621365952795921e-02,  1.741721772739446e-02, -4.873333687168626e-02, -2.100251034468880e-02,  1.554497380706666e-02, -3.430826915765460e-02,  0.000000000000000e+00,  0.000000000000000e+00,  0.000000000000000e+00,  0.000000000000000e+00,  0.000000000000000e+00,  0.000000000000000e+00,  0.000000000000000e+00,  0.000000000000000e+00,  0.000000000000000e+00,  0.000000000000000e+00,  0.000000000000000e+00,  0.000000000000000e+00,  0.000000000000000e+00,  0.000000000000000e+00,  0.000000000000000e+00,  0.000000000000000e+00,  0.000000000000000e+00,  0.000000000000000e+00,  0.000000000000000e+00,  0.000000000000000e+00,  0.000000000000000e+00,  0.000000000000000e+00,  0.000000000000000e+00,  0.000000000000000e+00,  0.000000000000000e+00,  0.000000000000000e+00,  0.000000000000000e+00,  0.000000000000000e+00,  0.000000000000000e+00,  0.000000000000000e+00,  0.000000000000000e+00,  0.000000000000000e+00,  0.000000000000000e+00,  4.916527055829765e-03, -4.649767257313545e-03,  7.814215198917871e-03,  5.459456423955900e-03, -8.577814914891306e-03,  1.212550634312774e-02,  5.730921108018445e-03, -9.216714232689799e-03,  1.502215508064777e-02,  5.399130938606967e-03, -8.577814914890644e-03,  1.482006330826253e-02,  4.946689798502396e-03, -5.572621827466505e-03,  1.178868672248512e-02,  3.710017348879349e-03, -2.847440169448582e-03,  5.793297475056685e-03, -3.552483515402435e-02,  3.260138980027385e-02
  2.350000000000000e+00,  9.034119403089559e-01,  9.181229991306167e-01, -2.992657752771617e-01,  6.968772060175732e-02, -1.796186851566281e-01,  1.179159552215488e-01,  0.000000000000000e+00, -1.301042606982605e-17,  0.000000000000000e+00, -1.939769037226033e-02,  1.634703452674179e-02, -6.436282940776378e-02, -3.006642007701125e-02,  1.773471175026947e-02, -6.592314042366906e-02, -3.346101589212776e-02,  1.733120277038909e-02, -6.319259614568180e-02, -3.022806749669917e-02,  1.667181004716586e-02, -5.812158534375594e-02, -2.683347168152145e-02,  1.602225900637655e-02, -4.875971924797528e-02, -2.149910682915177e-02,  1.429996458001830e-02, -3.432684235041886e-02,  0.000000000000000e+00,  0.000000000000000e+00,  0.000000000000000e+00,  0.000000000000000e+00,  0.000000000000000e+00,  0.000000000000000e+00,  0.000000000000000e+00,  0.000000000000000e+00,  0.000000000000000e+00,  0.000000000000000e+00,  0.000000000000000e+00,  0.000000000000000e+00,  0.000000000000000e+00,  0.000000000000000e+00,  0.000000000000000e+00,  0.000000000000000e+00,  0.000000000000000e+00,  0.000000000000000e+00,  0.000000000000000e+00,  0.000000000000000e+00,  0.000000000000000e+00,  0.000000000000000e+00,  0.000000000000000e+00,  0.000000000000000e+00,  0.000000000000000e+00,  0.000000000000000e+00,  0.000000000000000e+00,  0.000000000000000e+00,  0.000000000000000e+00,  0.000000000000000e+00,  0.000000000000000e+00,  0.000000000000000e+00,  0.000000000000000e+00,  4.925869101411571e-03, -4.234377005794008e-03,  7.453090133112595e-03,  5.469830106447074e-03, -7.811509743511737e-03,  1.156513986144229e-02,  5.741810608959134e-03, -8.393332538196388e-03,  1.432792327271598e-02,  5.409389994758428e-03, -7.811509743502186e-03,  1.413517094169165e-02,  4.956089157234702e-03, -5.074787709222589e-03,  1.124388597639004e-02,  3.717066867957155e-03, -2.593062084967662e-03,  5.525566822776620e-03, -3.237092480608524e-02,  3.110607551889337e-02
  2.360000000000000e+00,  9.148951837989611e-01,  9.201925712531156e-01, -3.001904541372541e-01,  7.204840856539656e-02, -1.793078144142398e-01,  1.194645373648500e-01,  0.000000000000000e+00,  6.071532165918825e-18,  0.000000000000000e+00, -1.971038509939121e-02,  1.481265207631218e-02, -6.446856067138866e-02, -3.055109690405960e-02,  1.607007768905547e-02, -6.603143486945376e-02, -3.400041429643011e-02,  1.570444329103157e-02, -6.329640502272853e-02, -3.071535011315970e-02,  1.510694317718476e-02, -5.821706387884593e-02, -2.726603272074179e-02,  1.451836097548328e-02, -4.883981869020096e-02, -2.184567681841017e-02,  1.295772634974233e-02, -3.438323235778535e-02,  0.000000000000000e+00,  0.000000000000000e+00,  0.000000000000000e+00,  0.000000000000000e+00,  0.000000000000000e+00,  0.000000000000000e+00,  0.000000000000000e+00,  0.000000000000000e+00,  0.000000000000000e+00,  0.000000000000000e+00,  0.000000000000000e+00,  0.000000000000000e+00,  0.000000000000000e+00,  0.000000000000000e+00,  0.000000000000000e+00,  0.000000000000000e+00,  0.000000000000000e+00,  0.000000000000000e+00,  0.000000000000000e+00,  0.000000000000000e+00,  0.000000000000000e+00,  0.000000000000000e+00,  0.000000000000000e+00,  0.000000000000000e+00,  0.000000000000000e+00,  0.000000000000000e+00,  0.000000000000000e+00,  0.000000000000000e+00,  0.000000000000000e+00,  0.000000000000000e+00,  0.000000000000000e+00,  0.000000000000000e+00,  0.000000000000000e+00,  4.933510299277326e-03, -3.827457215445630e-03,  7.093093843227886e-03,  5.478315117582022e-03, -7.060830740960760e-03,  1.100652492891925e-02,  5.750717526730760e-03, -7.586740892697891e-03,  1.363586143965670e-02,  5.417781248869289e-03, -7.060830740953496e-03,  1.345241935750561e-02,  4.963777233619598e-03, -4.587105212395593e-03,  1.070078812532274e-02,  3.722832925236950e-03, -2.343871170099129e-03,  5.258673021661346e-03, -2.928094626004015e-02,  2.961499654987327e-02
  2.370000000000000e+00,  9.262339512566327e-01,  9.222098713709616e-01, -3.011394392061135e-01,  7.371632248976870e-02, -1.781607914795557e-01,  1.212523322120277e-01,  0.000000000000000e+00, -7.806255641895632e-18, -1.387778780781446e-17, -1.989090762218542e-02,  1.318371248281815e-02, -6.464553698254645e-02, -3.083090681438785e-02,  1.430285965926734e-02, -6.621270151543576e-02, -3.431181564825239e-02,  1.397743388456093e-02, -6.347016358279876e-02, -3.099666437785981e-02,  1.344564054540439e-02, -5.837687885078381e-02, -2.751575554395899e-02,  1.292178442026405e-02, -4.897389165326314e-02, -2.204575594785832e-02,  1.153277196722730e-02, -3.447761972381068e-02,  0.000000000000000e+00,  0.000000000000000e+00,  0.000000000000000e+00,  0.000000000000000e+00,  0.000000000000000e+00,  0.000000000000000e+00,  0.000000000000000e+00,  0.000000000000000e+00,  0.000000000000000e+00,  0.000000000000000e+00,  0.000000000000000e+00,  0.000000000000000e+00,  0.000000000000000e+00,  0.000000000000000e+00,  0.000000000000000e+00,  0.000000000000000e+00,  0.000000000000000e+00,  0.000000000000000e+00,  0.000000000000000e+00,  0.000000000000000e+00,  0.000000000000000e+00,  0.000000000000000e+00,  0.000000000000000e+00,  0.000000000000000e+00,  0.000000000000000e+00,  0.000000000000000e+00,  0.000000000000000e+00,  0.000000000000000e+00,  0.000000000000000e+00,  0.000000000000000e+00,  0.000000000000000e+00,  0.000000000000000e+00,  0.000000000000000e+00,  4.951879072650663e-03, -3.436472409795919e-03,  6.736047628345810e-03,  5.498712344462511e-03, -6.339548338680764e-03,  1.045248769897657e-02,  5.772128980366207e-03, -6.811735387352410e-03,  1.294947087145987e-02,  5.437953092030817e-03, -6.339548338675411e-03,  1.277526274314008e-02,  4.982258698857359e-03, -4.118520368985273e-03,  1.016214081843318e-02,  3.736694024158760e-03, -2.104438574952566e-03,  4.993966345116944e-03, -2.631228118475892e-02,  2.813491149571657e-02
  2.380000000000000e+00,  9.374445253362431e-01,  9.241609595866311e-01, -3.021100569652785e-01,  7.472802395009760e-02, -1.761780769491243e-01,  1.232631445018945e-01, -1.734723475976807e-18, -1.387778780781445e-17, -2.775557561562891e-17, -1.994935911150090e-02,  1.147902154211912e-02, -6.489151284499110e-02, -3.092150662282517e-02,  1.245345985484771e-02, -6.646464042909701e-02, -3.441264446732384e-02,  1.217011254405851e-02, -6.371166715685282e-02, -3.108775128205289e-02,  1.170708157276730e-02, -5.859900250841697e-02, -2.759661343752646e-02,  1.125096151149445e-02, -4.916023700364647e-02, -2.211053968186364e-02,  1.004155225811015e-02, -3.460880685050208e-02,  0.000000000000000e+00,  0.000000000000000e+00,  0.000000000000000e+00,  0.000000000000000e+00,  0.000000000000000e+00,  0.000000000000000e+00,  0.000000000000000e+00,  0.000000000000000e+00,  0.000000000000000e+00,  0.000000000000000e+00,  0.000000000000000e+00,  0.000000000000000e+00,  0.000000000000000e+00,  0.000000000000000e+00,  0.000000000000000e+00,  0.000000000000000e+00,  0.000000000000000e+00,  0.000000000000000e+00,  0.000000000000000e+00,  0.000000000000000e+00,  0.000000000000000e+00,  0.000000000000000e+00,  0.000000000000000e+00,  0.000000000000000e+00,  0.000000000000000e+00,  0.000000000000000e+00,  0.000000000000000e+00,  0.000000000000000e+00,  0.000000000000000e+00,  0.000000000000000e+00,  0.000000000000000e+00,  0.000000000000000e+00,  0.000000000000000e+00,  4.992992316577272e-03, -3.068328210291278e-03,  6.383441607830964e-03,  5.544365701219428e-03, -5.660401914658410e-03,  9.905340425800645e-03,  5.820052393539398e-03, -6.082004264161896e-03,  1.227161619414545e-02,  5.483101991809480e-03, -5.660401914654240e-03,  1.210652718704470e-02,  5.023624171276463e-03, -3.677309381794320e-03,  9.630192080623941e-03,  3.767718128468575e-03, -1.878993187300674e-03,  4.732551536809970e-03, -2.351783936880873e-02,  2.667144143658343e-02
  2.390000000000000e+00,  9.485421764842505e-01,  9.260303898272052e-01, -3.030990736203902e-01,  7.515654660503662e-02, -1.733815024670508e-01,  1.254718404553115e-01,  3.469446951953613e-18,  1.734723475976807e-17,  4.163336342344336e-17, -1.990104841672290e-02,  9.717851810610171e-03, -6.520071707595641e-02, -3.084662504591831e-02,  1.054278685293328e-02, -6.678134052021097e-02, -3.432930851883374e-02,  1.030291212431743e-02, -6.401524949272201e-02, -3.101246711603129e-02,  9.910921714139674e-03, -5.887822329882643e-02, -2.752978364309445e-02,  9.524781907097954e-03, -4.939448263319911e-02, -2.205699532849534e-02,  8.500926358117281e-03, -3.477371577372264e-02,  0.000000000000000e+00,  0.000000000000000e+00,  0.000000000000000e+00,  0.000000000000000e+00,  0.000000000000000e+00,  0.000000000000000e+00,  0.000000000000000e+00,  0.000000000000000e+00,  0.000000000000000e+00,  0.000000000000000e+00,  0.000000000000000e+00,  0.000000000000000e+00,  0.000000000000000e+00,  0.000000000000000e+00,  0.000000000000000e+00,  0.000000000000000e+00,  0.000000000000000e+00,  0.000000000000000e+00,  0.000000000000000e+00,  0.000000000000000e+00,  0.000000000000000e+00,  0.000000000000000e+00,  0.000000000000000e+00,  0.000000000000000e+00,  0.000000000000000e+00,  0.000000000000000e+00,  0.000000000000000e+00,  0.000000000000000e+00,  0.000000000000000e+00,  0.000000000000000e+00,  0.000000000000000e+00,  0.000000000000000e+00,  0.000000000000000e+00,  5.066855103386243e-03, -2.729056988575505e-03,  6.035837181166835e-03,  5.626385114795551e-03, -5.034519889864486e-03,  9.365954246523199e-03,  5.906150120499636e-03, -5.409504819590737e-03,  1.160337664982540e-02,  5.564215113524443e-03, -5.034519889861345e-03,  1.144727741237919e-02,  5.097940104018322e-03, -3.270701887067153e-03,  9.105788850771984e-03,  3.823455078021780e-03, -1.671229131254621e-03,  4.474844806701812e-03, -2.094355437224666e-02,  2.522657542334172e-02
  2.400000000000000e+00,  9.595410957351422e-01,  9.278022606471862e-01, -3.041024802797898e-01,  7.509623587516127e-02, -1.698121439514664e-01,  1.278491344123098e-01,  0.000000000000000e+00,  1.734723475976807e-18,  0.000000000000000e+00, -1.976413575343727e-02,  7.919130053618054e-03, -6.556503871858634e-02, -3.063441041782498e-02,  8.591374085864877e-03, -6.715449420266507e-02, -3.409313417466766e-02,  8.395898870816600e-03, -6.437294710549463e-02, -3.079911154908341e-02,  8.076463763298120e-03, -5.920721678218712e-02, -2.734038779222400e-02,  7.761796343950759e-03, -4.967048387763940e-02, -2.190525046002837e-02,  6.927450913858528e-03, -3.496802064982013e-02,  0.000000000000000e+00,  0.000000000000000e+00,  0.000000000000000e+00,  0.000000000000000e+00,  0.000000000000000e+00,  0.000000000000000e+00,  0.000000000000000e+00,  0.000000000000000e+00,  0.000000000000000e+00,  0.000000000000000e+00,  0.000000000000000e+00,  0.000000000000000e+00,  0.000000000000000e+00,  0.000000000000000e+00,  0.000000000000000e+00,  0.000000000000000e+00,  0.000000000000000e+00,  0.000000000000000e+00,  0.000000000000000e+00,  0.000000000000000e+00,  0.000000000000000e+00,  0.000000000000000e+00,  0.000000000000000e+00,  0.000000000000000e+00,  0.000000000000000e+00,  0.000000000000000e+00,  0.000000000000000e+00,  0.000000000000000e+00,  0.000000000000000e+00,  0.000000000000000e+00,  0.000000000000000e+00,  0.000000000000000e+00,  0.000000000000000e+00,  5.180365246293463e-03, -2.423714294253999e-03,  5.692912847918816e-03,  5.752430120111641e-03, -4.471228659882242e-03,  8.833830281159841e-03,  6.038462557020612e-03, -4.804258104892861e-03,  1.094413418163098e-02,  5.688867356351946e-03, -4.471228659879646e-03,  1.079690367694101e-02,  5.212146628171315e-03, -2.904756825934584e-03,  8.588446106670205e-03,  3.909109971134300e-03, -1.484242341348239e-03,  4.220607801021704e-03, -1.862757801816367e-02,  2.379881129039996e-02
  2.410000000000000e+00,  9.704542360353725e-01,  9.294616936840617e-01, -3.051153974379620e-01,  7.464625684751774e-02, -1.655277943926521e-01,  1.303684810999655e-01,  0.000000000000000e+00,  9.540979117872439e-18,  0.000000000000000e+00, -1.955714500354039e-02,  6.101084076407193e-03, -6.597621406698015e-02, -3.031357475548449e-02,  6.618996692165517e-03, -6.757563743829463e-02, -3.373607513109686e-02,  6.468397988294138e-03, -6.477664653846921e-02, -3.047655096383156e-02,  6.222297667333196e-03, -5.957852058165725e-02, -2.705405058820588e-02,  5.979870485490614e-03, -4.998198035371230e-02, -2.167583571223183e-02,  5.337071139692094e-03, -3.518731416898344e-02,  0.000000000000000e+00,  0.000000000000000e+00,  0.000000000000000e+00,  0.000000000000000e+00,  0.000000000000000e+00,  0.000000000000000e+00,  0.000000000000000e+00,  0.000000000000000e+00,  0.000000000000000e+00,  0.000000000000000e+00,  0.000000000000000e+00,  0.000000000000000e+00,  0.000000000000000e+00,  0.000000000000000e+00,  0.000000000000000e+00,  0.000000000000000e+00,  0.000000000000000e+00,  0.000000000000000e+00,  0.000000000000000e+00,  0.000000000000000e+00,  0.000000000000000e+00,  0.000000000000000e+00,  0.000000000000000e+00,  0.000000000000000e+00,  0.000000000000000e+00,  0.000000000000000e+00,  0.000000000000000e+00,  0.000000000000000e+00,  0.000000000000000e+00,  0.000000000000000e+00,  0.000000000000000e+00,  0.000000000000000e+00,  0.000000000000000e+00,  5.336735955838598e-03, -2.156244285394655e-03,  5.353907037678602e-03,  5.926068760773607e-03, -3.977804343284278e-03,  8.307786782527953e-03,  6.220735163241163e-03, -4.274082184024400e-03,  1.029242473610795e-02,  5.860587338001828e-03, -3.977804343282069e-03,  1.015396162306248e-02,  5.369476667223515e-03, -2.584201166462463e-03,  8.077014927445976e-03,  4.027107500421973e-03, -1.320448154413372e-03,  3.969275907226255e-03, -1.659931899086992e-02,  2.238494037342572e-02
  2.420000000000000e+00,  9.812929620599897e-01,  9.309959340417657e-01, -3.061322758877821e-01,  7.389640569007305e-02, -1.605983479153844e-01,  1.330088349480356e-01, -1.734723475976807e-18, -2.688821387764051e-17,  0.000000000000000e+00, -1.929672162476361e-02,  4.280777215620861e-03, -6.642729111534273e-02, -2.990991851838034e-02,  4.644166491601249e-03, -6.803764968783105e-02, -3.328684480270802e-02,  4.538500106388492e-03, -6.521952218595689e-02, -3.007072453190748e-02,  4.365825769576783e-03, -5.998585682533830e-02, -2.669379824756903e-02,  4.195728661672195e-03, -5.032370539036299e-02, -2.138719980075853e-02,  3.744713602832122e-03, -3.542788859479128e-02,  0.000000000000000e+00,  0.000000000000000e+00,  0.000000000000000e+00,  0.000000000000000e+00,  0.000000000000000e+00,  0.000000000000000e+00,  0.000000000000000e+00,  0.000000000000000e+00,  0.000000000000000e+00,  0.000000000000000e+00,  0.000000000000000e+00,  0.000000000000000e+00,  0.000000000000000e+00,  0.000000000000000e+00,  0.000000000000000e+00,  0.000000000000000e+00,  0.000000000000000e+00,  0.000000000000000e+00,  0.000000000000000e+00,  0.000000000000000e+00,  0.000000000000000e+00,  0.000000000000000e+00,  0.000000000000000e+00,  0.000000000000000e+00,  0.000000000000000e+00,  0.000000000000000e+00,  0.000000000000000e+00,  0.000000000000000e+00,  0.000000000000000e+00,  0.000000000000000e+00,  0.000000000000000e+00,  0.000000000000000e+00,  0.000000000000000e+00,  5.535243704873999e-03, -1.929276466004967e-03,  5.018172817544212e-03,  6.146497610930467e-03, -3.559097806241922e-03,  7.786819889228821e-03,  6.452124563958937e-03, -3.824189229050693e-03,  9.647004640524192e-03,  6.078580510256858e-03, -3.559097806240171e-03,  9.517224309033760e-03,  5.569202255210489e-03, -2.312186298949926e-03,  7.570519336739473e-03,  4.176901691411198e-03, -1.181456834990746e-03,  3.720369502646492e-03, -1.487800096062279e-02,  2.098231167153372e-02
  2.430000000000000e+00,  9.920667306179008e-01,  9.323948751060117e-01, -3.071473368992034e-01,  7.291929286336481e-02, -1.551002524935858e-01,  1.357536307488027e-01,  0.000000000000000e+00,  5.204170427930422e-18,  0.000000000000000e+00, -1.899630001487837e-02,  2.473862659872221e-03, -6.691310634374534e-02, -2.944426502295240e-02,  2.683865450394987e-03, -6.853524225499578e-02, -3.276861752540804e-02,  2.622800809201782e-03, -6.569650440985503e-02, -2.960256752278980e-02,  2.523012249196436e-03, -6.042456269757129e-02, -2.627821502007739e-02,  2.424713070677960e-03, -5.069174722901986e-02, -2.105423251597090e-02,  2.164071309401642e-03, -3.568699004869115e-02,  0.000000000000000e+00,  0.000000000000000e+00,  0.000000000000000e+00,  0.000000000000000e+00,  0.000000000000000e+00,  0.000000000000000e+00,  0.000000000000000e+00,  0.000000000000000e+00,  0.000000000000000e+00,  0.000000000000000e+00,  0.000000000000000e+00,  0.000000000000000e+00,  0.000000000000000e+00,  0.000000000000000e+00,  0.000000000000000e+00,  0.000000000000000e+00,  0.000000000000000e+00,  0.000000000000000e+00,  0.000000000000000e+00,  0.000000000000000e+00,  0.000000000000000e+00,  0.000000000000000e+00,  0.000000000000000e+00,  0.000000000000000e+00,  0.000000000000000e+00,  0.000000000000000e+00,  0.000000000000000e+00,  0.000000000000000e+00,  0.000000000000000e+00,  0.000000000000000e+00,  0.000000000000000e+00,  0.000000000000000e+00,  0.000000000000000e+00,  5.771533895101527e-03, -1.744119075005668e-03,  4.685586268085431e-03,  6.408881196336707e-03, -3.217522466578311e-03,  7.270737311124001e-03,  6.727554846969205e-03, -3.457172415792924e-03,  9.007635668328566e-03,  6.338064829535034e-03, -3.217522466539985e-03,  8.886456713068366e-03,  5.806942078520240e-03, -2.090280112732622e-03,  7.068772385573923e-03,  4.355206558953062e-03, -1.068069526817629e-03,  3.473796715640750e-03, -1.347273399012914e-02,  1.959048695397417e-02
  2.440000000000000e+00,  1.002782960478403e+00,  9.336512307524329e-01, -3.081550030968621e-01,  7.176993588972543e-02, -1.491131802280934e-01,  1.385898343309586e-01,  0.000000000000000e+00, -3.469446951953614e-18,  0.000000000000000e+00, -1.866602800232701e-02,  6.927356890718332e-04, -6.743022268469552e-02, -2.893234340349477e-02,  7.515410666580848e-04, -6.906489474968347e-02, -3.219889830376820e-02,  7.344416306398671e-04, -6.620421863556884e-02, -2.908789363660017e-02,  7.064986498248495e-04, -6.089153442374107e-02, -2.582133873610022e-02,  6.789727284202585e-04, -5.108350203291764e-02, -2.068818103544526e-02,  6.059873307149291e-04, -3.596278543070566e-02,  0.000000000000000e+00,  0.000000000000000e+00,  0.000000000000000e+00,  0.000000000000000e+00,  0.000000000000000e+00,  0.000000000000000e+00,  0.000000000000000e+00,  0.000000000000000e+00,  0.000000000000000e+00,  0.000000000000000e+00,  0.000000000000000e+00,  0.000000000000000e+00,  0.000000000000000e+00,  0.000000000000000e+00,  0.000000000000000e+00,  0.000000000000000e+00,  0.000000000000000e+00,  0.000000000000000e+00,  0.000000000000000e+00,  0.000000000000000e+00,  0.000000000000000e+00,  0.000000000000000e+00,  0.000000000000000e+00,  0.000000000000000e+00,  0.000000000000000e+00,  0.000000000000000e+00,  0.000000000000000e+00,  0.000000000000000e+00,  0.000000000000000e+00,  0.000000000000000e+00,  0.000000000000000e+00,  0.000000000000000e+00,  0.000000000000000e+00,  6.037985465308163e-03, -1.600174088433955e-03,  4.356649671348912e-03,  6.704756866332150e-03, -2.951975099491721e-03,  6.760318454259315e-03,  7.038142566861380e-03, -3.171846348262357e-03,  8.375283417917403e-03,  6.630671155116903e-03, -2.951975099456238e-03,  8.262611443607425e-03,  6.075028320942366e-03, -1.917765892187287e-03,  6.572531830299939e-03,  4.556271240757224e-03, -9.799200100203828e-04,  3.229929928431971e-03, -1.237820668051457e-02,  1.821168891051060e-02
  2.450000000000000e+00,  1.013447011133546e+00,  9.347603948315657e-01, -3.091499694807865e-01,  7.049003898376771e-02, -1.427195313303112e-01,  1.415069586441758e-01, -1.734723475976807e-18, -3.989863994746656e-17,  0.000000000000000e+00, -1.831352279943304e-02, -1.051193623588342e-03, -6.797692640709901e-02, -2.838596033900708e-02, -1.140428001022412e-03, -6.962485189567397e-02, -3.159082682878535e-02, -1.114480416081372e-03, -6.674098229033396e-02, -2.853857302878567e-02, -1.072078265083430e-03, -6.138522445192834e-02, -2.533370653880462e-02, -1.030308982014215e-03, -5.149767151970201e-02, -2.029748776894539e-02, -9.195570951221639e-04, -3.625436074945702e-02,  0.000000000000000e+00,  0.000000000000000e+00,  0.000000000000000e+00,  0.000000000000000e+00,  0.000000000000000e+00,  0.000000000000000e+00,  0.000000000000000e+00,  0.000000000000000e+00,  0.000000000000000e+00,  0.000000000000000e+00,  0.000000000000000e+00,  0.000000000000000e+00,  0.000000000000000e+00,  0.000000000000000e+00,  0.000000000000000e+00,  0.000000000000000e+00,  0.000000000000000e+00,  0.000000000000000e+00,  0.000000000000000e+00,  0.000000000000000e+00,  0.000000000000000e+00,  0.000000000000000e+00,  0.000000000000000e+00,  0.000000000000000e+00,  0.000000000000000e+00,  0.000000000000000e+00,  0.000000000000000e+00,  0.000000000000000e+00,  0.000000000000000e+00,  0.000000000000000e+00,  0.000000000000000e+00,  0.000000000000000e+00,  0.000000000000000e+00,  6.325643291715905e-03, -1.495809737022931e-03,  4.032509610266861e-03,  7.024180587689655e-03, -2.759445443579277e-03,  6.257342497520983e-03,  7.373449235695432e-03, -2.964976552462107e-03,  7.752152093767171e-03,  6.946565332596813e-03, -2.759445443545951e-03,  7.647863052071483e-03,  6.364450919295740e-03, -1.792688005383225e-03,  6.083527427925422e-03,  4.773338189512614e-03, -9.160090161964294e-04,  2.989619193514358e-03, -1.158143102161873e-02,  1.685080981856142e-02
  2.460000000000000e+00,  1.024062460943187e+00,  9.357199906871851e-01, -3.101271949309399e-01,  6.911135087178849e-02, -1.360048992598417e-01,  1.444955665989568e-01,  3.469446951953613e-18,  3.382710778154773e-17,  0.000000000000000e+00, -1.794452953849610e-02, -2.748664605794125e-03, -6.855254237548698e-02, -2.781402078455372e-02, -2.981994954627280e-03, -7.021442219057912e-02, -3.095431345367717e-02, -2.914147122687011e-03, -6.730613251387524e-02, -2.796355853051561e-02, -2.803273836347419e-03, -6.190502311435246e-02, -2.482326586120835e-02, -2.694055375179733e-03, -5.193374422311779e-02, -1.988852023810670e-02, -2.404460970595080e-03, -3.656135593270556e-02,  0.000000000000000e+00,  0.000000000000000e+00,  0.000000000000000e+00,  0.000000000000000e+00,  0.000000000000000e+00,  0.000000000000000e+00,  0.000000000000000e+00,  0.000000000000000e+00,  0.000000000000000e+00,  0.000000000000000e+00,  0.000000000000000e+00,  0.000000000000000e+00,  0.000000000000000e+00,  0.000000000000000e+00,  0.000000000000000e+00,  0.000000000000000e+00,  0.000000000000000e+00,  0.000000000000000e+00,  0.000000000000000e+00,  0.000000000000000e+00,  0.000000000000000e+00,  0.000000000000000e+00,  0.000000000000000e+00,  0.000000000000000e+00,  0.000000000000000e+00,  0.000000000000000e+00,  0.000000000000000e+00,  0.000000000000000e+00,  0.000000000000000e+00,  0.000000000000000e+00,  0.000000000000000e+00,  0.000000000000000e+00,  0.000000000000000e+00,  6.624974466363206e-03, -1.427927781758062e-03,  3.714731308718030e-03,  7.356566738685667e-03, -2.634217917961748e-03,  5.764238236589061e-03,  7.722362874867174e-03, -2.830421735281930e-03,  7.141250703860332e-03,  7.275278708447635e-03, -2.634217917929883e-03,  7.045180066515744e-03,  6.665618481521228e-03, -1.711333295639242e-03,  5.604120507583609e-03,  4.999213861173980e-03, -8.744392352790536e-04,  2.754024935488469e-03, -1.105853232654950e-02,  1.551452918470402e-02
  2.470000000000000e+00,  1.034631917096046e+00,  9.365293273311969e-01, -3.110817524548936e-01,  6.765724119061384e-02, -1.290590816760146e-01,  1.475462938245460e-01,  0.000000000000000e+00, -8.673617379884035e-19,  0.000000000000000e+00, -1.756327972008434e-02, -4.391061767111918e-03, -6.915684313591536e-02, -2.722308356601542e-02, -4.763812946618275e-03, -7.083337266642069e-02, -3.029665751692461e-02, -4.655424305761613e-03, -6.789944598777743e-02, -2.736944423017728e-02, -4.478301404850000e-03, -6.245072501321380e-02, -2.429587027910001e-02, -4.303822129327201e-03, -5.239154782957772e-02, -1.946596835606149e-02, -3.841187686674484e-03, -3.688364967168947e-02,  0.000000000000000e+00,  0.000000000000000e+00,  0.000000000000000e+00,  0.000000000000000e+00,  0.000000000000000e+00,  0.000000000000000e+00,  0.000000000000000e+00,  0.000000000000000e+00,  0.000000000000000e+00,  0.000000000000000e+00,  0.000000000000000e+00,  0.000000000000000e+00,  0.000000000000000e+00,  0.000000000000000e+00,  0.000000000000000e+00,  0.000000000000000e+00,  0.000000000000000e+00,  0.000000000000000e+00,  0.000000000000000e+00,  0.000000000000000e+00,  0.000000000000000e+00,  0.000000000000000e+00,  0.000000000000000e+00,  0.000000000000000e+00,  0.000000000000000e+00,  0.000000000000000e+00,  0.000000000000000e+00,  0.000000000000000e+00,  0.000000000000000e+00,  0.000000000000000e+00,  0.000000000000000e+00,  0.000000000000000e+00,  0.000000000000000e+00,  6.927108262493832e-03, -1.392560790622804e-03,  3.404969114248877e-03,  7.692065003106926e-03, -2.568973468664757e-03,  5.283572762489301e-03,  8.074543373434778e-03, -2.760317699417153e-03,  6.545759588746957e-03,  7.607069809729404e-03, -2.568973468634292e-03,  6.457700042639376e-03,  6.969605859226354e-03, -1.668946901683543e-03,  5.136806852216789e-03,  5.227204394446247e-03, -8.527810778575064e-04,  2.524373653397847e-03, -1.077929194393148e-02,  1.420992665931237e-02
  2.480000000000000e+00,  1.045158137214345e+00,  9.371888794497319e-01, -3.120086508233290e-01,  6.614324071327791e-02, -1.219770943267261e-01,  1.506494691092217e-01, -1.734723475976807e-18, -6.071532165918825e-18, -2.775557561562891e-17, -1.717270233548713e-02, -5.969286998376227e-03, -6.978943230839263e-02, -2.661768861989095e-02, -6.476011541886394e-03, -7.148129733399590e-02, -2.962291152850278e-02, -6.328666107243619e-03, -6.852053353896002e-02, -2.676079447253167e-02, -6.087882104290433e-03, -6.302197220537240e-02, -2.375557156376543e-02, -5.850691892427386e-03, -5.287078205121486e-02, -1.903307842149103e-02, -5.221778451898617e-03, -3.722103056375253e-02,  0.000000000000000e+00,  0.000000000000000e+00,  0.000000000000000e+00,  0.000000000000000e+00,  0.000000000000000e+00,  0.000000000000000e+00,  0.000000000000000e+00,  0.000000000000000e+00,  0.000000000000000e+00,  0.000000000000000e+00,  0.000000000000000e+00,  0.000000000000000e+00,  0.000000000000000e+00,  0.000000000000000e+00,  0.000000000000000e+00,  0.000000000000000e+00,  0.000000000000000e+00,  0.000000000000000e+00,  0.000000000000000e+00,  0.000000000000000e+00,  0.000000000000000e+00,  0.000000000000000e+00,  0.000000000000000e+00,  0.000000000000000e+00,  0.000000000000000e+00,  0.000000000000000e+00,  0.000000000000000e+00,  0.000000000000000e+00,  0.000000000000000e+00,  0.000000000000000e+00,  0.000000000000000e+00,  0.000000000000000e+00,  0.000000000000000e+00,  7.224741151404706e-03, -1.385428452953881e-03,  3.104597063902758e-03,  8.022565327608653e-03, -2.555815848281863e-03,  4.817478201672562e-03,  8.421477415732752e-03, -2.746180063171637e-03,  5.968320216198218e-03,  7.933918196946657e-03, -2.555815848252358e-03,  5.888028912772892e-03,  7.269064716783570e-03, -1.660398985546307e-03,  4.683659362541190e-03,  5.451798537608365e-03, -8.484133528383682e-04,  2.301684029879286e-03, -1.071132718829204e-02,  1.294292346563729e-02
  2.490000000000000e+00,  1.055644881910517e+00,  9.376996535036430e-01, -3.129026667985835e-01,  6.457813964716429e-02, -1.148575633819283e-01,  1.537930707430338e-01,  0.000000000000000e+00,  0.000000000000000e+00,  0.000000000000000e+00, -1.677468169453097e-02, -7.473655408145314e-03, -7.044884126415142e-02, -2.600075662641162e-02, -8.108083711908061e-03, -7.215669196141627e-02, -2.893632592286302e-02, -7.923604559746812e-03, -6.916795324099835e-02, -2.614054564039293e-02, -7.622138628165270e-03, -6.361743847454998e-02, -2.320497634379961e-02, -7.325172188100715e-03, -5.337033429048230e-02, -1.859193887778791e-02, -6.537761172791526e-03, -3.757271534022373e-02,  0.000000000000000e+00,  0.000000000000000e+00,  0.000000000000000e+00,  0.000000000000000e+00,  0.000000000000000e+00,  0.000000000000000e+00,  0.000000000000000e+00,  0.000000000000000e+00,  0.000000000000000e+00,  0.000000000000000e+00,  0.000000000000000e+00,  0.000000000000000e+00,  0.000000000000000e+00,  0.000000000000000e+00,  0.000000000000000e+00,  0.000000000000000e+00,  0.000000000000000e+00,  0.000000000000000e+00,  0.000000000000000e+00,  0.000000000000000e+00,  0.000000000000000e+00,  0.000000000000000e+00,  0.000000000000000e+00,  0.000000000000000e+00,  0.000000000000000e+00,  0.000000000000000e+00,  0.000000000000000e+00,  0.000000000000000e+00,  0.000000000000000e+00,  0.000000000000000e+00,  0.000000000000000e+00,  0.000000000000000e+00,  0.000000000000000e+00,  7.512576892736421e-03, -1.402341159604195e-03,  2.814442926095966e-03,  8.342186610933198e-03, -2.587016134086089e-03,  4.367239022375285e-03,  8.756991470054471e-03, -2.779704232332505e-03,  5.410523899641691e-03,  8.250007753386225e-03, -2.587016134057375e-03,  5.337736582539713e-03,  7.558666321561533e-03, -1.680668412600620e-03,  4.245926827120649e-03,  5.668999741186435e-03, -8.587704132292356e-04,  2.086569755311194e-03, -1.082308395602774e-02,  1.171715697238882e-02
  2.500000000000000e+00,  1.066096976230794e+00,  9.380623461987331e-01, -3.137583636859402e-01,  6.296604980857359e-02, -1.077963456173288e-01,  1.569569491505192e-01,  0.000000000000000e+00,  2.602085213965211e-18,  0.000000000000000e+00, -1.637035541599406e-02, -8.895067183237531e-03, -7.113106024260915e-02, -2.537405089468394e-02, -9.650157172906038e-03, -7.285544958178278e-02, -2.823886309239840e-02, -9.430591998603539e-03, -6.983776823804913e-02, -2.551047052302488e-02, -9.071790372302517e-03, -6.423350288543511e-02, -2.264565832518036e-02, -8.718343994155822e-03, -5.388716684997221e-02, -1.814381058576612e-02, -7.781175567262197e-03, -3.793656546212993e-02,  0.000000000000000e+00,  0.000000000000000e+00,  0.000000000000000e+00,  0.000000000000000e+00,  0.000000000000000e+00,  0.000000000000000e+00,  0.000000000000000e+00,  0.000000000000000e+00,  0.000000000000000e+00,  0.000000000000000e+00,  0.000000000000000e+00,  0.000000000000000e+00,  0.000000000000000e+00,  0.000000000000000e+00,  0.000000000000000e+00,  0.000000000000000e+00,  0.000000000000000e+00,  0.000000000000000e+00,  0.000000000000000e+00,  0.000000000000000e+00,  0.000000000000000e+00,  0.000000000000000e+00,  0.000000000000000e+00,  0.000000000000000e+00,  0.000000000000000e+00,  0.000000000000000e+00,  0.000000000000000e+00,  0.000000000000000e+00,  0.000000000000000e+00,  0.000000000000000e+00,  0.000000000000000e+00,  0.000000000000000e+00,  0.000000000000000e+00,  7.787257606068952e-03, -1.439410798056296e-03,  2.534636024688873e-03,  8.647200163780105e-03, -2.655401599422652e-03,  3.933055899556623e-03,  9.077171442658946e-03, -2.853183235777389e-03,  4.872619253054421e-03,  8.551650990734318e-03, -2.655401599395026e-03,  4.807068321335021e-03,  7.835032192646765e-03, -1.725095383875376e-03,  3.823804346609675e-03,  5.876274144495147e-03, -8.814712435612509e-04,  1.879126707728699e-03, -1.108535744156311e-02,  1.053333688841853e-02
  2.510000000000000e+00,  1.076519679989697e+00,  9.382765932745343e-01, -3.145704531992992e-01,  6.130957648135181e-02, -1.008770829026515e-01,  1.601053739555220e-01,  0.000000000000000e+00, -6.071532165918823e-18,  0.000000000000000e+00, -1.596049968886696e-02, -1.022672620495906e-02, -7.182798684946101e-02, -2.473877451764298e-02, -1.109485889304089e-02, -7.356927137911022e-02, -2.753186196311756e-02, -1.084242314686061e-02, -7.052202345206808e-02, -2.487177868160465e-02, -1.042990619578329e-02, -6.486284873044446e-02, -2.207869123601174e-02, -1.002354621412506e-02, -5.441514155218290e-02, -1.768955382155717e-02, -8.946076565797496e-03, -3.830825965251015e-02,  0.000000000000000e+00,  0.000000000000000e+00,  0.000000000000000e+00,  0.000000000000000e+00,  0.000000000000000e+00,  0.000000000000000e+00,  0.000000000000000e+00,  0.000000000000000e+00,  0.000000000000000e+00,  0.000000000000000e+00,  0.000000000000000e+00,  0.000000000000000e+00,  0.000000000000000e+00,  0.000000000000000e+00,  0.000000000000000e+00,  0.000000000000000e+00,  0.000000000000000e+00,  0.000000000000000e+00,  0.000000000000000e+00,  0.000000000000000e+00,  0.000000000000000e+00,  0.000000000000000e+00,  0.000000000000000e+00,  0.000000000000000e+00,  0.000000000000000e+00,  0.000000000000000e+00,  0.000000000000000e+00,  0.000000000000000e+00,  0.000000000000000e+00,  0.000000000000000e+00,  0.000000000000000e+00,  0.000000000000000e+00,  0.000000000000000e+00,  8.047177626906918e-03, -1.493172267816499e-03,  2.264594092167182e-03,  8.935823009010429e-03, -2.754579883330287e-03,  3.514025314661703e-03,  9.380145700085708e-03, -2.959748591866211e-03,  4.353486917339528e-03,  8.837084633256940e-03, -2.754579883303680e-03,  4.294919828703806e-03,  8.096546814841602e-03, -1.789527069008105e-03,  3.416413500191520e-03,  6.072410111136134e-03, -9.143938738969817e-04,  1.678923206044090e-03, -1.147215173846423e-02,  9.389180929278890e-03
  2.520000000000000e+00,  1.086918071223024e+00,  9.383408190062608e-01, -3.153344087961868e-01,  5.961414995520470e-02, -9.416324855118760e-02,  1.631840547365273e-01,  0.000000000000000e+00,  4.336808689942017e-18,  0.000000000000000e+00, -1.554607210556115e-02, -1.146527868040489e-02, -7.252704603561973e-02, -2.409641176352641e-02, -1.243855038055124e-02, -7.428527745463699e-02, -2.681697438193009e-02, -1.215554229753065e-02, -7.120837247122466e-02, -2.422596236430679e-02, -1.169306567405510e-02, -6.549412035919112e-02, -2.150539974579637e-02, -1.123749168675055e-02, -5.494473184477667e-02, -1.723022991675060e-02, -1.002953035678310e-02, -3.868109121851933e-02,  0.000000000000000e+00,  0.000000000000000e+00,  0.000000000000000e+00,  0.000000000000000e+00,  0.000000000000000e+00,  0.000000000000000e+00,  0.000000000000000e+00,  0.000000000000000e+00,  0.000000000000000e+00,  0.000000000000000e+00,  0.000000000000000e+00,  0.000000000000000e+00,  0.000000000000000e+00,  0.000000000000000e+00,  0.000000000000000e+00,  0.000000000000000e+00,  0.000000000000000e+00,  0.000000000000000e+00,  0.000000000000000e+00,  0.000000000000000e+00,  0.000000000000000e+00,  0.000000000000000e+00,  0.000000000000000e+00,  0.000000000000000e+00,  0.000000000000000e+00,  0.000000000000000e+00,  0.000000000000000e+00,  0.000000000000000e+00,  0.000000000000000e+00,  0.000000000000000e+00,  0.000000000000000e+00,  0.000000000000000e+00,  0.000000000000000e+00,  8.292483850965071e-03, -1.560712485141181e-03,  2.003239737502400e-03,  9.208218263951511e-03, -2.879176976358151e-03,  3.108475454025830e-03,  9.666085470468372e-03, -3.093626020099354e-03,  3.851055701123393e-03,  9.106469995880048e-03, -2.879176976332522e-03,  3.799247776833954e-03,  8.343357985061419e-03, -1.870472214962202e-03,  3.022128913470498e-03,  6.257518488795857e-03, -9.557543801796299e-04,  1.485160494839488e-03, -1.196163069244098e-02,  8.280302820671784e-03
  2.530000000000000e+00,  1.097296644769336e+00,  9.382525504130187e-01, -3.160470601368839e-01,  5.789297967233922e-02, -8.769560816041234e-02,  1.661221276347792e-01,  8.673617379884034e-19,  1.474514954580286e-17,  0.000000000000000e+00, -1.512884726978955e-02, -1.261068948658231e-02, -7.321200324554288e-02, -2.344971326808895e-02, -1.368119353090202e-02, -7.498683968783770e-02, -2.609726154024026e-02, -1.336991221305181e-02, -7.188087591371356e-02, -2.357578699525021e-02, -1.286123298631748e-02, -6.611265747606397e-02, -2.092823872300342e-02, -1.236014598684734e-02, -5.546363882203960e-02, -1.676780572379455e-02, -1.103150621553029e-02, -3.904640173053512e-02,  0.000000000000000e+00,  0.000000000000000e+00,  0.000000000000000e+00,  0.000000000000000e+00,  0.000000000000000e+00,  0.000000000000000e+00,  0.000000000000000e+00,  0.000000000000000e+00,  0.000000000000000e+00,  0.000000000000000e+00,  0.000000000000000e+00,  0.000000000000000e+00,  0.000000000000000e+00,  0.000000000000000e+00,  0.000000000000000e+00,  0.000000000000000e+00,  0.000000000000000e+00,  0.000000000000000e+00,  0.000000000000000e+00,  0.000000000000000e+00,  0.000000000000000e+00,  0.000000000000000e+00,  0.000000000000000e+00,  0.000000000000000e+00,  0.000000000000000e+00,  0.000000000000000e+00,  0.000000000000000e+00,  0.000000000000000e+00,  0.000000000000000e+00,  0.000000000000000e+00,  0.000000000000000e+00,  0.000000000000000e+00,  0.000000000000000e+00,  8.525183609374726e-03, -1.639805538915164e-03,  1.749401488005350e-03,  9.466614928203143e-03, -3.025086553929818e-03,  2.714588515201265e-03,  9.937330587640918e-03, -3.250403345518182e-03,  3.363073549150624e-03,  9.362011448373552e-03, -3.025086553905260e-03,  3.317830407177731e-03,  8.577485349352430e-03, -1.965263126737196e-03,  2.639183278510491e-03,  6.433114012009091e-03, -1.004189651446480e-03,  1.296970068501035e-03, -1.253714398668003e-02,  7.201867173378100e-03
  2.540000000000000e+00,  1.107658877415470e+00,  9.380085764325019e-01, -3.167069678402095e-01,  5.617196977850496e-02, -8.149515130398935e-02,  1.688338769709083e-01,  0.000000000000000e+00,  3.469446951953613e-18,  0.000000000000000e+00, -1.471204953798149e-02, -1.366510715722101e-02, -7.386368597557474e-02, -2.280367678379522e-02, -1.482511926388964e-02, -7.565432078708913e-02, -2.537828545288772e-02, -1.448781077897405e-02, -7.252070986685460e-02, -2.292627719653645e-02, -1.393659935240122e-02, -6.670114672927713e-02, -2.035166852735938e-02, -1.339361496204488e-02, -5.595733785999010e-02, -1.630585490439749e-02, -1.195388362398343e-02, -3.939396585327439e-02,  0.000000000000000e+00,  0.000000000000000e+00,  0.000000000000000e+00,  0.000000000000000e+00,  0.000000000000000e+00,  0.000000000000000e+00,  0.000000000000000e+00,  0.000000000000000e+00,  0.000000000000000e+00,  0.000000000000000e+00,  0.000000000000000e+00,  0.000000000000000e+00,  0.000000000000000e+00,  0.000000000000000e+00,  0.000000000000000e+00,  0.000000000000000e+00,  0.000000000000000e+00,  0.000000000000000e+00,  0.000000000000000e+00,  0.000000000000000e+00,  0.000000000000000e+00,  0.000000000000000e+00,  0.000000000000000e+00,  0.000000000000000e+00,  0.000000000000000e+00,  0.000000000000000e+00,  0.000000000000000e+00,  0.000000000000000e+00,  0.000000000000000e+00,  0.000000000000000e+00,  0.000000000000000e+00,  0.000000000000000e+00,  0.000000000000000e+00,  8.749201949937953e-03, -1.729000397090765e-03,  1.502164395810435e-03,  9.715371490428780e-03, -3.189631775753938e-03,  2.330944751498904e-03,  1.019845626069761e-02, -3.427204349381683e-03,  2.887781553024320e-03,  9.608019319305165e-03, -3.189631775730296e-03,  2.848932473782352e-03,  8.802878035564517e-03, -2.072160781191967e-03,  2.266196286031046e-03,  6.602158526663294e-03, -1.058811099793392e-03,  1.113673603610779e-03, -1.318789706115183e-02,  6.150032941476333e-03
  2.550000000000000e+00,  1.118007067429113e+00,  9.376050092256408e-01, -3.173146122340599e-01,  5.449264831263136e-02, -7.556743306083147e-02,  1.712214396483275e-01,  0.000000000000000e+00, -1.734723475976807e-18,  0.000000000000000e+00, -1.430069940161091e-02, -1.463174258612560e-02, -7.446070580076447e-02, -2.216608407242961e-02, -1.587381104166629e-02, -7.626581382016921e-02, -2.466870646766446e-02, -1.551264219998725e-02, -7.310687478615067e-02, -2.228525656737863e-02, -1.492243945870276e-02, -6.724027372296572e-02, -1.978263417206949e-02, -1.434104571355565e-02, -5.640962560639275e-02, -1.584994183660941e-02, -1.279947138930573e-02, -3.971237642676362e-02,  0.000000000000000e+00,  0.000000000000000e+00,  0.000000000000000e+00,  0.000000000000000e+00,  0.000000000000000e+00,  0.000000000000000e+00,  0.000000000000000e+00,  0.000000000000000e+00,  0.000000000000000e+00,  0.000000000000000e+00,  0.000000000000000e+00,  0.000000000000000e+00,  0.000000000000000e+00,  0.000000000000000e+00,  0.000000000000000e+00,  0.000000000000000e+00,  0.000000000000000e+00,  0.000000000000000e+00,  0.000000000000000e+00,  0.000000000000000e+00,  0.000000000000000e+00,  0.000000000000000e+00,  0.000000000000000e+00,  0.000000000000000e+00,  0.000000000000000e+00,  0.000000000000000e+00,  0.000000000000000e+00,  0.000000000000000e+00,  0.000000000000000e+00,  0.000000000000000e+00,  0.000000000000000e+00,  0.000000000000000e+00,  0.000000000000000e+00,  8.970103483222315e-03, -1.827608055097243e-03,  1.261013081324396e-03,  9.960667058068376e-03, -3.371541577417835e-03,  1.956744435965435e-03,  1.045594884551433e-02, -3.622663294894340e-03,  2.424188939906429e-03,  9.850604438684322e-03, -3.371541577395244e-03,  2.391576532593333e-03,  9.025134792980222e-03, -2.190339424756659e-03,  1.902390423715835e-03,  6.768851094720554e-03, -1.119196790275813e-03,  9.348890084012843e-04, -1.390884244253781e-02,  5.122538225713479e-03
  2.560000000000000e+00,  1.128342841591296e+00,  9.370377220250994e-01, -3.178724953511353e-01,  5.291080813285574e-02, -6.990534837120345e-02,  1.731830626362496e-01, -8.673617379884035e-19, -1.214306433183765e-17,  0.000000000000000e+00, -1.390134931196971e-02, -1.551451224138129e-02, -7.498118873354893e-02, -2.154709143349398e-02, -1.683151779589396e-02, -7.679891452102765e-02, -2.397982756304840e-02, -1.644855873394702e-02, -7.361789439290271e-02, -2.166293601103944e-02, -1.582274758393184e-02, -6.771028558351162e-02, -1.923019988142046e-02, -1.520627689884084e-02, -5.680393085854776e-02, -1.540732882061179e-02, -1.357169553686014e-02, -3.998996732430168e-02,  0.000000000000000e+00,  0.000000000000000e+00,  0.000000000000000e+00,  0.000000000000000e+00,  0.000000000000000e+00,  0.000000000000000e+00,  0.000000000000000e+00,  0.000000000000000e+00,  0.000000000000000e+00,  0.000000000000000e+00,  0.000000000000000e+00,  0.000000000000000e+00,  0.000000000000000e+00,  0.000000000000000e+00,  0.000000000000000e+00,  0.000000000000000e+00,  0.000000000000000e+00,  0.000000000000000e+00,  0.000000000000000e+00,  0.000000000000000e+00,  0.000000000000000e+00,  0.000000000000000e+00,  0.000000000000000e+00,  0.000000000000000e+00,  0.000000000000000e+00,  0.000000000000000e+00,  0.000000000000000e+00,  0.000000000000000e+00,  0.000000000000000e+00,  0.000000000000000e+00,  0.000000000000000e+00,  0.000000000000000e+00,  0.000000000000000e+00,  9.194258961140947e-03, -1.935563200800795e-03,  1.025850168347114e-03,  1.020957590165091e-02, -3.570695472161245e-03,  1.591836467601162e-03,  1.071723437192816e-02, -3.836650721108757e-03,  1.972108512449225e-03,  1.009676290830480e-02, -3.570695472139887e-03,  1.945577904611968e-03,  9.250665457880041e-03, -2.319720782583928e-03,  1.547618787816253e-03,  6.937999093391513e-03, -1.185306726828476e-03,  7.605440901731540e-04, -1.469961388709291e-02,  4.118786532673286e-03
  2.570000000000000e+00,  1.138668168516546e+00,  9.363031036593662e-01, -3.183850740438682e-01,  5.149137832882859e-02, -6.449102363404048e-02,  1.746250518803940e-01,  0.000000000000000e+00, -8.673617379884034e-19,  0.000000000000000e+00, -1.352132636515490e-02, -1.631813853852676e-02, -7.540523977536157e-02, -2.095805586593866e-02, -1.770336282145545e-02, -7.723324558810267e-02, -2.332428797980667e-02, -1.730056710798366e-02, -7.403423541579071e-02, -2.107073358560324e-02, -1.664233996645251e-02, -6.809321652433035e-02, -1.870450147167970e-02, -1.599393711061378e-02, -5.712518164784362e-02, -1.498613672124549e-02, -1.427468711407481e-02, -4.021612787998642e-02,  0.000000000000000e+00,  0.000000000000000e+00,  0.000000000000000e+00,  0.000000000000000e+00,  0.000000000000000e+00,  0.000000000000000e+00,  0.000000000000000e+00,  0.000000000000000e+00,  0.000000000000000e+00,  0.000000000000000e+00,  0.000000000000000e+00,  0.000000000000000e+00,  0.000000000000000e+00,  0.000000000000000e+00,  0.000000000000000e+00,  0.000000000000000e+00,  0.000000000000000e+00,  0.000000000000000e+00,  0.000000000000000e+00,  0.000000000000000e+00,  0.000000000000000e+00,  0.000000000000000e+00,  0.000000000000000e+00,  0.000000000000000e+00,  0.000000000000000e+00,  0.000000000000000e+00,  0.000000000000000e+00,  0.000000000000000e+00,  0.000000000000000e+00,  0.000000000000000e+00,  0.000000000000000e+00,  0.000000000000000e+00,  0.000000000000000e+00,  9.427747403358626e-03, -2.053238447404526e-03,  7.970161402996270e-04,  1.046884834362601e-02, -3.787780850753322e-03,  1.236749182750611e-03,  1.098939881378094e-02, -4.069905217554987e-03,  1.532194820679613e-03,  1.035317046141757e-02, -3.787780850733153e-03,  1.511582334260285e-03,  9.485586344527650e-03, -2.460751421642773e-03,  1.202395038667073e-03,  7.114189758374149e-03, -1.257369091582758e-03,  5.908912762905502e-04, -1.556311692667605e-02,  3.139955982412564e-03
  2.580000000000000e+00,  1.148986527990602e+00,  9.353988081892756e-01, -3.188585224476834e-01,  5.030122609886478e-02, -5.929698995790188e-02,  1.754730668174018e-01,  0.000000000000000e+00,  0.000000000000000e+00,  0.000000000000000e+00, -1.316765520148544e-02, -1.704895196455538e-02, -7.571720280502196e-02, -2.040986556099104e-02, -1.849621399147851e-02, -7.755277135621597e-02, -2.271420522028554e-02, -1.807537893387830e-02, -7.434052638640908e-02, -2.051959601971534e-02, -1.738767286432517e-02, -6.837492858768747e-02, -1.821525635926315e-02, -1.671023106448187e-02, -5.736151726844278e-02, -1.459415117909836e-02, -1.491398386783679e-02, -4.038250815359978e-02,  0.000000000000000e+00,  0.000000000000000e+00,  0.000000000000000e+00,  0.000000000000000e+00,  0.000000000000000e+00,  0.000000000000000e+00,  0.000000000000000e+00,  0.000000000000000e+00,  0.000000000000000e+00,  0.000000000000000e+00,  0.000000000000000e+00,  0.000000000000000e+00,  0.000000000000000e+00,  0.000000000000000e+00,  0.000000000000000e+00,  0.000000000000000e+00,  0.000000000000000e+00,  0.000000000000000e+00,  0.000000000000000e+00,  0.000000000000000e+00,  0.000000000000000e+00,  0.000000000000000e+00,  0.000000000000000e+00,  0.000000000000000e+00,  0.000000000000000e+00,  0.000000000000000e+00,  0.000000000000000e+00,  0.000000000000000e+00,  0.000000000000000e+00,  0.000000000000000e+00,  0.000000000000000e+00,  0.000000000000000e+00,  0.000000000000000e+00,  9.674832461627139e-03, -2.181063557856847e-03,  5.753029040082891e-04,  1.074321886699146e-02, -4.023590532892398e-03,  8.927113991580141e-04,  1.127741206947888e-02, -4.323278655268877e-03,  1.105970232177619e-03,  1.062450926548620e-02, -4.023590532740321e-03,  1.091091708598876e-03,  9.734187261242868e-03, -2.613946401240787e-03,  8.679138595202123e-04,  7.300640447341059e-03, -1.335647064260610e-03,  4.265176691729442e-04, -1.650266713696998e-02,  2.189122196722229e-03
  2.590000000000000e+00,  1.159304013934367e+00,  9.343241558661711e-01, -3.193001438207186e-01,  4.940380497096454e-02, -5.428574571239357e-02,  1.756794213518991e-01,  0.000000000000000e+00, -8.673617379884035e-19,  0.000000000000000e+00, -1.284660306310861e-02, -1.771267395860584e-02, -7.590684407961416e-02, -1.991223474690409e-02, -1.921627843053762e-02, -7.774700999505518e-02, -2.216039028222369e-02, -1.877906010877509e-02, -7.452671963800495e-02, -2.001928977141781e-02, -1.806458138804942e-02, -6.854618040588076e-02, -1.777113423525918e-02, -1.736076652883966e-02, -5.750518490159401e-02, -1.423831839318331e-02, -1.549459076569449e-02, -4.048365016783211e-02,  0.000000000000000e+00,  0.000000000000000e+00,  0.000000000000000e+00,  0.000000000000000e+00,  0.000000000000000e+00,  0.000000000000000e+00,  0.000000000000000e+00,  0.000000000000000e+00,  0.000000000000000e+00,  0.000000000000000e+00,  0.000000000000000e+00,  0.000000000000000e+00,  0.000000000000000e+00,  0.000000000000000e+00,  0.000000000000000e+00,  0.000000000000000e+00,  0.000000000000000e+00,  0.000000000000000e+00,  0.000000000000000e+00,  0.000000000000000e+00,  0.000000000000000e+00,  0.000000000000000e+00,  0.000000000000000e+00,  0.000000000000000e+00,  0.000000000000000e+00,  0.000000000000000e+00,  0.000000000000000e+00,  0.000000000000000e+00,  0.000000000000000e+00,  0.000000000000000e+00,  0.000000000000000e+00,  0.000000000000000e+00,  0.000000000000000e+00,  9.939248224954862e-03, -2.320304225012284e-03,  3.615566447170852e-04,  1.103683391710047e-02, -4.280459448162311e-03,  5.610361716101666e-04,  1.158562676291407e-02, -4.599279876002450e-03,  6.950614788962339e-04,  1.091487995031179e-02, -4.280459448109603e-03,  6.857108759659432e-04,  1.000022520708044e-02, -2.780822620764352e-03,  5.454518333150279e-04,  7.500168906710469e-03, -1.420915734063022e-03,  2.680506155831771e-04, -1.752785028296607e-02,  1.269477504813750e-03
  2.600000000000000e+00,  1.169629957301183e+00,  9.330809935342269e-01, -3.197184237458985e-01,  4.885074945302666e-02, -4.940845809271198e-02,  1.752318181415077e-01,  0.000000000000000e+00, -1.734723475976807e-18,  0.000000000000000e+00, -1.256219076045103e-02, -1.831913777232553e-02, -7.597096433356033e-02, -1.947139567821384e-02, -1.987422412130371e-02, -7.781268467944281e-02, -2.166977906081612e-02, -1.942203589202923e-02, -7.458967406937272e-02, -1.957608060046869e-02, -1.868309415171596e-02, -6.860408293878105e-02, -1.737769721733435e-02, -1.795518139260801e-02, -5.755376085242734e-02, -1.392309475851090e-02, -1.602510968279003e-02, -4.051784763768214e-02,  0.000000000000000e+00,  0.000000000000000e+00,  0.000000000000000e+00,  0.000000000000000e+00,  0.000000000000000e+00,  0.000000000000000e+00,  0.000000000000000e+00,  0.000000000000000e+00,  0.000000000000000e+00,  0.000000000000000e+00,  0.000000000000000e+00,  0.000000000000000e+00,  0.000000000000000e+00,  0.000000000000000e+00,  0.000000000000000e+00,  0.000000000000000e+00,  0.000000000000000e+00,  0.000000000000000e+00,  0.000000000000000e+00,  0.000000000000000e+00,  0.000000000000000e+00,  0.000000000000000e+00,  0.000000000000000e+00,  0.000000000000000e+00,  0.000000000000000e+00,  0.000000000000000e+00,  0.000000000000000e+00,  0.000000000000000e+00,  0.000000000000000e+00,  0.000000000000000e+00,  0.000000000000000e+00,  0.000000000000000e+00,  0.000000000000000e+00,  1.022078922160133e-02, -2.471365474139855e-03,  1.567109834906630e-04,  1.134946533061004e-02, -4.559134780501987e-03,  2.431722166686112e-04,  1.191380338479909e-02, -4.898711715897608e-03,  3.012633576974371e-04,  1.122405687299730e-02, -4.559134780540493e-03,  2.972104875195727e-04,  1.028349344904133e-02, -2.961865491923945e-03,  2.364174331980872e-04,  7.712620088151404e-03, -1.513423131723014e-03,  1.161822811821533e-04, -1.864175480972477e-02,  3.847354675984555e-04
  2.610000000000000e+00,  1.179977434738253e+00,  9.316742662165359e-01, -3.201224116418987e-01,  4.867976728345139e-02, -4.460626059210313e-02,  1.741599321899346e-01,  0.000000000000000e+00,  0.000000000000000e+00, -2.775557561562891e-17, -1.231638437526777e-02, -1.887965098210630e-02, -7.591454229049724e-02, -1.909039578161459e-02, -2.048231852474686e-02, -7.775489482934690e-02, -2.124576304705190e-02, -2.001629462924336e-02, -7.453427788189841e-02, -1.919303231756799e-02, -1.925474338556495e-02, -6.855313212468925e-02, -1.703766505188049e-02, -1.850455857835584e-02, -5.751101688125042e-02, -1.365065934898891e-02, -1.651543219559095e-02, -4.048775588239339e-02,  0.000000000000000e+00,  0.000000000000000e+00,  0.000000000000000e+00,  0.000000000000000e+00,  0.000000000000000e+00,  0.000000000000000e+00,  0.000000000000000e+00,  0.000000000000000e+00,  0.000000000000000e+00,  0.000000000000000e+00,  0.000000000000000e+00,  0.000000000000000e+00,  0.000000000000000e+00,  0.000000000000000e+00,  0.000000000000000e+00,  0.000000000000000e+00,  0.000000000000000e+00,  0.000000000000000e+00,  0.000000000000000e+00,  0.000000000000000e+00,  0.000000000000000e+00,  0.000000000000000e+00,  0.000000000000000e+00,  0.000000000000000e+00,  0.000000000000000e+00,  0.000000000000000e+00,  0.000000000000000e+00,  0.000000000000000e+00,  0.000000000000000e+00,  0.000000000000000e+00,  0.000000000000000e+00,  0.000000000000000e+00,  0.000000000000000e+00,  1.051756723821818e-02, -2.634621215827400e-03, -3.854876850124642e-05,  1.167901637981304e-02, -4.860306314067211e-03, -5.981705186406748e-05,  1.225974095025052e-02, -5.222315336135152e-03, -7.410667990392201e-05,  1.154996647410150e-02, -4.860306314184264e-03, -7.310972879575308e-05,  1.058209218964980e-02, -3.157523136562393e-03, -5.815546632159885e-05,  7.936569143556551e-03, -1.613398233867383e-03, -2.857925853361070e-05, -1.984723100147519e-02, -4.623994116744547e-04
  2.620000000000000e+00,  1.190363534310638e+00,  9.301126816500974e-01, -3.205211814521842e-01,  4.891308569268873e-02, -3.981254856097809e-02,  1.725423964548704e-01, -4.336808689942018e-19, -6.938893903907228e-18,  0.000000000000000e+00, -1.210918610757047e-02, -1.940753800769967e-02, -7.575208568281949e-02, -1.876923846709470e-02, -2.105501715224510e-02, -7.758849987976243e-02, -2.088834603590782e-02, -2.057596293281653e-02, -7.437477503101415e-02, -1.887014835102861e-02, -1.979311823292868e-02, -6.840642888556721e-02, -1.675104078220892e-02, -1.902195778227389e-02, -5.738794369439584e-02, -1.342101460292588e-02, -1.697721416316710e-02, -4.040111235921230e-02,  0.000000000000000e+00,  0.000000000000000e+00,  0.000000000000000e+00,  0.000000000000000e+00,  0.000000000000000e+00,  0.000000000000000e+00,  0.000000000000000e+00,  0.000000000000000e+00,  0.000000000000000e+00,  0.000000000000000e+00,  0.000000000000000e+00,  0.000000000000000e+00,  0.000000000000000e+00,  0.000000000000000e+00,  0.000000000000000e+00,  0.000000000000000e+00,  0.000000000000000e+00,  0.000000000000000e+00,  0.000000000000000e+00,  0.000000000000000e+00,  0.000000000000000e+00,  0.000000000000000e+00,  0.000000000000000e+00,  0.000000000000000e+00,  0.000000000000000e+00,  0.000000000000000e+00,  0.000000000000000e+00,  0.000000000000000e+00,  0.000000000000000e+00,  0.000000000000000e+00,  0.000000000000000e+00,  0.000000000000000e+00,  0.000000000000000e+00,  1.082607343841752e-02, -2.810038903726577e-03, -2.238496670297577e-04,  1.202159074945244e-02, -5.183914007884896e-03, -3.473529274802544e-04,  1.261934940457883e-02, -5.570026223722818e-03, -4.303316808652174e-04,  1.188875549157596e-02, -5.183914008064143e-03, -4.245424650501639e-04,  1.089249106591516e-02, -3.367756548748949e-03, -3.377042339322603e-04,  8.169368300685419e-03, -1.720821109656031e-03, -1.659575104466955e-04, -2.114407178144198e-02, -1.270443426347449e-03
  2.630000000000000e+00,  1.200809489454523e+00,  9.284088420292991e-01, -3.209230721923887e-01,  4.955862093636423e-02, -3.495444135392429e-02,  1.705066302714440e-01, -8.673617379884035e-19, -7.806255641895632e-18,  0.000000000000000e+00, -1.193921487767596e-02, -1.991778662430058e-02, -7.550745841671477e-02, -1.850578306111823e-02, -2.160858007056458e-02, -7.733794225580821e-02, -2.059514566489140e-02, -2.111693091239311e-02, -7.413459553368941e-02, -1.860527651831075e-02, -2.031350423937330e-02, -6.818552305183179e-02, -1.651591391472683e-02, -1.952206900919514e-02, -5.720262000864989e-02, -1.323262982364387e-02, -1.742356650506714e-02, -4.027064448474982e-02,  0.000000000000000e+00,  0.000000000000000e+00,  0.000000000000000e+00,  0.000000000000000e+00,  0.000000000000000e+00,  0.000000000000000e+00,  0.000000000000000e+00,  0.000000000000000e+00,  0.000000000000000e+00,  0.000000000000000e+00,  0.000000000000000e+00,  0.000000000000000e+00,  0.000000000000000e+00,  0.000000000000000e+00,  0.000000000000000e+00,  0.000000000000000e+00,  0.000000000000000e+00,  0.000000000000000e+00,  0.000000000000000e+00,  0.000000000000000e+00,  0.000000000000000e+00,  0.000000000000000e+00,  0.000000000000000e+00,  0.000000000000000e+00,  0.000000000000000e+00,  0.000000000000000e+00,  0.000000000000000e+00,  0.000000000000000e+00,  0.000000000000000e+00,  0.000000000000000e+00,  0.000000000000000e+00,  0.000000000000000e+00,  0.000000000000000e+00,  1.114212984705990e-02, -2.997087435754739e-03, -3.992273760377006e-04,  1.237254909289473e-02, -5.528978093490285e-03, -6.194907507925984e-04,  1.298775871540399e-02, -5.940791634337870e-03, -7.674802060606339e-04,  1.223583584228410e-02, -5.528978093714317e-03, -7.571553597760231e-04,  1.121048647094633e-02, -3.591929216831181e-03, -6.022826730103968e-04,  8.407864854374444e-03, -1.835366521009313e-03, -2.959789150725585e-04, -2.252831149789363e-02, -2.039532898667356e-03
  2.640000000000000e+00,  1.211340507380852e+00,  9.265787267645701e-01, -3.213348221002212e-01,  5.061323823404635e-02, -2.995421325669510e-02,  1.682182343518103e-01,  0.000000000000000e+00, -4.336808689942018e-18,  0.000000000000000e+00, -1.180456636070783e-02, -2.042648599929538e-02, -7.521146298446094e-02, -1.829707786010661e-02, -2.216046223432070e-02, -7.703477117683753e-02, -2.036287697356256e-02, -2.165625637878071e-02, -7.384398183687012e-02, -1.839544924645899e-02, -2.083231022461176e-02, -6.791823020740216e-02, -1.632965013333623e-02, -2.002066177417222e-02, -5.697838104542095e-02, -1.308339438438944e-02, -1.786856361034424e-02, -4.011278025487732e-02,  0.000000000000000e+00,  0.000000000000000e+00,  0.000000000000000e+00,  0.000000000000000e+00,  0.000000000000000e+00,  0.000000000000000e+00,  0.000000000000000e+00,  0.000000000000000e+00,  0.000000000000000e+00,  0.000000000000000e+00,  0.000000000000000e+00,  0.000000000000000e+00,  0.000000000000000e+00,  0.000000000000000e+00,  0.000000000000000e+00,  0.000000000000000e+00,  0.000000000000000e+00,  0.000000000000000e+00,  0.000000000000000e+00,  0.000000000000000e+00,  0.000000000000000e+00,  0.000000000000000e+00,  0.000000000000000e+00,  0.000000000000000e+00,  0.000000000000000e+00,  0.000000000000000e+00,  0.000000000000000e+00,  0.000000000000000e+00,  0.000000000000000e+00,  0.000000000000000e+00,  0.000000000000000e+00,  0.000000000000000e+00,  0.000000000000000e+00,  1.146231196992151e-02, -3.194699541945793e-03, -5.651958736630313e-04,  1.272808875090276e-02, -5.893529688647225e-03, -8.770280740544012e-04,  1.336097714098114e-02, -6.332496037964616e-03, -1.086540334103552e-03,  1.258744688531849e-02, -5.893529688899163e-03, -1.071923199046583e-03,  1.153263290134746e-02, -3.828762046279824e-03, -8.526661815732581e-04,  8.649474677083031e-03, -1.956380889552622e-03, -4.190245251621169e-04, -2.399191612150049e-02, -2.771740810986973e-03
  2.650000000000000e+00,  1.221984965731806e+00,  9.246406957042788e-01, -3.217605976933725e-01,  5.206721460923492e-02, -2.473221163312294e-02,  1.658634654921806e-01,  0.000000000000000e+00,  1.734723475976807e-18,  0.000000000000000e+00, -1.170395111755950e-02, -2.095015210276766e-02, -7.489791457986660e-02, -1.814112423222719e-02, -2.272858163109285e-02, -7.671362159999007e-02, -2.018931567780300e-02, -2.221144964060299e-02, -7.353613431478453e-02, -1.823865715820546e-02, -2.136638029027532e-02, -6.763508649939431e-02, -1.619046571262743e-02, -2.053392391531825e-02, -5.674084437867505e-02, -1.297187915529587e-02, -1.832665322415824e-02, -3.994555444257573e-02,  0.000000000000000e+00,  0.000000000000000e+00,  0.000000000000000e+00,  0.000000000000000e+00,  0.000000000000000e+00,  0.000000000000000e+00,  0.000000000000000e+00,  0.000000000000000e+00,  0.000000000000000e+00,  0.000000000000000e+00,  0.000000000000000e+00,  0.000000000000000e+00,  0.000000000000000e+00,  0.000000000000000e+00,  0.000000000000000e+00,  0.000000000000000e+00,  0.000000000000000e+00,  0.000000000000000e+00,  0.000000000000000e+00,  0.000000000000000e+00,  0.000000000000000e+00,  0.000000000000000e+00,  0.000000000000000e+00,  0.000000000000000e+00,  0.000000000000000e+00,  0.000000000000000e+00,  0.000000000000000e+00,  0.000000000000000e+00,  0.000000000000000e+00,  0.000000000000000e+00,  0.000000000000000e+00,  0.000000000000000e+00,  0.000000000000000e+00,  1.178607508634047e-02, -3.401319004413138e-03, -7.228872885635807e-04,  1.308760485047512e-02, -6.274697908818156e-03, -1.121721654628381e-03,  1.373836973254026e-02, -6.742054718573721e-03, -1.389688494332818e-03,  1.294299043223474e-02, -6.274697908816661e-03, -1.370993133419320e-03,  1.185838229545738e-02, -4.076389951799679e-03, -1.090562719764677e-03,  8.893786721595449e-03, -2.082911213841851e-03, -5.359336794321662e-04, -2.552307258791832e-02, -3.471740801877972e-03
  2.660000000000000e+00,  1.232772804713821e+00,  9.226149473488876e-01, -3.222015796774618e-01,  5.390208658666219e-02, -1.921225849869402e-02,  1.636332764545542e-01,  0.000000000000000e+00, -8.673617379884035e-19,  0.000000000000000e+00, -1.163591289906487e-02, -2.150483483602888e-02, -7.460082941410227e-02, -1.803566499357358e-02, -2.333035061685255e-02, -7.640933436959546e-02, -2.007194975091838e-02, -2.279952687918499e-02, -7.324445069747793e-02, -1.813263093440087e-02, -2.193208321029537e-02, -6.736680959211877e-02, -1.609634617705965e-02, -2.107758646182885e-02, -5.651577985914716e-02, -1.289647012981567e-02, -1.881187538636673e-02, -3.978710902082679e-02,  0.000000000000000e+00,  0.000000000000000e+00,  0.000000000000000e+00,  0.000000000000000e+00,  0.000000000000000e+00,  0.000000000000000e+00,  0.000000000000000e+00,  0.000000000000000e+00,  0.000000000000000e+00,  0.000000000000000e+00,  0.000000000000000e+00,  0.000000000000000e+00,  0.000000000000000e+00,  0.000000000000000e+00,  0.000000000000000e+00,  0.000000000000000e+00,  0.000000000000000e+00,  0.000000000000000e+00,  0.000000000000000e+00,  0.000000000000000e+00,  0.000000000000000e+00,  0.000000000000000e+00,  0.000000000000000e+00,  0.000000000000000e+00,  0.000000000000000e+00,  0.000000000000000e+00,  0.000000000000000e+00,  0.000000000000000e+00,  0.000000000000000e+00,  0.000000000000000e+00,  0.000000000000000e+00,  0.000000000000000e+00,  0.000000000000000e+00,  1.211430387912054e-02, -3.615072849603239e-03, -8.734475368993845e-04,  1.345207976760566e-02, -6.669027521443467e-03, -1.355349626126963e-03,  1.412096771184270e-02, -7.165755088554477e-03, -1.679127592335268e-03,  1.330343800220774e-02, -6.669027521444624e-03, -1.656538431891507e-03,  1.218862476180596e-02, -4.332568224281016e-03, -1.317701025372965e-03,  9.141468571363316e-03, -2.213810515136957e-03, -6.475559324908017e-04, -2.710754968891234e-02, -4.144253360457918e-03
  2.670000000000000e+00,  1.243732931523070e+00,  9.205219899416995e-01, -3.226546106253909e-01,  5.609141299926719e-02, -1.333113319498807e-02,  1.616992111964842e-01,  0.000000000000000e+00,  0.000000000000000e+00,  0.000000000000000e+00, -1.159989825286894e-02, -2.210440151474883e-02, -7.434950383768321e-02, -1.797984229198302e-02, -2.398081368431927e-02, -7.615191605192365e-02, -2.000982448624907e-02, -2.343519028751475e-02, -7.299769467698211e-02, -1.807650811076155e-02, -2.254356180978898e-02, -6.713985498067475e-02, -1.604652591650463e-02, -2.166524121978139e-02, -5.632538169518162e-02, -1.285655389696585e-02, -1.933636086751003e-02, -3.965306871339302e-02,  0.000000000000000e+00,  0.000000000000000e+00,  0.000000000000000e+00,  0.000000000000000e+00,  0.000000000000000e+00,  0.000000000000000e+00,  0.000000000000000e+00,  0.000000000000000e+00,  0.000000000000000e+00,  0.000000000000000e+00,  0.000000000000000e+00,  0.000000000000000e+00,  0.000000000000000e+00,  0.000000000000000e+00,  0.000000000000000e+00,  0.000000000000000e+00,  0.000000000000000e+00,  0.000000000000000e+00,  0.000000000000000e+00,  0.000000000000000e+00,  0.000000000000000e+00,  0.000000000000000e+00,  0.000000000000000e+00,  0.000000000000000e+00,  0.000000000000000e+00,  0.000000000000000e+00,  0.000000000000000e+00,  0.000000000000000e+00,  0.000000000000000e+00,  0.000000000000000e+00,  0.000000000000000e+00,  0.000000000000000e+00,  0.000000000000000e+00,  1.245278451334351e-02, -3.833720389457540e-03, -1.018364692735286e-03,  1.382793863136946e-02, -7.072384942292054e-03, -1.580221074787686e-03,  1.451551569037400e-02, -7.599155682819370e-03, -1.957718331490625e-03,  1.367514372934923e-02, -7.072384942296065e-03, -1.931381313564965e-03,  1.252918196433098e-02, -4.594611459070174e-03, -1.536326044890761e-03,  9.396886473263128e-03, -2.347706633690726e-03, -7.549945135256411e-04, -2.872819228556074e-02, -4.795569996771444e-03
  2.680000000000000e+00,  1.254889924470078e+00,  9.183823948852833e-01, -3.231117907926443e-01,  5.858623154370383e-02, -7.053515145747562e-03,  1.601916828691835e-01,  0.000000000000000e+00,  0.000000000000000e+00,  0.000000000000000e+00, -1.159324538271123e-02, -2.275811135286365e-02, -7.416559253007697e-02, -1.796953034325054e-02, -2.469001604933368e-02, -7.596354628836934e-02, -1.999834828524386e-02, -2.412825652768747e-02, -7.281712721132075e-02, -1.806614072144677e-02, -2.321025926058403e-02, -6.697377749682484e-02, -1.603732277946738e-02, -2.230596344521906e-02, -5.618605494698278e-02, -1.284918029922309e-02, -1.990820938935140e-02, -3.955498268265849e-02,  0.000000000000000e+00,  0.000000000000000e+00,  0.000000000000000e+00,  0.000000000000000e+00,  0.000000000000000e+00,  0.000000000000000e+00,  0.000000000000000e+00,  0.000000000000000e+00,  0.000000000000000e+00,  0.000000000000000e+00,  0.000000000000000e+00,  0.000000000000000e+00,  0.000000000000000e+00,  0.000000000000000e+00,  0.000000000000000e+00,  0.000000000000000e+00,  0.000000000000000e+00,  0.000000000000000e+00,  0.000000000000000e+00,  0.000000000000000e+00,  0.000000000000000e+00,  0.000000000000000e+00,  0.000000000000000e+00,  0.000000000000000e+00,  0.000000000000000e+00,  0.000000000000000e+00,  0.000000000000000e+00,  0.000000000000000e+00,  0.000000000000000e+00,  0.000000000000000e+00,  0.000000000000000e+00,  0.000000000000000e+00,  0.000000000000000e+00,  1.280831237369237e-02, -4.054708886288734e-03, -1.158477945635661e-03,  1.422272723702826e-02, -7.480060922450723e-03, -1.797638191314131e-03,  1.492993466868527e-02, -8.037196494604970e-03, -2.227073981393908e-03,  1.406557002996786e-02, -7.480060922457206e-03, -2.197113344855600e-03,  1.288689097719218e-02, -4.859460268252084e-03, -1.747703797057922e-03,  9.665168232914459e-03, -2.483036315381141e-03, -8.588715803175959e-04, -3.036550782133066e-02, -5.429278077526791e-03
  2.690000000000000e+00,  1.266260433261009e+00,  9.162165035240264e-01, -3.235598221824377e-01,  6.129803223341995e-02, -3.886724416532383e-04,  1.591750049982700e-01,  0.000000000000000e+00,  0.000000000000000e+00,  0.000000000000000e+00, -1.160835688813339e-02, -2.346781790390182e-02, -7.405935146746330e-02, -1.799295317666435e-02, -2.545996861102756e-02, -7.585472968483807e-02, -2.002441563211041e-02, -2.488069074585763e-02, -7.271281780438003e-02, -1.808968948407421e-02, -2.393406594177564e-02, -6.687783859784742e-02, -1.605822702864594e-02, -2.300156986610312e-02, -5.610556929347566e-02, -1.286592888441155e-02, -2.052904239275579e-02, -3.949832078258670e-02,  0.000000000000000e+00,  0.000000000000000e+00,  0.000000000000000e+00,  0.000000000000000e+00,  0.000000000000000e+00,  0.000000000000000e+00,  0.000000000000000e+00,  0.000000000000000e+00,  0.000000000000000e+00,  0.000000000000000e+00,  0.000000000000000e+00,  0.000000000000000e+00,  0.000000000000000e+00,  0.000000000000000e+00,  0.000000000000000e+00,  0.000000000000000e+00,  0.000000000000000e+00,  0.000000000000000e+00,  0.000000000000000e+00,  0.000000000000000e+00,  0.000000000000000e+00,  0.000000000000000e+00,  0.000000000000000e+00,  0.000000000000000e+00,  0.000000000000000e+00,  0.000000000000000e+00,  0.000000000000000e+00,  0.000000000000000e+00,  0.000000000000000e+00,  0.000000000000000e+00,  0.000000000000000e+00,  0.000000000000000e+00,  0.000000000000000e+00,  1.318640840127612e-02, -4.275147046412568e-03, -1.293579477426422e-03,  1.464257620016944e-02, -7.886721650415009e-03, -2.007278499229909e-03,  1.537066009960318e-02, -8.474146435412121e-03, -2.486795029521068e-03,  1.448077977804249e-02, -7.886721650424063e-03, -2.453340387848147e-03,  1.326730661230298e-02, -5.123649513594119e-03, -1.951520763077749e-03,  9.950479959252165e-03, -2.618028980021345e-03, -9.590330607721180e-04, -3.199758155358115e-02, -6.044486029194589e-03
  2.700000000000000e+00,  1.277850153072686e+00,  9.140446094213567e-01, -3.239802371215524e-01,  6.408187459781936e-02,  6.597895062222968e-03,  1.586295183454528e-01,  0.000000000000000e+00,  8.673617379884035e-19,  0.000000000000000e+00, -1.162953867927865e-02, -2.422641108482709e-02, -7.402725551274382e-02, -1.802578495294602e-02, -2.628295772121823e-02, -7.582185564636279e-02, -2.006095422184510e-02, -2.568495479860172e-02, -7.268130541246423e-02, -1.812269777528319e-02, -2.470773051039983e-02, -6.684885497812124e-02, -1.608752850640466e-02, -2.374509165932546e-02, -5.608125417625353e-02, -1.288940536960624e-02, -2.119264016029353e-02, -3.948120294006049e-02,  0.000000000000000e+00,  0.000000000000000e+00,  0.000000000000000e+00,  0.000000000000000e+00,  0.000000000000000e+00,  0.000000000000000e+00,  0.000000000000000e+00,  0.000000000000000e+00,  0.000000000000000e+00,  0.000000000000000e+00,  0.000000000000000e+00,  0.000000000000000e+00,  0.000000000000000e+00,  0.000000000000000e+00,  0.000000000000000e+00,  0.000000000000000e+00,  0.000000000000000e+00,  0.000000000000000e+00,  0.000000000000000e+00,  0.000000000000000e+00,  0.000000000000000e+00,  0.000000000000000e+00,  0.000000000000000e+00,  0.000000000000000e+00,  0.000000000000000e+00,  0.000000000000000e+00,  0.000000000000000e+00,  0.000000000000000e+00,  0.000000000000000e+00,  0.000000000000000e+00,  0.000000000000000e+00,  0.000000000000000e+00,  0.000000000000000e+00,  1.358778809238469e-02, -4.491590273683758e-03, -1.422160855673487e-03,  1.508828002894321e-02, -8.286012591312135e-03, -2.206801327517741e-03,  1.583852599720811e-02, -8.903177667080720e-03, -2.733981644556889e-03,  1.492155870262770e-02, -8.286012591323296e-03, -2.697201622409925e-03,  1.367114875550116e-02, -5.383050938648010e-03, -2.145501290572751e-03,  1.025336156665446e-02, -2.750575214196028e-03, -1.054360634291761e-03, -3.359861978555907e-02, -6.634533336091862e-03
  2.710000000000000e+00,  1.289652758836395e+00,  9.118873365815918e-01, -3.243510773540269e-01,  6.673242237336276e-02,  1.378399250421134e-02,  1.584508071703710e-01,  0.000000000000000e+00, -1.734723475976807e-18,  0.000000000000000e+00, -1.163161233850728e-02, -2.501838279275789e-02, -7.405237221654141e-02, -1.802899912475395e-02, -2.714215881555198e-02, -7.584758123994599e-02, -2.006453128401940e-02, -2.652460692241988e-02, -7.270596544891311e-02, -1.812592922758517e-02, -2.551543675557142e-02, -6.687153612275534e-02, -1.609039706834194e-02, -2.452132883000948e-02, -5.610028198215319e-02, -1.289170367525647e-02, -2.188543660317071e-02, -3.949459851541261e-02,  0.000000000000000e+00,  0.000000000000000e+00,  0.000000000000000e+00,  0.000000000000000e+00,  0.000000000000000e+00,  0.000000000000000e+00,  0.000000000000000e+00,  0.000000000000000e+00,  0.000000000000000e+00,  0.000000000000000e+00,  0.000000000000000e+00,  0.000000000000000e+00,  0.000000000000000e+00,  0.000000000000000e+00,  0.000000000000000e+00,  0.000000000000000e+00,  0.000000000000000e+00,  0.000000000000000e+00,  0.000000000000000e+00,  0.000000000000000e+00,  0.000000000000000e+00,  0.000000000000000e+00,  0.000000000000000e+00,  0.000000000000000e+00,  0.000000000000000e+00,  0.000000000000000e+00,  0.000000000000000e+00,  0.000000000000000e+00,  0.000000000000000e+00,  0.000000000000000e+00,  0.000000000000000e+00,  0.000000000000000e+00,  0.000000000000000e+00,  1.400544235800755e-02, -4.699762088756025e-03, -1.541482949121513e-03,  1.555205562450978e-02, -8.670044565685937e-03, -2.391956300092144e-03,  1.632536225774564e-02, -9.315813402305570e-03, -2.963368082795510e-03,  1.538020970597598e-02, -8.670044565698826e-03, -2.923502144437392e-03,  1.409136531723007e-02, -5.632539297173796e-03, -2.325513069459921e-03,  1.056852398795388e-02, -2.878056173047152e-03, -1.142823565636202e-03, -3.513699614293350e-02, -7.187025689033070e-03
  2.720000000000000e+00,  1.301652149780615e+00,  9.097660857418919e-01, -3.246500606582939e-01,  6.900055413812127e-02,  2.100347118674158e-02,  1.584734231274489e-01,  0.000000000000000e+00, -8.673617379884034e-19,  0.000000000000000e+00, -1.158159436359807e-02, -2.582261025987023e-02, -7.410852892686040e-02, -1.795147126364582e-02, -2.801465604356660e-02, -7.590509932505898e-02, -1.997825027730260e-02, -2.737725265967416e-02, -7.276110112813179e-02, -1.804798455001959e-02, -2.633564225182825e-02, -6.692224733388784e-02, -1.602120553638585e-02, -2.530957826797063e-02, -5.614282494451207e-02, -1.283626708640108e-02, -2.258895406837848e-02, -3.952454876091291e-02,  0.000000000000000e+00,  0.000000000000000e+00,  0.000000000000000e+00,  0.000000000000000e+00,  0.000000000000000e+00,  0.000000000000000e+00,  0.000000000000000e+00,  0.000000000000000e+00,  0.000000000000000e+00,  0.000000000000000e+00,  0.000000000000000e+00,  0.000000000000000e+00,  0.000000000000000e+00,  0.000000000000000e+00,  0.000000000000000e+00,  0.000000000000000e+00,  0.000000000000000e+00,  0.000000000000000e+00,  0.000000000000000e+00,  0.000000000000000e+00,  0.000000000000000e+00,  0.000000000000000e+00,  0.000000000000000e+00,  0.000000000000000e+00,  0.000000000000000e+00,  0.000000000000000e+00,  0.000000000000000e+00,  0.000000000000000e+00,  0.000000000000000e+00,  0.000000000000000e+00,  0.000000000000000e+00,  0.000000000000000e+00,  0.000000000000000e+00,  1.442346180063944e-02, -4.894463295449098e-03, -1.647926399248469e-03,  1.601623672338185e-02, -9.029226181091397e-03, -2.557127170970611e-03,  1.681262418473747e-02, -9.701747855273167e-03, -3.167996439491913e-03,  1.583926173193139e-02, -9.029226181105500e-03, -3.125377653285210e-03,  1.451194929631893e-02, -5.865883491458863e-03, -2.486095860589772e-03,  1.088396197227196e-02, -2.997287955266041e-03, -1.221738537279389e-03, -3.657464607289335e-02, -7.685128619445581e-03
  2.730000000000000e+00,  1.313827686445021e+00,  9.077033474903528e-01, -3.248581131472115e-01,  7.062604629796947e-02,  2.806918444650998e-02,  1.585125701559346e-01, -4.336808689942018e-19, -8.673617379884035e-19,  0.000000000000000e+00, -1.144307720196284e-02, -2.661654536301244e-02, -7.416697880914909e-02, -1.773676966311041e-02, -2.887598720302317e-02, -7.596496617419121e-02, -1.973930817348075e-02, -2.821898638431432e-02, -7.281848828528761e-02, -1.783212863980379e-02, -2.714535090006237e-02, -6.697502934880240e-02, -1.582959012945662e-02, -2.608773982601419e-02, -5.618710515836690e-02, -1.268274389892199e-02, -2.328346803879537e-02, -3.955572203146734e-02,  0.000000000000000e+00,  0.000000000000000e+00,  0.000000000000000e+00,  0.000000000000000e+00,  0.000000000000000e+00,  0.000000000000000e+00,  0.000000000000000e+00,  0.000000000000000e+00,  0.000000000000000e+00,  0.000000000000000e+00,  0.000000000000000e+00,  0.000000000000000e+00,  0.000000000000000e+00,  0.000000000000000e+00,  0.000000000000000e+00,  0.000000000000000e+00,  0.000000000000000e+00,  0.000000000000000e+00,  0.000000000000000e+00,  0.000000000000000e+00,  0.000000000000000e+00,  0.000000000000000e+00,  0.000000000000000e+00,  0.000000000000000e+00,  0.000000000000000e+00,  0.000000000000000e+00,  0.000000000000000e+00,  0.000000000000000e+00,  0.000000000000000e+00,  0.000000000000000e+00,  0.000000000000000e+00,  0.000000000000000e+00,  0.000000000000000e+00,  1.481796697052286e-02, -5.069822637068087e-03, -1.737657170997669e-03,  1.645430688135024e-02, -9.352726238791699e-03, -2.696364575411287e-03,  1.727247683674846e-02, -1.004934308968557e-02, -3.340496112771734e-03,  1.627249133566820e-02, -9.352726238806496e-03, -3.295556703158004e-03,  1.490887474331837e-02, -6.076046977220420e-03, -2.621465559352184e-03,  1.118165605752188e-02, -3.104675100858665e-03, -1.288263074956608e-03, -3.786889999260015e-02, -8.110355749090366e-03
  2.740000000000000e+00,  1.326160181232407e+00,  9.057227134450172e-01, -3.249614906080856e-01,  7.137200329300160e-02,  3.479893096706549e-02,  1.584060106869051e-01,  8.673617379884034e-19,  8.673617379884034e-18,  0.000000000000000e+00, -1.118149936847176e-02, -2.738024263069593e-02, -7.420271119737777e-02, -1.733132402119683e-02, -2.970451367885701e-02, -7.600156480213613e-02, -1.928808641070535e-02, -2.902866181380488e-02, -7.285357099373278e-02, -1.742450318261080e-02, -2.792422096113976e-02, -6.700729677817491e-02, -1.546774079312503e-02, -2.683626430029701e-02, -5.621417514945239e-02, -1.239282846680060e-02, -2.395153072991019e-02, -3.957477930519264e-02,  0.000000000000000e+00,  0.000000000000000e+00,  0.000000000000000e+00,  0.000000000000000e+00,  0.000000000000000e+00,  0.000000000000000e+00,  0.000000000000000e+00,  0.000000000000000e+00,  0.000000000000000e+00,  0.000000000000000e+00,  0.000000000000000e+00,  0.000000000000000e+00,  0.000000000000000e+00,  0.000000000000000e+00,  0.000000000000000e+00,  0.000000000000000e+00,  0.000000000000000e+00,  0.000000000000000e+00,  0.000000000000000e+00,  0.000000000000000e+00,  0.000000000000000e+00,  0.000000000000000e+00,  0.000000000000000e+00,  0.000000000000000e+00,  0.000000000000000e+00,  0.000000000000000e+00,  0.000000000000000e+00,  0.000000000000000e+00,  0.000000000000000e+00,  0.000000000000000e+00,  0.000000000000000e+00,  0.000000000000000e+00,  0.000000000000000e+00,  1.515980349898459e-02, -5.219911772231109e-03, -1.807570210774539e-03,  1.683389222890659e-02, -9.629608231147816e-03, -2.804850326800223e-03,  1.767093659385271e-02, -1.034684801664498e-02, -3.474897904774206e-03,  1.664788236999305e-02, -9.629608231162478e-03, -3.428150399305039e-03,  1.525280842839758e-02, -6.255924795702403e-03, -2.726937817650244e-03,  1.143960632133047e-02, -3.196587192116347e-03, -1.340095156174332e-03, -3.897688776732448e-02, -8.446737112021287e-03
  2.750000000000000e+00,  1.338636306814792e+00,  9.038485890346444e-01, -3.249514858516325e-01,  7.104840067683538e-02,  4.103634901140722e-02,  1.580412037671082e-01,  0.000000000000000e+00,  2.602085213965211e-18,  0.000000000000000e+00, -1.076847804473235e-02, -2.809878261837761e-02, -7.419820125372303e-02, -1.669114096939648e-02, -3.048404953544679e-02, -7.599694552651615e-02, -1.857562462724902e-02, -2.979046128297982e-02, -7.284914304905747e-02, -1.678087828644552e-02, -2.865703657771163e-02, -6.700322416239389e-02, -1.489639462861463e-02, -2.754052865908155e-02, -5.621075852547673e-02, -1.193506316631851e-02, -2.458009099607531e-02, -3.957237400191579e-02,  0.000000000000000e+00,  0.000000000000000e+00,  0.000000000000000e+00,  0.000000000000000e+00,  0.000000000000000e+00,  0.000000000000000e+00,  0.000000000000000e+00,  0.000000000000000e+00,  0.000000000000000e+00,  0.000000000000000e+00,  0.000000000000000e+00,  0.000000000000000e+00,  0.000000000000000e+00,  0.000000000000000e+00,  0.000000000000000e+00,  0.000000000000000e+00,  0.000000000000000e+00,  0.000000000000000e+00,  0.000000000000000e+00,  0.000000000000000e+00,  0.000000000000000e+00,  0.000000000000000e+00,  0.000000000000000e+00,  0.000000000000000e+00,  0.000000000000000e+00,  0.000000000000000e+00,  0.000000000000000e+00,  0.000000000000000e+00,  0.000000000000000e+00,  0.000000000000000e+00,  0.000000000000000e+00,  0.000000000000000e+00,  0.000000000000000e+00,  1.541852783184814e-02, -5.339478815883291e-03, -1.856283430942445e-03,  1.712118734699587e-02, -9.850183566137229e-03, -2.880439806390621e-03,  1.797251710455589e-02, -1.058385241106821e-02, -3.568544871162697e-03,  1.693200295639277e-02, -9.850183566151301e-03, -3.520537541035333e-03,  1.551312002710886e-02, -6.399222702984131e-03, -2.800427589479608e-03,  1.163484002036210e-02, -3.269808061940484e-03, -1.376210129753782e-03, -3.986069188392893e-02, -8.685379986855911e-03
  2.760000000000000e+00,  1.351250413863997e+00,  9.021057710443594e-01, -3.248223568705916e-01,  6.952265160189657e-02,  4.666264691383321e-02,  1.573640443076156e-01,  0.000000000000000e+00,  1.734723475976807e-18,  0.000000000000000e+00, -1.018456965264516e-02, -2.876277092835319e-02, -7.414423157005164e-02, -1.578608296165575e-02, -3.120440289761902e-02, -7.594166748687943e-02, -1.756838265089087e-02, -3.049442480727712e-02, -7.279615463236672e-02, -1.587095437543672e-02, -2.933421670841060e-02, -6.695448790259892e-02, -1.408865468622163e-02, -2.819132514832638e-02, -5.616987240148989e-02, -1.128789803174918e-02, -2.516093086025012e-02, -3.954359017063110e-02,  0.000000000000000e+00,  0.000000000000000e+00,  0.000000000000000e+00,  0.000000000000000e+00,  0.000000000000000e+00,  0.000000000000000e+00,  0.000000000000000e+00,  0.000000000000000e+00,  0.000000000000000e+00,  0.000000000000000e+00,  0.000000000000000e+00,  0.000000000000000e+00,  0.000000000000000e+00,  0.000000000000000e+00,  0.000000000000000e+00,  0.000000000000000e+00,  0.000000000000000e+00,  0.000000000000000e+00,  0.000000000000000e+00,  0.000000000000000e+00,  0.000000000000000e+00,  0.000000000000000e+00,  0.000000000000000e+00,  0.000000000000000e+00,  0.000000000000000e+00,  0.000000000000000e+00,  0.000000000000000e+00,  0.000000000000000e+00,  0.000000000000000e+00,  0.000000000000000e+00,  0.000000000000000e+00,  0.000000000000000e+00,  0.000000000000000e+00,  1.556715579747558e-02, -5.424378074389833e-03, -1.884891333227167e-03,  1.728622821680527e-02, -1.000680433565502e-02, -2.924831378926488e-03,  1.814576442645759e-02, -1.075213872755667e-02, -3.623541097146830e-03,  1.709522017018490e-02, -1.000680433566794e-02, -3.574793907479418e-03,  1.566265982074883e-02, -6.500972196007051e-03, -2.843586062785116e-03,  1.174699486558944e-02, -3.321798956467555e-03, -1.397419436628527e-03, -4.049016272364083e-02, -8.828097565312856e-03
  2.770000000000000e+00,  1.364003835974306e+00,  9.005193696065050e-01, -3.245692857273212e-01,  6.672190239019463e-02,  5.159991232508763e-02,  1.563753181975883e-01,  0.000000000000000e+00,  1.734723475976807e-18,  0.000000000000000e+00, -9.420457010622081e-03, -2.936719390913143e-02, -7.403921607470500e-02, -1.460170836689741e-02, -3.186013451237525e-02, -7.583410616109622e-02, -1.625028834391313e-02, -3.113523689033995e-02, -7.269304850919495e-02, -1.468021217535257e-02, -2.995064809313044e-02, -6.685965572746282e-02, -1.303163219843996e-02, -2.878373972560248e-02, -5.609031520734896e-02, -1.044100652053132e-02, -2.568966450906248e-02, -3.948758190572462e-02,  0.000000000000000e+00,  0.000000000000000e+00,  0.000000000000000e+00,  0.000000000000000e+00,  0.000000000000000e+00,  0.000000000000000e+00,  0.000000000000000e+00,  0.000000000000000e+00,  0.000000000000000e+00,  0.000000000000000e+00,  0.000000000000000e+00,  0.000000000000000e+00,  0.000000000000000e+00,  0.000000000000000e+00,  0.000000000000000e+00,  0.000000000000000e+00,  0.000000000000000e+00,  0.000000000000000e+00,  0.000000000000000e+00,  0.000000000000000e+00,  0.000000000000000e+00,  0.000000000000000e+00,  0.000000000000000e+00,  0.000000000000000e+00,  0.000000000000000e+00,  0.000000000000000e+00,  0.000000000000000e+00,  0.000000000000000e+00,  0.000000000000000e+00,  0.000000000000000e+00,  0.000000000000000e+00,  0.000000000000000e+00,  0.000000000000000e+00,  1.558617774023752e-02, -5.471759719937005e-03, -1.897159230301222e-03,  1.730735074207020e-02, -1.009421322254440e-02, -2.943867768777852e-03,  1.816793724287141e-02, -1.084605806946404e-02, -3.647125068272112e-03,  1.711610929719225e-02, -1.009421322263813e-02, -3.598060605254787e-03,  1.568179846238615e-02, -6.557757831613630e-03, -2.862093663395768e-03,  1.176134884699316e-02, -3.350814687729626e-03, -1.406514600848107e-03, -4.084405066397459e-02, -8.888649374762327e-03
  2.780000000000000e+00,  1.376902023928725e+00,  8.991147968206473e-01, -3.241871174695282e-01,  6.263415094733879e-02,  5.580762695670034e-02,  1.551176864968025e-01,  0.000000000000000e+00, -1.734723475976807e-18,  0.000000000000000e+00, -8.478182330507903e-03, -2.991084839372375e-02, -7.388709544468472e-02, -1.314118261260493e-02, -3.244993907653304e-02, -7.567829775827217e-02, -1.462486452055555e-02, -3.171162192777120e-02, -7.254369370890426e-02, -1.321183413204235e-02, -3.050510366010645e-02, -6.672228618894019e-02, -1.172815222415802e-02, -2.931659312767444e-02, -5.597507230594249e-02, -9.396652083273645e-03, -2.616523944352351e-02, -3.940645090316915e-02,  0.000000000000000e+00,  0.000000000000000e+00,  0.000000000000000e+00,  0.000000000000000e+00,  0.000000000000000e+00,  0.000000000000000e+00,  0.000000000000000e+00,  0.000000000000000e+00,  0.000000000000000e+00,  0.000000000000000e+00,  0.000000000000000e+00,  0.000000000000000e+00,  0.000000000000000e+00,  0.000000000000000e+00,  0.000000000000000e+00,  0.000000000000000e+00,  0.000000000000000e+00,  0.000000000000000e+00,  0.000000000000000e+00,  0.000000000000000e+00,  0.000000000000000e+00,  0.000000000000000e+00,  0.000000000000000e+00,  0.000000000000000e+00,  0.000000000000000e+00,  0.000000000000000e+00,  0.000000000000000e+00,  0.000000000000000e+00,  0.000000000000000e+00,  0.000000000000000e+00,  0.000000000000000e+00,  0.000000000000000e+00,  0.000000000000000e+00,  1.546829457748772e-02, -5.479559197438650e-03, -1.899752158210816e-03,  1.717644980679123e-02, -1.010860157180505e-02, -2.947891278125224e-03,  1.803052742135494e-02, -1.086151810266261e-02, -3.652109749485035e-03,  1.698665478114177e-02, -1.010860157187061e-02, -3.602978228024211e-03,  1.556319209009970e-02, -6.567105297091013e-03, -2.866005408736610e-03,  1.167239406772417e-02, -3.355590958187736e-03, -1.408436944128347e-03, -4.090591350868857e-02, -8.894039133554110e-03
  2.790000000000000e+00,  1.389950622951138e+00,  8.979192280796325e-01, -3.236717652838286e-01,  5.730150393267546e-02,  5.927293915285516e-02,  1.536681839911737e-01,  0.000000000000000e+00,  0.000000000000000e+00,  0.000000000000000e+00, -7.368841565339925e-03, -3.039208195096573e-02, -7.369797574181003e-02, -1.142170442648901e-02, -3.297202388686872e-02, -7.548459333536542e-02, -1.271125170049455e-02, -3.222182800488859e-02, -7.235801254616102e-02, -1.148311143953613e-02, -3.099589814885015e-02, -6.655150536643240e-02, -1.019356416556508e-02, -2.978826575326761e-02, -5.583179980387276e-02, -8.167132735096004e-03, -2.658621015917940e-02, -3.930558706174201e-02,  0.000000000000000e+00,  0.000000000000000e+00,  0.000000000000000e+00,  0.000000000000000e+00,  0.000000000000000e+00,  0.000000000000000e+00,  0.000000000000000e+00,  0.000000000000000e+00,  0.000000000000000e+00,  0.000000000000000e+00,  0.000000000000000e+00,  0.000000000000000e+00,  0.000000000000000e+00,  0.000000000000000e+00,  0.000000000000000e+00,  0.000000000000000e+00,  0.000000000000000e+00,  0.000000000000000e+00,  0.000000000000000e+00,  0.000000000000000e+00,  0.000000000000000e+00,  0.000000000000000e+00,  0.000000000000000e+00,  0.000000000000000e+00,  0.000000000000000e+00,  0.000000000000000e+00,  0.000000000000000e+00,  0.000000000000000e+00,  0.000000000000000e+00,  0.000000000000000e+00,  0.000000000000000e+00,  0.000000000000000e+00,  0.000000000000000e+00,  1.521638141191668e-02, -5.447519836057946e-03, -1.900733859106233e-03,  1.689671800947775e-02, -1.004949587987683e-02, -2.949414607581568e-03,  1.773688630819497e-02, -1.079801005574398e-02, -3.653996985596222e-03,  1.671001394296307e-02, -1.004949587991734e-02, -3.604840075352974e-03,  1.530973344503003e-02, -6.528706978569963e-03, -2.867486423617639e-03,  1.148230008387422e-02, -3.335970586007295e-03, -1.409164757024413e-03, -4.067220823063501e-02, -8.878356634385883e-03
  2.800000000000000e+00,  1.403151138358096e+00,  8.969616667727990e-01, -3.230213250281225e-01,  5.081783889775854e-02,  6.199853990196738e-02,  1.521249428357060e-01,  8.673617379884035e-19,  4.770489558936220e-18,  0.000000000000000e+00, -6.112244809273952e-03, -3.080764286079418e-02, -7.348690549876399e-02, -9.473979454500901e-03, -3.342286118929989e-02, -7.526840623797623e-02, -1.054362229616281e-02, -3.266240763282829e-02, -7.215077994396794e-02, -9.524914827904841e-03, -3.141971523560236e-02, -6.636090254097214e-02, -8.455271986253536e-03, -3.019557048603708e-02, -5.567189810469043e-02, -6.774404663697879e-03, -2.694973213510886e-02, -3.919301626554288e-02,  0.000000000000000e+00,  0.000000000000000e+00,  0.000000000000000e+00,  0.000000000000000e+00,  0.000000000000000e+00,  0.000000000000000e+00,  0.000000000000000e+00,  0.000000000000000e+00,  0.000000000000000e+00,  0.000000000000000e+00,  0.000000000000000e+00,  0.000000000000000e+00,  0.000000000000000e+00,  0.000000000000000e+00,  0.000000000000000e+00,  0.000000000000000e+00,  0.000000000000000e+00,  0.000000000000000e+00,  0.000000000000000e+00,  0.000000000000000e+00,  0.000000000000000e+00,  0.000000000000000e+00,  0.000000000000000e+00,  0.000000000000000e+00,  0.000000000000000e+00,  0.000000000000000e+00,  0.000000000000000e+00,  0.000000000000000e+00,  0.000000000000000e+00,  0.000000000000000e+00,  0.000000000000000e+00,  0.000000000000000e+00,  0.000000000000000e+00,  1.484437329329781e-02, -5.376881636377903e-03, -1.908853719295297e-03,  1.648362923975470e-02, -9.919183679630038e-03, -2.962014391056646e-03,  1.730325721294099e-02, -1.065799184333730e-02, -3.669606717498410e-03,  1.630148969007356e-02, -9.919183679649640e-03, -3.620239810901179e-03,  1.493544306805225e-02, -6.444048983614877e-03, -2.879736213224393e-03,  1.120158230110116e-02, -3.292712926926912e-03, -1.415184653517049e-03, -4.015018847191074e-02, -8.879779029811840e-03
  2.810000000000000e+00,  1.416497811555785e+00,  8.962721723226094e-01, -3.222376922508006e-01,  4.332637050160516e-02,  6.399430088210756e-02,  1.505988084226956e-01,  0.000000000000000e+00,  3.903127820947815e-18,  0.000000000000000e+00, -4.735642400970257e-03, -3.115113851652640e-02, -7.327351397039226e-02, -7.340245721569574e-03, -3.379551571758582e-02, -7.504984158167644e-02, -8.168983141756764e-03, -3.302658333997802e-02, -7.194126826163129e-02, -7.379709408233377e-03, -3.177003530825909e-02, -6.616820352451401e-02, -6.550971988041837e-03, -3.053224172473598e-02, -5.551023785600848e-02, -5.248670327766037e-03, -2.725021328370738e-02, -3.907920745049212e-02,  0.000000000000000e+00,  0.000000000000000e+00,  0.000000000000000e+00,  0.000000000000000e+00,  0.000000000000000e+00,  0.000000000000000e+00,  0.000000000000000e+00,  0.000000000000000e+00,  0.000000000000000e+00,  0.000000000000000e+00,  0.000000000000000e+00,  0.000000000000000e+00,  0.000000000000000e+00,  0.000000000000000e+00,  0.000000000000000e+00,  0.000000000000000e+00,  0.000000000000000e+00,  0.000000000000000e+00,  0.000000000000000e+00,  0.000000000000000e+00,  0.000000000000000e+00,  0.000000000000000e+00,  0.000000000000000e+00,  0.000000000000000e+00,  0.000000000000000e+00,  0.000000000000000e+00,  0.000000000000000e+00,  0.000000000000000e+00,  0.000000000000000e+00,  0.000000000000000e+00,  0.000000000000000e+00,  0.000000000000000e+00,  0.000000000000000e+00,  1.437457360068700e-02, -5.270803446201707e-03, -1.932292297592016e-03,  1.596194982651221e-02, -9.723492362041258e-03, -2.998384599118209e-03,  1.675563793939971e-02, -1.044772489657448e-02, -3.714665364281458e-03,  1.578557469026988e-02, -9.723492362044318e-03, -3.664692287581448e-03,  1.446276116876789e-02, -6.316917106917037e-03, -2.915096137828836e-03,  1.084707087660668e-02, -3.227752406824651e-03, -1.432561530655425e-03, -3.936154351325110e-02, -8.935118199378339e-03
  2.820000000000000e+00,  1.429976628420270e+00,  8.958791333377802e-01, -3.213274088158800e-01,  3.501969841926982e-02,  6.527925944777326e-02,  1.492063242310991e-01,  0.000000000000000e+00, -5.637851296924623e-18,  0.000000000000000e+00, -3.273126247482354e-03, -3.141362699010243e-02, -7.308064090285046e-02, -5.073345683628576e-03, -3.408028647572635e-02, -7.485229280343778e-02, -5.646142776944402e-03, -3.330487485222340e-02, -7.175190197719537e-02, -5.100621735680272e-03, -3.203773878456471e-02, -6.599403329995020e-02, -4.527824642353853e-03, -3.078951519550558e-02, -5.536412189582441e-02, -3.627714924284531e-03, -2.747983143671805e-02, -3.897634181454032e-02,  0.000000000000000e+00,  0.000000000000000e+00,  0.000000000000000e+00,  0.000000000000000e+00,  0.000000000000000e+00,  0.000000000000000e+00,  0.000000000000000e+00,  0.000000000000000e+00,  0.000000000000000e+00,  0.000000000000000e+00,  0.000000000000000e+00,  0.000000000000000e+00,  0.000000000000000e+00,  0.000000000000000e+00,  0.000000000000000e+00,  0.000000000000000e+00,  0.000000000000000e+00,  0.000000000000000e+00,  0.000000000000000e+00,  0.000000000000000e+00,  0.000000000000000e+00,  0.000000000000000e+00,  0.000000000000000e+00,  0.000000000000000e+00,  0.000000000000000e+00,  0.000000000000000e+00,  0.000000000000000e+00,  0.000000000000000e+00,  0.000000000000000e+00,  0.000000000000000e+00,  0.000000000000000e+00,  0.000000000000000e+00,  0.000000000000000e+00,  1.383490805242264e-02, -5.134715130048580e-03, -1.977877660061805e-03,  1.536268930974597e-02, -9.472438852744611e-03, -3.069120506695958e-03,  1.612657993839548e-02, -1.017797222934337e-02, -3.802299294330990e-03,  1.519293583669707e-02, -9.472438852735630e-03, -3.751147285864204e-03,  1.391978478894099e-02, -6.153818896027231e-03, -2.983867159168175e-03,  1.043983859171349e-02, -3.144414184462205e-03, -1.466357575350374e-03, -3.834536706984213e-02, -9.076249153369801e-03
  2.830000000000000e+00,  1.443566187518309e+00,  8.958053269240182e-01, -3.203020867901852e-01,  2.613442842037871e-02,  6.589586542853829e-02,  1.480635236635017e-01,  8.673617379884034e-19,  2.016616040823038e-17,  0.000000000000000e+00, -1.764154794968676e-03, -3.158594416528095e-02, -7.293218787572464e-02, -2.734439932220905e-03, -3.426723141828718e-02, -7.470024091507801e-02, -3.043167021345028e-03, -3.348756633049109e-02, -7.160614809607090e-02, -2.749141222172135e-03, -3.221347947974273e-02, -6.585997571793646e-02, -2.440414133038586e-03, -3.095840885063764e-02, -5.525165748139937e-02, -1.955271564408689e-03, -2.763057006138799e-02, -3.889716686679968e-02,  0.000000000000000e+00,  0.000000000000000e+00,  0.000000000000000e+00,  0.000000000000000e+00,  0.000000000000000e+00,  0.000000000000000e+00,  0.000000000000000e+00,  0.000000000000000e+00,  0.000000000000000e+00,  0.000000000000000e+00,  0.000000000000000e+00,  0.000000000000000e+00,  0.000000000000000e+00,  0.000000000000000e+00,  0.000000000000000e+00,  0.000000000000000e+00,  0.000000000000000e+00,  0.000000000000000e+00,  0.000000000000000e+00,  0.000000000000000e+00,  0.000000000000000e+00,  0.000000000000000e+00,  0.000000000000000e+00,  0.000000000000000e+00,  0.000000000000000e+00,  0.000000000000000e+00,  0.000000000000000e+00,  0.000000000000000e+00,  0.000000000000000e+00,  0.000000000000000e+00,  0.000000000000000e+00,  0.000000000000000e+00,  0.000000000000000e+00,  1.325576694736801e-02, -4.976533512399794e-03, -2.050511371799195e-03,  1.471959397224349e-02, -9.180627980614317e-03, -3.181827990664740e-03,  1.545150748467817e-02, -9.864426478461901e-03, -3.941931343999821e-03,  1.455694652504048e-02, -9.180627980596965e-03, -3.888900877487549e-03,  1.333709067098657e-02, -5.964242453565597e-03, -3.093443879761215e-03,  1.000281800323237e-02, -3.047546391539583e-03, -1.520206706552371e-03, -3.715998019709789e-02, -9.327333153056176e-03
  2.840000000000000e+00,  1.457238638860544e+00,  8.960639195755067e-01, -3.191789232207742e-01,  1.693406823018884e-02,  6.592836381040386e-02,  1.472717620264432e-01,  0.000000000000000e+00, -2.602085213965211e-18,  0.000000000000000e+00, -2.500082845454585e-04, -3.166160734906445e-02, -7.284930824966224e-02, -3.875128410720849e-04, -3.434931754539686e-02, -7.461535208598585e-02, -4.312642908776269e-04, -3.356778479321885e-02, -7.152477537234621e-02, -3.895962434429621e-04, -3.229064590556698e-02, -6.578513290414623e-02, -3.458447936351092e-04, -3.103256879235675e-02, -5.518886988594995e-02, -2.770925153705992e-04, -2.769675826492445e-02, -3.885296439961435e-02,  0.000000000000000e+00,  0.000000000000000e+00,  0.000000000000000e+00,  0.000000000000000e+00,  0.000000000000000e+00,  0.000000000000000e+00,  0.000000000000000e+00,  0.000000000000000e+00,  0.000000000000000e+00,  0.000000000000000e+00,  0.000000000000000e+00,  0.000000000000000e+00,  0.000000000000000e+00,  0.000000000000000e+00,  0.000000000000000e+00,  0.000000000000000e+00,  0.000000000000000e+00,  0.000000000000000e+00,  0.000000000000000e+00,  0.000000000000000e+00,  0.000000000000000e+00,  0.000000000000000e+00,  0.000000000000000e+00,  0.000000000000000e+00,  0.000000000000000e+00,  0.000000000000000e+00,  0.000000000000000e+00,  0.000000000000000e+00,  0.000000000000000e+00,  0.000000000000000e+00,  0.000000000000000e+00,  0.000000000000000e+00,  0.000000000000000e+00,  1.266621790553193e-02, -4.806427443654056e-03, -2.152645982716145e-03,  1.406494135524217e-02, -8.866819075267174e-03, -3.340312731930752e-03,  1.476430308009985e-02, -9.527244220165886e-03, -4.138276329079297e-03,  1.390952763862411e-02, -8.866819075244482e-03, -4.082604450228986e-03,  1.274392476387139e-02, -5.760374875047850e-03, -3.247526267157076e-03,  9.557943572887239e-03, -2.943376262990676e-03, -1.595927194025707e-03, -3.588127205766092e-02, -9.702175563651440e-03
  2.850000000000001e+00,  1.470959409986809e+00,  8.966554085391490e-01, -3.179807022152246e-01,  7.680607834134733e-03,  6.551092988734539e-02,  1.468900555986551e-01,  8.673617379884035e-19,  8.565197162635485e-18,  0.000000000000000e+00,  1.231415168911080e-03, -3.163853570593601e-02, -7.284448580481562e-02,  1.908693511764283e-03, -3.432428738227643e-02, -7.461041273340759e-02,  2.124191166302734e-03, -3.354332412881515e-02, -7.152004060835171e-02,  1.918955304830352e-03, -3.226711588541304e-02, -6.578077809035235e-02,  1.703457650282541e-03, -3.100995552624625e-02, -5.518521651868174e-02,  1.364818478846633e-03, -2.767657578603416e-02, -3.885039242906494e-02,  0.000000000000000e+00,  0.000000000000000e+00,  0.000000000000000e+00,  0.000000000000000e+00,  0.000000000000000e+00,  0.000000000000000e+00,  0.000000000000000e+00,  0.000000000000000e+00,  0.000000000000000e+00,  0.000000000000000e+00,  0.000000000000000e+00,  0.000000000000000e+00,  0.000000000000000e+00,  0.000000000000000e+00,  0.000000000000000e+00,  0.000000000000000e+00,  0.000000000000000e+00,  0.000000000000000e+00,  0.000000000000000e+00,  0.000000000000000e+00,  0.000000000000000e+00,  0.000000000000000e+00,  0.000000000000000e+00,  0.000000000000000e+00,  0.000000000000000e+00,  0.000000000000000e+00,  0.000000000000000e+00,  0.000000000000000e+00,  0.000000000000000e+00,  0.000000000000000e+00,  0.000000000000000e+00,  0.000000000000000e+00,  0.000000000000000e+00,  1.209009330381414e-02, -4.636013489319149e-03, -2.284010542629582e-03,  1.342519563186429e-02, -8.552442187577884e-03, -3.544154290562056e-03,  1.409274679589454e-02, -9.189451674636777e-03, -4.390813371212302e-03,  1.327685092876854e-02, -8.552442187552467e-03, -4.331744133064163e-03,  1.216426565539697e-02, -5.556138303868733e-03, -3.445705560313049e-03,  9.123199241528547e-03, -2.839017590416131e-03, -1.693318160913220e-03, -3.459665474295969e-02, -1.020262963622809e-02
  2.860000000000000e+00,  1.484686544367277e+00,  8.975663051689508e-01, -3.167342890209370e-01, -1.398981728321186e-03,  6.481889622081102e-02,  1.469067894291118e-01,  0.000000000000000e+00,  1.138412281109779e-18,  0.000000000000000e+00,  2.650836652765324e-03, -3.151873045907597e-02, -7.291612568978140e-02,  4.108796811707543e-03, -3.419431203317905e-02, -7.468378934287472e-02,  4.572693225905925e-03, -3.341630604348854e-02, -7.159037794998159e-02,  4.130887117129054e-03, -3.214493040185839e-02, -6.584547107740854e-02,  3.666990702906209e-03, -3.089253051608241e-02, -5.523948915883407e-02,  2.938010623409693e-03, -2.757177324318816e-02, -3.888860036773669e-02,  0.000000000000000e+00,  0.000000000000000e+00,  0.000000000000000e+00,  0.000000000000000e+00,  0.000000000000000e+00,  0.000000000000000e+00,  0.000000000000000e+00,  0.000000000000000e+00,  0.000000000000000e+00,  0.000000000000000e+00,  0.000000000000000e+00,  0.000000000000000e+00,  0.000000000000000e+00,  0.000000000000000e+00,  0.000000000000000e+00,  0.000000000000000e+00,  0.000000000000000e+00,  0.000000000000000e+00,  0.000000000000000e+00,  0.000000000000000e+00,  0.000000000000000e+00,  0.000000000000000e+00,  0.000000000000000e+00,  0.000000000000000e+00,  0.000000000000000e+00,  0.000000000000000e+00,  0.000000000000000e+00,  0.000000000000000e+00,  0.000000000000000e+00,  0.000000000000000e+00,  0.000000000000000e+00,  0.000000000000000e+00,  0.000000000000000e+00,  1.154325474212518e-02, -4.477191511655701e-03, -2.441806905763078e-03,  1.281796998974101e-02, -8.259449989658642e-03, -3.789010716221834e-03,  1.345532761355399e-02, -8.874636609564130e-03, -4.694163276372777e-03,  1.267633496224765e-02, -8.259449989632201e-03, -4.631013097806310e-03,  1.161407225590329e-02, -5.365794407013042e-03, -3.683760418625229e-03,  8.710554191910747e-03, -2.741757651638564e-03, -1.810305119830777e-03, -3.339620070784532e-02, -1.081912393465191e-02
  2.870000000000000e+00,  1.498371639301378e+00,  8.987700040546951e-01, -3.154680384747646e-01, -1.014088712046339e-02,  6.404806204997877e-02,  1.472314604043715e-01,  1.734723475976807e-18,  9.324138683375338e-18,  0.000000000000000e+00,  3.991164284832839e-03, -3.130637736980116e-02, -7.304732790710210e-02,  6.186304641376602e-03, -3.396393258292566e-02, -7.481817222002166e-02,  6.884758391170461e-03, -3.319116830103954e-02, -7.171919467245969e-02,  6.219564343721110e-03, -3.192835837703748e-02, -6.596395065548988e-02,  5.521110593885740e-03, -3.068439636235997e-02, -5.533888477803150e-02,  4.423540415569101e-03, -2.738601223252935e-02, -3.895857488365324e-02,  0.000000000000000e+00,  0.000000000000000e+00,  0.000000000000000e+00,  0.000000000000000e+00,  0.000000000000000e+00,  0.000000000000000e+00,  0.000000000000000e+00,  0.000000000000000e+00,  0.000000000000000e+00,  0.000000000000000e+00,  0.000000000000000e+00,  0.000000000000000e+00,  0.000000000000000e+00,  0.000000000000000e+00,  0.000000000000000e+00,  0.000000000000000e+00,  0.000000000000000e+00,  0.000000000000000e+00,  0.000000000000000e+00,  0.000000000000000e+00,  0.000000000000000e+00,  0.000000000000000e+00,  0.000000000000000e+00,  0.000000000000000e+00,  0.000000000000000e+00,  0.000000000000000e+00,  0.000000000000000e+00,  0.000000000000000e+00,  0.000000000000000e+00,  0.000000000000000e+00,  0.000000000000000e+00,  0.000000000000000e+00,  0.000000000000000e+00,  1.103288003448693e-02, -4.341052679306494e-03, -2.621300358507963e-03,  1.225123488493381e-02, -8.008303288804735e-03, -4.067535039521780e-03,  1.286041231016008e-02, -8.604783809614410e-03, -5.039223965820192e-03,  1.211586212378603e-02, -8.008303288778832e-03, -4.971431715205205e-03,  1.110056641508178e-02, -5.202635653771042e-03, -3.954547955189829e-03,  8.325424811301510e-03, -2.658388493952887e-03, -1.943377852069626e-03, -3.236426654614785e-02, -1.153307165391169e-02
  2.880000000000000e+00,  1.511963497923741e+00,  9.002298382868492e-01, -3.142093304016925e-01, -1.845730365987472e-02,  6.338807182238368e-02,  1.477152816261361e-01,  0.000000000000000e+00, -2.602085213965211e-18,  0.000000000000000e+00,  5.248310777680368e-03, -3.100508859755615e-02, -7.321008275539743e-02,  8.134881705255245e-03, -3.363706782219349e-02, -7.498487264040458e-02,  9.053336091281450e-03, -3.287174052987085e-02, -7.187899034170442e-02,  8.178617628362654e-03, -3.162108373515009e-02, -6.611092321547253e-02,  7.260163242277736e-03, -3.038909345976558e-02, -5.546218390553337e-02,  5.816877778425672e-03, -2.712245257806399e-02, -3.904537746941426e-02,  0.000000000000000e+00,  0.000000000000000e+00,  0.000000000000000e+00,  0.000000000000000e+00,  0.000000000000000e+00,  0.000000000000000e+00,  0.000000000000000e+00,  0.000000000000000e+00,  0.000000000000000e+00,  0.000000000000000e+00,  0.000000000000000e+00,  0.000000000000000e+00,  0.000000000000000e+00,  0.000000000000000e+00,  0.000000000000000e+00,  0.000000000000000e+00,  0.000000000000000e+00,  0.000000000000000e+00,  0.000000000000000e+00,  0.000000000000000e+00,  0.000000000000000e+00,  0.000000000000000e+00,  0.000000000000000e+00,  0.000000000000000e+00,  0.000000000000000e+00,  0.000000000000000e+00,  0.000000000000000e+00,  0.000000000000000e+00,  0.000000000000000e+00,  0.000000000000000e+00,  0.000000000000000e+00,  0.000000000000000e+00,  0.000000000000000e+00,  1.055850835199362e-02, -4.237110369670222e-03, -2.816584717025255e-03,  1.172447859945618e-02, -7.816552208718746e-03, -4.370562492439484e-03,  1.230746372318635e-02, -8.398750580117156e-03, -5.414641310283217e-03,  1.159492634974062e-02, -7.816552208694476e-03, -5.341798602123731e-03,  1.062328447685642e-02, -5.078063572781618e-03, -4.249157978874250e-03,  7.967463357642871e-03, -2.594735951526193e-03, -2.088157635129878e-03, -3.157354760260537e-02, -1.232018798278689e-02
  2.890000000000000e+00,  1.525413820404212e+00,  9.019039807181195e-01, -3.129828296882086e-01, -2.632944054422216e-02,  6.299273022927099e-02,  1.481948532606485e-01,  0.000000000000000e+00,  6.505213034913026e-19,  0.000000000000000e+00,  6.428916465964082e-03, -3.061492042604003e-02, -7.337365682825951e-02,  9.964820522065728e-03, -3.321377881252516e-02, -7.515241214533966e-02,  1.108988090352818e-02, -3.245808240222241e-02, -7.203959034051685e-02,  1.001839482589923e-02, -3.122316387811333e-02, -6.625863556005730e-02,  8.893334444362805e-03, -3.000667697377922e-02, -5.558610365770060e-02,  7.125382416229861e-03, -2.678114351532352e-02, -3.913261697493948e-02,  0.000000000000000e+00,  0.000000000000000e+00,  0.000000000000000e+00,  0.000000000000000e+00,  0.000000000000000e+00,  0.000000000000000e+00,  0.000000000000000e+00,  0.000000000000000e+00,  0.000000000000000e+00,  0.000000000000000e+00,  0.000000000000000e+00,  0.000000000000000e+00,  0.000000000000000e+00,  0.000000000000000e+00,  0.000000000000000e+00,  0.000000000000000e+00,  0.000000000000000e+00,  0.000000000000000e+00,  0.000000000000000e+00,  0.000000000000000e+00,  0.000000000000000e+00,  0.000000000000000e+00,  0.000000000000000e+00,  0.000000000000000e+00,  0.000000000000000e+00,  0.000000000000000e+00,  0.000000000000000e+00,  0.000000000000000e+00,  0.000000000000000e+00,  0.000000000000000e+00,  0.000000000000000e+00,  0.000000000000000e+00,  0.000000000000000e+00,  1.011418800204990e-02, -4.172795736922615e-03, -3.021328069358843e-03,  1.123109219858678e-02, -7.697905621609871e-03, -4.688267694356894e-03,  1.178954429684951e-02, -8.271266867902102e-03, -5.808242754886850e-03,  1.110699173229468e-02, -7.697905621588245e-03, -5.730104960030544e-03,  1.017623823518203e-02, -5.000984203783397e-03, -4.558038036301414e-03,  7.632178676399120e-03, -2.555350739638870e-03, -2.239950120493214e-03, -3.108114889896992e-02, -1.315379584885180e-02
  2.900000000000000e+00,  1.538683149423598e+00,  9.037511872956162e-01, -3.118093927672775e-01, -3.378232301744695e-02,  6.295331782249929e-02,  1.485431969417246e-01,  0.000000000000000e+00, -2.168404344971009e-18,  0.000000000000000e+00,  7.545331475930925e-03, -3.013019975252584e-02, -7.351427787742397e-02,  1.169526378749476e-02, -3.268791086932337e-02, -7.529644218963601e-02,  1.301569679569225e-02, -3.194417926794105e-02, -7.217765464333051e-02,  1.175814154973728e-02, -3.072881299254951e-02, -6.638562062869308e-02,  1.043770854145426e-02, -2.953158651232490e-02, -5.569263475554874e-02,  8.362742385577339e-03, -2.635712236022606e-02, -3.920761486782478e-02,  0.000000000000000e+00,  0.000000000000000e+00,  0.000000000000000e+00,  0.000000000000000e+00,  0.000000000000000e+00,  0.000000000000000e+00,  0.000000000000000e+00,  0.000000000000000e+00,  0.000000000000000e+00,  0.000000000000000e+00,  0.000000000000000e+00,  0.000000000000000e+00,  0.000000000000000e+00,  0.000000000000000e+00,  0.000000000000000e+00,  0.000000000000000e+00,  0.000000000000000e+00,  0.000000000000000e+00,  0.000000000000000e+00,  0.000000000000000e+00,  0.000000000000000e+00,  0.000000000000000e+00,  0.000000000000000e+00,  0.000000000000000e+00,  0.000000000000000e+00,  0.000000000000000e+00,  0.000000000000000e+00,  0.000000000000000e+00,  0.000000000000000e+00,  0.000000000000000e+00,  0.000000000000000e+00,  0.000000000000000e+00,  0.000000000000000e+00,  9.691428494314626e-03, -4.153209850986375e-03, -3.229375050834554e-03,  1.076164759182583e-02, -7.661773898203291e-03, -5.011099217334581e-03,  1.129675714057097e-02, -8.232443954064823e-03, -6.208195141684828e-03,  1.064273435874568e-02, -7.661773898184927e-03, -6.124676821445510e-03,  9.750885110821242e-03, -4.977511042790923e-03, -4.871902016975343e-03,  7.313163833140808e-03, -2.543356668711015e-03, -2.394191848143277e-03, -3.092659386470748e-02, -1.400754827166733e-02
  2.910000000000000e+00,  1.551745272729278e+00,  9.057356817747335e-01, -3.107054032821354e-01, -4.084909416708595e-02,  6.328381459885633e-02,  1.487080140200136e-01, -8.673617379884035e-19, -1.561251128379126e-17,  0.000000000000000e+00,  8.609169807492975e-03, -2.953932554282673e-02, -7.362228121048364e-02,  1.334421320140698e-02, -3.204687816260206e-02, -7.540706378531380e-02,  1.485081791762338e-02, -3.131773165610260e-02, -7.228369427942039e-02,  1.341595628307454e-02, -3.012619956014828e-02, -6.648315091126933e-02,  1.190935156676557e-02, -2.895245152533884e-02, -5.577445546240890e-02,  9.541829869706198e-03, -2.584024082699724e-02, -3.926521664545647e-02,  0.000000000000000e+00,  0.000000000000000e+00,  0.000000000000000e+00,  0.000000000000000e+00,  0.000000000000000e+00,  0.000000000000000e+00,  0.000000000000000e+00,  0.000000000000000e+00,  0.000000000000000e+00,  0.000000000000000e+00,  0.000000000000000e+00,  0.000000000000000e+00,  0.000000000000000e+00,  0.000000000000000e+00,  0.000000000000000e+00,  0.000000000000000e+00,  0.000000000000000e+00,  0.000000000000000e+00,  0.000000000000000e+00,  0.000000000000000e+00,  0.000000000000000e+00,  0.000000000000000e+00,  0.000000000000000e+00,  0.000000000000000e+00,  0.000000000000000e+00,  0.000000000000000e+00,  0.000000000000000e+00,  0.000000000000000e+00,  0.000000000000000e+00,  0.000000000000000e+00,  0.000000000000000e+00,  0.000000000000000e+00,  0.000000000000000e+00,  9.282456711741225e-03, -4.181129374057957e-03, -3.435210088823460e-03,  1.030751328110464e-02, -7.713279379703401e-03, -5.330498414194293e-03,  1.082004156577178e-02, -8.287785705913236e-03, -6.603895257785766e-03,  1.019361810669565e-02, -7.713279379688398e-03, -6.515053617596694e-03,  9.339404298894632e-03, -5.010971845262256e-03, -5.182429013918500e-03,  7.004553224206536e-03, -2.560454120512699e-03, -2.546793686650676e-03, -3.113172602918238e-02, -1.485756149519162e-02
  2.920000000000000e+00,  1.564588856366345e+00,  9.078295481857390e-01, -3.096826120563125e-01, -4.753758535571071e-02,  6.392277154097664e-02,  1.487206610079251e-01,  0.000000000000000e+00, -2.602085213965211e-18,  0.000000000000000e+00,  9.625825443698830e-03, -2.882751314462851e-02, -7.370346039296582e-02,  1.492002947189511e-02, -3.127464098935644e-02, -7.549021093962932e-02,  1.660454893825636e-02, -3.056306480910011e-02, -7.236339745834912e-02,  1.500024468917384e-02, -2.940024519796406e-02, -6.655645814834583e-02,  1.331572523379769e-02, -2.825478110314836e-02, -5.583595481225000e-02,  1.066862323677218e-02, -2.521756569218320e-02, -3.930851217742463e-02,  0.000000000000000e+00,  0.000000000000000e+00,  0.000000000000000e+00,  0.000000000000000e+00,  0.000000000000000e+00,  0.000000000000000e+00,  0.000000000000000e+00,  0.000000000000000e+00,  0.000000000000000e+00,  0.000000000000000e+00,  0.000000000000000e+00,  0.000000000000000e+00,  0.000000000000000e+00,  0.000000000000000e+00,  0.000000000000000e+00,  0.000000000000000e+00,  0.000000000000000e+00,  0.000000000000000e+00,  0.000000000000000e+00,  0.000000000000000e+00,  0.000000000000000e+00,  0.000000000000000e+00,  0.000000000000000e+00,  0.000000000000000e+00,  0.000000000000000e+00,  0.000000000000000e+00,  0.000000000000000e+00,  0.000000000000000e+00,  0.000000000000000e+00,  0.000000000000000e+00,  0.000000000000000e+00,  0.000000000000000e+00,  0.000000000000000e+00,  8.881960952198308e-03, -4.256945829787183e-03, -3.634478507448021e-03,  9.862791001550759e-03, -7.853144344015175e-03, -5.639708019124298e-03,  1.035320603156289e-02, -8.438068198471996e-03, -6.986971598063788e-03,  9.753809895603330e-03, -7.853144343675121e-03, -6.892976464091431e-03,  8.936451519991851e-03, -5.101835842324047e-03, -5.483049460253759e-03,  6.702338633807710e-03, -2.606882858348006e-03, -2.694527166070142e-03, -3.170013378812767e-02, -1.568469891932637e-02
  2.930000000000000e+00,  1.577216206511733e+00,  9.100127711138918e-01, -3.087483051681584e-01, -5.380869479993527e-02,  6.475000124910575e-02,  1.486837460661184e-01,  0.000000000000000e+00,  1.734723475976807e-18,  0.000000000000000e+00,  1.059084346015940e-02, -2.797829105090906e-02, -7.377684555885607e-02,  1.641580739433402e-02, -3.035332960323816e-02, -7.556537514110066e-02,  1.826920501227653e-02, -2.966271555764179e-02, -7.243544835084485e-02,  1.650406442776484e-02, -2.853415114199370e-02, -6.662272717962263e-02,  1.465066681982453e-02, -2.742243097109945e-02, -5.589154963783229e-02,  1.173818486859516e-02, -2.447468808633120e-02, -3.934765093529243e-02,  0.000000000000000e+00,  0.000000000000000e+00,  0.000000000000000e+00,  0.000000000000000e+00,  0.000000000000000e+00,  0.000000000000000e+00,  0.000000000000000e+00,  0.000000000000000e+00,  0.000000000000000e+00,  0.000000000000000e+00,  0.000000000000000e+00,  0.000000000000000e+00,  0.000000000000000e+00,  0.000000000000000e+00,  0.000000000000000e+00,  0.000000000000000e+00,  0.000000000000000e+00,  0.000000000000000e+00,  0.000000000000000e+00,  0.000000000000000e+00,  0.000000000000000e+00,  0.000000000000000e+00,  0.000000000000000e+00,  0.000000000000000e+00,  0.000000000000000e+00,  0.000000000000000e+00,  0.000000000000000e+00,  0.000000000000000e+00,  0.000000000000000e+00,  0.000000000000000e+00,  0.000000000000000e+00,  0.000000000000000e+00,  0.000000000000000e+00,  8.490383074686584e-03, -4.379396707266034e-03, -3.823965208851509e-03,  9.427971395592909e-03, -8.079039728192515e-03, -5.933739110783135e-03,  9.896765561348407e-03, -8.680788893912097e-03, -7.351243451745322e-03,  9.323794926225943e-03, -8.079039727685526e-03, -7.252347799878564e-03,  8.542471324189652e-03, -5.248589946928930e-03, -5.768913022693918e-03,  6.406853486625334e-03, -2.681869739708484e-03, -2.835008687365018e-03, -3.262250290602964e-02, -1.647473154494575e-02
  2.940000000000000e+00,  1.589639668696430e+00,  9.122699661195759e-01, -3.079063558651308e-01, -5.957603563959261e-02,  6.561059940266602e-02,  1.487253845195660e-01,  6.938893903907227e-18,  1.734723475976807e-18,  0.000000000000000e+00,  1.149134421185549e-02, -2.698086916588129e-02, -7.386534638872579e-02,  1.781158355660732e-02, -2.927123794975317e-02, -7.565602144679620e-02,  1.982256880490959e-02, -2.860524419137649e-02, -7.252234007693310e-02,  1.790734476240042e-02, -2.751691292791346e-02, -6.670264611344852e-02,  1.589635952318491e-02, -2.644482541441546e-02, -5.595859572400007e-02,  1.273623986548006e-02, -2.360216912181350e-02, -3.939485138068469e-02,  0.000000000000000e+00,  0.000000000000000e+00,  0.000000000000000e+00,  0.000000000000000e+00,  0.000000000000000e+00,  0.000000000000000e+00,  0.000000000000000e+00,  0.000000000000000e+00,  0.000000000000000e+00,  0.000000000000000e+00,  0.000000000000000e+00,  0.000000000000000e+00,  0.000000000000000e+00,  0.000000000000000e+00,  0.000000000000000e+00,  0.000000000000000e+00,  0.000000000000000e+00,  0.000000000000000e+00,  0.000000000000000e+00,  0.000000000000000e+00,  0.000000000000000e+00,  0.000000000000000e+00,  0.000000000000000e+00,  0.000000000000000e+00,  0.000000000000000e+00,  0.000000000000000e+00,  0.000000000000000e+00,  0.000000000000000e+00,  0.000000000000000e+00,  0.000000000000000e+00,  0.000000000000000e+00,  0.000000000000000e+00,  0.000000000000000e+00,  8.108806561565478e-03, -4.544856337909985e-03, -4.002330160178958e-03,  9.004257598970096e-03, -8.384276959908009e-03, -6.210512313559187e-03,  9.451983122851145e-03, -9.008761036605240e-03, -7.694134698329238e-03,  8.904763049845336e-03, -8.384276959291696e-03, -7.590626159963186e-03,  8.158553850631469e-03, -5.446888893226590e-03, -6.037998081779753e-03,  6.118915381326152e-03, -2.783194466584045e-03, -2.967244772932828e-03, -3.387142648319252e-02, -1.722118542171477e-02
  2.950000000000000e+00,  1.601877348335185e+00,  9.145872085569224e-01, -3.071576114905065e-01, -6.471893533407862e-02,  6.633850771564158e-02,  1.489659269386903e-01,  0.000000000000000e+00,  1.734723475976807e-18,  0.000000000000000e+00,  1.230821399356931e-02, -2.583079587080367e-02, -7.399004561925075e-02,  1.907773171580879e-02, -2.802353651839334e-02, -7.578374368999084e-02,  2.123166917491425e-02, -2.738593108323947e-02, -7.264477205070710e-02,  1.918030016934299e-02, -2.634399049426744e-02, -6.681525329977515e-02,  1.702636271855166e-02, -2.531760125715733e-02, -5.605306484077946e-02,  1.364160387104018e-02, -2.259611463729779e-02, -3.946135763962366e-02,  0.000000000000000e+00,  0.000000000000000e+00,  0.000000000000000e+00,  0.000000000000000e+00,  0.000000000000000e+00,  0.000000000000000e+00,  0.000000000000000e+00,  0.000000000000000e+00,  0.000000000000000e+00,  0.000000000000000e+00,  0.000000000000000e+00,  0.000000000000000e+00,  0.000000000000000e+00,  0.000000000000000e+00,  0.000000000000000e+00,  0.000000000000000e+00,  0.000000000000000e+00,  0.000000000000000e+00,  0.000000000000000e+00,  0.000000000000000e+00,  0.000000000000000e+00,  0.000000000000000e+00,  0.000000000000000e+00,  0.000000000000000e+00,  0.000000000000000e+00,  0.000000000000000e+00,  0.000000000000000e+00,  0.000000000000000e+00,  0.000000000000000e+00,  0.000000000000000e+00,  0.000000000000000e+00,  0.000000000000000e+00,  0.000000000000000e+00,  7.739638649319525e-03, -4.748118354078483e-03, -4.169630471946364e-03,  8.594322678014913e-03, -8.759251416912955e-03, -6.470116247401774e-03,  9.021664697366448e-03, -9.411664625532454e-03, -8.015755128149529e-03,  8.499357796228606e-03, -8.759251416229406e-03, -7.907919857699584e-03,  7.787121104204686e-03, -5.690492988680866e-03, -6.290390795846572e-03,  5.840340821519178e-03, -2.907668745978752e-03, -3.091277763397631e-03, -3.540734684898038e-02, -1.792349028796294e-02
  2.960000000000000e+00,  1.613948977350032e+00,  9.169488365585138e-01, -3.065001298312765e-01, -6.911005482819378e-02,  6.677631377342227e-02,  1.494857480370166e-01,  0.000000000000000e+00, -8.673617379884035e-19,  0.000000000000000e+00,  1.302094042578947e-02, -2.453220319461528e-02, -7.416454785086410e-02,  2.018245768371832e-02, -2.661470810035865e-02, -7.596247627959617e-02,  2.246112226766066e-02, -2.600915702974752e-02, -7.281610151618240e-02,  2.029096552387472e-02, -2.501959796331471e-02, -6.697283410497377e-02,  1.801230094762920e-02, -2.404480843499699e-02, -5.618526350353208e-02,  1.443154233136296e-02, -2.146013922523655e-02, -3.955442549886708e-02,  0.000000000000000e+00,  0.000000000000000e+00,  0.000000000000000e+00,  0.000000000000000e+00,  0.000000000000000e+00,  0.000000000000000e+00,  0.000000000000000e+00,  0.000000000000000e+00,  0.000000000000000e+00,  0.000000000000000e+00,  0.000000000000000e+00,  0.000000000000000e+00,  0.000000000000000e+00,  0.000000000000000e+00,  0.000000000000000e+00,  0.000000000000000e+00,  0.000000000000000e+00,  0.000000000000000e+00,  0.000000000000000e+00,  0.000000000000000e+00,  0.000000000000000e+00,  0.000000000000000e+00,  0.000000000000000e+00,  0.000000000000000e+00,  0.000000000000000e+00,  0.000000000000000e+00,  0.000000000000000e+00,  0.000000000000000e+00,  0.000000000000000e+00,  0.000000000000000e+00,  0.000000000000000e+00,  0.000000000000000e+00,  0.000000000000000e+00,  7.383630995863563e-03, -4.982385992297037e-03, -4.327030510327345e-03,  8.199001295870022e-03, -9.191424540611719e-03, -6.714357687602141e-03,  8.606686450682188e-03, -9.876027195655864e-03, -8.318343135112729e-03,  8.108404605793408e-03, -9.191424539888407e-03, -8.206437174092878e-03,  7.428929354297318e-03, -5.971256493832525e-03, -6.527847752045940e-03,  5.571697009187577e-03, -3.051130352916187e-03, -3.207970895826983e-03, -3.717869137204772e-02, -1.858565427345837e-02
  2.970000000000000e+00,  1.625873044657834e+00,  9.193357011899866e-01, -3.059291656558318e-01, -7.264529523635087e-02,  6.679199121618877e-02,  1.503111887832547e-01,  0.000000000000000e+00, -3.469446951953614e-18,  0.000000000000000e+00,  1.361229868761259e-02, -2.309848597953477e-02, -7.439295806126643e-02,  2.109906298786913e-02, -2.505928460757966e-02, -7.619642370792473e-02,  2.348121526698762e-02, -2.448912330555167e-02, -7.304035881508919e-02,  2.121249881332494e-02, -2.355739629998799e-02, -6.717909544826302e-02,  1.883034654141673e-02, -2.263957566747079e-02, -5.635830154378352e-02,  1.508696440321746e-02, -2.020596034844717e-02, -3.967624427977114e-02,  0.000000000000000e+00,  0.000000000000000e+00,  0.000000000000000e+00,  0.000000000000000e+00,  0.000000000000000e+00,  0.000000000000000e+00,  0.000000000000000e+00,  0.000000000000000e+00,  0.000000000000000e+00,  0.000000000000000e+00,  0.000000000000000e+00,  0.000000000000000e+00,  0.000000000000000e+00,  0.000000000000000e+00,  0.000000000000000e+00,  0.000000000000000e+00,  0.000000000000000e+00,  0.000000000000000e+00,  0.000000000000000e+00,  0.000000000000000e+00,  0.000000000000000e+00,  0.000000000000000e+00,  0.000000000000000e+00,  0.000000000000000e+00,  0.000000000000000e+00,  0.000000000000000e+00,  0.000000000000000e+00,  0.000000000000000e+00,  0.000000000000000e+00,  0.000000000000000e+00,  0.000000000000000e+00,  0.000000000000000e+00,  0.000000000000000e+00,  7.038427928383240e-03, -5.239491955519822e-03, -4.476273747390264e-03,  7.815677644128558e-03, -9.665729434393502e-03, -6.945942022024221e-03,  8.204302506617687e-03, -1.038565962633341e-02, -8.605250394249560e-03,  7.729316574150774e-03, -9.665729433645770e-03, -8.489484694395581e-03,  7.081608476175897e-03, -6.279391121354928e-03, -6.752999188639114e-03,  5.311206350729788e-03, -3.208577770441937e-03, -3.318616744411005e-03, -3.912369589709565e-02, -1.921398933536141e-02
  2.980000000000000e+00,  1.637665698047260e+00,  9.217249585777330e-01, -3.054373979978212e-01, -7.526405766670488e-02,  6.629092938448522e-02,  1.514197468526532e-01,  0.000000000000000e+00, -3.469446951953613e-18,  0.000000000000000e+00,  1.407134713073671e-02, -2.155188296096608e-02, -7.467128715183310e-02,  2.181058807330836e-02, -2.338139259106936e-02, -7.648150017094224e-02,  2.427307382944425e-02, -2.284940752238384e-02, -7.331362737787714e-02,  2.192784930230188e-02, -2.198006606888762e-02, -6.743043505269374e-02,  1.946536355298574e-02, -2.112369986080944e-02, -5.656915691709309e-02,  1.559574309297739e-02, -1.885303187961904e-02, -3.982468646302822e-02,  0.000000000000000e+00,  0.000000000000000e+00,  0.000000000000000e+00,  0.000000000000000e+00,  0.000000000000000e+00,  0.000000000000000e+00,  0.000000000000000e+00,  0.000000000000000e+00,  0.000000000000000e+00,  0.000000000000000e+00,  0.000000000000000e+00,  0.000000000000000e+00,  0.000000000000000e+00,  0.000000000000000e+00,  0.000000000000000e+00,  0.000000000000000e+00,  0.000000000000000e+00,  0.000000000000000e+00,  0.000000000000000e+00,  0.000000000000000e+00,  0.000000000000000e+00,  0.000000000000000e+00,  0.000000000000000e+00,  0.000000000000000e+00,  0.000000000000000e+00,  0.000000000000000e+00,  0.000000000000000e+00,  0.000000000000000e+00,  0.000000000000000e+00,  0.000000000000000e+00,  0.000000000000000e+00,  0.000000000000000e+00,  0.000000000000000e+00,  6.698564101555250e-03, -5.510243134665651e-03, -4.619144555509306e-03,  7.438282842446469e-03, -1.016520680031390e-02, -7.167638104486577e-03,  7.808142217333618e-03, -1.092233944431959e-02, -8.879907207843240e-03,  7.356091880450445e-03, -1.016520679954793e-02, -8.760446573343074e-03,  6.739659594836499e-03, -6.603879175609033e-03, -6.968537046886625e-03,  5.054744689851792e-03, -3.374381291366001e-03, -3.424538205965738e-03, -4.117308319064041e-02, -1.981484547410568e-02
  2.990000000000000e+00,  1.649340967870905e+00,  9.240911311484170e-01, -3.050155259044714e-01, -7.695637328459105e-02,  6.521993620506344e-02,  1.527592460223820e-01, -1.301042606982605e-17,  2.862293735361732e-17,  2.775557561562891e-17,  1.439438596121016e-02, -1.992154678462885e-02, -7.499124973163994e-02,  2.231129825935129e-02, -2.161265942446464e-02, -7.680921941977646e-02,  2.483031581037189e-02, -2.112091745215361e-02, -7.362777245711001e-02,  2.243125147847636e-02, -2.031733910738340e-02, -6.771937095919388e-02,  1.991223393395461e-02, -1.952575446910414e-02, -5.681155281214784e-02,  1.595377779561134e-02, -1.742685580203569e-02, -3.999533317346139e-02,  0.000000000000000e+00,  0.000000000000000e+00,  0.000000000000000e+00,  0.000000000000000e+00,  0.000000000000000e+00,  0.000000000000000e+00,  0.000000000000000e+00,  0.000000000000000e+00,  0.000000000000000e+00,  0.000000000000000e+00,  0.000000000000000e+00,  0.000000000000000e+00,  0.000000000000000e+00,  0.000000000000000e+00,  0.000000000000000e+00,  0.000000000000000e+00,  0.000000000000000e+00,  0.000000000000000e+00,  0.000000000000000e+00,  0.000000000000000e+00,  0.000000000000000e+00,  0.000000000000000e+00,  0.000000000000000e+00,  0.000000000000000e+00,  0.000000000000000e+00,  0.000000000000000e+00,  0.000000000000000e+00,  0.000000000000000e+00,  0.000000000000000e+00,  0.000000000000000e+00,  0.000000000000000e+00,  0.000000000000000e+00,  0.000000000000000e+00,  6.356667534898105e-03, -5.784888008258503e-03, -4.757015922031373e-03,  7.058630826642124e-03, -1.067186719034325e-02, -7.381576432692175e-03,  7.409612476808599e-03, -1.146673729786515e-02, -9.144953025863345e-03,  6.980634914288237e-03, -1.067186718955845e-02, -9.021926752620266e-03,  6.395665502954651e-03, -6.933033718625831e-03, -7.176532644033314e-03,  4.796749121029296e-03, -3.542569246035180e-03, -3.526753184943422e-03, -4.325357055914018e-02, -2.039277413253780e-02
  3.000000000000000e+00,  1.660911181717818e+00,  9.264077333309226e-01, -3.046531293794125e-01, -7.776108003835752e-02,  6.356377038591424e-02,  1.542694084720888e-01,  0.000000000000000e+00,  3.469446951953613e-18,  0.000000000000000e+00,  1.458466171939477e-02, -1.824020697744317e-02, -7.534442115185197e-02,  2.260622568353824e-02, -1.978859299911036e-02, -7.717095257169571e-02,  2.515854149186022e-02, -1.933835309300996e-02, -7.397452257940342e-02,  2.272776453387473e-02, -1.860259519790887e-02, -6.803829545458129e-02,  2.017544873178734e-02, -1.787781876378468e-02, -5.707910691922269e-02,  1.616466675999197e-02, -1.595606306249448e-02, -4.018369126501546e-02,  0.000000000000000e+00,  0.000000000000000e+00,  0.000000000000000e+00,  0.000000000000000e+00,  0.000000000000000e+00,  0.000000000000000e+00,  0.000000000000000e+00,  0.000000000000000e+00,  0.000000000000000e+00,  0.000000000000000e+00,  0.000000000000000e+00,  0.000000000000000e+00,  0.000000000000000e+00,  0.000000000000000e+00,  0.000000000000000e+00,  0.000000000000000e+00,  0.000000000000000e+00,  0.000000000000000e+00,  0.000000000000000e+00,  0.000000000000000e+00,  0.000000000000000e+00,  0.000000000000000e+00,  0.000000000000000e+00,  0.000000000000000e+00,  0.000000000000000e+00,  0.000000000000000e+00,  0.000000000000000e+00,  0.000000000000000e+00,  0.000000000000000e+00,  0.000000000000000e+00,  0.000000000000000e+00,  0.000000000000000e+00,  0.000000000000000e+00,  6.005160504737181e-03, -6.053776136325096e-03, -4.890465246408319e-03,  6.668307069224374e-03, -1.116790762996812e-02, -7.588652971372156e-03,  6.999880355650709e-03, -1.199972419779999e-02, -9.401497849085047e-03,  6.594624126398594e-03, -1.116790762915909e-02, -9.275020300265904e-03,  6.042001987775664e-03, -7.255288955922819e-03, -7.377857056923754e-03,  4.531501484672576e-03, -3.707231865431926e-03, -3.625689753377201e-03, -4.529276581924237e-02, -2.094903906579436e-02
  3.010000000000000e+00,  1.672386866287806e+00,  9.286487838932150e-01, -3.043395262227793e-01, -7.775857889677522e-02,  6.133740654357869e-02,  1.558971009376845e-01,  0.000000000000000e+00,  1.734723475976807e-18,  0.000000000000000e+00,  1.465134908943865e-02, -1.654024111649120e-02, -7.572516223419511e-02,  2.270959110630796e-02, -1.794431937997201e-02, -7.756092374108566e-02,  2.527357720407386e-02, -1.753604130422607e-02, -7.434834109700952e-02,  2.283168568462833e-02, -1.686885518067704e-02, -6.838211618999239e-02,  2.026769959288622e-02, -1.621162705882600e-02, -5.736754713355544e-02,  1.623857859438492e-02, -1.446897673114843e-02, -4.038675317592626e-02,  0.000000000000000e+00,  0.000000000000000e+00,  0.000000000000000e+00,  0.000000000000000e+00,  0.000000000000000e+00,  0.000000000000000e+00,  0.000000000000000e+00,  0.000000000000000e+00,  0.000000000000000e+00,  0.000000000000000e+00,  0.000000000000000e+00,  0.000000000000000e+00,  0.000000000000000e+00,  0.000000000000000e+00,  0.000000000000000e+00,  0.000000000000000e+00,  0.000000000000000e+00,  0.000000000000000e+00,  0.000000000000000e+00,  0.000000000000000e+00,  0.000000000000000e+00,  0.000000000000000e+00,  0.000000000000000e+00,  0.000000000000000e+00,  0.000000000000000e+00,  0.000000000000000e+00,  0.000000000000000e+00,  0.000000000000000e+00,  0.000000000000000e+00,  0.000000000000000e+00,  0.000000000000000e+00,  0.000000000000000e+00,  0.000000000000000e+00,  5.637991985120309e-03, -6.308153408744530e-03, -5.018968822481490e-03,  6.260592332805627e-03, -1.163717867939572e-02, -7.788055073084321e-03,  6.571892510761511e-03, -1.250394784950330e-02, -9.648534897641553e-03,  6.191414525128253e-03, -1.163717867855318e-02, -9.518733980542177e-03,  5.672580900506366e-03, -7.560153320402102e-03, -7.571720211671989e-03,  4.254435669167564e-03, -3.863008278044162e-03, -3.720959646371890e-03, -4.722505366992596e-02, -2.148049683257527e-02
  3.020000000000000e+00,  1.683776315437301e+00,  9.307899419481781e-01, -3.040643545880476e-01, -7.706000963106442e-02,  5.857815944349802e-02,  1.576029336629630e-01,  0.000000000000000e+00,  3.469446951953613e-18,  0.000000000000000e+00,  1.460796808729327e-02, -1.485046108382761e-02, -7.613173500638694e-02,  2.264235055240363e-02, -1.611109625004913e-02, -7.797735282301187e-02,  2.519874497455284e-02, -1.574452857845832e-02, -7.474752163714798e-02,  2.276408362227500e-02, -1.514550335924725e-02, -6.874926372378397e-02,  2.020768920599277e-02, -1.455541881479702e-02, -5.767555680945761e-02,  1.619049798314731e-02, -1.299080070002054e-02, -4.060359198761421e-02,  0.000000000000000e+00,  0.000000000000000e+00,  0.000000000000000e+00,  0.000000000000000e+00,  0.000000000000000e+00,  0.000000000000000e+00,  0.000000000000000e+00,  0.000000000000000e+00,  0.000000000000000e+00,  0.000000000000000e+00,  0.000000000000000e+00,  0.000000000000000e+00,  0.000000000000000e+00,  0.000000000000000e+00,  0.000000000000000e+00,  0.000000000000000e+00,  0.000000000000000e+00,  0.000000000000000e+00,  0.000000000000000e+00,  0.000000000000000e+00,  0.000000000000000e+00,  0.000000000000000e+00,  0.000000000000000e+00,  0.000000000000000e+00,  0.000000000000000e+00,  0.000000000000000e+00,  0.000000000000000e+00,  0.000000000000000e+00,  0.000000000000000e+00,  0.000000000000000e+00,  0.000000000000000e+00,  0.000000000000000e+00,  0.000000000000000e+00,  5.252168790669766e-03, -6.540859129600052e-03, -5.140835680633048e-03,  5.832162896215957e-03, -1.206647040341305e-02, -7.977158819493306e-03,  6.122159953080531e-03, -1.296521440534472e-02, -9.882813428277166e-03,  5.767719115522327e-03, -1.206647040252488e-02, -9.749860782170690e-03,  5.284390692683425e-03, -7.839044909321618e-03, -7.755571076574279e-03,  3.963293013150418e-03, -4.005513392732926e-03, -3.811309214051098e-03, -4.899671664862098e-02, -2.197948535643811e-02
  3.030000000000000e+00,  1.695085500681459e+00,  9.328093570300263e-01, -3.038178055855826e-01, -7.579474917686972e-02,  5.533942182521148e-02,  1.593620771985227e-01, -8.673617379884035e-19, -6.071532165918825e-18,  0.000000000000000e+00,  1.447046301481064e-02, -1.319428474992445e-02, -7.656601768482399e-02,  2.242921768970574e-02, -1.431432939055009e-02, -7.842216356639703e-02,  2.496154872400414e-02, -1.398864265194966e-02, -7.517390826682890e-02,  2.254980488387253e-02, -1.345642285979846e-02, -6.914143414226771e-02,  2.001747385533622e-02, -1.293214664647179e-02, -5.800455883811547e-02,  1.603809652750003e-02, -1.154202031878742e-02, -4.083520941545779e-02,  0.000000000000000e+00,  0.000000000000000e+00,  0.000000000000000e+00,  0.000000000000000e+00,  0.000000000000000e+00,  0.000000000000000e+00,  0.000000000000000e+00,  0.000000000000000e+00,  0.000000000000000e+00,  0.000000000000000e+00,  0.000000000000000e+00,  0.000000000000000e+00,  0.000000000000000e+00,  0.000000000000000e+00,  0.000000000000000e+00,  0.000000000000000e+00,  0.000000000000000e+00,  0.000000000000000e+00,  0.000000000000000e+00,  0.000000000000000e+00,  0.000000000000000e+00,  0.000000000000000e+00,  0.000000000000000e+00,  0.000000000000000e+00,  0.000000000000000e+00,  0.000000000000000e+00,  0.000000000000000e+00,  0.000000000000000e+00,  0.000000000000000e+00,  0.000000000000000e+00,  0.000000000000000e+00,  0.000000000000000e+00,  0.000000000000000e+00,  4.848806190994482e-03, -6.746756923752118e-03, -5.253496360903289e-03,  5.384257187682445e-03, -1.244630730081488e-02, -8.151977117583701e-03,  5.651982690146841e-03, -1.337334260264921e-02, -1.009939387576792e-02,  5.324762641526446e-03, -1.244630729986728e-02, -9.963527591482573e-03,  4.878553476068970e-03, -8.085807914310156e-03, -7.925533311207883e-03,  3.658915100431707e-03, -4.131601778754558e-03, -3.894833511967532e-03, -5.056904696074450e-02, -2.243516205362866e-02
  3.040000000000000e+00,  1.706318828015783e+00,  9.346884842390448e-01, -3.035906186424276e-01, -7.409721832478793e-02,  5.168292506291745e-02,  1.611649982131210e-01, -8.673617379884035e-19, -7.806255641895632e-18,  0.000000000000000e+00,  1.425516212756748e-02, -1.158876992119400e-02, -7.703297963113288e-02,  2.209550131434693e-02, -1.257252462155250e-02, -7.890044580224821e-02,  2.459015469328150e-02, -1.228646829115604e-02, -7.563237999565460e-02,  2.221429433434500e-02, -1.181901038555409e-02, -6.956311492957723e-02,  1.971964096111223e-02, -1.135852946344340e-02, -5.835831788741650e-02,  1.579947137735503e-02, -1.013755731695998e-02, -4.108425578564168e-02,  0.000000000000000e+00,  0.000000000000000e+00,  0.000000000000000e+00,  0.000000000000000e+00,  0.000000000000000e+00,  0.000000000000000e+00,  0.000000000000000e+00,  0.000000000000000e+00,  0.000000000000000e+00,  0.000000000000000e+00,  0.000000000000000e+00,  0.000000000000000e+00,  0.000000000000000e+00,  0.000000000000000e+00,  0.000000000000000e+00,  0.000000000000000e+00,  0.000000000000000e+00,  0.000000000000000e+00,  0.000000000000000e+00,  0.000000000000000e+00,  0.000000000000000e+00,  0.000000000000000e+00,  0.000000000000000e+00,  0.000000000000000e+00,  0.000000000000000e+00,  0.000000000000000e+00,  0.000000000000000e+00,  0.000000000000000e+00,  0.000000000000000e+00,  0.000000000000000e+00,  0.000000000000000e+00,  0.000000000000000e+00,  0.000000000000000e+00,  4.433403372265401e-03, -6.922876485800580e-03, -5.354062728989631e-03,  4.922981665468721e-03, -1.277120980058133e-02, -8.308028379645831e-03,  5.167770816268832e-03, -1.372244473683210e-02, -1.029272405089761e-02,  4.868584086723630e-03, -1.277120979956104e-02, -1.015425691239136e-02,  4.460602174167549e-03, -8.296882503712790e-03, -8.077249816408656e-03,  3.345451623639291e-03, -4.239454470470609e-03, -3.969391337100483e-03, -5.191932091087032e-02, -2.283589859751302e-02
  3.050000000000000e+00,  1.717480212735450e+00,  9.364127515329509e-01, -3.033742057034136e-01, -7.209371922772885e-02,  4.767032134567045e-02,  1.630178294420566e-01,  4.336808689942018e-19,  6.938893903907228e-18,  0.000000000000000e+00,  1.397688135531778e-02, -1.004371215593803e-02, -7.754014528773601e-02,  2.166416610045644e-02, -1.089630903368164e-02, -7.941990638561519e-02,  2.411012033750314e-02, -1.064839079259698e-02, -7.613032446428628e-02,  2.178064011165086e-02, -1.024325610596739e-02, -7.002110089610424e-02,  1.933468587445829e-02, -9.844168205715664e-03, -5.874253430874129e-02,  1.549104350173488e-02, -8.785980591465688e-03, -4.135474415327662e-02,  0.000000000000000e+00,  0.000000000000000e+00,  0.000000000000000e+00,  0.000000000000000e+00,  0.000000000000000e+00,  0.000000000000000e+00,  0.000000000000000e+00,  0.000000000000000e+00,  0.000000000000000e+00,  0.000000000000000e+00,  0.000000000000000e+00,  0.000000000000000e+00,  0.000000000000000e+00,  0.000000000000000e+00,  0.000000000000000e+00,  0.000000000000000e+00,  0.000000000000000e+00,  0.000000000000000e+00,  0.000000000000000e+00,  0.000000000000000e+00,  0.000000000000000e+00,  0.000000000000000e+00,  0.000000000000000e+00,  0.000000000000000e+00,  0.000000000000000e+00,  0.000000000000000e+00,  0.000000000000000e+00,  0.000000000000000e+00,  0.000000000000000e+00,  0.000000000000000e+00,  0.000000000000000e+00,  0.000000000000000e+00,  0.000000000000000e+00,  4.015594601125293e-03, -7.068510008837231e-03, -5.439809684743657e-03,  4.459034495633710e-03, -1.303987215379347e-02, -8.441083993944344e-03,  4.680754442845554e-03, -1.401111780388068e-02, -1.045756517042463e-02,  4.409763396134293e-03, -1.303987215380429e-02, -1.031688043723062e-02,  4.040230150715520e-03, -8.471420392332146e-03, -8.206609438654306e-03,  3.030172613134584e-03, -4.328638020734835e-03, -4.032962352581443e-03, -5.304149592329705e-02, -2.317128011148691e-02
  3.060000000000000e+00,  1.728573465094797e+00,  9.379706964478887e-01, -3.031609454855200e-01, -6.989323797034777e-02,  4.335590931963900e-02,  1.649252635042836e-01,  0.000000000000000e+00, -2.602085213965211e-18,  0.000000000000000e+00,  1.364792507122119e-02, -8.564748685217061e-03, -7.809309665821255e-02,  2.115428386005570e-02, -9.291798392958140e-03, -7.998626263779077e-02,  2.354267074735970e-02, -9.080386775770109e-03, -7.667322217345543e-02,  2.126801656886041e-02, -8.734909255021753e-03, -7.052043273970054e-02,  1.887962968138001e-02, -8.394588115191268e-03, -5.916143686206670e-02,  1.512645028677862e-02, -7.492221456615763e-03, -4.164965155078824e-02,  0.000000000000000e+00,  0.000000000000000e+00,  0.000000000000000e+00,  0.000000000000000e+00,  0.000000000000000e+00,  0.000000000000000e+00,  0.000000000000000e+00,  0.000000000000000e+00,  0.000000000000000e+00,  0.000000000000000e+00,  0.000000000000000e+00,  0.000000000000000e+00,  0.000000000000000e+00,  0.000000000000000e+00,  0.000000000000000e+00,  0.000000000000000e+00,  0.000000000000000e+00,  0.000000000000000e+00,  0.000000000000000e+00,  0.000000000000000e+00,  0.000000000000000e+00,  0.000000000000000e+00,  0.000000000000000e+00,  0.000000000000000e+00,  0.000000000000000e+00,  0.000000000000000e+00,  0.000000000000000e+00,  0.000000000000000e+00,  0.000000000000000e+00,  0.000000000000000e+00,  0.000000000000000e+00,  0.000000000000000e+00,  0.000000000000000e+00,  3.606179001699222e-03, -7.184065219576815e-03, -5.509478826739595e-03,  4.004407357602192e-03, -1.325304652476165e-02, -8.549191283347524e-03,  4.203521535501275e-03, -1.424016999006781e-02, -1.059149809011259e-02,  3.960159762369033e-03, -1.325304652477489e-02, -1.044901156877260e-02,  3.628302799124041e-03, -8.609910225059544e-03, -8.311713747825142e-03,  2.721227099461186e-03, -4.399402110779586e-03, -4.084613613058742e-03, -5.393771483710595e-02, -2.343727364782375e-02
  3.070000000000000e+00,  1.739602515441574e+00,  9.393537621323279e-01, -3.029450367791856e-01, -6.757994283692616e-02,  3.879183946295230e-02,  1.668835029582441e-01,  0.000000000000000e+00,  0.000000000000000e+00,  0.000000000000000e+00,  1.327726814354692e-02, -7.151947134903318e-03, -7.869410989472524e-02,  2.057976562209987e-02, -7.759066066848549e-03, -8.060184589214499e-02,  2.290328754702990e-02, -7.582527937652229e-03, -7.726330789654072e-02,  2.069040952314670e-02, -7.294038799721063e-03, -7.106316590473077e-02,  1.836688759800313e-02, -7.009855469830937e-03, -5.961674991994148e-02,  1.471563885850643e-02, -6.256339064899947e-03, -4.197019194349279e-02,  0.000000000000000e+00,  0.000000000000000e+00,  0.000000000000000e+00,  0.000000000000000e+00,  0.000000000000000e+00,  0.000000000000000e+00,  0.000000000000000e+00,  0.000000000000000e+00,  0.000000000000000e+00,  0.000000000000000e+00,  0.000000000000000e+00,  0.000000000000000e+00,  0.000000000000000e+00,  0.000000000000000e+00,  0.000000000000000e+00,  0.000000000000000e+00,  0.000000000000000e+00,  0.000000000000000e+00,  0.000000000000000e+00,  0.000000000000000e+00,  0.000000000000000e+00,  0.000000000000000e+00,  0.000000000000000e+00,  0.000000000000000e+00,  0.000000000000000e+00,  0.000000000000000e+00,  0.000000000000000e+00,  0.000000000000000e+00,  0.000000000000000e+00,  0.000000000000000e+00,  0.000000000000000e+00,  0.000000000000000e+00,  0.000000000000000e+00,  3.217785853426019e-03, -7.271784631067572e-03, -5.562691134307275e-03,  3.573124168393526e-03, -1.341486986658273e-02, -8.631762105557078e-03,  3.750793325812816e-03, -1.441404638079930e-02, -1.069379416434224e-02,  3.533642133236636e-03, -1.341486986659896e-02, -1.054993146264561e-02,  3.237526870774128e-03, -8.715039596093065e-03, -8.391990936120143e-03,  2.428145153222851e-03, -4.453120020114776e-03, -4.124064116985116e-03, -5.462376061988546e-02, -2.363378384243633e-02
  3.080000000000000e+00,  1.750571881035050e+00,  9.405552488408019e-01, -3.027227057276831e-01, -6.521262480346250e-02,  3.402912653923269e-02,  1.688686067186954e-01,  0.000000000000000e+00,  8.673617379884035e-19,  0.000000000000000e+00,  1.287081232523615e-02, -5.804277168557382e-03, -7.933907616529437e-02,  1.994975910365260e-02, -6.296994255073961e-03, -8.126244770865057e-02,  2.220215126034451e-02, -6.153721910712479e-03, -7.789654750759953e-02,  2.005701587285006e-02, -5.919593933366501e-03, -7.164558999140955e-02,  1.780462371590376e-02, -5.688960403456852e-03, -6.010536073086963e-02,  1.426515032643592e-02, -5.077432104551421e-03, -4.231417395433865e-02,  0.000000000000000e+00,  0.000000000000000e+00,  0.000000000000000e+00,  0.000000000000000e+00,  0.000000000000000e+00,  0.000000000000000e+00,  0.000000000000000e+00,  0.000000000000000e+00,  0.000000000000000e+00,  0.000000000000000e+00,  0.000000000000000e+00,  0.000000000000000e+00,  0.000000000000000e+00,  0.000000000000000e+00,  0.000000000000000e+00,  0.000000000000000e+00,  0.000000000000000e+00,  0.000000000000000e+00,  0.000000000000000e+00,  0.000000000000000e+00,  0.000000000000000e+00,  0.000000000000000e+00,  0.000000000000000e+00,  0.000000000000000e+00,  0.000000000000000e+00,  0.000000000000000e+00,  0.000000000000000e+00,  0.000000000000000e+00,  0.000000000000000e+00,  0.000000000000000e+00,  0.000000000000000e+00,  0.000000000000000e+00,  0.000000000000000e+00,  2.861679190924514e-03, -7.334373264190989e-03, -5.600826004874007e-03,  3.177692843751947e-03, -1.353033235772602e-02, -8.690936904844801e-03,  3.335699670088070e-03, -1.453810883680280e-02, -1.076710516573447e-02,  3.142580215469550e-03, -1.353033235774583e-02, -1.062225621739819e-02,  2.879235504793640e-03, -8.790050400686847e-03, -8.449521991023064e-03,  2.159426628763237e-03, -4.491448258558376e-03, -4.152336521069823e-03, -5.511894271296047e-02, -2.376799368592756e-02
  3.090000000000000e+00,  1.761487123592287e+00,  9.415705483188583e-01, -3.024921578876372e-01, -6.282551031806786e-02,  2.911962757147851e-02,  1.708460376451377e-01,  0.000000000000000e+00, -3.469446951953614e-18,  0.000000000000000e+00,  1.243158166590119e-02, -4.521301154288368e-03, -8.001974535902508e-02,  1.926895158161937e-02, -4.905108175775707e-03, -8.195961797372511e-02,  2.144447837289482e-02, -4.793504715565631e-03, -7.856484089775670e-02,  1.937254809529309e-02, -4.611128329395047e-03, -7.226025489960258e-02,  1.719702130372336e-02, -4.431473978853137e-03, -6.062101921085058e-02,  1.377833634556608e-02, -3.955117746470459e-03, -4.267719752419558e-02,  0.000000000000000e+00,  0.000000000000000e+00,  0.000000000000000e+00,  0.000000000000000e+00,  0.000000000000000e+00,  0.000000000000000e+00,  0.000000000000000e+00,  0.000000000000000e+00,  0.000000000000000e+00,  0.000000000000000e+00,  0.000000000000000e+00,  0.000000000000000e+00,  0.000000000000000e+00,  0.000000000000000e+00,  0.000000000000000e+00,  0.000000000000000e+00,  0.000000000000000e+00,  0.000000000000000e+00,  0.000000000000000e+00,  0.000000000000000e+00,  0.000000000000000e+00,  0.000000000000000e+00,  0.000000000000000e+00,  0.000000000000000e+00,  0.000000000000000e+00,  0.000000000000000e+00,  0.000000000000000e+00,  0.000000000000000e+00,  0.000000000000000e+00,  0.000000000000000e+00,  0.000000000000000e+00,  0.000000000000000e+00,  0.000000000000000e+00,  2.546706023644298e-03, -7.374376775041177e-03, -5.626688681975388e-03,  2.827937363498478e-03, -1.360413018309621e-02, -8.731068645299411e-03,  2.968553033335054e-03, -1.461740332778935e-02, -1.081682393312425e-02,  2.796689436628534e-03, -1.360413018311971e-02, -1.067130612246188e-02,  2.562329986766718e-03, -8.837993539654568e-03, -8.488538960946838e-03,  1.921747490267709e-03, -4.515945743581675e-03, -4.171510574825281e-03, -5.544154663899030e-02, -2.385282633039194e-02
  3.100000000000000e+00,  1.772354884760649e+00,  9.423974236804922e-01, -3.022532354398214e-01, -6.043161130152411e-02,  2.411381218926078e-02,  1.727826970328915e-01,  0.000000000000000e+00,  0.000000000000000e+00,  0.000000000000000e+00,  1.196026306607874e-02, -3.304221308765007e-03, -8.072671544485975e-02,  1.853840775183980e-02, -3.584712100138250e-03, -8.268372672828812e-02,  2.063145378811865e-02, -3.503150947970200e-03, -7.925895698198121e-02,  1.863807661049105e-02, -3.369868089576381e-03, -7.289867031036726e-02,  1.654503057388470e-02, -3.238574527591371e-03, -6.115660260910122e-02,  1.325595823067296e-02, -2.890447658822925e-03, -4.305424823651930e-02,  0.000000000000000e+00,  0.000000000000000e+00,  0.000000000000000e+00,  0.000000000000000e+00,  0.000000000000000e+00,  0.000000000000000e+00,  0.000000000000000e+00,  0.000000000000000e+00,  0.000000000000000e+00,  0.000000000000000e+00,  0.000000000000000e+00,  0.000000000000000e+00,  0.000000000000000e+00,  0.000000000000000e+00,  0.000000000000000e+00,  0.000000000000000e+00,  0.000000000000000e+00,  0.000000000000000e+00,  0.000000000000000e+00,  0.000000000000000e+00,  0.000000000000000e+00,  0.000000000000000e+00,  0.000000000000000e+00,  0.000000000000000e+00,  0.000000000000000e+00,  0.000000000000000e+00,  0.000000000000000e+00,  0.000000000000000e+00,  0.000000000000000e+00,  0.000000000000000e+00,  0.000000000000000e+00,  0.000000000000000e+00,  0.000000000000000e+00,  2.278331525730242e-03, -7.393519093017319e-03, -5.644063431363170e-03,  2.529926417944174e-03, -1.363944361957269e-02, -8.758029463407932e-03,  2.655723863949713e-03, -1.465534700643323e-02, -1.085022539115094e-02,  2.501971429676784e-03, -1.363944361959970e-02, -1.070425823353146e-02,  2.292309019517647e-03, -8.860935096320485e-03, -8.514750867469991e-03,  1.719231764850913e-03, -4.527668180888436e-03, -4.184391854576051e-03, -5.560394772110838e-02, -2.390495618597506e-02
  3.110000000000000e+00,  1.783183027581745e+00,  9.430360438324148e-01, -3.020072107210734e-01, -5.803009514174431e-02,  1.905741208206685e-02,  1.746540507910722e-01,  0.000000000000000e+00,  0.000000000000000e+00,  0.000000000000000e+00,  1.145642393402528e-02, -2.154820612217481e-03, -8.145120955509541e-02,  1.775745709711819e-02, -2.337740363125317e-03, -8.342578433208936e-02,  1.976233128526905e-02, -2.284550931939585e-03, -7.997027847199126e-02,  1.785292729632117e-02, -2.197631617590369e-03, -7.355291044621656e-02,  1.584805310782146e-02, -2.112009606455627e-03, -6.170546178344202e-02,  1.269753652592094e-02, -1.884981546773413e-03, -4.344064509522483e-02,  0.000000000000000e+00,  0.000000000000000e+00,  0.000000000000000e+00,  0.000000000000000e+00,  0.000000000000000e+00,  0.000000000000000e+00,  0.000000000000000e+00,  0.000000000000000e+00,  0.000000000000000e+00,  0.000000000000000e+00,  0.000000000000000e+00,  0.000000000000000e+00,  0.000000000000000e+00,  0.000000000000000e+00,  0.000000000000000e+00,  0.000000000000000e+00,  0.000000000000000e+00,  0.000000000000000e+00,  0.000000000000000e+00,  0.000000000000000e+00,  0.000000000000000e+00,  0.000000000000000e+00,  0.000000000000000e+00,  0.000000000000000e+00,  0.000000000000000e+00,  0.000000000000000e+00,  0.000000000000000e+00,  0.000000000000000e+00,  0.000000000000000e+00,  0.000000000000000e+00,  0.000000000000000e+00,  0.000000000000000e+00,  0.000000000000000e+00,  2.058518135992283e-03, -7.392787356486002e-03, -5.657240842322391e-03,  2.285839156935967e-03, -1.363809372393720e-02, -8.778477170110224e-03,  2.399499667299177e-03, -1.465389656684844e-02, -1.087555782780390e-02,  2.260581265460799e-03, -1.363809372396692e-02, -1.072924987507862e-02,  2.071147081361700e-03, -8.860058129641579e-03, -8.534630582332932e-03,  1.553360311246392e-03, -4.527220077602982e-03, -4.194161314440921e-03, -5.561327417099588e-02, -2.394281396526226e-02
  3.120000000000000e+00,  1.793981052714138e+00,  9.434886570052711e-01, -3.017568128913746e-01, -5.561735920859062e-02,  1.398883715704438e-02,  1.764437104119657e-01, -2.168404344971009e-19, -1.734723475976807e-18,  0.000000000000000e+00,  1.092031808987773e-02, -1.072366194997823e-03, -8.218496594879028e-02,  1.692649303867213e-02, -1.163397882794934e-03, -8.417732875956109e-02,  1.883754870409038e-02, -1.136927675631978e-03, -8.069069384032457e-02,  1.701749568917163e-02, -1.093671483466219e-03, -7.421551470473677e-02,  1.510644002339879e-02, -1.051060906124118e-03, -6.226133783923755e-02,  1.210335254863832e-02, -9.380783148404748e-04, -4.383198183849580e-02,  0.000000000000000e+00,  0.000000000000000e+00,  0.000000000000000e+00,  0.000000000000000e+00,  0.000000000000000e+00,  0.000000000000000e+00,  0.000000000000000e+00,  0.000000000000000e+00,  0.000000000000000e+00,  0.000000000000000e+00,  0.000000000000000e+00,  0.000000000000000e+00,  0.000000000000000e+00,  0.000000000000000e+00,  0.000000000000000e+00,  0.000000000000000e+00,  0.000000000000000e+00,  0.000000000000000e+00,  0.000000000000000e+00,  0.000000000000000e+00,  0.000000000000000e+00,  0.000000000000000e+00,  0.000000000000000e+00,  0.000000000000000e+00,  0.000000000000000e+00,  0.000000000000000e+00,  0.000000000000000e+00,  0.000000000000000e+00,  0.000000000000000e+00,  0.000000000000000e+00,  0.000000000000000e+00,  0.000000000000000e+00,  0.000000000000000e+00,  1.886687561770591e-03, -7.373397401297366e-03, -5.670630634499430e-03,  2.095033427276681e-03, -1.360232345036548e-02, -8.799254433811099e-03,  2.199206359918869e-03, -1.461546202462499e-02, -1.090129854893612e-02,  2.071883886401345e-03, -1.360232345039669e-02, -1.075464430848080e-02,  1.898262331833882e-03, -8.836819786399228e-03, -8.554830699814496e-03,  1.423696749103181e-03, -4.515345991387145e-03, -4.204088229326109e-03, -5.547861370001964e-02, -2.398505883362504e-02
  3.130000000000000e+00,  1.804759942428597e+00,  9.437592007032549e-01, -3.015059796292479e-01, -5.319741992923263e-02,  8.937267222954112e-03,  1.781409237938356e-01,  0.000000000000000e+00,  0.000000000000000e+00,  0.000000000000000e+00,  1.035433197575907e-02, -5.201371127952485e-05, -8.292002812620620e-02,  1.604921456243598e-02, -5.642908351935352e-05, -8.493021062622899e-02,  1.786122265819603e-02, -5.514518095390591e-05, -8.141239125116503e-02,  1.613550066223103e-02, -5.304709627372353e-05, -7.487929812605594e-02,  1.432349256646970e-02, -5.098032629009184e-05, -6.281820312586529e-02,  1.147605127313436e-02, -4.550025436128300e-05, -4.422401500058688e-02,  0.000000000000000e+00,  0.000000000000000e+00,  0.000000000000000e+00,  0.000000000000000e+00,  0.000000000000000e+00,  0.000000000000000e+00,  0.000000000000000e+00,  0.000000000000000e+00,  0.000000000000000e+00,  0.000000000000000e+00,  0.000000000000000e+00,  0.000000000000000e+00,  0.000000000000000e+00,  0.000000000000000e+00,  0.000000000000000e+00,  0.000000000000000e+00,  0.000000000000000e+00,  0.000000000000000e+00,  0.000000000000000e+00,  0.000000000000000e+00,  0.000000000000000e+00,  0.000000000000000e+00,  0.000000000000000e+00,  0.000000000000000e+00,  0.000000000000000e+00,  0.000000000000000e+00,  0.000000000000000e+00,  0.000000000000000e+00,  0.000000000000000e+00,  0.000000000000000e+00,  0.000000000000000e+00,  0.000000000000000e+00,  0.000000000000000e+00,  1.760671908882465e-03, -7.337309478255444e-03, -5.688318115099145e-03,  1.955101935630900e-03, -1.353574903749435e-02, -8.826700523473091e-03,  2.052316949005139e-03, -1.454392896580415e-02, -1.093530120409781e-02,  1.933498599326245e-03, -1.353574903749408e-02, -1.078818952871190e-02,  1.771473577036080e-03, -8.793569374702688e-03, -8.581514397835083e-03,  1.328605182776861e-03, -4.493246347158486e-03, -4.217201361209819e-03, -5.521482081871913e-02, -2.404880202939336e-02
  3.140000000000000e+00,  1.815530824639677e+00,  9.438529855908547e-01, -3.012589983432560e-01, -5.078814017576693e-02,  3.921672010486780e-03,  1.797402605563954e-01, -5.421010862427522e-20, -8.673617379884035e-19,  0.000000000000000e+00,  9.763568582489626e-03,  9.148580663393126e-04, -8.364955719335442e-02,  1.513353130286869e-02,  9.925191062875433e-04, -8.567742524652043e-02,  1.684215580480689e-02,  9.699368180749453e-04, -8.212865615345646e-02,  1.521489437438700e-02,  9.330340544104730e-04, -7.553808498063311e-02,  1.350626987244805e-02,  8.966820782635364e-04, -6.337087666158520e-02,  1.082128851226186e-02,  8.002942627249410e-04, -4.461309716973444e-02,  0.000000000000000e+00,  0.000000000000000e+00,  0.000000000000000e+00,  0.000000000000000e+00,  0.000000000000000e+00,  0.000000000000000e+00,  0.000000000000000e+00,  0.000000000000000e+00,  0.000000000000000e+00,  0.000000000000000e+00,  0.000000000000000e+00,  0.000000000000000e+00,  0.000000000000000e+00,  0.000000000000000e+00,  0.000000000000000e+00,  0.000000000000000e+00,  0.000000000000000e+00,  0.000000000000000e+00,  0.000000000000000e+00,  0.000000000000000e+00,  0.000000000000000e+00,  0.000000000000000e+00,  0.000000000000000e+00,  0.000000000000000e+00,  0.000000000000000e+00,  0.000000000000000e+00,  0.000000000000000e+00,  0.000000000000000e+00,  0.000000000000000e+00,  0.000000000000000e+00,  0.000000000000000e+00,  0.000000000000000e+00,  0.000000000000000e+00,  1.677112614026159e-03, -7.287226103794459e-03, -5.713535957877762e-03,  1.862315233980701e-03, -1.344335604389578e-02, -8.865831658815489e-03,  1.954916543958040e-03, -1.444465428716516e-02, -1.098378033288173e-02,  1.841737165097657e-03, -1.344335604389553e-02, -1.083601647190643e-02,  1.687401648469054e-03, -8.733545788516648e-03, -8.619558557194649e-03,  1.265551236351466e-03, -4.462576121237508e-03, -4.235897348096144e-03, -5.484245688027776e-02, -2.414742683372864e-02
  3.150000000000000e+00,  1.826303616550581e+00,  9.437763122592627e-01, -3.010198421034661e-01, -4.842242113789154e-02, -1.046539662350970e-03,  1.812419619257831e-01,  0.000000000000000e+00, -8.673617379884037e-19,  0.000000000000000e+00,  9.155398800014272e-03,  1.835149802428684e-03, -8.436882769949078e-02,  1.419086814003213e-02,  1.990933139058880e-03, -8.641413261341241e-02,  1.579306293003758e-02,  1.945634438335985e-03, -8.283484901402899e-02,  1.426716313003074e-02,  1.871609732276573e-03, -7.618760804375413e-02,  1.266496834002542e-02,  1.798689872576397e-03, -6.391577856017905e-02,  1.014723367002020e-02,  1.605341759737550e-03, -4.499670810634749e-02,  0.000000000000000e+00,  0.000000000000000e+00,  0.000000000000000e+00,  0.000000000000000e+00,  0.000000000000000e+00,  0.000000000000000e+00,  0.000000000000000e+00,  0.000000000000000e+00,  0.000000000000000e+00,  0.000000000000000e+00,  0.000000000000000e+00,  0.000000000000000e+00,  0.000000000000000e+00,  0.000000000000000e+00,  0.000000000000000e+00,  0.000000000000000e+00,  0.000000000000000e+00,  0.000000000000000e+00,  0.000000000000000e+00,  0.000000000000000e+00,  0.000000000000000e+00,  0.000000000000000e+00,  0.000000000000000e+00,  0.000000000000000e+00,  0.000000000000000e+00,  0.000000000000000e+00,  0.000000000000000e+00,  0.000000000000000e+00,  0.000000000000000e+00,  0.000000000000000e+00,  0.000000000000000e+00,  0.000000000000000e+00,  0.000000000000000e+00,  1.630759968222363e-03, -7.224956738079213e-03, -5.748314703916237e-03,  1.810843891094402e-03, -1.332848253207997e-02, -8.919798678523314e-03,  1.900885852530584e-03, -1.432122467929684e-02, -1.105063947396125e-02,  1.790834566331823e-03, -1.332848253207975e-02, -1.090197616265689e-02,  1.640764630605253e-03, -8.658917617392247e-03, -8.672026493019425e-03,  1.230573472953416e-03, -4.424443396855520e-03, -4.261681590846418e-03, -5.437549203504504e-02, -2.428905694701741e-02
  3.160000000000000e+00,  1.837086405501783e+00,  9.435357681360989e-01, -3.007920723413017e-01, -4.614403299635294e-02, -5.960006156716584e-03,  1.826476115608373e-01,  1.084202172485504e-19,  1.734723475976807e-18,  0.000000000000000e+00,  8.538686783568169e-03,  2.714155253441484e-03, -8.507441688685401e-02,  1.323496451409084e-02,  2.944556150967617e-03, -8.713682699314365e-02,  1.472923470101539e-02,  2.877560145362734e-03, -8.352760930694149e-02,  1.330612023715135e-02,  2.768078867887640e-03, -7.682477646121275e-02,  1.181185005001706e-02,  2.660231639319116e-03, -6.445031582303734e-02,  9.463711184518853e-03,  2.374273078602373e-03, -4.537302233928591e-02,  0.000000000000000e+00,  0.000000000000000e+00,  0.000000000000000e+00,  0.000000000000000e+00,  0.000000000000000e+00,  0.000000000000000e+00,  0.000000000000000e+00,  0.000000000000000e+00,  0.000000000000000e+00,  0.000000000000000e+00,  0.000000000000000e+00,  0.000000000000000e+00,  0.000000000000000e+00,  0.000000000000000e+00,  0.000000000000000e+00,  0.000000000000000e+00,  0.000000000000000e+00,  0.000000000000000e+00,  0.000000000000000e+00,  0.000000000000000e+00,  0.000000000000000e+00,  0.000000000000000e+00,  0.000000000000000e+00,  0.000000000000000e+00,  0.000000000000000e+00,  0.000000000000000e+00,  0.000000000000000e+00,  0.000000000000000e+00,  0.000000000000000e+00,  0.000000000000000e+00,  0.000000000000000e+00,  0.000000000000000e+00,  0.000000000000000e+00,  1.615515718907543e-03, -7.151995312603641e-03, -5.793458919587839e-03,  1.793916227616355e-03, -1.319388448260309e-02, -8.989850047988631e-03,  1.883116481906375e-03, -1.417660139580639e-02, -1.113742533736827e-02,  1.774093948713096e-03, -1.319388448262518e-02, -1.098759450327567e-02,  1.625426858131977e-03, -8.571475298373800e-03, -8.740131991196611e-03,  1.219070143734299e-03, -4.379763032874151e-03, -4.295150578421312e-03, -5.382558091610251e-02, -2.447656986543558e-02
  3.170000000000000e+00,  1.847885627300594e+00,  9.431376559651224e-01, -3.005791247628476e-01, -4.400045791487358e-02, -1.081105798725055e-02,  1.839561157457051e-01,  6.722053469410127e-18, -2.602085213965211e-18,  0.000000000000000e+00,  7.922498855221465e-03,  3.553568207871073e-03, -8.576318552551751e-02,  1.227987322527913e-02,  3.855225713809633e-03, -8.784229305338055e-02,  1.366631052480456e-02,  3.767509701492967e-03, -8.420385487952639e-02,  1.234589404898596e-02,  3.624168900856258e-03, -7.744675541383361e-02,  1.095945674932099e-02,  3.482967515145625e-03, -6.497211024644753e-02,  8.780769564128372e-03,  3.108569901431929e-03, -4.574036561344112e-02,  0.000000000000000e+00,  0.000000000000000e+00,  0.000000000000000e+00,  0.000000000000000e+00,  0.000000000000000e+00,  0.000000000000000e+00,  0.000000000000000e+00,  0.000000000000000e+00,  0.000000000000000e+00,  0.000000000000000e+00,  0.000000000000000e+00,  0.000000000000000e+00,  0.000000000000000e+00,  0.000000000000000e+00,  0.000000000000000e+00,  0.000000000000000e+00,  0.000000000000000e+00,  0.000000000000000e+00,  0.000000000000000e+00,  0.000000000000000e+00,  0.000000000000000e+00,  0.000000000000000e+00,  0.000000000000000e+00,  0.000000000000000e+00,  0.000000000000000e+00,  0.000000000000000e+00,  0.000000000000000e+00,  0.000000000000000e+00,  0.000000000000000e+00,  0.000000000000000e+00,  0.000000000000000e+00,  0.000000000000000e+00,  0.000000000000000e+00,  1.625137337997108e-03, -7.069207240344371e-03, -5.848709140068643e-03,  1.804600356829802e-03, -1.304115839507703e-02, -9.075583148546519e-03,  1.894331866204854e-03, -1.401249984796340e-02, -1.124363912298538e-02,  1.784660021298815e-03, -1.304115839509322e-02, -1.109237940386166e-02,  1.635107505609332e-03, -8.472256005645449e-03, -8.823483616684804e-03,  1.226330629297591e-03, -4.329064993695885e-03, -4.336111948717999e-03, -5.319965284179585e-02, -2.470834386927421e-02
  3.180000000000000e+00,  1.858706579311812e+00,  9.425875543058583e-01, -3.003842467341735e-01, -4.203723809683717e-02, -1.559153525868583e-02,  1.851605526510805e-01,  0.000000000000000e+00,  1.301042606982605e-18,  0.000000000000000e+00,  7.315324568512360e-03,  4.353902092769219e-03, -8.643118123405572e-02,  1.133875308103871e-02,  4.723498838786124e-03, -8.852648259730427e-02,  1.261893488046376e-02,  4.616027444589752e-03, -8.485970521161168e-02,  1.139971411907410e-02,  4.440403458931569e-03, -7.804997578104192e-02,  1.011953231958712e-02,  4.267400726784464e-03, -6.547816760153807e-02,  8.107818063248083e-03,  3.808681361197289e-03, -4.609662999147653e-02,  0.000000000000000e+00,  0.000000000000000e+00,  0.000000000000000e+00,  0.000000000000000e+00,  0.000000000000000e+00,  0.000000000000000e+00,  0.000000000000000e+00,  0.000000000000000e+00,  0.000000000000000e+00,  0.000000000000000e+00,  0.000000000000000e+00,  0.000000000000000e+00,  0.000000000000000e+00,  0.000000000000000e+00,  0.000000000000000e+00,  0.000000000000000e+00,  0.000000000000000e+00,  0.000000000000000e+00,  0.000000000000000e+00,  0.000000000000000e+00,  0.000000000000000e+00,  0.000000000000000e+00,  0.000000000000000e+00,  0.000000000000000e+00,  0.000000000000000e+00,  0.000000000000000e+00,  0.000000000000000e+00,  0.000000000000000e+00,  0.000000000000000e+00,  0.000000000000000e+00,  0.000000000000000e+00,  0.000000000000000e+00,  0.000000000000000e+00,  1.654328763199006e-03, -6.977798692389796e-03, -5.912989154257215e-03,  1.837015375044207e-03, -1.287252939437270e-02, -9.175327998017136e-03,  1.928358680950959e-03, -1.383131089409793e-02, -1.136721190866705e-02,  1.816716862570878e-03, -1.287252939438175e-02, -1.121428977537010e-02,  1.664478019365573e-03, -8.362705303112611e-03, -8.920457775856481e-03,  1.248358514565217e-03, -4.273087918509566e-03, -4.383767821266398e-03, -5.250714820195183e-02, -2.497940502044021e-02
  3.190000000000000e+00,  1.869554631659682e+00,  9.418902625573350e-01, -3.002101987801873e-01, -4.029605357825351e-02, -2.029617386391800e-02,  1.862505492223492e-01,  0.000000000000000e+00,  8.673617379884035e-19,  0.000000000000000e+00,  6.724646769880913e-03,  5.114623914003596e-03, -8.707361084943860e-02,  1.042320248472045e-02,  5.548797289891301e-03, -8.918448626490157e-02,  1.160001566581343e-02,  5.422548296859719e-03, -8.549045428977482e-02,  1.047924120555630e-02,  5.216238964849692e-03, -7.863010919210119e-02,  9.302428020716801e-03,  5.013008875902108e-03, -6.596485670458553e-02,  7.453150159068871e-03,  4.474141213823023e-03, -4.643925911992315e-02,  0.000000000000000e+00,  0.000000000000000e+00,  0.000000000000000e+00,  0.000000000000000e+00,  0.000000000000000e+00,  0.000000000000000e+00,  0.000000000000000e+00,  0.000000000000000e+00,  0.000000000000000e+00,  0.000000000000000e+00,  0.000000000000000e+00,  0.000000000000000e+00,  0.000000000000000e+00,  0.000000000000000e+00,  0.000000000000000e+00,  0.000000000000000e+00,  0.000000000000000e+00,  0.000000000000000e+00,  0.000000000000000e+00,  0.000000000000000e+00,  0.000000000000000e+00,  0.000000000000000e+00,  0.000000000000000e+00,  0.000000000000000e+00,  0.000000000000000e+00,  0.000000000000000e+00,  0.000000000000000e+00,  0.000000000000000e+00,  0.000000000000000e+00,  0.000000000000000e+00,  0.000000000000000e+00,  0.000000000000000e+00,  0.000000000000000e+00,  1.698593002255959e-03, -6.879003852364259e-03, -5.984791091659284e-03,  1.886167686064323e-03, -1.269027428696468e-02, -9.286744801796911e-03,  1.979955027032607e-03, -1.363548092405162e-02, -1.150524495086343e-02,  1.865326051035999e-03, -1.269027428745314e-02, -1.135046587127749e-02,  1.709013814084495e-03, -8.244302330291090e-03, -9.028779669232649e-03,  1.281760363817783e-03, -4.212587604349839e-03, -4.437000292337616e-03, -5.175767084818002e-02, -2.528303431970788e-02
  3.200000000000000e+00,  1.880437034976726e+00,  9.410508391369756e-01, -3.000590874613415e-01, -3.881398965975581e-02, -2.492322747759776e-02,  1.872297135673680e-01,  0.000000000000000e+00,  4.336808689942018e-19,  0.000000000000000e+00,  6.156882027437524e-03,  5.834652937675724e-03, -8.768850723457862e-02,  9.543167142805550e-03,  6.329948581427245e-03, -8.981428922814456e-02,  1.062062149772831e-02,  6.185926443884932e-03, -8.609417073936565e-02,  9.594474493095044e-03,  5.950573194711328e-03, -7.918537926022225e-02,  8.517020138277103e-03,  5.718732680600378e-03, -6.643068729875483e-02,  6.823877580736286e-03,  5.104004044769515e-03, -4.676720385822142e-02,  0.000000000000000e+00,  0.000000000000000e+00,  0.000000000000000e+00,  0.000000000000000e+00,  0.000000000000000e+00,  0.000000000000000e+00,  0.000000000000000e+00,  0.000000000000000e+00,  0.000000000000000e+00,  0.000000000000000e+00,  0.000000000000000e+00,  0.000000000000000e+00,  0.000000000000000e+00,  0.000000000000000e+00,  0.000000000000000e+00,  0.000000000000000e+00,  0.000000000000000e+00,  0.000000000000000e+00,  0.000000000000000e+00,  0.000000000000000e+00,  0.000000000000000e+00,  0.000000000000000e+00,  0.000000000000000e+00,  0.000000000000000e+00,  0.000000000000000e+00,  0.000000000000000e+00,  0.000000000000000e+00,  0.000000000000000e+00,  0.000000000000000e+00,  0.000000000000000e+00,  0.000000000000000e+00,  0.000000000000000e+00,  0.000000000000000e+00,  1.753818095180273e-03, -6.773704769326005e-03, -6.061706603069807e-03,  1.947491259122613e-03, -1.249602024872838e-02, -9.406096453190866e-03,  2.044327841129798e-03, -1.342675830862832e-02, -1.165310838373975e-02,  1.925972018765533e-03, -1.249602024871999e-02, -1.149634010954125e-02,  1.764577715470214e-03, -8.118104189165146e-03, -9.144815996218501e-03,  1.323433286540170e-03, -4.148104192896588e-03, -4.494023860961075e-03, -5.095816567742518e-02, -2.560876296691647e-02
  3.210000000000000e+00,  1.891363424228652e+00,  9.400737551507279e-01, -2.999315107061108e-01, -3.762935542679472e-02, -2.948798514150467e-02,  1.881037584019534e-01,  4.336808689942018e-19,  4.770489558936220e-18,  0.000000000000000e+00,  5.618266006057651e-03,  6.517026648354699e-03, -8.827270543516449e-02,  8.708312309955727e-03,  7.070248055630901e-03, -9.041264980928977e-02,  9.691508861252864e-03,  6.909382256335129e-03, -8.666774715428950e-02,  8.755131193441141e-03,  6.646503998928759e-03, -7.971292793798269e-02,  7.771934642333928e-03,  6.387549297607382e-03, -6.687326169262597e-02,  6.226911490660178e-03,  5.700926983642257e-03, -4.707877623126287e-02,  0.000000000000000e+00,  0.000000000000000e+00,  0.000000000000000e+00,  0.000000000000000e+00,  0.000000000000000e+00,  0.000000000000000e+00,  0.000000000000000e+00,  0.000000000000000e+00,  0.000000000000000e+00,  0.000000000000000e+00,  0.000000000000000e+00,  0.000000000000000e+00,  0.000000000000000e+00,  0.000000000000000e+00,  0.000000000000000e+00,  0.000000000000000e+00,  0.000000000000000e+00,  0.000000000000000e+00,  0.000000000000000e+00,  0.000000000000000e+00,  0.000000000000000e+00,  0.000000000000000e+00,  0.000000000000000e+00,  0.000000000000000e+00,  0.000000000000000e+00,  0.000000000000000e+00,  0.000000000000000e+00,  0.000000000000000e+00,  0.000000000000000e+00,  0.000000000000000e+00,  0.000000000000000e+00,  0.000000000000000e+00,  0.000000000000000e+00,  1.816286395777235e-03, -6.663396263006198e-03, -6.142204784694020e-03,  2.016857899711348e-03, -1.229252491262696e-02, -9.531007425072057e-03,  2.117143651737187e-03, -1.320810607852139e-02, -1.180785919906578e-02,  1.994572177194300e-03, -1.229252491260842e-02, -1.164900907538887e-02,  1.827429257237129e-03, -7.985902391492048e-03, -9.266257219019037e-03,  1.370571942819012e-03, -4.080553097403968e-03, -4.553703547488115e-03, -5.012016954341814e-02, -2.594986427167378e-02
  3.220000000000000e+00,  1.902346798353920e+00,  9.389645184962153e-01, -2.998266273052984e-01, -3.678124171221257e-02, -3.401831271395319e-02,  1.889004103661912e-01,  0.000000000000000e+00, -1.734723475976807e-18,  0.000000000000000e+00,  5.114846172070135e-03,  7.167517963065750e-03, -8.882669870176836e-02,  7.928011566659038e-03,  7.775958681183873e-03, -9.098007321573369e-02,  8.823109646748100e-03,  7.599036202870828e-03, -8.721166781623781e-02,  7.970635284743044e-03,  7.309918982211869e-03, -8.021320064576884e-02,  7.075537204629358e-03,  7.025116943949907e-03, -6.729295356184971e-02,  5.668954507307935e-03,  6.269960024302240e-03, -4.737423930750295e-02,  0.000000000000000e+00,  0.000000000000000e+00,  0.000000000000000e+00,  0.000000000000000e+00,  0.000000000000000e+00,  0.000000000000000e+00,  0.000000000000000e+00,  0.000000000000000e+00,  0.000000000000000e+00,  0.000000000000000e+00,  0.000000000000000e+00,  0.000000000000000e+00,  0.000000000000000e+00,  0.000000000000000e+00,  0.000000000000000e+00,  0.000000000000000e+00,  0.000000000000000e+00,  0.000000000000000e+00,  0.000000000000000e+00,  0.000000000000000e+00,  0.000000000000000e+00,  0.000000000000000e+00,  0.000000000000000e+00,  0.000000000000000e+00,  0.000000000000000e+00,  0.000000000000000e+00,  0.000000000000000e+00,  0.000000000000000e+00,  0.000000000000000e+00,  0.000000000000000e+00,  0.000000000000000e+00,  0.000000000000000e+00,  0.000000000000000e+00,  1.882198737954312e-03, -6.549417810140235e-03, -6.224599004731164e-03,  2.090048905327422e-03, -1.208225931896699e-02, -9.658860524660369e-03,  2.193973989007624e-03, -1.298217932341536e-02, -1.196625498336041e-02,  2.066954442273400e-03, -1.208225931896850e-02, -1.180527397462556e-02,  1.893745969464124e-03, -7.849302261012436e-03, -9.390558843444032e-03,  1.420309477108847e-03, -4.010754587722626e-03, -4.614788917327893e-03, -4.925407371066238e-02, -2.629896701768791e-02
  3.230000000000000e+00,  1.913403249017792e+00,  9.377291862426744e-01, -2.997417527207271e-01, -3.631324056683481e-02, -3.856157413467289e-02,  1.896550180439210e-01,  4.336808689942018e-19,  8.239936510889834e-18,  0.000000000000000e+00,  4.652880678753398e-03,  7.794947568158979e-03, -8.935069737468260e-02,  7.211965051979233e-03,  8.456649920424206e-03, -9.151677488675784e-02,  8.026219170719240e-03,  8.264240016582563e-03, -8.772613924049753e-02,  7.250739057604682e-03,  7.949814076157073e-03, -8.068638732606856e-02,  6.436484938819228e-03,  7.640081060214093e-03, -6.768992225332872e-02,  5.156942752157116e-03,  6.818819275491635e-03, -4.765370526625409e-02,  0.000000000000000e+00,  0.000000000000000e+00,  0.000000000000000e+00,  0.000000000000000e+00,  0.000000000000000e+00,  0.000000000000000e+00,  0.000000000000000e+00,  0.000000000000000e+00,  0.000000000000000e+00,  0.000000000000000e+00,  0.000000000000000e+00,  0.000000000000000e+00,  0.000000000000000e+00,  0.000000000000000e+00,  0.000000000000000e+00,  0.000000000000000e+00,  0.000000000000000e+00,  0.000000000000000e+00,  0.000000000000000e+00,  0.000000000000000e+00,  0.000000000000000e+00,  0.000000000000000e+00,  0.000000000000000e+00,  0.000000000000000e+00,  0.000000000000000e+00,  0.000000000000000e+00,  0.000000000000000e+00,  0.000000000000000e+00,  0.000000000000000e+00,  0.000000000000000e+00,  0.000000000000000e+00,  0.000000000000000e+00,  0.000000000000000e+00,  1.947364940594499e-03, -6.432850180904432e-03, -6.308372054290933e-03,  2.162411375736580e-03, -1.186721725485970e-02, -9.788853187854885e-03,  2.269934593295535e-03, -1.275112033315482e-02, -1.212730144946256e-02,  2.138517327363970e-03, -1.186721725486251e-02, -1.196415389635282e-02,  1.959311964748878e-03, -7.709599071779278e-03, -9.516940599354623e-03,  1.469483973582137e-03, -3.939370509431264e-03, -4.676896523066526e-03, -4.836834451734626e-02, -2.665360535287876e-02
  3.240000000000000e+00,  1.924551480496339e+00,  9.363749607247719e-01, -2.996727308307426e-01, -3.627098683058850e-02, -4.317933286335651e-02,  1.904066144830623e-01,  0.000000000000000e+00,  3.469446951953614e-18,  0.000000000000000e+00,  4.238709055193728e-03,  8.412079461331596e-03, -8.984395378467813e-02,  6.569999035404557e-03,  9.126169289176233e-03, -9.202198902786851e-02,  7.311773119994218e-03,  8.918526147760061e-03, -8.821042735203419e-02,  6.605321610812661e-03,  8.579206867883058e-03, -8.113181281130696e-02,  5.863547526146639e-03,  8.244952054867704e-03, -6.806360135160291e-02,  4.697902535958841e-03,  7.358670353648037e-03, -4.791677535135467e-02,  0.000000000000000e+00,  0.000000000000000e+00,  0.000000000000000e+00,  0.000000000000000e+00,  0.000000000000000e+00,  0.000000000000000e+00,  0.000000000000000e+00,  0.000000000000000e+00,  0.000000000000000e+00,  0.000000000000000e+00,  0.000000000000000e+00,  0.000000000000000e+00,  0.000000000000000e+00,  0.000000000000000e+00,  0.000000000000000e+00,  0.000000000000000e+00,  0.000000000000000e+00,  0.000000000000000e+00,  0.000000000000000e+00,  0.000000000000000e+00,  0.000000000000000e+00,  0.000000000000000e+00,  0.000000000000000e+00,  0.000000000000000e+00,  0.000000000000000e+00,  0.000000000000000e+00,  0.000000000000000e+00,  0.000000000000000e+00,  0.000000000000000e+00,  0.000000000000000e+00,  0.000000000000000e+00,  0.000000000000000e+00,  0.000000000000000e+00,  2.007849132712400e-03, -6.315218915266448e-03, -6.394166718553328e-03,  2.229574803782767e-03, -1.165021301164101e-02, -9.921982839429685e-03,  2.340437639297178e-03, -1.251795301527026e-02, -1.229223429563414e-02,  2.204938618068229e-03, -1.165021301164581e-02, -1.212686791501622e-02,  2.020167225515516e-03, -7.568621142737631e-03, -9.646372205095764e-03,  1.515125419172156e-03, -3.867335077890408e-03, -4.740502912137313e-03, -4.747477749410085e-02, -2.701623963162895e-02
  3.250000000000000e+00,  1.935811218794627e+00,  9.349105430724090e-01, -2.996147690157268e-01, -3.669399919017390e-02, -4.793540448649006e-02,  1.911835461510635e-01,  0.000000000000000e+00, -8.239936510889834e-18,  0.000000000000000e+00,  3.877507350937057e-03,  9.031497764310017e-03, -9.030224549378578e-02,  6.010136393951380e-03,  9.798169157908985e-03, -9.249139083908015e-02,  6.688700180364111e-03,  9.575236341330935e-03, -8.866038648478175e-02,  6.042448955206618e-03,  9.210931494727643e-03, -8.154566411252798e-02,  5.363885168790738e-03,  8.852064033894510e-03, -6.841079204068803e-02,  4.297570647281364e-03,  7.900521524108806e-03, -4.816119759661949e-02,  0.000000000000000e+00,  0.000000000000000e+00,  0.000000000000000e+00,  0.000000000000000e+00,  0.000000000000000e+00,  0.000000000000000e+00,  0.000000000000000e+00,  0.000000000000000e+00,  0.000000000000000e+00,  0.000000000000000e+00,  0.000000000000000e+00,  0.000000000000000e+00,  0.000000000000000e+00,  0.000000000000000e+00,  0.000000000000000e+00,  0.000000000000000e+00,  0.000000000000000e+00,  0.000000000000000e+00,  0.000000000000000e+00,  0.000000000000000e+00,  0.000000000000000e+00,  0.000000000000000e+00,  0.000000000000000e+00,  0.000000000000000e+00,  0.000000000000000e+00,  0.000000000000000e+00,  0.000000000000000e+00,  0.000000000000000e+00,  0.000000000000000e+00,  0.000000000000000e+00,  0.000000000000000e+00,  0.000000000000000e+00,  0.000000000000000e+00,  2.060222703850003e-03, -6.197744273155721e-03, -6.483801728515772e-03,  2.287731959487854e-03, -1.143349770493207e-02, -1.006107164773244e-02,  2.401486587305362e-03, -1.228509615467894e-02, -1.246454987470560e-02,  2.262453153303175e-03, -1.143349770493233e-02, -1.229686534724834e-02,  2.072862106938827e-03, -7.427830922790432e-03, -9.781597435307602e-03,  1.554646580206870e-03, -3.795395559982183e-03, -4.806956453912906e-03, -4.658281571227031e-02, -2.739432640038901e-02
  3.260000000000000e+00,  1.947200584149383e+00,  9.333469183237132e-01, -2.995636105324951e-01, -3.759878080936828e-02, -5.287925827564275e-02,  1.919879108645220e-01,  0.000000000000000e+00, -2.168404344971009e-18,  0.000000000000000e+00,  3.571049372565414e-03,  9.664073542035474e-03, -9.071577318657793e-02,  5.535126527473433e-03,  1.048444342128131e-02, -9.291494344562994e-02,  6.160060167669889e-03,  1.024589615143042e-02, -8.906639549223173e-02,  5.564885272240520e-03,  9.856075003137265e-03, -8.191909215023173e-02,  4.939951632038571e-03,  9.472072080937990e-03, -6.872407059579241e-02,  3.957913054580296e-03,  8.453882514498608e-03, -4.838174569939568e-02,  0.000000000000000e+00,  0.000000000000000e+00,  0.000000000000000e+00,  0.000000000000000e+00,  0.000000000000000e+00,  0.000000000000000e+00,  0.000000000000000e+00,  0.000000000000000e+00,  0.000000000000000e+00,  0.000000000000000e+00,  0.000000000000000e+00,  0.000000000000000e+00,  0.000000000000000e+00,  0.000000000000000e+00,  0.000000000000000e+00,  0.000000000000000e+00,  0.000000000000000e+00,  0.000000000000000e+00,  0.000000000000000e+00,  0.000000000000000e+00,  0.000000000000000e+00,  0.000000000000000e+00,  0.000000000000000e+00,  0.000000000000000e+00,  0.000000000000000e+00,  0.000000000000000e+00,  0.000000000000000e+00,  0.000000000000000e+00,  0.000000000000000e+00,  0.000000000000000e+00,  0.000000000000000e+00,  0.000000000000000e+00,  0.000000000000000e+00,  2.103344528890487e-03, -6.081799593596195e-03, -6.579746470107619e-03,  2.335615703856458e-03, -1.121960484823901e-02, -1.020995141919129e-02,  2.451751291336984e-03, -1.205527196797027e-02, -1.264899536935552e-02,  2.309807795522205e-03, -1.121960484823948e-02, -1.247882951237765e-02,  2.116248483051486e-03, -7.288874322097563e-03, -9.926341657567270e-03,  1.587186362293401e-03, -3.724392965714523e-03, -4.878087900274344e-03, -4.570287197619923e-02, -2.779823103049427e-02
  3.270000000000000e+00,  1.958733207319096e+00,  9.316986341623253e-01, -2.995167665502167e-01, -3.895490278413945e-02, -5.803217027273196e-02,  1.927824817083063e-01,  0.000000000000000e+00,  1.734723475976807e-18,  0.000000000000000e+00,  3.314046008529795e-03,  1.031449605902883e-02, -9.106786226776303e-02,  5.136771313214858e-03,  1.119007940901294e-02, -9.327556801968208e-02,  5.716729364703052e-03,  1.093547715830964e-02, -8.941208295373129e-02,  5.164388363279105e-03,  1.051941982179414e-02, -8.223703925986409e-02,  4.584430311781873e-03,  1.010957229627133e-02, -6.899080474814481e-02,  3.673067659431794e-03,  9.022855372533039e-03, -4.856952654262663e-02,  0.000000000000000e+00,  0.000000000000000e+00,  0.000000000000000e+00,  0.000000000000000e+00,  0.000000000000000e+00,  0.000000000000000e+00,  0.000000000000000e+00,  0.000000000000000e+00,  0.000000000000000e+00,  0.000000000000000e+00,  0.000000000000000e+00,  0.000000000000000e+00,  0.000000000000000e+00,  0.000000000000000e+00,  0.000000000000000e+00,  0.000000000000000e+00,  0.000000000000000e+00,  0.000000000000000e+00,  0.000000000000000e+00,  0.000000000000000e+00,  0.000000000000000e+00,  0.000000000000000e+00,  0.000000000000000e+00,  0.000000000000000e+00,  0.000000000000000e+00,  0.000000000000000e+00,  0.000000000000000e+00,  0.000000000000000e+00,  0.000000000000000e+00,  0.000000000000000e+00,  0.000000000000000e+00,  0.000000000000000e+00,  0.000000000000000e+00,  2.139983730607633e-03, -5.968157939496272e-03, -6.684544329941814e-03,  2.376300952386742e-03, -1.100996057540941e-02, -1.037256878793264e-02,  2.494459563272270e-03, -1.183001281137154e-02, -1.285046022064358e-02,  2.350043483292466e-03, -1.100996057541020e-02, -1.267758407419131e-02,  2.153112465144704e-03, -7.152677835887074e-03, -1.008444187718854e-02,  1.614834348866369e-03, -3.654800705952414e-03, -4.955782865336470e-03, -4.484051724007702e-02, -2.823887691746533e-02
  3.280000000000000e+00,  1.970415810855422e+00,  9.299857326600545e-01, -2.994745485744618e-01, -4.065849011488961e-02, -6.337913669211523e-02,  1.934888759111464e-01,  0.000000000000000e+00, -1.734723475976807e-18,  0.000000000000000e+00,  3.090369675269313e-03,  1.098098602240918e-02, -9.133606396727144e-02,  4.790072996655463e-03,  1.191314678650330e-02, -9.355027157855779e-02,  5.330887689819939e-03,  1.164209294730086e-02, -8.967540825866403e-02,  4.815826077272350e-03,  1.119915130762794e-02, -8.247923352178249e-02,  4.275011384093695e-03,  1.076282073720368e-02, -6.919398785374774e-02,  3.425159723388017e-03,  9.605883618648397e-03, -4.871256744893586e-02,  0.000000000000000e+00,  0.000000000000000e+00,  0.000000000000000e+00,  0.000000000000000e+00,  0.000000000000000e+00,  0.000000000000000e+00,  0.000000000000000e+00,  0.000000000000000e+00,  0.000000000000000e+00,  0.000000000000000e+00,  0.000000000000000e+00,  0.000000000000000e+00,  0.000000000000000e+00,  0.000000000000000e+00,  0.000000000000000e+00,  0.000000000000000e+00,  0.000000000000000e+00,  0.000000000000000e+00,  0.000000000000000e+00,  0.000000000000000e+00,  0.000000000000000e+00,  0.000000000000000e+00,  0.000000000000000e+00,  0.000000000000000e+00,  0.000000000000000e+00,  0.000000000000000e+00,  0.000000000000000e+00,  0.000000000000000e+00,  0.000000000000000e+00,  0.000000000000000e+00,  0.000000000000000e+00,  0.000000000000000e+00,  0.000000000000000e+00,  2.178862454639034e-03, -5.857599970286386e-03, -6.800090940368517e-03,  2.419473032442934e-03, -1.080600503424761e-02, -1.055186525243332e-02,  2.539778321338607e-03, -1.161086609886838e-02, -1.307258861834885e-02,  2.392738523786030e-03, -1.080600503424893e-02, -1.289672419749537e-02,  2.192229708951763e-03, -7.020177063629184e-03, -1.025875788435779e-02,  1.644172281726046e-03, -3.587096843553284e-03, -5.041446731705154e-03, -4.400089026182843e-02, -2.872482590558456e-02
  3.290000000000000e+00,  1.982247338140042e+00,  9.282358733785202e-01, -2.994408474902315e-01, -4.251162074474919e-02, -6.886670698750422e-02,  1.940012096612650e-01,  0.000000000000000e+00, -2.602085213965211e-18,  0.000000000000000e+00,  2.870044367893009e-03,  1.165447984654538e-02, -9.149602500436797e-02,  4.448568770213547e-03,  1.264381257283299e-02, -9.371411045895821e-02,  4.950826534582541e-03,  1.235613426235572e-02, -8.983246091321524e-02,  4.472485806597552e-03,  1.188602580377001e-02, -8.262368318550155e-02,  3.970228042207240e-03,  1.142293388934199e-02, -6.931517045749400e-02,  3.180965841027051e-03,  1.019503866168193e-02, -4.879788000192594e-02,  0.000000000000000e+00,  0.000000000000000e+00,  0.000000000000000e+00,  0.000000000000000e+00,  0.000000000000000e+00,  0.000000000000000e+00,  0.000000000000000e+00,  0.000000000000000e+00,  0.000000000000000e+00,  0.000000000000000e+00,  0.000000000000000e+00,  0.000000000000000e+00,  0.000000000000000e+00,  0.000000000000000e+00,  0.000000000000000e+00,  0.000000000000000e+00,  0.000000000000000e+00,  0.000000000000000e+00,  0.000000000000000e+00,  0.000000000000000e+00,  0.000000000000000e+00,  0.000000000000000e+00,  0.000000000000000e+00,  0.000000000000000e+00,  0.000000000000000e+00,  0.000000000000000e+00,  0.000000000000000e+00,  0.000000000000000e+00,  0.000000000000000e+00,  0.000000000000000e+00,  0.000000000000000e+00,  0.000000000000000e+00,  0.000000000000000e+00,  2.235506063940200e-03, -5.751003925387579e-03, -6.927050802853681e-03,  2.482371764239188e-03, -1.060935838653552e-02, -1.074887193565923e-02,  2.605804614379301e-03, -1.139957266636170e-02, -1.331665800925965e-02,  2.454942241965782e-03, -1.060935838653755e-02, -1.313751014369466e-02,  2.249220825053415e-03, -6.892424551805621e-03, -1.045029215973792e-02,  1.686915618808347e-03, -3.521819197738473e-03, -5.135572147019282e-03, -4.318927300705323e-02, -2.925984520219832e-02
  3.300000000000000e+00,  1.994220033112094e+00,  9.264855937015771e-01, -2.994235381411143e-01, -4.421769957455327e-02, -7.440846941787646e-02,  1.942103627989408e-01,  0.000000000000000e+00, -1.734723475976807e-18,  0.000000000000000e+00,  2.608769817402364e-03,  1.231985965681899e-02, -9.152668645463614e-02,  4.043593216967785e-03,  1.336567555784940e-02, -9.374551521716468e-02,  4.500127935010269e-03,  1.306157306180575e-02, -8.986256488271206e-02,  4.065332965443583e-03,  1.256462508046607e-02, -8.265137140445557e-02,  3.608798247397274e-03,  1.207509423317619e-02, -6.933839882922310e-02,  2.891386547610484e-03,  1.077709577445079e-02, -4.881423277575422e-02,  0.000000000000000e+00,  0.000000000000000e+00,  0.000000000000000e+00,  0.000000000000000e+00,  0.000000000000000e+00,  0.000000000000000e+00,  0.000000000000000e+00,  0.000000000000000e+00,  0.000000000000000e+00,  0.000000000000000e+00,  0.000000000000000e+00,  0.000000000000000e+00,  0.000000000000000e+00,  0.000000000000000e+00,  0.000000000000000e+00,  0.000000000000000e+00,  0.000000000000000e+00,  0.000000000000000e+00,  0.000000000000000e+00,  0.000000000000000e+00,  0.000000000000000e+00,  0.000000000000000e+00,  0.000000000000000e+00,  0.000000000000000e+00,  0.000000000000000e+00,  0.000000000000000e+00,  0.000000000000000e+00,  0.000000000000000e+00,  0.000000000000000e+00,  0.000000000000000e+00,  0.000000000000000e+00,  0.000000000000000e+00,  0.000000000000000e+00,  2.331680461755930e-03, -5.649648268594651e-03, -7.064548556733103e-03,  2.589166647714812e-03, -1.042237912145417e-02, -1.096223051909372e-02,  2.717909740692858e-03, -1.119866666981098e-02, -1.358098558755447e-02,  2.560557071494520e-03, -1.042237912145449e-02, -1.339828174557332e-02,  2.345985249862609e-03, -6.770952505110419e-03, -1.065772411579452e-02,  1.759488937399576e-03, -3.459750678478291e-03, -5.237510136898151e-03, -4.241336346716887e-02, -2.984154683117210e-02
  3.310000000000000e+00,  2.006322048241776e+00,  9.247796083492528e-01, -2.994343311142960e-01, -4.540062487988722e-02, -7.989628528598437e-02,  1.940276898928705e-01,  0.000000000000000e+00,  2.602085213965211e-18,  0.000000000000000e+00,  2.250885428316301e-03,  1.295702882862214e-02, -9.141438996044342e-02,  3.488872413882280e-03,  1.405693314218974e-02, -9.363049638371558e-02,  3.882777363833731e-03,  1.373710280987670e-02, -8.975231014295083e-02,  3.507629792448317e-03,  1.321445324243818e-02, -8.254996426726227e-02,  3.113724842491763e-03,  1.269960441481207e-02, -6.925332572754393e-02,  2.494731349703233e-03,  1.133447494761867e-02, -4.875434131216437e-02,  0.000000000000000e+00,  0.000000000000000e+00,  0.000000000000000e+00,  0.000000000000000e+00,  0.000000000000000e+00,  0.000000000000000e+00,  0.000000000000000e+00,  0.000000000000000e+00,  0.000000000000000e+00,  0.000000000000000e+00,  0.000000000000000e+00,  0.000000000000000e+00,  0.000000000000000e+00,  0.000000000000000e+00,  0.000000000000000e+00,  0.000000000000000e+00,  0.000000000000000e+00,  0.000000000000000e+00,  0.000000000000000e+00,  0.000000000000000e+00,  0.000000000000000e+00,  0.000000000000000e+00,  0.000000000000000e+00,  0.000000000000000e+00,  0.000000000000000e+00,  0.000000000000000e+00,  0.000000000000000e+00,  0.000000000000000e+00,  0.000000000000000e+00,  0.000000000000000e+00,  0.000000000000000e+00,  0.000000000000000e+00,  0.000000000000000e+00,  2.492922944256946e-03, -5.554921383333407e-03, -7.210283461416864e-03,  2.768215048528058e-03, -1.024762850615067e-02, -1.118837088843940e-02,  2.905861100661708e-03, -1.101090014660911e-02, -1.386114837846983e-02,  2.737627036938755e-03, -1.024762850615112e-02, -1.367467553033449e-02,  2.508216950046862e-03, -6.657424863996095e-03, -1.087758280821724e-02,  1.881162712538820e-03, -3.401741508708669e-03, -5.345554980029320e-03, -4.168122959901127e-02, -3.046169193630958e-02
  3.320000000000000e+00,  2.018540656957787e+00,  9.231678017239677e-01, -2.994876964299243e-01, -4.564978081198322e-02, -8.521249122189807e-02,  1.934001197258483e-01,  1.734723475976807e-18,  1.994931997373328e-17,  0.000000000000000e+00,  1.736450381890457e-03,  1.354563998027326e-02, -9.115452372180244e-02,  2.691498091919740e-03,  1.469551068299363e-02, -9.336433035746718e-02,  2.995376908745631e-03,  1.436115111695566e-02, -8.949716874500209e-02,  2.705968511764905e-03,  1.381475865538112e-02, -8.231529717901889e-02,  2.402089694932678e-03,  1.327652130517330e-02, -6.905645736491516e-02,  1.924565839910725e-03,  1.184937681598183e-02, -4.861574598486498e-02,  0.000000000000000e+00,  0.000000000000000e+00,  0.000000000000000e+00,  0.000000000000000e+00,  0.000000000000000e+00,  0.000000000000000e+00,  0.000000000000000e+00,  0.000000000000000e+00,  0.000000000000000e+00,  0.000000000000000e+00,  0.000000000000000e+00,  0.000000000000000e+00,  0.000000000000000e+00,  0.000000000000000e+00,  0.000000000000000e+00,  0.000000000000000e+00,  0.000000000000000e+00,  0.000000000000000e+00,  0.000000000000000e+00,  0.000000000000000e+00,  0.000000000000000e+00,  0.000000000000000e+00,  0.000000000000000e+00,  0.000000000000000e+00,  0.000000000000000e+00,  0.000000000000000e+00,  0.000000000000000e+00,  0.000000000000000e+00,  0.000000000000000e+00,  0.000000000000000e+00,  0.000000000000000e+00,  0.000000000000000e+00,  0.000000000000000e+00,  2.745189403744243e-03, -5.469136461348172e-03, -7.360874404997510e-03,  3.048339153847333e-03, -1.008937387907905e-02, -1.142204649055884e-02,  3.199914028896390e-03, -1.084085827834880e-02, -1.415064648554437e-02,  3.014655848275548e-03, -1.008937387907967e-02, -1.396027904404233e-02,  2.762031056523940e-03, -6.554613926960693e-03, -1.110476742139273e-02,  2.071523292397964e-03, -3.349208248595780e-03, -5.457199989929801e-03, -4.100770229768813e-02, -3.110746515226595e-02
  3.330000000000000e+00,  2.030865257870641e+00,  9.217004835928280e-01, -2.995987980651625e-01, -4.458331140736306e-02, -9.023958566476190e-02,  1.923120616147935e-01,  0.000000000000000e+00,  6.938893903907228e-18,  0.000000000000000e+00,  1.010584551993861e-03,  1.406655002138361e-02, -9.075006199457331e-02,  1.566406055577358e-03,  1.526064005932176e-02, -9.295006349745234e-02,  1.743258352170312e-03,  1.491342238871732e-02, -8.910006086734733e-02,  1.574827593506418e-03,  1.434601790260728e-02, -8.195005598289665e-02,  1.397975296905974e-03,  1.378708214017034e-02, -6.875004696547425e-02,  1.120064545105061e-03,  1.230505549734004e-02, -4.840003306364824e-02,  0.000000000000000e+00,  0.000000000000000e+00,  0.000000000000000e+00,  0.000000000000000e+00,  0.000000000000000e+00,  0.000000000000000e+00,  0.000000000000000e+00,  0.000000000000000e+00,  0.000000000000000e+00,  0.000000000000000e+00,  0.000000000000000e+00,  0.000000000000000e+00,  0.000000000000000e+00,  0.000000000000000e+00,  0.000000000000000e+00,  0.000000000000000e+00,  0.000000000000000e+00,  0.000000000000000e+00,  0.000000000000000e+00,  0.000000000000000e+00,  0.000000000000000e+00,  0.000000000000000e+00,  0.000000000000000e+00,  0.000000000000000e+00,  0.000000000000000e+00,  0.000000000000000e+00,  0.000000000000000e+00,  0.000000000000000e+00,  0.000000000000000e+00,  0.000000000000000e+00,  0.000000000000000e+00,  0.000000000000000e+00,  0.000000000000000e+00,  3.110278647843033e-03, -5.395143485439363e-03, -7.512585178447976e-03,  3.453745001587764e-03, -9.952872842097487e-03, -1.165745975971859e-02,  3.625478178456983e-03, -1.069419026757841e-02, -1.444229736900937e-02,  3.415582073387881e-03, -9.952872842098301e-03, -1.424800637302336e-02,  3.129360111935263e-03, -6.465935322245901e-03, -1.133364143308088e-02,  2.347020083958069e-03, -3.303896180227729e-03, -5.569675218527672e-03, -4.041185103869672e-02, -3.176428900264426e-02
  3.340000000000000e+00,  2.043289076916964e+00,  9.204236214158721e-01, -2.997809974753753e-01, -4.191143272678954e-02, -9.486760949409197e-02,  1.907782949124263e-01,  1.734723475976807e-18,  1.127570259384924e-17,  0.000000000000000e+00,  3.287740101775522e-05,  1.450411017860357e-02, -9.020865999406071e-02,  5.095997156163723e-05,  1.573534409502943e-02, -9.239553659995267e-02,  5.671351673306488e-05,  1.537732572217015e-02, -8.856850253955838e-02,  5.123394989959354e-05,  1.479227130798497e-02, -8.146115357029238e-02,  4.548040472016873e-05,  1.421594904923514e-02, -6.833989393475529e-02,  3.643911943714200e-05,  1.268782184799823e-02, -4.811128533001102e-02,  0.000000000000000e+00,  0.000000000000000e+00,  0.000000000000000e+00,  0.000000000000000e+00,  0.000000000000000e+00,  0.000000000000000e+00,  0.000000000000000e+00,  0.000000000000000e+00,  0.000000000000000e+00,  0.000000000000000e+00,  0.000000000000000e+00,  0.000000000000000e+00,  0.000000000000000e+00,  0.000000000000000e+00,  0.000000000000000e+00,  0.000000000000000e+00,  0.000000000000000e+00,  0.000000000000000e+00,  0.000000000000000e+00,  0.000000000000000e+00,  0.000000000000000e+00,  0.000000000000000e+00,  0.000000000000000e+00,  0.000000000000000e+00,  0.000000000000000e+00,  0.000000000000000e+00,  0.000000000000000e+00,  0.000000000000000e+00,  0.000000000000000e+00,  0.000000000000000e+00,  0.000000000000000e+00,  0.000000000000000e+00,  0.000000000000000e+00,  3.601825299695826e-03, -5.336342991291177e-03, -7.662011194056680e-03,  3.999572878797118e-03, -9.844398648058611e-03, -1.188932771498758e-02,  4.198446668344070e-03, -1.057763661632842e-02, -1.472955600248758e-02,  3.955378703334221e-03, -9.844398648059515e-03, -1.453140054058295e-02,  3.623922387418195e-03, -6.395464501015194e-03, -1.155906861182011e-02,  2.717941790572161e-03, -3.267887735126149e-03, -5.680456574933141e-03, -3.991750494244622e-02, -3.241855999280029e-02
  3.350000000000001e+00,  2.055809017190456e+00,  9.193754768318253e-01, -3.000437500983583e-01, -3.748275570510188e-02, -9.900052475265056e-02,  1.888336632502589e-01,  0.000000000000000e+00, -6.938893903907228e-18,  0.000000000000000e+00, -1.215771566020584e-03,  1.484744686689040e-02, -8.954010785054559e-02, -1.884445927350229e-03,  1.610782616143107e-02, -9.171077713174126e-02, -2.097205951410877e-03,  1.574133289138994e-02, -8.791210588954847e-02, -1.894577357069617e-03,  1.514242925498060e-02, -8.085743072552153e-02, -1.681817333016715e-03,  1.455246447881591e-02, -6.783341503812437e-02, -1.347480152364621e-03,  1.298816393594738e-02, -4.775472418677130e-02,  0.000000000000000e+00,  0.000000000000000e+00,  0.000000000000000e+00,  0.000000000000000e+00,  0.000000000000000e+00,  0.000000000000000e+00,  0.000000000000000e+00,  0.000000000000000e+00,  0.000000000000000e+00,  0.000000000000000e+00,  0.000000000000000e+00,  0.000000000000000e+00,  0.000000000000000e+00,  0.000000000000000e+00,  0.000000000000000e+00,  0.000000000000000e+00,  0.000000000000000e+00,  0.000000000000000e+00,  0.000000000000000e+00,  0.000000000000000e+00,  0.000000000000000e+00,  0.000000000000000e+00,  0.000000000000000e+00,  0.000000000000000e+00,  0.000000000000000e+00,  0.000000000000000e+00,  0.000000000000000e+00,  0.000000000000000e+00,  0.000000000000000e+00,  0.000000000000000e+00,  0.000000000000000e+00,  0.000000000000000e+00,  0.000000000000000e+00,  4.222707797140154e-03, -5.296202164527157e-03, -7.806344696629118e-03,  4.689019087614058e-03, -9.770347504537440e-03, -1.211329349485688e-02,  4.922174732846908e-03, -1.049806993935884e-02, -1.500702471866509e-02,  4.637206721997660e-03, -9.770347504538432e-03, -1.480513649376539e-02,  4.248613979938275e-03, -6.347356792603544e-03, -1.177681312003209e-02,  3.186460484964341e-03, -3.243306160127391e-03, -5.787462447536240e-03, -3.954994943856289e-02, -3.305870323368131e-02
  3.360000000000000e+00,  2.068423906774765e+00,  9.185850935493922e-01, -3.003914719022214e-01, -3.130678528921196e-02, -1.025615044120967e-01,  1.865243766943180e-01, -1.734723475976807e-18,  1.040834085586084e-17,  0.000000000000000e+00, -2.729811255050098e-03,  1.509072472032130e-02, -8.875521524786524e-02, -4.231207445347971e-03,  1.637175553643588e-02, -9.090685682959715e-02, -4.708924414988374e-03,  1.599925721402273e-02, -8.714148406144945e-02, -4.253955872473338e-03,  1.539054044324909e-02, -8.014864892065666e-02, -3.776238902839080e-03,  1.479090899741207e-02, -6.723879943000563e-02, -3.025540807704112e-03,  1.320097713344159e-02, -4.733611479864418e-02,  0.000000000000000e+00,  0.000000000000000e+00,  0.000000000000000e+00,  0.000000000000000e+00,  0.000000000000000e+00,  0.000000000000000e+00,  0.000000000000000e+00,  0.000000000000000e+00,  0.000000000000000e+00,  0.000000000000000e+00,  0.000000000000000e+00,  0.000000000000000e+00,  0.000000000000000e+00,  0.000000000000000e+00,  0.000000000000000e+00,  0.000000000000000e+00,  0.000000000000000e+00,  0.000000000000000e+00,  0.000000000000000e+00,  0.000000000000000e+00,  0.000000000000000e+00,  0.000000000000000e+00,  0.000000000000000e+00,  0.000000000000000e+00,  0.000000000000000e+00,  0.000000000000000e+00,  0.000000000000000e+00,  0.000000000000000e+00,  0.000000000000000e+00,  0.000000000000000e+00,  0.000000000000000e+00,  0.000000000000000e+00,  0.000000000000000e+00,  4.964065643943981e-03, -5.277310932290384e-03, -7.943038454500083e-03,  5.512244672100011e-03, -9.735497266950648e-03, -1.232540449846523e-02,  5.786334186173693e-03, -1.046062395993805e-02, -1.526980668425368e-02,  5.451335891184949e-03, -9.735497266951606e-03, -1.506438327596279e-02,  4.994520034391037e-03, -6.324716155495367e-03, -1.198303215132420e-02,  3.745890025806176e-03, -3.231737483558345e-03, -5.888804371481706e-03, -3.932904990860615e-02, -3.367375207000690e-02
  3.370000000000000e+00,  2.081131946762342e+00,  9.180723734077418e-01, -3.008237222648256e-01, -2.355229275965927e-02, -1.054969572705080e-01,  1.839032492893869e-01,  0.000000000000000e+00, -3.469446951953615e-18,  0.000000000000000e+00, -4.479186694772138e-03,  1.523248002301650e-02, -8.786614904376469e-02, -6.942739376918440e-03,  1.652554425134087e-02, -8.999623750539289e-02, -7.726597048509127e-03,  1.614954685161903e-02, -8.626858269741201e-02, -6.980065932704141e-03,  1.553511207646265e-02, -7.934579519693552e-02, -6.196208261116748e-03,  1.492984796959174e-02, -6.656526442687395e-02, -4.964431920058272e-03,  1.332498101954552e-02, -4.686194615642937e-02,  0.000000000000000e+00,  0.000000000000000e+00,  0.000000000000000e+00,  0.000000000000000e+00,  0.000000000000000e+00,  0.000000000000000e+00,  0.000000000000000e+00,  0.000000000000000e+00,  0.000000000000000e+00,  0.000000000000000e+00,  0.000000000000000e+00,  0.000000000000000e+00,  0.000000000000000e+00,  0.000000000000000e+00,  0.000000000000000e+00,  0.000000000000000e+00,  0.000000000000000e+00,  0.000000000000000e+00,  0.000000000000000e+00,  0.000000000000000e+00,  0.000000000000000e+00,  0.000000000000000e+00,  0.000000000000000e+00,  0.000000000000000e+00,  0.000000000000000e+00,  0.000000000000000e+00,  0.000000000000000e+00,  0.000000000000000e+00,  0.000000000000000e+00,  0.000000000000000e+00,  0.000000000000000e+00,  0.000000000000000e+00,  0.000000000000000e+00,  5.805333729452576e-03, -5.280401677230068e-03, -8.069156578213535e-03,  6.446413527785677e-03, -9.741199022882561e-03, -1.252110503527685e-02,  6.766953426947965e-03, -1.046675039838068e-02, -1.551225790486592e-02,  6.375182439072938e-03, -9.741199022883430e-03, -1.530357282096422e-02,  5.840949273798809e-03, -6.328420330728227e-03, -1.217329656211928e-02,  4.380711955364310e-03, -3.233630204377898e-03, -5.982305739068525e-03, -3.926203777878758e-02, -3.425059247298737e-02
  3.380000000000000e+00,  2.093928474586633e+00,  9.178491155018117e-01, -3.013367252785411e-01, -1.452297223370377e-02, -1.077802300755403e-01,  1.810302639952738e-01,  1.734723475976807e-18,  4.336808689942018e-18,  0.000000000000000e+00, -6.412772228706044e-03,  1.527451359666162e-02, -8.688782390717170e-02, -9.939796954516590e-03,  1.657114599710189e-02, -8.899419539578808e-02, -1.106203209454376e-02,  1.619411104378670e-02, -8.530804529056585e-02, -9.993236723079710e-03,  1.557798075422102e-02, -7.846233795236074e-02, -8.871001583051564e-03,  1.497104643912611e-02, -6.582410902034355e-02, -7.107489220160988e-03,  1.336175090666686e-02, -4.634017275022306e-02,  0.000000000000000e+00,  0.000000000000000e+00,  0.000000000000000e+00,  0.000000000000000e+00,  0.000000000000000e+00,  0.000000000000000e+00,  0.000000000000000e+00,  0.000000000000000e+00,  0.000000000000000e+00,  0.000000000000000e+00,  0.000000000000000e+00,  0.000000000000000e+00,  0.000000000000000e+00,  0.000000000000000e+00,  0.000000000000000e+00,  0.000000000000000e+00,  0.000000000000000e+00,  0.000000000000000e+00,  0.000000000000000e+00,  0.000000000000000e+00,  0.000000000000000e+00,  0.000000000000000e+00,  0.000000000000000e+00,  0.000000000000000e+00,  0.000000000000000e+00,  0.000000000000000e+00,  0.000000000000000e+00,  0.000000000000000e+00,  0.000000000000000e+00,  0.000000000000000e+00,  0.000000000000000e+00,  0.000000000000000e+00,  0.000000000000000e+00,  6.715248931278571e-03, -5.303702972615034e-03, -8.180779357446676e-03,  7.456810162940306e-03, -9.784184873147264e-03, -1.269431279617072e-02,  7.827590778767315e-03, -1.051293795335465e-02, -1.572684307531281e-02,  7.374414470524742e-03, -9.784184873147850e-03, -1.551527119539821e-02,  6.756446777477316e-03, -6.356346310692962e-03, -1.234169299632682e-02,  5.067335083125415e-03, -3.247899530304668e-03, -6.065060558161283e-03, -3.933873708368665e-02, -3.477140067632480e-02
  3.390000000000000e+00,  2.106804940907882e+00,  9.179200709413868e-01, -3.019255785777774e-01, -4.615847965178776e-03, -1.094155183075495e-01,  1.779770972615941e-01,  0.000000000000000e+00, -9.215718466126786e-19,  0.000000000000000e+00, -8.464461507439366e-03,  1.522072415707581e-02, -8.583949771617978e-02, -1.311991533655283e-02,  1.651279044614892e-02, -8.792045523652726e-02, -1.460119610035583e-02,  1.613708322734510e-02, -8.427877957576724e-02, -1.319045251576580e-02,  1.552312265027359e-02, -7.751566763442391e-02, -1.170917175195655e-02,  1.491832566390414e-02, -6.502992251200114e-02, -9.381444837413867e-03,  1.331469729094349e-02, -4.578106544834368e-02,  0.000000000000000e+00,  0.000000000000000e+00,  0.000000000000000e+00,  0.000000000000000e+00,  0.000000000000000e+00,  0.000000000000000e+00,  0.000000000000000e+00,  0.000000000000000e+00,  0.000000000000000e+00,  0.000000000000000e+00,  0.000000000000000e+00,  0.000000000000000e+00,  0.000000000000000e+00,  0.000000000000000e+00,  0.000000000000000e+00,  0.000000000000000e+00,  0.000000000000000e+00,  0.000000000000000e+00,  0.000000000000000e+00,  0.000000000000000e+00,  0.000000000000000e+00,  0.000000000000000e+00,  0.000000000000000e+00,  0.000000000000000e+00,  0.000000000000000e+00,  0.000000000000000e+00,  0.000000000000000e+00,  0.000000000000000e+00,  0.000000000000000e+00,  0.000000000000000e+00,  0.000000000000000e+00,  0.000000000000000e+00,  0.000000000000000e+00,  7.654337082785808e-03, -5.342646203076287e-03, -8.272638970297124e-03,  8.499601300501957e-03, -9.856026710511738e-03, -1.283685357474413e-02,  8.922233409356760e-03, -1.059013076895018e-02, -1.590343526210631e-02,  8.405683054081018e-03, -9.856026710511993e-03, -1.568948770255156e-02,  7.701296205988946e-03, -6.403018731932112e-03, -1.248027430883366e-02,  5.775972154511158e-03, -3.271747717236310e-03, -6.133163374589746e-03, -3.952928573101016e-02, -3.521206216299216e-02
  3.400000000000000e+00,  2.119748932550230e+00,  9.182832127017228e-01, -3.025859293962414e-01,  5.726960161154295e-03, -1.104415562075954e-01,  1.748289314739529e-01,  0.000000000000000e+00, -1.192622389734055e-18,  0.000000000000000e+00, -1.056063436089766e-02,  1.507625118989074e-02, -8.474509235098970e-02, -1.636898325941188e-02,  1.635605336796286e-02, -8.679951883217980e-02, -1.821709427256704e-02,  1.598391230909596e-02, -8.320427248994078e-02, -1.645698854573022e-02,  1.537577935923794e-02, -7.652738642585227e-02, -1.460887753256285e-02,  1.477672302057126e-02, -6.420082753836337e-02, -1.170470308331856e-02,  1.318831606197367e-02, -4.519738258689883e-02,  0.000000000000000e+00,  0.000000000000000e+00,  0.000000000000000e+00,  0.000000000000000e+00,  0.000000000000000e+00,  0.000000000000000e+00,  0.000000000000000e+00,  0.000000000000000e+00,  0.000000000000000e+00,  0.000000000000000e+00,  0.000000000000000e+00,  0.000000000000000e+00,  0.000000000000000e+00,  0.000000000000000e+00,  0.000000000000000e+00,  0.000000000000000e+00,  0.000000000000000e+00,  0.000000000000000e+00,  0.000000000000000e+00,  0.000000000000000e+00,  0.000000000000000e+00,  0.000000000000000e+00,  0.000000000000000e+00,  0.000000000000000e+00,  0.000000000000000e+00,  0.000000000000000e+00,  0.000000000000000e+00,  0.000000000000000e+00,  0.000000000000000e+00,  0.000000000000000e+00,  0.000000000000000e+00,  0.000000000000000e+00,  0.000000000000000e+00,  8.578844670159850e-03, -5.389996880301088e-03, -8.338072630768465e-03,  9.526201750284000e-03, -9.943378468750352e-03, -1.293838856514139e-02,  9.999880290343674e-03, -1.068398872711247e-02, -1.602922583354711e-02,  9.420939852485542e-03, -9.943378468750099e-03, -1.581358602415377e-02,  8.631475619053960e-03, -6.459767253490704e-03, -1.257898888283480e-02,  6.473606714311550e-03, -3.300744484798402e-03, -6.181674536667618e-03, -3.978483359222904e-02, -3.554199343930144e-02
  3.410000000000000e+00,  2.132744428896033e+00,  9.189292037802921e-01, -3.033143707695799e-01,  1.606394128822190e-02, -1.109332642788509e-01,  1.716774869872063e-01,  0.000000000000000e+00, -1.756407519426517e-17,  0.000000000000000e+00, -1.262769573150833e-02,  1.484716891497275e-02, -8.363126311771056e-02, -1.957292838385626e-02,  1.610752461456030e-02, -8.565868767809390e-02, -2.178277513686504e-02,  1.574103820546585e-02, -8.211069469726644e-02, -1.967815918158977e-02,  1.514214578084530e-02, -7.552156487579904e-02, -1.746831242856277e-02,  1.455219204912893e-02, -6.335701751314997e-02, -1.399569610239982e-02,  1.298792079077834e-02, -4.460334032914719e-02,  0.000000000000000e+00,  0.000000000000000e+00,  0.000000000000000e+00,  0.000000000000000e+00,  0.000000000000000e+00,  0.000000000000000e+00,  0.000000000000000e+00,  0.000000000000000e+00,  0.000000000000000e+00,  0.000000000000000e+00,  0.000000000000000e+00,  0.000000000000000e+00,  0.000000000000000e+00,  0.000000000000000e+00,  0.000000000000000e+00,  0.000000000000000e+00,  0.000000000000000e+00,  0.000000000000000e+00,  0.000000000000000e+00,  0.000000000000000e+00,  0.000000000000000e+00,  0.000000000000000e+00,  0.000000000000000e+00,  0.000000000000000e+00,  0.000000000000000e+00,  0.000000000000000e+00,  0.000000000000000e+00,  0.000000000000000e+00,  0.000000000000000e+00,  0.000000000000000e+00,  0.000000000000000e+00,  0.000000000000000e+00,  0.000000000000000e+00,  9.445441128316473e-03, -5.436544549797430e-03, -8.369363898420648e-03,  1.048849597682497e-02, -1.002924885140837e-02, -1.298694398047157e-02,  1.101002340107779e-02, -1.077625497275434e-02, -1.608938059809823e-02,  1.037260099365181e-02, -1.002924885140750e-02, -1.587293153178407e-02,  9.503388619900357e-03, -6.515553391740998e-03, -1.262619553663055e-02,  7.127541464947366e-03, -3.329249503776870e-03, -6.204873235102425e-03, -4.004222469958117e-02, -3.572572144598906e-02
  3.420000000000000e+00,  2.145772013070901e+00,  9.198407108214169e-01, -3.041081181377362e-01,  2.599586127878544e-02, -1.109979083091922e-01,  1.686073099928019e-01, -5.204170427930421e-18, -8.239936510889834e-18,  0.000000000000000e+00, -1.459907499443753e-02,  1.454033213379581e-02, -8.252390398556803e-02, -2.262856624139379e-02,  1.577464088206160e-02, -8.452448347608248e-02, -2.518340436541204e-02,  1.541572840916718e-02, -8.102346936752935e-02, -2.275022519964597e-02,  1.482921290467827e-02, -7.452158602314081e-02, -2.019538707560398e-02,  1.425145136294232e-02, -6.251810907971313e-02, -1.618064145213479e-02,  1.271950788105505e-02, -4.401274879200917e-02,  0.000000000000000e+00,  0.000000000000000e+00,  0.000000000000000e+00,  0.000000000000000e+00,  0.000000000000000e+00,  0.000000000000000e+00,  0.000000000000000e+00,  0.000000000000000e+00,  0.000000000000000e+00,  0.000000000000000e+00,  0.000000000000000e+00,  0.000000000000000e+00,  0.000000000000000e+00,  0.000000000000000e+00,  0.000000000000000e+00,  0.000000000000000e+00,  0.000000000000000e+00,  0.000000000000000e+00,  0.000000000000000e+00,  0.000000000000000e+00,  0.000000000000000e+00,  0.000000000000000e+00,  0.000000000000000e+00,  0.000000000000000e+00,  0.000000000000000e+00,  0.000000000000000e+00,  0.000000000000000e+00,  0.000000000000000e+00,  0.000000000000000e+00,  0.000000000000000e+00,  0.000000000000000e+00,  0.000000000000000e+00,  0.000000000000000e+00,  1.021612589533516e-02, -5.472070434800201e-03, -8.358400695469606e-03,  1.134428703713359e-02, -1.009478642552217e-02, -1.296993211382797e-02,  1.190836760803227e-02, -1.084667396618111e-02, -1.606830478553603e-02,  1.121893579915181e-02, -1.009478642552069e-02, -1.585213925033293e-02,  1.027880151432568e-02, -6.558130215750847e-03, -1.260965622183967e-02,  7.709101135766849e-03, -3.351004965160380e-03, -6.196745343260456e-03, -4.023056991067572e-02, -3.572594218240875e-02
  3.430000000000000e+00,  2.158809451741644e+00,  9.209922502984282e-01, -3.049650992916680e-01,  3.520543919132601e-02, -1.107635405468219e-01,  1.656830779247474e-01,  0.000000000000000e+00,  3.903127820947815e-18,  0.000000000000000e+00, -1.642149418768660e-02,  1.416287779356954e-02, -8.144480532126831e-02, -2.545331599092675e-02,  1.536514496328532e-02, -8.341922484416557e-02, -2.832707747376093e-02,  1.501554954514652e-02, -7.996399067894983e-02, -2.559016177578511e-02,  1.444425947159969e-02, -7.354712722932699e-02, -2.271640029292284e-02,  1.388149611556783e-02, -6.170061009161835e-02, -1.820048939130944e-02,  1.238932055032073e-02, -4.343722950439415e-02,  0.000000000000000e+00,  0.000000000000000e+00,  0.000000000000000e+00,  0.000000000000000e+00,  0.000000000000000e+00,  0.000000000000000e+00,  0.000000000000000e+00,  0.000000000000000e+00,  0.000000000000000e+00,  0.000000000000000e+00,  0.000000000000000e+00,  0.000000000000000e+00,  0.000000000000000e+00,  0.000000000000000e+00,  0.000000000000000e+00,  0.000000000000000e+00,  0.000000000000000e+00,  0.000000000000000e+00,  0.000000000000000e+00,  0.000000000000000e+00,  0.000000000000000e+00,  0.000000000000000e+00,  0.000000000000000e+00,  0.000000000000000e+00,  0.000000000000000e+00,  0.000000000000000e+00,  0.000000000000000e+00,  0.000000000000000e+00,  0.000000000000000e+00,  0.000000000000000e+00,  0.000000000000000e+00,  0.000000000000000e+00,  0.000000000000000e+00,  1.086267803005933e-02, -5.486262151256594e-03, -8.297501346236772e-03,  1.206223756710341e-02, -1.012096707292831e-02, -1.287543312363950e-02,  1.266201733562578e-02, -1.087480462042816e-02, -1.595123103658021e-02,  1.192895317409566e-02, -1.012096707292624e-02, -1.573664048454682e-02,  1.092932022656482e-02, -6.575138608754741e-03, -1.251778220360073e-02,  8.196990169945946e-03, -3.359695736390920e-03, -6.151595825725391e-03, -4.027731775749406e-02, -3.550738677060988e-02
  3.440000000000000e+00,  2.171833152817455e+00,  9.223509451375145e-01, -3.058847261418452e-01,  4.349114032266601e-02, -1.103607310381671e-01,  1.629451427558436e-01, -1.734723475976807e-18, -1.951563910473908e-17,  0.000000000000000e+00, -1.805982483528460e-02,  1.372145396616879e-02, -8.040997272260743e-02, -2.799272849470065e-02,  1.488624927576202e-02, -8.235930539463127e-02, -3.115319784086257e-02,  1.454754993042466e-02, -7.894797321845469e-02, -2.814322703495329e-02,  1.399406563438255e-02, -7.261264203418519e-02, -2.498275768876053e-02,  1.344884229798213e-02, -6.091664600174053e-02, -2.001630585905707e-02,  1.200317436054656e-02, -4.288531878512646e-02,  0.000000000000000e+00,  0.000000000000000e+00,  0.000000000000000e+00,  0.000000000000000e+00,  0.000000000000000e+00,  0.000000000000000e+00,  0.000000000000000e+00,  0.000000000000000e+00,  0.000000000000000e+00,  0.000000000000000e+00,  0.000000000000000e+00,  0.000000000000000e+00,  0.000000000000000e+00,  0.000000000000000e+00,  0.000000000000000e+00,  0.000000000000000e+00,  0.000000000000000e+00,  0.000000000000000e+00,  0.000000000000000e+00,  0.000000000000000e+00,  0.000000000000000e+00,  0.000000000000000e+00,  0.000000000000000e+00,  0.000000000000000e+00,  0.000000000000000e+00,  0.000000000000000e+00,  0.000000000000000e+00,  0.000000000000000e+00,  0.000000000000000e+00,  0.000000000000000e+00,  0.000000000000000e+00,  0.000000000000000e+00,  0.000000000000000e+00,  1.136949489652261e-02, -5.469773127782095e-03, -8.180406657787744e-03,  1.262502194029341e-02, -1.009054839094554e-02, -1.269373446914620e-02,  1.325278546217964e-02, -1.084212027109743e-02, -1.572612659240116e-02,  1.248551893542820e-02, -1.009054839094290e-02, -1.551456435127472e-02,  1.143924639895833e-02, -6.555376954666110e-03, -1.234113073395245e-02,  8.579434799240102e-03, -3.349598132532357e-03, -6.064784246356001e-03, -4.011551165092465e-02, -3.504141077404923e-02
  3.450000000000000e+00,  2.184820393456127e+00,  9.238782270887109e-01, -3.068684825579906e-01,  5.078355834375833e-02, -1.099018743891745e-01,  1.604160268278961e-01, -1.734723475976807e-18, -1.734723475976807e-17,  2.775557561562891e-17, -1.949915459978116e-02,  1.322158853751857e-02, -7.943022572898718e-02, -3.022368962966760e-02,  1.434395096003189e-02, -8.135580695874554e-02, -3.363604168461541e-02,  1.401759025561816e-02, -7.798603980654710e-02, -3.038618258462413e-02,  1.348426910450005e-02, -7.172790080965946e-02, -2.697383052964436e-02,  1.295890797056229e-02, -6.017441343083754e-02, -2.161156301470408e-02,  1.156590496389947e-02, -4.236278705521965e-02,  0.000000000000000e+00,  0.000000000000000e+00,  0.000000000000000e+00,  0.000000000000000e+00,  0.000000000000000e+00,  0.000000000000000e+00,  0.000000000000000e+00,  0.000000000000000e+00,  0.000000000000000e+00,  0.000000000000000e+00,  0.000000000000000e+00,  0.000000000000000e+00,  0.000000000000000e+00,  0.000000000000000e+00,  0.000000000000000e+00,  0.000000000000000e+00,  0.000000000000000e+00,  0.000000000000000e+00,  0.000000000000000e+00,  0.000000000000000e+00,  0.000000000000000e+00,  0.000000000000000e+00,  0.000000000000000e+00,  0.000000000000000e+00,  0.000000000000000e+00,  0.000000000000000e+00,  0.000000000000000e+00,  0.000000000000000e+00,  0.000000000000000e+00,  0.000000000000000e+00,  0.000000000000000e+00,  0.000000000000000e+00,  0.000000000000000e+00,  1.173411747492228e-02, -5.415514268450809e-03, -8.003361242196624e-03,  1.302990958870154e-02, -9.990452530855584e-03, -1.241900882425559e-02,  1.367780564559247e-02, -1.073456899522122e-02, -1.538577204344988e-02,  1.288593268716967e-02, -9.990452530852572e-03, -1.517878856306941e-02,  1.180610592569233e-02, -6.490349161421015e-03, -1.207403635697170e-02,  8.854579444288914e-03, -3.316370909090826e-03, -5.933526438241650e-03, -3.969307935640858e-02, -3.431089803485775e-02
  3.460000000000000e+00,  2.197751242349119e+00,  9.255322700728590e-01, -3.079194856653825e-01,  5.713410835337294e-02, -1.094651542904883e-01,  1.581135160957650e-01, -6.938893903907228e-18, -5.204170427930421e-18,  0.000000000000000e+00, -2.074293424477633e-02,  1.266757384812476e-02, -7.851345554247637e-02, -3.215154807940784e-02,  1.374290672746847e-02, -8.041681204044505e-02, -3.578156157222972e-02,  1.343022128028791e-02, -7.708593816889395e-02, -3.232440586474107e-02,  1.291924750074647e-02, -7.090002955034405e-02, -2.869439237188802e-02,  1.241590019552588e-02, -5.947989056229426e-02, -2.299008545457366e-02,  1.108126718925073e-02, -4.187384295577511e-02,  0.000000000000000e+00,  0.000000000000000e+00,  0.000000000000000e+00,  0.000000000000000e+00,  0.000000000000000e+00,  0.000000000000000e+00,  0.000000000000000e+00,  0.000000000000000e+00,  0.000000000000000e+00,  0.000000000000000e+00,  0.000000000000000e+00,  0.000000000000000e+00,  0.000000000000000e+00,  0.000000000000000e+00,  0.000000000000000e+00,  0.000000000000000e+00,  0.000000000000000e+00,  0.000000000000000e+00,  0.000000000000000e+00,  0.000000000000000e+00,  0.000000000000000e+00,  0.000000000000000e+00,  0.000000000000000e+00,  0.000000000000000e+00,  0.000000000000000e+00,  0.000000000000000e+00,  0.000000000000000e+00,  0.000000000000000e+00,  0.000000000000000e+00,  0.000000000000000e+00,  0.000000000000000e+00,  0.000000000000000e+00,  0.000000000000000e+00,  1.196576790377642e-02, -5.319627334084122e-03, -7.765843860776291e-03,  1.328714104651050e-02, -9.813561875853066e-03, -1.205044737031548e-02,  1.394782761787910e-02, -1.054450303625978e-02, -1.492916535328511e-02,  1.314032180842871e-02, -9.813561875849891e-03, -1.472832456380150e-02,  1.203917752282181e-02, -6.375431232446827e-03, -1.171571272119166e-02,  9.029383142133897e-03, -3.257651344533599e-03, -5.757435965803982e-03, -3.898011620140630e-02, -3.331351225870652e-02
  3.470000000000000e+00,  2.210611750247724e+00,  9.272669155428018e-01, -3.090422949251604e-01,  6.267807450702682e-02, -1.090831916210238e-01,  1.560190876331109e-01,  0.000000000000000e+00,  1.561251128379126e-17,  0.000000000000000e+00, -2.181688803781570e-02,  1.200488174659504e-02, -7.764868387461039e-02, -3.381617645861738e-02,  1.302395960708513e-02, -7.953107621093713e-02, -3.763413186522111e-02,  1.272763200226597e-02, -7.623688962227047e-02, -3.399798385889378e-02,  1.224338933097384e-02, -7.011911452907223e-02, -3.018002845225953e-02,  1.176637416223757e-02, -5.882476051089868e-02, -2.418038424185903e-02,  1.050156121482319e-02, -4.141263139959952e-02,  0.000000000000000e+00,  0.000000000000000e+00,  0.000000000000000e+00,  0.000000000000000e+00,  0.000000000000000e+00,  0.000000000000000e+00,  0.000000000000000e+00,  0.000000000000000e+00,  0.000000000000000e+00,  0.000000000000000e+00,  0.000000000000000e+00,  0.000000000000000e+00,  0.000000000000000e+00,  0.000000000000000e+00,  0.000000000000000e+00,  0.000000000000000e+00,  0.000000000000000e+00,  0.000000000000000e+00,  0.000000000000000e+00,  0.000000000000000e+00,  0.000000000000000e+00,  0.000000000000000e+00,  0.000000000000000e+00,  0.000000000000000e+00,  0.000000000000000e+00,  0.000000000000000e+00,  0.000000000000000e+00,  0.000000000000000e+00,  0.000000000000000e+00,  0.000000000000000e+00,  0.000000000000000e+00,  0.000000000000000e+00,  0.000000000000000e+00,  1.209223738423446e-02, -5.160013731161131e-03, -7.474868171556620e-03,  1.342757648186703e-02, -9.519109300486026e-03, -1.159893336979504e-02,  1.409524603068490e-02, -1.022811882079632e-02, -1.436978967485922e-02,  1.327920547101916e-02, -9.519109300482579e-03, -1.417647411871566e-02,  1.216642288966311e-02, -6.184138593828886e-03, -1.127674077623810e-02,  9.124817167263296e-03, -3.159906627561064e-03, -5.541712609999462e-03, -3.780591642760423e-02, -3.207741508960206e-02
  3.480000000000000e+00,  2.223387929372874e+00,  9.290416141317041e-01, -3.102389764051999e-01,  6.758376246421059e-02, -1.087516744994333e-01,  1.541499191950842e-01,  0.000000000000000e+00,  2.602085213965211e-18,  0.000000000000000e+00, -2.274698146843170e-02,  1.116154366049895e-02, -7.682801631865882e-02, -3.525782127607139e-02,  1.210903171356009e-02, -7.869051368393318e-02, -3.923854303303216e-02,  1.183352100309983e-02, -7.543114329461130e-02, -3.544737945493488e-02,  1.138329618356481e-02, -6.937802685733709e-02, -3.146665769794224e-02,  1.093979113745489e-02, -5.820304266548433e-02, -2.521123779412212e-02,  9.763830787913349e-03, -4.097494203642881e-02,  0.000000000000000e+00,  0.000000000000000e+00,  0.000000000000000e+00,  0.000000000000000e+00,  0.000000000000000e+00,  0.000000000000000e+00,  0.000000000000000e+00,  0.000000000000000e+00,  0.000000000000000e+00,  0.000000000000000e+00,  0.000000000000000e+00,  0.000000000000000e+00,  0.000000000000000e+00,  0.000000000000000e+00,  0.000000000000000e+00,  0.000000000000000e+00,  0.000000000000000e+00,  0.000000000000000e+00,  0.000000000000000e+00,  0.000000000000000e+00,  0.000000000000000e+00,  0.000000000000000e+00,  0.000000000000000e+00,  0.000000000000000e+00,  0.000000000000000e+00,  0.000000000000000e+00,  0.000000000000000e+00,  0.000000000000000e+00,  0.000000000000000e+00,  0.000000000000000e+00,  0.000000000000000e+00,  0.000000000000000e+00,  0.000000000000000e+00,  1.211406729502180e-02, -4.911434038052083e-03, -7.142927424088562e-03,  1.345181705764946e-02, -9.060533530755296e-03, -1.108385289959017e-02,  1.412069193896501e-02, -9.735387062699209e-03, -1.373166220343988e-02,  1.330317819513568e-02, -9.060533530751402e-03, -1.354693132179991e-02,  1.218838672628373e-02, -5.886222473079223e-03, -1.077596809687235e-02,  9.141290044728472e-03, -3.007680555953596e-03, -5.295618607566806e-03, -3.597766914248177e-02, -3.065208585386470e-02
  3.490000000000000e+00,  2.236054825657654e+00,  9.308305639341123e-01, -3.115064893483702e-01,  7.199954925092612e-02, -1.084382676912137e-01,  1.526663548831139e-01,  0.000000000000000e+00, -3.469446951953614e-18,  0.000000000000000e+00, -2.352760085709283e-02,  1.035266957234309e-02, -7.612060042204152e-02, -3.646778132849482e-02,  1.123149341924487e-02, -7.796594831103935e-02, -4.058511147847307e-02,  1.097594889639049e-02, -7.473658950521887e-02, -3.666384466893625e-02,  1.055835174928498e-02, -6.873920886586846e-02, -3.254651451893036e-02,  1.014698739541932e-02, -5.766712153171389e-02, -2.607642428322852e-02,  9.056248578344578e-03, -4.059765355826740e-02,  0.000000000000000e+00,  0.000000000000000e+00,  0.000000000000000e+00,  0.000000000000000e+00,  0.000000000000000e+00,  0.000000000000000e+00,  0.000000000000000e+00,  0.000000000000000e+00,  0.000000000000000e+00,  0.000000000000000e+00,  0.000000000000000e+00,  0.000000000000000e+00,  0.000000000000000e+00,  0.000000000000000e+00,  0.000000000000000e+00,  0.000000000000000e+00,  0.000000000000000e+00,  0.000000000000000e+00,  0.000000000000000e+00,  0.000000000000000e+00,  0.000000000000000e+00,  0.000000000000000e+00,  0.000000000000000e+00,  0.000000000000000e+00,  0.000000000000000e+00,  0.000000000000000e+00,  0.000000000000000e+00,  0.000000000000000e+00,  0.000000000000000e+00,  0.000000000000000e+00,  0.000000000000000e+00,  0.000000000000000e+00,  0.000000000000000e+00,  1.205290022948123e-02, -4.659565344959839e-03, -6.760264984381867e-03,  1.338389534683673e-02, -8.595890267417333e-03, -1.049006635519577e-02,  1.404939290551608e-02, -9.236135887333467e-03, -1.299602665120834e-02,  1.323600700046439e-02, -8.595890267413807e-03, -1.282119221197125e-02,  1.212684440267175e-02, -5.584364573725009e-03, -1.019867562314729e-02,  9.095133302016565e-03, -2.853440355434438e-03, -5.011920591913309e-03, -3.413930089276338e-02, -2.900917576157097e-02
