Main.Studies.MarkerTracking.t,Main.HumanModel.BodyModel.Interface.Trunk.PelvisPosX.Pos,Main.HumanModel.BodyModel.Interface.Trunk.PelvisPosY.Pos,Main.HumanModel.BodyModel.Interface.Trunk.PelvisPosZ.Pos,Main.HumanModel.BodyModel.Interface.Trunk.PelvisRotVec.Pos[0],Main.HumanModel.BodyModel.Interface.Trunk.PelvisRotVec.Pos[1],Main.HumanModel.BodyModel.Interface.Trunk.PelvisRotVec.Pos[2],Main.HumanModel.BodyModel.Trunk.Joints.Lumbar.SacrumPelvis.Pos[0],Main.HumanModel.BodyModel.Trunk.Joints.Lumbar.SacrumPelvis.Pos[1],Main.HumanModel.BodyModel.Trunk.Joints.Lumbar.SacrumPelvis.Pos[2],Main.HumanModel.BodyModel.Trunk.Joints.Lumbar.L5Sacrum.Pos[0],Main.HumanModel.BodyModel.Trunk.Joints.Lumbar.L5Sacrum.Pos[1],Main.HumanModel.BodyModel.Trunk.Joints.Lumbar.L5Sacrum.Pos[2],Main.HumanModel.BodyModel.Trunk.Joints.Lumbar.L4L5.Pos[0],Main.HumanModel.BodyModel.Trunk.Joints.Lumbar.L4L5.Pos[1],Main.HumanModel.BodyModel.Trunk.Joints.Lumbar.L4L5.Pos[2],Main.HumanModel.BodyModel.Trunk.Joints.Lumbar.L3L4.Pos[0],Main.HumanModel.BodyModel.Trunk.Joints.Lumbar.L3L4.Pos[1],Main.HumanModel.BodyModel.Trunk.Joints.Lumbar.L3L4.Pos[2],Main.HumanModel.BodyModel.Trunk.Joints.Lumbar.L2L3.Pos[0],Main.HumanModel.BodyModel.Trunk.Joints.Lumbar.L2L3.Pos[1],Main.HumanModel.BodyModel.Trunk.Joints.Lumbar.L2L3.Pos[2],Main.HumanModel.BodyModel.Trunk.Joints.Lumbar.L1L2.Pos[0],Main.HumanModel.BodyModel.Trunk.Joints.Lumbar.L1L2.Pos[1],Main.HumanModel.BodyModel.Trunk.Joints.Lumbar.L1L2.Pos[2],Main.HumanModel.BodyModel.Trunk.Joints.Lumbar.T12L1.Pos[0],Main.HumanModel.BodyModel.Trunk.Joints.Lumbar.T12L1.Pos[1],Main.HumanModel.BodyModel.Trunk.Joints.Lumbar.T12L1.Pos[2],Main.Studies.MarkerTracking.JointAngleOutputs.ZeroVar[0],Main.Studies.MarkerTracking.JointAngleOutputs.ZeroVar[1],Main.Studies.MarkerTracking.JointAngleOutputs.ZeroVar[2],Main.Studies.MarkerTracking.JointAngleOutputs.ZeroVar[0],Main.Studies.MarkerTracking.JointAngleOutputs.ZeroVar[1],Main.Studies.MarkerTracking.JointAngleOutputs.ZeroVar[2],Main.Studies.MarkerTracking.JointAngleOutputs.ZeroVar[0],Main.Studies.MarkerTracking.JointAngleOutputs.ZeroVar[1],Main.Studies.MarkerTracking.JointAngleOutputs.ZeroVar[2],Main.Studies.MarkerTracking.JointAngleOutputs.ZeroVar[0],Main.Studies.MarkerTracking.JointAngleOutputs.ZeroVar[1],Main.Studies.MarkerTracking.JointAngleOutputs.ZeroVar[2],Main.Studies.MarkerTracking.JointAngleOutputs.ZeroVar[0],Main.Studies.MarkerTracking.JointAngleOutputs.ZeroVar[1],Main.Studies.MarkerTracking.JointAngleOutputs.ZeroVar[2],Main.Studies.MarkerTracking.JointAngleOutputs.ZeroVar[0],Main.Studies.MarkerTracking.JointAngleOutputs.ZeroVar[1],Main.Studies.MarkerTracking.JointAngleOutputs.ZeroVar[2],Main.Studies.MarkerTracking.JointAngleOutputs.ZeroVar[0],Main.Studies.MarkerTracking.JointAngleOutputs.ZeroVar[1],Main.Studies.MarkerTracking.JointAngleOutputs.ZeroVar[2],Main.Studies.MarkerTracking.JointAngleOutputs.ZeroVar[0],Main.Studies.MarkerTracking.JointAngleOutputs.ZeroVar[1],Main.Studies.MarkerTracking.JointAngleOutputs.ZeroVar[2],Main.Studies.MarkerTracking.JointAngleOutputs.ZeroVar[0],Main.Studies.MarkerTracking.JointAngleOutputs.ZeroVar[1],Main.Studies.MarkerTracking.JointAngleOutputs.ZeroVar[2],Main.Studies.MarkerTracking.JointAngleOutputs.ZeroVar[0],Main.Studies.MarkerTracking.JointAngleOutputs.ZeroVar[1],Main.Studies.MarkerTracking.JointAngleOutputs.ZeroVar[2],Main.Studies.MarkerTracking.JointAngleOutputs.ZeroVar[0],Main.Studies.MarkerTracking.JointAngleOutputs.ZeroVar[1],Main.Studies.MarkerTracking.JointAngleOutputs.ZeroVar[2],Main.HumanModel.BodyModel.Trunk.Joints.Cervical.T1C7.Pos[0],Main.HumanModel.BodyModel.Trunk.Joints.Cervical.T1C7.Pos[1],Main.HumanModel.BodyModel.Trunk.Joints.Cervical.T1C7.Pos[2],Main.HumanModel.BodyModel.Trunk.Joints.Cervical.C7C6.Pos[0],Main.HumanModel.BodyModel.Trunk.Joints.Cervical.C7C6.Pos[1],Main.HumanModel.BodyModel.Trunk.Joints.Cervical.C7C6.Pos[2],Main.HumanModel.BodyModel.Trunk.Joints.Cervical.C6C5.Pos[0],Main.HumanModel.BodyModel.Trunk.Joints.Cervical.C6C5.Pos[1],Main.HumanModel.BodyModel.Trunk.Joints.Cervical.C6C5.Pos[2],Main.HumanModel.BodyModel.Trunk.Joints.Cervical.C5C4.Pos[0],Main.HumanModel.BodyModel.Trunk.Joints.Cervical.C5C4.Pos[1],Main.HumanModel.BodyModel.Trunk.Joints.Cervical.C5C4.Pos[2],Main.HumanModel.BodyModel.Trunk.Joints.Cervical.C4C3.Pos[0],Main.HumanModel.BodyModel.Trunk.Joints.Cervical.C4C3.Pos[1],Main.HumanModel.BodyModel.Trunk.Joints.Cervical.C4C3.Pos[2],Main.HumanModel.BodyModel.Trunk.Joints.Cervical.C3C2.Pos[0],Main.HumanModel.BodyModel.Trunk.Joints.Cervical.C3C2.Pos[1],Main.HumanModel.BodyModel.Trunk.Joints.Cervical.C3C2.Pos[2],Main.HumanModel.BodyModel.Trunk.Joints.Cervical.C2C1.Pos,Main.HumanModel.BodyModel.Trunk.Joints.Cervical.C1C0.Pos
  1.600000000000000e+00, -3.272444551609160e-02,  8.824861346818034e-01, -3.245091677109874e-01,  3.518968514775891e-02,  1.139454295873955e-01,  1.337601824317490e-01,  0.000000000000000e+00, -4.336808689942018e-18,  0.000000000000000e+00, -5.711984296019341e-05, -2.628450569146571e-02, -7.039800110496278e-02, -8.853575654909838e-05, -2.851576114148890e-02, -7.210461931355655e-02, -9.853172904868311e-05, -2.786695636524133e-02, -6.911803744849261e-02, -8.901175522599190e-05, -2.680671441381296e-02, -6.357152827052599e-02, -7.901578270974938e-05, -2.576229696911838e-02, -5.333181901889283e-02, -6.330782590060947e-05, -2.299300829000234e-02, -3.754560058929313e-02,  0.000000000000000e+00,  0.000000000000000e+00,  0.000000000000000e+00,  0.000000000000000e+00,  0.000000000000000e+00,  0.000000000000000e+00,  0.000000000000000e+00,  0.000000000000000e+00,  0.000000000000000e+00,  0.000000000000000e+00,  0.000000000000000e+00,  0.000000000000000e+00,  0.000000000000000e+00,  0.000000000000000e+00,  0.000000000000000e+00,  0.000000000000000e+00,  0.000000000000000e+00,  0.000000000000000e+00,  0.000000000000000e+00,  0.000000000000000e+00,  0.000000000000000e+00,  0.000000000000000e+00,  0.000000000000000e+00,  0.000000000000000e+00,  0.000000000000000e+00,  0.000000000000000e+00,  0.000000000000000e+00,  0.000000000000000e+00,  0.000000000000000e+00,  0.000000000000000e+00,  0.000000000000000e+00,  0.000000000000000e+00,  0.000000000000000e+00,  2.070078218313379e-02, -8.797833918938354e-03,  5.663265964557917e-03,  2.298675812973550e-02, -1.623010074103927e-02,  8.787826496698096e-03,  2.412974610303658e-02, -1.743896341692225e-02,  1.088714060423124e-02,  2.273276080233467e-02, -1.623010074103658e-02,  1.074067682928381e-02,  2.082778084683322e-02, -1.054396889521101e-02,  8.543720205118363e-03,  1.562083563512653e-02, -5.387647234495904e-03,  4.198628215099393e-03, -6.756001528591236e-02,  2.177307558303250e-02
  1.610000000000000e+00, -1.903997497531856e-02,  8.822293824916840e-01, -3.236923868744795e-01,  2.728495352886822e-02,  1.166670899916397e-01,  1.312311701711225e-01, -3.469446951953614e-18, -1.084202172485504e-18,  0.000000000000000e+00,  1.425246445541470e-03, -2.654377798565028e-02, -6.957930747837009e-02,  2.209132051540326e-03, -2.879704272108938e-02, -7.126607857073919e-02,  2.458550205536417e-03, -2.814183809729057e-02, -6.831422916043245e-02,  2.221009118955710e-03, -2.707113784687537e-02, -6.283222310985986e-02,  1.971590987920094e-03, -2.601641819447064e-02, -5.271159656302410e-02,  1.579648213290040e-03, -2.321981304398413e-02, -3.710896397532528e-02,  0.000000000000000e+00,  0.000000000000000e+00,  0.000000000000000e+00,  0.000000000000000e+00,  0.000000000000000e+00,  0.000000000000000e+00,  0.000000000000000e+00,  0.000000000000000e+00,  0.000000000000000e+00,  0.000000000000000e+00,  0.000000000000000e+00,  0.000000000000000e+00,  0.000000000000000e+00,  0.000000000000000e+00,  0.000000000000000e+00,  0.000000000000000e+00,  0.000000000000000e+00,  0.000000000000000e+00,  0.000000000000000e+00,  0.000000000000000e+00,  0.000000000000000e+00,  0.000000000000000e+00,  0.000000000000000e+00,  0.000000000000000e+00,  0.000000000000000e+00,  0.000000000000000e+00,  0.000000000000000e+00,  0.000000000000000e+00,  0.000000000000000e+00,  0.000000000000000e+00,  0.000000000000000e+00,  0.000000000000000e+00,  0.000000000000000e+00,  2.026373496946460e-02, -8.683824438368222e-03,  5.920588223081797e-03,  2.250144803356671e-02, -1.601977790029233e-02,  9.187119619858899e-03,  2.362030456955540e-02, -1.721297514888322e-02,  1.138182040674330e-02,  2.225281325491354e-02, -1.601977789720826e-02,  1.122870174439855e-02,  2.038805236824919e-02, -1.040733157135195e-02,  8.931921845135235e-03,  1.529103927511930e-02, -5.317829719172980e-03,  4.389401601993901e-03, -6.674380371876389e-02,  2.292091158527779e-02
  1.620000000000000e+00, -5.209091562017654e-03,  8.823090366390791e-01, -3.227439324678328e-01,  1.872524623848525e-02,  1.184828219114526e-01,  1.287859014402819e-01,  0.000000000000000e+00,  5.637851296924622e-18,  0.000000000000000e+00,  2.969554901585662e-03, -2.674012741991935e-02, -6.876243722938893e-02,  4.602810157468729e-03, -2.901005998873421e-02, -7.042940540650598e-02,  5.122482290893219e-03, -2.835000869033232e-02, -6.751221109792042e-02,  4.627556461782551e-03, -2.727138826399104e-02, -6.209456452209825e-02,  4.107884350893707e-03, -2.620886664718696e-02, -5.209275546648601e-02,  3.291256750850745e-03, -2.339157447003064e-02, -3.667329984391079e-02,  0.000000000000000e+00,  0.000000000000000e+00,  0.000000000000000e+00,  0.000000000000000e+00,  0.000000000000000e+00,  0.000000000000000e+00,  0.000000000000000e+00,  0.000000000000000e+00,  0.000000000000000e+00,  0.000000000000000e+00,  0.000000000000000e+00,  0.000000000000000e+00,  0.000000000000000e+00,  0.000000000000000e+00,  0.000000000000000e+00,  0.000000000000000e+00,  0.000000000000000e+00,  0.000000000000000e+00,  0.000000000000000e+00,  0.000000000000000e+00,  0.000000000000000e+00,  0.000000000000000e+00,  0.000000000000000e+00,  0.000000000000000e+00,  0.000000000000000e+00,  0.000000000000000e+00,  0.000000000000000e+00,  0.000000000000000e+00,  0.000000000000000e+00,  0.000000000000000e+00,  0.000000000000000e+00,  0.000000000000000e+00,  0.000000000000000e+00,  1.974888752318852e-02, -8.535586577977259e-03,  6.167629471113573e-03,  2.192974626840657e-02, -1.574631110962332e-02,  9.570459490526052e-03,  2.302017564487277e-02, -1.691913979744829e-02,  1.185673591416308e-02,  2.168742863622495e-02, -1.574631110691901e-02,  1.169722825415924e-02,  1.987004634848218e-02, -1.022967245671690e-02,  9.304613386673473e-03,  1.490253475991862e-02, -5.227051318039383e-03,  4.572552872969504e-03, -6.566026402388465e-02,  2.403982917849970e-02
  1.630000000000000e+00,  8.743079948618379e-03,  8.827341228204313e-01, -3.216755720412964e-01,  9.802171788291181e-03,  1.194252925585156e-01,  1.265982915336823e-01, -3.469446951953614e-18, -2.168404344971009e-18,  0.000000000000000e+00,  4.529891539226063e-03, -2.686745583929240e-02, -6.799266683440096e-02,  7.021331943972147e-03, -2.914819714176258e-02, -6.964097391064325e-02,  7.814062988269161e-03, -2.848500287790998e-02, -6.675643652793602e-02,  7.059081053263753e-03, -2.740124638629045e-02, -6.139943852916002e-02,  6.266350030774060e-03, -2.633366536192651e-02, -5.150959607677218e-02,  5.020629855375796e-03, -2.350295808942349e-02, -3.626275563381287e-02,  0.000000000000000e+00,  0.000000000000000e+00,  0.000000000000000e+00,  0.000000000000000e+00,  0.000000000000000e+00,  0.000000000000000e+00,  0.000000000000000e+00,  0.000000000000000e+00,  0.000000000000000e+00,  0.000000000000000e+00,  0.000000000000000e+00,  0.000000000000000e+00,  0.000000000000000e+00,  0.000000000000000e+00,  0.000000000000000e+00,  0.000000000000000e+00,  0.000000000000000e+00,  0.000000000000000e+00,  0.000000000000000e+00,  0.000000000000000e+00,  0.000000000000000e+00,  0.000000000000000e+00,  0.000000000000000e+00,  0.000000000000000e+00,  0.000000000000000e+00,  0.000000000000000e+00,  0.000000000000000e+00,  0.000000000000000e+00,  0.000000000000000e+00,  0.000000000000000e+00,  0.000000000000000e+00,  0.000000000000000e+00,  0.000000000000000e+00,  1.918066995912241e-02, -8.362382954818743e-03,  6.403386854196843e-03,  2.129878075272453e-02, -1.542678788646761e-02,  9.936289915079206e-03,  2.235783615326941e-02, -1.657581760335944e-02,  1.230995916317029e-02,  2.106343511503420e-02, -1.542678788408610e-02,  1.214435432957674e-02,  1.929834278686543e-02, -1.002209254241148e-02,  9.660281855486509e-03,  1.447375708846026e-02, -5.120984298827409e-03,  4.747338519778007e-03, -6.437954581448592e-02,  2.512040664303166e-02
  1.640000000000000e+00,  2.278468061485955e-02,  8.835041932079870e-01, -3.205027996069698e-01,  8.129963525511789e-04,  1.195747839297189e-01,  1.248210046754364e-01,  8.673617379884035e-19,  6.749158523722265e-18,  0.000000000000000e+00,  6.060493300771251e-03, -2.691916127600520e-02, -6.731112462179840e-02,  9.393764671770385e-03, -2.920429178043223e-02, -6.894290946201760e-02,  1.045435102331587e-02, -2.853982122276537e-02, -6.608728599122321e-02,  9.444268795275042e-03, -2.745397908108193e-02, -6.078398525803636e-02,  8.383682464525364e-03, -2.638434353587073e-02, -5.099327621856343e-02,  6.717046804700020e-03, -2.354818867092121e-02, -3.589926645363779e-02,  0.000000000000000e+00,  0.000000000000000e+00,  0.000000000000000e+00,  0.000000000000000e+00,  0.000000000000000e+00,  0.000000000000000e+00,  0.000000000000000e+00,  0.000000000000000e+00,  0.000000000000000e+00,  0.000000000000000e+00,  0.000000000000000e+00,  0.000000000000000e+00,  0.000000000000000e+00,  0.000000000000000e+00,  0.000000000000000e+00,  0.000000000000000e+00,  0.000000000000000e+00,  0.000000000000000e+00,  0.000000000000000e+00,  0.000000000000000e+00,  0.000000000000000e+00,  0.000000000000000e+00,  0.000000000000000e+00,  0.000000000000000e+00,  0.000000000000000e+00,  0.000000000000000e+00,  0.000000000000000e+00,  0.000000000000000e+00,  0.000000000000000e+00,  0.000000000000000e+00,  0.000000000000000e+00,  0.000000000000000e+00,  0.000000000000000e+00,  1.858559087320274e-02, -8.176196862783347e-03,  6.629226057155888e-03,  2.063798741210117e-02, -1.508331481626155e-02,  1.028673005955818e-02,  2.166418568515406e-02, -1.620676171151716e-02,  1.274411556500470e-02,  2.040994335810066e-02, -1.508331481413940e-02,  1.257267006245446e-02,  1.869961290878789e-02, -9.798953485994025e-03,  1.000098755187697e-02,  1.402470967976055e-02, -5.006967031492319e-03,  4.914771032873048e-03, -6.299338528869822e-02,  2.616266731813092e-02
  1.650000000000000e+00,  3.687716937768983e-02,  8.846070796352835e-01, -3.192438620830743e-01, -7.968215893022407e-03,  1.190560445894871e-01,  1.235518614127670e-01, -8.673617379884035e-19, -8.131516293641283e-18,  0.000000000000000e+00,  7.520363750257471e-03, -2.689013399325688e-02, -6.674686771773243e-02,  1.165656386533888e-02, -2.917280040968712e-02, -6.836497360207557e-02,  1.297262754427437e-02, -2.850904635832560e-02, -6.553328830273950e-02,  1.171923357530437e-02, -2.742437509403458e-02, -6.027444417436174e-02,  1.040316991592529e-02, -2.635589295061203e-02, -5.056580886643085e-02,  8.335069882507174e-03, -2.352279634883627e-02, -3.559832943754142e-02,  0.000000000000000e+00,  0.000000000000000e+00,  0.000000000000000e+00,  0.000000000000000e+00,  0.000000000000000e+00,  0.000000000000000e+00,  0.000000000000000e+00,  0.000000000000000e+00,  0.000000000000000e+00,  0.000000000000000e+00,  0.000000000000000e+00,  0.000000000000000e+00,  0.000000000000000e+00,  0.000000000000000e+00,  0.000000000000000e+00,  0.000000000000000e+00,  0.000000000000000e+00,  0.000000000000000e+00,  0.000000000000000e+00,  0.000000000000000e+00,  0.000000000000000e+00,  0.000000000000000e+00,  0.000000000000000e+00,  0.000000000000000e+00,  0.000000000000000e+00,  0.000000000000000e+00,  0.000000000000000e+00,  0.000000000000000e+00,  0.000000000000000e+00,  0.000000000000000e+00,  0.000000000000000e+00,  0.000000000000000e+00,  0.000000000000000e+00,  1.798792814128999e-02, -7.990262573872867e-03,  6.848353739164034e-03,  1.997432511484972e-02, -1.474030626845530e-02,  1.062675577441667e-02,  2.096752360507670e-02, -1.583820494095889e-02,  1.316536964551561e-02,  1.975361434571265e-02, -1.474030626653256e-02,  1.298825704780367e-02,  1.809828353415437e-02, -9.576116208864361e-03,  1.033156810823907e-02,  1.357371264871748e-02, -4.893103964190197e-03,  5.077227763026180e-03, -6.160360097182424e-02,  2.717477308458022e-02
  1.660000000000000e+00,  5.097626559021469e-02,  8.860179517211911e-01, -3.179182584918857e-01, -1.631716965361938e-02,  1.180262288055214e-01,  1.228140925205952e-01,  0.000000000000000e+00, -6.288372600415926e-18,  0.000000000000000e+00,  8.877303665996965e-03, -2.677745409901955e-02, -6.631224840022928e-02,  1.375982073126289e-02, -2.905055527228680e-02, -6.791981805810522e-02,  1.531334889399791e-02, -2.838958260191661e-02, -6.510657115380170e-02,  1.383379827308430e-02, -2.730945652262396e-02, -5.988196975968454e-02,  1.228027012850058e-02, -2.624545172583753e-02, -5.023655180695874e-02,  9.839011618304241e-03, -2.342422687739940e-02, -3.536653246734069e-02,  0.000000000000000e+00,  0.000000000000000e+00,  0.000000000000000e+00,  0.000000000000000e+00,  0.000000000000000e+00,  0.000000000000000e+00,  0.000000000000000e+00,  0.000000000000000e+00,  0.000000000000000e+00,  0.000000000000000e+00,  0.000000000000000e+00,  0.000000000000000e+00,  0.000000000000000e+00,  0.000000000000000e+00,  0.000000000000000e+00,  0.000000000000000e+00,  0.000000000000000e+00,  0.000000000000000e+00,  0.000000000000000e+00,  0.000000000000000e+00,  0.000000000000000e+00,  0.000000000000000e+00,  0.000000000000000e+00,  0.000000000000000e+00,  0.000000000000000e+00,  0.000000000000000e+00,  0.000000000000000e+00,  0.000000000000000e+00,  0.000000000000000e+00,  0.000000000000000e+00,  0.000000000000000e+00,  0.000000000000000e+00,  0.000000000000000e+00,  1.740632396241170e-02, -7.817520080116385e-03,  7.065174407874418e-03,  1.932849470775728e-02, -1.442163372957689e-02,  1.096320164056421e-02,  2.028958008371431e-02, -1.549579679238391e-02,  1.358218869108079e-02,  1.911492018603212e-02, -1.442163372780192e-02,  1.339946866232754e-02,  1.751311123131861e-02, -9.369088945736863e-03,  1.065866825603455e-02,  1.313483342157197e-02, -4.787319332916788e-03,  5.237974121105172e-03, -6.030996537838208e-02,  2.817100003141361e-02
  1.670000000000000e+00,  6.503409911681532e-02,  8.877000856806537e-01, -3.165456164557902e-01, -2.407750485508125e-02,  1.166579427659474e-01,  1.225554846095038e-01,  0.000000000000000e+00, -4.770489558936220e-18,  0.000000000000000e+00,  1.011066713213419e-02, -2.658071043047578e-02, -6.600245165698562e-02,  1.567153410009879e-02, -2.883711030271977e-02, -6.760251109029210e-02,  1.744090086781826e-02, -2.818099403728288e-02, -6.480240707789071e-02,  1.575578966988440e-02, -2.710880403575325e-02, -5.960221391211148e-02,  1.398642291879558e-02, -2.605261686804607e-02, -5.000185730370856e-02,  1.120598945550376e-02, -2.325212058241862e-02, -3.520130753664329e-02,  0.000000000000000e+00,  0.000000000000000e+00,  0.000000000000000e+00,  0.000000000000000e+00,  0.000000000000000e+00,  0.000000000000000e+00,  0.000000000000000e+00,  0.000000000000000e+00,  0.000000000000000e+00,  0.000000000000000e+00,  0.000000000000000e+00,  0.000000000000000e+00,  0.000000000000000e+00,  0.000000000000000e+00,  0.000000000000000e+00,  0.000000000000000e+00,  0.000000000000000e+00,  0.000000000000000e+00,  0.000000000000000e+00,  0.000000000000000e+00,  0.000000000000000e+00,  0.000000000000000e+00,  0.000000000000000e+00,  0.000000000000000e+00,  0.000000000000000e+00,  0.000000000000000e+00,  0.000000000000000e+00,  0.000000000000000e+00,  0.000000000000000e+00,  0.000000000000000e+00,  0.000000000000000e+00,  0.000000000000000e+00,  0.000000000000000e+00,  1.685133993562377e-02, -7.669065527678022e-03,  7.284542602240698e-03,  1.871222410143594e-02, -1.414776718933082e-02,  1.130360056338304e-02,  1.964266618746212e-02, -1.520153191680285e-02,  1.400390513452057e-02,  1.850545919949963e-02, -1.414776718766370e-02,  1.381551179043182e-02,  1.695472239441615e-02, -9.191170131325347e-03,  1.098961165330267e-02,  1.271604179391048e-02, -4.696408233118431e-03,  5.400609161884152e-03, -5.919804834026578e-02,  2.916903025643531e-02
  1.680000000000000e+00,  7.900256648991300e-02,  8.896077271488718e-01, -3.151451092122010e-01, -3.116971781878267e-02,  1.151182697751798e-01,  1.226662170124433e-01,  0.000000000000000e+00, -2.168404344971009e-19,  0.000000000000000e+00,  1.121270641670102e-02, -2.630189523167085e-02, -6.579904339658033e-02,  1.737969498735381e-02, -2.853462686409013e-02, -6.739417172017838e-02,  1.934191862817891e-02, -2.788539285120824e-02, -6.460269714894118e-02,  1.747313421680202e-02, -2.682444945877614e-02, -5.941853008856350e-02,  1.551091059100251e-02, -2.577934104057016e-02, -4.984776013602431e-02,  1.242741632458795e-02, -2.300822022789756e-02, -3.509282313016480e-02,  0.000000000000000e+00,  0.000000000000000e+00,  0.000000000000000e+00,  0.000000000000000e+00,  0.000000000000000e+00,  0.000000000000000e+00,  0.000000000000000e+00,  0.000000000000000e+00,  0.000000000000000e+00,  0.000000000000000e+00,  0.000000000000000e+00,  0.000000000000000e+00,  0.000000000000000e+00,  0.000000000000000e+00,  0.000000000000000e+00,  0.000000000000000e+00,  0.000000000000000e+00,  0.000000000000000e+00,  0.000000000000000e+00,  0.000000000000000e+00,  0.000000000000000e+00,  0.000000000000000e+00,  0.000000000000000e+00,  0.000000000000000e+00,  0.000000000000000e+00,  0.000000000000000e+00,  0.000000000000000e+00,  0.000000000000000e+00,  0.000000000000000e+00,  0.000000000000000e+00,  0.000000000000000e+00,  0.000000000000000e+00,  0.000000000000000e+00,  1.632408087036077e-02, -7.552786077839260e-03,  7.510941896589834e-03,  1.812674010881286e-02, -1.393325675438162e-02,  1.165490981352514e-02,  1.902806973099287e-02, -1.497104415296877e-02,  1.443913826118987e-02,  1.792644464308810e-02, -1.393325675279609e-02,  1.424488976296944e-02,  1.642422861083518e-02, -9.051812317706779e-03,  1.133116231320629e-02,  1.231817145626766e-02, -4.625200631252172e-03,  5.568456914645773e-03, -5.832850687403780e-02,  3.018670233329230e-02
  1.690000000000000e+00,  9.283772042479618e-02,  8.916908619276214e-01, -3.137352314208625e-01, -3.758862600002320e-02,  1.135468182787307e-01,  1.230115730772217e-01,  0.000000000000000e+00, -6.071532165918825e-18,  0.000000000000000e+00,  1.218802491877989e-02, -2.594435704599745e-02, -6.567658932584480e-02,  1.889143866162668e-02, -2.814673775309650e-02, -6.726874906567737e-02,  2.102434303853920e-02, -2.750632918522412e-02, -6.448246951550435e-02,  1.899300554412557e-02, -2.645980786254061e-02, -5.930795035162909e-02,  1.686010118057084e-02, -2.542890625954649e-02, -4.975499190008417e-02,  1.350839432625049e-02, -2.269545503338844e-02, -3.502751429166815e-02,  0.000000000000000e+00,  0.000000000000000e+00,  0.000000000000000e+00,  0.000000000000000e+00,  0.000000000000000e+00,  0.000000000000000e+00,  0.000000000000000e+00,  0.000000000000000e+00,  0.000000000000000e+00,  0.000000000000000e+00,  0.000000000000000e+00,  0.000000000000000e+00,  0.000000000000000e+00,  0.000000000000000e+00,  0.000000000000000e+00,  0.000000000000000e+00,  0.000000000000000e+00,  0.000000000000000e+00,  0.000000000000000e+00,  0.000000000000000e+00,  0.000000000000000e+00,  0.000000000000000e+00,  0.000000000000000e+00,  0.000000000000000e+00,  0.000000000000000e+00,  0.000000000000000e+00,  0.000000000000000e+00,  0.000000000000000e+00,  0.000000000000000e+00,  0.000000000000000e+00,  0.000000000000000e+00,  0.000000000000000e+00,  0.000000000000000e+00,  1.581656233611311e-02, -7.472561489826682e-03,  7.747687900343392e-03,  1.756317658312007e-02, -1.378525974135924e-02,  1.202227430231669e-02,  1.843648370940397e-02, -1.481202391420509e-02,  1.489426204461228e-02,  1.736910833848476e-02, -1.378525973984233e-02,  1.469389080494853e-02,  1.591359646580649e-02, -8.955665292670723e-03,  1.168832223289369e-02,  1.193519734756502e-02, -4.576072427381375e-03,  5.743975503658637e-03, -5.773079666488098e-02,  3.123857982929407e-02
  1.700000000000000e+00,  1.065045071665822e-01,  8.939008791662586e-01, -3.123336456155704e-01, -4.338639253369038e-02,  1.120386581155308e-01,  1.234718110139559e-01, -8.673617379884034e-19, -1.127570259384924e-17,  1.387778780781445e-17,  1.305054568322970e-02, -2.551097278361486e-02, -6.561070680609192e-02,  2.022834584249041e-02, -2.767656409682888e-02, -6.720126939382645e-02,  2.251219135135449e-02, -2.704685315298425e-02, -6.441778485960394e-02,  2.033710039684300e-02, -2.601781331435457e-02, -5.924845643974196e-02,  1.805325489963654e-02, -2.500413227796786e-02, -4.970508089998463e-02,  1.446435483527874e-02, -2.231634164575285e-02, -3.499237694728451e-02,  0.000000000000000e+00,  0.000000000000000e+00,  0.000000000000000e+00,  0.000000000000000e+00,  0.000000000000000e+00,  0.000000000000000e+00,  0.000000000000000e+00,  0.000000000000000e+00,  0.000000000000000e+00,  0.000000000000000e+00,  0.000000000000000e+00,  0.000000000000000e+00,  0.000000000000000e+00,  0.000000000000000e+00,  0.000000000000000e+00,  0.000000000000000e+00,  0.000000000000000e+00,  0.000000000000000e+00,  0.000000000000000e+00,  0.000000000000000e+00,  0.000000000000000e+00,  0.000000000000000e+00,  0.000000000000000e+00,  0.000000000000000e+00,  0.000000000000000e+00,  0.000000000000000e+00,  0.000000000000000e+00,  0.000000000000000e+00,  0.000000000000000e+00,  0.000000000000000e+00,  0.000000000000000e+00,  0.000000000000000e+00,  0.000000000000000e+00,  1.531440263512515e-02, -7.428295833194288e-03,  7.996368246879704e-03,  1.700556366365357e-02, -1.370359917933742e-02,  1.240815759893650e-02,  1.785114418051260e-02, -1.472428104830913e-02,  1.537232857330931e-02,  1.681765688751943e-02, -1.370359917788827e-02,  1.516552594540984e-02,  1.540835603027906e-02, -8.902614086156153e-03,  1.206348654908546e-02,  1.155626702101292e-02, -4.548964875306923e-03,  5.928341967499863e-03, -5.740340428657646e-02,  3.233321089400874e-02
  1.710000000000000e+00,  1.199804407361180e-01,  8.961956297593520e-01, -3.109567663875364e-01, -4.864422786072711e-02,  1.106365084959689e-01,  1.239765868403216e-01,  0.000000000000000e+00,  4.770489558936220e-18,  0.000000000000000e+00,  1.381849351941142e-02, -2.500267292423908e-02, -6.558508702840647e-02,  2.141866498456251e-02, -2.712511536210581e-02, -6.717502853063179e-02,  2.383690136294025e-02, -2.650795125340546e-02, -6.439263089611189e-02,  2.153381910303952e-02, -2.549941478024292e-02, -5.922532100425727e-02,  1.911558273464097e-02, -2.450593108915511e-02, -4.968567197749609e-02,  1.531549701552373e-02, -2.187169402462895e-02, -3.497871306565441e-02,  0.000000000000000e+00,  0.000000000000000e+00,  0.000000000000000e+00,  0.000000000000000e+00,  0.000000000000000e+00,  0.000000000000000e+00,  0.000000000000000e+00,  0.000000000000000e+00,  0.000000000000000e+00,  0.000000000000000e+00,  0.000000000000000e+00,  0.000000000000000e+00,  0.000000000000000e+00,  0.000000000000000e+00,  0.000000000000000e+00,  0.000000000000000e+00,  0.000000000000000e+00,  0.000000000000000e+00,  0.000000000000000e+00,  0.000000000000000e+00,  0.000000000000000e+00,  0.000000000000000e+00,  0.000000000000000e+00,  0.000000000000000e+00,  0.000000000000000e+00,  0.000000000000000e+00,  0.000000000000000e+00,  0.000000000000000e+00,  0.000000000000000e+00,  0.000000000000000e+00,  0.000000000000000e+00,  0.000000000000000e+00,  0.000000000000000e+00,  1.480113330905022e-02, -7.416661797420937e-03,  8.256643281065833e-03,  1.643561428930160e-02, -1.368213690005084e-02,  1.281203265242786e-02,  1.725285478182371e-02, -1.470122019931481e-02,  1.587268488973653e-02,  1.625400529604700e-02, -1.368213689867741e-02,  1.565915101099405e-02,  1.489193781240765e-02, -8.888671005412466e-03,  1.245614285114377e-02,  1.116895335772451e-02, -4.541840385388050e-03,  6.121304492912248e-03, -5.731971450114934e-02,  3.347171383121825e-02
  1.720000000000000e+00,  1.332568468223405e-01,  8.985423929520351e-01, -3.096190718812088e-01, -5.344090794650780e-02,  1.093328080893524e-01,  1.245197811365625e-01,  0.000000000000000e+00,  6.071532165918825e-18,  0.000000000000000e+00,  1.450887836065572e-02, -2.441805045024600e-02, -6.559464871951073e-02,  2.248876148468574e-02, -2.649086509147005e-02, -6.718482202040675e-02,  2.502781520856193e-02, -2.588813175973981e-02, -6.440201873850183e-02,  2.260966880907321e-02, -2.490317728854245e-02, -5.923395550140523e-02,  2.007061509359953e-02, -2.393292362943315e-02, -4.969291568316062e-02,  1.608067354331726e-02, -2.136028134721300e-02, -3.498381263437390e-02,  0.000000000000000e+00,  0.000000000000000e+00,  0.000000000000000e+00,  0.000000000000000e+00,  0.000000000000000e+00,  0.000000000000000e+00,  0.000000000000000e+00,  0.000000000000000e+00,  0.000000000000000e+00,  0.000000000000000e+00,  0.000000000000000e+00,  0.000000000000000e+00,  0.000000000000000e+00,  0.000000000000000e+00,  0.000000000000000e+00,  0.000000000000000e+00,  0.000000000000000e+00,  0.000000000000000e+00,  0.000000000000000e+00,  0.000000000000000e+00,  0.000000000000000e+00,  0.000000000000000e+00,  0.000000000000000e+00,  0.000000000000000e+00,  0.000000000000000e+00,  0.000000000000000e+00,  0.000000000000000e+00,  0.000000000000000e+00,  0.000000000000000e+00,  0.000000000000000e+00,  0.000000000000000e+00,  0.000000000000000e+00,  0.000000000000000e+00,  1.426259446081926e-02, -7.432292351357186e-03,  8.526307399367491e-03,  1.583760489338143e-02, -1.371097189183044e-02,  1.323047697461811e-02,  1.662511011185388e-02, -1.473220290089321e-02,  1.639109091134303e-02,  1.566260373845840e-02, -1.371097189054617e-02,  1.617058296062198e-02,  1.435009504459080e-02, -8.907403807005044e-03,  1.286296372002332e-02,  1.076257128199006e-02, -4.551412276974288e-03,  6.321227891091657e-03, -5.743739061036152e-02,  3.464742929236779e-02
  1.730000000000000e+00,  1.463373430547020e-01,  9.009179064765147e-01, -3.083323486729554e-01, -5.782650205907019e-02,  1.080794901304164e-01,  1.251483610376100e-01, -8.673617379884034e-19, -1.864827736675067e-17,  1.387778780781445e-17,  1.513299659310266e-02, -2.375398428567859e-02, -6.564350821988003e-02,  2.345614474159023e-02, -2.577042726508455e-02, -6.723486599366318e-02,  2.610441915462581e-02, -2.518408569254870e-02, -6.444998988463907e-02,  2.358225305029835e-02, -2.422591775512228e-02, -5.927807711131974e-02,  2.093397864428032e-02, -2.328205083093826e-02, -4.972993045668251e-02,  1.677240458022307e-02, -2.077937337664308e-02, -3.500987103498868e-02,  0.000000000000000e+00,  0.000000000000000e+00,  0.000000000000000e+00,  0.000000000000000e+00,  0.000000000000000e+00,  0.000000000000000e+00,  0.000000000000000e+00,  0.000000000000000e+00,  0.000000000000000e+00,  0.000000000000000e+00,  0.000000000000000e+00,  0.000000000000000e+00,  0.000000000000000e+00,  0.000000000000000e+00,  0.000000000000000e+00,  0.000000000000000e+00,  0.000000000000000e+00,  0.000000000000000e+00,  0.000000000000000e+00,  0.000000000000000e+00,  0.000000000000000e+00,  0.000000000000000e+00,  0.000000000000000e+00,  0.000000000000000e+00,  0.000000000000000e+00,  0.000000000000000e+00,  0.000000000000000e+00,  0.000000000000000e+00,  0.000000000000000e+00,  0.000000000000000e+00,  0.000000000000000e+00,  0.000000000000000e+00,  0.000000000000000e+00,  1.369017616357487e-02, -7.469031070057692e-03,  8.801492230125895e-03,  1.520197475957168e-02, -1.377874688218290e-02,  1.365748791985683e-02,  1.595787405956097e-02, -1.480502595956569e-02,  1.692011002713566e-02,  1.503399714172234e-02, -1.377874688100306e-02,  1.669248522739510e-02,  1.377416497834674e-02, -8.951434180118288e-03,  1.327811325023976e-02,  1.033062373243698e-02, -4.573910457772052e-03,  6.525244231340104e-03, -5.770821253663420e-02,  3.584627826892724e-02
  1.740000000000000e+00,  1.592343139418509e-01,  9.033058846741476e-01, -3.071050128466199e-01, -6.180895158030431e-02,  1.068021893771266e-01,  1.259327220005513e-01,  0.000000000000000e+00, -4.336808689942018e-19,  0.000000000000000e+00,  1.569417629324003e-02, -2.300693866124545e-02, -6.573942227651455e-02,  2.432597327400959e-02, -2.495996596703742e-02, -6.733310523971668e-02,  2.707245413333369e-02, -2.439206441257699e-02, -6.454416004969875e-02,  2.445675807947472e-02, -2.346403016357776e-02, -5.936469041152712e-02,  2.171027722604797e-02, -2.254984717141321e-02, -4.980259262147165e-02,  1.739437874456189e-02, -2.012587711301496e-02, -3.506102519915727e-02,  0.000000000000000e+00,  0.000000000000000e+00,  0.000000000000000e+00,  0.000000000000000e+00,  0.000000000000000e+00,  0.000000000000000e+00,  0.000000000000000e+00,  0.000000000000000e+00,  0.000000000000000e+00,  0.000000000000000e+00,  0.000000000000000e+00,  0.000000000000000e+00,  0.000000000000000e+00,  0.000000000000000e+00,  0.000000000000000e+00,  0.000000000000000e+00,  0.000000000000000e+00,  0.000000000000000e+00,  0.000000000000000e+00,  0.000000000000000e+00,  0.000000000000000e+00,  0.000000000000000e+00,  0.000000000000000e+00,  0.000000000000000e+00,  0.000000000000000e+00,  0.000000000000000e+00,  0.000000000000000e+00,  0.000000000000000e+00,  0.000000000000000e+00,  0.000000000000000e+00,  0.000000000000000e+00,  0.000000000000000e+00,  0.000000000000000e+00,  1.308224569357950e-02, -7.520869120432135e-03,  9.077094620924053e-03,  1.452691086336060e-02, -1.387437687366440e-02,  1.408514680334593e-02,  1.524924345005863e-02, -1.490777873669803e-02,  1.744993186650113e-02,  1.436639251476719e-02, -1.387437687260327e-02,  1.721517941878009e-02,  1.316250487324630e-02, -9.013560698826334e-03,  1.369389272046817e-02,  9.871878653732621e-03, -4.605655218282138e-03,  6.729570142043384e-03, -5.808549753511492e-02,  3.704827087839566e-02
  1.750000000000000e+00,  1.719645335757503e-01,  9.056934482024476e-01, -3.059415915079431e-01, -6.535735849346941e-02,  1.054156883774292e-01,  1.269339067016036e-01,  0.000000000000000e+00,  1.734723475976807e-18,  0.000000000000000e+00,  1.618831017468803e-02, -2.217477141282211e-02, -6.588799501890501e-02,  2.509188078813570e-02, -2.405715718780957e-02, -6.748527974571733e-02,  2.792483507579799e-02, -2.350979678731366e-02, -6.469003146986121e-02,  2.522678337542956e-02, -2.261532979018658e-02, -5.949885610072122e-02,  2.239382909284119e-02, -2.173421304624160e-02, -4.991514773010026e-02,  1.794204379402608e-02, -1.939791864631112e-02, -3.514026399586410e-02,  0.000000000000000e+00,  0.000000000000000e+00,  0.000000000000000e+00,  0.000000000000000e+00,  0.000000000000000e+00,  0.000000000000000e+00,  0.000000000000000e+00,  0.000000000000000e+00,  0.000000000000000e+00,  0.000000000000000e+00,  0.000000000000000e+00,  0.000000000000000e+00,  0.000000000000000e+00,  0.000000000000000e+00,  0.000000000000000e+00,  0.000000000000000e+00,  0.000000000000000e+00,  0.000000000000000e+00,  0.000000000000000e+00,  0.000000000000000e+00,  0.000000000000000e+00,  0.000000000000000e+00,  0.000000000000000e+00,  0.000000000000000e+00,  0.000000000000000e+00,  0.000000000000000e+00,  0.000000000000000e+00,  0.000000000000000e+00,  0.000000000000000e+00,  0.000000000000000e+00,  0.000000000000000e+00,  0.000000000000000e+00,  0.000000000000000e+00,  1.244352827760364e-02, -7.582427175834391e-03,  9.347498242699983e-03,  1.381766023570829e-02, -1.398793817207317e-02,  1.450473863167386e-02,  1.450472621641111e-02, -1.502979839396654e-02,  1.796975952092476e-02,  1.366497891032748e-02, -1.398793817114161e-02,  1.772801387615097e-02,  1.251986894519823e-02, -9.087336383857093e-03,  1.410182922044929e-02,  9.389901707801122e-03, -4.643352348285112e-03,  6.930041793033754e-03, -5.852796462478707e-02,  3.823049491716685e-02
  1.760000000000000e+00,  1.845450840136116e-01,  9.080679271234477e-01, -3.048425015438694e-01, -6.841788978594296e-02,  1.038379715496752e-01,  1.281808315407898e-01,  0.000000000000000e+00, -1.734723475976807e-18,  0.000000000000000e+00,  1.660648495217472e-02, -2.125893124054242e-02, -6.608919469939217e-02,  2.574005169175525e-02, -2.306357260565926e-02, -6.769135699435624e-02,  2.864618656486300e-02, -2.253881873539512e-02, -6.488757297467600e-02,  2.587843906855630e-02, -2.168129411715054e-02, -5.968054550977106e-02,  2.297230419997795e-02, -2.083656837338068e-02, -5.006757173126574e-02,  1.840552083739011e-02, -1.859676526203223e-02, -3.524757049297012e-02,  0.000000000000000e+00,  0.000000000000000e+00,  0.000000000000000e+00,  0.000000000000000e+00,  0.000000000000000e+00,  0.000000000000000e+00,  0.000000000000000e+00,  0.000000000000000e+00,  0.000000000000000e+00,  0.000000000000000e+00,  0.000000000000000e+00,  0.000000000000000e+00,  0.000000000000000e+00,  0.000000000000000e+00,  0.000000000000000e+00,  0.000000000000000e+00,  0.000000000000000e+00,  0.000000000000000e+00,  0.000000000000000e+00,  0.000000000000000e+00,  0.000000000000000e+00,  0.000000000000000e+00,  0.000000000000000e+00,  0.000000000000000e+00,  0.000000000000000e+00,  0.000000000000000e+00,  0.000000000000000e+00,  0.000000000000000e+00,  0.000000000000000e+00,  0.000000000000000e+00,  0.000000000000000e+00,  0.000000000000000e+00,  0.000000000000000e+00,  1.178288104269586e-02, -7.648999969059888e-03,  9.607423954543103e-03,  1.308405809131837e-02, -1.411075057709782e-02,  1.490807163441268e-02,  1.373464661715231e-02, -1.516175820579268e-02,  1.846944429702942e-02,  1.293948286671014e-02, -1.411075057630202e-02,  1.822097643563559e-02,  1.185516865946465e-02, -9.167122098172532e-03,  1.449395852893245e-02,  8.891376493587504e-03, -4.684120420359557e-03,  7.122745338457169e-03, -5.900011565669424e-02,  3.937085737921092e-02
  1.770000000000000e+00,  1.969906489605487e-01,  9.104148478935281e-01, -3.038043908428255e-01, -7.093293989174942e-02,  1.019997356683320e-01,  1.296623054419131e-01,  0.000000000000000e+00, -8.673617379884035e-19,  0.000000000000000e+00,  1.693825211320013e-02, -2.026595504120847e-02, -6.633669856323793e-02,  2.625429079034871e-02, -2.198630402551427e-02, -6.794486095199598e-02,  2.921848491625419e-02, -2.148606070545695e-02, -6.513057676858384e-02,  2.639544289335242e-02, -2.066858991333240e-02, -5.990404899954319e-02,  2.343124877165116e-02, -1.986332017744634e-02, -5.025507465924137e-02,  1.877322943979588e-02, -1.772813526900666e-02, -3.537957255459141e-02,  0.000000000000000e+00,  0.000000000000000e+00,  0.000000000000000e+00,  0.000000000000000e+00,  0.000000000000000e+00,  0.000000000000000e+00,  0.000000000000000e+00,  0.000000000000000e+00,  0.000000000000000e+00,  0.000000000000000e+00,  0.000000000000000e+00,  0.000000000000000e+00,  0.000000000000000e+00,  0.000000000000000e+00,  0.000000000000000e+00,  0.000000000000000e+00,  0.000000000000000e+00,  0.000000000000000e+00,  0.000000000000000e+00,  0.000000000000000e+00,  0.000000000000000e+00,  0.000000000000000e+00,  0.000000000000000e+00,  0.000000000000000e+00,  0.000000000000000e+00,  0.000000000000000e+00,  0.000000000000000e+00,  0.000000000000000e+00,  0.000000000000000e+00,  0.000000000000000e+00,  0.000000000000000e+00,  0.000000000000000e+00,  0.000000000000000e+00,  1.111060894029055e-02, -7.716405886925824e-03,  9.852669625927948e-03,  1.233754735172707e-02, -1.423509991684794e-02,  1.528862526415005e-02,  1.295101655886542e-02, -1.529536942748111e-02,  1.894090796106169e-02,  1.220122086432912e-02, -1.423509991618905e-02,  1.868609753926875e-02,  1.117877218804443e-02, -9.247906290092938e-03,  1.486394122481746e-02,  8.384079140093597e-03, -4.725398684104260e-03,  7.304565405675428e-03, -5.947098656076764e-02,  4.045144266432713e-02
  1.780000000000000e+00,  2.093128761390734e-01,  9.127172728519144e-01, -3.028210832199270e-01, -7.285624225247450e-02,  9.984516467185631e-02,  1.313317397133613e-01,  8.673617379884034e-19,  1.127570259384924e-17,  0.000000000000000e+00,  1.717437835892485e-02, -1.920652343160616e-02, -6.661914959598103e-02,  2.662028647051726e-02, -2.083693872696577e-02, -6.823415928262130e-02,  2.962580268918405e-02, -2.036284633752377e-02, -6.540789232830807e-02,  2.676340629220261e-02, -1.958810999314284e-02, -6.015911084183564e-02,  2.375789007755408e-02, -1.882493687747524e-02, -5.046905271519543e-02,  1.903493602813025e-02, -1.680137179553060e-02, -3.553021310634551e-02,  0.000000000000000e+00,  0.000000000000000e+00,  0.000000000000000e+00,  0.000000000000000e+00,  0.000000000000000e+00,  0.000000000000000e+00,  0.000000000000000e+00,  0.000000000000000e+00,  0.000000000000000e+00,  0.000000000000000e+00,  0.000000000000000e+00,  0.000000000000000e+00,  0.000000000000000e+00,  0.000000000000000e+00,  0.000000000000000e+00,  0.000000000000000e+00,  0.000000000000000e+00,  0.000000000000000e+00,  0.000000000000000e+00,  0.000000000000000e+00,  0.000000000000000e+00,  0.000000000000000e+00,  0.000000000000000e+00,  0.000000000000000e+00,  0.000000000000000e+00,  0.000000000000000e+00,  0.000000000000000e+00,  0.000000000000000e+00,  0.000000000000000e+00,  0.000000000000000e+00,  0.000000000000000e+00,  0.000000000000000e+00,  0.000000000000000e+00,  1.043637116356565e-02, -7.781025953198642e-03,  1.008055561160425e-02,  1.158885386948632e-02, -1.435430996291991e-02,  1.564224145063183e-02,  1.216509522378089e-02, -1.542345856671790e-02,  1.937899912597133e-02,  1.146080023802230e-02, -1.435430996239450e-02,  1.911829510116865e-02,  1.050039798296794e-02, -9.325351713293104e-03,  1.520773473979613e-02,  7.875298486347493e-03, -4.764970938634553e-03,  7.473515361132145e-03, -5.991424795898709e-02,  4.146057378425202e-02
  1.790000000000000e+00,  2.215213542477461e-01,  9.149562508218612e-01, -3.018848024469689e-01, -7.416179486973874e-02,  9.732667435948561e-02,  1.331200377775786e-01,  0.000000000000000e+00, -6.071532165918825e-18,  0.000000000000000e+00,  1.730862450282557e-02, -1.809257100612951e-02, -6.692241945501907e-02,  2.682836799295650e-02, -1.962842441565160e-02, -6.854478113836276e-02,  2.985737728661554e-02, -1.918182874458099e-02, -6.570564819021558e-02,  2.697260653252245e-02, -1.845202606207627e-02, -6.043297271515705e-02,  2.394359724275611e-02, -1.773311595666272e-02, -5.069880260928476e-02,  1.918372550376752e-02, -1.582691491721030e-02, -3.569195703218010e-02,  0.000000000000000e+00,  0.000000000000000e+00,  0.000000000000000e+00,  0.000000000000000e+00,  0.000000000000000e+00,  0.000000000000000e+00,  0.000000000000000e+00,  0.000000000000000e+00,  0.000000000000000e+00,  0.000000000000000e+00,  0.000000000000000e+00,  0.000000000000000e+00,  0.000000000000000e+00,  0.000000000000000e+00,  0.000000000000000e+00,  0.000000000000000e+00,  0.000000000000000e+00,  0.000000000000000e+00,  0.000000000000000e+00,  0.000000000000000e+00,  0.000000000000000e+00,  0.000000000000000e+00,  0.000000000000000e+00,  0.000000000000000e+00,  0.000000000000000e+00,  0.000000000000000e+00,  0.000000000000000e+00,  0.000000000000000e+00,  0.000000000000000e+00,  0.000000000000000e+00,  0.000000000000000e+00,  0.000000000000000e+00,  0.000000000000000e+00,  9.768025611578373e-03, -7.840084858505889e-03,  1.029003164312655e-02,  1.084670328711150e-02, -1.446326086979585e-02,  1.596729046692470e-02,  1.138604212613393e-02, -1.554052443776551e-02,  1.978169874115816e-02,  1.072685021435777e-02, -1.446326086939621e-02,  1.951557723284790e-02,  9.827952151259211e-03, -9.396132233640867e-03,  1.552375461712069e-02,  7.370964112622265e-03, -4.801137630627532e-03,  7.628816557521846e-03, -6.031012444248006e-02,  4.239335841170370e-02
  1.800000000000000e+00,  2.336247218647209e-01,  9.171118771442570e-01, -3.009874546322673e-01, -7.484788777126027e-02,  9.440584008450287e-02,  1.349514736195461e-01,  0.000000000000000e+00, -8.673617379884034e-19,  0.000000000000000e+00,  1.733866690950989e-02, -1.693546885993898e-02, -6.723236597043925e-02,  2.687493372266495e-02, -1.837309746331483e-02, -6.886224150882821e-02,  2.990920043728443e-02, -1.795506361509915e-02, -6.600995931476127e-02,  2.701942261563577e-02, -1.727193513106708e-02, -6.071286381152744e-02,  2.398515590478334e-02, -1.659900259434325e-02, -5.093361057642180e-02,  1.921702250397503e-02, -1.481471177506227e-02, -3.585726184146958e-02,  0.000000000000000e+00,  0.000000000000000e+00,  0.000000000000000e+00,  0.000000000000000e+00,  0.000000000000000e+00,  0.000000000000000e+00,  0.000000000000000e+00,  0.000000000000000e+00,  0.000000000000000e+00,  0.000000000000000e+00,  0.000000000000000e+00,  0.000000000000000e+00,  0.000000000000000e+00,  0.000000000000000e+00,  0.000000000000000e+00,  0.000000000000000e+00,  0.000000000000000e+00,  0.000000000000000e+00,  0.000000000000000e+00,  0.000000000000000e+00,  0.000000000000000e+00,  0.000000000000000e+00,  0.000000000000000e+00,  0.000000000000000e+00,  0.000000000000000e+00,  0.000000000000000e+00,  0.000000000000000e+00,  0.000000000000000e+00,  0.000000000000000e+00,  0.000000000000000e+00,  0.000000000000000e+00,  0.000000000000000e+00,  0.000000000000000e+00,  9.111332672315283e-03, -7.891875367329122e-03,  1.048162704361143e-02,  1.011749210905735e-02, -1.455880315720490e-02,  1.626459367644460e-02,  1.062057182860602e-02, -1.564318297837294e-02,  2.015002438461910e-02,  1.000569661817724e-02, -1.455880315691992e-02,  1.987894782291122e-02,  9.167230420706766e-03, -9.458201774980756e-03,  1.581279940454741e-02,  6.875422814763224e-03, -4.832853277432317e-03,  7.770861424036908e-03, -6.064694360057077e-02,  4.325152534044613e-02
  1.810000000000000e+00,  2.456310829552506e-01,  9.191645667411718e-01, -3.001218399945366e-01, -7.493768712901112e-02,  9.106366251789698e-02,  1.367589714556583e-01,  8.673617379884035e-19,  1.647987302177967e-17,  0.000000000000000e+00,  1.726639695149939e-02, -1.574653514736072e-02, -6.753773580705338e-02,  2.676291528698246e-02, -1.708323680680164e-02, -6.917501425070310e-02,  2.978453475868657e-02, -1.669455050944702e-02, -6.630977697284941e-02,  2.690680193029249e-02, -1.605938021843437e-02, -6.098862202825350e-02,  2.388518246219699e-02, -1.543369008084777e-02, -5.116495136266139e-02,  1.913692329987432e-02, -1.377466319884749e-02, -3.602012575542697e-02,  0.000000000000000e+00,  0.000000000000000e+00,  0.000000000000000e+00,  0.000000000000000e+00,  0.000000000000000e+00,  0.000000000000000e+00,  0.000000000000000e+00,  0.000000000000000e+00,  0.000000000000000e+00,  0.000000000000000e+00,  0.000000000000000e+00,  0.000000000000000e+00,  0.000000000000000e+00,  0.000000000000000e+00,  0.000000000000000e+00,  0.000000000000000e+00,  0.000000000000000e+00,  0.000000000000000e+00,  0.000000000000000e+00,  0.000000000000000e+00,  0.000000000000000e+00,  0.000000000000000e+00,  0.000000000000000e+00,  0.000000000000000e+00,  0.000000000000000e+00,  0.000000000000000e+00,  0.000000000000000e+00,  0.000000000000000e+00,  0.000000000000000e+00,  0.000000000000000e+00,  0.000000000000000e+00,  0.000000000000000e+00,  0.000000000000000e+00,  8.470217910594236e-03, -7.935680878407245e-03,  1.065739717869184e-02,  9.405579398098414e-03, -1.463961485081412e-02,  1.653734043960698e-02,  9.873260142947192e-03, -1.573001374991093e-02,  2.048792731952104e-02,  9.301650345813629e-03, -1.463961485062978e-02,  2.021230497851615e-02,  8.522182439348736e-03, -9.510701509845157e-03,  1.607796986913483e-02,  6.391636828801246e-03, -4.859679044348261e-03,  7.901173766212705e-03, -6.092047953780061e-02,  4.404323395922426e-02
  1.820000000000000e+00,  2.575480541719397e-01,  9.210962920866836e-01, -2.992824345051325e-01, -7.447571626559457e-02,  8.730743177980954e-02,  1.384963498943573e-01,  8.673617379884035e-19,  1.387778780781446e-17,  0.000000000000000e+00,  1.709750756439463e-02, -1.453805354719403e-02, -6.783262727720027e-02,  2.650113673608752e-02, -1.577216886947951e-02, -6.947705460510648e-02,  2.949320056472606e-02, -1.541331264158538e-02, -6.659930678022398e-02,  2.664361596779176e-02, -1.482688904959105e-02, -6.125491796252355e-02,  2.365155214256289e-02, -1.424921804839239e-02, -5.138835399247967e-02,  1.894973756174075e-02, -1.271751463427195e-02, -3.617740120727030e-02,  0.000000000000000e+00,  0.000000000000000e+00,  0.000000000000000e+00,  0.000000000000000e+00,  0.000000000000000e+00,  0.000000000000000e+00,  0.000000000000000e+00,  0.000000000000000e+00,  0.000000000000000e+00,  0.000000000000000e+00,  0.000000000000000e+00,  0.000000000000000e+00,  0.000000000000000e+00,  0.000000000000000e+00,  0.000000000000000e+00,  0.000000000000000e+00,  0.000000000000000e+00,  0.000000000000000e+00,  0.000000000000000e+00,  0.000000000000000e+00,  0.000000000000000e+00,  0.000000000000000e+00,  0.000000000000000e+00,  0.000000000000000e+00,  0.000000000000000e+00,  0.000000000000000e+00,  0.000000000000000e+00,  0.000000000000000e+00,  0.000000000000000e+00,  0.000000000000000e+00,  0.000000000000000e+00,  0.000000000000000e+00,  0.000000000000000e+00,  7.847100523975036e-03, -7.971346557596936e-03,  1.082077390517280e-02,  8.713651502444955e-03, -1.470541031511548e-02,  1.679085605140124e-02,  9.146926992692777e-03, -1.580070984194972e-02,  2.080200499464204e-02,  8.617368062072452e-03, -1.470541031501610e-02,  2.052215739352256e-02,  7.895242246449552e-03, -9.553445873647278e-03,  1.632444338099829e-02,  5.921431684185652e-03, -4.881520113518358e-03,  8.022297891658443e-03, -6.113065957453689e-02,  4.478249931224098e-02
  1.830000000000000e+00,  2.693826819095105e-01,  9.228914668146070e-01, -2.984654905503002e-01, -7.352075310537257e-02,  8.316589581064994e-02,  1.401434135010181e-01, -1.474514954580286e-17,  1.734723475976807e-18,  2.775557561562891e-17,  1.684041742257303e-02, -1.332310206448770e-02, -6.811746010919874e-02,  2.610264701529934e-02, -1.445408183022610e-02, -6.976879247558537e-02,  2.904972006875229e-02, -1.412521537389648e-02, -6.687896083377258e-02,  2.624298382907577e-02, -1.358779945751881e-02, -6.151213064171496e-02,  2.329591077880059e-02, -1.305840467413082e-02, -5.160413644185433e-02,  1.866479598703749e-02, -1.165470638318071e-02, -3.632931205207566e-02,  0.000000000000000e+00,  0.000000000000000e+00,  0.000000000000000e+00,  0.000000000000000e+00,  0.000000000000000e+00,  0.000000000000000e+00,  0.000000000000000e+00,  0.000000000000000e+00,  0.000000000000000e+00,  0.000000000000000e+00,  0.000000000000000e+00,  0.000000000000000e+00,  0.000000000000000e+00,  0.000000000000000e+00,  0.000000000000000e+00,  0.000000000000000e+00,  0.000000000000000e+00,  0.000000000000000e+00,  0.000000000000000e+00,  0.000000000000000e+00,  0.000000000000000e+00,  0.000000000000000e+00,  0.000000000000000e+00,  0.000000000000000e+00,  0.000000000000000e+00,  0.000000000000000e+00,  0.000000000000000e+00,  0.000000000000000e+00,  0.000000000000000e+00,  0.000000000000000e+00,  0.000000000000000e+00,  0.000000000000000e+00,  0.000000000000000e+00,  7.243054913632196e-03, -7.998726621860274e-03,  1.097621040055910e-02,  8.042901468797745e-03, -1.475592061192979e-02,  1.703205061481027e-02,  8.442824747308874e-03, -1.585498228505243e-02,  2.110081825977745e-02,  7.954029630820252e-03, -1.475592061189953e-02,  2.081695074934023e-02,  7.287490834603530e-03, -9.586260149308558e-03,  1.655893809580348e-02,  5.465618125362590e-03, -4.898287209832833e-03,  8.137535294020910e-03, -6.127731580544657e-02,  4.548775689694184e-02
  1.840000000000000e+00,  2.811412431168665e-01,  9.245373646893146e-01, -2.976687275210971e-01, -7.213854765542385e-02,  7.867789723745437e-02,  1.417023099797239e-01, -1.734723475976807e-18, -6.938893903907227e-18,  0.000000000000000e+00,  1.650505208485840e-02, -1.211413280454677e-02, -6.839798002540062e-02,  2.558283074083816e-02, -1.314248483640507e-02, -7.005611287472741e-02,  2.847121485979898e-02, -1.284346048690973e-02, -6.715438038816193e-02,  2.572037284336288e-02, -1.235481094035593e-02, -6.176544862721407e-02,  2.283198872732759e-02, -1.187345467056214e-02, -5.181665153073280e-02,  1.829309940350167e-02, -1.059713122644663e-02, -3.647892267507537e-02,  0.000000000000000e+00,  0.000000000000000e+00,  0.000000000000000e+00,  0.000000000000000e+00,  0.000000000000000e+00,  0.000000000000000e+00,  0.000000000000000e+00,  0.000000000000000e+00,  0.000000000000000e+00,  0.000000000000000e+00,  0.000000000000000e+00,  0.000000000000000e+00,  0.000000000000000e+00,  0.000000000000000e+00,  0.000000000000000e+00,  0.000000000000000e+00,  0.000000000000000e+00,  0.000000000000000e+00,  0.000000000000000e+00,  0.000000000000000e+00,  0.000000000000000e+00,  0.000000000000000e+00,  0.000000000000000e+00,  0.000000000000000e+00,  0.000000000000000e+00,  0.000000000000000e+00,  0.000000000000000e+00,  0.000000000000000e+00,  0.000000000000000e+00,  0.000000000000000e+00,  0.000000000000000e+00,  0.000000000000000e+00,  0.000000000000000e+00,  6.658106010837128e-03, -8.017422608466789e-03,  1.112866790002296e-02,  7.393356981572166e-03, -1.479041066369646e-02,  1.726862259817951e-02,  7.760982467785222e-03, -1.589204125105419e-02,  2.139390466181454e-02,  7.311662430568786e-03, -1.479041066372012e-02,  2.110609428505049e-02,  6.698953288035423e-03, -9.608666789892025e-03,  1.678893863554334e-02,  5.024214965500635e-03, -4.909736321339723e-03,  8.250564130396319e-03, -6.135815819267310e-02,  4.617970301244533e-02
  1.850000000000000e+00,  2.928292829535096e-01,  9.260242574879326e-01, -2.968909969764346e-01, -7.039463906218801e-02,  7.388216580322568e-02,  1.431900854409612e-01,  0.000000000000000e+00, -8.673617379884037e-19,  0.000000000000000e+00,  1.610155430039839e-02, -1.092120014482780e-02, -6.868323304479916e-02,  2.495740917392145e-02, -1.184828576771538e-02, -7.034828111895344e-02,  2.777518118020230e-02, -1.157870767882308e-02, -6.743444698930819e-02,  2.509158879478875e-02, -1.113817763140783e-02, -6.202304074828655e-02,  2.227381679117248e-02, -1.070422265930648e-02, -5.203275230379535e-02,  1.784588935814287e-02, -9.553584474397997e-03, -3.663105761971827e-02,  0.000000000000000e+00,  0.000000000000000e+00,  0.000000000000000e+00,  0.000000000000000e+00,  0.000000000000000e+00,  0.000000000000000e+00,  0.000000000000000e+00,  0.000000000000000e+00,  0.000000000000000e+00,  0.000000000000000e+00,  0.000000000000000e+00,  0.000000000000000e+00,  0.000000000000000e+00,  0.000000000000000e+00,  0.000000000000000e+00,  0.000000000000000e+00,  0.000000000000000e+00,  0.000000000000000e+00,  0.000000000000000e+00,  0.000000000000000e+00,  0.000000000000000e+00,  0.000000000000000e+00,  0.000000000000000e+00,  0.000000000000000e+00,  0.000000000000000e+00,  0.000000000000000e+00,  0.000000000000000e+00,  0.000000000000000e+00,  0.000000000000000e+00,  0.000000000000000e+00,  0.000000000000000e+00,  0.000000000000000e+00,  0.000000000000000e+00,  6.092029046622231e-03, -8.026922363900483e-03,  1.128302975071858e-02,  6.764768450685504e-03, -1.480793565794685e-02,  1.750814960914899e-02,  7.101138153483621e-03, -1.591087155524802e-02,  2.169065201465919e-02,  6.690019629138304e-03, -1.480793565801074e-02,  2.139884952109780e-02,  6.129403458826832e-03, -9.620051993092779e-03,  1.702181211875031e-02,  4.597052593660946e-03, -4.915553813740654e-03,  8.365004813320552e-03, -6.136985938575099e-02,  4.687874294624073e-02
  1.860000000000000e+00,  3.044520895553157e-01,  9.273453905131372e-01, -2.961319404186047e-01, -6.834555965987091e-02,  6.881157424035897e-02,  1.446333810445796e-01,  8.673617379884035e-19,  9.540979117872439e-18,  0.000000000000000e+00,  1.563870900693960e-02, -9.751020274354413e-03, -6.898387843216904e-02,  2.423999896808697e-02, -1.057877094120510e-02, -7.065621487945567e-02,  2.697677304761991e-02, -1.033807748477592e-02, -6.772962609716834e-02,  2.437032154471279e-02, -9.944749153915879e-03, -6.229453264402675e-02,  2.163354746758392e-02, -9.557291395168642e-03, -5.226051396161981e-02,  1.733290249032584e-02, -8.529941276133182e-03, -3.679140182720414e-02,  0.000000000000000e+00,  0.000000000000000e+00,  0.000000000000000e+00,  0.000000000000000e+00,  0.000000000000000e+00,  0.000000000000000e+00,  0.000000000000000e+00,  0.000000000000000e+00,  0.000000000000000e+00,  0.000000000000000e+00,  0.000000000000000e+00,  0.000000000000000e+00,  0.000000000000000e+00,  0.000000000000000e+00,  0.000000000000000e+00,  0.000000000000000e+00,  0.000000000000000e+00,  0.000000000000000e+00,  0.000000000000000e+00,  0.000000000000000e+00,  0.000000000000000e+00,  0.000000000000000e+00,  0.000000000000000e+00,  0.000000000000000e+00,  0.000000000000000e+00,  0.000000000000000e+00,  0.000000000000000e+00,  0.000000000000000e+00,  0.000000000000000e+00,  0.000000000000000e+00,  0.000000000000000e+00,  0.000000000000000e+00,  0.000000000000000e+00,  5.545317168513656e-03, -8.026788492985370e-03,  1.144355677084146e-02,  6.157683481671705e-03, -1.480768869518230e-02,  1.775724326215653e-02,  6.463866638943306e-03, -1.591060619803555e-02,  2.199925137397463e-02,  6.089642781173735e-03, -1.480768869527430e-02,  2.170329731957130e-02,  5.579337519948946e-03, -9.619891552480265e-03,  1.726398650390138e-02,  4.184503139571040e-03, -4.915471833502236e-03,  8.484016225244504e-03, -6.130957419925944e-02,  4.760259886904813e-02
  1.870000000000000e+00,  3.160150693447969e-01,  9.284966551576133e-01, -2.953916137140729e-01, -6.603193990094627e-02,  6.349258273948838e-02,  1.460641117939901e-01,  0.000000000000000e+00,  3.469446951953614e-18,  0.000000000000000e+00,  1.512272489075661e-02, -8.607402059484246e-03, -6.931091362503954e-02,  2.344022358708235e-02, -9.338072552640261e-03, -7.099117819830879e-02,  2.608670044590793e-02, -9.125608082760082e-03, -6.805071519585967e-02,  2.356624629594031e-02, -8.778410047073091e-03, -6.258985533377556e-02,  2.091976943926516e-02, -8.436394071659595e-03, -5.250826789626676e-02,  1.676102009402530e-02, -7.529533529792593e-03, -3.696582059753913e-02,  0.000000000000000e+00,  0.000000000000000e+00,  0.000000000000000e+00,  0.000000000000000e+00,  0.000000000000000e+00,  0.000000000000000e+00,  0.000000000000000e+00,  0.000000000000000e+00,  0.000000000000000e+00,  0.000000000000000e+00,  0.000000000000000e+00,  0.000000000000000e+00,  0.000000000000000e+00,  0.000000000000000e+00,  0.000000000000000e+00,  0.000000000000000e+00,  0.000000000000000e+00,  0.000000000000000e+00,  0.000000000000000e+00,  0.000000000000000e+00,  0.000000000000000e+00,  0.000000000000000e+00,  0.000000000000000e+00,  0.000000000000000e+00,  0.000000000000000e+00,  0.000000000000000e+00,  0.000000000000000e+00,  0.000000000000000e+00,  0.000000000000000e+00,  0.000000000000000e+00,  0.000000000000000e+00,  0.000000000000000e+00,  0.000000000000000e+00,  5.019547259324950e-03, -8.016637135378953e-03,  1.161357120585219e-02,  5.573853091642775e-03, -1.478896163609462e-02,  1.802105876567577e-02,  5.851006008426161e-03, -1.589048429594037e-02,  2.232608947025915e-02,  5.512263555532251e-03, -1.478896163620443e-02,  2.202573849082865e-02,  5.050342028342836e-03, -9.607725421692083e-03,  1.752047379923315e-02,  3.787756520936314e-03, -4.909255310933425e-03,  8.610061410213980e-03, -6.117484627726245e-02,  4.836495317521499e-02
  1.880000000000000e+00,  3.275234530229904e-01,  9.294757505592608e-01, -2.946702281866433e-01, -6.347830964511243e-02,  5.794923494071669e-02,  1.475102146152494e-01,  0.000000000000000e+00, -8.673617379884035e-19,  0.000000000000000e+00,  1.455717291538990e-02, -7.492317405347251e-03, -6.967365418577007e-02,  2.256361802440821e-02, -8.128329899451758e-03, -7.136271246968708e-02,  2.511112328719265e-02, -7.943390095844981e-03, -6.840686047387896e-02,  2.268492780000484e-02, -7.641171392923504e-03, -6.291742105263115e-02,  2.013742253912737e-02, -7.343463416977846e-03, -5.278307135194328e-02,  1.613419998717633e-02, -6.554086207165937e-03, -3.715928223064117e-02,  0.000000000000000e+00,  0.000000000000000e+00,  0.000000000000000e+00,  0.000000000000000e+00,  0.000000000000000e+00,  0.000000000000000e+00,  0.000000000000000e+00,  0.000000000000000e+00,  0.000000000000000e+00,  0.000000000000000e+00,  0.000000000000000e+00,  0.000000000000000e+00,  0.000000000000000e+00,  0.000000000000000e+00,  0.000000000000000e+00,  0.000000000000000e+00,  0.000000000000000e+00,  0.000000000000000e+00,  0.000000000000000e+00,  0.000000000000000e+00,  0.000000000000000e+00,  0.000000000000000e+00,  0.000000000000000e+00,  0.000000000000000e+00,  0.000000000000000e+00,  0.000000000000000e+00,  0.000000000000000e+00,  0.000000000000000e+00,  0.000000000000000e+00,  0.000000000000000e+00,  0.000000000000000e+00,  0.000000000000000e+00,  0.000000000000000e+00,  4.517120568008235e-03, -7.996126100134386e-03,  1.179543571060474e-02,  5.015943698147363e-03, -1.475112321239886e-02,  1.830326230828159e-02,  5.265355263779301e-03, -1.584982756207526e-02,  2.267570830380383e-02,  4.960518906585350e-03, -1.475112321251789e-02,  2.237065393201862e-02,  4.544832964549113e-03, -9.583143494023682e-03,  1.779483835474731e-02,  3.408624723161070e-03, -4.896694693988378e-03,  8.744891991656473e-03, -6.096353380054636e-02,  4.917538809467441e-02
  1.890000000000000e+00,  3.389816524305952e-01,  9.302811288373746e-01, -2.939680532207207e-01, -6.069884467568828e-02,  5.220834004003333e-02,  1.489830367582215e-01, -6.938893903907228e-18,  2.602085213965211e-18,  0.000000000000000e+00,  1.394392062029038e-02, -6.406555277628418e-03, -7.007708642588881e-02,  2.161307696621892e-02, -6.950398921526509e-03, -7.177592488539832e-02,  2.405326307703501e-02, -6.792259989145280e-03, -6.880295758254390e-02,  2.172927630589126e-02, -6.533837831957625e-03, -6.328173259100298e-02,  1.928909019675016e-02, -6.279272721984383e-03, -5.308870183738015e-02,  1.545451202600773e-02, -5.604289475097204e-03, -3.737444609265443e-02,  0.000000000000000e+00,  0.000000000000000e+00,  0.000000000000000e+00,  0.000000000000000e+00,  0.000000000000000e+00,  0.000000000000000e+00,  0.000000000000000e+00,  0.000000000000000e+00,  0.000000000000000e+00,  0.000000000000000e+00,  0.000000000000000e+00,  0.000000000000000e+00,  0.000000000000000e+00,  0.000000000000000e+00,  0.000000000000000e+00,  0.000000000000000e+00,  0.000000000000000e+00,  0.000000000000000e+00,  0.000000000000000e+00,  0.000000000000000e+00,  0.000000000000000e+00,  0.000000000000000e+00,  0.000000000000000e+00,  0.000000000000000e+00,  0.000000000000000e+00,  0.000000000000000e+00,  0.000000000000000e+00,  0.000000000000000e+00,  0.000000000000000e+00,  0.000000000000000e+00,  0.000000000000000e+00,  0.000000000000000e+00,  0.000000000000000e+00,  4.040893940781870e-03, -7.965146424039957e-03,  1.199068834545119e-02,  4.487127627355729e-03, -1.469397241053797e-02,  1.860624053535858e-02,  4.710244471148792e-03, -1.578842001083998e-02,  2.305106466306082e-02,  4.437546107175673e-03, -1.469397241065953e-02,  2.274096065417087e-02,  4.065684701450031e-03, -9.546015179979789e-03,  1.808940052012484e-02,  3.049263525905616e-03, -4.877723255409160e-03,  8.889648255697760e-03, -6.067525912025624e-02,  5.003998089039198e-02
  1.900000000000000e+00,  3.503929025401016e-01,  9.309113967948699e-01, -2.932854709197851e-01, -5.770553748366856e-02,  4.630253261728193e-02,  1.504703476924140e-01,  0.000000000000000e+00,  3.469446951953614e-18,  0.000000000000000e+00,  1.328448860283781e-02, -5.350093084542240e-03, -7.052039845655983e-02,  2.059095733845448e-02, -5.804255109287750e-03, -7.222998387445431e-02,  2.291574284591714e-02, -5.672193810736334e-03, -6.923820939463475e-02,  2.070166141118554e-02, -5.456386323539081e-03, -6.368205678867070e-02,  1.837687590517790e-02, -5.243799843729809e-03, -5.342454428527817e-02,  1.472364153928323e-02, -4.680123570868579e-03, -3.761087917619995e-02,  0.000000000000000e+00,  0.000000000000000e+00,  0.000000000000000e+00,  0.000000000000000e+00,  0.000000000000000e+00,  0.000000000000000e+00,  0.000000000000000e+00,  0.000000000000000e+00,  0.000000000000000e+00,  0.000000000000000e+00,  0.000000000000000e+00,  0.000000000000000e+00,  0.000000000000000e+00,  0.000000000000000e+00,  0.000000000000000e+00,  0.000000000000000e+00,  0.000000000000000e+00,  0.000000000000000e+00,  0.000000000000000e+00,  0.000000000000000e+00,  0.000000000000000e+00,  0.000000000000000e+00,  0.000000000000000e+00,  0.000000000000000e+00,  0.000000000000000e+00,  0.000000000000000e+00,  0.000000000000000e+00,  0.000000000000000e+00,  0.000000000000000e+00,  0.000000000000000e+00,  0.000000000000000e+00,  0.000000000000000e+00,  0.000000000000000e+00,  3.593743442539653e-03, -7.923917774685639e-03,  1.220016432221168e-02,  3.990598546421892e-03, -1.461791446970588e-02,  1.893128946526545e-02,  4.189026098818284e-03, -1.570669706476245e-02,  2.345376417077881e-02,  3.946503535317386e-03, -1.461791446982499e-02,  2.313824267972964e-02,  3.615790948509516e-03, -9.496603745300791e-03,  1.840542031321652e-02,  2.711843211266150e-03, -4.852475515977510e-03,  9.044949411106291e-03, -6.031211099709752e-02,  5.096185942607263e-02
  1.910000000000000e+00,  3.617593318035170e-01,  9.313653024801062e-01, -2.926232445034982e-01, -5.451700811780208e-02,  4.027156619481329e-02,  1.519379597262516e-01,  0.000000000000000e+00,  6.938893903907227e-18,  2.775557561562891e-17,  1.258158133364142e-02, -4.322952714002000e-03, -7.099738226523632e-02,  1.950145107055637e-02, -4.689922208679287e-03, -7.271853092703608e-02,  2.170322780563602e-02, -4.583214766280783e-03, -6.970652077056291e-02,  1.960629758258498e-02, -4.408839190434619e-03, -6.411278762218783e-02,  1.740452084875214e-02, -4.237066235262524e-03, -5.378589565583485e-02,  1.394458598192670e-02, -3.781607641457969e-03, -3.786527054125953e-02,  0.000000000000000e+00,  0.000000000000000e+00,  0.000000000000000e+00,  0.000000000000000e+00,  0.000000000000000e+00,  0.000000000000000e+00,  0.000000000000000e+00,  0.000000000000000e+00,  0.000000000000000e+00,  0.000000000000000e+00,  0.000000000000000e+00,  0.000000000000000e+00,  0.000000000000000e+00,  0.000000000000000e+00,  0.000000000000000e+00,  0.000000000000000e+00,  0.000000000000000e+00,  0.000000000000000e+00,  0.000000000000000e+00,  0.000000000000000e+00,  0.000000000000000e+00,  0.000000000000000e+00,  0.000000000000000e+00,  0.000000000000000e+00,  0.000000000000000e+00,  0.000000000000000e+00,  0.000000000000000e+00,  0.000000000000000e+00,  0.000000000000000e+00,  0.000000000000000e+00,  0.000000000000000e+00,  0.000000000000000e+00,  0.000000000000000e+00,  3.177825649653656e-03, -7.872724407144255e-03,  1.242402983219505e-02,  3.528751181257552e-03, -1.452347377903265e-02,  1.927866698108787e-02,  3.704213947469071e-03, -1.560522217092271e-02,  2.388412631545367e-02,  3.489759455862298e-03, -1.452347377914608e-02,  2.356281519914051e-02,  3.197321512629287e-03, -9.435249862099359e-03,  1.874314845369340e-02,  2.397991134417328e-03, -4.821125548775868e-03,  9.210918668686920e-03, -5.987657304739995e-02,  5.194143025033229e-02
  1.920000000000000e+00,  3.730824034842051e-01,  9.316418799498443e-01, -2.919829005100651e-01, -5.116698077674279e-02,  3.416262612457949e-02,  1.533355204883570e-01,  0.000000000000000e+00,  8.673617379884034e-19,  0.000000000000000e+00,  1.184061279737906e-02, -3.326283268484272e-03, -7.149768331349428e-02,  1.835294983876748e-02, -3.608646867899688e-03, -7.323096048560929e-02,  2.042505707975020e-02, -3.526541139616417e-03, -7.019772543624479e-02,  1.845162161287148e-02, -3.392368364966953e-03, -6.456457462959189e-02,  1.637951437293808e-02, -3.260198169204145e-03, -5.416491160177123e-02,  1.312334585361743e-02, -2.909746892098950e-03, -3.813209776735330e-02,  0.000000000000000e+00,  0.000000000000000e+00,  0.000000000000000e+00,  0.000000000000000e+00,  0.000000000000000e+00,  0.000000000000000e+00,  0.000000000000000e+00,  0.000000000000000e+00,  0.000000000000000e+00,  0.000000000000000e+00,  0.000000000000000e+00,  0.000000000000000e+00,  0.000000000000000e+00,  0.000000000000000e+00,  0.000000000000000e+00,  0.000000000000000e+00,  0.000000000000000e+00,  0.000000000000000e+00,  0.000000000000000e+00,  0.000000000000000e+00,  0.000000000000000e+00,  0.000000000000000e+00,  0.000000000000000e+00,  0.000000000000000e+00,  0.000000000000000e+00,  0.000000000000000e+00,  0.000000000000000e+00,  0.000000000000000e+00,  0.000000000000000e+00,  0.000000000000000e+00,  0.000000000000000e+00,  0.000000000000000e+00,  0.000000000000000e+00,  2.793631183104873e-03, -7.811524840276181e-03,  1.266173286415403e-02,  3.102130331848555e-03, -1.441057381478835e-02,  1.964751651367191e-02,  3.256379906588916e-03, -1.548391310589312e-02,  2.434108990308504e-02,  3.067852648906147e-03, -1.441057381489436e-02,  2.401363129455698e-02,  2.810770024734000e-03, -9.361903816340198e-03,  1.910175216599438e-02,  2.108077518551754e-03, -4.783647951445378e-03,  9.387146778730180e-03, -5.936844608207004e-02,  5.297626877970169e-02
  1.930000000000000e+00,  3.843635882239113e-01,  9.317405032597051e-01, -2.913668774848532e-01, -4.771011427323808e-02,  2.802797202718964e-02,  1.546026675659533e-01,  4.336808689942018e-19,  4.770489558936220e-18,  0.000000000000000e+00,  1.107073192425926e-02, -2.362746942152227e-03, -7.200798268843947e-02,  1.715963448489769e-02, -2.563317271102937e-03, -7.375363075454482e-02,  1.909701257285086e-02, -2.504995401494167e-03, -7.069874664084365e-02,  1.725189058493897e-02, -2.409688932571001e-03, -6.502539042894448e-02,  1.531451249784549e-02, -2.315804948439941e-03, -5.455150203757358e-02,  1.227006121865920e-02, -2.066870141644944e-03, -3.840425743428679e-02,  0.000000000000000e+00,  0.000000000000000e+00,  0.000000000000000e+00,  0.000000000000000e+00,  0.000000000000000e+00,  0.000000000000000e+00,  0.000000000000000e+00,  0.000000000000000e+00,  0.000000000000000e+00,  0.000000000000000e+00,  0.000000000000000e+00,  0.000000000000000e+00,  0.000000000000000e+00,  0.000000000000000e+00,  0.000000000000000e+00,  0.000000000000000e+00,  0.000000000000000e+00,  0.000000000000000e+00,  0.000000000000000e+00,  0.000000000000000e+00,  0.000000000000000e+00,  0.000000000000000e+00,  0.000000000000000e+00,  0.000000000000000e+00,  0.000000000000000e+00,  0.000000000000000e+00,  0.000000000000000e+00,  0.000000000000000e+00,  0.000000000000000e+00,  0.000000000000000e+00,  0.000000000000000e+00,  0.000000000000000e+00,  0.000000000000000e+00,  2.439300735202621e-03, -7.739726499793827e-03,  1.291187755573768e-02,  2.708671368182434e-03, -1.427812140557861e-02,  2.003567206973516e-02,  2.843356685004072e-03, -1.534159527585887e-02,  2.482197150866779e-02,  2.678741298026542e-03, -1.427812140567656e-02,  2.448804364086302e-02,  2.454265770335604e-03, -9.275855423573768e-03,  1.947912562332230e-02,  1.840699327803255e-03, -4.739679841344590e-03,  9.572598877777345e-03, -5.878302889086832e-02,  5.406064441949811e-02
  1.940000000000000e+00,  3.956049411327110e-01,  9.316609335115026e-01, -2.907782282134904e-01, -4.422259761434310e-02,  2.191959053622928e-02,  1.556741799727520e-01,  0.000000000000000e+00, -8.673617379884034e-19,  0.000000000000000e+00,  1.028483303560822e-02, -1.436095938548676e-03, -7.251293178325480e-02,  1.594149120698565e-02, -1.558004141217381e-03, -7.427082103958886e-02,  1.774133698920175e-02, -1.522555655729457e-03, -7.119451484312474e-02,  1.602719814950141e-02, -1.464627643878012e-03, -6.548137476318724e-02,  1.422735236795883e-02, -1.407564229420324e-03, -5.493403923081625e-02,  1.139902328317335e-02, -1.256259721068635e-03, -3.867356361843853e-02,  0.000000000000000e+00,  0.000000000000000e+00,  0.000000000000000e+00,  0.000000000000000e+00,  0.000000000000000e+00,  0.000000000000000e+00,  0.000000000000000e+00,  0.000000000000000e+00,  0.000000000000000e+00,  0.000000000000000e+00,  0.000000000000000e+00,  0.000000000000000e+00,  0.000000000000000e+00,  0.000000000000000e+00,  0.000000000000000e+00,  0.000000000000000e+00,  0.000000000000000e+00,  0.000000000000000e+00,  0.000000000000000e+00,  0.000000000000000e+00,  0.000000000000000e+00,  0.000000000000000e+00,  0.000000000000000e+00,  0.000000000000000e+00,  0.000000000000000e+00,  0.000000000000000e+00,  0.000000000000000e+00,  0.000000000000000e+00,  0.000000000000000e+00,  0.000000000000000e+00,  0.000000000000000e+00,  0.000000000000000e+00,  0.000000000000000e+00,  2.110696430214090e-03, -7.656152029566895e-03,  1.317204714466047e-02,  2.343779471193621e-03, -1.412394458398937e-02,  2.043938350091907e-02,  2.460320991981702e-03, -1.517593493928169e-02,  2.532212511507325e-02,  2.317881355637626e-03, -1.412394458407932e-02,  2.498146872340283e-02,  2.123645487958723e-03, -9.175693653935691e-03,  1.987162284811067e-02,  1.592734116065423e-03, -4.688500225152971e-03,  9.765483228279182e-03, -5.811084261673665e-02,  5.518474987036193e-02
  1.950000000000000e+00,  4.068094441032008e-01,  9.314034982058077e-01, -2.902201781909395e-01, -4.079677677298329e-02,  1.588445948015979e-02,  1.564847600388394e-01,  0.000000000000000e+00, -4.336808689942018e-19,  0.000000000000000e+00,  9.498509883022985e-03, -5.508887719524940e-04, -7.299615462834681e-02,  1.472269031998696e-02, -5.976529585138420e-04, -7.476575837794633e-02,  1.638492955027980e-02, -5.840548605658082e-04, -7.166895181839884e-02,  1.480184456944128e-02, -5.618335796729532e-04, -6.591773963554104e-02,  1.313960533963345e-02, -5.399439599121110e-04, -5.530011714393680e-02,  1.052751512182740e-02, -4.819033011969063e-04, -3.893128246936934e-02,  0.000000000000000e+00,  0.000000000000000e+00,  0.000000000000000e+00,  0.000000000000000e+00,  0.000000000000000e+00,  0.000000000000000e+00,  0.000000000000000e+00,  0.000000000000000e+00,  0.000000000000000e+00,  0.000000000000000e+00,  0.000000000000000e+00,  0.000000000000000e+00,  0.000000000000000e+00,  0.000000000000000e+00,  0.000000000000000e+00,  0.000000000000000e+00,  0.000000000000000e+00,  0.000000000000000e+00,  0.000000000000000e+00,  0.000000000000000e+00,  0.000000000000000e+00,  0.000000000000000e+00,  0.000000000000000e+00,  0.000000000000000e+00,  0.000000000000000e+00,  0.000000000000000e+00,  0.000000000000000e+00,  0.000000000000000e+00,  0.000000000000000e+00,  0.000000000000000e+00,  0.000000000000000e+00,  0.000000000000000e+00,  0.000000000000000e+00,  1.802149183746266e-03, -7.559097403486049e-03,  1.343868919228273e-02,  2.001159522629031e-03, -1.394489979040685e-02,  2.085313840244627e-02,  2.100664692337860e-03, -1.498355439555618e-02,  2.583472146527371e-02,  1.979047262802216e-03, -1.394489979048918e-02,  2.548716915856157e-02,  1.813205313549245e-03, -9.059376277662859e-03,  2.027388455794056e-02,  1.359903985298543e-03, -4.629065585610159e-03,  9.963166125732373e-03, -5.733815537629542e-02,  5.633413105370016e-02
  1.960000000000000e+00,  4.179812613907811e-01,  9.309694188719788e-01, -2.896959410125881e-01, -3.753189440225487e-02,  9.963330367521835e-03,  1.569750954310991e-01, -2.168404344971009e-19,  0.000000000000000e+00,  2.775557561562891e-17,  8.728435544141095e-03,  2.870103108462130e-04, -7.344170530964494e-02,  1.352907509421752e-02,  3.113742223958435e-04, -7.522211028793319e-02,  1.505655131497845e-02,  3.042896820171727e-04, -7.210640157830772e-02,  1.360181205738439e-02,  2.927125050467815e-04, -6.632008540239399e-02,  1.207433583691055e-02,  2.813081215165960e-04, -5.563765553900839e-02,  9.674016062313462e-03,  2.510692259919405e-04, -3.916890949958197e-02,  0.000000000000000e+00,  0.000000000000000e+00,  0.000000000000000e+00,  0.000000000000000e+00,  0.000000000000000e+00,  0.000000000000000e+00,  0.000000000000000e+00,  0.000000000000000e+00,  0.000000000000000e+00,  0.000000000000000e+00,  0.000000000000000e+00,  0.000000000000000e+00,  0.000000000000000e+00,  0.000000000000000e+00,  0.000000000000000e+00,  0.000000000000000e+00,  0.000000000000000e+00,  0.000000000000000e+00,  0.000000000000000e+00,  0.000000000000000e+00,  0.000000000000000e+00,  0.000000000000000e+00,  0.000000000000000e+00,  0.000000000000000e+00,  0.000000000000000e+00,  0.000000000000000e+00,  0.000000000000000e+00,  0.000000000000000e+00,  0.000000000000000e+00,  0.000000000000000e+00,  0.000000000000000e+00,  0.000000000000000e+00,  0.000000000000000e+00,  1.507258988390825e-03, -7.446389563048984e-03,  1.370721139523454e-02,  1.673704765795276e-03, -1.373697820189784e-02,  2.126981078632899e-02,  1.756927654735736e-03, -1.476014623355850e-02,  2.635093225192817e-02,  1.655210790523404e-03, -1.373697820197307e-02,  2.599643540546464e-02,  1.516505975847522e-03, -8.924298942200658e-03,  2.067898270893697e-02,  1.137379482058718e-03, -4.560045177815416e-03,  1.016224293143504e-02, -5.644753148091059e-02,  5.749000107918893e-02
  1.970000000000000e+00,  4.291259446049670e-01,  9.303611691921404e-01, -2.892086570006402e-01, -3.452497256870298e-02,  4.191691038510868e-03,  1.570987307468777e-01,  0.000000000000000e+00,  0.000000000000000e+00,  0.000000000000000e+00,  7.990816553405632e-03,  1.069862349034665e-03, -7.383581754735576e-02,  1.238576565804049e-02,  1.160681490992261e-03, -7.562577676176259e-02,  1.378415855517891e-02,  1.134273089434874e-03, -7.249334813905786e-02,  1.245235579614348e-02,  1.091117895292711e-03, -6.667598069593560e-02,  1.105396289907670e-02,  1.048606808254470e-03, -5.593622541619082e-02,  8.856488346947140e-03,  9.358880170041255e-04, -3.937910269318967e-02,  0.000000000000000e+00,  0.000000000000000e+00,  0.000000000000000e+00,  0.000000000000000e+00,  0.000000000000000e+00,  0.000000000000000e+00,  0.000000000000000e+00,  0.000000000000000e+00,  0.000000000000000e+00,  0.000000000000000e+00,  0.000000000000000e+00,  0.000000000000000e+00,  0.000000000000000e+00,  0.000000000000000e+00,  0.000000000000000e+00,  0.000000000000000e+00,  0.000000000000000e+00,  0.000000000000000e+00,  0.000000000000000e+00,  0.000000000000000e+00,  0.000000000000000e+00,  0.000000000000000e+00,  0.000000000000000e+00,  0.000000000000000e+00,  0.000000000000000e+00,  0.000000000000000e+00,  0.000000000000000e+00,  0.000000000000000e+00,  0.000000000000000e+00,  0.000000000000000e+00,  0.000000000000000e+00,  0.000000000000000e+00,  0.000000000000000e+00,  1.219470926736176e-03, -7.315499108996708e-03,  1.397233897918078e-02,  1.354136427369823e-03, -1.349551362390491e-02,  2.168121565790015e-02,  1.421469177896252e-03, -1.450069670768855e-02,  2.686061717608516e-02,  1.339173593911312e-03, -1.349551362397363e-02,  2.649926358173769e-02,  1.226952343222712e-03, -8.767430230118228e-03,  2.107895966739648e-02,  9.202142576237831e-04, -4.479890039712443e-03,  1.035880303682899e-02, -5.541878074005340e-02,  5.863067424691165e-02
  1.980000000000000e+00,  4.402504390316139e-01,  9.295826960448251e-01, -2.887611721280848e-01, -3.186487094409370e-02, -1.399210365458692e-03,  1.568270102851454e-01,  6.776263578034403e-20,  8.673617379884035e-19,  0.000000000000000e+00,  7.300327064871550e-03,  1.788307352557629e-03, -7.416828338068338e-02,  1.131550695021857e-02,  1.940114300578519e-03, -7.596630237292520e-02,  1.259306418659449e-02,  1.895971856290866e-03, -7.281976913914458e-02,  1.137634300909421e-02,  1.823836640958249e-03, -6.697620741823765e-02,  1.009878577254883e-02,  1.752778070329872e-03, -5.618809347185141e-02,  8.091195829780819e-03,  1.564365193737266e-03, -3.955641780443278e-02,  0.000000000000000e+00,  0.000000000000000e+00,  0.000000000000000e+00,  0.000000000000000e+00,  0.000000000000000e+00,  0.000000000000000e+00,  0.000000000000000e+00,  0.000000000000000e+00,  0.000000000000000e+00,  0.000000000000000e+00,  0.000000000000000e+00,  0.000000000000000e+00,  0.000000000000000e+00,  0.000000000000000e+00,  0.000000000000000e+00,  0.000000000000000e+00,  0.000000000000000e+00,  0.000000000000000e+00,  0.000000000000000e+00,  0.000000000000000e+00,  0.000000000000000e+00,  0.000000000000000e+00,  0.000000000000000e+00,  0.000000000000000e+00,  0.000000000000000e+00,  0.000000000000000e+00,  0.000000000000000e+00,  0.000000000000000e+00,  0.000000000000000e+00,  0.000000000000000e+00,  0.000000000000000e+00,  0.000000000000000e+00,  0.000000000000000e+00,  9.327404666052543e-04, -7.163862399253432e-03,  1.422860345263218e-02,  1.035742480824686e-03, -1.321577669127986e-02,  2.207886742690277e-02,  1.087243488114952e-03, -1.420012419663561e-02,  2.735326353425516e-02,  1.024297812475693e-03, -1.321577669134279e-02,  2.698528241039416e-02,  9.384628004768135e-04, -8.585697684883776e-03,  2.146556555390191e-02,  7.038471005959371e-04, -4.387030239513239e-03,  1.054879221546337e-02, -5.423151635684462e-02,  5.973354489287643e-02
  1.990000000000000e+00,  4.513632030414240e-01,  9.286394602116077e-01, -2.883557587784532e-01, -2.962965700767084e-02, -6.782323830292874e-03,  1.561512993634953e-01,  0.000000000000000e+00, -4.336808689942018e-19,  0.000000000000000e+00,  6.669568854871726e-03,  2.432557743611372e-03, -7.443306540077202e-02,  1.033783172404909e-02,  2.639054219374493e-03, -7.623750335114099e-02,  1.150500627337342e-02,  2.579009146649425e-03, -7.307973694078626e-02,  1.039341146433312e-02,  2.480886709066911e-03, -6.721531360615338e-02,  9.226236914565722e-03,  2.384228785142809e-03, -5.638868591140109e-02,  7.392105479562369e-03,  2.127938835343985e-03, -3.969763488191736e-02,  0.000000000000000e+00,  0.000000000000000e+00,  0.000000000000000e+00,  0.000000000000000e+00,  0.000000000000000e+00,  0.000000000000000e+00,  0.000000000000000e+00,  0.000000000000000e+00,  0.000000000000000e+00,  0.000000000000000e+00,  0.000000000000000e+00,  0.000000000000000e+00,  0.000000000000000e+00,  0.000000000000000e+00,  0.000000000000000e+00,  0.000000000000000e+00,  0.000000000000000e+00,  0.000000000000000e+00,  0.000000000000000e+00,  0.000000000000000e+00,  0.000000000000000e+00,  0.000000000000000e+00,  0.000000000000000e+00,  0.000000000000000e+00,  0.000000000000000e+00,  0.000000000000000e+00,  0.000000000000000e+00,  0.000000000000000e+00,  0.000000000000000e+00,  0.000000000000000e+00,  0.000000000000000e+00,  0.000000000000000e+00,  0.000000000000000e+00,  6.423771563515543e-04, -6.989427186950758e-03,  1.447072462774326e-02,  7.133145105280661e-04, -1.289398145242397e-02,  2.245457269838785e-02,  7.487831877666999e-04, -1.385436076068215e-02,  2.781872062046980e-02,  7.054325821377806e-04, -1.289398145248199e-02,  2.744447774204805e-02,  6.463181201854037e-04, -8.376641743458016e-03,  2.183083456780716e-02,  4.847385904071581e-04, -4.280209015353353e-03,  1.072829584531118e-02, -5.286944072941834e-02,  6.077661084737589e-02
  2.000000000000000e+00,  4.624751239690047e-01,  9.275383769781514e-01, -2.879938734996365e-01, -2.788617057316335e-02, -1.193907480992744e-02,  1.550851440230394e-01,  0.000000000000000e+00,  4.336808689942017e-19,  0.000000000000000e+00,  6.108947022085513e-03,  2.994588078827703e-03, -7.462842443846820e-02,  9.468867882471175e-03,  3.248794535196002e-03, -7.643759836558436e-02,  1.053793361071837e-02,  3.174876347775114e-03, -7.327154399609206e-02,  9.519775773952070e-03,  3.054083210367925e-03, -6.739172873723880e-02,  8.450710044950755e-03,  2.935092955232044e-03, -5.653668518245172e-02,  6.770749613979620e-03,  2.619588490772365e-03, -3.980182636875932e-02,  0.000000000000000e+00,  0.000000000000000e+00,  0.000000000000000e+00,  0.000000000000000e+00,  0.000000000000000e+00,  0.000000000000000e+00,  0.000000000000000e+00,  0.000000000000000e+00,  0.000000000000000e+00,  0.000000000000000e+00,  0.000000000000000e+00,  0.000000000000000e+00,  0.000000000000000e+00,  0.000000000000000e+00,  0.000000000000000e+00,  0.000000000000000e+00,  0.000000000000000e+00,  0.000000000000000e+00,  0.000000000000000e+00,  0.000000000000000e+00,  0.000000000000000e+00,  0.000000000000000e+00,  0.000000000000000e+00,  0.000000000000000e+00,  0.000000000000000e+00,  0.000000000000000e+00,  0.000000000000000e+00,  0.000000000000000e+00,  0.000000000000000e+00,  0.000000000000000e+00,  0.000000000000000e+00,  0.000000000000000e+00,  0.000000000000000e+00,  3.455337005683882e-04, -6.791215353813732e-03,  1.469373790212023e-02,  3.836907958138957e-04, -1.252832349067375e-02,  2.280062777897428e-02,  4.027693435552393e-04, -1.346146758523416e-02,  2.824744441459384e-02,  3.794511183709762e-04, -1.252832349072809e-02,  2.786743395145424e-02,  3.476535388712682e-04, -8.139090157222528e-03,  2.216727700721350e-02,  2.607401544497072e-04, -4.158827383862601e-03,  1.089363327286932e-02, -5.132470974240835e-02,  6.173897352643812e-02
  2.010000000000000e+00,  4.736010232361901e-01,  9.262876700106626e-01, -2.876757722105569e-01, -2.669147605411056e-02, -1.687059412626838e-02,  1.536681459273944e-01,  0.000000000000000e+00,  8.673617379884035e-19,  0.000000000000000e+00,  5.626883979678823e-03,  3.471074872159158e-03, -7.475707796160808e-02,  8.721670165880217e-03,  3.765729635852292e-03, -7.656937076210368e-02,  9.706374861324524e-03,  3.680049884162115e-03, -7.339785836439805e-02,  8.768560865120085e-03,  3.540036629300058e-03, -6.750790676730346e-02,  7.783856168569379e-03,  3.402113124084576e-03, -5.663414997276341e-02,  6.236463074279698e-03,  3.036406860074811e-03, -3.987044158114177e-02,  0.000000000000000e+00,  0.000000000000000e+00,  0.000000000000000e+00,  0.000000000000000e+00,  0.000000000000000e+00,  0.000000000000000e+00,  0.000000000000000e+00,  0.000000000000000e+00,  0.000000000000000e+00,  0.000000000000000e+00,  0.000000000000000e+00,  0.000000000000000e+00,  0.000000000000000e+00,  0.000000000000000e+00,  0.000000000000000e+00,  0.000000000000000e+00,  0.000000000000000e+00,  0.000000000000000e+00,  0.000000000000000e+00,  0.000000000000000e+00,  0.000000000000000e+00,  0.000000000000000e+00,  0.000000000000000e+00,  0.000000000000000e+00,  0.000000000000000e+00,  0.000000000000000e+00,  0.000000000000000e+00,  0.000000000000000e+00,  0.000000000000000e+00,  0.000000000000000e+00,  0.000000000000000e+00,  0.000000000000000e+00,  0.000000000000000e+00,  4.091042943113702e-05, -6.569610851093467e-03,  1.489293365509867e-02,  4.542814503565127e-05, -1.211951111304459e-02,  2.310972463659736e-02,  4.768700292288108e-05, -1.302220573396764e-02,  2.863038107690496e-02,  4.492617639702207e-05, -1.211951111309674e-02,  2.824521899942543e-02,  4.116141327420280e-05, -7.873503081494607e-03,  2.246778784094711e-02,  3.087106027899705e-05, -4.023120470405922e-03,  1.104131288281537e-02, -4.960008897419828e-02,  6.260063014970960e-02
  2.020000000000000e+00,  4.847607515420382e-01,  9.248966368170192e-01, -2.873999663087526e-01, -2.609598318742080e-02, -2.161125333330431e-02,  1.519703772817169e-01,  0.000000000000000e+00,  8.673617379884035e-19,  0.000000000000000e+00,  5.230280963217104e-03,  3.865987734715635e-03, -7.482663614864545e-02,  8.106935489387629e-03,  4.194166107278421e-03, -7.664061520833633e-02,  9.022234656522250e-03,  4.098738356167283e-03, -7.346615185728926e-02,  8.150521163241645e-03,  3.942795443438431e-03, -6.757071991811707e-02,  7.235221994602464e-03,  3.789180036383524e-03, -5.668684556905963e-02,  5.796894729866308e-03,  3.381866456778585e-03, -3.990753928092342e-02,  0.000000000000000e+00,  0.000000000000000e+00,  0.000000000000000e+00,  0.000000000000000e+00,  0.000000000000000e+00,  0.000000000000000e+00,  0.000000000000000e+00,  0.000000000000000e+00,  0.000000000000000e+00,  0.000000000000000e+00,  0.000000000000000e+00,  0.000000000000000e+00,  0.000000000000000e+00,  0.000000000000000e+00,  0.000000000000000e+00,  0.000000000000000e+00,  0.000000000000000e+00,  0.000000000000000e+00,  0.000000000000000e+00,  0.000000000000000e+00,  0.000000000000000e+00,  0.000000000000000e+00,  0.000000000000000e+00,  0.000000000000000e+00,  0.000000000000000e+00,  0.000000000000000e+00,  0.000000000000000e+00,  0.000000000000000e+00,  0.000000000000000e+00,  0.000000000000000e+00,  0.000000000000000e+00,  0.000000000000000e+00,  0.000000000000000e+00, -2.720823782848291e-04, -6.326275132762725e-03,  1.506380906101724e-02, -3.021282856231975e-04, -1.167060934276864e-02,  2.337487612800232e-02, -3.171512392428943e-04, -1.253986852150062e-02,  2.895887431326518e-02, -2.987898517589503e-04, -1.167060934282050e-02,  2.856929304421285e-02, -2.737515957545105e-04, -7.581871724472064e-03,  2.272557401306742e-02, -2.053136964646803e-04, -3.874105721778257e-03,  1.116799637336594e-02, -4.770819327673020e-02,  6.334236705824238e-02
  2.030000000000000e+00,  4.959794130667257e-01,  9.233752829557900e-01, -2.871628757406204e-01, -2.614709585342476e-02, -2.623633625269377e-02,  1.500945778720517e-01, -4.336808689942018e-19, -1.734723475976807e-18,  0.000000000000000e+00,  4.925093134293377e-03,  4.191821656871536e-03, -7.484995189247234e-02,  7.633894353435515e-03,  4.547659622387440e-03, -7.666449618247410e-02,  8.495785650023735e-03,  4.444189011308885e-03, -7.348904367872287e-02,  7.674936795101131e-03,  4.275102888050220e-03, -6.759177474147339e-02,  6.813045496555242e-03,  4.108540437711666e-03, -5.670450901144443e-02,  5.458644884810133e-03,  3.666897576538958e-03, -3.991997434434882e-02,  0.000000000000000e+00,  0.000000000000000e+00,  0.000000000000000e+00,  0.000000000000000e+00,  0.000000000000000e+00,  0.000000000000000e+00,  0.000000000000000e+00,  0.000000000000000e+00,  0.000000000000000e+00,  0.000000000000000e+00,  0.000000000000000e+00,  0.000000000000000e+00,  0.000000000000000e+00,  0.000000000000000e+00,  0.000000000000000e+00,  0.000000000000000e+00,  0.000000000000000e+00,  0.000000000000000e+00,  0.000000000000000e+00,  0.000000000000000e+00,  0.000000000000000e+00,  0.000000000000000e+00,  0.000000000000000e+00,  0.000000000000000e+00,  0.000000000000000e+00,  0.000000000000000e+00,  0.000000000000000e+00,  0.000000000000000e+00,  0.000000000000000e+00,  0.000000000000000e+00,  0.000000000000000e+00,  0.000000000000000e+00,  0.000000000000000e+00, -5.942463289932234e-04, -6.063877332075283e-03,  1.520215197960147e-02, -6.598686235347269e-04, -1.118654215340887e-02,  2.358954617347435e-02, -6.926797707936915e-04, -1.201974667253095e-02,  2.922482664714719e-02, -6.525772578104422e-04, -1.118654215346277e-02,  2.883166754395278e-02, -5.978920124635765e-04, -7.267394971049597e-03,  2.293428100163232e-02, -4.484190089644027e-04, -3.713417670815127e-03,  1.127056095087158e-02, -4.566929692631126e-02,  6.394620539170237e-02
  2.040000000000000e+00,  5.072867742995875e-01,  9.217337299457424e-01, -2.869589852541861e-01, -2.689147155425874e-02, -3.085973158935084e-02,  1.481729268765022e-01,  0.000000000000000e+00,  2.602085213965210e-18,  0.000000000000000e+00,  4.716794350185339e-03,  4.469165043344747e-03, -7.484460641021172e-02,  7.311031236753435e-03,  4.848546307261986e-03, -7.665902111299755e-02,  8.136470245565451e-03,  4.738229773055200e-03, -7.348379538737933e-02,  7.350337854899092e-03,  4.557956409116088e-03, -6.758694760925345e-02,  6.524898843603372e-03,  4.380373691741927e-03, -5.670045940385876e-02,  5.227780397537977e-03,  3.909510425379991e-03, -3.991712342061000e-02,  0.000000000000000e+00,  0.000000000000000e+00,  0.000000000000000e+00,  0.000000000000000e+00,  0.000000000000000e+00,  0.000000000000000e+00,  0.000000000000000e+00,  0.000000000000000e+00,  0.000000000000000e+00,  0.000000000000000e+00,  0.000000000000000e+00,  0.000000000000000e+00,  0.000000000000000e+00,  0.000000000000000e+00,  0.000000000000000e+00,  0.000000000000000e+00,  0.000000000000000e+00,  0.000000000000000e+00,  0.000000000000000e+00,  0.000000000000000e+00,  0.000000000000000e+00,  0.000000000000000e+00,  0.000000000000000e+00,  0.000000000000000e+00,  0.000000000000000e+00,  0.000000000000000e+00,  0.000000000000000e+00,  0.000000000000000e+00,  0.000000000000000e+00,  0.000000000000000e+00,  0.000000000000000e+00,  0.000000000000000e+00,  0.000000000000000e+00, -9.272669677045056e-04, -5.785842154484766e-03,  1.530419783307191e-02, -1.029664547519630e-03, -1.067362738582497e-02,  2.374789318682843e-02, -1.080863337456024e-03, -1.146862859813494e-02,  2.942100100233952e-02, -1.018287039048105e-03, -1.067362738588381e-02,  2.902520278220497e-02, -9.329557226355189e-04, -6.934177239218730e-03,  2.308822948674221e-02, -6.997167915529672e-04, -3.543153550205759e-03,  1.134621563525890e-02, -4.350930793350273e-02,  6.439611930615040e-02
  2.050000000000000e+00,  5.187156393521520e-01,  9.199816715965169e-01, -2.867814198777215e-01, -2.837316906413017e-02, -3.562223168931837e-02,  1.463565632497982e-01, -3.469446951953613e-18,  1.301042606982605e-18,  0.000000000000000e+00,  4.610273269183454e-03,  4.724633471838518e-03, -7.483119745837337e-02,  7.145923559610544e-03,  5.125701099417779e-03, -7.664528709601671e-02,  7.952721378590200e-03,  5.009078602036697e-03, -7.347063023517980e-02,  7.184342501715296e-03,  4.818500370823055e-03, -6.757483891983782e-02,  6.377544679623957e-03,  4.630766590037002e-03, -5.669030110737530e-02,  5.109719530897799e-03,  4.132987625001983e-03, -3.990997197992341e-02,  0.000000000000000e+00,  0.000000000000000e+00,  0.000000000000000e+00,  0.000000000000000e+00,  0.000000000000000e+00,  0.000000000000000e+00,  0.000000000000000e+00,  0.000000000000000e+00,  0.000000000000000e+00,  0.000000000000000e+00,  0.000000000000000e+00,  0.000000000000000e+00,  0.000000000000000e+00,  0.000000000000000e+00,  0.000000000000000e+00,  0.000000000000000e+00,  0.000000000000000e+00,  0.000000000000000e+00,  0.000000000000000e+00,  0.000000000000000e+00,  0.000000000000000e+00,  0.000000000000000e+00,  0.000000000000000e+00,  0.000000000000000e+00,  0.000000000000000e+00,  0.000000000000000e+00,  0.000000000000000e+00,  0.000000000000000e+00,  0.000000000000000e+00,  0.000000000000000e+00,  0.000000000000000e+00,  0.000000000000000e+00,  0.000000000000000e+00, -1.273768647714995e-03, -5.496166893040054e-03,  1.536681311092719e-02, -1.414430216760822e-03, -1.013923918115450e-02,  2.384505482419408e-02, -1.484761001357811e-03, -1.089443768582568e-02,  2.954137347505201e-02, -1.398801154003659e-03, -1.013923918122201e-02,  2.914395589424447e-02, -1.281583179895926e-03, -6.587009177906940e-03,  2.318269218963699e-02, -9.611873844478472e-04, -3.365761235760923e-03,  1.139263730667603e-02, -4.125836994516515e-02,  6.467881275285117e-02
  2.060000000000000e+00,  5.302987429192030e-01,  9.181283947049275e-01, -2.866227706751723e-01, -3.062477288156357e-02, -4.067147503193126e-02,  1.447957186546212e-01,  0.000000000000000e+00, -4.336808689942018e-19,  0.000000000000000e+00,  4.608619700541532e-03,  4.987281949810542e-03, -7.483020575283941e-02,  7.143360526258512e-03,  5.410645445946866e-03, -7.664427134966156e-02,  7.949868969937386e-03,  5.287539753756875e-03, -7.346965656142329e-02,  7.181765688202822e-03,  5.086367032598206e-03, -6.757394338036495e-02,  6.375257240650339e-03,  4.888196888419558e-03, -5.668954981591355e-02,  5.107886823377557e-03,  4.362745747397763e-03, -3.990944307082267e-02,  0.000000000000000e+00,  0.000000000000000e+00,  0.000000000000000e+00,  0.000000000000000e+00,  0.000000000000000e+00,  0.000000000000000e+00,  0.000000000000000e+00,  0.000000000000000e+00,  0.000000000000000e+00,  0.000000000000000e+00,  0.000000000000000e+00,  0.000000000000000e+00,  0.000000000000000e+00,  0.000000000000000e+00,  0.000000000000000e+00,  0.000000000000000e+00,  0.000000000000000e+00,  0.000000000000000e+00,  0.000000000000000e+00,  0.000000000000000e+00,  0.000000000000000e+00,  0.000000000000000e+00,  0.000000000000000e+00,  0.000000000000000e+00,  0.000000000000000e+00,  0.000000000000000e+00,  0.000000000000000e+00,  0.000000000000000e+00,  0.000000000000000e+00,  0.000000000000000e+00,  0.000000000000000e+00,  0.000000000000000e+00,  0.000000000000000e+00, -1.636474126795410e-03, -5.199262059497772e-03,  1.538782173367464e-02, -1.817189061656735e-03, -9.591513979674945e-03,  2.387765441048769e-02, -1.907546529213335e-03, -1.030591640039846e-02,  2.958176074004014e-02, -1.797109625002325e-03, -9.591513979756204e-03,  2.918379983274484e-02, -1.646513846044759e-03, -6.231176667619406e-03,  2.321438623176303e-02, -1.234885384004653e-03, -3.183941651552156e-03,  1.140821266480753e-02, -3.894980584299364e-02,  6.478504292505530e-02
  2.070000000000000e+00,  5.420640889713189e-01,  9.161835712967021e-01, -2.864762624870236e-01, -3.364850231468300e-02, -4.613403211763626e-02,  1.436076718078381e-01,  0.000000000000000e+00,  3.469446951953613e-18,  0.000000000000000e+00,  4.710359028172195e-03,  5.283806167648667e-03, -7.485684108056120e-02,  7.301056481717696e-03,  5.732341197567191e-03, -7.667155238298363e-02,  8.125369306793648e-03,  5.601916124502507e-03, -7.349580761146954e-02,  7.340309470907819e-03,  5.388782462767587e-03, -6.759799588934103e-02,  6.515996641048448e-03,  5.178829899315964e-03, -5.670972809532954e-02,  5.220647908767448e-03,  4.622137494638146e-03, -3.992364857966485e-02,  0.000000000000000e+00,  0.000000000000000e+00,  0.000000000000000e+00,  0.000000000000000e+00,  0.000000000000000e+00,  0.000000000000000e+00,  0.000000000000000e+00,  0.000000000000000e+00,  0.000000000000000e+00,  0.000000000000000e+00,  0.000000000000000e+00,  0.000000000000000e+00,  0.000000000000000e+00,  0.000000000000000e+00,  0.000000000000000e+00,  0.000000000000000e+00,  0.000000000000000e+00,  0.000000000000000e+00,  0.000000000000000e+00,  0.000000000000000e+00,  0.000000000000000e+00,  0.000000000000000e+00,  0.000000000000000e+00,  0.000000000000000e+00,  0.000000000000000e+00,  0.000000000000000e+00,  0.000000000000000e+00,  0.000000000000000e+00,  0.000000000000000e+00,  0.000000000000000e+00,  0.000000000000000e+00,  0.000000000000000e+00,  0.000000000000000e+00, -2.016404384204520e-03, -4.899766511737362e-03,  1.536647954070815e-02, -2.239074807617782e-03, -9.039009470851541e-03,  2.384453721370550e-02, -2.350410019509962e-03, -9.712259831636150e-03,  2.954073221264925e-02, -2.214333650090640e-03, -9.039009470952361e-03,  2.914332325858457e-02, -2.028774963998515e-03, -5.872239255577756e-03,  2.318218895700491e-02, -1.521581222427241e-03, -3.000535557012413e-03,  1.139239000436856e-02, -3.661903881936572e-02,  6.471153219004744e-02
  2.080000000000000e+00,  5.540295976609647e-01,  9.141590119062164e-01, -2.863374266452933e-01, -3.738432273081967e-02, -5.208469067112666e-02,  1.428384599514426e-01, -6.938893903907230e-18, -1.734723475976807e-18,  0.000000000000000e+00,  4.904798965351513e-03,  5.633449537595981e-03, -7.491472016313613e-02,  7.602438381652490e-03,  6.111665312983973e-03, -7.673083459557127e-02,  8.460778194668353e-03,  5.972609669925771e-03, -7.355263434817555e-02,  7.643311703106948e-03,  5.745372392644826e-03, -6.765026245579593e-02,  6.784971884282701e-03,  5.521526715156882e-03, -5.675357588605813e-02,  5.436152169382408e-03,  4.927996507599810e-03, -3.995451742447983e-02,  0.000000000000000e+00,  0.000000000000000e+00,  0.000000000000000e+00,  0.000000000000000e+00,  0.000000000000000e+00,  0.000000000000000e+00,  0.000000000000000e+00,  0.000000000000000e+00,  0.000000000000000e+00,  0.000000000000000e+00,  0.000000000000000e+00,  0.000000000000000e+00,  0.000000000000000e+00,  0.000000000000000e+00,  0.000000000000000e+00,  0.000000000000000e+00,  0.000000000000000e+00,  0.000000000000000e+00,  0.000000000000000e+00,  0.000000000000000e+00,  0.000000000000000e+00,  0.000000000000000e+00,  0.000000000000000e+00,  0.000000000000000e+00,  0.000000000000000e+00,  0.000000000000000e+00,  0.000000000000000e+00,  0.000000000000000e+00,  0.000000000000000e+00,  0.000000000000000e+00,  0.000000000000000e+00,  0.000000000000000e+00,  0.000000000000000e+00, -2.410143006023917e-03, -4.602435975123693e-03,  1.530384811359809e-02, -2.676293767990733e-03, -8.490498939351169e-03,  2.374735051556738e-02, -2.809369149225478e-03, -9.122894722646088e-03,  2.942032869189411e-02, -2.646721461786161e-03, -8.490498939477072e-03,  2.902453951608367e-02, -2.424929160217255e-03, -5.515896551549182e-03,  2.308770188925609e-02, -1.818696869584392e-03, -2.818455279276954e-03,  1.134595635996253e-02, -3.430321833654202e-02,  6.446244944982397e-02
  2.090000000000000e+00,  5.661990378412112e-01,  9.120716881574834e-01, -2.862061542465546e-01, -4.166814314997593e-02, -5.852407721752944e-02,  1.424377819220720e-01,  0.000000000000000e+00, -6.938893903907227e-18,  0.000000000000000e+00,  5.166022927124945e-03,  6.044258066170886e-03, -7.499184720546988e-02,  8.007335519662866e-03,  6.557346812683869e-03, -7.680983138499155e-02,  8.911389524885981e-03,  6.408150803311367e-03, -7.362835908153022e-02,  8.050385706890362e-03,  6.164342682546215e-03, -6.771991051296578e-02,  7.146331694819924e-03,  5.924173487398520e-03, -5.681200546426067e-02,  5.725675390545371e-03,  5.287361224933275e-03, -3.999565184762948e-02,  0.000000000000000e+00,  0.000000000000000e+00,  0.000000000000000e+00,  0.000000000000000e+00,  0.000000000000000e+00,  0.000000000000000e+00,  0.000000000000000e+00,  0.000000000000000e+00,  0.000000000000000e+00,  0.000000000000000e+00,  0.000000000000000e+00,  0.000000000000000e+00,  0.000000000000000e+00,  0.000000000000000e+00,  0.000000000000000e+00,  0.000000000000000e+00,  0.000000000000000e+00,  0.000000000000000e+00,  0.000000000000000e+00,  0.000000000000000e+00,  0.000000000000000e+00,  0.000000000000000e+00,  0.000000000000000e+00,  0.000000000000000e+00,  0.000000000000000e+00,  0.000000000000000e+00,  0.000000000000000e+00,  0.000000000000000e+00,  0.000000000000000e+00,  0.000000000000000e+00,  0.000000000000000e+00,  0.000000000000000e+00,  0.000000000000000e+00, -2.806644567214519e-03, -4.312266514364694e-03,  1.520289814439136e-02, -3.116580777528206e-03, -7.955199043930354e-03,  2.359070401064097e-02, -3.271548883003138e-03, -8.547724214350620e-03,  2.922626107716200e-02, -3.082143421512724e-03, -7.955199044085724e-03,  2.883308267638895e-02, -2.823863246298667e-03, -5.168136205580710e-03,  2.293540667601747e-02, -2.117897434191725e-03, -2.640760325309823e-03,  1.127111414121166e-02, -3.204266279470021e-02,  6.404979426038124e-02
  2.100000000000000e+00,  5.785615995774283e-01,  9.099472775439127e-01, -2.860884636798438e-01, -4.619879680622322e-02, -6.537523500673542e-02,  1.422661241646266e-01,  0.000000000000000e+00,  5.204170427930421e-18,  0.000000000000000e+00,  5.448307056754666e-03,  6.512288042133398e-03, -7.506220454409294e-02,  8.444875918235374e-03,  7.065107208935193e-03, -7.688189435639393e-02,  9.398329645167375e-03,  6.904358383062199e-03, -7.369743719627173e-02,  8.490278472687764e-03,  6.641671268886817e-03, -6.778344532210814e-02,  7.536824738012804e-03,  6.382904856206417e-03, -5.686530647861161e-02,  6.038540298186745e-03,  5.696781789265616e-03, -4.003317576173582e-02,  0.000000000000000e+00,  0.000000000000000e+00,  0.000000000000000e+00,  0.000000000000000e+00,  0.000000000000000e+00,  0.000000000000000e+00,  0.000000000000000e+00,  0.000000000000000e+00,  0.000000000000000e+00,  0.000000000000000e+00,  0.000000000000000e+00,  0.000000000000000e+00,  0.000000000000000e+00,  0.000000000000000e+00,  0.000000000000000e+00,  0.000000000000000e+00,  0.000000000000000e+00,  0.000000000000000e+00,  0.000000000000000e+00,  0.000000000000000e+00,  0.000000000000000e+00,  0.000000000000000e+00,  0.000000000000000e+00,  0.000000000000000e+00,  0.000000000000000e+00,  0.000000000000000e+00,  0.000000000000000e+00,  0.000000000000000e+00,  0.000000000000000e+00,  0.000000000000000e+00,  0.000000000000000e+00,  0.000000000000000e+00,  0.000000000000000e+00, -3.185247825126853e-03, -4.034732884637607e-03,  1.506829646237857e-02, -3.536992983977422e-03, -7.443209523740018e-03,  2.338183933067763e-02, -3.712865563780977e-03, -7.997600302331962e-03,  2.896750094559600e-02, -3.497910189195607e-03, -7.443209523927136e-03,  2.857780362278584e-02, -3.204789223508853e-03, -4.835519565469511e-03,  2.273234379261570e-02, -2.403591917193450e-03, -2.470803344181472e-03,  1.117132323881848e-02, -2.988289411293633e-02,  6.349256237952956e-02
  2.110000000000000e+00,  5.910960879940500e-01,  9.078218811375759e-01, -2.859966944849665e-01, -5.054396548497380e-02, -7.250227147077710e-02,  1.421339445168747e-01,  0.000000000000000e+00, -3.469446951953614e-18,  0.000000000000000e+00,  5.687313420109456e-03,  7.024209732877961e-03, -7.509248456469123e-02,  8.815335779882659e-03,  7.620485226532291e-03, -7.691290843812867e-02,  9.810615619732434e-03,  7.447100164072891e-03, -7.372716667105324e-02,  8.862730053670428e-03,  7.163763589896240e-03, -6.781078909817628e-02,  7.867450205482483e-03,  6.884655918041448e-03, -5.688824588797258e-02,  6.303439015782504e-03,  6.144597693939173e-03, -4.004932510584076e-02,  0.000000000000000e+00,  0.000000000000000e+00,  0.000000000000000e+00,  0.000000000000000e+00,  0.000000000000000e+00,  0.000000000000000e+00,  0.000000000000000e+00,  0.000000000000000e+00,  0.000000000000000e+00,  0.000000000000000e+00,  0.000000000000000e+00,  0.000000000000000e+00,  0.000000000000000e+00,  0.000000000000000e+00,  0.000000000000000e+00,  0.000000000000000e+00,  0.000000000000000e+00,  0.000000000000000e+00,  0.000000000000000e+00,  0.000000000000000e+00,  0.000000000000000e+00,  0.000000000000000e+00,  0.000000000000000e+00,  0.000000000000000e+00,  0.000000000000000e+00,  0.000000000000000e+00,  0.000000000000000e+00,  0.000000000000000e+00,  0.000000000000000e+00,  0.000000000000000e+00,  0.000000000000000e+00,  0.000000000000000e+00,  0.000000000000000e+00, -3.517010637919819e-03, -3.775736270243936e-03,  1.490573589725753e-02, -3.905392180803915e-03, -6.965416787448934e-03,  2.312959017712763e-02, -4.099582952669181e-03, -7.484220245006596e-03,  2.865499227182595e-02, -3.862238676619513e-03, -6.965416787665098e-03,  2.826949910155325e-02, -3.538587390883288e-03, -4.525119042932169e-03,  2.248710155992644e-02, -2.653940542836822e-03, -2.312198123080543e-03,  1.105080419898123e-02, -2.787384360146528e-02,  6.281411990489315e-02
  2.120000000000000e+00,  6.037781466823584e-01,  9.057399379341172e-01, -2.859471078650305e-01, -5.420028054841023e-02, -7.974387179420488e-02,  1.418522989902157e-01, -8.673617379884034e-19, -1.214306433183765e-17,  0.000000000000000e+00,  5.809052689818785e-03,  7.562120446442175e-03, -7.505000711197707e-02,  9.004031647454343e-03,  8.204058438847009e-03, -7.686940122880766e-02,  1.002061585927783e-02,  8.017395628479087e-03, -7.368546153537686e-02,  9.052440415047481e-03,  7.712361271199797e-03, -6.777243067082836e-02,  8.035856194703088e-03,  7.411879663756752e-03, -5.685606599915910e-02,  6.438366705822993e-03,  6.615148125500127e-03, -4.002667046400372e-02,  0.000000000000000e+00,  0.000000000000000e+00,  0.000000000000000e+00,  0.000000000000000e+00,  0.000000000000000e+00,  0.000000000000000e+00,  0.000000000000000e+00,  0.000000000000000e+00,  0.000000000000000e+00,  0.000000000000000e+00,  0.000000000000000e+00,  0.000000000000000e+00,  0.000000000000000e+00,  0.000000000000000e+00,  0.000000000000000e+00,  0.000000000000000e+00,  0.000000000000000e+00,  0.000000000000000e+00,  0.000000000000000e+00,  0.000000000000000e+00,  0.000000000000000e+00,  0.000000000000000e+00,  0.000000000000000e+00,  0.000000000000000e+00,  0.000000000000000e+00,  0.000000000000000e+00,  0.000000000000000e+00,  0.000000000000000e+00,  0.000000000000000e+00,  0.000000000000000e+00,  0.000000000000000e+00,  0.000000000000000e+00,  0.000000000000000e+00, -3.769570892907376e-03, -3.541050244800625e-03,  1.472082034868154e-02, -4.185842525145070e-03, -6.532471829610735e-03,  2.284265225660316e-02, -4.393978341705868e-03, -7.019028352381192e-03,  2.829950807022592e-02, -4.139590122073916e-03, -6.532471829844760e-03,  2.791879719863144e-02, -3.792697095196250e-03, -4.243854111682072e-03,  2.220813413718098e-02, -2.844522821168326e-03, -2.168480302525887e-03,  1.091371163701237e-02, -2.606467606487495e-02,  6.203772976613767e-02
  2.130000000000000e+00,  6.165872575662447e-01,  9.037490027396504e-01, -2.859558273294363e-01, -5.668574105170487e-02, -8.694663283076287e-02,  1.412705217455730e-01,  0.000000000000000e+00,  8.673617379884034e-19,  0.000000000000000e+00,  5.743318732178298e-03,  8.108416109798339e-03, -7.490788656165026e-02,  8.902144013829253e-03,  8.796728387507871e-03, -7.672383533154753e-02,  9.907224783358027e-03,  8.596580855594270e-03, -7.354592499467942e-02,  8.950004998624760e-03,  8.269510490186554e-03, -6.764409150685767e-02,  7.944924220862888e-03,  7.947321770322993e-03, -5.674839891526228e-02,  6.365511570282810e-03,  7.093033494652757e-03, -3.995087283688938e-02,  0.000000000000000e+00,  0.000000000000000e+00,  0.000000000000000e+00,  0.000000000000000e+00,  0.000000000000000e+00,  0.000000000000000e+00,  0.000000000000000e+00,  0.000000000000000e+00,  0.000000000000000e+00,  0.000000000000000e+00,  0.000000000000000e+00,  0.000000000000000e+00,  0.000000000000000e+00,  0.000000000000000e+00,  0.000000000000000e+00,  0.000000000000000e+00,  0.000000000000000e+00,  0.000000000000000e+00,  0.000000000000000e+00,  0.000000000000000e+00,  0.000000000000000e+00,  0.000000000000000e+00,  0.000000000000000e+00,  0.000000000000000e+00,  0.000000000000000e+00,  0.000000000000000e+00,  0.000000000000000e+00,  0.000000000000000e+00,  0.000000000000000e+00,  0.000000000000000e+00,  0.000000000000000e+00,  0.000000000000000e+00,  0.000000000000000e+00, -3.913148924198522e-03, -3.335562020405295e-03,  1.451791091432437e-02, -4.345275799089213e-03, -6.153390499479920e-03,  2.252779278985611e-02, -4.561339236956209e-03, -6.611711999029300e-03,  2.790943217545785e-02, -4.297261702323657e-03, -6.153390499712799e-03,  2.753396896167632e-02, -3.937155973231600e-03, -3.997581964825928e-03,  2.190202076679830e-02, -2.952866979755251e-03, -2.042642729961904e-03,  1.076327878054172e-02, -2.449697200521617e-02,  6.118178637723636e-02
  2.140000000000000e+00,  6.295107992444268e-01,  9.018941782862258e-01, -2.860356467730357e-01, -5.762104372514970e-02, -9.398506077886090e-02,  1.402901566653579e-01,  0.000000000000000e+00,  6.071532165918823e-18,  0.000000000000000e+00,  5.435520279944624e-03,  8.648907453379153e-03, -7.464638248337360e-02,  8.425056414737484e-03,  9.383101295477156e-03, -7.645599176022352e-02,  9.376272455930701e-03,  9.169612315292912e-03, -7.328917553569113e-02,  8.470352412887076e-03,  8.820740071392941e-03, -6.740794539965396e-02,  7.519136364208632e-03,  8.477074874310587e-03, -5.655028976501401e-02,  6.024368287935356e-03,  7.565841394104193e-03, -3.981140399518302e-02,  0.000000000000000e+00,  0.000000000000000e+00,  0.000000000000000e+00,  0.000000000000000e+00,  0.000000000000000e+00,  0.000000000000000e+00,  0.000000000000000e+00,  0.000000000000000e+00,  0.000000000000000e+00,  0.000000000000000e+00,  0.000000000000000e+00,  0.000000000000000e+00,  0.000000000000000e+00,  0.000000000000000e+00,  0.000000000000000e+00,  0.000000000000000e+00,  0.000000000000000e+00,  0.000000000000000e+00,  0.000000000000000e+00,  0.000000000000000e+00,  0.000000000000000e+00,  0.000000000000000e+00,  0.000000000000000e+00,  0.000000000000000e+00,  0.000000000000000e+00,  0.000000000000000e+00,  0.000000000000000e+00,  0.000000000000000e+00,  0.000000000000000e+00,  0.000000000000000e+00,  0.000000000000000e+00,  0.000000000000000e+00,  0.000000000000000e+00, -3.925158005411453e-03, -3.162769418617327e-03,  1.429939133400720e-02, -4.358611036547650e-03, -5.834625521291261e-03,  2.218871068359046e-02, -4.575337552470475e-03, -6.269204525885195e-03,  2.748934712196219e-02, -4.310449589024760e-03, -5.834625521500784e-03,  2.711953527668722e-02, -3.949238729734796e-03, -3.790494648039705e-03,  2.157235760808061e-02, -2.961929047150416e-03, -1.936827413159452e-03,  1.060127288496886e-02, -2.320019150398222e-02,  6.025664805210883e-02
  2.150000000000000e+00,  6.425444071909123e-01,  9.002147255516562e-01, -2.861950826469389e-01, -5.677237790043665e-02, -1.007660456518823e-01,  1.388620121294267e-01,  0.000000000000000e+00,  0.000000000000000e+00,  0.000000000000000e+00,  4.853110476884272e-03,  9.173560568122191e-03, -7.425232254920423e-02,  7.522321222794393e-03,  9.952291489037030e-03, -7.605237885778435e-02,  8.371615549676754e-03,  9.725852010160161e-03, -7.290228032741201e-02,  7.562763806574001e-03,  9.355816756686725e-03, -6.705209733797823e-02,  6.713469473320018e-03,  8.991304415961420e-03, -5.625175951212467e-02,  5.378864092851608e-03,  8.024794418848341e-03, -3.960123869731921e-02,  0.000000000000000e+00,  0.000000000000000e+00,  0.000000000000000e+00,  0.000000000000000e+00,  0.000000000000000e+00,  0.000000000000000e+00,  0.000000000000000e+00,  0.000000000000000e+00,  0.000000000000000e+00,  0.000000000000000e+00,  0.000000000000000e+00,  0.000000000000000e+00,  0.000000000000000e+00,  0.000000000000000e+00,  0.000000000000000e+00,  0.000000000000000e+00,  0.000000000000000e+00,  0.000000000000000e+00,  0.000000000000000e+00,  0.000000000000000e+00,  0.000000000000000e+00,  0.000000000000000e+00,  0.000000000000000e+00,  0.000000000000000e+00,  0.000000000000000e+00,  0.000000000000000e+00,  0.000000000000000e+00,  0.000000000000000e+00,  0.000000000000000e+00,  0.000000000000000e+00,  0.000000000000000e+00,  0.000000000000000e+00,  0.000000000000000e+00, -3.792669875926390e-03, -3.024648763269984e-03,  1.406551428135837e-02, -4.211492316211781e-03, -5.579822785099035e-03,  2.182579801744057e-02, -4.420903536600611e-03, -5.995423378955768e-03,  2.703973865280432e-02, -4.164956489836832e-03, -5.579822785267810e-03,  2.667597535206411e-02, -3.815937789605821e-03, -3.624960732649986e-03,  2.121952584954564e-02, -2.861953342031542e-03, -1.852244619979371e-03,  1.042788127726436e-02, -2.219036253799780e-02,  5.926382710691407e-02
  2.160000000000000e+00,  6.556894949914227e-01,  8.987436111985039e-01, -2.864388464503569e-01, -5.405781287071802e-02, -1.072247187931690e-01,  1.369795713889431e-01,  8.673617379884035e-19,  1.908195823574488e-17,  0.000000000000000e+00,  3.986730167665552e-03,  9.675572983273491e-03, -7.371908202946845e-02,  6.179431746920326e-03,  1.049691904526412e-02, -7.550621129508052e-02,  6.877109521194134e-03,  1.025808792903575e-02, -7.237873508983174e-02,  6.212654495562043e-03,  9.867802927179519e-03, -6.657056499015494e-02,  5.514976716252499e-03,  9.483343073232257e-03, -5.584778942188556e-02,  4.418625920794761e-03,  8.463941942977954e-03, -3.931684375396652e-02,  0.000000000000000e+00,  0.000000000000000e+00,  0.000000000000000e+00,  0.000000000000000e+00,  0.000000000000000e+00,  0.000000000000000e+00,  0.000000000000000e+00,  0.000000000000000e+00,  0.000000000000000e+00,  0.000000000000000e+00,  0.000000000000000e+00,  0.000000000000000e+00,  0.000000000000000e+00,  0.000000000000000e+00,  0.000000000000000e+00,  0.000000000000000e+00,  0.000000000000000e+00,  0.000000000000000e+00,  0.000000000000000e+00,  0.000000000000000e+00,  0.000000000000000e+00,  0.000000000000000e+00,  0.000000000000000e+00,  0.000000000000000e+00,  0.000000000000000e+00,  0.000000000000000e+00,  0.000000000000000e+00,  0.000000000000000e+00,  0.000000000000000e+00,  0.000000000000000e+00,  0.000000000000000e+00,  0.000000000000000e+00,  0.000000000000000e+00, -3.513100364301336e-03, -2.921717243544513e-03,  1.381477986801790e-02, -3.901050097984498e-03, -5.389936393171208e-03,  2.143672737808912e-02, -4.095024964937838e-03, -5.791393724688362e-03,  2.655772336138533e-02, -3.857944572295254e-03, -5.389936393295299e-03,  2.620044457141874e-02, -3.534653127592354e-03, -3.501600056115144e-03,  2.084126272820837e-02, -2.650989845471392e-03, -1.789211068480757e-03,  1.024199197116205e-02, -2.147053873684940e-02,  5.819742622696459e-02
  2.170000000000000e+00,  6.689492667184458e-01,  8.975091247260298e-01, -2.867683420891388e-01, -4.953295016182158e-02, -1.133191411603771e-01,  1.346752469573725e-01,  0.000000000000000e+00,  5.204170427930421e-18,  0.000000000000000e+00,  2.848061088020259e-03,  1.015033784297168e-02, -7.304787565229917e-02,  4.414494677302996e-03,  1.101198603897927e-02, -7.481873324820759e-02,  4.912905364333702e-03,  1.076143586213734e-02, -7.171973246510596e-02,  4.438228517800270e-03,  1.035200020049893e-02, -6.596444529239384e-02,  3.939817827192325e-03,  9.948675517608545e-03, -5.533929974267796e-02,  3.156601028586354e-03,  8.879254008019390e-03, -3.895886701985274e-02,  0.000000000000000e+00,  0.000000000000000e+00,  0.000000000000000e+00,  0.000000000000000e+00,  0.000000000000000e+00,  0.000000000000000e+00,  0.000000000000000e+00,  0.000000000000000e+00,  0.000000000000000e+00,  0.000000000000000e+00,  0.000000000000000e+00,  0.000000000000000e+00,  0.000000000000000e+00,  0.000000000000000e+00,  0.000000000000000e+00,  0.000000000000000e+00,  0.000000000000000e+00,  0.000000000000000e+00,  0.000000000000000e+00,  0.000000000000000e+00,  0.000000000000000e+00,  0.000000000000000e+00,  0.000000000000000e+00,  0.000000000000000e+00,  0.000000000000000e+00,  0.000000000000000e+00,  0.000000000000000e+00,  0.000000000000000e+00,  0.000000000000000e+00,  0.000000000000000e+00,  0.000000000000000e+00,  0.000000000000000e+00,  0.000000000000000e+00, -3.093551297482429e-03, -2.853224555791179e-03,  1.354472606065848e-02, -3.435170459596796e-03, -5.263582197662900e-03,  2.101767836857069e-02, -3.605980040619261e-03, -5.655628320101010e-03,  2.603856820022941e-02, -3.397212775148116e-03, -5.263582197755714e-03,  2.568827356054273e-02, -3.112530140122371e-03, -3.419513399608889e-03,  2.043385396919735e-02, -2.334397604813905e-03, -1.747267285180909e-03,  1.004177966601269e-02, -2.103243503442915e-02,  5.704736980593186e-02
  2.180000000000000e+00,  6.823244652683570e-01,  8.965370405400827e-01, -2.871815733605026e-01, -4.336863495443365e-02, -1.190270776723793e-01,  1.320186799548995e-01,  0.000000000000000e+00, -6.505213034913027e-18,  0.000000000000000e+00,  1.466227101074463e-03,  1.059520985360489e-02, -7.224948897544349e-02,  2.272652001849446e-03,  1.149462262145515e-02, -7.400099174291465e-02,  2.529241743065639e-03,  1.123309125702159e-02, -7.093586190980039e-02,  2.284870560076440e-03,  1.080571072776819e-02, -6.524347792996327e-02,  2.028280816875769e-03,  1.038470901119644e-02, -5.473446135130587e-02,  1.625068364571816e-03,  9.268416579451468e-03, -3.853306079214198e-02,  0.000000000000000e+00,  0.000000000000000e+00,  0.000000000000000e+00,  0.000000000000000e+00,  0.000000000000000e+00,  0.000000000000000e+00,  0.000000000000000e+00,  0.000000000000000e+00,  0.000000000000000e+00,  0.000000000000000e+00,  0.000000000000000e+00,  0.000000000000000e+00,  0.000000000000000e+00,  0.000000000000000e+00,  0.000000000000000e+00,  0.000000000000000e+00,  0.000000000000000e+00,  0.000000000000000e+00,  0.000000000000000e+00,  0.000000000000000e+00,  0.000000000000000e+00,  0.000000000000000e+00,  0.000000000000000e+00,  0.000000000000000e+00,  0.000000000000000e+00,  0.000000000000000e+00,  0.000000000000000e+00,  0.000000000000000e+00,  0.000000000000000e+00,  0.000000000000000e+00,  0.000000000000000e+00,  0.000000000000000e+00,  0.000000000000000e+00, -2.549297938191053e-03, -2.817425245967000e-03,  1.325285953848292e-02, -2.830815502558363e-03, -5.197540213446660e-03,  2.056478204251030e-02, -2.971574284548345e-03, -5.584667346699439e-03,  2.547747997456771e-02, -2.799535773349480e-03, -5.197540213534343e-03,  2.513473360709478e-02, -2.564937803161251e-03, -3.376608883125895e-03,  1.999353809683871e-02, -1.923703352061406e-03, -1.725344383034633e-03,  9.825395865310810e-03, -2.085880834912788e-02,  5.580330402767464e-02
  2.190000000000000e+00,  6.958099565935577e-01,  8.958519660062336e-01, -2.876726784823136e-01, -3.582699318017671e-02, -1.243455533225323e-01,  1.291158739939137e-01,  0.000000000000000e+00, -7.806255641895632e-18,  0.000000000000000e+00, -1.161195692368370e-04,  1.100921788589426e-02, -7.134557673011610e-02, -1.799853322227055e-04,  1.194377522546488e-02, -7.307516647344103e-02, -2.003062561720370e-04,  1.167202451767843e-02, -7.004838443248596e-02, -1.809529951727060e-04,  1.122794408553406e-02, -6.442721778107179e-02, -1.606320714252725e-04,  1.079049171845277e-02, -5.404967934690996e-02, -1.286991895543023e-04,  9.630580138205832e-03, -3.805097426061266e-02,  0.000000000000000e+00,  0.000000000000000e+00,  0.000000000000000e+00,  0.000000000000000e+00,  0.000000000000000e+00,  0.000000000000000e+00,  0.000000000000000e+00,  0.000000000000000e+00,  0.000000000000000e+00,  0.000000000000000e+00,  0.000000000000000e+00,  0.000000000000000e+00,  0.000000000000000e+00,  0.000000000000000e+00,  0.000000000000000e+00,  0.000000000000000e+00,  0.000000000000000e+00,  0.000000000000000e+00,  0.000000000000000e+00,  0.000000000000000e+00,  0.000000000000000e+00,  0.000000000000000e+00,  0.000000000000000e+00,  0.000000000000000e+00,  0.000000000000000e+00,  0.000000000000000e+00,  0.000000000000000e+00,  0.000000000000000e+00,  0.000000000000000e+00,  0.000000000000000e+00,  0.000000000000000e+00,  0.000000000000000e+00,  0.000000000000000e+00, -1.902303474693495e-03, -2.811496165113880e-03,  1.293738689118812e-02, -2.112373797863769e-03, -5.186602341300507e-03,  2.007525552174143e-02, -2.217408959074416e-03, -5.572914791665681e-03,  2.487101100752200e-02, -2.089032650895682e-03, -5.186602341412286e-03,  2.453642341549437e-02, -1.913974048431909e-03, -3.369503038066990e-03,  1.951760953512314e-02, -1.435480536027936e-03, -1.721713512544560e-03,  9.591510971746858e-03, -2.092318554373982e-02,  5.445772671749340e-02
  2.200000000000000e+00,  7.093929151628405e-01,  8.954768722674931e-01, -2.882317833677162e-01, -2.723845002096255e-02, -1.292932411012477e-01,  1.261075929993896e-01, -1.734723475976807e-18,  2.732189474663471e-17,  0.000000000000000e+00, -1.846364527672638e-03,  1.139156711072128e-02, -7.036884631355875e-02, -2.861865012544003e-03,  1.235858154948554e-02, -7.207475774347409e-02, -3.184978801975905e-03,  1.207739296192766e-02, -6.908941275023354e-02, -2.877251382362977e-03,  1.161788965276491e-02, -6.354520061637857e-02, -2.554137591228636e-03,  1.116524460098241e-02, -5.330973206064619e-02, -2.046387345953508e-03,  9.965049387753101e-03, -3.753005137048677e-02,  0.000000000000000e+00,  0.000000000000000e+00,  0.000000000000000e+00,  0.000000000000000e+00,  0.000000000000000e+00,  0.000000000000000e+00,  0.000000000000000e+00,  0.000000000000000e+00,  0.000000000000000e+00,  0.000000000000000e+00,  0.000000000000000e+00,  0.000000000000000e+00,  0.000000000000000e+00,  0.000000000000000e+00,  0.000000000000000e+00,  0.000000000000000e+00,  0.000000000000000e+00,  0.000000000000000e+00,  0.000000000000000e+00,  0.000000000000000e+00,  0.000000000000000e+00,  0.000000000000000e+00,  0.000000000000000e+00,  0.000000000000000e+00,  0.000000000000000e+00,  0.000000000000000e+00,  0.000000000000000e+00,  0.000000000000000e+00,  0.000000000000000e+00,  0.000000000000000e+00,  0.000000000000000e+00,  0.000000000000000e+00,  0.000000000000000e+00, -1.180534354195174e-03, -2.830755647882826e-03,  1.259761520061116e-02, -1.310900112028606e-03, -5.222131921194121e-03,  1.954802358846933e-02, -1.376082990366801e-03, -5.611090712698302e-03,  2.421782922372244e-02, -1.296415027699603e-03, -5.222131921351014e-03,  2.389202883066434e-02, -1.187776896417482e-03, -3.392585013570874e-03,  1.900502293341907e-02, -8.908326720823932e-04, -1.733507699671433e-03,  9.339611270138382e-03, -2.118424949684661e-02,  5.300780002871789e-02
  2.210000000000000e+00,  7.230525829598637e-01,  8.954304285605685e-01, -2.888456850475359e-01, -1.797962159134236e-02, -1.339138350167312e-01,  1.231599931548600e-01,  0.000000000000000e+00,  5.637851296924622e-18,  0.000000000000000e+00, -3.665112478811525e-03,  1.173963610798651e-02, -6.936063823334676e-02, -5.680924331954593e-03,  1.273619764413915e-02, -7.104210825469137e-02, -6.322319010820289e-03,  1.244641734717765e-02, -6.809953572503341e-02, -5.711466933724632e-03,  1.197287392753747e-02, -6.263475816703734e-02, -5.070072251379960e-03,  1.150639831930613e-02, -5.254593805904448e-02, -4.062166319646559e-03,  1.026953117686089e-02, -3.699234039275810e-02,  0.000000000000000e+00,  0.000000000000000e+00,  0.000000000000000e+00,  0.000000000000000e+00,  0.000000000000000e+00,  0.000000000000000e+00,  0.000000000000000e+00,  0.000000000000000e+00,  0.000000000000000e+00,  0.000000000000000e+00,  0.000000000000000e+00,  0.000000000000000e+00,  0.000000000000000e+00,  0.000000000000000e+00,  0.000000000000000e+00,  0.000000000000000e+00,  0.000000000000000e+00,  0.000000000000000e+00,  0.000000000000000e+00,  0.000000000000000e+00,  0.000000000000000e+00,  0.000000000000000e+00,  0.000000000000000e+00,  0.000000000000000e+00,  0.000000000000000e+00,  0.000000000000000e+00,  0.000000000000000e+00,  0.000000000000000e+00,  0.000000000000000e+00,  0.000000000000000e+00,  0.000000000000000e+00,  0.000000000000000e+00,  0.000000000000000e+00, -4.174756041622230e-04, -2.867711992790300e-03,  1.223412257168931e-02, -4.635772056047517e-04, -5.290308384198735e-03,  1.898398330219210e-02, -4.866280055380654e-04, -5.684345146759337e-03,  2.351904598024290e-02, -4.584548050951060e-04, -5.290308384406379e-03,  2.320264625868362e-02, -4.200368042048794e-04, -3.436876205540642e-03,  1.845665043291145e-02, -3.150276030298880e-04, -1.756139150961658e-03,  9.070125355539129e-03, -2.157896604653071e-02,  5.145626610984807e-02
  2.220000000000000e+00,  7.367607208906243e-01,  8.957230382844571e-01, -2.894993133854984e-01, -8.446361472191181e-03, -1.382757336559250e-01,  1.204404626982510e-01,  1.734723475976807e-18,  1.507041019754851e-17,  0.000000000000000e+00, -5.510066727282163e-03,  1.204808858210326e-02, -6.836486134213055e-02, -8.540603413454631e-03,  1.307083422276989e-02, -7.002219131689938e-02, -9.504865084360737e-03,  1.277344010744594e-02, -6.712186386698749e-02, -8.586520633304671e-03,  1.228745459488767e-02, -6.173554145784472e-02, -7.622258957561951e-03,  1.180872259675956e-02, -5.179156162477342e-02, -6.106990607505891e-03,  1.053935745151375e-02, -3.646125938256775e-02,  0.000000000000000e+00,  0.000000000000000e+00,  0.000000000000000e+00,  0.000000000000000e+00,  0.000000000000000e+00,  0.000000000000000e+00,  0.000000000000000e+00,  0.000000000000000e+00,  0.000000000000000e+00,  0.000000000000000e+00,  0.000000000000000e+00,  0.000000000000000e+00,  0.000000000000000e+00,  0.000000000000000e+00,  0.000000000000000e+00,  0.000000000000000e+00,  0.000000000000000e+00,  0.000000000000000e+00,  0.000000000000000e+00,  0.000000000000000e+00,  0.000000000000000e+00,  0.000000000000000e+00,  0.000000000000000e+00,  0.000000000000000e+00,  0.000000000000000e+00,  0.000000000000000e+00,  0.000000000000000e+00,  0.000000000000000e+00,  0.000000000000000e+00,  0.000000000000000e+00,  0.000000000000000e+00,  0.000000000000000e+00,  0.000000000000000e+00,  3.499760678728938e-04, -2.911868640538963e-03,  1.184886137961284e-02,  3.886237308409386e-04, -5.371767848643526e-03,  1.838616421075103e-02,  4.079475632968983e-04, -5.771871936844676e-03,  2.277841455027602e-02,  3.843295466546785e-04, -5.371767848892683e-03,  2.247197848027642e-02,  3.521231604814561e-04, -3.489796768078900e-03,  1.787543742734090e-02,  2.640923703549210e-04, -1.783179947991885e-03,  8.784500678538086e-03, -2.202169346194558e-02,  4.981206833597285e-02
  2.230000000000000e+00,  7.504820005523086e-01,  8.963533529487994e-01, -2.901779020947612e-01,  9.851736848144679e-04, -1.424629485561667e-01,  1.180839009971042e-01,  0.000000000000000e+00, -6.098637220230961e-18,  0.000000000000000e+00, -7.321816974158751e-03,  1.230901024750204e-02, -6.741999886747851e-02, -1.134881629414038e-02,  1.335390516710042e-02, -6.905442308455670e-02, -1.263013425753928e-02,  1.305007048015712e-02, -6.619418070888855e-02, -1.140983143243167e-02,  1.255356013198983e-02, -6.088230200975852e-02, -1.012851346341571e-02,  1.206446038548147e-02, -5.107575671843214e-02, -8.115013795391975e-03,  1.076760499886692e-02, -3.595733272824857e-02,  0.000000000000000e+00,  0.000000000000000e+00,  0.000000000000000e+00,  0.000000000000000e+00,  0.000000000000000e+00,  0.000000000000000e+00,  0.000000000000000e+00,  0.000000000000000e+00,  0.000000000000000e+00,  0.000000000000000e+00,  0.000000000000000e+00,  0.000000000000000e+00,  0.000000000000000e+00,  0.000000000000000e+00,  0.000000000000000e+00,  0.000000000000000e+00,  0.000000000000000e+00,  0.000000000000000e+00,  0.000000000000000e+00,  0.000000000000000e+00,  0.000000000000000e+00,  0.000000000000000e+00,  0.000000000000000e+00,  0.000000000000000e+00,  0.000000000000000e+00,  0.000000000000000e+00,  0.000000000000000e+00,  0.000000000000000e+00,  0.000000000000000e+00,  0.000000000000000e+00,  0.000000000000000e+00,  0.000000000000000e+00,  0.000000000000000e+00,  1.086012586621137e-03, -2.950549339743749e-03,  1.144524683678894e-02,  1.205940356035456e-03, -5.443125372407921e-03,  1.775986578180104e-02,  1.265904241845793e-03, -5.848544365830333e-03,  2.200250038544843e-02,  1.192615049128293e-03, -5.443125372680647e-03,  2.170650262260836e-02,  1.092675240879734e-03, -3.536154552570747e-03,  1.726653617693462e-02,  8.195064305190003e-04, -1.806867365144657e-03,  8.485269206974342e-03, -2.241128175890440e-02,  4.809076716423790e-02
  2.240000000000000e+00,  7.641745831668064e-01,  8.973065034437402e-01, -2.908695889808227e-01,  1.000498533535714e-02, -1.465570731739879e-01,  1.161652561975711e-01, -1.734723475976807e-18, -6.288372600415924e-18,  0.000000000000000e+00, -9.050794518767027e-03,  1.251177480851783e-02, -6.655276848813570e-02, -1.402873148787358e-02,  1.357388213020837e-02, -6.816616893781971e-02, -1.561262052153027e-02,  1.326504241720182e-02, -6.534271815367475e-02, -1.410415477239595e-02,  1.276035312518471e-02, -6.009916669649343e-02, -1.252026573289377e-02,  1.226319650872935e-02, -5.041876400588903e-02, -1.003129723999071e-02,  1.094497820970295e-02, -3.549480985856127e-02,  0.000000000000000e+00,  0.000000000000000e+00,  0.000000000000000e+00,  0.000000000000000e+00,  0.000000000000000e+00,  0.000000000000000e+00,  0.000000000000000e+00,  0.000000000000000e+00,  0.000000000000000e+00,  0.000000000000000e+00,  0.000000000000000e+00,  0.000000000000000e+00,  0.000000000000000e+00,  0.000000000000000e+00,  0.000000000000000e+00,  0.000000000000000e+00,  0.000000000000000e+00,  0.000000000000000e+00,  0.000000000000000e+00,  0.000000000000000e+00,  0.000000000000000e+00,  0.000000000000000e+00,  0.000000000000000e+00,  0.000000000000000e+00,  0.000000000000000e+00,  0.000000000000000e+00,  0.000000000000000e+00,  0.000000000000000e+00,  0.000000000000000e+00,  0.000000000000000e+00,  0.000000000000000e+00,  0.000000000000000e+00,  0.000000000000000e+00,  1.761261488215865e-03, -2.970332121147894e-03,  1.102812295898694e-02,  1.955756621134288e-03, -5.479620325191790e-03,  1.711260459163933e-02,  2.053004188763538e-03, -5.887757563366211e-03,  2.120061568864550e-02,  1.934146051788721e-03, -5.479620325469129e-03,  2.091540561229613e-02,  1.772066773935378e-03, -3.559863687466993e-03,  1.663725446421293e-02,  1.329050080184256e-03, -1.818982011579099e-03,  8.176022193941080e-03, -2.264272320448226e-02,  4.631424045176209e-02
  2.250000000000000e+00,  7.777918353106414e-01,  8.985543837214066e-01, -2.915673211746642e-01,  1.840623694776872e-02, -1.506175415417449e-01,  1.146915913769248e-01,  0.000000000000000e+00,  1.170938346284345e-17,  0.000000000000000e+00, -1.066285114080617e-02,  1.264308363963430e-02, -6.577603309613750e-02, -1.652741925274484e-02,  1.371633758496096e-02, -6.737060359644483e-02, -1.839341819566250e-02,  1.340425665383852e-02, -6.458010522265878e-02, -1.661627634265998e-02,  1.289427073830485e-02, -5.939775109937737e-02, -1.475027739407034e-02,  1.239189655251540e-02, -4.983032810231029e-02, -1.181799333000813e-02,  1.105984378946003e-02, -3.508055098252429e-02,  0.000000000000000e+00,  0.000000000000000e+00,  0.000000000000000e+00,  0.000000000000000e+00,  0.000000000000000e+00,  0.000000000000000e+00,  0.000000000000000e+00,  0.000000000000000e+00,  0.000000000000000e+00,  0.000000000000000e+00,  0.000000000000000e+00,  0.000000000000000e+00,  0.000000000000000e+00,  0.000000000000000e+00,  0.000000000000000e+00,  0.000000000000000e+00,  0.000000000000000e+00,  0.000000000000000e+00,  0.000000000000000e+00,  0.000000000000000e+00,  0.000000000000000e+00,  0.000000000000000e+00,  0.000000000000000e+00,  0.000000000000000e+00,  0.000000000000000e+00,  0.000000000000000e+00,  0.000000000000000e+00,  0.000000000000000e+00,  0.000000000000000e+00,  0.000000000000000e+00,  0.000000000000000e+00,  0.000000000000000e+00,  0.000000000000000e+00,  2.356814415558124e-03, -2.958846237763890e-03,  1.060350272893488e-02,  2.617076129585213e-03, -5.458431354414993e-03,  1.645371113077105e-02,  2.747206987776322e-03, -5.864990379579220e-03,  2.038431990090215e-02,  2.588158162460284e-03, -5.458431354681729e-03,  2.011009138220668e-02,  2.371273400347378e-03, -3.546098163026379e-03,  1.599666359939910e-02,  1.778455049881487e-03, -1.811948247499134e-03,  7.861217540444873e-03, -2.262114022477113e-02,  4.450928867250283e-02
  2.260000000000000e+00,  7.912859566891474e-01,  9.000580579932911e-01, -2.922691537473205e-01,  2.609900884700948e-02, -1.546688847021274e-01,  1.136172072113779e-01,  0.000000000000000e+00, -1.734723475976807e-18,  0.000000000000000e+00, -1.214143746779984e-02,  1.268877630111607e-02, -6.509135270435112e-02, -1.881922806087783e-02,  1.376590903168184e-02, -6.666932489177978e-02, -2.094397961163943e-02,  1.345270022569432e-02, -6.390787356479773e-02, -1.892040670378682e-02,  1.294087119866372e-02, -5.877946395724656e-02, -1.679565514774242e-02,  1.243668141059547e-02, -4.931163083552506e-02, -1.345675984370390e-02,  1.109981455054465e-02, -3.471538810685900e-02,  0.000000000000000e+00,  0.000000000000000e+00,  0.000000000000000e+00,  0.000000000000000e+00,  0.000000000000000e+00,  0.000000000000000e+00,  0.000000000000000e+00,  0.000000000000000e+00,  0.000000000000000e+00,  0.000000000000000e+00,  0.000000000000000e+00,  0.000000000000000e+00,  0.000000000000000e+00,  0.000000000000000e+00,  0.000000000000000e+00,  0.000000000000000e+00,  0.000000000000000e+00,  0.000000000000000e+00,  0.000000000000000e+00,  0.000000000000000e+00,  0.000000000000000e+00,  0.000000000000000e+00,  0.000000000000000e+00,  0.000000000000000e+00,  0.000000000000000e+00,  0.000000000000000e+00,  0.000000000000000e+00,  0.000000000000000e+00,  0.000000000000000e+00,  0.000000000000000e+00,  0.000000000000000e+00,  0.000000000000000e+00,  0.000000000000000e+00,  2.865827176356510e-03, -2.906832109595198e-03,  1.017802893355569e-02,  3.182298888699399e-03, -5.362476537689703e-03,  1.579349317203083e-02,  3.340534746011913e-03, -5.761888583382513e-03,  1.956638320746319e-02,  3.147135366281015e-03, -5.362476537935981e-03,  1.930315832137806e-02,  2.883408938913912e-03, -3.483760620022331e-03,  1.535478502831295e-02,  2.162556703711844e-03, -1.780095660052840e-03,  7.545780071283660e-03, -2.227724111355032e-02,  4.270502785596558e-02
  2.270000000000000e+00,  8.046131996199098e-01,  9.017720864733614e-01, -2.929772323110172e-01,  3.309827424772373e-02, -1.586971908165355e-01,  1.128753218853880e-01, -1.734723475976807e-18, -1.496198998029996e-17,  1.387778780781446e-17, -1.348591331010287e-02,  1.263678909943971e-02, -6.449465547161375e-02, -2.090316561787822e-02,  1.370950870666544e-02, -6.605816227133077e-02, -2.326320044169069e-02,  1.339758314839566e-02, -6.332202537233970e-02, -2.101554822638070e-02,  1.288785113682020e-02, -5.824062827405996e-02, -1.865551339773373e-02,  1.238572706555715e-02, -4.885958747726417e-02, -1.494688723706540e-02,  1.105433748477157e-02, -3.439714958280708e-02,  0.000000000000000e+00,  0.000000000000000e+00,  0.000000000000000e+00,  0.000000000000000e+00,  0.000000000000000e+00,  0.000000000000000e+00,  0.000000000000000e+00,  0.000000000000000e+00,  0.000000000000000e+00,  0.000000000000000e+00,  0.000000000000000e+00,  0.000000000000000e+00,  0.000000000000000e+00,  0.000000000000000e+00,  0.000000000000000e+00,  0.000000000000000e+00,  0.000000000000000e+00,  0.000000000000000e+00,  0.000000000000000e+00,  0.000000000000000e+00,  0.000000000000000e+00,  0.000000000000000e+00,  0.000000000000000e+00,  0.000000000000000e+00,  0.000000000000000e+00,  0.000000000000000e+00,  0.000000000000000e+00,  0.000000000000000e+00,  0.000000000000000e+00,  0.000000000000000e+00,  0.000000000000000e+00,  0.000000000000000e+00,  0.000000000000000e+00,  3.292376992010773e-03, -2.809796463680006e-03,  9.758105014150352e-03,  3.655952365166601e-03, -5.183466758222295e-03,  1.514188708984402e-02,  3.837740052822327e-03, -5.569545661699126e-03,  1.875911567220220e-02,  3.615555102696886e-03, -5.183466758442302e-03,  1.850675088744830e-02,  3.312575624669186e-03, -3.367465990862335e-03,  1.472127911498405e-02,  2.484431717950747e-03, -1.720672643578702e-03,  7.234457165355506e-03, -2.157926829612031e-02,  4.092899440906842e-02
  2.280000000000000e+00,  8.177390308911643e-01,  9.036497174670236e-01, -2.936962727791042e-01,  3.948985147277315e-02, -1.626520615796478e-01,  1.124115984099023e-01, -1.734723475976807e-18, -3.599551212651875e-17,  0.000000000000000e+00, -1.470644966410737e-02,  1.247882761784530e-02, -6.398219290507424e-02, -2.279499696788427e-02,  1.353813809157482e-02, -6.553327636966293e-02, -2.536862565421321e-02,  1.323011164236318e-02, -6.281888030679068e-02, -2.291755071283834e-02,  1.272675134627438e-02, -5.777785904710980e-02, -2.034392202208532e-02,  1.223090389035304e-02, -4.847135826012577e-02, -1.629964836412197e-02,  1.091615685005634e-02, -3.412383621408134e-02,  0.000000000000000e+00,  0.000000000000000e+00,  0.000000000000000e+00,  0.000000000000000e+00,  0.000000000000000e+00,  0.000000000000000e+00,  0.000000000000000e+00,  0.000000000000000e+00,  0.000000000000000e+00,  0.000000000000000e+00,  0.000000000000000e+00,  0.000000000000000e+00,  0.000000000000000e+00,  0.000000000000000e+00,  0.000000000000000e+00,  0.000000000000000e+00,  0.000000000000000e+00,  0.000000000000000e+00,  0.000000000000000e+00,  0.000000000000000e+00,  0.000000000000000e+00,  0.000000000000000e+00,  0.000000000000000e+00,  0.000000000000000e+00,  0.000000000000000e+00,  0.000000000000000e+00,  0.000000000000000e+00,  0.000000000000000e+00,  0.000000000000000e+00,  0.000000000000000e+00,  0.000000000000000e+00,  0.000000000000000e+00,  0.000000000000000e+00,  3.647824908792746e-03, -2.668398754801488e-03,  9.348813887478314e-03,  4.050652199314142e-03, -4.922618567451098e-03,  1.450678016881266e-02,  4.252065845577004e-03, -5.289268778075480e-03,  1.797228876437356e-02,  4.005893612707377e-03, -4.922618567641575e-03,  1.773050909493164e-02,  3.670204203564017e-03, -3.198004614485767e-03,  1.410381405277745e-02,  2.752653152059404e-03, -1.634083037224922e-03,  6.931017191978366e-03, -2.053509298626810e-02,  3.920257050580712e-02
  2.290000000000000e+00,  8.306412636246073e-01,  9.056473216267660e-01, -2.944320890123777e-01,  4.538282453144434e-02, -1.664514907591571e-01,  1.122033998772659e-01, -1.734723475976807e-18, -3.426078865054194e-17,  0.000000000000000e+00, -1.581680639333604e-02,  1.220986113531984e-02, -6.355391099041865e-02, -2.451604989926163e-02,  1.324633941439540e-02, -6.509461186299918e-02, -2.728399101365436e-02,  1.294495211350690e-02, -6.239838533587054e-02, -2.464785661704815e-02,  1.245244115785563e-02, -5.739110749978282e-02, -2.187991549856790e-02,  1.196728111200327e-02, -4.814690226411783e-02, -1.753029374016285e-02,  1.068087190122258e-02, -3.389541919299114e-02,  0.000000000000000e+00,  0.000000000000000e+00,  0.000000000000000e+00,  0.000000000000000e+00,  0.000000000000000e+00,  0.000000000000000e+00,  0.000000000000000e+00,  0.000000000000000e+00,  0.000000000000000e+00,  0.000000000000000e+00,  0.000000000000000e+00,  0.000000000000000e+00,  0.000000000000000e+00,  0.000000000000000e+00,  0.000000000000000e+00,  0.000000000000000e+00,  0.000000000000000e+00,  0.000000000000000e+00,  0.000000000000000e+00,  0.000000000000000e+00,  0.000000000000000e+00,  0.000000000000000e+00,  0.000000000000000e+00,  0.000000000000000e+00,  0.000000000000000e+00,  0.000000000000000e+00,  0.000000000000000e+00,  0.000000000000000e+00,  0.000000000000000e+00,  0.000000000000000e+00,  0.000000000000000e+00,  0.000000000000000e+00,  0.000000000000000e+00,  3.945854546024380e-03, -2.487483565385904e-03,  8.953014243058973e-03,  4.381593084985650e-03, -4.588869172138791e-03,  1.389260830644131e-02,  4.599462355389275e-03, -4.930660807088940e-03,  1.721139806810257e-02,  4.333177692995895e-03, -4.588869172297848e-03,  1.697985459632916e-02,  3.970062243512372e-03, -2.981182593496031e-03,  1.350670251982162e-02,  2.977546681971120e-03, -1.523293582732786e-03,  6.637579524411712e-03, -1.918408345609750e-02,  3.753735515793156e-02
  2.300000000000000e+00,  8.433102351136378e-01,  9.077269645115167e-01, -2.951903836840057e-01,  5.086331508119200e-02, -1.699903935906308e-01,  1.122573569149443e-01,  0.000000000000000e+00,  1.040834085586084e-17,  0.000000000000000e+00, -1.682734949467090e-02,  1.182682116944856e-02, -6.321303148231953e-02, -2.608239170721449e-02,  1.283078371341286e-02, -6.474546860913546e-02, -2.902717786469433e-02,  1.253885134228443e-02, -6.206370363686373e-02, -2.622261961754466e-02,  1.206179112584661e-02, -5.708328297414642e-02, -2.327783345625256e-02,  1.159185121124052e-02, -4.788866021245072e-02, -1.865031234509854e-02,  1.034579840884744e-02, -3.371361678867592e-02,  0.000000000000000e+00,  0.000000000000000e+00,  0.000000000000000e+00,  0.000000000000000e+00,  0.000000000000000e+00,  0.000000000000000e+00,  0.000000000000000e+00,  0.000000000000000e+00,  0.000000000000000e+00,  0.000000000000000e+00,  0.000000000000000e+00,  0.000000000000000e+00,  0.000000000000000e+00,  0.000000000000000e+00,  0.000000000000000e+00,  0.000000000000000e+00,  0.000000000000000e+00,  0.000000000000000e+00,  0.000000000000000e+00,  0.000000000000000e+00,  0.000000000000000e+00,  0.000000000000000e+00,  0.000000000000000e+00,  0.000000000000000e+00,  0.000000000000000e+00,  0.000000000000000e+00,  0.000000000000000e+00,  0.000000000000000e+00,  0.000000000000000e+00,  0.000000000000000e+00,  0.000000000000000e+00,  0.000000000000000e+00,  0.000000000000000e+00,  4.198132207734296e-03, -2.274482020919196e-03,  8.571031226539547e-03,  4.661729629720868e-03, -4.195927391568315e-03,  1.329987603906305e-02,  4.893528341558321e-03, -4.508451638700426e-03,  1.647706864784278e-02,  4.610218806272078e-03, -4.195927391694616e-03,  1.625540404715473e-02,  4.223887620963854e-03, -2.725905933248180e-03,  1.293043503755159e-02,  3.167915715021570e-03, -1.392854977815618e-03,  6.354385218907627e-03, -1.758448258007359e-02,  3.593409520542982e-02
  2.310000000000000e+00,  8.557467019056073e-01,  9.098570910097157e-01, -2.959758592305151e-01,  5.596530515169922e-02, -1.731523320153611e-01,  1.125915741041371e-01, -6.938893903907228e-18, -1.040834085586084e-17,  0.000000000000000e+00, -1.774083490643911e-02,  1.132796593691575e-02, -6.296304350434845e-02, -2.749829409625310e-02,  1.228958134765871e-02, -6.448942031644515e-02, -3.060294020110113e-02,  1.200996268175803e-02, -6.181826089471780e-02, -2.764613438503186e-02,  1.155302486188381e-02, -5.685753625450819e-02, -2.454148827662421e-02,  1.110290700963307e-02, -4.769927538055767e-02, -1.966275867735223e-02,  9.909412705688519e-03, -3.358028986705069e-02,  0.000000000000000e+00,  0.000000000000000e+00,  0.000000000000000e+00,  0.000000000000000e+00,  0.000000000000000e+00,  0.000000000000000e+00,  0.000000000000000e+00,  0.000000000000000e+00,  0.000000000000000e+00,  0.000000000000000e+00,  0.000000000000000e+00,  0.000000000000000e+00,  0.000000000000000e+00,  0.000000000000000e+00,  0.000000000000000e+00,  0.000000000000000e+00,  0.000000000000000e+00,  0.000000000000000e+00,  0.000000000000000e+00,  0.000000000000000e+00,  0.000000000000000e+00,  0.000000000000000e+00,  0.000000000000000e+00,  0.000000000000000e+00,  0.000000000000000e+00,  0.000000000000000e+00,  0.000000000000000e+00,  0.000000000000000e+00,  0.000000000000000e+00,  0.000000000000000e+00,  0.000000000000000e+00,  0.000000000000000e+00,  0.000000000000000e+00,  4.412352209170961e-03, -2.037983911137535e-03,  8.201038960311643e-03,  4.899605827752077e-03, -3.759639529965825e-03,  1.272575010832223e-02,  5.143232637809258e-03, -4.039667853589722e-03,  1.576579041129829e-02,  4.845466537993025e-03, -3.759639530058689e-03,  1.555369457608519e-02,  4.439421855554513e-03, -2.442469267247318e-03,  1.237225704923324e-02,  3.329566390938294e-03, -1.248027466912357e-03,  6.080080607586563e-03, -1.580249187560080e-02,  3.438444431292829e-02
  2.320000000000000e+00,  8.679589419487252e-01,  9.120120573245886e-01, -2.967916445530647e-01,  6.066515627038304e-02, -1.758207528065498e-01,  1.132176369701546e-01,  0.000000000000000e+00, -8.239936510889834e-18,  0.000000000000000e+00, -1.855201519735887e-02,  1.071298793793351e-02, -6.280491614988665e-02, -2.875562354798834e-02,  1.162239871404168e-02, -6.432745957148325e-02, -3.200222620406014e-02,  1.135796011912110e-02, -6.166300858294133e-02, -2.891022367256815e-02,  1.092582875682997e-02, -5.671474246156960e-02, -2.566362101320505e-02,  1.050014711657519e-02, -4.757948193011408e-02, -2.056181683402731e-02,  9.371445798772067e-03, -3.349595527794928e-02,  0.000000000000000e+00,  0.000000000000000e+00,  0.000000000000000e+00,  0.000000000000000e+00,  0.000000000000000e+00,  0.000000000000000e+00,  0.000000000000000e+00,  0.000000000000000e+00,  0.000000000000000e+00,  0.000000000000000e+00,  0.000000000000000e+00,  0.000000000000000e+00,  0.000000000000000e+00,  0.000000000000000e+00,  0.000000000000000e+00,  0.000000000000000e+00,  0.000000000000000e+00,  0.000000000000000e+00,  0.000000000000000e+00,  0.000000000000000e+00,  0.000000000000000e+00,  0.000000000000000e+00,  0.000000000000000e+00,  0.000000000000000e+00,  0.000000000000000e+00,  0.000000000000000e+00,  0.000000000000000e+00,  0.000000000000000e+00,  0.000000000000000e+00,  0.000000000000000e+00,  0.000000000000000e+00,  0.000000000000000e+00,  0.000000000000000e+00,  4.593029046029958e-03, -1.786811312630318e-03,  7.839926340008010e-03,  5.100234708040248e-03, -3.296280410562219e-03,  1.216540293849798e-02,  5.353837539736493e-03, -3.541796468718861e-03,  1.507158252855405e-02,  5.043878524534141e-03, -3.296280410622424e-03,  1.486882581280117e-02,  4.621207139270694e-03, -2.141445618586988e-03,  1.182747507847593e-02,  3.465905353711862e-03, -1.094213543071463e-03,  5.812359182046356e-03, -1.390549076041315e-02,  3.287464042896471e-02
  2.330000000000000e+00,  8.799601368586625e-01,  9.141712986514896e-01, -2.976390443455973e-01,  6.489483799659798e-02, -1.778868725533347e-01,  1.141341596663236e-01,  3.469446951953614e-18,  2.558717127065790e-17,  1.387778780781446e-17, -1.925016893835283e-02,  9.983312636972264e-03, -6.273675812456626e-02, -2.983776184738973e-02,  1.083078228268552e-02, -6.425764923033395e-02, -3.320654140847538e-02,  1.058435493842146e-02, -6.159608979435922e-02, -2.999817991990457e-02,  1.018165659556653e-02, -5.665319369922919e-02, -2.662940035582785e-02,  9.784968675973236e-03, -4.752784706238763e-02, -2.133560389793892e-02,  8.733144647610800e-03, -3.345960433108035e-02,  0.000000000000000e+00,  0.000000000000000e+00,  0.000000000000000e+00,  0.000000000000000e+00,  0.000000000000000e+00,  0.000000000000000e+00,  0.000000000000000e+00,  0.000000000000000e+00,  0.000000000000000e+00,  0.000000000000000e+00,  0.000000000000000e+00,  0.000000000000000e+00,  0.000000000000000e+00,  0.000000000000000e+00,  0.000000000000000e+00,  0.000000000000000e+00,  0.000000000000000e+00,  0.000000000000000e+00,  0.000000000000000e+00,  0.000000000000000e+00,  0.000000000000000e+00,  0.000000000000000e+00,  0.000000000000000e+00,  0.000000000000000e+00,  0.000000000000000e+00,  0.000000000000000e+00,  0.000000000000000e+00,  0.000000000000000e+00,  0.000000000000000e+00,  0.000000000000000e+00,  0.000000000000000e+00,  0.000000000000000e+00,  0.000000000000000e+00,  4.743787686545153e-03, -1.529503537982391e-03,  7.484399537618157e-03,  5.267641542058509e-03, -2.821603218152587e-03,  1.161372341719530e-02,  5.529568470434433e-03, -3.031764009545536e-03,  1.438811289926330e-02,  5.209435559231871e-03, -2.821603218183009e-03,  1.419455084216423e-02,  4.772890679414456e-03, -1.833069125255228e-03,  1.129111998823487e-02,  3.579668008818576e-03, -9.366425393659986e-04,  5.548778966359615e-03, -1.195849574469258e-02,  3.139012947586966e-02
  2.340000000000000e+00,  8.917663462960002e-01,  9.163183925267423e-01, -2.985177000267100e-01,  6.856513259077845e-02, -1.792558562376886e-01,  1.153316878349947e-01, -1.734723475976807e-18, -3.556183125752454e-17,  0.000000000000000e+00, -1.982295404706687e-02,  9.142515669896050e-03, -6.275567929603421e-02, -3.072557876677917e-02,  9.918611220212791e-03, -6.427702909684554e-02, -3.419459572224736e-02,  9.692938045538245e-03, -6.161466694450359e-02, -3.089077004867389e-02,  9.324155053023694e-03, -5.667028009041378e-02, -2.742175309053482e-02,  8.960876284510148e-03, -4.754218128319658e-02, -2.197044072777436e-02,  7.997637126271899e-03, -3.346969562255057e-02,  0.000000000000000e+00,  0.000000000000000e+00,  0.000000000000000e+00,  0.000000000000000e+00,  0.000000000000000e+00,  0.000000000000000e+00,  0.000000000000000e+00,  0.000000000000000e+00,  0.000000000000000e+00,  0.000000000000000e+00,  0.000000000000000e+00,  0.000000000000000e+00,  0.000000000000000e+00,  0.000000000000000e+00,  0.000000000000000e+00,  0.000000000000000e+00,  0.000000000000000e+00,  0.000000000000000e+00,  0.000000000000000e+00,  0.000000000000000e+00,  0.000000000000000e+00,  0.000000000000000e+00,  0.000000000000000e+00,  0.000000000000000e+00,  0.000000000000000e+00,  0.000000000000000e+00,  0.000000000000000e+00,  0.000000000000000e+00,  0.000000000000000e+00,  0.000000000000000e+00,  0.000000000000000e+00,  0.000000000000000e+00,  0.000000000000000e+00,  4.869520165433867e-03, -1.274028861388714e-03,  7.132055235455256e-03,  5.407258589217851e-03, -2.350307695204164e-03,  1.106698225838544e-02,  5.676127801663418e-03, -2.525365095908000e-03,  1.371076135241209e-02,  5.347509876534759e-03, -2.350307695209718e-03,  1.352631164792965e-02,  4.899394523187991e-03, -1.526889550984256e-03,  1.075956608376557e-02,  3.674545891658019e-03, -7.801940944506193e-04,  5.287558190528648e-03, -1.002226804005281e-02,  2.992008438361141e-02
  2.350000000000000e+00,  9.033949970936489e-01,  9.184397992258715e-01, -2.994261293046697e-01,  7.159260323938950e-02, -1.798534856044725e-01,  1.167999153060498e-01,  1.734723475976807e-18,  1.561251128379126e-17,  0.000000000000000e+00, -2.026044927889846e-02,  8.196965565183907e-03, -6.285965768466437e-02, -3.140369637695332e-02,  8.892794670684646e-03, -6.438352817371094e-02, -3.494927499833757e-02,  8.690461384238542e-03, -6.171675481702293e-02, -3.157253345261156e-02,  8.359819184699375e-03, -5.676417572625393e-02, -2.802695482886728e-02,  8.034111943575053e-03, -4.762095278979885e-02, -2.245533127734884e-02,  7.170494259342763e-03, -3.352515076323320e-02,  0.000000000000000e+00,  0.000000000000000e+00,  0.000000000000000e+00,  0.000000000000000e+00,  0.000000000000000e+00,  0.000000000000000e+00,  0.000000000000000e+00,  0.000000000000000e+00,  0.000000000000000e+00,  0.000000000000000e+00,  0.000000000000000e+00,  0.000000000000000e+00,  0.000000000000000e+00,  0.000000000000000e+00,  0.000000000000000e+00,  0.000000000000000e+00,  0.000000000000000e+00,  0.000000000000000e+00,  0.000000000000000e+00,  0.000000000000000e+00,  0.000000000000000e+00,  0.000000000000000e+00,  0.000000000000000e+00,  0.000000000000000e+00,  0.000000000000000e+00,  0.000000000000000e+00,  0.000000000000000e+00,  0.000000000000000e+00,  0.000000000000000e+00,  0.000000000000000e+00,  0.000000000000000e+00,  0.000000000000000e+00,  0.000000000000000e+00,  4.977572569477641e-03, -1.027641240415271e-03,  6.782051035090786e-03,  5.527243160610152e-03, -1.895775824496255e-03,  1.052387229211332e-02,  5.802078456673340e-03, -2.036978437579072e-03,  1.303790844967422e-02,  5.466168651505477e-03, -1.895775824482905e-03,  1.286251057793844e-02,  5.008109825393746e-03, -1.231600570108362e-03,  1.023154250539257e-02,  3.756082368328125e-03, -6.293104113488227e-04,  5.028072317791322e-03, -8.152363266344199e-03,  2.846026288530209e-02
  2.360000000000000e+00,  9.148637729630336e-01,  9.205231799181889e-01, -3.003623000984511e-01,  7.392405552560115e-02, -1.796310759619949e-01,  1.185293105419224e-01,  0.000000000000000e+00,  5.204170427930421e-18,  0.000000000000000e+00, -2.055845862088566e-02,  7.156220857578879e-03, -6.304752066067741e-02, -3.186561085775576e-02,  7.763702579673180e-03, -6.457594540375403e-02, -3.546334111429087e-02,  7.587058957928740e-03, -6.190120210266609e-02, -3.203693134475837e-02,  7.298397429981195e-03, -5.693382168650869e-02, -2.843920108613562e-02,  7.014044283232606e-03, -4.776327322628396e-02, -2.278562496554925e-02,  6.260077606712665e-03, -3.362534435056259e-02,  0.000000000000000e+00,  0.000000000000000e+00,  0.000000000000000e+00,  0.000000000000000e+00,  0.000000000000000e+00,  0.000000000000000e+00,  0.000000000000000e+00,  0.000000000000000e+00,  0.000000000000000e+00,  0.000000000000000e+00,  0.000000000000000e+00,  0.000000000000000e+00,  0.000000000000000e+00,  0.000000000000000e+00,  0.000000000000000e+00,  0.000000000000000e+00,  0.000000000000000e+00,  0.000000000000000e+00,  0.000000000000000e+00,  0.000000000000000e+00,  0.000000000000000e+00,  0.000000000000000e+00,  0.000000000000000e+00,  0.000000000000000e+00,  0.000000000000000e+00,  0.000000000000000e+00,  0.000000000000000e+00,  0.000000000000000e+00,  0.000000000000000e+00,  0.000000000000000e+00,  0.000000000000000e+00,  0.000000000000000e+00,  0.000000000000000e+00,  5.077842327353045e-03, -7.968666726518709e-04,  6.435026508998208e-03,  5.638585652501783e-03, -1.470046660096588e-03,  9.985385958420150e-03,  5.918957315526930e-03, -1.579539790584131e-03,  1.237078371398910e-02,  5.576280839572612e-03, -1.470046660070039e-03,  1.220436061446292e-02,  5.108994735135299e-03, -9.550234163755585e-04,  9.708014125376712e-03,  3.831746050651848e-03, -4.879879024924919e-04,  4.770795513943347e-03, -6.398999013538952e-03,  2.701272549442205e-02
  2.370000000000000e+00,  9.261898929027578e-01,  9.225557316208011e-01, -3.013238825782049e-01,  7.555110609168582e-02, -1.785661702842316e-01,  1.205072253822489e-01,  0.000000000000000e+00,  1.301042606982605e-17,  1.387778780781446e-17, -2.072015272631034e-02,  6.032586222889700e-03, -6.331712576080877e-02, -3.211623672173893e-02,  6.544684149952650e-03, -6.485208638518675e-02, -3.574226344696593e-02,  6.395776241678615e-03, -6.216590529201522e-02, -3.228890465975595e-02,  6.152438928427890e-03, -5.717728326189567e-02, -2.866287793265732e-02,  5.912733515530924e-03, -4.796751951438763e-02, -2.296483593305101e-02,  5.277150981722408e-03, -3.376913373743037e-02,  0.000000000000000e+00,  0.000000000000000e+00,  0.000000000000000e+00,  0.000000000000000e+00,  0.000000000000000e+00,  0.000000000000000e+00,  0.000000000000000e+00,  0.000000000000000e+00,  0.000000000000000e+00,  0.000000000000000e+00,  0.000000000000000e+00,  0.000000000000000e+00,  0.000000000000000e+00,  0.000000000000000e+00,  0.000000000000000e+00,  0.000000000000000e+00,  0.000000000000000e+00,  0.000000000000000e+00,  0.000000000000000e+00,  0.000000000000000e+00,  0.000000000000000e+00,  0.000000000000000e+00,  0.000000000000000e+00,  0.000000000000000e+00,  0.000000000000000e+00,  0.000000000000000e+00,  0.000000000000000e+00,  0.000000000000000e+00,  0.000000000000000e+00,  0.000000000000000e+00,  0.000000000000000e+00,  0.000000000000000e+00,  0.000000000000000e+00,  5.181863093616209e-03, -5.874947238514378e-04,  6.092277664300099e-03,  5.754093374559521e-03, -1.083800698614712e-03,  9.453534302805986e-03,  6.040208515447153e-03, -1.164525164382277e-03,  1.171187860727279e-02,  5.690512233173775e-03, -1.083800698579221e-03,  1.155431970199313e-02,  5.213653665591254e-03, -7.040967296509509e-04,  9.190936126836965e-03,  3.910240248508738e-03, -3.597720016963801e-04,  4.516688611837866e-03, -4.806834984717200e-03,  2.558240516631425e-02
  2.380000000000000e+00,  9.373897300270709e-01,  9.245231767208122e-01, -3.023081685497799e-01,  7.651132710961650e-02, -1.766603438041875e-01,  1.227133390271526e-01,  1.734723475976807e-18,  6.938893903907227e-18,  1.387778780781445e-17, -2.075574543564580e-02,  4.839925857896607e-03, -6.366333002339045e-02, -3.217140542163498e-02,  5.250780490856382e-03, -6.520668347845943e-02, -3.580366087117397e-02,  5.131312122021218e-03, -6.250581493176127e-02, -3.234436996566251e-02,  4.936083324437871e-03, -5.748991620214545e-02, -2.871211451440660e-02,  4.743768389635570e-03, -4.822979547098873e-02, -2.300428451970474e-02,  4.233842426475919e-03, -3.395377601090761e-02,  0.000000000000000e+00,  0.000000000000000e+00,  0.000000000000000e+00,  0.000000000000000e+00,  0.000000000000000e+00,  0.000000000000000e+00,  0.000000000000000e+00,  0.000000000000000e+00,  0.000000000000000e+00,  0.000000000000000e+00,  0.000000000000000e+00,  0.000000000000000e+00,  0.000000000000000e+00,  0.000000000000000e+00,  0.000000000000000e+00,  0.000000000000000e+00,  0.000000000000000e+00,  0.000000000000000e+00,  0.000000000000000e+00,  0.000000000000000e+00,  0.000000000000000e+00,  0.000000000000000e+00,  0.000000000000000e+00,  0.000000000000000e+00,  0.000000000000000e+00,  0.000000000000000e+00,  0.000000000000000e+00,  0.000000000000000e+00,  0.000000000000000e+00,  0.000000000000000e+00,  0.000000000000000e+00,  0.000000000000000e+00,  0.000000000000000e+00,  5.301220560737258e-03, -4.044674287246106e-04,  5.754747147381264e-03,  5.886631420882176e-03, -7.461549251976365e-04,  8.929780052368238e-03,  6.179336851347502e-03, -8.017306023225907e-04,  1.106300528586007e-02,  5.821585770675698e-03, -7.461549251552186e-04,  1.091417561807499e-02,  5.333743387104763e-03, -4.847434064894507e-04,  8.681730605552799e-03,  4.000307539652240e-03, -2.476891288528107e-04,  4.266450469983476e-03, -3.413939517034381e-03,  2.417287872499754e-02
  2.390000000000000e+00,  9.484784190409020e-01,  9.264093322301971e-01, -3.033119875734172e-01,  7.687961678601843e-02, -1.739327613823552e-01,  1.251135399767616e-01,  1.734723475976807e-18,  3.816391647148976e-17, -1.387778780781446e-17, -2.068094959592306e-02,  3.594121171167703e-03, -6.407629553412127e-02, -3.205547203584086e-02,  3.899221252396062e-03, -6.562966026876108e-02, -3.567463829230657e-02,  3.810504263271616e-03, -6.291127197808843e-02, -3.222781331859792e-02,  3.665527681388246e-03, -5.786283654984818e-02, -2.860864713177975e-02,  3.522714925474539e-03, -4.854264807447219e-02, -2.292138601394779e-02,  3.144044699511496e-03, -3.417402419278023e-02,  0.000000000000000e+00,  0.000000000000000e+00,  0.000000000000000e+00,  0.000000000000000e+00,  0.000000000000000e+00,  0.000000000000000e+00,  0.000000000000000e+00,  0.000000000000000e+00,  0.000000000000000e+00,  0.000000000000000e+00,  0.000000000000000e+00,  0.000000000000000e+00,  0.000000000000000e+00,  0.000000000000000e+00,  0.000000000000000e+00,  0.000000000000000e+00,  0.000000000000000e+00,  0.000000000000000e+00,  0.000000000000000e+00,  0.000000000000000e+00,  0.000000000000000e+00,  0.000000000000000e+00,  0.000000000000000e+00,  0.000000000000000e+00,  0.000000000000000e+00,  0.000000000000000e+00,  0.000000000000000e+00,  0.000000000000000e+00,  0.000000000000000e+00,  0.000000000000000e+00,  0.000000000000000e+00,  0.000000000000000e+00,  0.000000000000000e+00,  5.447213465437789e-03, -2.528018355905143e-04,  5.422120570573419e-03,  6.048746114860909e-03, -4.663647504184840e-04,  8.413635160190192e-03,  6.349512402643635e-03, -5.011008957956930e-04,  1.042355904898843e-02,  5.981909030723420e-03, -4.663647582628645e-04,  1.028333178418030e-02,  5.480631826259693e-03, -3.029762992854889e-04,  8.179923044984562e-03,  4.110473985324490e-03, -1.548117168225805e-04,  4.019847968456716e-03, -2.258668432431987e-03,  2.278248241269435e-02
  2.400000000000000e+00,  9.594706712211210e-01,  9.281990154329313e-01, -3.043309964927707e-01,  7.674916484349102e-02, -1.704331576840588e-01,  1.276863047131242e-01,  0.000000000000000e+00,  5.204170427930421e-18,  0.000000000000000e+00, -2.051381080270870e-02,  2.305462942151178e-03, -6.454745331959413e-02, -3.179640691282967e-02,  2.501170592507223e-03, -6.611224006590848e-02, -3.538632388102635e-02,  2.444262745656536e-03, -6.337386326244883e-02, -3.196735537076251e-02,  2.351266960764587e-03, -5.828830630792324e-02, -2.837743847015758e-02,  2.259659168478342e-03, -4.889958578840520e-02, -2.273614051529746e-02,  2.016759679290882e-03, -3.442530834158288e-02,  0.000000000000000e+00,  0.000000000000000e+00,  0.000000000000000e+00,  0.000000000000000e+00,  0.000000000000000e+00,  0.000000000000000e+00,  0.000000000000000e+00,  0.000000000000000e+00,  0.000000000000000e+00,  0.000000000000000e+00,  0.000000000000000e+00,  0.000000000000000e+00,  0.000000000000000e+00,  0.000000000000000e+00,  0.000000000000000e+00,  0.000000000000000e+00,  0.000000000000000e+00,  0.000000000000000e+00,  0.000000000000000e+00,  0.000000000000000e+00,  0.000000000000000e+00,  0.000000000000000e+00,  0.000000000000000e+00,  0.000000000000000e+00,  0.000000000000000e+00,  0.000000000000000e+00,  0.000000000000000e+00,  0.000000000000000e+00,  0.000000000000000e+00,  0.000000000000000e+00,  0.000000000000000e+00,  0.000000000000000e+00,  0.000000000000000e+00,  5.624162275389622e-03, -1.333621747452786e-04,  5.094589568493544e-03,  6.245235286615263e-03, -2.460244051105657e-04,  7.905397381216355e-03,  6.555771757658974e-03, -2.643489916564295e-04,  9.793908904968876e-03,  6.176227056090500e-03, -2.460244107029978e-04,  9.662152268204070e-03,  5.658666217689324e-03, -1.598310526795443e-04,  7.685802976190997e-03,  4.243999775633858e-03, -8.166885298445792e-05,  3.777023253387619e-03, -1.347505440316146e-03,  2.141195470627733e-02
  2.410000000000000e+00,  9.703792136829982e-01,  9.298766462690039e-01, -3.053602446034007e-01,  7.622042529801719e-02, -1.662162335289891e-01,  1.303967848805741e-01,  0.000000000000000e+00, -9.540979117872437e-18,  0.000000000000000e+00, -2.027331898118589e-02,  9.883432056110755e-04, -6.506501708600390e-02, -3.142364460584291e-02,  1.072242368627758e-03, -6.664235083641737e-02, -3.497147551066051e-02,  1.047846206531934e-03, -6.388201678024064e-02, -3.159258896701399e-02,  1.007979274466246e-03, -5.875568206925851e-02, -2.804475813199740e-02,  9.687073656178742e-04, -4.929167954272497e-02, -2.246959542259149e-02,  8.645772650081766e-04, -3.470134233955247e-02,  0.000000000000000e+00,  0.000000000000000e+00,  0.000000000000000e+00,  0.000000000000000e+00,  0.000000000000000e+00,  0.000000000000000e+00,  0.000000000000000e+00,  0.000000000000000e+00,  0.000000000000000e+00,  0.000000000000000e+00,  0.000000000000000e+00,  0.000000000000000e+00,  0.000000000000000e+00,  0.000000000000000e+00,  0.000000000000000e+00,  0.000000000000000e+00,  0.000000000000000e+00,  0.000000000000000e+00,  0.000000000000000e+00,  0.000000000000000e+00,  0.000000000000000e+00,  0.000000000000000e+00,  0.000000000000000e+00,  0.000000000000000e+00,  0.000000000000000e+00,  0.000000000000000e+00,  0.000000000000000e+00,  0.000000000000000e+00,  0.000000000000000e+00,  0.000000000000000e+00,  0.000000000000000e+00,  0.000000000000000e+00,  0.000000000000000e+00,  5.836480342454654e-03, -4.895147642844304e-05,  4.770934673777398e-03,  6.480999521252355e-03, -9.030492071375972e-05,  7.403174243826671e-03,  6.803259077898537e-03, -9.703108889845233e-05,  9.171710230766404e-03,  6.409386164166806e-03, -9.030492446217988e-05,  9.048323977401433e-03,  5.872286853598692e-03, -5.866708327158335e-05,  7.197530473951418e-03,  4.404215251081389e-03, -2.997714505037175e-05,  3.537072202253659e-03, -7.013998559559984e-04,  2.005592786004498e-02
  2.420000000000000e+00,  9.812153619689723e-01,  9.314293078889833e-01, -3.063939885617378e-01,  7.538374084171001e-02, -1.613526765445709e-01,  1.332221537517528e-01,  0.000000000000000e+00,  1.301042606982605e-17,  0.000000000000000e+00, -1.997646642246135e-02, -3.457148512500296e-04, -6.562027950661017e-02, -3.096352316609119e-02, -3.750620450051771e-04, -6.721107416613772e-02, -3.445940488328473e-02, -3.665284175606074e-04, -6.442718351903361e-02, -3.112999376077081e-02, -3.525832532998795e-04, -5.925710085370862e-02, -2.763411211975789e-02, -3.388462335071362e-04, -4.971233287785003e-02, -2.214058385834296e-02, -3.024223557276088e-04, -3.499748227933360e-02,  0.000000000000000e+00,  0.000000000000000e+00,  0.000000000000000e+00,  0.000000000000000e+00,  0.000000000000000e+00,  0.000000000000000e+00,  0.000000000000000e+00,  0.000000000000000e+00,  0.000000000000000e+00,  0.000000000000000e+00,  0.000000000000000e+00,  0.000000000000000e+00,  0.000000000000000e+00,  0.000000000000000e+00,  0.000000000000000e+00,  0.000000000000000e+00,  0.000000000000000e+00,  0.000000000000000e+00,  0.000000000000000e+00,  0.000000000000000e+00,  0.000000000000000e+00,  0.000000000000000e+00,  0.000000000000000e+00,  0.000000000000000e+00,  0.000000000000000e+00,  0.000000000000000e+00,  0.000000000000000e+00,  0.000000000000000e+00,  0.000000000000000e+00,  0.000000000000000e+00,  0.000000000000000e+00,  0.000000000000000e+00,  0.000000000000000e+00,  6.083119836000330e-03, -1.877012544645937e-08,  4.450678839778536e-03,  6.754875276831595e-03, -3.465935574816901e-08,  6.906225503898983e-03,  7.090752965717991e-03, -3.724821606565354e-08,  8.556045946366497e-03,  6.680235669807523e-03, -3.466152980733874e-08,  8.440942169199354e-03,  6.120439474971057e-03, -2.254049207479792e-08,  6.714385856559468e-03,  4.590329717413598e-03, -1.157069969774721e-08,  3.299641142674437e-03, -3.232447937093056e-04,  1.871223288498118e-02
  2.430000000000000e+00,  9.919885587674907e-01,  9.328471074563229e-01, -3.074260457434527e-01,  7.431081530820197e-02, -1.559230402351825e-01,  1.361488978623130e-01,  0.000000000000000e+00, -5.204170427930421e-18,  0.000000000000000e+00, -1.963685080724942e-02, -1.688735203089002e-03, -6.620769012165165e-02, -3.043711874822851e-02, -1.832089606568369e-03, -6.781272503363758e-02, -3.387356763797469e-02, -1.790404993094138e-03, -6.500391393716573e-02, -3.060075917029932e-02, -1.722286234271543e-03, -5.978755047224558e-02, -2.716431027887701e-02, -1.655184173256826e-03, -5.015734099927845e-02, -2.176417630688165e-02, -1.477262041538001e-03, -3.531076806249656e-02,  0.000000000000000e+00,  0.000000000000000e+00,  0.000000000000000e+00,  0.000000000000000e+00,  0.000000000000000e+00,  0.000000000000000e+00,  0.000000000000000e+00,  0.000000000000000e+00,  0.000000000000000e+00,  0.000000000000000e+00,  0.000000000000000e+00,  0.000000000000000e+00,  0.000000000000000e+00,  0.000000000000000e+00,  0.000000000000000e+00,  0.000000000000000e+00,  0.000000000000000e+00,  0.000000000000000e+00,  0.000000000000000e+00,  0.000000000000000e+00,  0.000000000000000e+00,  0.000000000000000e+00,  0.000000000000000e+00,  0.000000000000000e+00,  0.000000000000000e+00,  0.000000000000000e+00,  0.000000000000000e+00,  0.000000000000000e+00,  0.000000000000000e+00,  0.000000000000000e+00,  0.000000000000000e+00,  0.000000000000000e+00,  0.000000000000000e+00,  6.357878153754256e-03,  1.545034183450596e-05,  4.134358149988511e-03,  7.059975128644413e-03,  2.850253962997543e-05,  6.415383330759841e-03,  7.411023616538090e-03,  3.062548751035698e-05,  7.947947124616396e-03,  6.981964354781466e-03,  2.850253974039414e-05,  7.841024068720248e-03,  6.396883542276590e-03,  1.851682248223597e-05,  6.237178236910110e-03,  4.797662655899161e-03,  9.461533140921836e-06,  3.065127592164997e-03, -1.972012683770627e-04,  1.738304888813002e-02
  2.440000000000000e+00,  1.002705738332325e+00,  9.341220687299735e-01, -3.084510051856036e-01,  7.305961879950348e-02, -1.500007387312045e-01,  1.391558473960404e-01,  0.000000000000000e+00,  1.127570259384925e-17,  0.000000000000000e+00, -1.926553719688313e-02, -3.027319159348378e-03, -6.682163596738261e-02, -2.986158265209394e-02, -3.284304109359257e-03, -6.844155441492222e-02, -3.323305165996776e-02, -3.209577989436373e-03, -6.560669713094544e-02, -3.002212879398458e-02, -3.087464573748178e-03, -6.034196217504938e-02, -2.665065978434086e-02, -2.967173746266906e-03, -5.062245148805535e-02, -2.135263705518062e-02, -2.648220794359170e-03, -3.563820584642463e-02,  0.000000000000000e+00,  0.000000000000000e+00,  0.000000000000000e+00,  0.000000000000000e+00,  0.000000000000000e+00,  0.000000000000000e+00,  0.000000000000000e+00,  0.000000000000000e+00,  0.000000000000000e+00,  0.000000000000000e+00,  0.000000000000000e+00,  0.000000000000000e+00,  0.000000000000000e+00,  0.000000000000000e+00,  0.000000000000000e+00,  0.000000000000000e+00,  0.000000000000000e+00,  0.000000000000000e+00,  0.000000000000000e+00,  0.000000000000000e+00,  0.000000000000000e+00,  0.000000000000000e+00,  0.000000000000000e+00,  0.000000000000000e+00,  0.000000000000000e+00,  0.000000000000000e+00,  0.000000000000000e+00,  0.000000000000000e+00,  0.000000000000000e+00,  0.000000000000000e+00,  0.000000000000000e+00,  0.000000000000000e+00,  0.000000000000000e+00,  6.656390597947355e-03, -2.938929152143361e-06,  3.822043773472582e-03,  7.391452137297224e-03, -5.421687963167882e-06,  5.930757573491641e-03,  7.758982907461831e-03, -5.825510121550380e-06,  7.347549658449764e-03,  7.309778634153650e-03, -5.421687827489936e-06,  7.248703698458215e-03,  6.697227351263846e-03, -3.522227411710705e-06,  5.766014306072327e-03,  5.022920512577165e-03, -1.799750642986239e-06,  2.833584174897185e-03, -3.257440794586703e-04,  1.606837042758853e-02
  2.450000000000000e+00,  1.013372116972306e+00,  9.352499690264297e-01, -3.094631925057979e-01,  7.167032824612740e-02, -1.436717728328159e-01,  1.422373365163845e-01,  0.000000000000000e+00, -1.734723475976807e-18,  0.000000000000000e+00, -1.887026213772683e-02, -4.355303127996272e-03, -6.746107074835717e-02, -2.924890631028574e-02, -4.725018806206690e-03, -6.909649064500312e-02, -3.255120218272756e-02, -4.617512829144595e-03, -6.623450582473443e-02, -2.940615849324287e-02, -4.441832329849005e-03, -6.091939115871978e-02, -2.610386261891791e-02, -4.268773927466673e-03, -5.110687177620356e-02, -2.091454053101293e-02, -3.809906951174120e-03, -3.597923772909321e-02,  0.000000000000000e+00,  0.000000000000000e+00,  0.000000000000000e+00,  0.000000000000000e+00,  0.000000000000000e+00,  0.000000000000000e+00,  0.000000000000000e+00,  0.000000000000000e+00,  0.000000000000000e+00,  0.000000000000000e+00,  0.000000000000000e+00,  0.000000000000000e+00,  0.000000000000000e+00,  0.000000000000000e+00,  0.000000000000000e+00,  0.000000000000000e+00,  0.000000000000000e+00,  0.000000000000000e+00,  0.000000000000000e+00,  0.000000000000000e+00,  0.000000000000000e+00,  0.000000000000000e+00,  0.000000000000000e+00,  0.000000000000000e+00,  0.000000000000000e+00,  0.000000000000000e+00,  0.000000000000000e+00,  0.000000000000000e+00,  0.000000000000000e+00,  0.000000000000000e+00,  0.000000000000000e+00,  0.000000000000000e+00,  0.000000000000000e+00,  6.968423947312421e-03, -5.116888282373098e-05,  3.515506235412054e-03,  7.737943157223482e-03, -9.439552101156376e-05,  5.455095875872370e-03,  8.122702762715825e-03, -1.014263596823463e-04,  6.758257666172935e-03,  7.652441024135532e-03, -9.439552084773818e-05,  6.667339401089392e-03,  7.011175015774702e-03, -6.132453822537297e-05,  5.303565433215561e-03,  5.258381260889703e-03, -3.133497241600108e-05,  2.606323586125061e-03, -6.780534895904842e-04,  1.477562628222820e-02
  2.460000000000000e+00,  1.023990948753655e+00,  9.362285097052140e-01, -3.104574203922457e-01,  7.017440318913934e-02, -1.370217055118782e-01,  1.453848948621304e-01, -3.469446951953614e-18, -2.428612866367530e-17,  0.000000000000000e+00, -1.845701837455721e-02, -5.664914087683896e-03, -6.812544508285925e-02, -2.860837847719390e-02, -6.145800834698941e-03, -6.977697102382339e-02, -3.183835669097543e-02, -6.005968518487038e-03, -6.688680062558369e-02, -2.876218696200457e-02, -5.777462050342507e-03, -6.151934131493248e-02, -2.553220874620590e-02, -5.552366126400328e-03, -5.161018566547151e-02, -2.045652869316483e-02, -4.955520873203727e-03, -3.633357070694180e-02,  0.000000000000000e+00,  0.000000000000000e+00,  0.000000000000000e+00,  0.000000000000000e+00,  0.000000000000000e+00,  0.000000000000000e+00,  0.000000000000000e+00,  0.000000000000000e+00,  0.000000000000000e+00,  0.000000000000000e+00,  0.000000000000000e+00,  0.000000000000000e+00,  0.000000000000000e+00,  0.000000000000000e+00,  0.000000000000000e+00,  0.000000000000000e+00,  0.000000000000000e+00,  0.000000000000000e+00,  0.000000000000000e+00,  0.000000000000000e+00,  0.000000000000000e+00,  0.000000000000000e+00,  0.000000000000000e+00,  0.000000000000000e+00,  0.000000000000000e+00,  0.000000000000000e+00,  0.000000000000000e+00,  0.000000000000000e+00,  0.000000000000000e+00,  0.000000000000000e+00,  0.000000000000000e+00,  0.000000000000000e+00,  0.000000000000000e+00,  7.284702862199567e-03, -1.255384767839955e-04,  3.216464832441937e-03,  8.089148578135395e-03, -2.315913367766759e-04,  4.991066112021391e-03,  8.491371436691732e-03, -2.488408982579228e-04,  6.183376347399627e-03,  7.999765722284485e-03, -2.315913365831584e-04,  6.100191911660674e-03,  7.329394292231741e-03, -1.504545095322672e-04,  4.852425384852336e-03,  5.497045718155500e-03, -7.687767534378459e-05,  2.384620476811951e-03, -1.225913837734509e-03,  1.351203956294391e-02
  2.470000000000000e+00,  1.034564513155167e+00,  9.370570779636812e-01, -3.114286511383577e-01,  6.859491164973142e-02, -1.301400840531139e-01,  1.485901022364858e-01,  1.387778780781446e-17, -3.469446951953614e-18,  0.000000000000000e+00, -1.803011679119474e-02, -6.947932251961995e-03, -6.881479207580493e-02, -2.794668102272142e-02, -7.537732642049683e-03, -7.048302945884938e-02, -3.110195145927670e-02, -7.366230401274121e-03, -6.756361403651599e-02, -2.809693199420495e-02, -7.085970641769058e-03, -6.214184253845010e-02, -2.494166155547544e-02, -6.809893863639501e-03, -5.213241823536834e-02, -1.998337943785921e-02, -6.077872103070594e-03, -3.670122243595626e-02,  0.000000000000000e+00,  0.000000000000000e+00,  0.000000000000000e+00,  0.000000000000000e+00,  0.000000000000000e+00,  0.000000000000000e+00,  0.000000000000000e+00,  0.000000000000000e+00,  0.000000000000000e+00,  0.000000000000000e+00,  0.000000000000000e+00,  0.000000000000000e+00,  0.000000000000000e+00,  0.000000000000000e+00,  0.000000000000000e+00,  0.000000000000000e+00,  0.000000000000000e+00,  0.000000000000000e+00,  0.000000000000000e+00,  0.000000000000000e+00,  0.000000000000000e+00,  0.000000000000000e+00,  0.000000000000000e+00,  0.000000000000000e+00,  0.000000000000000e+00,  0.000000000000000e+00,  0.000000000000000e+00,  0.000000000000000e+00,  0.000000000000000e+00,  0.000000000000000e+00,  0.000000000000000e+00,  0.000000000000000e+00,  0.000000000000000e+00,  7.596304994825187e-03, -2.219167923897039e-04,  2.926633955508230e-03,  8.435160762306961e-03, -4.093884838201997e-04,  4.541328543787145e-03,  8.854588646690377e-03, -4.398808672683615e-04,  5.626201470989558e-03,  8.341954567529846e-03, -4.093884835963916e-04,  5.550512661336988e-03,  7.642908094516254e-03, -2.659613457097316e-04,  4.415180526679397e-03,  5.732181069788210e-03, -1.358981535257955e-04,  2.169745860946717e-03, -1.938047925248322e-03,  1.228491168691602e-02
  2.480000000000000e+00,  1.045095265390960e+00,  9.377361865337299e-01, -3.123718107416635e-01,  6.694724922521038e-02, -1.231215328716803e-01,  1.518439486982206e-01,  0.000000000000000e+00, -4.336808689942018e-18,  0.000000000000000e+00, -1.759237644554479e-02, -8.194729230030805e-03, -6.952901168670604e-02, -2.726818348659901e-02, -8.890368496639829e-03, -7.121456348437633e-02, -3.034684936248728e-02, -8.688090412368402e-03, -6.826484783597557e-02, -2.741478662172207e-02, -8.357538420800861e-03, -6.278680448969914e-02, -2.433612074347494e-02, -8.031920040922083e-03, -5.267349369767031e-02, -1.949821722092357e-02, -7.168537972607585e-03, -3.708213956123799e-02,  0.000000000000000e+00,  0.000000000000000e+00,  0.000000000000000e+00,  0.000000000000000e+00,  0.000000000000000e+00,  0.000000000000000e+00,  0.000000000000000e+00,  0.000000000000000e+00,  0.000000000000000e+00,  0.000000000000000e+00,  0.000000000000000e+00,  0.000000000000000e+00,  0.000000000000000e+00,  0.000000000000000e+00,  0.000000000000000e+00,  0.000000000000000e+00,  0.000000000000000e+00,  0.000000000000000e+00,  0.000000000000000e+00,  0.000000000000000e+00,  0.000000000000000e+00,  0.000000000000000e+00,  0.000000000000000e+00,  0.000000000000000e+00,  0.000000000000000e+00,  0.000000000000000e+00,  0.000000000000000e+00,  0.000000000000000e+00,  0.000000000000000e+00,  0.000000000000000e+00,  0.000000000000000e+00,  0.000000000000000e+00,  0.000000000000000e+00,  7.895368747335449e-03, -3.362400760000161e-04,  2.647387618508451e-03,  8.767249959970387e-03, -6.202902156049377e-04,  4.108015261723281e-03,  9.203190566985316e-03, -6.664911418148725e-04,  5.089374460248714e-03,  8.670374271422690e-03, -6.202902153512660e-04,  5.020907538584626e-03,  7.943806594107605e-03, -4.029747465952345e-04,  3.993903724521137e-03,  5.957854944400036e-03, -2.059078317917535e-04,  1.962718404013933e-03, -2.783841060774808e-03,  1.110019504228581e-02
  2.490000000000000e+00,  1.055586708951370e+00,  9.382668281494700e-01, -3.132816208459676e-01,  6.524027757071137e-02, -1.160642212941171e-01,  1.551346947946257e-01,  0.000000000000000e+00,  8.673617379884035e-19,  0.000000000000000e+00, -1.714540908253279e-02, -9.394238626500026e-03, -7.026689071180184e-02, -2.657538407343989e-02, -1.019170259203230e-02, -7.197033048564851e-02, -2.957583066057376e-02, -9.959815907412154e-03, -6.898931087846213e-02, -2.671826248037315e-02, -9.580879129892125e-03, -6.345313160893276e-02, -2.371781589066205e-02, -9.207598125022219e-03, -5.323249295863607e-02, -1.900282839296391e-02, -8.217837884285154e-03, -3.747567504080036e-02,  0.000000000000000e+00,  0.000000000000000e+00,  0.000000000000000e+00,  0.000000000000000e+00,  0.000000000000000e+00,  0.000000000000000e+00,  0.000000000000000e+00,  0.000000000000000e+00,  0.000000000000000e+00,  0.000000000000000e+00,  0.000000000000000e+00,  0.000000000000000e+00,  0.000000000000000e+00,  0.000000000000000e+00,  0.000000000000000e+00,  0.000000000000000e+00,  0.000000000000000e+00,  0.000000000000000e+00,  0.000000000000000e+00,  0.000000000000000e+00,  0.000000000000000e+00,  0.000000000000000e+00,  0.000000000000000e+00,  0.000000000000000e+00,  0.000000000000000e+00,  0.000000000000000e+00,  0.000000000000000e+00,  0.000000000000000e+00,  0.000000000000000e+00,  0.000000000000000e+00,  0.000000000000000e+00,  0.000000000000000e+00,  0.000000000000000e+00,  8.175633762958717e-03, -4.648794040953379e-04,  2.379492133353562e-03,  9.078464486608751e-03, -8.576019531185473e-04,  3.692315370527181e-03,  9.529879849186287e-03, -9.214785121725518e-04,  4.574368483779103e-03,  8.978149963636358e-03, -8.576019528362869e-04,  4.512829893595035e-03,  8.225791027133328e-03, -5.571455443075905e-04,  3.589751052394426e-03,  6.169343269088960e-03, -2.846844177084289e-04,  1.764106233813823e-03, -3.736067004775995e-03,  9.961340321633807e-03
  2.500000000000000e+00,  1.066043467024240e+00,  9.386496470731408e-01, -3.141526198305698e-01,  6.347832616516123e-02, -1.090635148956495e-01,  1.584420846001754e-01,  0.000000000000000e+00,  6.071532165918823e-18,  0.000000000000000e+00, -1.668997065965397e-02, -1.053527943177760e-02, -7.102455811683801e-02, -2.586945451734635e-02, -1.142960477814634e-02, -7.274636558515998e-02, -2.879019938019373e-02, -1.116955272753205e-02, -6.973320251216773e-02, -2.600853760390227e-02, -1.074458962019047e-02, -6.413732823492097e-02, -2.308779273822005e-02, -1.032596924561526e-02, -5.380648341656547e-02, -1.849805080685398e-02, -9.215990979022592e-03, -3.787976432304933e-02,  0.000000000000000e+00,  0.000000000000000e+00,  0.000000000000000e+00,  0.000000000000000e+00,  0.000000000000000e+00,  0.000000000000000e+00,  0.000000000000000e+00,  0.000000000000000e+00,  0.000000000000000e+00,  0.000000000000000e+00,  0.000000000000000e+00,  0.000000000000000e+00,  0.000000000000000e+00,  0.000000000000000e+00,  0.000000000000000e+00,  0.000000000000000e+00,  0.000000000000000e+00,  0.000000000000000e+00,  0.000000000000000e+00,  0.000000000000000e+00,  0.000000000000000e+00,  0.000000000000000e+00,  0.000000000000000e+00,  0.000000000000000e+00,  0.000000000000000e+00,  0.000000000000000e+00,  0.000000000000000e+00,  0.000000000000000e+00,  0.000000000000000e+00,  0.000000000000000e+00,  0.000000000000000e+00,  0.000000000000000e+00,  0.000000000000000e+00,  8.432596046269853e-03, -6.047842626806645e-04,  2.122918551047318e-03,  9.363802973066384e-03, -1.115696157819868e-03,  3.294183949337035e-03,  9.829406437271891e-03, -1.198796285205101e-03,  4.081127889623618e-03,  9.260335538760741e-03, -1.115696157509570e-03,  4.026224823092536e-03,  8.484329766292134e-03, -7.248177793264220e-04,  3.202678837240556e-03,  6.363247323380488e-03, -3.703598272184535e-04,  1.573887888160276e-03, -4.771907630174526e-03,  8.868482615424403e-03
  2.510000000000000e+00,  1.076470654705098e+00,  9.388841901106247e-01, -3.149795169637372e-01,  6.166441192828323e-02, -1.022025373790573e-01,  1.617298575964869e-01,  0.000000000000000e+00, -2.602085213965211e-18,  0.000000000000000e+00, -1.622639681664368e-02, -1.160861117358804e-02, -7.179387541874120e-02, -2.515091505990161e-02, -1.259405017175460e-02, -7.353433300327873e-02, -2.799053449988078e-02, -1.230750408063004e-02, -7.048853222643921e-02, -2.528613503088662e-02, -1.183924583388118e-02, -6.483204507082710e-02, -2.244651558777139e-02, -1.137797651596985e-02, -5.438929955397588e-02, -1.798425646328944e-02, -1.015491392978012e-02, -3.829006688367589e-02,  0.000000000000000e+00,  0.000000000000000e+00,  0.000000000000000e+00,  0.000000000000000e+00,  0.000000000000000e+00,  0.000000000000000e+00,  0.000000000000000e+00,  0.000000000000000e+00,  0.000000000000000e+00,  0.000000000000000e+00,  0.000000000000000e+00,  0.000000000000000e+00,  0.000000000000000e+00,  0.000000000000000e+00,  0.000000000000000e+00,  0.000000000000000e+00,  0.000000000000000e+00,  0.000000000000000e+00,  0.000000000000000e+00,  0.000000000000000e+00,  0.000000000000000e+00,  0.000000000000000e+00,  0.000000000000000e+00,  0.000000000000000e+00,  0.000000000000000e+00,  0.000000000000000e+00,  0.000000000000000e+00,  0.000000000000000e+00,  0.000000000000000e+00,  0.000000000000000e+00,  0.000000000000000e+00,  0.000000000000000e+00,  0.000000000000000e+00,  8.663368695278150e-03, -7.534747398124203e-04,  1.876824941946789e-03,  9.620059718358524e-03, -1.389997928538802e-03,  2.912314555587172e-03,  1.009840523076088e-02, -1.493528808483085e-03,  3.608034140597688e-03,  9.513760717921326e-03, -1.389997928201396e-03,  3.559495563934401e-03,  8.716518198537871e-03, -9.030193434432707e-04,  2.831416926562723e-03,  6.537388647490414e-03, -4.614154034744644e-04,  1.391439177831439e-03, -5.872840541108685e-03,  7.818348427867989e-03
  2.520000000000000e+00,  1.086873256572696e+00,  9.389687528727858e-01, -3.157577924989075e-01,  5.980468442012631e-02, -9.554423800231275e-02,  1.649428020929135e-01,  0.000000000000000e+00,  4.336808689942017e-18,  0.000000000000000e+00, -1.575522568422634e-02, -1.260834752076480e-02, -7.256205849301034e-02, -2.442059980372785e-02, -1.367865275915415e-02, -7.432113869733467e-02, -2.717776429513242e-02, -1.336742925076309e-02, -7.124274833540160e-02, -2.455189334836731e-02, -1.285884449282347e-02, -6.552573766482314e-02, -2.179472885347787e-02, -1.235785055189884e-02, -5.497125642805410e-02, -1.746204179048165e-02, -1.102945752573175e-02, -3.869976452293349e-02,  0.000000000000000e+00,  0.000000000000000e+00,  0.000000000000000e+00,  0.000000000000000e+00,  0.000000000000000e+00,  0.000000000000000e+00,  0.000000000000000e+00,  0.000000000000000e+00,  0.000000000000000e+00,  0.000000000000000e+00,  0.000000000000000e+00,  0.000000000000000e+00,  0.000000000000000e+00,  0.000000000000000e+00,  0.000000000000000e+00,  0.000000000000000e+00,  0.000000000000000e+00,  0.000000000000000e+00,  0.000000000000000e+00,  0.000000000000000e+00,  0.000000000000000e+00,  0.000000000000000e+00,  0.000000000000000e+00,  0.000000000000000e+00,  0.000000000000000e+00,  0.000000000000000e+00,  0.000000000000000e+00,  0.000000000000000e+00,  0.000000000000000e+00,  0.000000000000000e+00,  0.000000000000000e+00,  0.000000000000000e+00,  0.000000000000000e+00,  8.866805766654629e-03, -9.090610219129986e-04,  1.639804249461234e-03,  9.845962233268220e-03, -1.677020967961727e-03,  2.544523825576869e-03,  1.033554046749341e-02, -1.801930115650826e-03,  3.152382291663569e-03,  9.737167072557682e-03, -1.677020967596872e-03,  3.109973560475572e-03,  8.921203350216927e-03, -1.089485345575183e-03,  2.473842605645877e-03,  6.690902511177254e-03, -5.566938560568255e-04,  1.215716940175920e-03, -7.024774348137456e-03,  6.805271819718309e-03
  2.530000000000000e+00,  1.097255713203474e+00,  9.389007098529097e-01, -3.164842847955233e-01,  5.791338404781166e-02, -8.912887877431470e-02,  1.680089233882864e-01,  0.000000000000000e+00,  3.469446951953613e-18,  0.000000000000000e+00, -1.527794986766671e-02, -1.353193371644848e-02, -7.331255165174703e-02, -2.368082228698800e-02, -1.468064091369998e-02, -7.508982562942146e-02, -2.635446351003284e-02, -1.434661967271423e-02, -7.197959616366283e-02, -2.380813853288116e-02, -1.380078008340157e-02, -6.620345572904177e-02, -2.113449730595155e-02, -1.326308735330419e-02, -5.553981185098368e-02, -1.693306109259235e-02, -1.183738693140920e-02, -3.910002754059117e-02,  0.000000000000000e+00,  0.000000000000000e+00,  0.000000000000000e+00,  0.000000000000000e+00,  0.000000000000000e+00,  0.000000000000000e+00,  0.000000000000000e+00,  0.000000000000000e+00,  0.000000000000000e+00,  0.000000000000000e+00,  0.000000000000000e+00,  0.000000000000000e+00,  0.000000000000000e+00,  0.000000000000000e+00,  0.000000000000000e+00,  0.000000000000000e+00,  0.000000000000000e+00,  0.000000000000000e+00,  0.000000000000000e+00,  0.000000000000000e+00,  0.000000000000000e+00,  0.000000000000000e+00,  0.000000000000000e+00,  0.000000000000000e+00,  0.000000000000000e+00,  0.000000000000000e+00,  0.000000000000000e+00,  0.000000000000000e+00,  0.000000000000000e+00,  0.000000000000000e+00,  0.000000000000000e+00,  0.000000000000000e+00,  0.000000000000000e+00,  9.044008347385614e-03, -1.070324586952122e-03,  1.410316456284286e-03,  1.004273319721307e-02, -1.974517366488167e-03,  2.188422077251869e-03,  1.054209562310443e-02, -2.121584866599039e-03,  2.711211792264748e-03,  9.931763771822028e-03, -1.974517366095205e-03,  2.674738090191473e-03,  9.099493063455673e-03, -1.282755419622021e-03,  2.127632572484504e-03,  6.824619796032974e-03, -6.554489823291609e-04,  1.045579438217146e-03, -8.218682853523561e-03,  5.822972006949928e-03
  2.540000000000000e+00,  1.107621479267143e+00,  9.386766770739107e-01, -3.171575570736728e-01,  5.601777847547307e-02, -8.297700385941079e-02,  1.708412896722828e-01,  0.000000000000000e+00,  2.602085213965211e-18,  0.000000000000000e+00, -1.479773711777570e-02, -1.437915034816116e-02, -7.402580996521722e-02, -2.293649252344891e-02, -1.559977659729433e-02, -7.582037505333122e-02, -2.552609651474350e-02, -1.524484272434704e-02, -7.267988614384950e-02, -2.305980699611728e-02, -1.466482883395102e-02, -6.684754959965586e-02, -2.047020300048570e-02, -1.409347186689798e-02, -5.608015905780001e-02, -1.640082529343773e-02, -1.257851021043276e-02, -3.948043197410478e-02,  0.000000000000000e+00,  0.000000000000000e+00,  0.000000000000000e+00,  0.000000000000000e+00,  0.000000000000000e+00,  0.000000000000000e+00,  0.000000000000000e+00,  0.000000000000000e+00,  0.000000000000000e+00,  0.000000000000000e+00,  0.000000000000000e+00,  0.000000000000000e+00,  0.000000000000000e+00,  0.000000000000000e+00,  0.000000000000000e+00,  0.000000000000000e+00,  0.000000000000000e+00,  0.000000000000000e+00,  0.000000000000000e+00,  0.000000000000000e+00,  0.000000000000000e+00,  0.000000000000000e+00,  0.000000000000000e+00,  0.000000000000000e+00,  0.000000000000000e+00,  0.000000000000000e+00,  0.000000000000000e+00,  0.000000000000000e+00,  0.000000000000000e+00,  0.000000000000000e+00,  0.000000000000000e+00,  0.000000000000000e+00,  0.000000000000000e+00,  9.198649292914108e-03, -1.236741680829876e-03,  1.187084633247835e-03,  1.021445105703898e-02, -2.281520911082871e-03,  1.842027868772772e-03,  1.072235194014396e-02, -2.451454882079656e-03,  2.282067856112394e-03,  1.010158419685535e-02, -2.281520910659873e-03,  2.251367390821426e-03,  9.255082726559196e-03, -1.482201860286464e-03,  1.790860425282315e-03,  6.941312043282525e-03, -7.573600439857059e-04,  8.800799830804842e-04, -9.450799425227033e-03,  4.866181673707541e-03
  2.550000000000000e+00,  1.117972866271395e+00,  9.382925414886950e-01, -3.177780700772574e-01,  5.416124743635509e-02, -7.709386436917048e-02,  1.733407035620272e-01, -8.673617379884035e-19, -1.387778780781446e-17,  0.000000000000000e+00, -1.431979814865226e-02, -1.515112458201768e-02, -7.468005961554053e-02, -2.219568711998816e-02, -1.643728265963252e-02, -7.649048530105983e-02, -2.470165179111826e-02, -1.606329343247066e-02, -7.332224034568392e-02, -2.231501876757432e-02, -1.545214030461379e-02, -6.743835685930287e-02, -1.980905409160754e-02, -1.485010886476431e-02, -5.657580273191567e-02, -1.587110960116185e-02, -1.325381337867475e-02, -3.982936512058842e-02,  0.000000000000000e+00,  0.000000000000000e+00,  0.000000000000000e+00,  0.000000000000000e+00,  0.000000000000000e+00,  0.000000000000000e+00,  0.000000000000000e+00,  0.000000000000000e+00,  0.000000000000000e+00,  0.000000000000000e+00,  0.000000000000000e+00,  0.000000000000000e+00,  0.000000000000000e+00,  0.000000000000000e+00,  0.000000000000000e+00,  0.000000000000000e+00,  0.000000000000000e+00,  0.000000000000000e+00,  0.000000000000000e+00,  0.000000000000000e+00,  0.000000000000000e+00,  0.000000000000000e+00,  0.000000000000000e+00,  0.000000000000000e+00,  0.000000000000000e+00,  0.000000000000000e+00,  0.000000000000000e+00,  0.000000000000000e+00,  0.000000000000000e+00,  0.000000000000000e+00,  0.000000000000000e+00,  0.000000000000000e+00,  0.000000000000000e+00,  9.336614363844972e-03, -1.408418138402784e-03,  9.693063773480255e-04,  1.036765153464960e-02, -2.598226844164414e-03,  1.504096092013321e-03,  1.088317012116724e-02, -2.791749946705042e-03,  1.863407932575833e-03,  1.025309185164571e-02, -2.598226843708649e-03,  1.838339663535248e-03,  9.393894209100027e-03, -1.687951507814455e-03,  1.462315642243385e-03,  7.045420655101280e-03, -8.624918525313117e-04,  7.186236897745840e-04, -1.072211683741316e-02,  3.931516264067208e-03
  2.560000000000000e+00,  1.128311549524175e+00,  9.377438784399644e-01, -3.183482707461991e-01,  5.240198429981560e-02, -7.147229254115590e-02,  1.754040022506345e-01,  0.000000000000000e+00, -1.734723475976807e-18,  0.000000000000000e+00, -1.385109894979449e-02, -1.584984853171812e-02, -7.525308574623696e-02, -2.146920336036885e-02, -1.719532032220265e-02, -7.707740297416017e-02, -2.389314567109911e-02, -1.680408384538376e-02, -7.388484781917570e-02, -2.158462918093744e-02, -1.616474618750131e-02, -6.795581681940437e-02, -1.916068686483568e-02, -1.553495088217754e-02, -5.700991343659699e-02, -1.535163465416406e-02, -1.386503908586303e-02, -4.013497905657613e-02,  0.000000000000000e+00,  0.000000000000000e+00,  0.000000000000000e+00,  0.000000000000000e+00,  0.000000000000000e+00,  0.000000000000000e+00,  0.000000000000000e+00,  0.000000000000000e+00,  0.000000000000000e+00,  0.000000000000000e+00,  0.000000000000000e+00,  0.000000000000000e+00,  0.000000000000000e+00,  0.000000000000000e+00,  0.000000000000000e+00,  0.000000000000000e+00,  0.000000000000000e+00,  0.000000000000000e+00,  0.000000000000000e+00,  0.000000000000000e+00,  0.000000000000000e+00,  0.000000000000000e+00,  0.000000000000000e+00,  0.000000000000000e+00,  0.000000000000000e+00,  0.000000000000000e+00,  0.000000000000000e+00,  0.000000000000000e+00,  0.000000000000000e+00,  0.000000000000000e+00,  0.000000000000000e+00,  0.000000000000000e+00,  0.000000000000000e+00,  9.465062215971036e-03, -1.585995459877775e-03,  7.567213172144061e-04,  1.051028381224855e-02, -2.925818594868005e-03,  1.174222722426353e-03,  1.103289461158532e-02, -3.143741634676683e-03,  1.454731480129326e-03,  1.039414808213457e-02, -2.925818594376231e-03,  1.435161100548703e-03,  9.523130085010474e-03, -1.900773183064077e-03,  1.141605421721638e-03,  7.142347561934891e-03, -9.712372520269392e-04,  5.610175243497606e-04, -1.203765821348646e-02,  3.017756239073577e-03
  2.570000000000000e+00,  1.138639569619069e+00,  9.370267328065595e-01, -3.188725256113236e-01,  5.080764838528898e-02, -6.609464223589724e-02,  1.769362227334215e-01,  0.000000000000000e+00,  8.673617379884034e-19,  0.000000000000000e+00, -1.339957458898654e-02, -1.647794562777488e-02, -7.572477764300296e-02, -2.076934059971343e-02, -1.787673571491757e-02, -7.756052982587003e-02, -2.311426614669461e-02, -1.746999533642989e-02, -7.434796349938316e-02, -2.088100371690879e-02, -1.680532203424941e-02, -6.838176889553407e-02, -1.853607816400576e-02, -1.615056922849989e-02, -5.736725578222158e-02, -1.485119515263111e-02, -1.441448224139930e-02, -4.038654806777146e-02,  0.000000000000000e+00,  0.000000000000000e+00,  0.000000000000000e+00,  0.000000000000000e+00,  0.000000000000000e+00,  0.000000000000000e+00,  0.000000000000000e+00,  0.000000000000000e+00,  0.000000000000000e+00,  0.000000000000000e+00,  0.000000000000000e+00,  0.000000000000000e+00,  0.000000000000000e+00,  0.000000000000000e+00,  0.000000000000000e+00,  0.000000000000000e+00,  0.000000000000000e+00,  0.000000000000000e+00,  0.000000000000000e+00,  0.000000000000000e+00,  0.000000000000000e+00,  0.000000000000000e+00,  0.000000000000000e+00,  0.000000000000000e+00,  0.000000000000000e+00,  0.000000000000000e+00,  0.000000000000000e+00,  0.000000000000000e+00,  0.000000000000000e+00,  0.000000000000000e+00,  0.000000000000000e+00,  0.000000000000000e+00,  0.000000000000000e+00,  9.591464300347970e-03, -1.770583010821148e-03,  5.496327818152085e-04,  1.065064440910948e-02, -3.266342702725765e-03,  8.528784428980541e-04,  1.118023446478218e-02, -3.509628917436310e-03,  1.056621622572081e-03,  1.053295773335301e-02, -3.266342702194804e-03,  1.042406980945969e-03,  9.650307642473259e-03, -2.121996431026987e-03,  8.291873720787266e-04,  7.237730729917882e-03, -1.084275599503100e-03,  4.074863686281244e-04, -1.340595497747431e-02,  2.125944875600516e-03
  2.580000000000000e+00,  1.148960501902385e+00,  9.361383739926543e-01, -3.193568316569473e-01,  4.944822315989729e-02, -6.093398130413813e-02,  1.778617956225632e-01,  6.071532165918823e-18, -1.647987302177966e-17,  0.000000000000000e+00, -1.297316115305389e-02, -1.703857969305155e-02, -7.607934715065370e-02, -2.010839977266990e-02, -1.848496123320019e-02, -7.792369495785810e-02, -2.237870296777655e-02, -1.806438220545696e-02, -7.469608628850180e-02, -2.021650944421221e-02, -1.737709452511178e-02, -6.870195590514293e-02, -1.794620624264280e-02, -1.670006486916661e-02, -5.763586904517495e-02, -1.437858692620239e-02, -1.490491047598316e-02, -4.057565180475060e-02,  0.000000000000000e+00,  0.000000000000000e+00,  0.000000000000000e+00,  0.000000000000000e+00,  0.000000000000000e+00,  0.000000000000000e+00,  0.000000000000000e+00,  0.000000000000000e+00,  0.000000000000000e+00,  0.000000000000000e+00,  0.000000000000000e+00,  0.000000000000000e+00,  0.000000000000000e+00,  0.000000000000000e+00,  0.000000000000000e+00,  0.000000000000000e+00,  0.000000000000000e+00,  0.000000000000000e+00,  0.000000000000000e+00,  0.000000000000000e+00,  0.000000000000000e+00,  0.000000000000000e+00,  0.000000000000000e+00,  0.000000000000000e+00,  0.000000000000000e+00,  0.000000000000000e+00,  0.000000000000000e+00,  0.000000000000000e+00,  0.000000000000000e+00,  0.000000000000000e+00,  0.000000000000000e+00,  0.000000000000000e+00,  0.000000000000000e+00,  9.722836835078737e-03, -1.963693534748536e-03,  3.488285676494115e-04,  1.079652434042818e-02, -3.622589852342325e-03,  5.412856962886766e-04,  1.133336809450042e-02, -3.892410337477271e-03,  6.705928307867044e-04,  1.067722573193271e-02, -3.622589851768940e-03,  6.615714015634361e-04,  9.782486143875927e-03, -2.353434234391131e-03,  5.262499794331118e-04,  7.336864605839780e-03, -1.202533273941233e-03,  2.586142786401742e-04, -1.483855380790984e-02,  1.259067575303122e-03
  2.590000000000000e+00,  1.159280489820041e+00,  9.350779003660020e-01, -3.198084682775009e-01,  4.838871728288706e-02, -5.595343173470884e-02,  1.781329157720977e-01,  0.000000000000000e+00,  1.734723475976807e-18,  0.000000000000000e+00, -1.257878354554423e-02, -1.753596301788287e-02, -7.630676689690359e-02, -1.949711447981152e-02, -1.902456674290045e-02, -7.815662791003500e-02, -2.169840159307180e-02, -1.859171034244636e-02, -7.491937113012241e-02, -1.960193767097199e-02, -1.788435963828943e-02, -6.890732282721650e-02, -1.740065055074634e-02, -1.718756640660006e-02, -5.780815673132354e-02, -1.394148507639423e-02, -1.534000859263751e-02, -4.069694233565121e-02,  0.000000000000000e+00,  0.000000000000000e+00,  0.000000000000000e+00,  0.000000000000000e+00,  0.000000000000000e+00,  0.000000000000000e+00,  0.000000000000000e+00,  0.000000000000000e+00,  0.000000000000000e+00,  0.000000000000000e+00,  0.000000000000000e+00,  0.000000000000000e+00,  0.000000000000000e+00,  0.000000000000000e+00,  0.000000000000000e+00,  0.000000000000000e+00,  0.000000000000000e+00,  0.000000000000000e+00,  0.000000000000000e+00,  0.000000000000000e+00,  0.000000000000000e+00,  0.000000000000000e+00,  0.000000000000000e+00,  0.000000000000000e+00,  0.000000000000000e+00,  0.000000000000000e+00,  0.000000000000000e+00,  0.000000000000000e+00,  0.000000000000000e+00,  0.000000000000000e+00,  0.000000000000000e+00,  0.000000000000000e+00,  0.000000000000000e+00,  9.864917889856448e-03, -2.167054617993529e-03,  1.553272808527958e-04,  1.095429532776536e-02, -3.997747066856542e-03,  2.410250783562822e-04,  1.149898404823363e-02, -4.295510296213601e-03,  2.986032873063783e-04,  1.083325339366974e-02, -3.997747066238522e-03,  2.945862016742521e-04,  9.925438861791605e-03, -2.597157059223801e-03,  2.343299341128774e-04,  7.444079144131114e-03, -1.327068220494837e-03,  1.151564279105170e-04, -1.634857997997218e-02,  4.210205423532848e-04
  2.600000000000000e+00,  1.169608952383532e+00,  9.338468586418204e-01, -3.202356965325944e-01,  4.768308056620758e-02, -5.110509309493596e-02,  1.777365042855593e-01,  0.000000000000000e+00, -1.734723475976807e-18,  0.000000000000000e+00, -1.222153077057263e-02, -1.797631012579595e-02, -7.640388639917320e-02, -1.894337267758684e-02, -1.950229430987502e-02, -7.825610182449586e-02, -2.108214055478054e-02, -1.905856841441236e-02, -7.501472482318679e-02, -1.904521876202563e-02, -1.833345536464464e-02, -6.899502468054469e-02, -1.690645087743071e-02, -1.761916489694890e-02, -5.788173211147631e-02, -1.354552991618346e-02, -1.572521289638912e-02, -4.074873940313548e-02,  0.000000000000000e+00,  0.000000000000000e+00,  0.000000000000000e+00,  0.000000000000000e+00,  0.000000000000000e+00,  0.000000000000000e+00,  0.000000000000000e+00,  0.000000000000000e+00,  0.000000000000000e+00,  0.000000000000000e+00,  0.000000000000000e+00,  0.000000000000000e+00,  0.000000000000000e+00,  0.000000000000000e+00,  0.000000000000000e+00,  0.000000000000000e+00,  0.000000000000000e+00,  0.000000000000000e+00,  0.000000000000000e+00,  0.000000000000000e+00,  0.000000000000000e+00,  0.000000000000000e+00,  0.000000000000000e+00,  0.000000000000000e+00,  0.000000000000000e+00,  0.000000000000000e+00,  0.000000000000000e+00,  0.000000000000000e+00,  0.000000000000000e+00,  0.000000000000000e+00,  0.000000000000000e+00,  0.000000000000000e+00,  0.000000000000000e+00,  1.002145347379369e-02, -2.382267770954376e-03, -2.989839444214118e-05,  1.112811704994901e-02, -4.394768786576154e-03, -4.639407340945904e-05,  1.168144883966517e-02, -4.722103288818583e-03, -5.747710640718674e-05,  1.100515443408536e-02, -4.394768785912610e-03, -5.670387288116554e-05,  1.008293478697867e-02, -2.855084272953901e-03, -4.510535242127894e-05,  7.562201087863361e-03, -1.458861177511683e-03, -2.216605565511537e-05, -1.794815995271400e-02, -3.844928665549064e-04
  2.610000000000000e+00,  1.179959019782977e+00,  9.324499773611827e-01, -3.206473620220415e-01,  4.737046008051499e-02, -4.633112609609265e-02,  1.767017930392898e-01, -8.673617379884037e-19, -5.204170427930422e-18,  0.000000000000000e+00, -1.190430965700990e-02, -1.836847862840612e-02, -7.637580362616742e-02, -1.845167995078741e-02, -1.992775345617424e-02, -7.822733825707270e-02, -2.053493413276706e-02, -1.947434730277788e-02, -7.498715264607822e-02, -1.855088252575330e-02, -1.873341529482130e-02, -6.896966508538210e-02, -1.646762833602275e-02, -1.800354197277721e-02, -5.786045728317830e-02, -1.319394318095579e-02, -1.606827179762725e-02, -4.073376192389247e-02,  0.000000000000000e+00,  0.000000000000000e+00,  0.000000000000000e+00,  0.000000000000000e+00,  0.000000000000000e+00,  0.000000000000000e+00,  0.000000000000000e+00,  0.000000000000000e+00,  0.000000000000000e+00,  0.000000000000000e+00,  0.000000000000000e+00,  0.000000000000000e+00,  0.000000000000000e+00,  0.000000000000000e+00,  0.000000000000000e+00,  0.000000000000000e+00,  0.000000000000000e+00,  0.000000000000000e+00,  0.000000000000000e+00,  0.000000000000000e+00,  0.000000000000000e+00,  0.000000000000000e+00,  0.000000000000000e+00,  0.000000000000000e+00,  0.000000000000000e+00,  0.000000000000000e+00,  0.000000000000000e+00,  0.000000000000000e+00,  0.000000000000000e+00,  0.000000000000000e+00,  0.000000000000000e+00,  0.000000000000000e+00,  0.000000000000000e+00,  1.019398449545561e-02, -2.610470617883010e-03, -2.060839361802284e-04,  1.131970057722262e-02, -4.815753682199836e-03, -3.197854316367625e-04,  1.188255861987451e-02, -5.174444300775106e-03, -3.961786225390096e-04,  1.119462101656280e-02, -4.815753681491896e-03, -3.908488664069776e-04,  1.025652428142184e-02, -3.128579287857784e-03, -3.109025063240108e-04,  7.692393208528739e-03, -1.598608807176058e-03, -1.527863712078990e-04, -1.964588585377458e-02, -1.154585141648276e-03
  2.620000000000000e+00,  1.190347801728669e+00,  9.308958126526182e-01, -3.210523002206983e-01,  4.747390204175928e-02, -4.156603996905413e-02,  1.751070260801487e-01,  4.336808689942018e-19,  3.469446951953614e-18,  0.000000000000000e+00, -1.162798993582110e-02, -1.872414392640802e-02, -7.623712615166223e-02, -1.802338438239419e-02, -2.031361069116294e-02, -7.808529890454156e-02, -2.005828261292671e-02, -1.985142532219253e-02, -7.485099658032880e-02, -1.812028429289341e-02, -1.909614679112614e-02, -6.884443512352031e-02, -1.608538605434429e-02, -1.835214107318563e-02, -5.775539859022828e-02, -1.288768882252144e-02, -1.637939863603958e-02, -4.065980060397088e-02,  0.000000000000000e+00,  0.000000000000000e+00,  0.000000000000000e+00,  0.000000000000000e+00,  0.000000000000000e+00,  0.000000000000000e+00,  0.000000000000000e+00,  0.000000000000000e+00,  0.000000000000000e+00,  0.000000000000000e+00,  0.000000000000000e+00,  0.000000000000000e+00,  0.000000000000000e+00,  0.000000000000000e+00,  0.000000000000000e+00,  0.000000000000000e+00,  0.000000000000000e+00,  0.000000000000000e+00,  0.000000000000000e+00,  0.000000000000000e+00,  0.000000000000000e+00,  0.000000000000000e+00,  0.000000000000000e+00,  0.000000000000000e+00,  0.000000000000000e+00,  0.000000000000000e+00,  0.000000000000000e+00,  0.000000000000000e+00,  0.000000000000000e+00,  0.000000000000000e+00,  0.000000000000000e+00,  0.000000000000000e+00,  0.000000000000000e+00,  1.038210812824158e-02, -2.852100475198092e-03, -3.727960186354830e-04,  1.152859859906246e-02, -5.261508507936995e-03, -5.784765943159997e-04,  1.210184383637432e-02, -5.653400175572142e-03, -7.166682297014399e-04,  1.140121077323067e-02, -5.261508507186606e-03, -7.070269542134032e-04,  1.044580204718545e-02, -3.418166215981546e-03, -5.624078034117321e-04,  7.834351532678694e-03, -1.746578914795020e-03, -2.763832600125018e-04, -2.144504445418107e-02, -1.887658234488795e-03
  2.630000000000000e+00,  1.200796517394953e+00,  9.291969012277914e-01, -3.214585888819086e-01,  4.800136151919494e-02, -3.673808975170040e-02,  1.730792643517303e-01,  0.000000000000000e+00,  1.734723475976807e-18,  0.000000000000000e+00, -1.139191783347576e-02, -1.905756413928974e-02, -7.601177398688051e-02, -1.765747262334520e-02, -2.067533448644448e-02, -7.785448365717428e-02, -1.965105823579254e-02, -2.020491899791430e-02, -7.462974172785404e-02, -1.775240526625005e-02, -1.943619124697764e-02, -6.864093528993701e-02, -1.575881964557341e-02, -1.867893704380284e-02, -5.758467725325100e-02, -1.262604224178920e-02, -1.667106604718909e-02, -4.053961278269602e-02,  0.000000000000000e+00,  0.000000000000000e+00,  0.000000000000000e+00,  0.000000000000000e+00,  0.000000000000000e+00,  0.000000000000000e+00,  0.000000000000000e+00,  0.000000000000000e+00,  0.000000000000000e+00,  0.000000000000000e+00,  0.000000000000000e+00,  0.000000000000000e+00,  0.000000000000000e+00,  0.000000000000000e+00,  0.000000000000000e+00,  0.000000000000000e+00,  0.000000000000000e+00,  0.000000000000000e+00,  0.000000000000000e+00,  0.000000000000000e+00,  0.000000000000000e+00,  0.000000000000000e+00,  0.000000000000000e+00,  0.000000000000000e+00,  0.000000000000000e+00,  0.000000000000000e+00,  0.000000000000000e+00,  0.000000000000000e+00,  0.000000000000000e+00,  0.000000000000000e+00,  0.000000000000000e+00,  0.000000000000000e+00,  0.000000000000000e+00,  1.058425190276494e-02, -3.106766466326088e-03, -5.300547003911818e-04,  1.175306499915321e-02, -5.731312181045778e-03, -8.224986868508756e-04,  1.233747154938536e-02, -6.158196122235875e-03, -1.018984488817730e-03,  1.162319688187562e-02, -5.731312180254389e-03, -1.005276178467668e-03,  1.064918596782977e-02, -3.723376602192825e-03, -7.996515044989315e-04,  7.986889472984583e-03, -1.902532134050923e-03, -3.929715930928323e-04, -2.334265113757071e-02, -2.583898604730963e-03
  2.640000000000000e+00,  1.211330335275411e+00,  9.273692373560641e-01, -3.218726985822498e-01,  4.894892686545647e-02, -3.177067678274614e-02,  1.707836764023517e-01,  0.000000000000000e+00,  8.673617379884034e-19,  0.000000000000000e+00, -1.119472346338835e-02, -1.938479166137145e-02, -7.573054656506076e-02, -1.735182134926978e-02, -2.103033990197913e-02, -7.756643860111602e-02, -1.931089794677133e-02, -2.055184715382167e-02, -7.435362753216582e-02, -1.744511070568934e-02, -1.976991997849453e-02, -6.838697840613091e-02, -1.548603409973847e-02, -1.899966335727361e-02, -5.737162617618422e-02, -1.240748514761310e-02, -1.695731625205461e-02, -4.038962482443559e-02,  0.000000000000000e+00,  0.000000000000000e+00,  0.000000000000000e+00,  0.000000000000000e+00,  0.000000000000000e+00,  0.000000000000000e+00,  0.000000000000000e+00,  0.000000000000000e+00,  0.000000000000000e+00,  0.000000000000000e+00,  0.000000000000000e+00,  0.000000000000000e+00,  0.000000000000000e+00,  0.000000000000000e+00,  0.000000000000000e+00,  0.000000000000000e+00,  0.000000000000000e+00,  0.000000000000000e+00,  0.000000000000000e+00,  0.000000000000000e+00,  0.000000000000000e+00,  0.000000000000000e+00,  0.000000000000000e+00,  0.000000000000000e+00,  0.000000000000000e+00,  0.000000000000000e+00,  0.000000000000000e+00,  0.000000000000000e+00,  0.000000000000000e+00,  0.000000000000000e+00,  0.000000000000000e+00,  0.000000000000000e+00,  0.000000000000000e+00,  1.079908417464934e-02, -3.373298654805463e-03, -6.784021824540336e-04,  1.199162108036474e-02, -6.223006421783360e-03, -1.052693055684954e-03,  1.258788953540502e-02, -6.686513106392421e-03, -1.304169734666871e-03,  1.185911698456805e-02, -6.223006420950076e-03, -1.286624851512870e-03,  1.086533622938604e-02, -4.042808308891401e-03, -1.023451585308270e-03,  8.149002168967833e-03, -2.065752015298265e-03, -5.029533470762215e-04, -2.532980248569091e-02, -3.245596774579352e-03
  2.650000000000000e+00,  1.221977599675073e+00,  9.254313457237721e-01, -3.222986344340389e-01,  5.030464049175318e-02, -2.658530086828877e-02,  1.684064968008329e-01,  6.938893903907228e-18, -1.734723475976807e-18,  0.000000000000000e+00, -1.103514408744942e-02, -1.972260814467141e-02, -7.542742278307243e-02, -1.710447331587002e-02, -2.139683316111758e-02, -7.725596636404349e-02, -1.903562352229801e-02, -2.091000177624879e-02, -7.405601509196511e-02, -1.719643284403803e-02, -2.011444804808360e-02, -6.811324844558879e-02, -1.526528262884826e-02, -1.933076825540788e-02, -5.714198694751232e-02, -1.223061800500039e-02, -1.725282940748640e-02, -4.022795880747034e-02,  0.000000000000000e+00,  0.000000000000000e+00,  0.000000000000000e+00,  0.000000000000000e+00,  0.000000000000000e+00,  0.000000000000000e+00,  0.000000000000000e+00,  0.000000000000000e+00,  0.000000000000000e+00,  0.000000000000000e+00,  0.000000000000000e+00,  0.000000000000000e+00,  0.000000000000000e+00,  0.000000000000000e+00,  0.000000000000000e+00,  0.000000000000000e+00,  0.000000000000000e+00,  0.000000000000000e+00,  0.000000000000000e+00,  0.000000000000000e+00,  0.000000000000000e+00,  0.000000000000000e+00,  0.000000000000000e+00,  0.000000000000000e+00,  0.000000000000000e+00,  0.000000000000000e+00,  0.000000000000000e+00,  0.000000000000000e+00,  0.000000000000000e+00,  0.000000000000000e+00,  0.000000000000000e+00,  0.000000000000000e+00,  0.000000000000000e+00,  1.102705424727629e-02, -3.649960554733008e-03, -8.188881047847556e-04,  1.224476576240347e-02, -6.733387789218012e-03, -1.270688452557907e-03,  1.285362152231078e-02, -7.234909085988998e-03, -1.574241809707314e-03,  1.210946448810170e-02, -6.733387788337836e-03, -1.553063669951503e-03,  1.109470489170932e-02, -4.374380204103998e-03, -1.235391554494982e-03,  8.321028665514884e-03, -2.235175163428355e-03, -6.071067033393041e-04, -2.739324846979061e-02, -3.877162097363811e-03
  2.660000000000000e+00,  1.232768207829832e+00,  9.234032746245510e-01, -3.227371520545532e-01,  5.204999814854998e-02, -2.110686415894947e-02,  1.661366165904354e-01, -2.168404344971009e-19, -1.734723475976807e-18,  0.000000000000000e+00, -1.091237022967093e-02, -2.008732704710237e-02, -7.513587537303536e-02, -1.691417383509008e-02, -2.179251254876689e-02, -7.695735113822576e-02, -1.882383861590107e-02, -2.129667846996306e-02, -7.376976854419860e-02, -1.700511024753894e-02, -2.048641302220349e-02, -6.784997229968563e-02, -1.509544545745834e-02, -1.968824108780918e-02, -5.692111769756696e-02, -1.209454364442299e-02, -1.757187610622205e-02, -4.007246685553720e-02,  0.000000000000000e+00,  0.000000000000000e+00,  0.000000000000000e+00,  0.000000000000000e+00,  0.000000000000000e+00,  0.000000000000000e+00,  0.000000000000000e+00,  0.000000000000000e+00,  0.000000000000000e+00,  0.000000000000000e+00,  0.000000000000000e+00,  0.000000000000000e+00,  0.000000000000000e+00,  0.000000000000000e+00,  0.000000000000000e+00,  0.000000000000000e+00,  0.000000000000000e+00,  0.000000000000000e+00,  0.000000000000000e+00,  0.000000000000000e+00,  0.000000000000000e+00,  0.000000000000000e+00,  0.000000000000000e+00,  0.000000000000000e+00,  0.000000000000000e+00,  0.000000000000000e+00,  0.000000000000000e+00,  0.000000000000000e+00,  0.000000000000000e+00,  0.000000000000000e+00,  0.000000000000000e+00,  0.000000000000000e+00,  0.000000000000000e+00,  1.127127308330217e-02, -3.934656919192770e-03, -9.528968545625539e-04,  1.251595354981433e-02, -7.258591005937556e-03, -1.478633064555850e-03,  1.313829378560374e-02, -7.799230887085713e-03, -1.831862079080508e-03,  1.237765572571718e-02, -7.258591005000392e-03, -1.807218195813105e-03,  1.134042200313168e-02, -4.715581190364655e-03, -1.437559927303622e-03,  8.505316498868636e-03, -2.409518484050026e-03, -7.064580179228788e-04, -2.951694167149821e-02, -4.484475461657567e-03
  2.670000000000000e+00,  1.243731065492933e+00,  9.213056622083995e-01, -3.231850149708158e-01,  5.415638196588938e-02, -1.527317145554798e-02,  1.641452378657805e-01,  0.000000000000000e+00,  0.000000000000000e+00,  0.000000000000000e+00, -1.082546179118675e-02, -2.049288684929097e-02, -7.488531243669061e-02, -1.677946575341387e-02, -2.223249976401080e-02, -7.670071394906500e-02, -1.867392155664641e-02, -2.172665487767415e-02, -7.352376129781221e-02, -1.686967792845285e-02, -2.090003030506140e-02, -6.762370637539733e-02, -1.497522211514492e-02, -2.008574341178835e-02, -5.673129729124198e-02, -1.199822012266278e-02, -1.792664937208004e-02, -3.993883328950228e-02,  0.000000000000000e+00,  0.000000000000000e+00,  0.000000000000000e+00,  0.000000000000000e+00,  0.000000000000000e+00,  0.000000000000000e+00,  0.000000000000000e+00,  0.000000000000000e+00,  0.000000000000000e+00,  0.000000000000000e+00,  0.000000000000000e+00,  0.000000000000000e+00,  0.000000000000000e+00,  0.000000000000000e+00,  0.000000000000000e+00,  0.000000000000000e+00,  0.000000000000000e+00,  0.000000000000000e+00,  0.000000000000000e+00,  0.000000000000000e+00,  0.000000000000000e+00,  0.000000000000000e+00,  0.000000000000000e+00,  0.000000000000000e+00,  0.000000000000000e+00,  0.000000000000000e+00,  0.000000000000000e+00,  0.000000000000000e+00,  0.000000000000000e+00,  0.000000000000000e+00,  0.000000000000000e+00,  0.000000000000000e+00,  0.000000000000000e+00,  1.153732618464492e-02, -4.225082628107648e-03, -1.081757698083759e-03,  1.281138674840585e-02, -7.794363623940872e-03, -1.678589546358176e-03,  1.344841703305030e-02, -8.374909327619298e-03, -2.079585942776983e-03,  1.266982446947400e-02, -7.794363622930917e-03, -2.051609451516700e-03,  1.160810733246940e-02, -5.063648642831021e-03, -1.631962062468878e-03,  8.706080495636811e-03, -2.587370359938284e-03, -8.019927813843626e-04, -3.168318406094307e-02, -5.073294676438677e-03
  2.680000000000000e+00,  1.254890781873060e+00,  9.191590842651164e-01, -3.236342762461474e-01,  5.657429448916493e-02, -9.049551256671180e-03,  1.625622922765307e-01,  0.000000000000000e+00,  0.000000000000000e+00,  0.000000000000000e+00, -1.077152629407049e-02, -2.094804009412724e-02, -7.469737493490212e-02, -1.669586572988099e-02, -2.272629034108071e-02, -7.650822038676997e-02, -1.858088281986266e-02, -2.220921048652917e-02, -7.333924084162943e-02, -1.678562844179537e-02, -2.136422633122205e-02, -6.745399311613016e-02, -1.490061134056808e-02, -2.053185387876034e-02, -5.658892039580440e-02, -1.193844160981890e-02, -1.832480570414529e-02, -3.983859995510097e-02,  0.000000000000000e+00,  0.000000000000000e+00,  0.000000000000000e+00,  0.000000000000000e+00,  0.000000000000000e+00,  0.000000000000000e+00,  0.000000000000000e+00,  0.000000000000000e+00,  0.000000000000000e+00,  0.000000000000000e+00,  0.000000000000000e+00,  0.000000000000000e+00,  0.000000000000000e+00,  0.000000000000000e+00,  0.000000000000000e+00,  0.000000000000000e+00,  0.000000000000000e+00,  0.000000000000000e+00,  0.000000000000000e+00,  0.000000000000000e+00,  0.000000000000000e+00,  0.000000000000000e+00,  0.000000000000000e+00,  0.000000000000000e+00,  0.000000000000000e+00,  0.000000000000000e+00,  0.000000000000000e+00,  0.000000000000000e+00,  0.000000000000000e+00,  0.000000000000000e+00,  0.000000000000000e+00,  0.000000000000000e+00,  0.000000000000000e+00,  1.183188162623173e-02, -4.518857353629202e-03, -1.206226851403572e-03,  1.313846978493360e-02, -8.336314453164144e-03, -1.871731336730823e-03,  1.379176386732843e-02, -8.957226149573880e-03, -2.318867161065548e-03,  1.299329332926829e-02, -8.336314452061771e-03, -2.287671640022926e-03,  1.190446986309530e-02, -5.415729802162839e-03, -1.819738803249678e-03,  8.928352393349137e-03, -2.767273117884806e-03, -8.942716366816901e-04, -3.387371750741490e-02, -5.647061796792233e-03
  2.690000000000000e+00,  1.266264098541011e+00,  9.169838764279692e-01, -3.240717953858253e-01,  5.921606340046798e-02, -2.445174559372204e-03,  1.614524059243987e-01, -8.131516293641282e-20, -8.673617379884034e-19,  0.000000000000000e+00, -1.074279142429901e-02, -2.145364876557984e-02, -7.458238045410349e-02, -1.665132667782019e-02, -2.327481943657007e-02, -7.639043816107961e-02, -1.853131516395178e-02, -2.274525917596906e-02, -7.322633716959111e-02, -1.674084993162680e-02, -2.187988021014949e-02, -6.735014961506330e-02, -1.486086143273659e-02, -2.102741734717060e-02, -5.650180336457482e-02, -1.190659379124914e-02, -1.876709914377353e-02, -3.977726956505152e-02,  0.000000000000000e+00,  0.000000000000000e+00,  0.000000000000000e+00,  0.000000000000000e+00,  0.000000000000000e+00,  0.000000000000000e+00,  0.000000000000000e+00,  0.000000000000000e+00,  0.000000000000000e+00,  0.000000000000000e+00,  0.000000000000000e+00,  0.000000000000000e+00,  0.000000000000000e+00,  0.000000000000000e+00,  0.000000000000000e+00,  0.000000000000000e+00,  0.000000000000000e+00,  0.000000000000000e+00,  0.000000000000000e+00,  0.000000000000000e+00,  0.000000000000000e+00,  0.000000000000000e+00,  0.000000000000000e+00,  0.000000000000000e+00,  0.000000000000000e+00,  0.000000000000000e+00,  0.000000000000000e+00,  0.000000000000000e+00,  0.000000000000000e+00,  0.000000000000000e+00,  0.000000000000000e+00,  0.000000000000000e+00,  0.000000000000000e+00,  1.216014991055469e-02, -4.813499881213977e-03, -1.326060733890838e-03,  1.350298855480017e-02, -8.879866189434711e-03, -2.057680465736766e-03,  1.417440788029319e-02, -9.541263118535100e-03, -2.549237471193583e-03,  1.335378426795420e-02, -8.879866188219510e-03, -2.514942798080217e-03,  1.223475206377458e-02, -5.768850999027148e-03, -2.000522678876763e-03,  9.176064043586330e-03, -2.947707303356241e-03, -9.831139981782801e-04, -3.606964497068917e-02, -6.204989143959756e-03
  2.700000000000000e+00,  1.277856879660033e+00,  9.148003705789599e-01, -3.244795254415755e-01,  6.193895607553013e-02,  4.475736256871986e-03,  1.607973300122838e-01,  0.000000000000000e+00, -8.673617379884035e-19,  0.000000000000000e+00, -1.072359491626092e-02, -2.200148340309414e-02, -7.453688363695150e-02, -1.662157208595488e-02, -2.386915900227593e-02, -7.634383839084276e-02, -1.849820118133150e-02, -2.332607603311659e-02, -7.318166756722125e-02, -1.671093536788890e-02, -2.243859898187796e-02, -6.730906461011342e-02, -1.483430625805193e-02, -2.156436785546861e-02, -5.646733607834775e-02, -1.188531765636717e-02, -1.924633077074079e-02, -3.975300459542352e-02,  0.000000000000000e+00,  0.000000000000000e+00,  0.000000000000000e+00,  0.000000000000000e+00,  0.000000000000000e+00,  0.000000000000000e+00,  0.000000000000000e+00,  0.000000000000000e+00,  0.000000000000000e+00,  0.000000000000000e+00,  0.000000000000000e+00,  0.000000000000000e+00,  0.000000000000000e+00,  0.000000000000000e+00,  0.000000000000000e+00,  0.000000000000000e+00,  0.000000000000000e+00,  0.000000000000000e+00,  0.000000000000000e+00,  0.000000000000000e+00,  0.000000000000000e+00,  0.000000000000000e+00,  0.000000000000000e+00,  0.000000000000000e+00,  0.000000000000000e+00,  0.000000000000000e+00,  0.000000000000000e+00,  0.000000000000000e+00,  0.000000000000000e+00,  0.000000000000000e+00,  0.000000000000000e+00,  0.000000000000000e+00,  0.000000000000000e+00,  1.252272567261782e-02, -5.106094664065406e-03, -1.439887900623370e-03,  1.390560335822610e-02, -9.419640279541350e-03, -2.234308829115181e-03,  1.459704220475508e-02, -1.012124107181683e-02, -2.768060388419599e-03,  1.375195028959621e-02, -9.419640278198724e-03, -2.730821909347169e-03,  1.259955221756378e-02, -6.119518028510403e-03, -2.172244699087675e-03,  9.449664158654086e-03, -3.126887483979804e-03, -1.067503104962386e-03, -3.824904551783712e-02, -6.741274718100186e-03
  2.710000000000000e+00,  1.289663023968594e+00,  9.126293661093319e-01, -3.248361696048723e-01,  6.454034258017466e-02,  1.159368744441563e-02,  1.604953455546377e-01,  0.000000000000000e+00, -1.734723475976807e-18,  0.000000000000000e+00, -1.068900618753235e-02, -2.257522427382327e-02, -7.454401191865161e-02, -1.656795955226948e-02, -2.449160394557388e-02, -7.635113947941535e-02, -1.843853561837301e-02, -2.393435880029527e-02, -7.318866624367414e-02, -1.665703459388780e-02, -2.302373868009992e-02, -6.731550166403377e-02, -1.478645851170917e-02, -2.212670990351675e-02, -5.647273629112298e-02, -1.184698181048408e-02, -1.974822450292628e-02, -3.975680634504536e-02,  0.000000000000000e+00,  0.000000000000000e+00,  0.000000000000000e+00,  0.000000000000000e+00,  0.000000000000000e+00,  0.000000000000000e+00,  0.000000000000000e+00,  0.000000000000000e+00,  0.000000000000000e+00,  0.000000000000000e+00,  0.000000000000000e+00,  0.000000000000000e+00,  0.000000000000000e+00,  0.000000000000000e+00,  0.000000000000000e+00,  0.000000000000000e+00,  0.000000000000000e+00,  0.000000000000000e+00,  0.000000000000000e+00,  0.000000000000000e+00,  0.000000000000000e+00,  0.000000000000000e+00,  0.000000000000000e+00,  0.000000000000000e+00,  0.000000000000000e+00,  0.000000000000000e+00,  0.000000000000000e+00,  0.000000000000000e+00,  0.000000000000000e+00,  0.000000000000000e+00,  0.000000000000000e+00,  0.000000000000000e+00,  0.000000000000000e+00,  1.291287566400790e-02, -5.392852934358992e-03, -1.545372444379185e-03,  1.433883739789776e-02, -9.948647266361672e-03, -2.397991743094336e-03,  1.505181826891870e-02, -1.068964995825931e-02, -2.970845332250521e-03,  1.418039721338672e-02, -9.948647264889402e-03, -2.930878804717667e-03,  1.299209576774546e-02, -6.463190153643792e-03, -2.331380865747046e-03,  9.744071821032155e-03, -3.302493481350376e-03, -1.145707163703241e-03, -4.038378396849760e-02, -7.245484994954216e-03
  2.720000000000000e+00,  1.301666644136879e+00,  9.104926593898730e-01, -3.251202205022515e-01,  6.677279892953257e-02,  1.874643284611476e-02,  1.603848666302446e-01,  0.000000000000000e+00, -8.673617379884035e-19,  0.000000000000000e+00, -1.060634982113454e-02, -2.315352827115568e-02, -7.457762580960195e-02, -1.643984218123073e-02, -2.511899937281186e-02, -7.638556825264800e-02, -1.829595338190421e-02, -2.454747941538239e-02, -7.322166897289041e-02, -1.652822841914013e-02, -2.361353216261559e-02, -6.734585602573402e-02, -1.467211720116171e-02, -2.269352441953091e-02, -5.649820135941191e-02, -1.175537100067410e-02, -2.025410994026213e-02, -3.977473375294403e-02,  0.000000000000000e+00,  0.000000000000000e+00,  0.000000000000000e+00,  0.000000000000000e+00,  0.000000000000000e+00,  0.000000000000000e+00,  0.000000000000000e+00,  0.000000000000000e+00,  0.000000000000000e+00,  0.000000000000000e+00,  0.000000000000000e+00,  0.000000000000000e+00,  0.000000000000000e+00,  0.000000000000000e+00,  0.000000000000000e+00,  0.000000000000000e+00,  0.000000000000000e+00,  0.000000000000000e+00,  0.000000000000000e+00,  0.000000000000000e+00,  0.000000000000000e+00,  0.000000000000000e+00,  0.000000000000000e+00,  0.000000000000000e+00,  0.000000000000000e+00,  0.000000000000000e+00,  0.000000000000000e+00,  0.000000000000000e+00,  0.000000000000000e+00,  0.000000000000000e+00,  0.000000000000000e+00,  0.000000000000000e+00,  0.000000000000000e+00,  1.331530808305548e-02, -5.668894394317527e-03, -1.639567172904920e-03,  1.478571020693277e-02, -1.045788405608566e-02, -2.544155978118304e-03,  1.552091127326013e-02, -1.123681610879928e-02, -3.151926579340783e-03,  1.462233220186360e-02, -1.045788405449672e-02, -3.109523981325291e-03,  1.339699709787191e-02, -6.794018467973294e-03, -2.473484983414121e-03,  1.004774781840105e-02, -3.471536682264169e-03, -1.215541186978004e-03, -4.243793896319254e-02, -7.703798286625558e-03
  2.730000000000000e+00,  1.313847228491648e+00,  9.084133525479413e-01, -3.253133168778552e-01,  6.837560579366253e-02,  2.575119918934555e-02,  1.602855037811446e-01,  0.000000000000000e+00,  8.673617379884035e-19,  0.000000000000000e+00, -1.043938791722855e-02, -2.371433691845408e-02, -7.460894671212828e-02, -1.618105122851866e-02, -2.572741429363754e-02, -7.641764844994979e-02, -1.800794409532456e-02, -2.514205137776559e-02, -7.325242040455107e-02, -1.626804611694490e-02, -2.418548270476275e-02, -6.737413974961656e-02, -1.444115323216575e-02, -2.324319117457323e-02, -5.652192931550257e-02, -1.157032155513237e-02, -2.074469089560093e-02, -3.979143823392391e-02,  0.000000000000000e+00,  0.000000000000000e+00,  0.000000000000000e+00,  0.000000000000000e+00,  0.000000000000000e+00,  0.000000000000000e+00,  0.000000000000000e+00,  0.000000000000000e+00,  0.000000000000000e+00,  0.000000000000000e+00,  0.000000000000000e+00,  0.000000000000000e+00,  0.000000000000000e+00,  0.000000000000000e+00,  0.000000000000000e+00,  0.000000000000000e+00,  0.000000000000000e+00,  0.000000000000000e+00,  0.000000000000000e+00,  0.000000000000000e+00,  0.000000000000000e+00,  0.000000000000000e+00,  0.000000000000000e+00,  0.000000000000000e+00,  0.000000000000000e+00,  0.000000000000000e+00,  0.000000000000000e+00,  0.000000000000000e+00,  0.000000000000000e+00,  0.000000000000000e+00,  0.000000000000000e+00,  0.000000000000000e+00,  0.000000000000000e+00,  1.370681318126782e-02, -5.928410535562266e-03, -1.719495080841321e-03,  1.522044899712601e-02, -1.093663520706644e-02, -2.668182042921915e-03,  1.597726690969265e-02, -1.175122596614350e-02, -3.305581093224401e-03,  1.505226724896949e-02, -1.093663520538665e-02, -3.261111394207838e-03,  1.379090406830950e-02, -7.105041629419432e-03, -2.594065879977618e-03,  1.034317804604186e-02, -3.630460052764414e-03, -1.274798084541653e-03, -4.436900494047879e-02, -8.101368461604010e-03
  2.740000000000000e+00,  1.326185705500985e+00,  9.064159196692908e-01, -3.254020684101624e-01,  6.910800360540495e-02,  3.242854313618283e-02,  1.600420441513477e-01,  0.000000000000000e+00,  1.734723475976807e-18,  0.000000000000000e+00, -1.015342603143514e-02, -2.423802490720433e-02, -7.461357768428951e-02, -1.573781034920060e-02, -2.629555742500835e-02, -7.642239168876759e-02, -1.751465990491797e-02, -2.569726782767363e-02, -7.325696718093279e-02, -1.582242223291904e-02, -2.471957507100920e-02, -6.737832166636008e-02, -1.404557267738252e-02, -2.375647474356243e-02, -5.652543763944771e-02, -1.125338051872412e-02, -2.120279963294091e-02, -3.979390809801817e-02,  0.000000000000000e+00,  0.000000000000000e+00,  0.000000000000000e+00,  0.000000000000000e+00,  0.000000000000000e+00,  0.000000000000000e+00,  0.000000000000000e+00,  0.000000000000000e+00,  0.000000000000000e+00,  0.000000000000000e+00,  0.000000000000000e+00,  0.000000000000000e+00,  0.000000000000000e+00,  0.000000000000000e+00,  0.000000000000000e+00,  0.000000000000000e+00,  0.000000000000000e+00,  0.000000000000000e+00,  0.000000000000000e+00,  0.000000000000000e+00,  0.000000000000000e+00,  0.000000000000000e+00,  0.000000000000000e+00,  0.000000000000000e+00,  0.000000000000000e+00,  0.000000000000000e+00,  0.000000000000000e+00,  0.000000000000000e+00,  0.000000000000000e+00,  0.000000000000000e+00,  0.000000000000000e+00,  0.000000000000000e+00,  0.000000000000000e+00,  1.405903854803501e-02, -6.165464216662216e-03, -1.782789806963223e-03,  1.561157041216189e-02, -1.137394798247006e-02, -2.766397976710098e-03,  1.638783634419017e-02, -1.222111100460812e-02, -3.427259715742024e-03,  1.543906687162169e-02, -1.137394798245269e-02, -3.381153082834332e-03,  1.414529031819385e-02, -7.389144137545676e-03, -2.689553588575318e-03,  1.060896773873010e-02, -3.775627790041914e-03, -1.321723477690777e-03, -4.613375879341469e-02, -8.425219702653738e-03
  2.750000000000000e+00,  1.338668369248832e+00,  9.045250919463385e-01, -3.253784133387808e-01,  6.877832762546750e-02,  3.862731898540690e-02,  1.595389590832254e-01,  0.000000000000000e+00,  1.734723475976807e-18,  0.000000000000000e+00, -9.719981272802162e-03, -2.471345166660054e-02, -7.457209369637958e-02, -1.506597097331093e-02, -2.681134250654537e-02, -7.637990202841884e-02, -1.676696769626343e-02, -2.620131751057385e-02, -7.321623744734163e-02, -1.514697081737280e-02, -2.520444739516241e-02, -6.734086036818049e-02, -1.344597409459921e-02, -2.422245593820491e-02, -5.649401037587393e-02, -1.077297924456567e-02, -2.161869071145347e-02, -3.977178330446119e-02,  0.000000000000000e+00,  0.000000000000000e+00,  0.000000000000000e+00,  0.000000000000000e+00,  0.000000000000000e+00,  0.000000000000000e+00,  0.000000000000000e+00,  0.000000000000000e+00,  0.000000000000000e+00,  0.000000000000000e+00,  0.000000000000000e+00,  0.000000000000000e+00,  0.000000000000000e+00,  0.000000000000000e+00,  0.000000000000000e+00,  0.000000000000000e+00,  0.000000000000000e+00,  0.000000000000000e+00,  0.000000000000000e+00,  0.000000000000000e+00,  0.000000000000000e+00,  0.000000000000000e+00,  0.000000000000000e+00,  0.000000000000000e+00,  0.000000000000000e+00,  0.000000000000000e+00,  0.000000000000000e+00,  0.000000000000000e+00,  0.000000000000000e+00,  0.000000000000000e+00,  0.000000000000000e+00,  0.000000000000000e+00,  0.000000000000000e+00,  1.434048930043941e-02, -6.373742181939542e-03, -1.829223622909784e-03,  1.592410161574944e-02, -1.175817578101030e-02, -2.838450449731788e-03,  1.671590777336909e-02, -1.263395714952277e-02, -3.516524723985819e-03,  1.574814469174260e-02, -1.175817578099318e-02, -3.469217216527724e-03,  1.442846776232867e-02, -7.638759714253165e-03, -2.759604604012236e-03,  1.082135082183316e-02, -3.903173753512900e-03, -1.356148548133370e-03, -4.768603354130739e-02, -8.670760655544393e-03
  2.760000000000000e+00,  1.351289463436061e+00,  9.027663360948592e-01, -3.252365925919720e-01,  6.724917201992611e-02,  4.422890280439283e-02,  1.587271666342432e-01,  4.336808689942018e-19,  9.540979117872439e-18,  0.000000000000000e+00, -9.119201464185567e-03, -2.513291702781408e-02, -7.447570208279322e-02, -1.413476226995170e-02, -2.726641570396610e-02, -7.628117364844071e-02, -1.573062252639518e-02, -2.664603665633492e-02, -7.312159840854641e-02, -1.421075561561004e-02, -2.563224650528210e-02, -6.725381582015585e-02, -1.261489535934624e-02, -2.463358755052906e-02, -5.642098642619276e-02, -1.010711495668270e-02, -2.198562820083216e-02, -3.972037444389079e-02,  0.000000000000000e+00,  0.000000000000000e+00,  0.000000000000000e+00,  0.000000000000000e+00,  0.000000000000000e+00,  0.000000000000000e+00,  0.000000000000000e+00,  0.000000000000000e+00,  0.000000000000000e+00,  0.000000000000000e+00,  0.000000000000000e+00,  0.000000000000000e+00,  0.000000000000000e+00,  0.000000000000000e+00,  0.000000000000000e+00,  0.000000000000000e+00,  0.000000000000000e+00,  0.000000000000000e+00,  0.000000000000000e+00,  0.000000000000000e+00,  0.000000000000000e+00,  0.000000000000000e+00,  0.000000000000000e+00,  0.000000000000000e+00,  0.000000000000000e+00,  0.000000000000000e+00,  0.000000000000000e+00,  0.000000000000000e+00,  0.000000000000000e+00,  0.000000000000000e+00,  0.000000000000000e+00,  0.000000000000000e+00,  0.000000000000000e+00,  1.452364295768840e-02, -6.548450131860942e-03, -1.860299793896683e-03,  1.612748083023945e-02, -1.208047416190894e-02, -2.886672094347672e-03,  1.692939976647927e-02, -1.298026120293052e-02, -3.576265983696756e-03,  1.594927662209314e-02, -1.208047416189290e-02, -3.528154782159480e-03,  1.461274506164480e-02, -7.848142524466389e-03, -2.806486758493970e-03,  1.095955879632105e-02, -4.010161997656718e-03, -1.379187778341744e-03, -4.899073137089899e-02, -8.840933497555291e-03
  2.770000000000000e+00,  1.364050012055908e+00,  9.011649156329824e-01, -3.249717034678545e-01,  6.444551324608190e-02,  4.915560455377159e-02,  1.576078143079191e-01,  8.673617379884034e-19,  0.000000000000000e+00, -2.775557561562891e-17, -8.341620818786009e-03, -2.549481642282255e-02, -7.432230796531966e-02, -1.292951226958898e-02, -2.765903623968417e-02, -7.612406088569673e-02, -1.438929591309200e-02, -2.702972409440871e-02, -7.297099327503179e-02, -1.299902577654175e-02, -2.600133595451523e-02, -6.711529628378116e-02, -1.153924213322396e-02, -2.498829689135170e-02, -5.630477876145717e-02, -9.245296408044881e-03, -2.230220846632076e-02, -3.963856424792674e-02,  0.000000000000000e+00,  0.000000000000000e+00,  0.000000000000000e+00,  0.000000000000000e+00,  0.000000000000000e+00,  0.000000000000000e+00,  0.000000000000000e+00,  0.000000000000000e+00,  0.000000000000000e+00,  0.000000000000000e+00,  0.000000000000000e+00,  0.000000000000000e+00,  0.000000000000000e+00,  0.000000000000000e+00,  0.000000000000000e+00,  0.000000000000000e+00,  0.000000000000000e+00,  0.000000000000000e+00,  0.000000000000000e+00,  0.000000000000000e+00,  0.000000000000000e+00,  0.000000000000000e+00,  0.000000000000000e+00,  0.000000000000000e+00,  0.000000000000000e+00,  0.000000000000000e+00,  0.000000000000000e+00,  0.000000000000000e+00,  0.000000000000000e+00,  0.000000000000000e+00,  0.000000000000000e+00,  0.000000000000000e+00,  0.000000000000000e+00,  1.458765260808352e-02, -6.685484207634473e-03, -1.880129322387301e-03,  1.619855903098531e-02, -1.233327239329828e-02, -2.917442052312141e-03,  1.700401224240003e-02, -1.325188854396949e-02, -3.614386542716169e-03,  1.601956942835462e-02, -1.233327239328476e-02, -3.565762508542878e-03,  1.467714740928016e-02, -8.012374203068471e-03, -2.836401995393713e-03,  1.100786055704704e-02, -4.094079387572376e-03, -1.393888980487194e-03, -5.001723112406956e-02, -8.950147684738055e-03
  2.780000000000000e+00,  1.376955193064513e+00,  8.997464758179690e-01, -3.245787600556253e-01,  6.035297475009555e-02,  5.336620754474049e-02,  1.562253225889584e-01,  0.000000000000000e+00, -3.469446951953614e-18,  0.000000000000000e+00, -7.388360262074373e-03, -2.580073228859663e-02, -7.411624246584350e-02, -1.145195840670065e-02, -2.799092088156412e-02, -7.591299985896523e-02, -1.274492145278793e-02, -2.735405753190420e-02, -7.276867442101090e-02, -1.151352807569037e-02, -2.631332961897920e-02, -6.692921289336264e-02, -1.022056502979731e-02, -2.528813495849978e-02, -5.614866853460735e-02, -8.188765957712590e-03, -2.256981578300684e-02, -3.952866264823800e-02,  0.000000000000000e+00,  0.000000000000000e+00,  0.000000000000000e+00,  0.000000000000000e+00,  0.000000000000000e+00,  0.000000000000000e+00,  0.000000000000000e+00,  0.000000000000000e+00,  0.000000000000000e+00,  0.000000000000000e+00,  0.000000000000000e+00,  0.000000000000000e+00,  0.000000000000000e+00,  0.000000000000000e+00,  0.000000000000000e+00,  0.000000000000000e+00,  0.000000000000000e+00,  0.000000000000000e+00,  0.000000000000000e+00,  0.000000000000000e+00,  0.000000000000000e+00,  0.000000000000000e+00,  0.000000000000000e+00,  0.000000000000000e+00,  0.000000000000000e+00,  0.000000000000000e+00,  0.000000000000000e+00,  0.000000000000000e+00,  0.000000000000000e+00,  0.000000000000000e+00,  0.000000000000000e+00,  0.000000000000000e+00,  0.000000000000000e+00,  1.452176048370651e-02, -6.781809887287005e-03, -1.894990962242778e-03,  1.612539047569739e-02, -1.251097243845901e-02, -2.940503217554387e-03,  1.692720547165612e-02, -1.344282417870221e-02, -3.642956764080259e-03,  1.594720936538982e-02, -1.251097243844874e-02, -3.593948377148441e-03,  1.461085103874050e-02, -8.127817956548799e-03, -2.858822572699302e-03,  1.095813827914051e-02, -4.153067632449804e-03, -1.404907092778676e-03, -5.074214475584493e-02, -9.022926048152505e-03
  2.790000000000000e+00,  1.390010150155111e+00,  8.985377191631903e-01, -3.240536110960894e-01,  5.501527114376702e-02,  5.684769233361587e-02,  1.546523158088800e-01,  0.000000000000000e+00,  1.734723475976807e-18,  0.000000000000000e+00, -6.270402312080660e-03, -2.605356344443285e-02, -7.386667305869238e-02, -9.719123542578560e-03, -2.826521453988120e-02, -7.565738028622521e-02, -1.081644393003488e-02, -2.762211033311700e-02, -7.252364264057976e-02, -9.771376886616293e-03, -2.657118393786985e-02, -6.670384415361259e-02, -8.674056482754884e-03, -2.553594300951873e-02, -5.595960079769088e-02, -6.949695846270811e-03, -2.279098599162412e-02, -3.939555895998217e-02,  0.000000000000000e+00,  0.000000000000000e+00,  0.000000000000000e+00,  0.000000000000000e+00,  0.000000000000000e+00,  0.000000000000000e+00,  0.000000000000000e+00,  0.000000000000000e+00,  0.000000000000000e+00,  0.000000000000000e+00,  0.000000000000000e+00,  0.000000000000000e+00,  0.000000000000000e+00,  0.000000000000000e+00,  0.000000000000000e+00,  0.000000000000000e+00,  0.000000000000000e+00,  0.000000000000000e+00,  0.000000000000000e+00,  0.000000000000000e+00,  0.000000000000000e+00,  0.000000000000000e+00,  0.000000000000000e+00,  0.000000000000000e+00,  0.000000000000000e+00,  0.000000000000000e+00,  0.000000000000000e+00,  0.000000000000000e+00,  0.000000000000000e+00,  0.000000000000000e+00,  0.000000000000000e+00,  0.000000000000000e+00,  0.000000000000000e+00,  1.432595241837154e-02, -6.835548848253919e-03, -1.912757633756978e-03,  1.590795943887987e-02, -1.261010919320541e-02, -2.968072205832827e-03,  1.669896295401103e-02, -1.354934491131313e-02, -3.677111682027786e-03,  1.573218089059889e-02, -1.261010919170688e-02, -3.627643813160565e-03,  1.441384170563328e-02, -8.192222660557025e-03, -2.885625759338428e-03,  1.081038127329161e-02, -4.185976474651909e-03, -1.418078941112962e-03, -5.115007358293908e-02, -9.091719865101844e-03
  2.800000000000000e+00,  1.403216303593931e+00,  8.975678234044213e-01, -3.233938387858241e-01,  4.852341456450260e-02,  5.959952023870929e-02,  1.529939019298681e-01,  0.000000000000000e+00,  3.035766082959412e-18,  0.000000000000000e+00, -5.006678575197165e-03, -2.625210526400246e-02, -7.359109793163712e-02, -7.760351751416431e-03, -2.848061030271243e-02, -7.537512455038833e-02, -8.636520485477540e-03, -2.783260530520057e-02, -7.225307797127198e-02, -7.802074064893370e-03, -2.677367029957451e-02, -6.645499146453977e-02, -6.925905314993768e-03, -2.573054029220337e-02, -5.575083176384558e-02, -5.549068706067235e-03, -2.296466526159485e-02, -3.924858556075267e-02,  0.000000000000000e+00,  0.000000000000000e+00,  0.000000000000000e+00,  0.000000000000000e+00,  0.000000000000000e+00,  0.000000000000000e+00,  0.000000000000000e+00,  0.000000000000000e+00,  0.000000000000000e+00,  0.000000000000000e+00,  0.000000000000000e+00,  0.000000000000000e+00,  0.000000000000000e+00,  0.000000000000000e+00,  0.000000000000000e+00,  0.000000000000000e+00,  0.000000000000000e+00,  0.000000000000000e+00,  0.000000000000000e+00,  0.000000000000000e+00,  0.000000000000000e+00,  0.000000000000000e+00,  0.000000000000000e+00,  0.000000000000000e+00,  0.000000000000000e+00,  0.000000000000000e+00,  0.000000000000000e+00,  0.000000000000000e+00,  0.000000000000000e+00,  0.000000000000000e+00,  0.000000000000000e+00,  0.000000000000000e+00,  0.000000000000000e+00,  1.401137773890638e-02, -6.847015752300553e-03, -1.940953751313171e-03,  1.555864645100044e-02, -1.263126315095815e-02, -3.011824800175067e-03,  1.633228081178223e-02, -1.357207447424342e-02, -3.731316284345503e-03,  1.538672771432413e-02, -1.263126314957168e-02, -3.681119205393959e-03,  1.409733711959904e-02, -8.205965438759925e-03, -2.928163003345255e-03,  1.057300283392407e-02, -4.192998616072327e-03, -1.438982958682371e-03, -5.124182886919771e-02, -9.189022496163109e-03
  2.810000000000000e+00,  1.416567400789355e+00,  8.968664303068309e-01, -3.226013350181364e-01,  4.102166939017043e-02,  6.163136868552048e-02,  1.513576189846685e-01,  8.673617379884035e-19,  9.974659986866641e-18,  0.000000000000000e+00, -3.623751765716568e-03, -2.639425420136808e-02, -7.330931474561558e-02, -5.616815198408721e-03, -2.863482606909113e-02, -7.508651025697174e-02, -6.250971741595844e-03, -2.798331227838863e-02, -7.197641811641864e-02, -5.647013122399894e-03, -2.691864339022703e-02, -6.620053270967310e-02, -5.012856564132275e-03, -2.586986508053096e-02, -5.553735965454006e-02, -4.016324827748672e-03, -2.308901349079788e-02, -3.909830119624325e-02,  0.000000000000000e+00,  0.000000000000000e+00,  0.000000000000000e+00,  0.000000000000000e+00,  0.000000000000000e+00,  0.000000000000000e+00,  0.000000000000000e+00,  0.000000000000000e+00,  0.000000000000000e+00,  0.000000000000000e+00,  0.000000000000000e+00,  0.000000000000000e+00,  0.000000000000000e+00,  0.000000000000000e+00,  0.000000000000000e+00,  0.000000000000000e+00,  0.000000000000000e+00,  0.000000000000000e+00,  0.000000000000000e+00,  0.000000000000000e+00,  0.000000000000000e+00,  0.000000000000000e+00,  0.000000000000000e+00,  0.000000000000000e+00,  0.000000000000000e+00,  0.000000000000000e+00,  0.000000000000000e+00,  0.000000000000000e+00,  0.000000000000000e+00,  0.000000000000000e+00,  0.000000000000000e+00,  0.000000000000000e+00,  0.000000000000000e+00,  1.359637515962843e-02, -6.817884609687992e-03, -1.986923926205835e-03,  1.509781536565822e-02, -1.257752249342901e-02, -3.083157828337499e-03,  1.584853547321493e-02, -1.351433106434616e-02, -3.819689979691755e-03,  1.493098868464112e-02, -1.257752249216044e-02, -3.768304016765479e-03,  1.367978851155244e-02, -8.171052542767039e-03, -2.997514558024946e-03,  1.025984137818211e-02, -4.175159188679453e-03, -1.473064294628341e-03, -5.102835913239639e-02, -9.347633032983676e-03
  2.820000000000000e+00,  1.430049084432082e+00,  8.964617401988991e-01, -3.216824887153591e-01,  3.270186405756204e-02,  6.296151804981072e-02,  1.498600201759323e-01,  0.000000000000000e+00,  6.505213034913027e-18,  0.000000000000000e+00, -2.154812211807966e-03, -2.647411598477167e-02, -7.304551598339880e-02, -3.339958892008261e-03, -2.872146721025262e-02, -7.481631637314692e-02, -3.717051014166789e-03, -2.806798211753943e-02, -7.171741569539913e-02, -3.357915653564045e-03, -2.700009183278879e-02, -6.596231443396294e-02, -2.980823517192369e-03, -2.594814020696006e-02, -5.533751210813235e-02, -2.388250158126413e-03, -2.315887452174806e-02, -3.895760852384182e-02,  0.000000000000000e+00,  0.000000000000000e+00,  0.000000000000000e+00,  0.000000000000000e+00,  0.000000000000000e+00,  0.000000000000000e+00,  0.000000000000000e+00,  0.000000000000000e+00,  0.000000000000000e+00,  0.000000000000000e+00,  0.000000000000000e+00,  0.000000000000000e+00,  0.000000000000000e+00,  0.000000000000000e+00,  0.000000000000000e+00,  0.000000000000000e+00,  0.000000000000000e+00,  0.000000000000000e+00,  0.000000000000000e+00,  0.000000000000000e+00,  0.000000000000000e+00,  0.000000000000000e+00,  0.000000000000000e+00,  0.000000000000000e+00,  0.000000000000000e+00,  0.000000000000000e+00,  0.000000000000000e+00,  0.000000000000000e+00,  0.000000000000000e+00,  0.000000000000000e+00,  0.000000000000000e+00,  0.000000000000000e+00,  0.000000000000000e+00,  1.310561237750944e-02, -6.752483179969497e-03, -2.056380392990249e-03,  1.455285792004820e-02, -1.245687100100881e-02, -3.190935102657395e-03,  1.527648069563966e-02, -1.338469311599949e-02, -3.953214046721816e-03,  1.439205286768537e-02, -1.245687099985705e-02, -3.900031795735112e-03,  1.318601491411008e-02, -8.092670676789511e-03, -3.102298018733990e-03,  9.889511180473116e-03, -4.135108440487792e-03, -1.524557881497889e-03, -5.054083795456461e-02, -9.594565672100788e-03
  2.830000000000000e+00,  1.443639678562579e+00,  8.963764010852673e-01, -3.206488440700394e-01,  2.379944531258147e-02,  6.363219824497833e-02,  1.486168021049406e-01,  0.000000000000000e+00,  2.168404344971008e-18,  0.000000000000000e+00, -6.384611893973160e-04, -2.648451985874801e-02, -7.282506544229771e-02, -9.896148094813671e-04, -2.873275425492962e-02, -7.459052157620037e-02, -1.101345503570360e-03, -2.807901235370994e-02, -7.150097334563139e-02, -9.949353128590982e-04, -2.701070240616345e-02, -6.576324091502597e-02, -8.832046053917321e-04, -2.595833738112172e-02, -5.517050412263505e-02, -7.076277775649641e-04, -2.316797556216094e-02, -3.884003490217285e-02,  0.000000000000000e+00,  0.000000000000000e+00,  0.000000000000000e+00,  0.000000000000000e+00,  0.000000000000000e+00,  0.000000000000000e+00,  0.000000000000000e+00,  0.000000000000000e+00,  0.000000000000000e+00,  0.000000000000000e+00,  0.000000000000000e+00,  0.000000000000000e+00,  0.000000000000000e+00,  0.000000000000000e+00,  0.000000000000000e+00,  0.000000000000000e+00,  0.000000000000000e+00,  0.000000000000000e+00,  0.000000000000000e+00,  0.000000000000000e+00,  0.000000000000000e+00,  0.000000000000000e+00,  0.000000000000000e+00,  0.000000000000000e+00,  0.000000000000000e+00,  0.000000000000000e+00,  0.000000000000000e+00,  0.000000000000000e+00,  0.000000000000000e+00,  0.000000000000000e+00,  0.000000000000000e+00,  0.000000000000000e+00,  0.000000000000000e+00,  1.256728865503842e-02, -6.658018693535816e-03, -2.153190103415701e-03,  1.395508740572139e-02, -1.228260445498068e-02, -3.341157065582533e-03,  1.464898678517111e-02, -1.319744671695275e-02, -4.139322366940167e-03,  1.380088755186691e-02, -1.228260445393758e-02, -4.083636416440603e-03,  1.264438859145722e-02, -7.979457513894783e-03, -3.248347148981397e-03,  9.483291438862708e-03, -4.077259959575349e-03, -1.596330597334806e-03, -4.983248227989173e-02, -9.949781674546937e-03
  2.840000000000000e+00,  1.457311167302116e+00,  8.966235168925412e-01, -3.195176526497347e-01,  1.457654406018662e-02,  6.372792612932636e-02,  1.477282944048249e-01,  8.673617379884034e-19,  1.387778780781445e-17,  0.000000000000000e+00,  8.846402792309796e-04, -2.641952198102353e-02, -7.267039335339025e-02,  1.371192465042467e-03, -2.866223879623345e-02, -7.443209986046175e-02,  1.526004527317689e-03, -2.801010129738719e-02, -7.134911347593334e-02,  1.378564473781797e-03, -2.694441317852104e-02, -6.562356733135340e-02,  1.223752424214277e-03, -2.589463085039813e-02, -5.505332829748285e-02,  9.804763480083607e-04, -2.311111709207393e-02, -3.875754312127619e-02,  0.000000000000000e+00,  0.000000000000000e+00,  0.000000000000000e+00,  0.000000000000000e+00,  0.000000000000000e+00,  0.000000000000000e+00,  0.000000000000000e+00,  0.000000000000000e+00,  0.000000000000000e+00,  0.000000000000000e+00,  0.000000000000000e+00,  0.000000000000000e+00,  0.000000000000000e+00,  0.000000000000000e+00,  0.000000000000000e+00,  0.000000000000000e+00,  0.000000000000000e+00,  0.000000000000000e+00,  0.000000000000000e+00,  0.000000000000000e+00,  0.000000000000000e+00,  0.000000000000000e+00,  0.000000000000000e+00,  0.000000000000000e+00,  0.000000000000000e+00,  0.000000000000000e+00,  0.000000000000000e+00,  0.000000000000000e+00,  0.000000000000000e+00,  0.000000000000000e+00,  0.000000000000000e+00,  0.000000000000000e+00,  0.000000000000000e+00,  1.200999691115808e-02, -6.544476306459004e-03, -2.279037508051206e-03,  1.333625424193584e-02, -1.207314330866112e-02, -3.536437519764026e-03,  1.399938291125716e-02, -1.297238432669722e-02, -4.381253151420439e-03,  1.318889232315268e-02, -1.207314330771270e-02, -4.322312526581032e-03,  1.208367787928890e-02, -7.843379996848997e-03, -3.438203145795052e-03,  9.062758405053297e-03, -4.007728489517358e-03, -1.689631258951059e-03, -4.897786484253230e-02, -1.042430720089514e-02
  2.850000000000001e+00,  1.471028935753402e+00,  8.972035767121973e-01, -3.183118625768817e-01,  5.293799605209260e-03,  6.338337109485864e-02,  1.472517040274909e-01,  0.000000000000000e+00, -2.656295322589486e-18,  0.000000000000000e+00,  2.376787009729612e-03, -2.627652455841794e-02, -7.259484432225816e-02,  3.684019896040178e-03, -2.850710251803012e-02, -7.435471933716702e-02,  4.099957635778427e-03, -2.785849475623792e-02, -7.127493806281041e-02,  3.703826460953115e-03, -2.679857474512652e-02, -6.555534426629563e-02,  3.287888733477726e-03, -2.575447443365246e-02, -5.499609418249387e-02,  2.634272306166530e-03, -2.298602662919464e-02, -3.871725030425491e-02,  0.000000000000000e+00,  0.000000000000000e+00,  0.000000000000000e+00,  0.000000000000000e+00,  0.000000000000000e+00,  0.000000000000000e+00,  0.000000000000000e+00,  0.000000000000000e+00,  0.000000000000000e+00,  0.000000000000000e+00,  0.000000000000000e+00,  0.000000000000000e+00,  0.000000000000000e+00,  0.000000000000000e+00,  0.000000000000000e+00,  0.000000000000000e+00,  0.000000000000000e+00,  0.000000000000000e+00,  0.000000000000000e+00,  0.000000000000000e+00,  0.000000000000000e+00,  0.000000000000000e+00,  0.000000000000000e+00,  0.000000000000000e+00,  0.000000000000000e+00,  0.000000000000000e+00,  0.000000000000000e+00,  0.000000000000000e+00,  0.000000000000000e+00,  0.000000000000000e+00,  0.000000000000000e+00,  0.000000000000000e+00,  0.000000000000000e+00,  1.145890986395018e-02, -6.423648632325816e-03, -2.433266372144002e-03,  1.272431095617080e-02, -1.185024238353316e-02, -3.775758169891713e-03,  1.335701150609712e-02, -1.273288112583080e-02, -4.677744845412711e-03,  1.258371084135800e-02, -1.185024238266200e-02, -4.614815542992854e-03,  1.152920992958036e-02, -7.698571257951247e-03, -3.670875999839559e-03,  8.646907442981279e-03, -3.933735630819183e-03, -1.803973347475472e-03, -4.806562824019567e-02, -1.101899280174226e-02
  2.860000000000000e+00,  1.484751100753226e+00,  8.981030931656299e-01, -3.170585473817273e-01, -3.822755528939035e-03,  6.277409878869759e-02,  1.471731825775711e-01,  0.000000000000000e+00, -1.517883041479706e-18,  0.000000000000000e+00,  3.808361322214627e-03, -2.605725906955386e-02, -7.259727715963740e-02,  5.902960079652424e-03, -2.826922388198870e-02, -7.435721115190007e-02,  6.569423323932860e-03, -2.762602845232317e-02, -7.127732666597737e-02,  5.934696430729039e-03, -2.657495298514288e-02, -6.555754119146659e-02,  5.268233198466581e-03, -2.553956520957266e-02, -5.499793724045209e-02,  4.220933834986461e-03, -2.279421882666670e-02, -3.871854781692800e-02,  0.000000000000000e+00,  0.000000000000000e+00,  0.000000000000000e+00,  0.000000000000000e+00,  0.000000000000000e+00,  0.000000000000000e+00,  0.000000000000000e+00,  0.000000000000000e+00,  0.000000000000000e+00,  0.000000000000000e+00,  0.000000000000000e+00,  0.000000000000000e+00,  0.000000000000000e+00,  0.000000000000000e+00,  0.000000000000000e+00,  0.000000000000000e+00,  0.000000000000000e+00,  0.000000000000000e+00,  0.000000000000000e+00,  0.000000000000000e+00,  0.000000000000000e+00,  0.000000000000000e+00,  0.000000000000000e+00,  0.000000000000000e+00,  0.000000000000000e+00,  0.000000000000000e+00,  0.000000000000000e+00,  0.000000000000000e+00,  0.000000000000000e+00,  0.000000000000000e+00,  0.000000000000000e+00,  0.000000000000000e+00,  0.000000000000000e+00,  1.093231857695658e-02, -6.307470821749817e-03, -2.613021434728203e-03,  1.213956848402561e-02, -1.163591945105399e-02, -4.054688438561071e-03,  1.274319344132391e-02, -1.250259483016542e-02, -5.023308455780286e-03,  1.200542961186188e-02, -1.163591945024236e-02, -4.955730315491416e-03,  1.099938802099138e-02, -7.559335256318084e-03, -3.942058205291215e-03,  8.249541011627257e-03, -3.862590271291220e-03, -1.937240031487962e-03, -4.718591516837940e-02, -1.172459561790280e-02
  2.870000000000000e+00,  1.498429434727260e+00,  8.992954091684908e-01, -3.157862243401322e-01, -1.260939715842496e-02,  6.209531526686657e-02,  1.474003107227145e-01, -3.469446951953613e-18,  4.336808689942017e-19,  0.000000000000000e+00,  5.161434778555980e-03, -2.576743332070108e-02, -7.266110268677094e-02,  8.000223936533012e-03, -2.795479522242585e-02, -7.442258396402618e-02,  8.903475035640302e-03, -2.731875382896979e-02, -7.133999172817289e-02,  8.043235900008612e-03, -2.627936910526488e-02, -6.561517757582876e-02,  7.139984812777406e-03, -2.525549758458352e-02, -5.504628991177853e-02,  5.720590248595437e-03, -2.254068672656515e-02, -3.875258809736470e-02,  0.000000000000000e+00,  0.000000000000000e+00,  0.000000000000000e+00,  0.000000000000000e+00,  0.000000000000000e+00,  0.000000000000000e+00,  0.000000000000000e+00,  0.000000000000000e+00,  0.000000000000000e+00,  0.000000000000000e+00,  0.000000000000000e+00,  0.000000000000000e+00,  0.000000000000000e+00,  0.000000000000000e+00,  0.000000000000000e+00,  0.000000000000000e+00,  0.000000000000000e+00,  0.000000000000000e+00,  0.000000000000000e+00,  0.000000000000000e+00,  0.000000000000000e+00,  0.000000000000000e+00,  0.000000000000000e+00,  0.000000000000000e+00,  0.000000000000000e+00,  0.000000000000000e+00,  0.000000000000000e+00,  0.000000000000000e+00,  0.000000000000000e+00,  0.000000000000000e+00,  0.000000000000000e+00,  0.000000000000000e+00,  0.000000000000000e+00,  1.043965647399386e-02, -6.206342757530533e-03, -2.813625759530852e-03,  1.159250197708403e-02, -1.144936004561592e-02, -4.365971010799911e-03,  1.216892473239339e-02, -1.230213996562031e-02, -5.408952975618159e-03,  1.146440803869129e-02, -1.144936004484925e-02, -5.336186792414732e-03,  1.050370345107553e-02, -7.438135973611976e-03, -4.244694039244231e-03,  7.877777584172007e-03, -3.800661126259904e-03, -2.085963927179825e-03, -4.641767202045446e-02, -1.252309429871487e-02
  2.880000000000000e+00,  1.512013004531394e+00,  9.007437178870588e-01, -3.145223101748565e-01, -2.097734572380247e-02,  6.153485370154218e-02,  1.477835268526242e-01,  0.000000000000000e+00, -8.673617379884035e-19,  0.000000000000000e+00,  6.430751881522032e-03, -2.541500789269916e-02, -7.275884379324489e-02,  9.967665445617439e-03, -2.757245288314740e-02, -7.452269455139811e-02,  1.109304703765655e-02, -2.694511073166054e-02, -7.143595572287291e-02,  1.002125505179925e-02, -2.591994184383196e-02, -6.570344075611945e-02,  8.895873471461103e-03, -2.491007398252374e-02, -5.512033620382106e-02,  7.127416703823016e-03, -2.223239404006706e-02, -3.880471668675335e-02,  0.000000000000000e+00,  0.000000000000000e+00,  0.000000000000000e+00,  0.000000000000000e+00,  0.000000000000000e+00,  0.000000000000000e+00,  0.000000000000000e+00,  0.000000000000000e+00,  0.000000000000000e+00,  0.000000000000000e+00,  0.000000000000000e+00,  0.000000000000000e+00,  0.000000000000000e+00,  0.000000000000000e+00,  0.000000000000000e+00,  0.000000000000000e+00,  0.000000000000000e+00,  0.000000000000000e+00,  0.000000000000000e+00,  0.000000000000000e+00,  0.000000000000000e+00,  0.000000000000000e+00,  0.000000000000000e+00,  0.000000000000000e+00,  0.000000000000000e+00,  0.000000000000000e+00,  0.000000000000000e+00,  0.000000000000000e+00,  0.000000000000000e+00,  0.000000000000000e+00,  0.000000000000000e+00,  0.000000000000000e+00,  0.000000000000000e+00,  9.981343114270009e-03, -6.127973135253036e-03, -3.029114880000074e-03,  1.108357732621012e-02, -1.130478504326741e-02, -4.700350679826540e-03,  1.163469443597265e-02, -1.214679661832263e-02, -5.823212232057195e-03,  1.096110686469327e-02, -1.130478504253558e-02, -5.744873054334588e-03,  1.004257835297099e-02, -7.344212075525380e-03, -4.569785383979299e-03,  7.531933760507225e-03, -3.752668872743754e-03, -2.245723102433343e-03, -4.581987514292189e-02, -1.338993392635339e-02
  2.890000000000000e+00,  1.525453839127932e+00,  9.024059930639945e-01, -3.132913426371097e-01, -2.890596259761784e-02,  6.124351386271850e-02,  1.481604152032795e-01,  0.000000000000000e+00, -8.673617379884035e-19,  0.000000000000000e+00,  7.621692274043321e-03, -2.500739687674043e-02, -7.286082384009770e-02,  1.181362305309880e-02, -2.713024032753535e-02, -7.462714684142567e-02,  1.314741921352995e-02, -2.651295961495356e-02, -7.153608158644301e-02,  1.187713716254646e-02, -2.550423259209230e-02, -6.579553182815187e-02,  1.054334101347463e-02, -2.451056119496299e-02, -5.519759381443164e-02,  8.447375637848040e-03, -2.187582642326290e-02, -3.885910604440563e-02,  0.000000000000000e+00,  0.000000000000000e+00,  0.000000000000000e+00,  0.000000000000000e+00,  0.000000000000000e+00,  0.000000000000000e+00,  0.000000000000000e+00,  0.000000000000000e+00,  0.000000000000000e+00,  0.000000000000000e+00,  0.000000000000000e+00,  0.000000000000000e+00,  0.000000000000000e+00,  0.000000000000000e+00,  0.000000000000000e+00,  0.000000000000000e+00,  0.000000000000000e+00,  0.000000000000000e+00,  0.000000000000000e+00,  0.000000000000000e+00,  0.000000000000000e+00,  0.000000000000000e+00,  0.000000000000000e+00,  0.000000000000000e+00,  0.000000000000000e+00,  0.000000000000000e+00,  0.000000000000000e+00,  0.000000000000000e+00,  0.000000000000000e+00,  0.000000000000000e+00,  0.000000000000000e+00,  0.000000000000000e+00,  0.000000000000000e+00,  9.550290838525002e-03, -6.076820705830545e-03, -3.252864239006233e-03,  1.060492418579836e-02, -1.121041987505450e-02, -5.047547960395689e-03,  1.113224086325210e-02, -1.204540287211566e-02, -6.253351085029112e-03,  1.048774270934256e-02, -1.121041987435380e-02, -6.169225285932609e-03,  9.608881584781208e-03, -7.282907255894339e-03, -4.907338295499115e-03,  7.206661184260870e-03, -3.721343975672461e-03, -2.411606247639559e-03, -4.542724347474109e-02, -1.429685026820149e-02
  2.900000000000000e+00,  1.538712833514585e+00,  9.042408212360168e-01, -3.121139080588976e-01, -3.641805075530061e-02,  6.130887032026325e-02,  1.484069134558119e-01,  0.000000000000000e+00,  1.734723475976807e-18,  0.000000000000000e+00,  8.745465706851835e-03, -2.454856699565052e-02, -7.294499289247916e-02,  1.355547187239543e-02, -2.663246100822312e-02, -7.471335635542636e-02,  1.508592838296051e-02, -2.602650601723934e-02, -7.161872029200925e-02,  1.362835076019660e-02, -2.503628688214355e-02, -6.587153903265543e-02,  1.209789426040009e-02, -2.406084713585669e-02, -5.526135824760500e-02,  9.692891190810682e-03, -2.147445386322595e-02, -3.890399620516465e-02,  0.000000000000000e+00,  0.000000000000000e+00,  0.000000000000000e+00,  0.000000000000000e+00,  0.000000000000000e+00,  0.000000000000000e+00,  0.000000000000000e+00,  0.000000000000000e+00,  0.000000000000000e+00,  0.000000000000000e+00,  0.000000000000000e+00,  0.000000000000000e+00,  0.000000000000000e+00,  0.000000000000000e+00,  0.000000000000000e+00,  0.000000000000000e+00,  0.000000000000000e+00,  0.000000000000000e+00,  0.000000000000000e+00,  0.000000000000000e+00,  0.000000000000000e+00,  0.000000000000000e+00,  0.000000000000000e+00,  0.000000000000000e+00,  0.000000000000000e+00,  0.000000000000000e+00,  0.000000000000000e+00,  0.000000000000000e+00,  0.000000000000000e+00,  0.000000000000000e+00,  0.000000000000000e+00,  0.000000000000000e+00,  0.000000000000000e+00,  9.135082524467080e-03, -6.054145028154234e-03, -3.478215899535695e-03,  1.014386464699952e-02, -1.116858815468232e-02, -5.397231570918432e-03,  1.064825571207543e-02, -1.200045540986491e-02, -6.686570224561082e-03,  1.003177775112019e-02, -1.116858815401406e-02, -6.596616365259150e-03,  9.191125980460535e-03, -7.255731062390926e-03, -5.247308472257398e-03,  6.893344480946787e-03, -3.707457767963282e-03, -2.578677306043580e-03, -4.525049500777161e-02, -1.521482268867439e-02
  2.910000000000000e+00,  1.551764104496606e+00,  9.062123896435891e-01, -3.110060496470457e-01, -4.354468263996607e-02,  6.174126355625542e-02,  1.484751443237032e-01, -8.673617379884034e-18, -5.637851296924622e-18,  2.775557561562891e-17,  9.812752559900965e-03, -2.403736099670285e-02, -7.300399575082173e-02,  1.520976649243555e-02, -2.607785943501252e-02, -7.477378958598958e-02,  1.692699820137094e-02, -2.548452301390292e-02, -7.167665037094587e-02,  1.529153943685075e-02, -2.451492446965272e-02, -6.592482040158201e-02,  1.357430773784492e-02, -2.355979754442285e-02, -5.530605738251825e-02,  1.087580078381747e-02, -2.102726402523699e-02, -3.893546439600076e-02,  0.000000000000000e+00,  0.000000000000000e+00,  0.000000000000000e+00,  0.000000000000000e+00,  0.000000000000000e+00,  0.000000000000000e+00,  0.000000000000000e+00,  0.000000000000000e+00,  0.000000000000000e+00,  0.000000000000000e+00,  0.000000000000000e+00,  0.000000000000000e+00,  0.000000000000000e+00,  0.000000000000000e+00,  0.000000000000000e+00,  0.000000000000000e+00,  0.000000000000000e+00,  0.000000000000000e+00,  0.000000000000000e+00,  0.000000000000000e+00,  0.000000000000000e+00,  0.000000000000000e+00,  0.000000000000000e+00,  0.000000000000000e+00,  0.000000000000000e+00,  0.000000000000000e+00,  0.000000000000000e+00,  0.000000000000000e+00,  0.000000000000000e+00,  0.000000000000000e+00,  0.000000000000000e+00,  0.000000000000000e+00,  0.000000000000000e+00,  8.724327771222121e-03, -6.058593466215687e-03, -3.699073011473130e-03,  9.687750473223891e-03, -1.117679456125150e-02, -5.739940881912301e-03,  1.016946182797891e-02, -1.200927305228693e-02, -7.111148981906437e-03,  9.580703512917928e-03, -1.117679456062027e-02, -7.015483300725428e-03,  8.777851259335723e-03, -7.261062396890251e-03, -5.580498080035295e-03,  6.583388440093798e-03, -3.710181917802210e-03, -2.742416199114136e-03, -4.528056587846416e-02, -1.611696623086770e-02
  2.920000000000000e+00,  1.564596610556561e+00,  9.082930497440689e-01, -3.099791519609972e-01, -5.029176869572050e-02,  6.247644842920178e-02,  1.484029935894192e-01,  0.000000000000000e+00, -2.602085213965211e-18,  0.000000000000000e+00,  1.082798031268838e-02, -2.346786845754747e-02, -7.304661786845537e-02,  1.678336950664095e-02, -2.546002345798026e-02, -7.481744496712625e-02,  1.867826607118982e-02, -2.488074434747378e-02, -7.171849754105918e-02,  1.687360268166416e-02, -2.393411750674753e-02, -6.596330946550866e-02,  1.497870612603576e-02, -2.300161942401975e-02, -5.533834686564229e-02,  1.200101154019973e-02, -2.052908662421229e-02, -3.895819619204673e-02,  0.000000000000000e+00,  0.000000000000000e+00,  0.000000000000000e+00,  0.000000000000000e+00,  0.000000000000000e+00,  0.000000000000000e+00,  0.000000000000000e+00,  0.000000000000000e+00,  0.000000000000000e+00,  0.000000000000000e+00,  0.000000000000000e+00,  0.000000000000000e+00,  0.000000000000000e+00,  0.000000000000000e+00,  0.000000000000000e+00,  0.000000000000000e+00,  0.000000000000000e+00,  0.000000000000000e+00,  0.000000000000000e+00,  0.000000000000000e+00,  0.000000000000000e+00,  0.000000000000000e+00,  0.000000000000000e+00,  0.000000000000000e+00,  0.000000000000000e+00,  0.000000000000000e+00,  0.000000000000000e+00,  0.000000000000000e+00,  0.000000000000000e+00,  0.000000000000000e+00,  0.000000000000000e+00,  0.000000000000000e+00,  0.000000000000000e+00,  8.310609938582384e-03, -6.086988796828095e-03, -3.910498729631241e-03,  9.228346008760741e-03, -1.122917780516200e-02, -6.068015271550443e-03,  9.687214047498649e-03, -1.206555794476230e-02, -7.517596697803817e-03,  9.126375340733572e-03, -1.122917780457283e-02, -7.416463110100389e-03,  8.361595280325797e-03, -7.295093442286273e-03, -5.899459292057103e-03,  6.271196455904640e-03, -3.727570746522423e-03, -2.899162851974839e-03, -4.549430371026092e-02, -1.698139927720601e-02
  2.930000000000000e+00,  1.577212824801505e+00,  9.104629326060781e-01, -3.090403709183981e-01, -5.661981741710632e-02,  6.339257070808919e-02,  1.482944760859478e-01,  8.673617379884034e-19,  1.040834085586084e-17,  0.000000000000000e+00,  1.178627470964409e-02, -2.283155424039619e-02, -7.309356101555423e-02,  1.826872581916967e-02, -2.476969340320955e-02, -7.486552613007244e-02,  2.033132390198838e-02, -2.420612102474565e-02, -7.176458717665174e-02,  1.836694478010134e-02, -2.328516128335397e-02, -6.600570055018028e-02,  1.630434670513809e-02, -2.237794720913594e-02, -5.537390985615937e-02,  1.306312116036289e-02, -1.997245534155235e-02, -3.898323253736889e-02,  0.000000000000000e+00,  0.000000000000000e+00,  0.000000000000000e+00,  0.000000000000000e+00,  0.000000000000000e+00,  0.000000000000000e+00,  0.000000000000000e+00,  0.000000000000000e+00,  0.000000000000000e+00,  0.000000000000000e+00,  0.000000000000000e+00,  0.000000000000000e+00,  0.000000000000000e+00,  0.000000000000000e+00,  0.000000000000000e+00,  0.000000000000000e+00,  0.000000000000000e+00,  0.000000000000000e+00,  0.000000000000000e+00,  0.000000000000000e+00,  0.000000000000000e+00,  0.000000000000000e+00,  0.000000000000000e+00,  0.000000000000000e+00,  0.000000000000000e+00,  0.000000000000000e+00,  0.000000000000000e+00,  0.000000000000000e+00,  0.000000000000000e+00,  0.000000000000000e+00,  0.000000000000000e+00,  0.000000000000000e+00,  0.000000000000000e+00,  7.892400047630201e-03, -6.135078351321266e-03, -4.109248642444650e-03,  8.763953430389207e-03, -1.131789263251287e-02, -6.376420308103400e-03,  9.199730125271853e-03, -1.216088049723667e-02, -7.899676270722630e-03,  8.667114171832932e-03, -1.131789263196949e-02, -7.793402599047268e-03,  7.940819684280407e-03, -7.352727488798927e-03, -6.199297521916209e-03,  5.955614759014014e-03, -3.757019990526697e-03, -3.046511925017785e-03, -4.585993850951595e-02, -1.779369088292432e-02
  2.940000000000000e+00,  1.589625280542976e+00,  9.127072314001773e-01, -3.081933896777628e-01, -6.244135437410445e-02,  6.433424241987898e-02,  1.482823944305562e-01,  0.000000000000000e+00,  2.602085213965211e-18,  0.000000000000000e+00,  1.267371328488232e-02, -2.212002615081210e-02, -7.316995356984836e-02,  1.964425560815282e-02, -2.399776467435455e-02, -7.494377062530699e-02,  2.186215544048943e-02, -2.345175560166080e-02, -7.183959077579102e-02,  1.974986988983716e-02, -2.255949687261045e-02, -6.607468534208664e-02,  1.753197006433554e-02, -2.168055543760010e-02, -5.543178300380167e-02,  1.404669891157325e-02, -1.935002890174833e-02, -3.902397523336733e-02,  0.000000000000000e+00,  0.000000000000000e+00,  0.000000000000000e+00,  0.000000000000000e+00,  0.000000000000000e+00,  0.000000000000000e+00,  0.000000000000000e+00,  0.000000000000000e+00,  0.000000000000000e+00,  0.000000000000000e+00,  0.000000000000000e+00,  0.000000000000000e+00,  0.000000000000000e+00,  0.000000000000000e+00,  0.000000000000000e+00,  0.000000000000000e+00,  0.000000000000000e+00,  0.000000000000000e+00,  0.000000000000000e+00,  0.000000000000000e+00,  0.000000000000000e+00,  0.000000000000000e+00,  0.000000000000000e+00,  0.000000000000000e+00,  0.000000000000000e+00,  0.000000000000000e+00,  0.000000000000000e+00,  0.000000000000000e+00,  0.000000000000000e+00,  0.000000000000000e+00,  0.000000000000000e+00,  0.000000000000000e+00,  0.000000000000000e+00,  7.473373442779411e-03, -6.198173411050035e-03, -4.294041242784416e-03,  8.298653948781242e-03, -1.143428937151879e-02, -6.663167446027835e-03,  8.711294205111957e-03, -1.228594678650817e-02, -8.254924113682022e-03,  8.206956120655065e-03, -1.143428937102311e-02, -8.143871323010506e-03,  7.519222363753182e-03, -7.428345232407713e-03, -6.478079461440885e-03,  5.639416768826805e-03, -3.795658356467229e-03, -3.183513335369022e-03, -4.634188823687873e-02, -1.854803544612495e-02
  2.950000000000000e+00,  1.601852233893665e+00,  9.150125061672632e-01, -3.074390111819301e-01, -6.763505899334099e-02,  6.513584849350169e-02,  1.484882954670395e-01,  8.673617379884035e-19,  1.647987302177967e-17,  0.000000000000000e+00,  1.347035078925277e-02, -2.132738255652935e-02, -7.329765649037090e-02,  2.087904373754656e-02, -2.313783465762793e-02, -7.507456937446826e-02,  2.323635513211568e-02, -2.261139113985811e-02, -7.196497182546953e-02,  2.099129666447291e-02, -2.175110539116725e-02, -6.619000494963022e-02,  1.863398527581805e-02, -2.090365972801071e-02, -5.552852764111071e-02,  1.492963880951546e-02, -1.865664470887123e-02, -3.909208345813778e-02,  0.000000000000000e+00,  0.000000000000000e+00,  0.000000000000000e+00,  0.000000000000000e+00,  0.000000000000000e+00,  0.000000000000000e+00,  0.000000000000000e+00,  0.000000000000000e+00,  0.000000000000000e+00,  0.000000000000000e+00,  0.000000000000000e+00,  0.000000000000000e+00,  0.000000000000000e+00,  0.000000000000000e+00,  0.000000000000000e+00,  0.000000000000000e+00,  0.000000000000000e+00,  0.000000000000000e+00,  0.000000000000000e+00,  0.000000000000000e+00,  0.000000000000000e+00,  0.000000000000000e+00,  0.000000000000000e+00,  0.000000000000000e+00,  0.000000000000000e+00,  0.000000000000000e+00,  0.000000000000000e+00,  0.000000000000000e+00,  0.000000000000000e+00,  0.000000000000000e+00,  0.000000000000000e+00,  0.000000000000000e+00,  0.000000000000000e+00,  7.059746911819032e-03, -6.271556952570471e-03, -4.465448640896133e-03,  7.839350868175752e-03, -1.156966613416540e-02, -6.929144442600710e-03,  8.229152849491975e-03, -1.243140678393803e-02, -8.584440059306824e-03,  7.752728211848833e-03, -1.156966613371831e-02, -8.468954318659449e-03,  7.103058246348336e-03, -7.516293446550443e-03, -6.736668207980405e-03,  5.327293681036040e-03, -3.840597217610870e-03, -3.310591233725073e-03, -4.690399321258180e-02, -1.924667959022839e-02
  2.960000000000000e+00,  1.613913579772912e+00,  9.173634829086177e-01, -3.067752894642838e-01, -7.207287478796774e-02,  6.564091865823163e-02,  1.489917695461170e-01,  0.000000000000000e+00, -2.602085213965211e-18,  0.000000000000000e+00,  1.415498746566246e-02, -2.045189464157833e-02, -7.348977695450362e-02,  2.194023058387130e-02, -2.218802778018166e-02, -7.527134730466643e-02,  2.441735339590560e-02, -2.168319474042784e-02, -7.215359919071318e-02,  2.205818881589900e-02, -2.085822367561267e-02, -6.636349555113380e-02,  1.958106600896466e-02, -2.004556561162863e-02, -5.567407344787891e-02,  1.568844445676273e-02, -1.789079043916424e-02, -3.919454770624349e-02,  0.000000000000000e+00,  0.000000000000000e+00,  0.000000000000000e+00,  0.000000000000000e+00,  0.000000000000000e+00,  0.000000000000000e+00,  0.000000000000000e+00,  0.000000000000000e+00,  0.000000000000000e+00,  0.000000000000000e+00,  0.000000000000000e+00,  0.000000000000000e+00,  0.000000000000000e+00,  0.000000000000000e+00,  0.000000000000000e+00,  0.000000000000000e+00,  0.000000000000000e+00,  0.000000000000000e+00,  0.000000000000000e+00,  0.000000000000000e+00,  0.000000000000000e+00,  0.000000000000000e+00,  0.000000000000000e+00,  0.000000000000000e+00,  0.000000000000000e+00,  0.000000000000000e+00,  0.000000000000000e+00,  0.000000000000000e+00,  0.000000000000000e+00,  0.000000000000000e+00,  0.000000000000000e+00,  0.000000000000000e+00,  0.000000000000000e+00,  6.657094647283482e-03, -6.350615161350704e-03, -4.625430828726497e-03,  7.392233936116244e-03, -1.171551143055617e-02, -7.177392664635996e-03,  7.759803583463572e-03, -1.258811504038353e-02, -8.891992023150988e-03,  7.310551797964538e-03, -1.171551143015917e-02, -8.772368812101850e-03,  6.697935722106379e-03, -7.611042597789334e-03, -6.978020645936865e-03,  5.023451788167169e-03, -3.889011150647305e-03, -3.429198717562365e-03, -4.751076350184071e-02, -1.989777739684963e-02
  2.970000000000000e+00,  1.625827995084467e+00,  9.197412281230717e-01, -3.061974751709376e-01, -7.564996148581420e-02,  6.571853886356591e-02,  1.498166407533574e-01, -8.673617379884035e-19, -1.647987302177967e-17,  0.000000000000000e+00,  1.470996600874652e-02, -1.949727541416012e-02, -7.374865794566830e-02,  2.280044732374540e-02, -2.115237224231647e-02, -7.553650419890680e-02,  2.537469138000864e-02, -2.067110295203091e-02, -7.240777325522239e-02,  2.292303037650539e-02, -1.988463850244213e-02, -6.659727293160297e-02,  2.034878632460817e-02, -1.910991232819440e-02, -5.587019541152110e-02,  1.630354567312672e-02, -1.705571413644935e-02, -3.933261756881640e-02,  0.000000000000000e+00,  0.000000000000000e+00,  0.000000000000000e+00,  0.000000000000000e+00,  0.000000000000000e+00,  0.000000000000000e+00,  0.000000000000000e+00,  0.000000000000000e+00,  0.000000000000000e+00,  0.000000000000000e+00,  0.000000000000000e+00,  0.000000000000000e+00,  0.000000000000000e+00,  0.000000000000000e+00,  0.000000000000000e+00,  0.000000000000000e+00,  0.000000000000000e+00,  0.000000000000000e+00,  0.000000000000000e+00,  0.000000000000000e+00,  0.000000000000000e+00,  0.000000000000000e+00,  0.000000000000000e+00,  0.000000000000000e+00,  0.000000000000000e+00,  0.000000000000000e+00,  0.000000000000000e+00,  0.000000000000000e+00,  0.000000000000000e+00,  0.000000000000000e+00,  0.000000000000000e+00,  0.000000000000000e+00,  0.000000000000000e+00,  6.268154495756840e-03, -6.430827398927906e-03, -4.776642705811185e-03,  6.960343338076620e-03, -1.186348566048616e-02, -7.412031783835433e-03,  7.306437761944218e-03, -1.274711079921224e-02, -9.182683820715569e-03,  6.883433471266341e-03, -1.186348566014185e-02, -9.059149957644549e-03,  6.306609434216413e-03, -7.707174821715684e-03, -7.206142011690534e-03,  4.729957072611484e-03, -3.938131791741727e-03, -3.541304074469797e-03, -4.812753473655731e-02, -2.051232409851783e-02
  2.980000000000000e+00,  1.637611840368480e+00,  9.221229080433097e-01, -3.056982222267345e-01, -7.830512334649502e-02,  6.527517704801518e-02,  1.509365862767700e-01,  0.000000000000000e+00, -1.734723475976807e-18,  0.000000000000000e+00,  1.512426660212243e-02, -1.847315414766677e-02, -7.406749707693978e-02,  2.344261324168492e-02, -2.004131473314137e-02, -7.586307276390680e-02,  2.608935990103057e-02, -1.958532477549462e-02, -7.272081531182099e-02,  2.356864879897587e-02, -1.884017045506229e-02, -6.688519432949458e-02,  2.092190214330561e-02, -1.810613784097402e-02, -5.611174020858969e-02,  1.676272882867748e-02, -1.615983924091310e-02, -3.950266510614246e-02,  0.000000000000000e+00,  0.000000000000000e+00,  0.000000000000000e+00,  0.000000000000000e+00,  0.000000000000000e+00,  0.000000000000000e+00,  0.000000000000000e+00,  0.000000000000000e+00,  0.000000000000000e+00,  0.000000000000000e+00,  0.000000000000000e+00,  0.000000000000000e+00,  0.000000000000000e+00,  0.000000000000000e+00,  0.000000000000000e+00,  0.000000000000000e+00,  0.000000000000000e+00,  0.000000000000000e+00,  0.000000000000000e+00,  0.000000000000000e+00,  0.000000000000000e+00,  0.000000000000000e+00,  0.000000000000000e+00,  0.000000000000000e+00,  0.000000000000000e+00,  0.000000000000000e+00,  0.000000000000000e+00,  0.000000000000000e+00,  0.000000000000000e+00,  0.000000000000000e+00,  0.000000000000000e+00,  0.000000000000000e+00,  0.000000000000000e+00,  5.892291728456042e-03, -6.507767712906295e-03, -4.921726872345518e-03,  6.542974252526572e-03, -1.200542389906063e-02, -7.637162386725693e-03,  6.868315517026979e-03, -1.289962098940057e-02, -9.461595623093715e-03,  6.470676198304580e-03, -1.200542389877258e-02, -9.334309583274381e-03,  5.928440759851892e-03, -7.799385732640400e-03, -7.425018986593263e-03,  4.446330567250550e-03, -3.985248761230867e-03, -3.648866473563907e-03, -4.872060325086596e-02, -2.110112757272973e-02
  2.990000000000000e+00,  1.649279369308472e+00,  9.244828739963397e-01, -3.052681899352235e-01, -8.002811146164995e-02,  6.425861208863501e-02,  1.522949331788662e-01, -1.301042606982605e-17,  1.127570259384924e-17,  0.000000000000000e+00,  1.539456395926149e-02, -1.739412045597662e-02, -7.443450812971455e-02,  2.386157414349642e-02, -1.887068335873154e-02, -7.623898105454646e-02,  2.655562283959927e-02, -1.844132818794494e-02, -7.308115343677880e-02,  2.398986217836867e-02, -1.773969900720170e-02, -6.721661643223596e-02,  2.129581348526236e-02, -1.704854190393513e-02, -5.638977888557566e-02,  1.706230839742420e-02, -1.521592837080674e-02, -3.969840433494320e-02,  0.000000000000000e+00,  0.000000000000000e+00,  0.000000000000000e+00,  0.000000000000000e+00,  0.000000000000000e+00,  0.000000000000000e+00,  0.000000000000000e+00,  0.000000000000000e+00,  0.000000000000000e+00,  0.000000000000000e+00,  0.000000000000000e+00,  0.000000000000000e+00,  0.000000000000000e+00,  0.000000000000000e+00,  0.000000000000000e+00,  0.000000000000000e+00,  0.000000000000000e+00,  0.000000000000000e+00,  0.000000000000000e+00,  0.000000000000000e+00,  0.000000000000000e+00,  0.000000000000000e+00,  0.000000000000000e+00,  0.000000000000000e+00,  0.000000000000000e+00,  0.000000000000000e+00,  0.000000000000000e+00,  0.000000000000000e+00,  0.000000000000000e+00,  0.000000000000000e+00,  0.000000000000000e+00,  0.000000000000000e+00,  0.000000000000000e+00,  5.526250251770281e-03, -6.577204504204359e-03, -5.062742580432829e-03,  6.136511017237751e-03, -1.213351976120970e-02, -7.855979864526387e-03,  6.441641402173434e-03, -1.303725778478481e-02, -9.732686164974354e-03,  6.068704268919428e-03, -1.213351976098253e-02, -9.601753167162811e-03,  5.560153629367313e-03, -7.882603872125709e-03, -7.637758201007021e-03,  4.170115219850775e-03, -4.027770698187750e-03, -3.753412601759033e-03, -4.925798966914889e-02, -2.167244305185995e-02
  3.000000000000000e+00,  1.660843115847739e+00,  9.267943558490233e-01, -3.048969279144048e-01, -8.085789483169453e-02,  6.265448339610487e-02,  1.538269963021398e-01,  0.000000000000000e+00, -2.602085213965211e-18,  0.000000000000000e+00,  1.552498110848261e-02, -1.627752544650632e-02, -7.483754862131282e-02,  2.406372072303663e-02, -1.765930213808781e-02, -7.665179222492619e-02,  2.678059241950741e-02, -1.725750891493833e-02, -7.347686591981910e-02,  2.419309556709100e-02, -1.660091999025480e-02, -6.758057420999587e-02,  2.147622387293098e-02, -1.595413090049415e-02, -5.669511259193896e-02,  1.720685406903858e-02, -1.423915982779123e-02, -3.991335926442702e-02,  0.000000000000000e+00,  0.000000000000000e+00,  0.000000000000000e+00,  0.000000000000000e+00,  0.000000000000000e+00,  0.000000000000000e+00,  0.000000000000000e+00,  0.000000000000000e+00,  0.000000000000000e+00,  0.000000000000000e+00,  0.000000000000000e+00,  0.000000000000000e+00,  0.000000000000000e+00,  0.000000000000000e+00,  0.000000000000000e+00,  0.000000000000000e+00,  0.000000000000000e+00,  0.000000000000000e+00,  0.000000000000000e+00,  0.000000000000000e+00,  0.000000000000000e+00,  0.000000000000000e+00,  0.000000000000000e+00,  0.000000000000000e+00,  0.000000000000000e+00,  0.000000000000000e+00,  0.000000000000000e+00,  0.000000000000000e+00,  0.000000000000000e+00,  0.000000000000000e+00,  0.000000000000000e+00,  0.000000000000000e+00,  0.000000000000000e+00,  5.165440522662392e-03, -6.635334572165292e-03, -5.200713531487032e-03,  5.735857268474472e-03, -1.224075716429800e-02, -8.070072719462550e-03,  6.021065643299352e-03, -1.315248252554002e-02, -9.997923424125357e-03,  5.672477632790601e-03, -1.224075716413590e-02, -9.863422212044365e-03,  5.197130343024371e-03, -7.952271205797059e-03, -7.845904032106043e-03,  3.897847755605131e-03, -4.063368585755901e-03, -3.855701410116460e-03, -4.971114952768623e-02, -2.223015700718123e-02
  3.010000000000000e+00,  1.672313767411540e+00,  9.290310454728904e-01, -3.045737584629194e-01, -8.087541775619723e-02,  6.047860238497828e-02,  1.554759615128424e-01,  0.000000000000000e+00, -1.734723475976807e-18,  0.000000000000000e+00,  1.552603974801496e-02, -1.514083942247940e-02, -7.526751953667594e-02,  2.406536161255830e-02, -1.642612440438868e-02, -7.709218667780195e-02,  2.678241857019404e-02, -1.605238905399172e-02, -7.389901918251174e-02,  2.419474527820479e-02, -1.544165079956132e-02, -6.796885097643068e-02,  2.147768832218144e-02, -1.484002804175843e-02, -5.702084813442620e-02,  1.720802739238265e-02, -1.324481618296053e-02, -4.014267708652987e-02,  0.000000000000000e+00,  0.000000000000000e+00,  0.000000000000000e+00,  0.000000000000000e+00,  0.000000000000000e+00,  0.000000000000000e+00,  0.000000000000000e+00,  0.000000000000000e+00,  0.000000000000000e+00,  0.000000000000000e+00,  0.000000000000000e+00,  0.000000000000000e+00,  0.000000000000000e+00,  0.000000000000000e+00,  0.000000000000000e+00,  0.000000000000000e+00,  0.000000000000000e+00,  0.000000000000000e+00,  0.000000000000000e+00,  0.000000000000000e+00,  0.000000000000000e+00,  0.000000000000000e+00,  0.000000000000000e+00,  0.000000000000000e+00,  0.000000000000000e+00,  0.000000000000000e+00,  0.000000000000000e+00,  0.000000000000000e+00,  0.000000000000000e+00,  0.000000000000000e+00,  0.000000000000000e+00,  0.000000000000000e+00,  0.000000000000000e+00,  4.805332792567106e-03, -6.679096144590973e-03, -5.335294686283839e-03,  5.335983040046903e-03, -1.232148780083359e-02, -8.278905545870383e-03,  5.601308165406729e-03, -1.323922620265005e-02, -1.025664409242910e-02,  5.277021903474947e-03, -1.232148780073988e-02, -1.011866233323283e-02,  4.834813362399076e-03, -8.004718281475894e-03, -8.048935946615817e-03,  3.626110020687967e-03, -4.090167445538590e-03, -3.955477093707778e-03, -5.005724362402696e-02, -2.277248842073279e-02
  3.020000000000000e+00,  1.683699714178384e+00,  9.311682852397848e-01, -3.042883716178003e-01, -8.019267808674325e-02,  5.776911370760465e-02,  1.571998115809878e-01,  0.000000000000000e+00,  3.469446951953614e-18,  0.000000000000000e+00,  1.541297409413570e-02, -1.399961064941682e-02, -7.571984199590721e-02,  2.389010984731194e-02, -1.518801829397914e-02, -7.755547453012676e-02,  2.658738031476614e-02, -1.484245294922506e-02, -7.434311759731418e-02,  2.401855129876161e-02, -1.427774860658226e-02, -6.837731186422437e-02,  2.132128083221350e-02, -1.372147268731735e-02, -5.736351666460574e-02,  1.708271295718384e-02, -1.224649865835818e-02, -4.038391573194276e-02,  0.000000000000000e+00,  0.000000000000000e+00,  0.000000000000000e+00,  0.000000000000000e+00,  0.000000000000000e+00,  0.000000000000000e+00,  0.000000000000000e+00,  0.000000000000000e+00,  0.000000000000000e+00,  0.000000000000000e+00,  0.000000000000000e+00,  0.000000000000000e+00,  0.000000000000000e+00,  0.000000000000000e+00,  0.000000000000000e+00,  0.000000000000000e+00,  0.000000000000000e+00,  0.000000000000000e+00,  0.000000000000000e+00,  0.000000000000000e+00,  0.000000000000000e+00,  0.000000000000000e+00,  0.000000000000000e+00,  0.000000000000000e+00,  0.000000000000000e+00,  0.000000000000000e+00,  0.000000000000000e+00,  0.000000000000000e+00,  0.000000000000000e+00,  0.000000000000000e+00,  0.000000000000000e+00,  0.000000000000000e+00,  0.000000000000000e+00,  4.442796477120511e-03, -6.706423068441898e-03, -5.464724132042032e-03,  4.933412038900587e-03, -1.237190006533213e-02, -8.479744341175951e-03,  5.178719821102146e-03, -1.329339331173843e-02, -1.050546104448206e-02,  4.878899200010413e-03, -1.237190006530910e-02, -1.036413197203621e-02,  4.470052897102992e-03, -8.037468869942360e-03, -8.244195886487258e-03,  3.352539672295670e-03, -4.106901999758105e-03, -4.051433406860986e-03, -5.028093460759637e-02, -2.329188366174630e-02
  3.030000000000000e+00,  1.695006952640350e+00,  9.331839602696789e-01, -3.040310519024116e-01, -7.894002192187180e-02,  5.458024869258084e-02,  1.589722242124014e-01,  0.000000000000000e+00,  8.673617379884035e-19,  0.000000000000000e+00,  1.520364762340348e-02, -1.286654767949536e-02, -7.619437674961421e-02,  2.356565381599483e-02, -1.395877117050752e-02, -7.804151315676516e-02,  2.622629215033239e-02, -1.364117426733393e-02, -7.480902444663669e-02,  2.369235087976791e-02, -1.312217445128771e-02, -6.880583112694576e-02,  2.103171254563286e-02, -1.261092090156188e-02, -5.772301269049622e-02,  1.685070944999742e-02, -1.125532436796710e-02, -4.063700093430077e-02,  0.000000000000000e+00,  0.000000000000000e+00,  0.000000000000000e+00,  0.000000000000000e+00,  0.000000000000000e+00,  0.000000000000000e+00,  0.000000000000000e+00,  0.000000000000000e+00,  0.000000000000000e+00,  0.000000000000000e+00,  0.000000000000000e+00,  0.000000000000000e+00,  0.000000000000000e+00,  0.000000000000000e+00,  0.000000000000000e+00,  0.000000000000000e+00,  0.000000000000000e+00,  0.000000000000000e+00,  0.000000000000000e+00,  0.000000000000000e+00,  0.000000000000000e+00,  0.000000000000000e+00,  0.000000000000000e+00,  0.000000000000000e+00,  0.000000000000000e+00,  0.000000000000000e+00,  0.000000000000000e+00,  0.000000000000000e+00,  0.000000000000000e+00,  0.000000000000000e+00,  0.000000000000000e+00,  0.000000000000000e+00,  0.000000000000000e+00,  4.077161644218324e-03, -6.716327957811888e-03, -5.586177010231804e-03,  4.527400352713809e-03, -1.239017244434808e-02, -8.668205704214376e-03,  4.752519707962826e-03, -1.331302666801232e-02, -1.073894373328669e-02,  4.477373830117868e-03, -1.239017244439648e-02, -1.059447363814479e-02,  4.102174905036043e-03, -8.049339615563157e-03, -8.427422211702942e-03,  3.076631178838126e-03, -4.112967589694320e-03, -4.141476057912922e-03, -5.037488286012430e-02, -2.377657201282258e-02
  3.040000000000000e+00,  1.706239850388793e+00,  9.350593484719718e-01, -3.037926583294531e-01, -7.725270344814952e-02,  5.097456981899364e-02,  1.607832270004224e-01,  0.000000000000000e+00, -2.602085213965211e-18,  0.000000000000000e+00,  1.491631535889524e-02, -1.175117912329149e-02, -7.669495049417147e-02,  2.312028880440623e-02, -1.274872051516071e-02, -7.855422202249049e-02,  2.573064399174467e-02, -1.245865528599264e-02, -7.530049685055629e-02,  2.324459143222273e-02, -1.198464625439577e-02, -6.925786438737987e-02,  2.063423624439850e-02, -1.151771198492607e-02, -5.810223522449674e-02,  1.653224952143929e-02, -1.027962869479390e-02, -4.090397359832763e-02,  0.000000000000000e+00,  0.000000000000000e+00,  0.000000000000000e+00,  0.000000000000000e+00,  0.000000000000000e+00,  0.000000000000000e+00,  0.000000000000000e+00,  0.000000000000000e+00,  0.000000000000000e+00,  0.000000000000000e+00,  0.000000000000000e+00,  0.000000000000000e+00,  0.000000000000000e+00,  0.000000000000000e+00,  0.000000000000000e+00,  0.000000000000000e+00,  0.000000000000000e+00,  0.000000000000000e+00,  0.000000000000000e+00,  0.000000000000000e+00,  0.000000000000000e+00,  0.000000000000000e+00,  0.000000000000000e+00,  0.000000000000000e+00,  0.000000000000000e+00,  0.000000000000000e+00,  0.000000000000000e+00,  0.000000000000000e+00,  0.000000000000000e+00,  0.000000000000000e+00,  0.000000000000000e+00,  0.000000000000000e+00,  0.000000000000000e+00,  3.710713346158555e-03, -6.708801025070095e-03, -5.696420053247690e-03,  4.120485370864023e-03, -1.237628688181452e-02, -8.839272495584556e-03,  4.325371383913059e-03, -1.329810687053763e-02, -1.095087648058012e-02,  4.074955145740237e-03, -1.237628688193388e-02, -1.080355527228594e-02,  3.733478457239022e-03, -8.040318788118750e-03, -8.593737147844057e-03,  2.800108843579956e-03, -4.108358221558981e-03, -4.223207969154992e-03, -5.033888251614432e-02, -2.421333228039929e-02
  3.050000000000000e+00,  1.717402229830066e+00,  9.367796743853107e-01, -3.035646951027778e-01, -7.525780394781452e-02,  4.701387153458078e-02,  1.626378078527003e-01,  0.000000000000000e+00, -8.673617379884034e-19,  0.000000000000000e+00,  1.456758585095287e-02, -1.065983478860527e-02, -7.722832473968777e-02,  2.257975806559569e-02, -1.156473346438908e-02, -7.910052655281150e-02,  2.512908558837302e-02, -1.130160689714648e-02, -7.582417338263914e-02,  2.270115461376963e-02, -1.087161958147001e-02, -6.973951749405577e-02,  2.015182708984438e-02, -1.044804998743444e-02, -5.850630662275609e-02,  1.614574098150240e-02, -9.324948791595988e-03, -4.118843986275222e-02,  0.000000000000000e+00,  0.000000000000000e+00,  0.000000000000000e+00,  0.000000000000000e+00,  0.000000000000000e+00,  0.000000000000000e+00,  0.000000000000000e+00,  0.000000000000000e+00,  0.000000000000000e+00,  0.000000000000000e+00,  0.000000000000000e+00,  0.000000000000000e+00,  0.000000000000000e+00,  0.000000000000000e+00,  0.000000000000000e+00,  0.000000000000000e+00,  0.000000000000000e+00,  0.000000000000000e+00,  0.000000000000000e+00,  0.000000000000000e+00,  0.000000000000000e+00,  0.000000000000000e+00,  0.000000000000000e+00,  0.000000000000000e+00,  0.000000000000000e+00,  0.000000000000000e+00,  0.000000000000000e+00,  0.000000000000000e+00,  0.000000000000000e+00,  0.000000000000000e+00,  0.000000000000000e+00,  0.000000000000000e+00,  0.000000000000000e+00,  3.348433927529542e-03, -6.684573744774944e-03, -5.792556484185398e-03,  3.718199635515480e-03, -1.233159279008108e-02, -8.988449716615705e-03,  3.903082489911227e-03, -1.325008383961740e-02, -1.113569048244373e-02,  3.677114555993340e-03, -1.233159279026920e-02, -1.098588298718298e-02,  3.368976464845942e-03, -8.011283040319858e-03, -8.738770557308062e-03,  2.526732349857465e-03, -4.093521838206667e-03, -4.294481530117245e-03, -5.017804695717862e-02, -2.459057619938803e-02
  3.060000000000000e+00,  1.728497826874157e+00,  9.383337286828494e-01, -3.033397468488218e-01, -7.306385418163802e-02,  4.275441296657479e-02,  1.645444477899716e-01,  0.000000000000000e+00,  0.000000000000000e+00,  0.000000000000000e+00,  1.417104347852515e-02, -9.596347382282563e-03, -7.780114213648408e-02,  2.196511738694353e-02, -1.041096807823056e-02, -7.968723043200099e-02,  2.444504999391992e-02, -1.017409255458129e-02, -7.638657591775400e-02,  2.208320941495364e-02, -9.787003285840062e-03, -7.025678896151719e-02,  1.960327680620092e-02, -9.405691469430572e-03, -5.894025919613717e-02,  1.570623985020831e-02, -8.394637411555812e-03, -4.149394247442632e-02,  0.000000000000000e+00,  0.000000000000000e+00,  0.000000000000000e+00,  0.000000000000000e+00,  0.000000000000000e+00,  0.000000000000000e+00,  0.000000000000000e+00,  0.000000000000000e+00,  0.000000000000000e+00,  0.000000000000000e+00,  0.000000000000000e+00,  0.000000000000000e+00,  0.000000000000000e+00,  0.000000000000000e+00,  0.000000000000000e+00,  0.000000000000000e+00,  0.000000000000000e+00,  0.000000000000000e+00,  0.000000000000000e+00,  0.000000000000000e+00,  0.000000000000000e+00,  0.000000000000000e+00,  0.000000000000000e+00,  0.000000000000000e+00,  0.000000000000000e+00,  0.000000000000000e+00,  0.000000000000000e+00,  0.000000000000000e+00,  0.000000000000000e+00,  0.000000000000000e+00,  0.000000000000000e+00,  0.000000000000000e+00,  0.000000000000000e+00,  2.997152709552070e-03, -6.644831250369947e-03, -5.872678370690147e-03,  3.328126626071547e-03, -1.225827648402117e-02, -9.112776782587642e-03,  3.493613584456122e-03, -1.317130673288718e-02, -1.128971790335275e-02,  3.291351744938317e-03, -1.225827648427490e-02, -1.113783829038725e-02,  3.015540146763942e-03, -7.963652722930871e-03, -8.859644093832034e-03,  2.261655111840312e-03, -4.069184195652405e-03, -4.353882239216140e-03, -4.990068208145287e-02, -2.490099802567707e-02
  3.070000000000000e+00,  1.739530458165866e+00,  9.397128654945950e-01, -3.031120908294362e-01, -7.075496493569172e-02,  3.824824466724732e-02,  1.664985739780377e-01,  0.000000000000000e+00,  8.673617379884034e-19,  0.000000000000000e+00,  1.373668783673324e-02, -8.563391881668629e-03, -7.841587628122441e-02,  2.129186614089202e-02, -9.290326409162844e-03, -8.031686722270719e-02,  2.369578650997746e-02, -9.078948281832151e-03, -7.699013307808919e-02,  2.140633853818227e-02, -8.733525490088561e-03, -7.081191252252310e-02,  1.900241816673143e-02, -8.393258263006605e-03, -5.940596688152404e-02,  1.522482901216246e-02, -7.491034555920286e-03, -4.182180068492183e-02,  0.000000000000000e+00,  0.000000000000000e+00,  0.000000000000000e+00,  0.000000000000000e+00,  0.000000000000000e+00,  0.000000000000000e+00,  0.000000000000000e+00,  0.000000000000000e+00,  0.000000000000000e+00,  0.000000000000000e+00,  0.000000000000000e+00,  0.000000000000000e+00,  0.000000000000000e+00,  0.000000000000000e+00,  0.000000000000000e+00,  0.000000000000000e+00,  0.000000000000000e+00,  0.000000000000000e+00,  0.000000000000000e+00,  0.000000000000000e+00,  0.000000000000000e+00,  0.000000000000000e+00,  0.000000000000000e+00,  0.000000000000000e+00,  0.000000000000000e+00,  0.000000000000000e+00,  0.000000000000000e+00,  0.000000000000000e+00,  0.000000000000000e+00,  0.000000000000000e+00,  0.000000000000000e+00,  0.000000000000000e+00,  0.000000000000000e+00,  2.664428809572743e-03, -6.590944856066192e-03, -5.936329431958621e-03,  2.958660209040960e-03, -1.215886774175596e-02, -9.211545671534843e-03,  3.105775908639941e-03, -1.306449375332058e-02, -1.141208158274943e-02,  2.925967829183854e-03, -1.215886774207106e-02, -1.125855582170489e-02,  2.680774995298972e-03, -7.899071319392577e-03, -8.955669402718608e-03,  2.010581248750676e-03, -4.036185063919067e-03, -4.401071819293952e-03, -4.951636384757146e-02, -2.514341314731077e-02
  3.080000000000000e+00,  1.750504553425603e+00,  9.409104209776202e-01, -3.028780498461331e-01, -6.838925062746495e-02,  3.354675721915357e-02,  1.684765869986731e-01,  0.000000000000000e+00,  0.000000000000000e+00,  0.000000000000000e+00,  1.327098124776793e-02, -7.564142533632350e-03, -7.906915013972945e-02,  2.057002092683570e-02, -8.206252161490266e-03, -8.098597802325998e-02,  2.289244264232415e-02, -8.019539430329401e-03, -7.763152923009602e-02,  2.068061243553885e-02, -7.714423505585270e-03, -7.140183861288814e-02,  1.835819071713750e-02, -7.413861550516897e-03, -5.990087131970643e-02,  1.470867087446313e-02, -6.616916974050714e-03, -4.217021340936165e-02,  0.000000000000000e+00,  0.000000000000000e+00,  0.000000000000000e+00,  0.000000000000000e+00,  0.000000000000000e+00,  0.000000000000000e+00,  0.000000000000000e+00,  0.000000000000000e+00,  0.000000000000000e+00,  0.000000000000000e+00,  0.000000000000000e+00,  0.000000000000000e+00,  0.000000000000000e+00,  0.000000000000000e+00,  0.000000000000000e+00,  0.000000000000000e+00,  0.000000000000000e+00,  0.000000000000000e+00,  0.000000000000000e+00,  0.000000000000000e+00,  0.000000000000000e+00,  0.000000000000000e+00,  0.000000000000000e+00,  0.000000000000000e+00,  0.000000000000000e+00,  0.000000000000000e+00,  0.000000000000000e+00,  0.000000000000000e+00,  0.000000000000000e+00,  0.000000000000000e+00,  0.000000000000000e+00,  0.000000000000000e+00,  0.000000000000000e+00,  2.357186604919207e-03, -6.524119593955108e-03, -5.984702668153331e-03,  2.617489416919048e-03, -1.203558958686080e-02, -9.286607590582922e-03,  2.747640822542132e-03, -1.293203350142130e-02, -1.150507496056539e-02,  2.588566879541687e-03, -1.203558958723290e-02, -1.135029816761232e-02,  2.371647868622328e-03, -7.818983028469338e-03, -9.028646268665928e-03,  1.778735904214738e-03, -3.995262384625439e-03, -4.436934735978689e-03, -4.903341642393259e-02, -2.532347099665058e-02
  3.090000000000000e+00,  1.761425606694584e+00,  9.419218046901677e-01, -3.026359001420106e-01, -6.599992211697085e-02,  2.870201851370088e-02,  1.704437618439100e-01,  0.000000000000000e+00, -1.734723475976807e-18,  0.000000000000000e+00,  1.277719997725674e-02, -6.603790954482899e-03, -7.975339448793381e-02,  1.980465995647824e-02, -7.164377660667203e-03, -8.168681011325789e-02,  2.204066994914108e-02, -7.001370176055364e-03, -7.830333277197431e-02,  1.991113662093891e-02, -6.734992093323938e-03, -7.201973199392304e-02,  1.767512662485120e-02, -6.472589803563653e-03, -6.041923825004340e-02,  1.416139663149341e-02, -5.776826158107570e-03, -4.253514372825944e-02,  0.000000000000000e+00,  0.000000000000000e+00,  0.000000000000000e+00,  0.000000000000000e+00,  0.000000000000000e+00,  0.000000000000000e+00,  0.000000000000000e+00,  0.000000000000000e+00,  0.000000000000000e+00,  0.000000000000000e+00,  0.000000000000000e+00,  0.000000000000000e+00,  0.000000000000000e+00,  0.000000000000000e+00,  0.000000000000000e+00,  0.000000000000000e+00,  0.000000000000000e+00,  0.000000000000000e+00,  0.000000000000000e+00,  0.000000000000000e+00,  0.000000000000000e+00,  0.000000000000000e+00,  0.000000000000000e+00,  0.000000000000000e+00,  0.000000000000000e+00,  0.000000000000000e+00,  0.000000000000000e+00,  0.000000000000000e+00,  0.000000000000000e+00,  0.000000000000000e+00,  0.000000000000000e+00,  0.000000000000000e+00,  0.000000000000000e+00,  2.080212660160956e-03, -6.444854561364792e-03, -6.020487454001868e-03,  2.309929391952922e-03, -1.188936274595922e-02, -9.342135707404288e-03,  2.424787757246369e-03, -1.277491528207259e-02, -1.157386812785881e-02,  2.284405307399562e-03, -1.188936274638503e-02, -1.141816586637280e-02,  2.092974696723900e-03, -7.723986004976415e-03, -9.082631938019461e-03,  1.569731025729688e-03, -3.946721796679905e-03, -4.463464836045342e-03, -4.845499766137411e-02, -2.545289493608778e-02
  3.100000000000000e+00,  1.772300214397648e+00,  9.427447745032547e-01, -3.023855336187835e-01, -6.359866942313819e-02,  2.376455843800078e-02,  1.723662625931789e-01,  0.000000000000000e+00, -1.734723475976807e-18,  0.000000000000000e+00,  1.225606509601048e-02, -5.689932018057900e-03, -8.045971709648128e-02,  1.899690088953403e-02, -6.172942498893114e-03, -8.241025569415249e-02,  2.114171227751668e-02, -6.032492639905448e-03, -7.899681315127274e-02,  1.909903476301142e-02, -5.802977018658582e-03, -7.265756271306541e-02,  1.695422337111071e-02, -5.576887004431528e-03, -6.095433113515290e-02,  1.358380547001721e-02, -4.977405908004234e-03, -4.291184911930038e-02,  0.000000000000000e+00,  0.000000000000000e+00,  0.000000000000000e+00,  0.000000000000000e+00,  0.000000000000000e+00,  0.000000000000000e+00,  0.000000000000000e+00,  0.000000000000000e+00,  0.000000000000000e+00,  0.000000000000000e+00,  0.000000000000000e+00,  0.000000000000000e+00,  0.000000000000000e+00,  0.000000000000000e+00,  0.000000000000000e+00,  0.000000000000000e+00,  0.000000000000000e+00,  0.000000000000000e+00,  0.000000000000000e+00,  0.000000000000000e+00,  0.000000000000000e+00,  0.000000000000000e+00,  0.000000000000000e+00,  0.000000000000000e+00,  0.000000000000000e+00,  0.000000000000000e+00,  0.000000000000000e+00,  0.000000000000000e+00,  0.000000000000000e+00,  0.000000000000000e+00,  0.000000000000000e+00,  0.000000000000000e+00,  0.000000000000000e+00,  1.835134223485287e-03, -6.352534497595205e-03, -6.047428303132363e-03,  2.037787078436937e-03, -1.171905219613634e-02, -9.383940474190900e-03,  2.139113505094889e-03, -1.259191953272387e-02, -1.162565958929450e-02,  2.015270090803436e-03, -1.171905219661524e-02, -1.146926058178152e-02,  1.846392710894602e-03, -7.613342875409553e-03, -9.123275461522477e-03,  1.384794536775510e-03, -3.890186524663080e-03, -4.483438224425160e-03, -4.777613051406018e-02, -2.554756399514048e-02
  3.110000000000000e+00,  1.783136206133193e+00,  9.433794744825759e-01, -3.021282720471866e-01, -6.118316659395591e-02,  1.878003955692613e-02,  1.742184144429487e-01,  0.000000000000000e+00,  0.000000000000000e+00,  0.000000000000000e+00,  1.170699266164210e-02, -4.830331529361883e-03, -8.117963464871804e-02,  1.814583861525812e-02, -5.240371709645022e-03, -8.314762579313281e-02,  2.019456232676905e-02, -5.121140164799897e-03, -7.970364129346499e-02,  1.824339688481413e-02, -4.926298374092477e-03, -7.330767007831228e-02,  1.619467316889299e-02, -4.734364670588222e-03, -6.149972321999933e-02,  1.297525018716875e-02, -4.225449549835010e-03, -4.329580514694113e-02,  0.000000000000000e+00,  0.000000000000000e+00,  0.000000000000000e+00,  0.000000000000000e+00,  0.000000000000000e+00,  0.000000000000000e+00,  0.000000000000000e+00,  0.000000000000000e+00,  0.000000000000000e+00,  0.000000000000000e+00,  0.000000000000000e+00,  0.000000000000000e+00,  0.000000000000000e+00,  0.000000000000000e+00,  0.000000000000000e+00,  0.000000000000000e+00,  0.000000000000000e+00,  0.000000000000000e+00,  0.000000000000000e+00,  0.000000000000000e+00,  0.000000000000000e+00,  0.000000000000000e+00,  0.000000000000000e+00,  0.000000000000000e+00,  0.000000000000000e+00,  0.000000000000000e+00,  0.000000000000000e+00,  0.000000000000000e+00,  0.000000000000000e+00,  0.000000000000000e+00,  0.000000000000000e+00,  0.000000000000000e+00,  0.000000000000000e+00,  1.620846186352186e-03, -6.245948911926626e-03, -6.069822085354996e-03,  1.799835331295620e-03, -1.152242484383175e-02, -9.418689447560216e-03,  1.889329902739848e-03, -1.238064683284804e-02, -1.166870970668727e-02,  1.779947644281204e-03, -1.152242484436589e-02, -1.151173154971180e-02,  1.630790022775964e-03, -7.485602898989520e-03, -9.157059185888914e-03,  1.223092521093294e-03, -3.824915284187554e-03, -4.500040511496716e-03, -4.698760381025798e-02, -2.562546044812294e-02
  3.120000000000000e+00,  1.793943037597410e+00,  9.438281091004708e-01, -3.018669249221002e-01, -5.874843457356128e-02,  1.378669663029932e-02,  1.759825293262246e-01,  0.000000000000000e+00, -8.673617379884037e-19,  0.000000000000000e+00,  1.112991028088950e-02, -4.028022324342361e-03, -8.190497506264137e-02,  1.725136092408453e-02, -4.369955582126750e-03, -8.389055021712193e-02,  1.919909521850782e-02, -4.270528177643960e-03, -8.041579369986580e-02,  1.734411017350287e-02, -4.108049250583806e-03, -7.396267445198705e-02,  1.539637587417761e-02, -3.947995382956301e-03, -6.204922353338130e-02,  1.233565054707940e-02, -3.523610130335226e-03, -4.368265336745987e-02,  0.000000000000000e+00,  0.000000000000000e+00,  0.000000000000000e+00,  0.000000000000000e+00,  0.000000000000000e+00,  0.000000000000000e+00,  0.000000000000000e+00,  0.000000000000000e+00,  0.000000000000000e+00,  0.000000000000000e+00,  0.000000000000000e+00,  0.000000000000000e+00,  0.000000000000000e+00,  0.000000000000000e+00,  0.000000000000000e+00,  0.000000000000000e+00,  0.000000000000000e+00,  0.000000000000000e+00,  0.000000000000000e+00,  0.000000000000000e+00,  0.000000000000000e+00,  0.000000000000000e+00,  0.000000000000000e+00,  0.000000000000000e+00,  0.000000000000000e+00,  0.000000000000000e+00,  0.000000000000000e+00,  0.000000000000000e+00,  0.000000000000000e+00,  0.000000000000000e+00,  0.000000000000000e+00,  0.000000000000000e+00,  0.000000000000000e+00,  1.435620282870117e-03, -6.124918680528835e-03, -6.092074515341397e-03,  1.594155033195746e-03, -1.129915024432215e-02, -9.453219081298493e-03,  1.673422407130800e-03, -1.214074212528758e-02, -1.171148808666765e-02,  1.576540056223498e-03, -1.129915024491358e-02, -1.155393443589486e-02,  1.444427763625178e-03, -7.340551400592805e-03, -9.190629663405364e-03,  1.083320827119141e-03, -3.750798382798621e-03, -4.516538002957442e-03, -4.608808450197570e-02, -2.570498392481257e-02
  3.130000000000000e+00,  1.804731604549885e+00,  9.440945322630487e-01, -3.016055477185466e-01, -5.629753759693850e-02,  8.813361617396924e-03,  1.776464100616511e-01,  0.000000000000000e+00,  0.000000000000000e+00,  0.000000000000000e+00,  1.052677711689028e-02, -3.278410707481463e-03, -8.262768117516724e-02,  1.631650451890948e-02, -3.556710468338477e-03, -8.463077647787569e-02,  1.815869050919389e-02, -3.475786420877051e-03, -8.112535970127759e-02,  1.640422765834409e-02, -3.343544687145607e-03, -7.461529997168875e-02,  1.456204166268609e-02, -3.213276711503061e-03, -6.259672816389809e-02,  1.166717795561620e-02, -2.867869203049300e-03, -4.406809662724093e-02,  0.000000000000000e+00,  0.000000000000000e+00,  0.000000000000000e+00,  0.000000000000000e+00,  0.000000000000000e+00,  0.000000000000000e+00,  0.000000000000000e+00,  0.000000000000000e+00,  0.000000000000000e+00,  0.000000000000000e+00,  0.000000000000000e+00,  0.000000000000000e+00,  0.000000000000000e+00,  0.000000000000000e+00,  0.000000000000000e+00,  0.000000000000000e+00,  0.000000000000000e+00,  0.000000000000000e+00,  0.000000000000000e+00,  0.000000000000000e+00,  0.000000000000000e+00,  0.000000000000000e+00,  0.000000000000000e+00,  0.000000000000000e+00,  0.000000000000000e+00,  0.000000000000000e+00,  0.000000000000000e+00,  0.000000000000000e+00,  0.000000000000000e+00,  0.000000000000000e+00,  0.000000000000000e+00,  0.000000000000000e+00,  0.000000000000000e+00,  1.278702283458280e-03, -5.991287198935805e-03, -6.118228576015908e-03,  1.419908665421780e-03, -1.105262906366361e-02, -9.493802969543311e-03,  1.490511854996382e-03, -1.187585936708566e-02, -1.176176701528335e-02,  1.404219062290198e-03, -1.105262906431150e-02, -1.160353696647121e-02,  1.286547076710806e-03, -7.180397640509527e-03, -9.230086221687353e-03,  9.649103122817774e-04, -3.668964685271820e-03, -4.535928082680478e-03, -4.509146669197835e-02, -2.580307712201138e-02
  3.140000000000000e+00,  1.815512951534137e+00,  9.441839605276680e-01, -3.013485996737590e-01, -5.384789728499233e-02,  3.878939339009566e-03,  1.792035307248033e-01,  1.626303258728256e-19,  1.734723475976807e-18,  0.000000000000000e+00,  9.902153720655001e-03, -2.572349348301440e-03, -8.334088544779611e-02,  1.534833825383196e-02, -2.790712533528696e-03, -8.536127055111618e-02,  1.708121514936808e-02, -2.727216851772542e-03, -8.182559662354719e-02,  1.543085619803870e-02, -2.623455618264117e-03, -7.525934504206475e-02,  1.369797929669613e-02, -2.521243060806013e-03, -6.313703443089694e-02,  1.097488702353653e-02, -2.250224918995556e-03, -4.444847223911717e-02,  0.000000000000000e+00,  0.000000000000000e+00,  0.000000000000000e+00,  0.000000000000000e+00,  0.000000000000000e+00,  0.000000000000000e+00,  0.000000000000000e+00,  0.000000000000000e+00,  0.000000000000000e+00,  0.000000000000000e+00,  0.000000000000000e+00,  0.000000000000000e+00,  0.000000000000000e+00,  0.000000000000000e+00,  0.000000000000000e+00,  0.000000000000000e+00,  0.000000000000000e+00,  0.000000000000000e+00,  0.000000000000000e+00,  0.000000000000000e+00,  0.000000000000000e+00,  0.000000000000000e+00,  0.000000000000000e+00,  0.000000000000000e+00,  0.000000000000000e+00,  0.000000000000000e+00,  0.000000000000000e+00,  0.000000000000000e+00,  0.000000000000000e+00,  0.000000000000000e+00,  0.000000000000000e+00,  0.000000000000000e+00,  0.000000000000000e+00,  1.149448988786270e-03, -5.847909655555785e-03, -6.151456940124895e-03,  1.276382000513729e-03, -1.078812850692832e-02, -9.545364225112665e-03,  1.339848504821726e-03, -1.159165807927657e-02, -1.182564568227708e-02,  1.262278327058178e-03, -1.078812850762883e-02, -1.166655627929625e-02,  1.156500816714762e-03, -7.008563485756463e-03, -9.280215220399290e-03,  8.673756175740011e-04, -3.581162661518388e-03, -4.560562904577006e-03, -4.401929995550560e-02, -2.593300857407209e-02
  3.150000000000000e+00,  1.826296848412294e+00,  9.441025611456564e-01, -3.011001860960653e-01, -5.143233065295703e-02, -1.005504618070499e-03,  1.806527583382816e-01,  0.000000000000000e+00,  0.000000000000000e+00,  0.000000000000000e+00,  9.262930192033666e-03, -1.901365324543978e-03, -8.403979105919666e-02,  1.435754178362221e-02, -2.062769600748693e-03, -8.607711932893454e-02,  1.597855456127607e-02, -2.015836438361521e-03, -8.251179486028017e-02,  1.443473286485666e-02, -1.939140785476089e-03, -7.589047798810548e-02,  1.281372008100566e-02, -1.863589844811558e-03, -6.366650837884073e-02,  1.026641427818337e-02, -1.663265384111882e-03, -4.482122189839861e-02,  0.000000000000000e+00,  0.000000000000000e+00,  0.000000000000000e+00,  0.000000000000000e+00,  0.000000000000000e+00,  0.000000000000000e+00,  0.000000000000000e+00,  0.000000000000000e+00,  0.000000000000000e+00,  0.000000000000000e+00,  0.000000000000000e+00,  0.000000000000000e+00,  0.000000000000000e+00,  0.000000000000000e+00,  0.000000000000000e+00,  0.000000000000000e+00,  0.000000000000000e+00,  0.000000000000000e+00,  0.000000000000000e+00,  0.000000000000000e+00,  0.000000000000000e+00,  0.000000000000000e+00,  0.000000000000000e+00,  0.000000000000000e+00,  0.000000000000000e+00,  0.000000000000000e+00,  0.000000000000000e+00,  0.000000000000000e+00,  0.000000000000000e+00,  0.000000000000000e+00,  0.000000000000000e+00,  0.000000000000000e+00,  0.000000000000000e+00,  1.045784545197493e-03, -5.697128485228894e-03, -6.193734370019340e-03,  1.161269949443865e-03, -1.050996985976087e-02, -9.610967134372825e-03,  1.219012649895815e-03, -1.129278140877979e-02, -1.190692039796499e-02,  1.148438232100419e-03, -1.050996986050920e-02, -1.174673761324162e-02,  1.052200394685061e-03, -6.827856281903383e-03, -9.343995826829217e-03,  7.891503012790435e-04, -3.488826779692580e-03, -4.591906516584914e-03, -4.288939142965914e-02, -2.610288733333601e-02
  3.160000000000000e+00,  1.837091232163847e+00,  9.438568309302090e-01, -3.008639837053482e-01, -4.909466736112345e-02, -5.832690353634062e-03,  1.819948326134648e-01, -2.168404344971008e-19, -1.734723475976807e-18,  0.000000000000000e+00,  8.617441214709571e-03, -1.260320942406040e-03, -8.472113639216930e-02,  1.335703386797404e-02, -1.367307844447409e-03, -8.677498212462256e-02,  1.486508607424946e-02, -1.336198173540121e-03, -8.318075209640803e-02,  1.342884587418442e-02, -1.285360421582451e-03, -7.650575347064641e-02,  1.192079366135632e-02, -1.235281443093534e-03, -6.418267908561516e-02,  9.550997327285453e-03, -1.102496276236575e-03, -4.518460607592027e-02,  0.000000000000000e+00,  0.000000000000000e+00,  0.000000000000000e+00,  0.000000000000000e+00,  0.000000000000000e+00,  0.000000000000000e+00,  0.000000000000000e+00,  0.000000000000000e+00,  0.000000000000000e+00,  0.000000000000000e+00,  0.000000000000000e+00,  0.000000000000000e+00,  0.000000000000000e+00,  0.000000000000000e+00,  0.000000000000000e+00,  0.000000000000000e+00,  0.000000000000000e+00,  0.000000000000000e+00,  0.000000000000000e+00,  0.000000000000000e+00,  0.000000000000000e+00,  0.000000000000000e+00,  0.000000000000000e+00,  0.000000000000000e+00,  0.000000000000000e+00,  0.000000000000000e+00,  0.000000000000000e+00,  0.000000000000000e+00,  0.000000000000000e+00,  0.000000000000000e+00,  0.000000000000000e+00,  0.000000000000000e+00,  0.000000000000000e+00,  9.641331981235132e-04, -5.540331695511883e-03, -6.245818122342079e-03,  1.070601889033961e-03, -1.022071369590183e-02, -9.691786750718936e-03,  1.123836232732346e-03, -1.098198064793188e-02, -1.200704692293528e-02,  1.058772028520460e-03, -1.022071369669350e-02, -1.184551714467170e-02,  9.700481189010585e-04, -6.639939518925461e-03, -9.422570453996693e-03,  7.275360946132628e-04, -3.392807032550293e-03, -4.630520333107096e-03, -4.171246931573069e-02, -2.631559581058034e-02
  3.170000000000000e+00,  1.847902338696814e+00,  9.434529960400914e-01, -3.006434833863546e-01, -4.688248561553026e-02, -1.059527965315374e-02,  1.832277043617949e-01,  0.000000000000000e+00, -8.673617379884034e-19,  0.000000000000000e+00,  7.974298738603187e-03, -6.477641773937902e-04, -8.538194517705940e-02,  1.236016302924868e-02, -7.027519797650755e-04, -8.745181051653488e-02,  1.375566530187871e-02, -6.867626141085581e-04, -8.382954617627177e-02,  1.242661551462788e-02, -6.606336539057397e-04, -7.710248382800171e-02,  1.103111323511642e-02, -6.348946793104924e-04, -6.468329180148502e-02,  8.838181081980884e-03, -5.666474017426324e-04, -4.553703742787082e-02,  0.000000000000000e+00,  0.000000000000000e+00,  0.000000000000000e+00,  0.000000000000000e+00,  0.000000000000000e+00,  0.000000000000000e+00,  0.000000000000000e+00,  0.000000000000000e+00,  0.000000000000000e+00,  0.000000000000000e+00,  0.000000000000000e+00,  0.000000000000000e+00,  0.000000000000000e+00,  0.000000000000000e+00,  0.000000000000000e+00,  0.000000000000000e+00,  0.000000000000000e+00,  0.000000000000000e+00,  0.000000000000000e+00,  0.000000000000000e+00,  0.000000000000000e+00,  0.000000000000000e+00,  0.000000000000000e+00,  0.000000000000000e+00,  0.000000000000000e+00,  0.000000000000000e+00,  0.000000000000000e+00,  0.000000000000000e+00,  0.000000000000000e+00,  0.000000000000000e+00,  0.000000000000000e+00,  0.000000000000000e+00,  0.000000000000000e+00,  9.003640478779736e-04, -5.378247858267727e-03, -6.307428183476219e-03,  9.997907466175421e-04, -9.921704072866761e-03, -9.787388570260906e-03,  1.049504094170408e-03, -1.066069996336037e-02, -1.212548695514575e-02,  9.887433295277821e-04, -9.921704073697532e-03, -1.196236381327442e-02,  9.058877467238188e-04, -6.445686370739542e-03, -9.515516667563985e-03,  6.794158156064311e-04, -3.293549585393554e-03, -4.676196757842762e-03, -4.049433287601362e-02, -2.656962779710729e-02
  3.180000000000000e+00,  1.858735301617376e+00,  9.428966277834476e-01, -3.004419990262120e-01, -4.484134145751527e-02, -1.528502016880625e-02,  1.843441746378790e-01,  2.168404344971009e-19,  0.000000000000000e+00,  0.000000000000000e+00,  7.341474117745332e-03, -6.518217572480421e-05, -8.601860655839487e-02,  1.137928486618457e-02, -7.071539469825683e-05, -8.810390611331276e-02,  1.266404282985345e-02, -6.910643945228208e-05, -8.445463189632212e-02,  1.144046381287298e-02, -6.647717459532948e-05, -7.767740834826514e-02,  1.015570584201430e-02, -6.388715370805932e-05, -6.516561102988511e-02,  8.136800459636422e-03, -5.701967780240522e-05, -4.587659016466833e-02,  0.000000000000000e+00,  0.000000000000000e+00,  0.000000000000000e+00,  0.000000000000000e+00,  0.000000000000000e+00,  0.000000000000000e+00,  0.000000000000000e+00,  0.000000000000000e+00,  0.000000000000000e+00,  0.000000000000000e+00,  0.000000000000000e+00,  0.000000000000000e+00,  0.000000000000000e+00,  0.000000000000000e+00,  0.000000000000000e+00,  0.000000000000000e+00,  0.000000000000000e+00,  0.000000000000000e+00,  0.000000000000000e+00,  0.000000000000000e+00,  0.000000000000000e+00,  0.000000000000000e+00,  0.000000000000000e+00,  0.000000000000000e+00,  0.000000000000000e+00,  0.000000000000000e+00,  0.000000000000000e+00,  0.000000000000000e+00,  0.000000000000000e+00,  0.000000000000000e+00,  0.000000000000000e+00,  0.000000000000000e+00,  0.000000000000000e+00,  8.505982801816528e-04, -5.211307585949762e-03, -6.377497986769931e-03,  9.445293725889732e-04, -9.613735377507428e-03, -9.896117575783984e-03,  9.914949169371964e-04, -1.032979291004155e-02, -1.226019011215954e-02,  9.340925783215663e-04, -9.613735378373293e-03, -1.209525482023449e-02,  8.558166674591945e-04, -6.245612914871959e-03, -9.621225423018532e-03,  6.418625062455101e-04, -3.191318138136231e-03, -4.728145060345324e-03, -3.923851742359451e-02, -2.686020193460152e-02
  3.190000000000000e+00,  1.869595388150492e+00,  9.421926799149546e-01, -3.002623963500538e-01, -4.301242160570290e-02, -1.989569214667716e-02,  1.853355875794364e-01,  0.000000000000000e+00, -8.673617379884035e-19,  0.000000000000000e+00,  6.725911008759035e-03,  4.845428284462203e-04, -8.662714994219278e-02,  1.042516204653606e-02,  5.256750077364153e-04, -8.872720206415707e-02,  1.160219646583289e-02,  5.137145922727938e-04, -8.505211085520537e-02,  1.048121130047706e-02,  4.941695192951212e-04, -7.822694146475917e-02,  9.304176873696004e-03,  4.749161625208744e-04, -6.562662874507950e-02,  7.454551346324498e-03,  4.238655914408551e-04, -4.620114663619619e-02,  0.000000000000000e+00,  0.000000000000000e+00,  0.000000000000000e+00,  0.000000000000000e+00,  0.000000000000000e+00,  0.000000000000000e+00,  0.000000000000000e+00,  0.000000000000000e+00,  0.000000000000000e+00,  0.000000000000000e+00,  0.000000000000000e+00,  0.000000000000000e+00,  0.000000000000000e+00,  0.000000000000000e+00,  0.000000000000000e+00,  0.000000000000000e+00,  0.000000000000000e+00,  0.000000000000000e+00,  0.000000000000000e+00,  0.000000000000000e+00,  0.000000000000000e+00,  0.000000000000000e+00,  0.000000000000000e+00,  0.000000000000000e+00,  0.000000000000000e+00,  0.000000000000000e+00,  0.000000000000000e+00,  0.000000000000000e+00,  0.000000000000000e+00,  0.000000000000000e+00,  0.000000000000000e+00,  0.000000000000000e+00,  0.000000000000000e+00,  8.114760641482658e-04, -5.039865036208218e-03, -6.454414257723594e-03,  9.010869117864710e-04, -9.297460954103963e-03, -1.001547041031389e-02,  9.458923337301658e-04, -9.989961495140720e-03, -1.240805501284027e-02,  8.911301446521420e-04, -9.297460955001191e-03, -1.224113050703087e-02,  8.164544377546045e-04, -6.040143599812762e-03, -9.737262901082960e-03,  6.123408340221159e-04, -3.086329571043668e-03, -4.785169192280911e-03, -3.794794526390288e-02, -2.718028763660795e-02
  3.200000000000000e+00,  1.880489537253797e+00,  9.413459183063578e-01, -3.001067163233044e-01, -4.143315318266711e-02, -2.442797047569250e-02,  1.862004588761733e-01,  0.000000000000000e+00,  4.336808689942017e-18,  0.000000000000000e+00,  6.133616928016292e-03,  9.990643462787553e-04, -8.720455123809039e-02,  9.507106220655379e-03,  1.083873548536275e-03, -8.931860096743860e-02,  1.058048917552534e-02,  1.059212722634689e-03, -8.561901394604203e-02,  9.558219690424620e-03,  1.018913320000378e-03, -7.874835233226760e-02,  8.484836727779103e-03,  9.792153995776937e-04, -6.606405396953977e-02,  6.798092072660183e-03,  8.739557580614385e-04, -4.650909399427766e-02,  0.000000000000000e+00,  0.000000000000000e+00,  0.000000000000000e+00,  0.000000000000000e+00,  0.000000000000000e+00,  0.000000000000000e+00,  0.000000000000000e+00,  0.000000000000000e+00,  0.000000000000000e+00,  0.000000000000000e+00,  0.000000000000000e+00,  0.000000000000000e+00,  0.000000000000000e+00,  0.000000000000000e+00,  0.000000000000000e+00,  0.000000000000000e+00,  0.000000000000000e+00,  0.000000000000000e+00,  0.000000000000000e+00,  0.000000000000000e+00,  0.000000000000000e+00,  0.000000000000000e+00,  0.000000000000000e+00,  0.000000000000000e+00,  0.000000000000000e+00,  0.000000000000000e+00,  0.000000000000000e+00,  0.000000000000000e+00,  0.000000000000000e+00,  0.000000000000000e+00,  0.000000000000000e+00,  0.000000000000000e+00,  0.000000000000000e+00,  7.800422207594232e-04, -4.864276230972225e-03, -6.536241481058279e-03,  8.661818463993672e-04, -8.973537586134136e-03, -1.014244368808266e-02,  9.092516573403667e-04, -9.641911421182432e-03, -1.256536079593408e-02,  8.566107705688651e-04, -8.973537587060055e-03, -1.239632006884201e-02,  7.848277486530262e-04, -5.829705108344276e-03, -9.860709143372805e-03,  5.886208172234952e-04, -2.978801906037642e-03, -4.845834202668329e-03, -3.662552589616194e-02, -2.752154093914448e-02
  3.210000000000000e+00,  1.891427441380720e+00,  9.403613874754364e-01, -2.999757643696460e-01, -4.013952523849868e-02, -2.889443375783782e-02,  1.869512911476558e-01,  0.000000000000000e+00, -4.336808689942018e-19,  0.000000000000000e+00,  5.570028757957688e-03,  1.478396884127214e-03, -8.774971835043605e-02,  8.633544556288376e-03,  1.603895965546659e-03, -8.987698425248451e-02,  9.608299581091219e-03,  1.567403331430821e-03, -8.615426892950188e-02,  8.679961457810505e-03,  1.507769022177639e-03, -7.924065475535856e-02,  7.705206424929488e-03,  1.449024775707170e-03, -6.647705935810827e-02,  6.173448516639595e-03,  1.293263511924354e-03, -4.679984978792646e-02,  0.000000000000000e+00,  0.000000000000000e+00,  0.000000000000000e+00,  0.000000000000000e+00,  0.000000000000000e+00,  0.000000000000000e+00,  0.000000000000000e+00,  0.000000000000000e+00,  0.000000000000000e+00,  0.000000000000000e+00,  0.000000000000000e+00,  0.000000000000000e+00,  0.000000000000000e+00,  0.000000000000000e+00,  0.000000000000000e+00,  0.000000000000000e+00,  0.000000000000000e+00,  0.000000000000000e+00,  0.000000000000000e+00,  0.000000000000000e+00,  0.000000000000000e+00,  0.000000000000000e+00,  0.000000000000000e+00,  0.000000000000000e+00,  0.000000000000000e+00,  0.000000000000000e+00,  0.000000000000000e+00,  0.000000000000000e+00,  0.000000000000000e+00,  0.000000000000000e+00,  0.000000000000000e+00,  0.000000000000000e+00,  0.000000000000000e+00,  7.535146688604088e-04, -4.684950292635378e-03, -6.621025550818452e-03,  8.367248715829740e-04, -8.642720015953091e-03, -1.027400517571967e-02,  8.783299710770593e-04, -9.286453645817183e-03, -1.272835086121425e-02,  8.274792871884837e-04, -8.642720016907116e-03, -1.255711744266451e-02,  7.581374510122244e-04, -5.614787762740453e-03, -9.988616145224005e-03,  5.686030939968502e-04, -2.868985682883466e-03, -4.908691357780957e-03, -3.527456072821616e-02, -2.787556771612731e-02
  3.220000000000000e+00,  1.902421967721702e+00,  9.392447222217519e-01, -2.998687323080211e-01, -3.916886343336932e-02, -3.332395972366980e-02,  1.876157691225464e-01,  0.000000000000000e+00,  4.336808689942018e-19,  0.000000000000000e+00,  5.040440450216062e-03,  1.926231676892236e-03, -8.826335369092697e-02,  7.812682678425708e-03,  2.089746837602581e-03, -9.040307135918701e-02,  8.694759749044935e-03,  2.042199883365655e-03, -8.665856544620934e-02,  7.854686343886768e-03,  1.964501196655646e-03, -7.970448303312606e-02,  6.972609264860621e-03,  1.887962190151308e-03, -6.686617704090128e-02,  5.586488141278157e-03,  1.685017850319112e-03, -4.707378863675146e-02,  0.000000000000000e+00,  0.000000000000000e+00,  0.000000000000000e+00,  0.000000000000000e+00,  0.000000000000000e+00,  0.000000000000000e+00,  0.000000000000000e+00,  0.000000000000000e+00,  0.000000000000000e+00,  0.000000000000000e+00,  0.000000000000000e+00,  0.000000000000000e+00,  0.000000000000000e+00,  0.000000000000000e+00,  0.000000000000000e+00,  0.000000000000000e+00,  0.000000000000000e+00,  0.000000000000000e+00,  0.000000000000000e+00,  0.000000000000000e+00,  0.000000000000000e+00,  0.000000000000000e+00,  0.000000000000000e+00,  0.000000000000000e+00,  0.000000000000000e+00,  0.000000000000000e+00,  0.000000000000000e+00,  0.000000000000000e+00,  0.000000000000000e+00,  0.000000000000000e+00,  0.000000000000000e+00,  0.000000000000000e+00,  0.000000000000000e+00,  7.290638145205914e-04, -4.502422939086497e-03, -6.707224361270319e-03,  8.095739229076601e-04, -8.305996527224925e-03, -1.040776195054651e-02,  8.498289752603399e-04, -8.924650062805880e-03, -1.289406064336747e-02,  8.006283490223977e-04, -8.305996528209399e-03, -1.272059794523060e-02,  7.335365914255641e-04, -5.396033606594814e-03, -1.011865745403388e-02,  5.501524492904717e-04, -2.757208966322514e-03, -4.972597372335077e-03, -3.389931446486961e-02, -2.823572356718292e-02
  3.230000000000000e+00,  1.913489201712589e+00,  9.380023759217351e-01, -2.997830465609267e-01, -3.856181167271743e-02, -3.776398751421393e-02,  1.882330175071036e-01, -8.673617379884035e-19, -7.806255641895632e-18,  0.000000000000000e+00,  4.550325895790081e-03,  2.350467539849493e-03, -8.874683065006492e-02,  7.053005118079800e-03,  2.549995499631581e-03, -9.089826897240121e-02,  7.849312141314867e-03,  2.491976739644420e-03, -8.713325191598573e-02,  7.090924495425849e-03,  2.397165588980009e-03, -8.014107737886378e-02,  6.294617463415799e-03,  2.303769528246161e-03, -6.723244746531482e-02,  5.043277842393002e-03,  2.056128453456691e-03, -4.733164301572242e-02,  0.000000000000000e+00,  0.000000000000000e+00,  0.000000000000000e+00,  0.000000000000000e+00,  0.000000000000000e+00,  0.000000000000000e+00,  0.000000000000000e+00,  0.000000000000000e+00,  0.000000000000000e+00,  0.000000000000000e+00,  0.000000000000000e+00,  0.000000000000000e+00,  0.000000000000000e+00,  0.000000000000000e+00,  0.000000000000000e+00,  0.000000000000000e+00,  0.000000000000000e+00,  0.000000000000000e+00,  0.000000000000000e+00,  0.000000000000000e+00,  0.000000000000000e+00,  0.000000000000000e+00,  0.000000000000000e+00,  0.000000000000000e+00,  0.000000000000000e+00,  0.000000000000000e+00,  0.000000000000000e+00,  0.000000000000000e+00,  0.000000000000000e+00,  0.000000000000000e+00,  0.000000000000000e+00,  0.000000000000000e+00,  0.000000000000000e+00,  7.036857768257980e-04, -4.317430020634942e-03, -6.794196605331156e-03,  7.813934025441830e-04, -7.964724604637798e-03, -1.054271888089674e-02,  8.202472136018014e-04, -8.557959266044482e-03, -1.306125728483575e-02,  7.727592156717810e-04, -7.964724605658656e-03, -1.288554530451140e-02,  7.080028602571041e-04, -5.174324536856412e-03, -1.024986558068717e-02,  5.310021508816141e-04, -2.643922378858200e-03, -5.037076794531141e-03, -3.250557938983062e-02, -2.859916521440549e-02
  3.240000000000000e+00,  1.924647939418685e+00,  9.366418764522351e-01, -2.997146849714513e-01, -3.836106195245875e-02, -4.227687602610755e-02,  1.888453295014046e-01,  8.673617379884035e-19,  8.239936510889834e-18,  0.000000000000000e+00,  4.105236800644731e-03,  2.762559268643694e-03, -8.920038638533953e-02,  6.363117019469683e-03,  2.997069129199659e-03, -9.136281999892305e-02,  7.081533450659901e-03,  2.928878328558072e-03, -8.757856118441590e-02,  6.397327320869011e-03,  2.817444573683141e-03, -8.055065195301703e-02,  5.678910880487011e-03,  2.707674007084349e-03, -6.757605029615034e-02,  4.549970760730870e-03,  2.416615681553512e-03, -4.757353940885870e-02,  0.000000000000000e+00,  0.000000000000000e+00,  0.000000000000000e+00,  0.000000000000000e+00,  0.000000000000000e+00,  0.000000000000000e+00,  0.000000000000000e+00,  0.000000000000000e+00,  0.000000000000000e+00,  0.000000000000000e+00,  0.000000000000000e+00,  0.000000000000000e+00,  0.000000000000000e+00,  0.000000000000000e+00,  0.000000000000000e+00,  0.000000000000000e+00,  0.000000000000000e+00,  0.000000000000000e+00,  0.000000000000000e+00,  0.000000000000000e+00,  0.000000000000000e+00,  0.000000000000000e+00,  0.000000000000000e+00,  0.000000000000000e+00,  0.000000000000000e+00,  0.000000000000000e+00,  0.000000000000000e+00,  0.000000000000000e+00,  0.000000000000000e+00,  0.000000000000000e+00,  0.000000000000000e+00,  0.000000000000000e+00,  0.000000000000000e+00,  6.743662289723104e-04, -4.130969918768886e-03, -6.882524688076827e-03,  7.488361132377039e-04, -7.620746046106638e-03, -1.067977969880803e-02,  7.860710536172262e-04, -8.188360235639933e-03, -1.323106040920844e-02,  7.405616754791860e-04, -7.620746047173710e-03, -1.305306408189796e-02,  6.785034378939862e-04, -4.950857087068253e-03, -1.038311915356221e-02,  5.088775840675728e-04, -2.529737312713054e-03, -5.102561407452290e-03, -3.110113318945446e-02, -2.896821862118302e-02
  3.250000000000000e+00,  1.935918100019782e+00,  9.351722370754715e-01, -2.996590255348790e-01, -3.860350870167784e-02, -4.692765271472150e-02,  1.894852090027261e-01,  0.000000000000000e+00,  2.602085213965211e-18,  0.000000000000000e+00,  3.709768696807080e-03,  3.175364947251391e-03, -8.962091480395457e-02,  5.750141457224117e-03,  3.444917315359853e-03, -9.179354304674810e-02,  6.399350969812805e-03,  3.366536851202299e-03, -8.799144363313366e-02,  5.781056190950641e-03,  3.238451693455492e-03, -8.093040185967865e-02,  5.131846668700123e-03,  3.112278252120003e-03, -6.789463243280831e-02,  4.111660277603602e-03,  2.777727455246131e-03, -4.779782123332994e-02,  0.000000000000000e+00,  0.000000000000000e+00,  0.000000000000000e+00,  0.000000000000000e+00,  0.000000000000000e+00,  0.000000000000000e+00,  0.000000000000000e+00,  0.000000000000000e+00,  0.000000000000000e+00,  0.000000000000000e+00,  0.000000000000000e+00,  0.000000000000000e+00,  0.000000000000000e+00,  0.000000000000000e+00,  0.000000000000000e+00,  0.000000000000000e+00,  0.000000000000000e+00,  0.000000000000000e+00,  0.000000000000000e+00,  0.000000000000000e+00,  0.000000000000000e+00,  0.000000000000000e+00,  0.000000000000000e+00,  0.000000000000000e+00,  0.000000000000000e+00,  0.000000000000000e+00,  0.000000000000000e+00,  0.000000000000000e+00,  0.000000000000000e+00,  0.000000000000000e+00,  0.000000000000000e+00,  0.000000000000000e+00,  0.000000000000000e+00,  6.389239066502749e-04, -3.944297786733642e-03, -6.973935171276144e-03,  7.094799148554287e-04, -7.276376337870641e-03, -1.082162355188633e-02,  7.447579172554912e-04, -7.818340921633755e-03, -1.340678918269760e-02,  7.016403522785943e-04, -7.276376338996068e-03, -1.322642879114703e-02,  6.428436780265262e-04, -4.727135524844947e-03, -1.052102289951032e-02,  4.821327641268355e-04, -2.415422402848529e-03, -5.170331248289172e-03, -2.969562787335735e-02, -2.935008095716718e-02
  3.260000000000000e+00,  1.947318111947334e+00,  9.336046735178661e-01, -2.996119961750441e-01, -3.930418815991804e-02, -5.176748253315081e-02,  1.901594009024993e-01,  0.000000000000000e+00,  1.734723475976807e-18,  0.000000000000000e+00,  3.365298569837451e-03,  3.600213018655641e-03, -8.999968485971148e-02,  5.216212758966177e-03,  3.905830156903796e-03, -9.218149540791114e-02,  5.805139998867796e-03,  3.816962775901984e-03, -8.836332696217188e-02,  5.244256908167837e-03,  3.671740459565858e-03, -8.127244269948979e-02,  4.655329658082316e-03,  3.528685637828476e-03, -6.818157944628360e-02,  3.729872552006387e-03,  3.149373604476747e-03, -4.799983193109809e-02,  0.000000000000000e+00,  0.000000000000000e+00,  0.000000000000000e+00,  0.000000000000000e+00,  0.000000000000000e+00,  0.000000000000000e+00,  0.000000000000000e+00,  0.000000000000000e+00,  0.000000000000000e+00,  0.000000000000000e+00,  0.000000000000000e+00,  0.000000000000000e+00,  0.000000000000000e+00,  0.000000000000000e+00,  0.000000000000000e+00,  0.000000000000000e+00,  0.000000000000000e+00,  0.000000000000000e+00,  0.000000000000000e+00,  0.000000000000000e+00,  0.000000000000000e+00,  0.000000000000000e+00,  0.000000000000000e+00,  0.000000000000000e+00,  0.000000000000000e+00,  0.000000000000000e+00,  0.000000000000000e+00,  0.000000000000000e+00,  0.000000000000000e+00,  0.000000000000000e+00,  0.000000000000000e+00,  0.000000000000000e+00,  0.000000000000000e+00,  5.976418352396402e-04, -3.758842377114819e-03, -7.070867079976590e-03,  6.636390871022203e-04, -6.934251219358624e-03, -1.097203513421167e-02,  6.966377113743861e-04, -7.450733380593217e-03, -1.359313242076090e-02,  6.563060530543072e-04, -6.934251220552952e-03, -1.341026516948599e-02,  6.013083423736869e-04, -4.504872171944794e-03, -1.066725638223709e-02,  4.509812623621761e-04, -2.301852593556168e-03, -5.242194559771978e-03, -2.829982567203461e-02, -2.975506247838128e-02
  3.270000000000000e+00,  1.958862161877501e+00,  9.319541972538926e-01, -2.995713277614427e-01, -4.043182291129224e-02, -5.681782453323426e-02,  1.908411726060515e-01,  0.000000000000000e+00,  2.168404344971009e-18,  0.000000000000000e+00,  3.066370748094282e-03,  4.043524439145763e-03, -9.032225939764513e-02,  4.752874660151849e-03,  4.386773654483235e-03, -9.251188992863743e-02,  5.289489541361081e-03,  4.286963599215184e-03, -8.868003649968552e-02,  4.778427749895008e-03,  4.123859362294426e-03, -8.156373727438841e-02,  4.241812868922319e-03,  3.963189516939043e-03, -6.842595408919507e-02,  3.398560913194809e-03,  3.537170987704028e-03, -4.817187167872466e-02,  0.000000000000000e+00,  0.000000000000000e+00,  0.000000000000000e+00,  0.000000000000000e+00,  0.000000000000000e+00,  0.000000000000000e+00,  0.000000000000000e+00,  0.000000000000000e+00,  0.000000000000000e+00,  0.000000000000000e+00,  0.000000000000000e+00,  0.000000000000000e+00,  0.000000000000000e+00,  0.000000000000000e+00,  0.000000000000000e+00,  0.000000000000000e+00,  0.000000000000000e+00,  0.000000000000000e+00,  0.000000000000000e+00,  0.000000000000000e+00,  0.000000000000000e+00,  0.000000000000000e+00,  0.000000000000000e+00,  0.000000000000000e+00,  0.000000000000000e+00,  0.000000000000000e+00,  0.000000000000000e+00,  0.000000000000000e+00,  0.000000000000000e+00,  0.000000000000000e+00,  0.000000000000000e+00,  0.000000000000000e+00,  0.000000000000000e+00,  5.553126996184475e-04, -3.575939366388834e-03, -7.175619469393738e-03,  6.166355744883935e-04, -6.596834709023758e-03, -1.113458193517342e-02,  6.472970119900276e-04, -7.088185156320610e-03, -1.379450984189237e-02,  6.098219218469906e-04, -6.596834709022190e-03, -1.360893347630724e-02,  5.587195260998993e-04, -4.285667790272166e-03, -1.082528799253041e-02,  4.190396444859188e-04, -2.189845820657803e-03, -5.319855813494709e-03, -2.692340548750366e-02, -3.019305447720156e-02
  3.280000000000000e+00,  1.970556920197402e+00,  9.302399660001575e-01, -2.995370644764241e-01, -4.188898246554469e-02, -6.207065362695801e-02,  1.914447302067508e-01,  0.000000000000000e+00, -6.071532165918825e-18,  0.000000000000000e+00,  2.798146867100042e-03,  4.508805395042350e-03, -9.056367226194791e-02,  4.337127644650208e-03,  4.891551669321289e-03, -9.275915522603920e-02,  4.826803346706978e-03,  4.780256653698196e-03, -8.891706003922012e-02,  4.360445535399358e-03,  4.598384310788124e-03, -8.178174040643295e-02,  3.870769833593842e-03,  4.419226480422884e-03, -6.860884262278963e-02,  3.101279445138045e-03,  3.944186778814852e-03, -4.830062520637512e-02,  0.000000000000000e+00,  0.000000000000000e+00,  0.000000000000000e+00,  0.000000000000000e+00,  0.000000000000000e+00,  0.000000000000000e+00,  0.000000000000000e+00,  0.000000000000000e+00,  0.000000000000000e+00,  0.000000000000000e+00,  0.000000000000000e+00,  0.000000000000000e+00,  0.000000000000000e+00,  0.000000000000000e+00,  0.000000000000000e+00,  0.000000000000000e+00,  0.000000000000000e+00,  0.000000000000000e+00,  0.000000000000000e+00,  0.000000000000000e+00,  0.000000000000000e+00,  0.000000000000000e+00,  0.000000000000000e+00,  0.000000000000000e+00,  0.000000000000000e+00,  0.000000000000000e+00,  0.000000000000000e+00,  0.000000000000000e+00,  0.000000000000000e+00,  0.000000000000000e+00,  0.000000000000000e+00,  0.000000000000000e+00,  0.000000000000000e+00,  5.223536507702554e-04, -3.397947945074282e-03, -7.290812229243422e-03,  5.800368760751301e-04, -6.268479033577544e-03, -1.131332932113793e-02,  6.088784887971225e-04, -6.735372644359492e-03, -1.401595799227913e-02,  5.736276289451406e-04, -6.268479033576701e-03, -1.382740250359376e-02,  5.255582745014712e-04, -4.072349827327274e-03, -1.099907017332803e-02,  3.941687057844487e-04, -2.080846833223515e-03, -5.405257342345957e-03, -2.558325600454683e-02, -3.067546810378916e-02
  3.290000000000000e+00,  1.982401789119709e+00,  9.284895669058026e-01, -2.995129004628170e-01, -4.348357665918928e-02, -6.747335971365524e-02,  1.918714045842274e-01,  0.000000000000000e+00, -3.469446951953613e-18,  0.000000000000000e+00,  2.531749079932308e-03,  4.990791159920679e-03, -9.070011817627124e-02,  3.924211074564455e-03,  5.414452541329085e-03, -9.289890892012459e-02,  4.367267163880687e-03,  5.291260225088677e-03, -8.905102511876894e-02,  3.945308983762722e-03,  5.089945951867015e-03, -8.190495520182345e-02,  3.502252894706806e-03,  4.891636369249880e-03, -6.871221073972868e-02,  2.806021897721861e-03,  4.365815506367472e-03, -4.837339636069996e-02,  0.000000000000000e+00,  0.000000000000000e+00,  0.000000000000000e+00,  0.000000000000000e+00,  0.000000000000000e+00,  0.000000000000000e+00,  0.000000000000000e+00,  0.000000000000000e+00,  0.000000000000000e+00,  0.000000000000000e+00,  0.000000000000000e+00,  0.000000000000000e+00,  0.000000000000000e+00,  0.000000000000000e+00,  0.000000000000000e+00,  0.000000000000000e+00,  0.000000000000000e+00,  0.000000000000000e+00,  0.000000000000000e+00,  0.000000000000000e+00,  0.000000000000000e+00,  0.000000000000000e+00,  0.000000000000000e+00,  0.000000000000000e+00,  0.000000000000000e+00,  0.000000000000000e+00,  0.000000000000000e+00,  0.000000000000000e+00,  0.000000000000000e+00,  0.000000000000000e+00,  0.000000000000000e+00,  0.000000000000000e+00,  0.000000000000000e+00,  5.163328056077125e-04, -3.226984176729249e-03, -7.417285639040708e-03,  5.733511523065684e-04, -5.953087857881516e-03, -1.150958116392071e-02,  6.018603257275281e-04, -6.396490263853727e-03, -1.425909221972551e-02,  5.670157805802560e-04, -5.953087857881237e-03, -1.406726586699390e-02,  5.195004916411111e-04, -3.867454318702838e-03, -1.118987057603325e-02,  3.896253686372344e-04, -1.976151463636906e-03, -5.499022111676624e-03, -2.429374842176848e-02, -3.120639911871228e-02
  3.300000000000000e+00,  1.994389094262091e+00,  9.267389161624952e-01, -2.995061442525250e-01, -4.492892124538080e-02, -7.294210609055249e-02,  1.920117413404408e-01,  0.000000000000000e+00,  6.938893903907228e-18,  0.000000000000000e+00,  2.224679224394144e-03,  5.479684848613886e-03, -9.070869337022421e-02,  3.448252798490469e-03,  5.944847741265088e-03, -9.290769199758295e-02,  3.837571663094017e-03,  5.809587609726798e-03, -8.905944440012824e-02,  3.466791792229686e-03,  5.588552760261161e-03, -8.191269886184163e-02,  3.077472927890273e-03,  5.370816938354891e-03, -6.871870709880565e-02,  2.465686141179447e-03,  4.793487107659090e-03, -4.837796979749092e-02,  0.000000000000000e+00,  0.000000000000000e+00,  0.000000000000000e+00,  0.000000000000000e+00,  0.000000000000000e+00,  0.000000000000000e+00,  0.000000000000000e+00,  0.000000000000000e+00,  0.000000000000000e+00,  0.000000000000000e+00,  0.000000000000000e+00,  0.000000000000000e+00,  0.000000000000000e+00,  0.000000000000000e+00,  0.000000000000000e+00,  0.000000000000000e+00,  0.000000000000000e+00,  0.000000000000000e+00,  0.000000000000000e+00,  0.000000000000000e+00,  0.000000000000000e+00,  0.000000000000000e+00,  0.000000000000000e+00,  0.000000000000000e+00,  0.000000000000000e+00,  0.000000000000000e+00,  0.000000000000000e+00,  0.000000000000000e+00,  0.000000000000000e+00,  0.000000000000000e+00,  0.000000000000000e+00,  0.000000000000000e+00,  0.000000000000000e+00,  5.609833744063569e-04, -3.066046746861361e-03, -7.554882897041748e-03,  6.229324587647745e-04, -5.656193108128122e-03, -1.172309415047112e-02,  6.539070010168036e-04, -6.077481974119190e-03, -1.452361108639575e-02,  6.160492273006447e-04, -5.656193108128090e-03, -1.432822618388783e-02,  5.644249903115395e-04, -3.674575108863218e-03, -1.139745264629064e-02,  4.233187426386704e-04, -1.877596057052669e-03, -5.601033871918001e-03, -2.307523671772053e-02, -3.178583680707805e-02
  3.310000000000000e+00,  2.006506786712074e+00,  9.250320916501645e-01, -2.995277643540563e-01, -4.585935482690581e-02, -7.837070507485400e-02,  1.917750879656077e-01,  0.000000000000000e+00, -5.204170427930421e-18,  0.000000000000000e+00,  1.823230509981242e-03,  5.962184402488266e-03, -9.057308907772760e-02,  2.826007291153452e-03,  6.468306017089756e-03, -9.276880032831128e-02,  3.145072630737427e-03,  6.321135902598784e-03, -8.892630564024191e-02,  2.841200878940510e-03,  6.080638398040978e-03, -8.179024407651646e-02,  2.522135539621880e-03,  5.843730408428440e-03, -6.861597657420555e-02,  2.020747149376495e-03,  5.215565284569687e-03, -4.830564750817435e-02,  0.000000000000000e+00,  0.000000000000000e+00,  0.000000000000000e+00,  0.000000000000000e+00,  0.000000000000000e+00,  0.000000000000000e+00,  0.000000000000000e+00,  0.000000000000000e+00,  0.000000000000000e+00,  0.000000000000000e+00,  0.000000000000000e+00,  0.000000000000000e+00,  0.000000000000000e+00,  0.000000000000000e+00,  0.000000000000000e+00,  0.000000000000000e+00,  0.000000000000000e+00,  0.000000000000000e+00,  0.000000000000000e+00,  0.000000000000000e+00,  0.000000000000000e+00,  0.000000000000000e+00,  0.000000000000000e+00,  0.000000000000000e+00,  0.000000000000000e+00,  0.000000000000000e+00,  0.000000000000000e+00,  0.000000000000000e+00,  0.000000000000000e+00,  0.000000000000000e+00,  0.000000000000000e+00,  0.000000000000000e+00,  0.000000000000000e+00,  6.840924475772375e-04, -2.918831088956035e-03, -7.702191794020452e-03,  7.596363989124695e-04, -5.384612059833768e-03, -1.195167692164068e-02,  7.974083746540975e-04, -5.785672820159372e-03, -1.480679974178792e-02,  7.512426266751909e-04, -5.384612059834091e-03, -1.460760512642705e-02,  6.882893338717260e-04, -3.498141076109198e-03, -1.161968589603809e-02,  5.162170003075013e-04, -1.787443635504881e-03, -5.710245640366427e-03, -2.195277368293072e-02, -3.240848571065679e-02
  3.320000000000000e+00,  2.018741682693907e+00,  9.234184969115351e-01, -2.995915410632164e-01, -4.587227715076011e-02, -8.364253757573113e-02,  1.911052762116964e-01, -1.734723475976807e-18, -2.081668171172168e-17,  0.000000000000000e+00,  1.268887085623597e-03,  6.423903777408820e-03, -9.028566831549621e-02,  1.966774983403608e-03,  6.969220113234169e-03, -9.247441179004004e-02,  2.188830223728427e-03,  6.810652952181287e-03, -8.864411071007268e-02,  1.977349042656309e-03,  6.551531005649168e-03, -8.153069441852394e-02,  1.755293802598449e-03,  6.296276550804013e-03, -6.839823357253631e-02,  1.406349854053428e-03,  5.619465496401669e-03, -4.815235643500181e-02,  0.000000000000000e+00,  0.000000000000000e+00,  0.000000000000000e+00,  0.000000000000000e+00,  0.000000000000000e+00,  0.000000000000000e+00,  0.000000000000000e+00,  0.000000000000000e+00,  0.000000000000000e+00,  0.000000000000000e+00,  0.000000000000000e+00,  0.000000000000000e+00,  0.000000000000000e+00,  0.000000000000000e+00,  0.000000000000000e+00,  0.000000000000000e+00,  0.000000000000000e+00,  0.000000000000000e+00,  0.000000000000000e+00,  0.000000000000000e+00,  0.000000000000000e+00,  0.000000000000000e+00,  0.000000000000000e+00,  0.000000000000000e+00,  0.000000000000000e+00,  0.000000000000000e+00,  0.000000000000000e+00,  0.000000000000000e+00,  0.000000000000000e+00,  0.000000000000000e+00,  0.000000000000000e+00,  0.000000000000000e+00,  0.000000000000000e+00,  9.139107088493924e-04, -2.789718108174004e-03, -7.856783859192001e-03,  1.014833363884400e-03, -5.146426535499797e-03, -1.219156116069075e-02,  1.065294691477740e-03, -5.529746580910481e-03, -1.510398966016362e-02,  1.003619735683342e-03, -5.146426535500718e-03, -1.490079697415122e-02,  9.195175231294477e-04, -3.343402618231221e-03, -1.185290668400093e-02,  6.896381422490728e-04, -1.708376992486348e-03, -5.824856999024690e-03, -2.095630625815077e-02, -3.306468563829277e-02
  3.330000000000000e+00,  2.031082524235320e+00,  9.219482629777916e-01, -2.997122214034795e-01, -4.458927545367675e-02, -8.864024243466893e-02,  1.899839647024484e-01,  0.000000000000000e+00, -1.647987302177966e-17,  0.000000000000000e+00,  5.074418699411379e-04,  6.851673695907582e-03, -8.984680155122828e-02,  7.865348991087618e-04,  7.433302830443806e-03, -9.202490583150719e-02,  8.753372266971397e-04,  7.264176628688944e-03, -8.821322334154923e-02,  7.907635815691960e-04,  6.987799664371617e-03, -8.113438443142884e-02,  7.019612542520956e-04,  6.715547729313839e-03, -6.806575875115101e-02,  5.624147400214365e-04,  5.993667598587456e-03, -4.791829416075034e-02,  0.000000000000000e+00,  0.000000000000000e+00,  0.000000000000000e+00,  0.000000000000000e+00,  0.000000000000000e+00,  0.000000000000000e+00,  0.000000000000000e+00,  0.000000000000000e+00,  0.000000000000000e+00,  0.000000000000000e+00,  0.000000000000000e+00,  0.000000000000000e+00,  0.000000000000000e+00,  0.000000000000000e+00,  0.000000000000000e+00,  0.000000000000000e+00,  0.000000000000000e+00,  0.000000000000000e+00,  0.000000000000000e+00,  0.000000000000000e+00,  0.000000000000000e+00,  0.000000000000000e+00,  0.000000000000000e+00,  0.000000000000000e+00,  0.000000000000000e+00,  0.000000000000000e+00,  0.000000000000000e+00,  0.000000000000000e+00,  0.000000000000000e+00,  0.000000000000000e+00,  0.000000000000000e+00,  0.000000000000000e+00,  0.000000000000000e+00,  1.274889297847395e-03, -2.683721374315696e-03, -8.015675001702558e-03,  1.415674619153275e-03, -4.950885487052100e-03, -1.243811638181119e-02,  1.486067279885048e-03, -5.319641095752834e-03, -1.540944418410146e-02,  1.400031805815386e-03, -4.950885487054382e-03, -1.520214224440219e-02,  1.282710704701379e-03, -3.216368364687337e-03, -1.209261314897407e-02,  9.620330284255414e-04, -1.643466354797984e-03, -5.942655604672448e-03, -2.012067851985612e-02, -3.374230940937809e-02
  3.340000000000000e+00,  2.043521811829688e+00,  9.206674379759139e-01, -2.999031012036681e-01, -4.171965692865661e-02, -9.325330658978635e-02,  1.884240226986390e-01,  0.000000000000000e+00, -5.204170427930421e-18,  0.000000000000000e+00, -5.016149625935717e-04,  7.235339621749086e-03, -8.926253148775595e-02, -7.775031912939174e-04,  7.849537627925018e-03, -9.142647164531394e-02, -8.652858093842757e-04,  7.670941045150225e-03, -8.763957637018444e-02, -7.816833157619361e-04,  7.379088092249602e-03, -8.060677085900529e-02, -6.939006973923397e-04,  7.091591153503558e-03, -6.762312991522915e-02, -5.559565826750755e-04,  6.329288664508930e-03, -4.760668346026669e-02,  0.000000000000000e+00,  0.000000000000000e+00,  0.000000000000000e+00,  0.000000000000000e+00,  0.000000000000000e+00,  0.000000000000000e+00,  0.000000000000000e+00,  0.000000000000000e+00,  0.000000000000000e+00,  0.000000000000000e+00,  0.000000000000000e+00,  0.000000000000000e+00,  0.000000000000000e+00,  0.000000000000000e+00,  0.000000000000000e+00,  0.000000000000000e+00,  0.000000000000000e+00,  0.000000000000000e+00,  0.000000000000000e+00,  0.000000000000000e+00,  0.000000000000000e+00,  0.000000000000000e+00,  0.000000000000000e+00,  0.000000000000000e+00,  0.000000000000000e+00,  0.000000000000000e+00,  0.000000000000000e+00,  0.000000000000000e+00,  0.000000000000000e+00,  0.000000000000000e+00,  0.000000000000000e+00,  0.000000000000000e+00,  0.000000000000000e+00,  1.783635809337611e-03, -2.606299533631807e-03, -8.175817462258555e-03,  1.980601727005436e-03, -4.808058936204691e-03, -1.268661330333867e-02,  2.079084685922735e-03, -5.166176429397411e-03, -1.571730425909665e-02,  1.958716625189084e-03, -4.808058936209413e-03, -1.550586070403623e-02,  1.794578360438452e-03, -3.123580357170090e-03, -1.233420737822964e-02,  1.345933770225058e-03, -1.596054506659692e-03, -6.061381911626552e-03, -1.948466682463754e-02, -3.442885873229867e-02
  3.350000000000001e+00,  2.056055767084742e+00,  9.196144707760341e-01, -3.001738188360502e-01, -3.710888307198113e-02, -9.738482032430316e-02,  1.864590129396624e-01,  0.000000000000000e+00, -3.469446951953614e-18,  0.000000000000000e+00, -1.777950745860677e-03,  7.568797062532495e-03, -8.854233359497908e-02, -2.755823655317288e-03,  8.211301811355031e-03, -9.068881440972151e-02, -3.066965035457482e-03,  8.024474190083902e-03, -8.693247298460749e-02, -2.770639911299132e-03,  7.719170515604339e-03, -7.995641033770802e-02, -2.459498530868686e-03,  7.418423612304711e-03, -6.707752545105812e-02, -1.970562075753465e-03,  6.620988641533796e-03, -4.722257791749603e-02,  0.000000000000000e+00,  0.000000000000000e+00,  0.000000000000000e+00,  0.000000000000000e+00,  0.000000000000000e+00,  0.000000000000000e+00,  0.000000000000000e+00,  0.000000000000000e+00,  0.000000000000000e+00,  0.000000000000000e+00,  0.000000000000000e+00,  0.000000000000000e+00,  0.000000000000000e+00,  0.000000000000000e+00,  0.000000000000000e+00,  0.000000000000000e+00,  0.000000000000000e+00,  0.000000000000000e+00,  0.000000000000000e+00,  0.000000000000000e+00,  0.000000000000000e+00,  0.000000000000000e+00,  0.000000000000000e+00,  0.000000000000000e+00,  0.000000000000000e+00,  0.000000000000000e+00,  0.000000000000000e+00,  0.000000000000000e+00,  0.000000000000000e+00,  0.000000000000000e+00,  0.000000000000000e+00,  0.000000000000000e+00,  0.000000000000000e+00,  2.446043656713510e-03, -2.562744207977516e-03, -8.334242642093651e-03,  2.716158907221068e-03, -4.727708780786468e-03, -1.293244547891352e-02,  2.851216532564291e-03, -5.079841572753598e-03, -1.602186300993713e-02,  2.686146101763628e-03, -4.727708780795369e-03, -1.580632225194779e-02,  2.461050059644303e-03, -3.071380463096599e-03, -1.257321088225175e-02,  1.845787544625649e-03, -1.569381949328083e-03, -6.178835062181071e-03, -1.908676218105062e-02, -3.511214730248522e-02
  3.360000000000000e+00,  2.068682634975644e+00,  9.188185646073217e-01, -3.005290455736007e-01, -3.076345381622841e-02, -1.009571908795108e-01,  1.841340747004954e-01, -1.734723475976807e-18,  1.301042606982605e-17,  0.000000000000000e+00, -3.316686526969876e-03,  7.849986402691793e-03, -8.769808338182948e-02, -5.140864115984281e-03,  8.516360927253133e-03, -8.982409752478175e-02, -5.721284257792541e-03,  8.322592449408752e-03, -8.610357277539694e-02, -5.168503170127387e-03,  8.005946399367466e-03, -7.919402681195692e-02, -4.588083028017173e-03,  7.694026409677819e-03, -6.643794195630426e-02, -3.675994233099441e-03,  6.866965831046476e-03, -4.677231113719576e-02,  0.000000000000000e+00,  0.000000000000000e+00,  0.000000000000000e+00,  0.000000000000000e+00,  0.000000000000000e+00,  0.000000000000000e+00,  0.000000000000000e+00,  0.000000000000000e+00,  0.000000000000000e+00,  0.000000000000000e+00,  0.000000000000000e+00,  0.000000000000000e+00,  0.000000000000000e+00,  0.000000000000000e+00,  0.000000000000000e+00,  0.000000000000000e+00,  0.000000000000000e+00,  0.000000000000000e+00,  0.000000000000000e+00,  0.000000000000000e+00,  0.000000000000000e+00,  0.000000000000000e+00,  0.000000000000000e+00,  0.000000000000000e+00,  0.000000000000000e+00,  0.000000000000000e+00,  0.000000000000000e+00,  0.000000000000000e+00,  0.000000000000000e+00,  0.000000000000000e+00,  0.000000000000000e+00,  0.000000000000000e+00,  0.000000000000000e+00,  3.255871918741832e-03, -2.557101063906833e-03, -8.487700989640041e-03,  3.615416057080606e-03, -4.717298400575718e-03, -1.317057050093525e-02,  3.795188126346420e-03, -5.068655798714393e-03, -1.631687345387587e-02,  3.575466708539236e-03, -4.717298400590961e-03, -1.609736394551620e-02,  3.275846593224599e-03, -3.064617305742933e-03, -1.280472132031890e-02,  2.456884944807285e-03, -1.565926181745435e-03, -6.292605906037928e-03, -1.895734032767004e-02, -3.577886094948812e-02
  3.370000000000000e+00,  2.081400138715579e+00,  9.182997037581557e-01, -3.009685372507879e-01, -2.285063737220972e-02, -1.039165035039389e-01,  1.815009050578148e-01,  3.469446951953614e-18,  2.602085213965211e-18,  0.000000000000000e+00, -5.088312545930293e-03,  8.079825864220852e-03, -8.674429096131167e-02, -7.886884445320623e-03,  8.765711144191652e-03, -8.884718286380078e-02, -8.777339140425180e-03,  8.566269326365075e-03, -8.516712203530033e-02, -7.929287049612942e-03,  8.240352208323217e-03, -7.833272335347459e-02, -7.038832354199534e-03,  7.919299524766832e-03, -6.571537194080131e-02, -5.639546404071485e-03,  7.068023469963877e-03, -4.626362184628697e-02,  0.000000000000000e+00,  0.000000000000000e+00,  0.000000000000000e+00,  0.000000000000000e+00,  0.000000000000000e+00,  0.000000000000000e+00,  0.000000000000000e+00,  0.000000000000000e+00,  0.000000000000000e+00,  0.000000000000000e+00,  0.000000000000000e+00,  0.000000000000000e+00,  0.000000000000000e+00,  0.000000000000000e+00,  0.000000000000000e+00,  0.000000000000000e+00,  0.000000000000000e+00,  0.000000000000000e+00,  0.000000000000000e+00,  0.000000000000000e+00,  0.000000000000000e+00,  0.000000000000000e+00,  0.000000000000000e+00,  0.000000000000000e+00,  0.000000000000000e+00,  0.000000000000000e+00,  0.000000000000000e+00,  0.000000000000000e+00,  0.000000000000000e+00,  0.000000000000000e+00,  0.000000000000000e+00,  0.000000000000000e+00,  0.000000000000000e+00,  4.194248707050545e-03, -2.591022318692967e-03, -8.632078972614567e-03,  4.657417275998559e-03, -4.779875779089470e-03, -1.339460530207446e-02,  4.889001560575800e-03, -5.135894113017162e-03, -1.659442767972267e-02,  4.605954101841233e-03, -4.779875779113076e-03, -1.637118425800847e-02,  4.219980294349598e-03, -3.105271023366414e-03, -1.302253293252851e-02,  3.164985220648849e-03, -1.586698994301292e-03, -6.399644755471967e-03, -1.911026689202608e-02, -3.641208496278799e-02
  3.380000000000000e+00,  2.094203238849571e+00,  9.180697070206958e-01, -3.014886138514597e-01, -1.367413829669881e-02, -1.062363656570119e-01,  1.786181932379431e-01,  0.000000000000000e+00,  3.469446951953613e-18,  0.000000000000000e+00, -7.042054248300639e-03,  8.260344057453158e-03, -8.569916002190467e-02, -1.091518408396613e-02,  8.961553278366589e-03, -8.777671541677824e-02, -1.214754357698229e-02,  8.757655563057453e-03, -8.414099347661544e-02, -1.097386786912024e-02,  8.424456856225211e-03, -7.738893844455792e-02, -9.741508375801721e-03,  8.096231264297468e-03, -6.492360607761638e-02, -7.804943457523629e-03,  7.225936134258837e-03, -4.570621867860821e-02,  0.000000000000000e+00,  0.000000000000000e+00,  0.000000000000000e+00,  0.000000000000000e+00,  0.000000000000000e+00,  0.000000000000000e+00,  0.000000000000000e+00,  0.000000000000000e+00,  0.000000000000000e+00,  0.000000000000000e+00,  0.000000000000000e+00,  0.000000000000000e+00,  0.000000000000000e+00,  0.000000000000000e+00,  0.000000000000000e+00,  0.000000000000000e+00,  0.000000000000000e+00,  0.000000000000000e+00,  0.000000000000000e+00,  0.000000000000000e+00,  0.000000000000000e+00,  0.000000000000000e+00,  0.000000000000000e+00,  0.000000000000000e+00,  0.000000000000000e+00,  0.000000000000000e+00,  0.000000000000000e+00,  0.000000000000000e+00,  0.000000000000000e+00,  0.000000000000000e+00,  0.000000000000000e+00,  0.000000000000000e+00,  0.000000000000000e+00,  5.229941683406443e-03, -2.662840904131194e-03, -8.761960881215003e-03,  5.807481255874974e-03, -4.912365536040221e-03, -1.359614619471405e-02,  6.096251042217400e-03, -5.278252072565577e-03, -1.684411445226569e-02,  5.743310192441398e-03, -4.912365536073386e-03, -1.661751201567253e-02,  5.262027215347228e-03, -3.191343679256723e-03, -1.321847546703311e-02,  3.946520411397821e-03, -1.630679502135826e-03, -6.495936515287476e-03, -1.953612568246919e-02, -3.698929768262096e-02
  3.390000000000000e+00,  2.107083110760671e+00,  9.181333140573188e-01, -3.020843952992640e-01, -3.631638206401657e-03, -1.079217183582782e-01,  1.755560571742359e-01,  0.000000000000000e+00, -3.686287386450714e-18,  0.000000000000000e+00, -9.112006167497856e-03,  8.392475442150962e-03, -8.458562773439356e-02, -1.412360955874613e-02,  9.104901114432386e-03, -8.663618840711275e-02, -1.571821063765173e-02,  8.897741877969757e-03, -8.304770723064153e-02, -1.419954294326410e-02,  8.559213368121325e-03, -7.638338504547554e-02, -1.260494186408455e-02,  8.225737522473395e-03, -6.408002101127135e-02, -1.009914016802196e-02,  7.341521265144004e-03, -4.511233479190315e-02,  0.000000000000000e+00,  0.000000000000000e+00,  0.000000000000000e+00,  0.000000000000000e+00,  0.000000000000000e+00,  0.000000000000000e+00,  0.000000000000000e+00,  0.000000000000000e+00,  0.000000000000000e+00,  0.000000000000000e+00,  0.000000000000000e+00,  0.000000000000000e+00,  0.000000000000000e+00,  0.000000000000000e+00,  0.000000000000000e+00,  0.000000000000000e+00,  0.000000000000000e+00,  0.000000000000000e+00,  0.000000000000000e+00,  0.000000000000000e+00,  0.000000000000000e+00,  0.000000000000000e+00,  0.000000000000000e+00,  0.000000000000000e+00,  0.000000000000000e+00,  0.000000000000000e+00,  0.000000000000000e+00,  0.000000000000000e+00,  0.000000000000000e+00,  0.000000000000000e+00,  0.000000000000000e+00,  0.000000000000000e+00,  0.000000000000000e+00,  6.321037025709861e-03, -2.766908193160608e-03, -8.870499151133906e-03,  7.019065654377897e-03, -5.104347176195277e-03, -1.376456764803833e-02,  7.368079968821386e-03, -5.484533034893635e-03, -1.705276991944059e-02,  6.941506918031273e-03, -5.104347176237070e-03, -1.682336045862488e-02,  6.359816394103074e-03, -3.316065544787921e-03, -1.338221854665208e-02,  4.769862295469597e-03, -1.694408579933620e-03, -6.576404542983293e-03, -2.019727596439601e-02, -3.748153732472731e-02
  3.400000000000000e+00,  2.120027171438468e+00,  9.184884666836295e-01, -3.027515267471471e-01,  6.834397851689628e-03, -1.090122159539247e-01,  1.723977309010443e-01, -3.469446951953613e-18, -3.686287386450714e-18,  0.000000000000000e+00, -1.122467924229983e-02,  8.474448118283896e-03, -8.343099285882853e-02, -1.739825282478299e-02,  9.193832338113703e-03, -8.545356238298085e-02, -1.936257169184678e-02,  8.984649694247062e-03, -8.191406571634414e-02, -1.749179181832478e-02,  8.642814640553996e-03, -7.534071476379633e-02, -1.552747295103938e-02,  8.306081602468167e-03, -6.320529762060011e-02, -1.244068615939094e-02,  7.413228850042257e-03, -4.449652952487215e-02,  0.000000000000000e+00,  0.000000000000000e+00,  0.000000000000000e+00,  0.000000000000000e+00,  0.000000000000000e+00,  0.000000000000000e+00,  0.000000000000000e+00,  0.000000000000000e+00,  0.000000000000000e+00,  0.000000000000000e+00,  0.000000000000000e+00,  0.000000000000000e+00,  0.000000000000000e+00,  0.000000000000000e+00,  0.000000000000000e+00,  0.000000000000000e+00,  0.000000000000000e+00,  0.000000000000000e+00,  0.000000000000000e+00,  0.000000000000000e+00,  0.000000000000000e+00,  0.000000000000000e+00,  0.000000000000000e+00,  0.000000000000000e+00,  0.000000000000000e+00,  0.000000000000000e+00,  0.000000000000000e+00,  0.000000000000000e+00,  0.000000000000000e+00,  0.000000000000000e+00,  0.000000000000000e+00,  0.000000000000000e+00,  0.000000000000000e+00,  7.418493518316904e-03, -2.893461002794902e-03, -8.949638445011591e-03,  8.237713661498088e-03, -5.337809738554777e-03, -1.388737000062731e-02,  8.647323733194849e-03, -5.735384532938577e-03, -1.720490838959901e-02,  8.146689201307766e-03, -5.337809738602625e-03, -1.697345222290809e-02,  7.464005748618887e-03, -3.467735705987400e-03, -1.350160972278238e-02,  5.598004311365745e-03, -1.771907416731771e-03, -6.635076778103261e-03, -2.102661655261544e-02, -3.785402442298363e-02
  3.410000000000000e+00,  2.133019342384265e+00,  9.191257690197598e-01, -3.034866080331537e-01,  1.728292754078212e-02, -1.095834813138353e-01,  1.692324837061578e-01,  3.469446951953614e-18, -2.602085213965211e-18,  0.000000000000000e+00, -1.330661372556678e-02,  8.501546891684203e-03, -8.226431693226734e-02, -2.062525127400000e-02,  9.223231488884860e-03, -8.425860340356871e-02, -2.295390867573078e-02,  9.013379940860535e-03, -8.076860207922631e-02, -2.073613972165395e-02,  8.670451799976549e-03, -7.428717104816482e-02, -1.840748231977014e-02,  8.332641989446478e-03, -6.232145222158119e-02, -1.474816354520043e-02,  7.436934158578442e-03, -4.387430236396551e-02,  0.000000000000000e+00,  0.000000000000000e+00,  0.000000000000000e+00,  0.000000000000000e+00,  0.000000000000000e+00,  0.000000000000000e+00,  0.000000000000000e+00,  0.000000000000000e+00,  0.000000000000000e+00,  0.000000000000000e+00,  0.000000000000000e+00,  0.000000000000000e+00,  0.000000000000000e+00,  0.000000000000000e+00,  0.000000000000000e+00,  0.000000000000000e+00,  0.000000000000000e+00,  0.000000000000000e+00,  0.000000000000000e+00,  0.000000000000000e+00,  0.000000000000000e+00,  0.000000000000000e+00,  0.000000000000000e+00,  0.000000000000000e+00,  0.000000000000000e+00,  0.000000000000000e+00,  0.000000000000000e+00,  0.000000000000000e+00,  0.000000000000000e+00,  0.000000000000000e+00,  0.000000000000000e+00,  0.000000000000000e+00,  0.000000000000000e+00,  8.471299496950526e-03, -3.029341384686129e-03, -8.990713524728165e-03,  9.406780423038764e-03, -5.588479654271940e-03, -1.395110719332566e-02,  9.874520886181360e-03, -6.004725035483305e-03, -1.728387168945318e-02,  9.302838098065692e-03, -5.588479654321996e-03, -1.705135323621915e-02,  8.523270659622467e-03, -3.630584713301859e-03, -1.356357643791147e-02,  6.392452994631352e-03, -1.855118303698911e-03, -6.665528992385255e-03, -2.193243480056510e-02, -3.806847963202831e-02
  3.420000000000000e+00,  2.146040269256003e+00,  9.200278179144071e-01, -3.042868776481399e-01,  2.731600855124505e-02, -1.097429541556097e-01,  1.661421344977722e-01,  3.469446951953613e-18, -1.214306433183765e-17,  0.000000000000000e+00, -1.529143656335869e-02,  8.466941885168012e-03, -8.111251020439650e-02, -2.370172667275845e-02,  9.185688910753999e-03, -8.307887408827279e-02, -2.637772807120511e-02,  8.976691550016081e-03, -7.963773729173931e-02, -2.382915531081110e-02,  8.635159276350694e-03, -7.324705466954264e-02, -2.115315391228217e-02,  8.298724499216452e-03, -6.144887136703533e-02, -1.694800885729572e-02,  7.406662590238816e-03, -4.326000544236924e-02,  0.000000000000000e+00,  0.000000000000000e+00,  0.000000000000000e+00,  0.000000000000000e+00,  0.000000000000000e+00,  0.000000000000000e+00,  0.000000000000000e+00,  0.000000000000000e+00,  0.000000000000000e+00,  0.000000000000000e+00,  0.000000000000000e+00,  0.000000000000000e+00,  0.000000000000000e+00,  0.000000000000000e+00,  0.000000000000000e+00,  0.000000000000000e+00,  0.000000000000000e+00,  0.000000000000000e+00,  0.000000000000000e+00,  0.000000000000000e+00,  0.000000000000000e+00,  0.000000000000000e+00,  0.000000000000000e+00,  0.000000000000000e+00,  0.000000000000000e+00,  0.000000000000000e+00,  0.000000000000000e+00,  0.000000000000000e+00,  0.000000000000000e+00,  0.000000000000000e+00,  0.000000000000000e+00,  0.000000000000000e+00,  0.000000000000000e+00,  9.432545516646485e-03, -3.159320993120911e-03, -8.985292020789692e-03,  1.047417630992998e-02, -5.828263919169081e-03, -1.394269451484316e-02,  1.099499170665931e-02, -6.262369093900952e-03, -1.727344931556826e-02,  1.035843955524864e-02, -5.828263919217635e-03, -1.704107107364502e-02,  9.490413894145212e-03, -3.786361801258499e-03, -1.355539744495036e-02,  7.117810420538493e-03, -1.934715655080412e-03, -6.661509601547254e-03, -2.280749251769343e-02, -3.808672411317703e-02
  3.430000000000000e+00,  2.159067914546083e+00,  9.211691188091921e-01, -3.051502974366149e-01,  3.661824678707473e-02, -1.096181652028490e-01,  1.631891176877844e-01,  0.000000000000000e+00, -1.301042606982605e-18,  0.000000000000000e+00, -1.712616882356316e-02,  8.362800807640286e-03, -7.999697360445937e-02, -2.654556167624805e-02,  9.072707440322939e-03, -8.193629417675544e-02, -2.954264122032073e-02,  8.866280690033803e-03, -7.854248317534203e-02, -2.668827974986903e-02,  8.528949170265398e-03, -7.223969131556876e-02, -2.369120020577471e-02,  8.196652449225697e-03, -6.060376788216263e-02, -1.898150377921335e-02,  7.315562658683771e-03, -4.266505258902373e-02,  0.000000000000000e+00,  0.000000000000000e+00,  0.000000000000000e+00,  0.000000000000000e+00,  0.000000000000000e+00,  0.000000000000000e+00,  0.000000000000000e+00,  0.000000000000000e+00,  0.000000000000000e+00,  0.000000000000000e+00,  0.000000000000000e+00,  0.000000000000000e+00,  0.000000000000000e+00,  0.000000000000000e+00,  0.000000000000000e+00,  0.000000000000000e+00,  0.000000000000000e+00,  0.000000000000000e+00,  0.000000000000000e+00,  0.000000000000000e+00,  0.000000000000000e+00,  0.000000000000000e+00,  0.000000000000000e+00,  0.000000000000000e+00,  0.000000000000000e+00,  0.000000000000000e+00,  0.000000000000000e+00,  0.000000000000000e+00,  0.000000000000000e+00,  0.000000000000000e+00,  0.000000000000000e+00,  0.000000000000000e+00,  0.000000000000000e+00,  1.026528008796070e-02, -3.267602509572568e-03, -8.926051930189275e-03,  1.139886930015192e-02, -6.028019897298095e-03, -1.385077023636838e-02,  1.196566390632259e-02, -6.477003448325662e-03, -1.715956534835931e-02,  1.127291494334779e-02, -6.028019897342296e-03, -1.692871917774643e-02,  1.032825726649106e-02, -3.916134305675062e-03, -1.346602661866339e-02,  7.746192949813508e-03, -2.001025455632944e-03, -6.617590224047078e-03, -2.353928437397551e-02, -3.787470244991375e-02
  3.440000000000000e+00,  2.172079039036700e+00,  9.225169383752685e-01, -3.060763198153533e-01,  4.499030327133761e-02, -1.093383852966781e-01,  1.604130612273144e-01,  0.000000000000000e+00,  3.903127820947815e-18,  0.000000000000000e+00, -1.877611284845450e-02,  8.181283736131476e-03, -7.893228157373004e-02, -2.910297491496999e-02,  8.875781634456304e-03, -8.084579143008348e-02, -3.238879466346627e-02,  8.673835437878597e-03, -7.749714918147269e-02, -2.925944252217457e-02,  8.343825798800268e-03, -7.127824214836816e-02, -2.597362277370059e-02,  8.018741676664916e-03, -5.979718301035548e-02, -2.081019174028426e-02,  7.156776201398392e-03, -4.209721683927645e-02,  0.000000000000000e+00,  0.000000000000000e+00,  0.000000000000000e+00,  0.000000000000000e+00,  0.000000000000000e+00,  0.000000000000000e+00,  0.000000000000000e+00,  0.000000000000000e+00,  0.000000000000000e+00,  0.000000000000000e+00,  0.000000000000000e+00,  0.000000000000000e+00,  0.000000000000000e+00,  0.000000000000000e+00,  0.000000000000000e+00,  0.000000000000000e+00,  0.000000000000000e+00,  0.000000000000000e+00,  0.000000000000000e+00,  0.000000000000000e+00,  0.000000000000000e+00,  0.000000000000000e+00,  0.000000000000000e+00,  0.000000000000000e+00,  0.000000000000000e+00,  0.000000000000000e+00,  0.000000000000000e+00,  0.000000000000000e+00,  0.000000000000000e+00,  0.000000000000000e+00,  0.000000000000000e+00,  0.000000000000000e+00,  0.000000000000000e+00,  1.094660338250692e-02, -3.339529571745030e-03, -8.807660014919515e-03,  1.215543074991431e-02, -6.160709770187843e-03, -1.366705864374772e-02,  1.275984443368016e-02, -6.619576428981568e-03, -1.693196709751230e-02,  1.202111659806422e-02, -6.160709770226537e-03, -1.670418278677902e-02,  1.101376045853072e-02, -4.002336967930200e-03, -1.328741812584523e-02,  8.260320343858159e-03, -2.045072392743051e-03, -6.529816907567662e-03, -2.402197854299399e-02, -3.740672408460200e-02
  3.450000000000000e+00,  2.185051452342874e+00,  9.240330811888006e-01, -3.070664735702263e-01,  5.236492086494858e-02, -1.090139023550289e-01,  1.578381233573924e-01,  6.938893903907228e-18, -4.336808689942018e-18,  0.000000000000000e+00, -2.022694811067358e-02,  7.915354481940671e-03, -7.792735770106769e-02, -3.135176957150977e-02,  8.587278012150935e-03, -7.981650576654044e-02, -3.489148549093827e-02,  8.391895993319623e-03, -7.651049665191513e-02, -3.152032747258719e-02,  8.072613181493089e-03, -7.037076543908651e-02, -2.798061155320843e-02,  7.758095784724282e-03, -5.903587704619828e-02, -2.241820082268038e-02,  6.924148141863081e-03, -4.156125744051325e-02,  0.000000000000000e+00,  0.000000000000000e+00,  0.000000000000000e+00,  0.000000000000000e+00,  0.000000000000000e+00,  0.000000000000000e+00,  0.000000000000000e+00,  0.000000000000000e+00,  0.000000000000000e+00,  0.000000000000000e+00,  0.000000000000000e+00,  0.000000000000000e+00,  0.000000000000000e+00,  0.000000000000000e+00,  0.000000000000000e+00,  0.000000000000000e+00,  0.000000000000000e+00,  0.000000000000000e+00,  0.000000000000000e+00,  0.000000000000000e+00,  0.000000000000000e+00,  0.000000000000000e+00,  0.000000000000000e+00,  0.000000000000000e+00,  0.000000000000000e+00,  0.000000000000000e+00,  0.000000000000000e+00,  0.000000000000000e+00,  0.000000000000000e+00,  0.000000000000000e+00,  0.000000000000000e+00,  0.000000000000000e+00,  0.000000000000000e+00,  1.146910403720027e-02, -3.363416681817586e-03, -8.627618533582453e-03,  1.273563086339936e-02, -6.204776321770153e-03, -1.338768393135924e-02,  1.336889427654896e-02, -6.666925178880681e-03, -1.658585287050673e-02,  1.259490566055206e-02, -6.204776321803108e-03, -1.636272480498153e-02,  1.153946663869551e-02, -4.030965031101513e-03, -1.301580382214105e-02,  8.654599978995184e-03, -2.059700461812997e-03, -6.396337878312047e-03, -2.416960901288502e-02, -3.666964529012996e-02
  3.460000000000000e+00,  2.197965929138387e+00,  9.256763317654237e-01, -3.081239259133994e-01,  5.879515572806928e-02, -1.087200662102502e-01,  1.554862543734176e-01, -1.734723475976807e-18, -1.214306433183765e-17,  0.000000000000000e+00, -2.148288937880891e-02,  7.559505319256741e-03, -7.698827436387529e-02, -3.329847853718389e-02,  8.201221304366244e-03, -7.885465677267355e-02, -3.705798417856081e-02,  8.014623039614501e-03, -7.558848755720173e-02, -3.347750261550103e-02,  7.709694167540813e-03, -6.952274472852052e-02, -2.971799697418849e-02,  7.409316472630566e-03, -5.832445027559348e-02, -2.381020239492822e-02,  6.612860463475478e-03, -4.106041299401042e-02,  0.000000000000000e+00,  0.000000000000000e+00,  0.000000000000000e+00,  0.000000000000000e+00,  0.000000000000000e+00,  0.000000000000000e+00,  0.000000000000000e+00,  0.000000000000000e+00,  0.000000000000000e+00,  0.000000000000000e+00,  0.000000000000000e+00,  0.000000000000000e+00,  0.000000000000000e+00,  0.000000000000000e+00,  0.000000000000000e+00,  0.000000000000000e+00,  0.000000000000000e+00,  0.000000000000000e+00,  0.000000000000000e+00,  0.000000000000000e+00,  0.000000000000000e+00,  0.000000000000000e+00,  0.000000000000000e+00,  0.000000000000000e+00,  0.000000000000000e+00,  0.000000000000000e+00,  0.000000000000000e+00,  0.000000000000000e+00,  0.000000000000000e+00,  0.000000000000000e+00,  0.000000000000000e+00,  0.000000000000000e+00,  0.000000000000000e+00,  1.183988276141622e-02, -3.331839073728867e-03, -8.386746912230169e-03,  1.314735447739833e-02, -6.146522464535882e-03, -1.301391762238904e-02,  1.380109033542856e-02, -6.604332413651897e-03, -1.612279794328854e-02,  1.300207984233472e-02, -6.146522464563713e-03, -1.590589931624786e-02,  1.191252007899562e-02, -3.993120111440910e-03, -1.265241991064744e-02,  8.934390059231965e-03, -2.040362859541716e-03, -6.217760641802241e-03, -2.392567516722929e-02, -3.566537083501307e-02
  3.470000000000000e+00,  2.210806554051601e+00,  9.274051843472111e-01, -3.092521587342345e-01,  6.441610389101204e-02, -1.084901893053302e-01,  1.533877031757077e-01, -1.387778780781446e-17,  8.673617379884035e-19,  0.000000000000000e+00, -2.256119463308642e-02,  7.110243758065090e-03, -7.612104834090556e-02, -3.496985168135180e-02,  7.713822548422962e-03, -7.796640708853413e-02, -3.891806074223918e-02,  7.538313822444693e-03, -7.473702928010061e-02, -3.515786163678407e-02,  7.251506879705025e-03, -6.873961335020295e-02, -3.120965257596749e-02,  6.968980637582128e-03, -5.766746086425640e-02, -2.500532405178981e-02,  6.219858025958269e-03, -4.059789244843102e-02,  0.000000000000000e+00,  0.000000000000000e+00,  0.000000000000000e+00,  0.000000000000000e+00,  0.000000000000000e+00,  0.000000000000000e+00,  0.000000000000000e+00,  0.000000000000000e+00,  0.000000000000000e+00,  0.000000000000000e+00,  0.000000000000000e+00,  0.000000000000000e+00,  0.000000000000000e+00,  0.000000000000000e+00,  0.000000000000000e+00,  0.000000000000000e+00,  0.000000000000000e+00,  0.000000000000000e+00,  0.000000000000000e+00,  0.000000000000000e+00,  0.000000000000000e+00,  0.000000000000000e+00,  0.000000000000000e+00,  0.000000000000000e+00,  0.000000000000000e+00,  0.000000000000000e+00,  0.000000000000000e+00,  0.000000000000000e+00,  0.000000000000000e+00,  0.000000000000000e+00,  0.000000000000000e+00,  0.000000000000000e+00,  0.000000000000000e+00,  1.207768658527009e-02, -3.241946476734906e-03, -8.089004557798608e-03,  1.341141884621086e-02, -5.980690065437643e-03, -1.255190362415113e-02,  1.407828497671096e-02, -6.426148359993908e-03, -1.555041393436441e-02,  1.326322637280271e-02, -5.980690065461178e-03, -1.534121554062869e-02,  1.215178282200104e-02, -3.885386235616851e-03, -1.220323963458638e-02,  9.113837116496088e-03, -1.985314127511352e-03, -5.997020620420982e-03, -2.326589701021324e-02, -3.441026937490932e-02
  3.480000000000000e+00,  2.223559105530765e+00,  9.291803305306496e-01, -3.104534587900356e-01,  6.939366599780898e-02, -1.083154533155628e-01,  1.515825687893088e-01,  0.000000000000000e+00,  1.734723475976807e-18,  0.000000000000000e+00, -2.348482867252489e-02,  6.566219527364207e-03, -7.533291238447823e-02, -3.640148444250172e-02,  7.123616850662084e-03, -7.715916480588855e-02, -4.051132946029478e-02,  6.961536778134660e-03, -7.396322306833814e-02, -3.659719134825404e-02,  6.696674220389275e-03, -6.802790269864709e-02, -3.248734633053350e-02,  6.435764835135432e-03, -5.707038817000053e-02, -2.602901844552090e-02,  5.743959647016852e-03, -4.017755327167623e-02,  0.000000000000000e+00,  0.000000000000000e+00,  0.000000000000000e+00,  0.000000000000000e+00,  0.000000000000000e+00,  0.000000000000000e+00,  0.000000000000000e+00,  0.000000000000000e+00,  0.000000000000000e+00,  0.000000000000000e+00,  0.000000000000000e+00,  0.000000000000000e+00,  0.000000000000000e+00,  0.000000000000000e+00,  0.000000000000000e+00,  0.000000000000000e+00,  0.000000000000000e+00,  0.000000000000000e+00,  0.000000000000000e+00,  0.000000000000000e+00,  0.000000000000000e+00,  0.000000000000000e+00,  0.000000000000000e+00,  0.000000000000000e+00,  0.000000000000000e+00,  0.000000000000000e+00,  0.000000000000000e+00,  0.000000000000000e+00,  0.000000000000000e+00,  0.000000000000000e+00,  0.000000000000000e+00,  0.000000000000000e+00,  0.000000000000000e+00,  1.220841088602945e-02, -3.095200748445975e-03, -7.740943298527860e-03,  1.355657895931851e-02, -5.709975935589409e-03, -1.201180856667360e-02,  1.423066299598424e-02, -6.135270694951959e-03, -1.488129616871485e-02,  1.340678250674690e-02, -5.709975935609526e-03, -1.468109935927079e-02,  1.228330911232455e-02, -3.709515400918618e-03, -1.167814721759755e-02,  9.212481834247298e-03, -1.895449483021060e-03, -5.738975204071117e-03, -2.219702494885445e-02, -3.293272648592059e-02
  3.490000000000000e+00,  2.236207605175797e+00,  9.309662111541925e-01, -3.117276893739119e-01,  7.387840778981605e-02, -1.081510826528526e-01,  1.501116851347620e-01,  0.000000000000000e+00, -3.469446951953614e-18,  0.000000000000000e+00, -2.427572648102866e-02,  5.928489416266715e-03, -7.463117996703429e-02, -3.762737604569221e-02,  6.431750709550507e-03, -7.644042069347780e-02, -4.187562817997303e-02,  6.285412319442967e-03, -7.327424942212682e-02, -3.782967376650486e-02,  6.046273974495813e-03, -6.739421706108530e-02, -3.358142163229591e-02,  5.810704858573260e-03, -5.653877270224913e-02, -2.690559684995590e-02,  5.186089778519261e-03, -3.980329598237996e-02,  0.000000000000000e+00,  0.000000000000000e+00,  0.000000000000000e+00,  0.000000000000000e+00,  0.000000000000000e+00,  0.000000000000000e+00,  0.000000000000000e+00,  0.000000000000000e+00,  0.000000000000000e+00,  0.000000000000000e+00,  0.000000000000000e+00,  0.000000000000000e+00,  0.000000000000000e+00,  0.000000000000000e+00,  0.000000000000000e+00,  0.000000000000000e+00,  0.000000000000000e+00,  0.000000000000000e+00,  0.000000000000000e+00,  0.000000000000000e+00,  0.000000000000000e+00,  0.000000000000000e+00,  0.000000000000000e+00,  0.000000000000000e+00,  0.000000000000000e+00,  0.000000000000000e+00,  0.000000000000000e+00,  0.000000000000000e+00,  0.000000000000000e+00,  0.000000000000000e+00,  0.000000000000000e+00,  0.000000000000000e+00,  0.000000000000000e+00,  1.225972194478870e-02, -2.896989344848844e-03, -7.351253312587505e-03,  1.361355626996066e-02, -5.344318766060677e-03, -1.140711720918779e-02,  1.429047343256072e-02, -5.742378370723055e-03, -1.413215076471966e-02,  1.346313023383487e-02, -5.344318766078041e-03, -1.394203214456773e-02,  1.233493496284614e-02, -3.471964329406350e-03, -1.109025284226603e-02,  9.251201222145638e-03, -1.774068114554658e-03, -5.450067111050359e-03, -2.075483181341703e-02, -3.127091832111798e-02
