solid Main.HumanModel.BodyModel.Trunk.Segments.C4Seg.BoneDraw
facet normal   -2.573150559637710e-01    6.611791455784900e-02   -9.640629561127647e-01
  outer loop
    vertex    2.311955019831657e-02    5.331184864044191e-01    1.090020034462214e-02
    vertex    2.462017908692360e-02    5.294011831283570e-01    1.024472992867231e-02
    vertex    2.418244071304798e-02    5.277950167655946e-01    1.025141030550003e-02
  endloop
endfacet
facet normal   -1.888447526851072e-01   -9.804976125895809e-01   -5.442509613618443e-02
  outer loop
    vertex    3.053261525928974e-02    5.189943313598634e-01    2.707277675690651e-20
    vertex    2.917383983731269e-02    5.192419886589051e-01    2.530122874304652e-04
    vertex    2.992697805166244e-02    5.191109776496888e-01   -3.260982750597181e-23
  endloop
endfacet
facet normal   -1.014012918304292e-01    9.111643265532398e-01    3.993711907885962e-01
  outer loop
    vertex    2.962380088865757e-02    5.402426719665528e-01    1.088328007608652e-02
    vertex    3.112665936350822e-02    5.394697189331056e-01    1.302834972739220e-02
    vertex    3.037857078015804e-02    5.401921868324281e-01    1.119009964168072e-02
  endloop
endfacet
facet normal   -1.313405038550314e-01    5.066973502404416e-01    8.520607180866993e-01
  outer loop
    vertex    2.622101083397865e-02    5.345032215118409e-01    1.560143008828163e-02
    vertex    2.582428976893425e-02    5.317239761352540e-01    1.719301939010620e-02
    vertex    2.745470032095909e-02    5.322867035865785e-01    1.710969954729080e-02
  endloop
endfacet
facet normal    6.274671908807500e-01    7.705403420703049e-01   -1.120379650404184e-01
  outer loop
    vertex    2.310133911669254e-02    5.366163253784181e-01    1.686275005340576e-02
    vertex    2.306107990443706e-02    5.367447733879090e-01    1.752067916095257e-02
    vertex    2.559120953083038e-02    5.344597101211549e-01    1.597513072192669e-02
  endloop
endfacet
facet normal   -7.431872296069376e-01    6.084509067247654e-01    2.783167904654258e-01
  outer loop
    vertex    1.317976042628288e-02    5.313832759857179e-01    2.301535941660404e-02
    vertex    1.573402062058448e-02    5.350602269172670e-01    2.179750055074692e-02
    vertex    1.455694995820522e-02    5.339689254760743e-01    2.104016020894051e-02
  endloop
endfacet
facet normal    1.752750849159139e-01    7.084688553102184e-01    6.836304013596439e-01
  outer loop
    vertex    2.440652064979076e-02    5.347055196762086e-01    2.588617987930775e-02
    vertex    2.366144955158233e-02    5.369188785552980e-01    2.378343045711517e-02
    vertex    2.299576066434383e-02    5.367156863212587e-01    2.416468039155006e-02
  endloop
endfacet
facet normal    8.348325456259622e-03    9.999642729129342e-01    1.326031592109683e-03
  outer loop
    vertex    1.811967976391315e-02    5.384120941162110e-01    1.188265997916460e-02
    vertex    1.776473969221115e-02    5.384156107902528e-01    1.146532967686653e-02
    vertex    1.734476909041404e-02    5.384181141853334e-01    1.222153007984161e-02
  endloop
endfacet
facet normal   -6.003598375694823e-01    6.973836506688367e-01    3.914385126853905e-01
  outer loop
    vertex    2.899626083672046e-02    5.319939255714418e-01    4.041354986838996e-04
    vertex    3.083848953247070e-02    5.337492823600770e-01    1.022822034428827e-04
    vertex    2.951378002762794e-02    5.326321125030519e-01    6.088006921345368e-05
  endloop
endfacet
facet normal    8.256666969606216e-02   -9.947078745937520e-01   -6.114727529891848e-02
  outer loop
    vertex    4.022133350372314e-02    5.177617669105531e-01   -2.696200920604757e-23
    vertex    3.949100151658058e-02    5.175647139549256e-01    2.219380112364888e-03
    vertex    3.878948837518692e-02    5.176429152488710e-01    1.083924696825257e-19
  endloop
endfacet
facet normal    2.624399777936980e-01   -9.338287584757463e-01   -2.430825125328626e-01
  outer loop
    vertex    2.196265943348407e-02    5.294572710990907e-01    2.146401070058346e-02
    vertex    2.147617936134338e-02    5.296257734298707e-01    2.029146999120712e-02
    vertex    2.340394072234630e-02    5.300133228302003e-01    2.088393084704876e-02
  endloop
endfacet
facet normal   -5.437768033107153e-01   -8.274137167251226e-01    1.403329239925473e-01
  outer loop
    vertex   -1.593112945556642e-02    5.203016996383668e-01    3.146476112306118e-03
    vertex   -1.271300017833711e-02    5.183420777320863e-01    4.062341060489416e-03
    vertex   -1.630637049674990e-02    5.206822752952577e-01    3.936355933547020e-03
  endloop
endfacet
facet normal    1.743584393833094e-01   -9.559718450259804e-01    2.360444155946922e-01
  outer loop
    vertex    1.417456008493900e-02    5.264120101928712e-01    1.052473019808531e-02
    vertex    1.993704959750175e-02    5.291211009025575e-01    1.723988912999630e-02
    vertex    1.292701996862888e-02    5.263540744781495e-01    1.121161039918661e-02
  endloop
endfacet
facet normal   -5.391507744447311e-01    2.317968378888056e-01    8.096830666133492e-01
  outer loop
    vertex    2.451799064874649e-02    5.285047888755799e-01    1.005700975656509e-02
    vertex    2.559147030115127e-02    5.332133769989015e-01    9.423837997019291e-03
    vertex    2.243269048631191e-02    5.258824229240419e-01    9.419186040759087e-03
  endloop
endfacet
facet normal    6.537505052833524e-02    1.573997739952696e-01   -9.853686690344156e-01
  outer loop
    vertex    1.458634994924068e-02    5.266981124877931e-01    9.543589316308498e-03
    vertex    2.253863960504532e-02    5.271636247634889e-01    1.014554966241121e-02
    vertex    2.020953036844730e-02    5.239971876144410e-01    9.485226124525070e-03
  endloop
endfacet
facet normal    2.930787896008565e-01    6.582139401898923e-01   -6.934401430734982e-01
  outer loop
    vertex    3.010392934083938e-02    5.390247106552125e-01    1.244316995143890e-02
    vertex    2.774661034345626e-02    5.375362038612367e-01    1.003396976739168e-02
    vertex    2.714600041508674e-02    5.382338166236879e-01    1.044229976832867e-02
  endloop
endfacet
facet normal    9.831534540249077e-01   -1.777420127965338e-01    4.262701873143670e-02
  outer loop
    vertex    4.131092876195908e-02    5.189114212989808e-01    3.169477917253971e-03
    vertex    4.186952859163284e-02    5.212501883506776e-01    3.784467844525352e-05
    vertex    4.150114953517914e-02    5.200362801551820e-01    3.472536103799939e-03
  endloop
endfacet
facet normal    8.804271879380158e-01   -1.218149260863976e-01    4.582674879610413e-01
  outer loop
    vertex    4.010254144668579e-02    5.224220156669618e-01    9.313113987445831e-03
    vertex    3.805138915777206e-02    5.211362242698671e-01    1.291202008724213e-02
    vertex    4.036895185709000e-02    5.195195078849794e-01    8.029750548303127e-03
  endloop
endfacet
facet normal    9.227332877544058e-01   -2.128374361729802e-01    3.213463947724598e-01
  outer loop
    vertex    3.232968971133232e-02    5.307648777961732e-01    1.738890074193478e-02
    vertex    3.096334077417850e-02    5.264441967010499e-01    1.845059916377068e-02
    vertex    3.133263066411018e-02    5.261949896812440e-01    1.722514070570469e-02
  endloop
endfacet
facet normal   -8.041807631265375e-01    4.851193664576794e-01    3.434421355991711e-01
  outer loop
    vertex    1.358534954488277e-02    5.333076715469361e-01    1.903479918837547e-02
    vertex    1.482561044394970e-02    5.345715880393983e-01    2.015360072255135e-02
    vertex    9.202728047966957e-03    5.312178134918214e-01    1.172471977770329e-02
  endloop
endfacet
facet normal    1.767572128987040e-01    9.044950851390647e-01    3.881308138341482e-01
  outer loop
    vertex    1.588555052876472e-02    5.354204177856446e-01    1.987186074256897e-02
    vertex    1.811967976391315e-02    5.384120941162110e-01    1.188265997916460e-02
    vertex    1.734476909041404e-02    5.384181141853334e-01    1.222153007984161e-02
  endloop
endfacet
facet normal    4.278594533394642e-01    4.432754484112342e-01    7.876821472039811e-01
  outer loop
    vertex    2.439882047474384e-02    5.326542854309083e-01    2.283206023275852e-02
    vertex    2.504749968647957e-02    5.316988229751588e-01    2.301740087568760e-02
    vertex    2.905439026653766e-02    5.296249985694886e-01    2.200797013938427e-02
  endloop
endfacet
facet normal    6.224871390366750e-01    6.362597620801391e-02    7.800394200843395e-01
  outer loop
    vertex    3.595634177327156e-02    5.322257280349733e-01    1.336510013788939e-02
    vertex    3.711232915520668e-02    5.299056768417360e-01    1.263184007257223e-02
    vertex    3.867483884096146e-02    5.314406752586366e-01    1.125971972942352e-02
  endloop
endfacet
facet normal    3.631171049136116e-01    9.317208245579948e-01    6.501784687883074e-03
  outer loop
    vertex    3.908890113234520e-02    5.320008993148805e-01    6.915063131600618e-03
    vertex    3.886887058615685e-02    5.321171879768373e-01    2.539078006520867e-03
    vertex    3.227841109037399e-02    5.346726775169374e-01    4.400989972054958e-03
  endloop
endfacet
facet normal   -2.085286919912193e-01   -9.583341195224746e-01    1.952216688165398e-01
  outer loop
    vertex    3.338202089071274e-02    5.197166800498964e-01    1.251510996371508e-02
    vertex    3.687318041920662e-02    5.179541707038881e-01    7.592163048684597e-03
    vertex    3.498201817274094e-02    5.195599198341371e-01    1.345464028418064e-02
  endloop
endfacet
facet normal    7.812344679512588e-01   -3.145627090185719e-01    5.391873590690074e-01
  outer loop
    vertex    2.840862981975078e-02    5.266457796096803e-01    2.359725907444954e-02
    vertex    3.065053932368755e-02    5.279958248138429e-01    2.113655023276806e-02
    vertex    3.065112978219986e-02    5.290244221687318e-01    2.173577994108200e-02
  endloop
endfacet
facet normal    6.804176150314000e-01    7.019838845829474e-01   -2.103580161078178e-01
  outer loop
    vertex    3.277315944433212e-02    5.382661223411561e-01    1.250811014324427e-02
    vertex    3.522872924804688e-02    5.358027219772340e-01    1.223022956401110e-02
    vertex    3.037857078015804e-02    5.401921868324281e-01    1.119009964168072e-02
  endloop
endfacet
facet normal    2.687179618590037e-01   -8.073130655958714e-02    9.598297313146352e-01
  outer loop
    vertex    3.343123942613602e-02    5.207663774490358e-01    1.527117006480694e-02
    vertex    3.415102139115334e-02    5.214723944664003e-01    1.512903999537230e-02
    vertex    3.103386983275413e-02    5.247926712036134e-01    1.628099940717220e-02
  endloop
endfacet
facet normal    6.372641800162452e-01    5.853768981544188e-01   -5.012267470669675e-01
  outer loop
    vertex    3.280609101057053e-02    5.358359217643739e-01    9.188839234411716e-03
    vertex    3.037857078015804e-02    5.401921868324281e-01    1.119009964168072e-02
    vertex    3.522872924804688e-02    5.358027219772340e-01    1.223022956401110e-02
  endloop
endfacet
facet normal   -3.969768192038178e-01    7.389457804452422e-01    5.443974086795337e-01
  outer loop
    vertex    2.962380088865757e-02    5.402426719665528e-01    1.088328007608652e-02
    vertex    3.101024031639099e-02    5.387833714485170e-01    1.387508027255535e-02
    vertex    3.112665936350822e-02    5.394697189331056e-01    1.302834972739220e-02
  endloop
endfacet
facet normal   -8.274557486898374e-01    4.852367083722220e-01    2.825992229434323e-01
  outer loop
    vertex    2.962380088865757e-02    5.402426719665528e-01    1.088328007608652e-02
    vertex    2.708023041486740e-02    5.367575287818910e-01    9.419820271432400e-03
    vertex    2.774661034345626e-02    5.375362038612367e-01    1.003396976739168e-02
  endloop
endfacet
facet normal    1.070287143516369e-01    3.924501290115555e-01    9.135249041723215e-01
  outer loop
    vertex    3.036068007349968e-02    5.379108190536500e-01    1.492233015596867e-02
    vertex    2.897631004452705e-02    5.323197841644288e-01    1.748643070459366e-02
    vertex    2.969619072973728e-02    5.333905220031739e-01    1.694210059940815e-02
  endloop
endfacet
facet normal    9.348908593251914e-01   -2.369045282053761e-01   -2.643015808995344e-01
  outer loop
    vertex    2.384692989289760e-02    5.347645282745362e-01    1.986110955476761e-02
    vertex    2.528610080480575e-02    5.384531021118165e-01    2.164554037153721e-02
    vertex    2.399099990725517e-02    5.345389842987062e-01    2.057288028299809e-02
  endloop
endfacet
facet normal   -8.883973045005904e-01    3.828655010506116e-01   -2.533066076148610e-01
  outer loop
    vertex    2.295519039034843e-02    5.259966254234315e-01    7.269810885190964e-03
    vertex    2.198950015008449e-02    5.249416828155519e-01    9.062166325747967e-03
    vertex    2.582998946309089e-02    5.332660079002381e-01    8.174769580364227e-03
  endloop
endfacet
facet normal    1.840598904419166e-01    3.372012267411753e-01   -9.232644742514228e-01
  outer loop
    vertex    2.166407927870750e-02    5.325676202774049e-01    1.121047977358103e-02
    vertex    2.060740068554878e-02    5.337224006652833e-01    1.142157986760139e-02
    vertex    2.136906050145626e-02    5.336636900901796e-01    1.155197992920876e-02
  endloop
endfacet
facet normal   -2.169223310662376e-01    6.905655547859831e-01    6.899738522784158e-01
  outer loop
    vertex    3.205938031896948e-03    5.297868251800538e-01    6.460181903094053e-04
    vertex    1.411473029293119e-03    5.290983915328981e-01    7.708765915594995e-04
    vertex    1.832469948567449e-03    5.285828113555909e-01    1.419257023371756e-03
  endloop
endfacet
facet normal   -6.521180139243427e-01    7.367027427890267e-01    1.789166417147823e-01
  outer loop
    vertex    1.243640016764402e-02    5.366712212562562e-01    3.957444801926613e-03
    vertex    9.793044999241829e-03    5.343772172927858e-01    3.768638940528035e-03
    vertex    1.230662036687136e-02    5.362967252731324e-01    5.026436876505613e-03
  endloop
endfacet
facet normal   -6.095086068070158e-01    7.740494528619936e-01    1.713087935636088e-01
  outer loop
    vertex    1.669537089765072e-02    5.379933118820192e-01    1.251075975596905e-02
    vertex    1.501999981701374e-02    5.370085835456849e-01    1.099930983036757e-02
    vertex    1.505502965301275e-02    5.352507233619691e-01    1.906673982739449e-02
  endloop
endfacet
facet normal   -8.638059287215213e-01    4.739916613807855e-01    1.707958502043680e-01
  outer loop
    vertex    8.635107427835464e-03    5.249969959259034e-01    2.029776945710182e-02
    vertex    1.167809031903744e-02    5.299018025398256e-01    2.207596972584724e-02
    vertex    7.956303656101227e-03    5.250933766365052e-01    1.659722067415714e-02
  endloop
endfacet
facet normal   -3.948648137777621e-01   -2.302917217892851e-01    8.894085122796946e-01
  outer loop
    vertex    2.081869915127754e-02    5.273981094360353e-01    2.674585022032261e-02
    vertex    2.287212945520877e-02    5.273308753967286e-01    2.764008939266205e-02
    vertex    2.160421013832092e-02    5.279244780540467e-01    2.723087929189205e-02
  endloop
endfacet
facet normal   -3.913725129694489e-01    8.828858389252944e-01   -2.594998102449360e-01
  outer loop
    vertex    2.020438015460968e-02    5.356985926628114e-01    1.550531014800072e-02
    vertex    1.686012931168079e-02    5.356233119964601e-01    2.029291912913322e-02
    vertex    2.178270928561687e-02    5.372077822685243e-01    1.825956068933010e-02
  endloop
endfacet
facet normal   -3.690342356725821e-01    8.969035221006654e-01   -2.436756141778946e-01
  outer loop
    vertex    2.020438015460968e-02    5.356985926628114e-01    1.550531014800072e-02
    vertex    2.036622911691665e-02    5.353913903236390e-01    1.412947010248899e-02
    vertex    1.686012931168079e-02    5.356233119964601e-01    2.029291912913322e-02
  endloop
endfacet
facet normal   -4.181375587510643e-01   -5.299519951811598e-01    7.377749418116668e-01
  outer loop
    vertex    2.826136909425258e-02    5.233728289604188e-01    1.426787953823805e-02
    vertex    2.965423092246055e-02    5.255565047264100e-01    1.662584953010082e-02
    vertex    2.205299027264118e-02    5.231813788414003e-01    1.061172969639301e-02
  endloop
endfacet
facet normal   -3.590142593555403e-01   -3.780320701066781e-02    9.325661794849208e-01
  outer loop
    vertex   -1.335843000561000e-02    5.190979838371278e-01    5.007016006857157e-03
    vertex   -1.570365019142629e-02    5.232632160186769e-01    4.273010883480310e-03
    vertex   -1.630637049674990e-02    5.206822752952577e-01    3.936355933547020e-03
  endloop
endfacet
facet normal   -2.149513996114256e-01   -9.766235724900497e-01   -1.514417994413123e-03
  outer loop
    vertex    3.664559125900269e-02    5.179855227470399e-01    2.701978897675872e-03
    vertex    3.418774157762527e-02    5.185204744338990e-01    6.579244975000620e-03
    vertex    2.562483027577400e-02    5.204097032546998e-01    3.637104062363505e-03
  endloop
endfacet
facet normal    5.123209103114648e-01    6.280067755950635e-01    5.857770690837291e-01
  outer loop
    vertex    2.905439026653766e-02    5.296249985694886e-01    2.200797013938427e-02
    vertex    2.935970947146415e-02    5.299499034881593e-01    2.139260992407799e-02
    vertex    2.439882047474384e-02    5.326542854309083e-01    2.283206023275852e-02
  endloop
endfacet
facet normal    1.597276118523908e-02   -9.460012863950399e-01    3.237691106931743e-01
  outer loop
    vertex    1.269636023789644e-02    5.260959267616273e-01    9.674110449850559e-03
    vertex    1.450140960514545e-02    5.261309742927552e-01    9.687463752925396e-03
    vertex    1.417456008493900e-02    5.264120101928712e-01    1.052473019808531e-02
  endloop
endfacet
facet normal    3.213574922297011e-01   -9.094086115883013e-01   -2.640176875833804e-01
  outer loop
    vertex    2.196265943348407e-02    5.294572710990907e-01    2.146401070058346e-02
    vertex    1.111757010221481e-02    5.257881879806520e-01    2.090171910822392e-02
    vertex    2.147617936134338e-02    5.296257734298707e-01    2.029146999120712e-02
  endloop
endfacet
facet normal   -2.073976817785163e-01   -8.573411633333301e-01    4.711181712130719e-01
  outer loop
    vertex    3.065053932368755e-02    5.279958248138429e-01    2.113655023276806e-02
    vertex    3.045218996703624e-02    5.261631011962892e-01    1.771404035389423e-02
    vertex    3.096334077417850e-02    5.264441967010499e-01    1.845059916377068e-02
  endloop
endfacet
facet normal   -1.733581532101671e-01    9.457678009016171e-01   -2.747184331152159e-01
  outer loop
    vertex    2.243106998503208e-02    5.371869206428529e-01    1.777859963476658e-02
    vertex    2.178270928561687e-02    5.372077822685243e-01    1.825956068933010e-02
    vertex    2.502650953829288e-02    5.388805270195008e-01    2.197132073342800e-02
  endloop
endfacet
facet normal    6.555862655659703e-01   -6.388398225209367e-01   -4.026044331135503e-01
  outer loop
    vertex    1.130170002579689e-02    5.255535840988160e-01    8.263668976724148e-03
    vertex    1.289772987365723e-02    5.266696214675904e-01    9.091692976653576e-03
    vertex    1.269636023789644e-02    5.260959267616273e-01    9.674110449850559e-03
  endloop
endfacet
facet normal    9.460859836355111e-01   -3.234383554892831e-01    1.757673936814158e-02
  outer loop
    vertex    1.108422596007586e-02    5.345458984375001e-01    5.416716104997260e-20
    vertex    1.108937989920378e-02    5.345633029937745e-01    4.285388058633544e-05
    vertex    1.099870353937149e-02    5.342957377433778e-01   -4.299449468483318e-23
  endloop
endfacet
facet normal   -1.358898082601747e-01    3.489323830713795e-01    9.272433079052881e-01
  outer loop
    vertex   -1.130400039255620e-02    5.192574858665467e-01    5.010427907109261e-03
    vertex   -7.646198850125089e-03    5.203552246093751e-01    5.133396014571190e-03
    vertex   -5.009158048778787e-03    5.247902274131776e-01    3.850918030366302e-03
  endloop
endfacet
facet normal   -4.015213253299045e-01   -1.201755300388266e-01    9.079308714242533e-01
  outer loop
    vertex    9.887783788144588e-03    5.258694887161256e-01    2.177743054926395e-02
    vertex    2.160421013832092e-02    5.279244780540467e-01    2.723087929189205e-02
    vertex    1.092545967549086e-02    5.264484286308290e-01    2.231295965611935e-02
  endloop
endfacet
facet normal   -1.462222916821402e-01   -9.892516500674491e-01    4.628758501061999e-04
  outer loop
    vertex    3.949100151658058e-02    5.175647139549256e-01    2.219380112364888e-03
    vertex    3.687318041920662e-02    5.179541707038881e-01    7.592163048684597e-03
    vertex    3.664559125900269e-02    5.179855227470399e-01    2.701978897675872e-03
  endloop
endfacet
facet normal    1.964289156385623e-01   -9.633766102465697e-01   -1.825409212502426e-01
  outer loop
    vertex    2.056285925209522e-02    5.272895097732545e-01    2.609504014253616e-02
    vertex    1.719477958977222e-02    5.271288156509401e-01    2.331878989934921e-02
    vertex    2.197417989373207e-02    5.275244116783143e-01    2.637401968240738e-02
  endloop
endfacet
facet normal    3.513678815418804e-01   -9.359462503184127e-01   -2.335012496056769e-02
  outer loop
    vertex    8.753433823585510e-03    5.250291824340821e-01    1.845531910657883e-02
    vertex    1.827903091907501e-02    5.286340117454530e-01    1.730168052017689e-02
    vertex    2.112602069973945e-02    5.296515226364137e-01    1.935756951570511e-02
  endloop
endfacet
facet normal   -8.888848328487696e-01    3.855051532470841e-01   -2.475268283466603e-01
  outer loop
    vertex    2.643374912440776e-02    5.354778766632081e-01    9.451455436646938e-03
    vertex    2.733829990029335e-02    5.338100194931031e-01    3.605588106438518e-03
    vertex    2.582998946309089e-02    5.332660079002381e-01    8.174769580364227e-03
  endloop
endfacet
facet normal    8.528859435831504e-01    3.968515322581617e-01   -3.392556979368638e-01
  outer loop
    vertex    2.500079944729805e-02    5.338953733444215e-01    2.499436028301716e-02
    vertex    2.491340972483158e-02    5.347033143043519e-01    2.571976929903030e-02
    vertex    2.634493075311184e-02    5.294036269187928e-01    2.311917953193188e-02
  endloop
endfacet
facet normal    6.345755528459289e-01    1.849827038143746e-01    7.503967397449212e-01
  outer loop
    vertex    3.595634177327156e-02    5.322257280349733e-01    1.336510013788939e-02
    vertex    3.867483884096146e-02    5.314406752586366e-01    1.125971972942352e-02
    vertex    3.674682974815369e-02    5.332993865013124e-01    1.243195030838251e-02
  endloop
endfacet
facet normal   -9.444834759416519e-02    7.829788727913227e-01    6.148362338047113e-01
  outer loop
    vertex    3.083848953247070e-02    5.337492823600770e-01    1.022822034428827e-04
    vertex    3.082440607249736e-02    5.338279008865358e-01    1.352040968676886e-20
    vertex    3.073991090059280e-02    5.338177084922792e-01    1.352036332996873e-20
  endloop
endfacet
facet normal    2.926719398922280e-01   -9.562125070414202e-01   -8.814631484283854e-04
  outer loop
    vertex   -7.904946804046645e-03    5.195168852806092e-01    3.764582099393010e-03
    vertex   -7.960880175232901e-03    5.195032358169557e-01   -5.339633910742471e-23
    vertex   -5.339300725609079e-03    5.203056335449220e-01    4.336289109388662e-19
  endloop
endfacet
facet normal    1.463822584803809e-01   -1.987818204000791e-01    9.690500618031113e-01
  outer loop
    vertex    3.103386983275413e-02    5.247926712036134e-01    1.628099940717220e-02
    vertex    3.415102139115334e-02    5.214723944664003e-01    1.512903999537230e-02
    vertex    3.196211904287338e-02    5.259150266647340e-01    1.637100987136364e-02
  endloop
endfacet
facet normal    2.976830808267676e-01    7.329513313212008e-01   -6.116920216121536e-01
  outer loop
    vertex    2.926255948841571e-02    5.369001030921937e-01    6.702294107526541e-03
    vertex    2.962380088865757e-02    5.402426719665528e-01    1.088328007608652e-02
    vertex    3.037857078015804e-02    5.401921868324281e-01    1.119009964168072e-02
  endloop
endfacet
facet normal   -3.425990377112761e-01    4.418176463172819e-01    8.291098038028286e-01
  outer loop
    vertex    2.969555929303169e-02    5.384436249732972e-01    1.475473958998919e-02
    vertex    2.692943997681141e-02    5.351899266242982e-01    1.534557994455099e-02
    vertex    2.745470032095909e-02    5.322867035865785e-01    1.710969954729080e-02
  endloop
endfacet
facet normal    9.355791432067629e-01    1.010318628650969e-01   -3.383551824377862e-01
  outer loop
    vertex    2.309596911072731e-02    5.368002057075502e-01    1.839249022305012e-02
    vertex    2.384692989289760e-02    5.347645282745362e-01    1.986110955476761e-02
    vertex    2.390198037028312e-02    5.333865880966188e-01    1.960187964141369e-02
  endloop
endfacet
facet normal   -5.843941241742990e-01    7.844025155734617e-01    2.078369581969941e-01
  outer loop
    vertex    2.444515936076641e-02    5.340479016304017e-01    1.232654042541981e-02
    vertex    2.622101083397865e-02    5.345032215118409e-01    1.560143008828163e-02
    vertex    2.547463960945606e-02    5.347967147827150e-01    1.239510998129845e-02
  endloop
endfacet
facet normal   -9.947193424732143e-01    1.007584063205464e-01    1.952365911912652e-02
  outer loop
    vertex    2.282590046525001e-02    5.221362113952638e-01    1.109430013457313e-04
    vertex    2.289449051022529e-02    5.220754742622377e-01    3.919021226465702e-03
    vertex    2.306747063994407e-02    5.237557291984559e-01    4.060740116983652e-03
  endloop
endfacet
facet normal   -6.659064961823395e-01    5.086634561705844e-02   -7.442991019917502e-01
  outer loop
    vertex    2.168833091855049e-02    5.237014889717103e-01    9.246858768165112e-03
    vertex    2.149656973779201e-02    5.242642164230348e-01    9.456880390644073e-03
    vertex    2.198950015008449e-02    5.249416828155519e-01    9.062166325747967e-03
  endloop
endfacet
facet normal   -7.267971399878740e-01    4.328691178151410e-01    5.332825181340454e-01
  outer loop
    vertex    2.149656973779201e-02    5.242642164230348e-01    9.456880390644073e-03
    vertex    2.418244071304798e-02    5.277950167655946e-01    1.025141030550003e-02
    vertex    2.243269048631191e-02    5.258824229240419e-01    9.419186040759087e-03
  endloop
endfacet
facet normal   -5.965461788102649e-01    4.319450013224802e-01    6.764289854666148e-01
  outer loop
    vertex    1.682599075138569e-02    5.374165177345277e-01    1.048163045197725e-02
    vertex    1.647775992751121e-02    5.379577279090882e-01    9.828925132751465e-03
    vertex    1.615660078823566e-02    5.384250879287721e-01    9.247252717614174e-03
  endloop
endfacet
facet normal   -3.908639368135509e-01   -4.831472614286145e-01    7.834501303035455e-01
  outer loop
    vertex    9.866108885034910e-04    5.211889147758485e-01    6.007226184010506e-03
    vertex    1.597960945218801e-03    5.216568112373353e-01    6.600777152925730e-03
    vertex    6.274962797760954e-04    5.217978954315187e-01    6.203616969287395e-03
  endloop
endfacet
facet normal   -4.889863509196613e-01   -4.056210680337132e-01    7.722460085888846e-01
  outer loop
    vertex    1.597960945218801e-03    5.216568112373353e-01    6.600777152925730e-03
    vertex    6.230947095900773e-03    5.244420170783998e-01    1.099731028079987e-02
    vertex    1.753002987243234e-03    5.222504734992982e-01    7.010770030319691e-03
  endloop
endfacet
facet normal   -7.347426541105692e-01    6.434554539004559e-01    2.147517428947078e-01
  outer loop
    vertex    1.455694995820522e-02    5.339689254760743e-01    2.104016020894051e-02
    vertex    1.573402062058448e-02    5.350602269172670e-01    2.179750055074692e-02
    vertex    1.482561044394970e-02    5.345715880393983e-01    2.015360072255135e-02
  endloop
endfacet
facet normal   -2.573359435477106e-01    1.992324184684861e-01    9.455604981118910e-01
  outer loop
    vertex    2.107332088053226e-02    5.315824151039125e-01    2.632337063550949e-02
    vertex    2.044722065329551e-02    5.329126119613649e-01    2.587269991636276e-02
    vertex    1.985462009906768e-02    5.315788984298707e-01    2.599244005978107e-02
  endloop
endfacet
facet normal    2.949351083228469e-02    9.993479816458793e-01   -2.082653113442574e-02
  outer loop
    vertex    1.979129016399383e-02    5.354046821594239e-01    1.395307015627623e-02
    vertex    1.686012931168079e-02    5.356233119964601e-01    2.029291912913322e-02
    vertex    2.036622911691665e-02    5.353913903236390e-01    1.412947010248899e-02
  endloop
endfacet
facet normal   -3.098748925704813e-01   -9.132217991086424e-01    2.645817389526472e-01
  outer loop
    vertex    3.099909052252769e-02    5.205839872360231e-01    1.418089959770441e-02
    vertex    2.378424070775509e-02    5.219684839248658e-01    1.050963997840881e-02
    vertex    3.224216029047966e-02    5.201662182807923e-01    1.419480983167887e-02
  endloop
endfacet
facet normal   -1.743611406295244e-01   -6.491896875971181e-01    7.403721646279845e-01
  outer loop
    vertex    2.965423092246055e-02    5.255565047264100e-01    1.662584953010082e-02
    vertex    2.976638078689575e-02    5.245093703269960e-01    1.573408953845501e-02
    vertex    3.103386983275413e-02    5.247926712036134e-01    1.628099940717220e-02
  endloop
endfacet
facet normal    5.126000259215494e-01    8.359370539008359e-01    1.960878765778693e-01
  outer loop
    vertex    2.935970947146415e-02    5.299499034881593e-01    2.139260992407799e-02
    vertex    2.928318083286285e-02    5.305756926536561e-01    1.892488077282906e-02
    vertex    2.439882047474384e-02    5.326542854309083e-01    2.283206023275852e-02
  endloop
endfacet
facet normal    4.347539374304936e-02    9.601364604621702e-01    2.761301639264758e-01
  outer loop
    vertex    2.927595935761928e-02    5.313205122947694e-01    1.805246062576771e-02
    vertex    2.582428976893425e-02    5.317239761352540e-01    1.719301939010620e-02
    vertex    2.825576066970825e-02    5.312207937240602e-01    1.855981908738613e-02
  endloop
endfacet
facet normal    8.002055772239177e-01    2.225831813466519e-02    5.993126074542006e-01
  outer loop
    vertex    3.927436098456383e-02    5.292798280715943e-01    1.097664982080460e-02
    vertex    3.805138915777206e-02    5.211362242698671e-01    1.291202008724213e-02
    vertex    4.131542891263962e-02    5.287550091743470e-01    8.270896039903164e-03
  endloop
endfacet
facet normal    5.577227599640918e-01    7.707203146134139e-01   -3.081160814696893e-01
  outer loop
    vertex    2.310133911669254e-02    5.366163253784181e-01    1.686275005340576e-02
    vertex    2.559120953083038e-02    5.344597101211549e-01    1.597513072192669e-02
    vertex    2.524109929800033e-02    5.344020128250123e-01    1.519707031548023e-02
  endloop
endfacet
facet normal    1.171381284817978e-01   -9.931143372834524e-01   -1.603726233078642e-03
  outer loop
    vertex    3.244360210373997e-03    5.214071869850160e-01   -4.724877970014925e-23
    vertex    1.644138013944029e-03    5.212147235870362e-01    2.301594009622931e-03
    vertex    1.388762844726442e-03    5.211883187294007e-01    2.167921676763192e-19
  endloop
endfacet
facet normal    8.983738922856338e-01    3.245793884934745e-01   -2.959266297999600e-01
  outer loop
    vertex    2.366144955158233e-02    5.369188785552980e-01    2.378343045711517e-02
    vertex    2.481045015156269e-02    5.348432064056398e-01    2.499491907656193e-02
    vertex    2.393505908548832e-02    5.336002111434938e-01    2.097406052052975e-02
  endloop
endfacet
facet normal   -6.502552825326628e-01    6.877113838081603e-01    3.228329600877703e-01
  outer loop
    vertex    2.601420972496270e-03    5.271081924438478e-01    4.767916165292263e-03
    vertex    9.793044999241829e-03    5.343772172927858e-01    3.768638940528035e-03
    vertex    4.616416059434413e-03    5.306528806686402e-01    1.275517977774143e-03
  endloop
endfacet
facet normal    4.679944058253601e-01    4.361569287572032e-01    7.686015675323933e-01
  outer loop
    vertex    3.312148153781891e-02    5.326011180877687e-01    1.570983044803143e-02
    vertex    3.614683821797371e-02    5.346853733062745e-01    1.268497016280890e-02
    vertex    3.306604176759720e-02    5.372841954231263e-01    1.308608986437321e-02
  endloop
endfacet
facet normal    5.507669501958469e-01    8.342039172931056e-01    2.756067750987060e-02
  outer loop
    vertex    4.104888066649437e-02    5.309637784957887e-01    6.789218168705702e-03
    vertex    4.201764985918999e-02    5.305433273315431e-01    1.557076029712334e-04
    vertex    4.091019928455353e-02    5.312393903732301e-01    1.218404970131814e-03
  endloop
endfacet
facet normal    6.202427233921370e-01    6.146464134456849e-01   -4.873486949992387e-01
  outer loop
    vertex    3.624932840466499e-02    5.341917276382447e-01    1.149734016507864e-02
    vertex    3.280609101057053e-02    5.358359217643739e-01    9.188839234411716e-03
    vertex    3.522872924804688e-02    5.358027219772340e-01    1.223022956401110e-02
  endloop
endfacet
facet normal   -7.108013884202883e-01    6.521460962195788e-01    2.635656567258993e-01
  outer loop
    vertex    2.547463960945606e-02    5.347967147827150e-01    1.239510998129845e-02
    vertex    2.692943997681141e-02    5.351899266242982e-01    1.534557994455099e-02
    vertex    2.969555929303169e-02    5.384436249732972e-01    1.475473958998919e-02
  endloop
endfacet
facet normal    2.318707567178136e-01    9.555367194339149e-01   -1.821689600139941e-01
  outer loop
    vertex    2.444515936076641e-02    5.340479016304017e-01    1.232654042541981e-02
    vertex    2.149762026965618e-02    5.349575877189637e-01    1.334641966968775e-02
    vertex    2.524109929800033e-02    5.344020128250123e-01    1.519707031548023e-02
  endloop
endfacet
facet normal   -6.499456908849673e-01    7.062045776746266e-01   -2.807947531052965e-01
  outer loop
    vertex    2.832590043544769e-02    5.352500081062318e-01    2.594555029645562e-03
    vertex    2.750826999545097e-02    5.368831157684327e-01    8.594394661486149e-03
    vertex    2.860550023615360e-02    5.356637239456178e-01    2.987879095599055e-03
  endloop
endfacet
facet normal    3.554103230011063e-01    2.584558184050285e-02   -9.343529890804519e-01
  outer loop
    vertex    1.374791003763676e-02    5.278189182281495e-01    9.375006891787052e-03
    vertex    1.710294000804424e-02    5.367606878280641e-01    1.089853979647160e-02
    vertex    1.747534982860088e-02    5.353674888610841e-01    1.100165955722332e-02
  endloop
endfacet
facet normal    7.900594438654722e-01   -1.932695254785715e-01   -5.817671060486906e-01
  outer loop
    vertex    1.682599075138569e-02    5.374165177345277e-01    1.048163045197725e-02
    vertex    1.481452025473118e-02    5.330250263214112e-01    9.208887815475464e-03
    vertex    1.647775992751121e-02    5.379577279090882e-01    9.828925132751465e-03
  endloop
endfacet
facet normal    8.044265975149739e-01   -4.027244890488229e-01   -4.367045169572290e-01
  outer loop
    vertex    7.209230214357375e-03    5.232344269752504e-01    2.261037938296795e-03
    vertex    1.322930026799440e-02    5.281726717948915e-01    8.796240203082561e-03
    vertex    1.181470975279808e-02    5.262954235076905e-01    7.921689189970493e-03
  endloop
endfacet
facet normal   -2.613153356074148e-01    7.254282033106412e-01    6.367638629962281e-01
  outer loop
    vertex   -1.467593014240266e-02    5.276144146919252e-01    1.005058002192527e-04
    vertex   -1.579475961625578e-02    5.237922072410585e-01    3.995779901742935e-03
    vertex   -1.471143029630186e-02    5.247266888618470e-01    3.375756088644266e-03
  endloop
endfacet
facet normal   -6.821007562782909e-01    6.955673474673338e-02    7.279425931596227e-01
  outer loop
    vertex    1.753002987243234e-03    5.222504734992982e-01    7.010770030319691e-03
    vertex    6.230947095900773e-03    5.244420170783998e-01    1.099731028079987e-02
    vertex    6.056608166545629e-03    5.252426266670228e-01    1.075745001435280e-02
  endloop
endfacet
facet normal   -3.660916675943747e-01   -2.733413026243819e-01    8.895287646825007e-01
  outer loop
    vertex    9.887783788144588e-03    5.258694887161256e-01    2.177743054926395e-02
    vertex    2.081869915127754e-02    5.273981094360353e-01    2.674585022032261e-02
    vertex    2.160421013832092e-02    5.279244780540467e-01    2.723087929189205e-02
  endloop
endfacet
facet normal   -4.698285579911810e-02    1.874895912466674e-01    9.811423262886567e-01
  outer loop
    vertex    2.107332088053226e-02    5.315824151039125e-01    2.632337063550949e-02
    vertex    2.436318993568420e-02    5.294439196586610e-01    2.688956074416637e-02
    vertex    2.440652064979076e-02    5.347055196762086e-01    2.588617987930775e-02
  endloop
endfacet
facet normal   -8.050345203371754e-01    5.705292024159513e-01    1.625295365652420e-01
  outer loop
    vertex    8.635107427835464e-03    5.249969959259034e-01    2.029776945710182e-02
    vertex    7.956303656101227e-03    5.250933766365052e-01    1.659722067415714e-02
    vertex    6.924426183104514e-03    5.245162248611451e-01    1.351215038448572e-02
  endloop
endfacet
facet normal   -9.910167805391011e-01    1.337039117607887e-01   -3.000778195437021e-03
  outer loop
    vertex   -1.609696075320246e-02    5.237234830856324e-01    2.797784050926566e-03
    vertex   -1.608522422611715e-02    5.237476825714112e-01   -2.168982881156584e-19
    vertex   -1.627524755895140e-02    5.223392248153688e-01   -5.795787153968018e-23
  endloop
endfacet
facet normal    9.989688755571072e-01    3.454432373507071e-02   -2.945972447012078e-02
  outer loop
    vertex    2.402924001216888e-02    5.330659151077272e-01    2.354118973016739e-02
    vertex    2.390198037028312e-02    5.333865880966188e-01    1.960187964141369e-02
    vertex    2.393505908548832e-02    5.336002111434938e-01    2.097406052052975e-02
  endloop
endfacet
facet normal   -2.509799195581212e-01    4.843991079718933e-01    8.380731377240492e-01
  outer loop
    vertex    7.622807752341022e-04    5.252578258514405e-01    5.062914919108152e-03
    vertex   -3.126810071989895e-03    5.256335735321046e-01    3.681059926748276e-03
    vertex   -3.032776992768050e-03    5.246124863624574e-01    4.299399908632040e-03
  endloop
endfacet
facet normal    2.837069007390987e-01   -9.555634385716741e-01    8.005566399758121e-02
  outer loop
    vertex    1.993704959750175e-02    5.291211009025575e-01    1.723988912999630e-02
    vertex    2.112602069973945e-02    5.296515226364137e-01    1.935756951570511e-02
    vertex    1.827903091907501e-02    5.286340117454530e-01    1.730168052017689e-02
  endloop
endfacet
facet normal    8.243163296846739e-01   -5.195967041591079e-01    2.247706689988278e-01
  outer loop
    vertex    4.131092876195908e-02    5.189114212989808e-01    3.169477917253971e-03
    vertex    4.036895185709000e-02    5.195195078849794e-01    8.029750548303127e-03
    vertex    4.095384106040001e-02    5.181583166122438e-01    2.738116076216102e-03
  endloop
endfacet
facet normal    3.863790123116520e-01    9.165776165223998e-01   -1.029404280892067e-01
  outer loop
    vertex    3.908890113234520e-02    5.320008993148805e-01    6.915063131600618e-03
    vertex    3.032848052680492e-02    5.355002284049989e-01    5.191387142986059e-03
    vertex    3.744202852249146e-02    5.330548882484437e-01    1.011832989752293e-02
  endloop
endfacet
facet normal   -1.108490787476590e-02    8.901900296584444e-01    4.554545377028381e-01
  outer loop
    vertex    3.216272965073586e-02    5.314711928367616e-01    1.724470034241676e-02
    vertex    2.928318083286285e-02    5.305756926536561e-01    1.892488077282906e-02
    vertex    3.070525079965591e-02    5.295042991638185e-01    2.105353958904743e-02
  endloop
endfacet
facet normal    5.985910720454504e-01    4.545036844473116e-01   -6.596325714299568e-01
  outer loop
    vertex    2.402924001216888e-02    5.330659151077272e-01    2.354118973016739e-02
    vertex    2.500079944729805e-02    5.338953733444215e-01    2.499436028301716e-02
    vertex    2.634493075311184e-02    5.294036269187928e-01    2.311917953193188e-02
  endloop
endfacet
facet normal    6.948125723676958e-01    3.410709603416659e-01    6.331714533137128e-01
  outer loop
    vertex    2.559120953083038e-02    5.344597101211549e-01    1.597513072192669e-02
    vertex    2.306107990443706e-02    5.367447733879090e-01    1.752067916095257e-02
    vertex    2.582428976893425e-02    5.317239761352540e-01    1.719301939010620e-02
  endloop
endfacet
facet normal   -6.912048518586245e-01    2.488185535199126e-01    6.784726819786892e-01
  outer loop
    vertex    2.559147030115127e-02    5.332133769989015e-01    9.423837997019291e-03
    vertex    2.451799064874649e-02    5.285047888755799e-01    1.005700975656509e-02
    vertex    2.643374912440776e-02    5.354778766632081e-01    9.451455436646938e-03
  endloop
endfacet
facet normal   -4.070775594356368e-02    7.221228738473892e-01    6.905660241225503e-01
  outer loop
    vertex   -1.049397978931667e-02    5.276638865470887e-01    5.529489717446268e-04
    vertex   -1.424441020935775e-02    5.270926952362062e-01    9.291602182202041e-04
    vertex   -1.471143029630186e-02    5.247266888618470e-01    3.375756088644266e-03
  endloop
endfacet
facet normal    6.950058868901463e-01    6.050679641730894e-01    3.884064571032186e-01
  outer loop
    vertex    1.688425987958908e-02    5.358198285102845e-01    1.813158020377159e-02
    vertex    1.958901062607765e-02    5.357657074928285e-01    1.337607018649578e-02
    vertex    1.811967976391315e-02    5.384120941162110e-01    1.188265997916460e-02
  endloop
endfacet
facet normal   -4.488835351555892e-01   -4.218387295060733e-01    7.877535516612559e-01
  outer loop
    vertex    2.976638078689575e-02    5.245093703269960e-01    1.573408953845501e-02
    vertex    2.826136909425258e-02    5.233728289604188e-01    1.426787953823805e-02
    vertex    3.087393939495086e-02    5.209885835647584e-01    1.447984017431736e-02
  endloop
endfacet
facet normal    7.355529247418078e-01    1.205037887435444e-01    6.666638821791860e-01
  outer loop
    vertex    2.491340972483158e-02    5.347033143043519e-01    2.571976929903030e-02
    vertex    2.508193999528885e-02    5.286309719085694e-01    2.663143910467625e-02
    vertex    2.523333020508289e-02    5.332701206207277e-01    2.562584914267063e-02
  endloop
endfacet
facet normal   -2.548286888832151e-01    8.348468153109773e-01    4.879478807077457e-01
  outer loop
    vertex   -1.049397978931667e-02    5.276638865470887e-01    5.529489717446268e-04
    vertex   -1.471143029630186e-02    5.247266888618470e-01    3.375756088644266e-03
    vertex   -1.083066035062076e-02    5.260304212570192e-01    3.171870950609446e-03
  endloop
endfacet
facet normal    3.712153932350715e-02    4.640740106404727e-01    8.850182506402451e-01
  outer loop
    vertex    2.693386003375053e-02    5.283216238021852e-01    2.278036065399647e-02
    vertex    2.840862981975078e-02    5.266457796096803e-01    2.359725907444954e-02
    vertex    2.905439026653766e-02    5.296249985694886e-01    2.200797013938427e-02
  endloop
endfacet
facet normal    2.934181571992484e-01   -9.509332041167537e-01    9.814186840508725e-02
  outer loop
    vertex    1.196413021534681e-02    5.262631773948671e-01    1.320965960621834e-02
    vertex    1.292701996862888e-02    5.263540744781495e-01    1.121161039918661e-02
    vertex    1.827903091907501e-02    5.286340117454530e-01    1.730168052017689e-02
  endloop
endfacet
facet normal   -7.383848125175769e-01    5.085809852001770e-01    4.428693375434789e-01
  outer loop
    vertex    2.951378002762794e-02    5.326321125030519e-01    6.088006921345368e-05
    vertex    2.948198653757572e-02    5.326389670372010e-01   -3.285396432863750e-23
    vertex    2.888830192387104e-02    5.317770242691041e-01    6.743083899012870e-21
  endloop
endfacet
facet normal    9.705557840553709e-01   -1.259831314211056e-01    2.053039713059562e-01
  outer loop
    vertex    4.120646044611931e-02    5.207232832908631e-01    5.287225823849440e-03
    vertex    4.150114953517914e-02    5.200362801551820e-01    3.472536103799939e-03
    vertex    4.181618988513947e-02    5.279446840286256e-01    6.836140062659979e-03
  endloop
endfacet
facet normal    5.174116514643230e-01    1.441080010979754e-02    8.556152825710615e-01
  outer loop
    vertex    3.196211904287338e-02    5.259150266647340e-01    1.637100987136364e-02
    vertex    3.493712097406387e-02    5.230041146278382e-01    1.462098024785519e-02
    vertex    3.309261053800583e-02    5.272737145423890e-01    1.566448993980885e-02
  endloop
endfacet
facet normal    5.484251344768939e-01    1.730375104249277e-01    8.181001722649520e-01
  outer loop
    vertex    3.711232915520668e-02    5.299056768417360e-01    1.263184007257223e-02
    vertex    3.838795050978661e-02    5.297703146934510e-01    1.180533971637487e-02
    vertex    3.867483884096146e-02    5.314406752586366e-01    1.125971972942352e-02
  endloop
endfacet
facet normal    6.894160197754382e-01    6.707687112544509e-01    2.734499729000456e-01
  outer loop
    vertex    3.674682974815369e-02    5.332993865013124e-01    1.243195030838251e-02
    vertex    3.862100839614868e-02    5.321143865585328e-01    1.061359979212284e-02
    vertex    3.624932840466499e-02    5.341917276382447e-01    1.149734016507864e-02
  endloop
endfacet
facet normal    5.090299969991402e-01    8.602297435017673e-01    2.988729746797125e-02
  outer loop
    vertex    3.944006934762001e-02    5.318667292594911e-01    8.200791664421558e-03
    vertex    4.104888066649437e-02    5.309637784957887e-01    6.789218168705702e-03
    vertex    4.091019928455353e-02    5.312393903732301e-01    1.218404970131814e-03
  endloop
endfacet
facet normal    9.075822882053847e-01    4.096793557483347e-01   -9.196312092087497e-02
  outer loop
    vertex    3.674682974815369e-02    5.332993865013124e-01    1.243195030838251e-02
    vertex    3.624932840466499e-02    5.341917276382447e-01    1.149734016507864e-02
    vertex    3.614683821797371e-02    5.346853733062745e-01    1.268497016280890e-02
  endloop
endfacet
facet normal    6.167364730036581e-01    6.312225973989583e-01   -4.703128271692371e-01
  outer loop
    vertex    3.177919983863831e-02    5.352954268455506e-01    7.116827182471752e-03
    vertex    3.280609101057053e-02    5.358359217643739e-01    9.188839234411716e-03
    vertex    3.624932840466499e-02    5.341917276382447e-01    1.149734016507864e-02
  endloop
endfacet
facet normal    3.694400279643380e-01    7.030738587538193e-01   -6.076193009399254e-01
  outer loop
    vertex    3.021644987165928e-02    5.361012220382692e-01    6.357889156788588e-03
    vertex    2.926255948841571e-02    5.369001030921937e-01    6.702294107526541e-03
    vertex    3.037857078015804e-02    5.401921868324281e-01    1.119009964168072e-02
  endloop
endfacet
facet normal    3.279639067328261e-01    8.522405039286526e-01   -4.075853276848643e-01
  outer loop
    vertex    3.021644987165928e-02    5.361012220382692e-01    6.357889156788588e-03
    vertex    3.032848052680492e-02    5.355002284049989e-01    5.191387142986059e-03
    vertex    2.917785011231899e-02    5.358688831329347e-01    5.036369897425175e-03
  endloop
endfacet
facet normal    9.398656184812350e-01   -2.367196007935537e-01    2.462040816010698e-01
  outer loop
    vertex    3.096334077417850e-02    5.264441967010499e-01    1.845059916377068e-02
    vertex    3.232968971133232e-02    5.307648777961732e-01    1.738890074193478e-02
    vertex    3.065053932368755e-02    5.279958248138429e-01    2.113655023276806e-02
  endloop
endfacet
facet normal    8.519562545437278e-01    2.903470820390924e-01    4.357397299939580e-01
  outer loop
    vertex    3.235417976975441e-02    5.321905016899110e-01    1.639107987284660e-02
    vertex    3.216272965073586e-02    5.314711928367616e-01    1.724470034241676e-02
    vertex    3.232968971133232e-02    5.307648777961732e-01    1.738890074193478e-02
  endloop
endfacet
facet normal    8.327746627141117e-01    2.927785614985395e-01    4.698585692186997e-01
  outer loop
    vertex    3.232968971133232e-02    5.307648777961732e-01    1.738890074193478e-02
    vertex    3.216272965073586e-02    5.314711928367616e-01    1.724470034241676e-02
    vertex    3.070525079965591e-02    5.295042991638185e-01    2.105353958904743e-02
  endloop
endfacet
facet normal   -1.940069097401132e-01    7.416185840860745e-01   -6.421551173285607e-01
  outer loop
    vertex    3.083848953247070e-02    5.337492823600770e-01    1.022822034428827e-04
    vertex    2.832590043544769e-02    5.352500081062318e-01    2.594555029645562e-03
    vertex    2.860550023615360e-02    5.356637239456178e-01    2.987879095599055e-03
  endloop
endfacet
facet normal   -7.848013064541227e-01    2.114637503204271e-01   -5.825547113261743e-01
  outer loop
    vertex    2.451799064874649e-02    5.285047888755799e-01    1.005700975656509e-02
    vertex    2.418244071304798e-02    5.277950167655946e-01    1.025141030550003e-02
    vertex    2.462017908692360e-02    5.294011831283570e-01    1.024472992867231e-02
  endloop
endfacet
facet normal    6.555816385066676e-01   -6.389086047457139e-01   -4.025028074868522e-01
  outer loop
    vertex    1.130170002579689e-02    5.255535840988160e-01    8.263668976724148e-03
    vertex    1.181470975279808e-02    5.262954235076905e-01    7.921689189970493e-03
    vertex    1.289772987365723e-02    5.266696214675904e-01    9.091692976653576e-03
  endloop
endfacet
facet normal    9.465192503082224e-01   -3.221608813177061e-01   -1.771088209433248e-02
  outer loop
    vertex    1.108937989920378e-02    5.345633029937745e-01    4.285388058633544e-05
    vertex    1.075411029160023e-02    5.334843993186952e-01    1.750358962453902e-03
    vertex    8.076143451035023e-03    5.256133079528810e-01    1.807417953386903e-03
  endloop
endfacet
facet normal    2.574776032770271e-01    4.744572540111314e-02   -9.651187424104249e-01
  outer loop
    vertex    1.458634994924068e-02    5.266981124877931e-01    9.543589316308498e-03
    vertex    1.289772987365723e-02    5.266696214675904e-01    9.091692976653576e-03
    vertex    1.374791003763676e-02    5.278189182281495e-01    9.375006891787052e-03
  endloop
endfacet
facet normal   -8.756653524611697e-02    3.219895379916868e-01   -9.426849098871217e-01
  outer loop
    vertex    2.149656973779201e-02    5.242642164230348e-01    9.456880390644073e-03
    vertex    2.168833091855049e-02    5.237014889717103e-01    9.246858768165112e-03
    vertex    2.020953036844730e-02    5.239971876144410e-01    9.485226124525070e-03
  endloop
endfacet
facet normal   -2.459130571732785e-01   -6.506900893701643e-01   -7.184213080826177e-01
  outer loop
    vertex    2.168833091855049e-02    5.237014889717103e-01    9.246858768165112e-03
    vertex    2.164964005351066e-02    5.229368805885316e-01    9.952625259757042e-03
    vertex    2.020953036844730e-02    5.239971876144410e-01    9.485226124525070e-03
  endloop
endfacet
facet normal   -5.201646492170754e-01    6.119854267333923e-01    5.957370016801243e-01
  outer loop
    vertex    2.601420972496270e-03    5.271081924438478e-01    4.767916165292263e-03
    vertex    9.168087271973481e-04    5.261734724044801e-01    4.257219843566418e-03
    vertex    7.622807752341022e-04    5.252578258514405e-01    5.062914919108152e-03
  endloop
endfacet
facet normal   -5.344117972506776e-01    7.423849106478504e-01    4.040651870697151e-01
  outer loop
    vertex    3.205938031896948e-03    5.297868251800538e-01    6.460181903094053e-04
    vertex    9.168087271973481e-04    5.261734724044801e-01    4.257219843566418e-03
    vertex    2.601420972496270e-03    5.271081924438478e-01    4.767916165292263e-03
  endloop
endfacet
facet normal   -5.179848577668982e-01    7.702762825759583e-01    3.719759879685363e-01
  outer loop
    vertex    1.588555052876472e-02    5.354204177856446e-01    1.987186074256897e-02
    vertex    1.505502965301275e-02    5.352507233619691e-01    1.906673982739449e-02
    vertex    1.482561044394970e-02    5.345715880393983e-01    2.015360072255135e-02
  endloop
endfacet
facet normal   -5.719337511460901e-01   -3.898564691190631e-02    8.193728721618885e-01
  outer loop
    vertex    6.274962797760954e-04    5.217978954315187e-01    6.203616969287395e-03
    vertex    1.753002987243234e-03    5.222504734992982e-01    7.010770030319691e-03
    vertex    2.951670903712510e-03    5.235865116119386e-01    7.911025546491146e-03
  endloop
endfacet
facet normal   -7.167492967491296e-01    1.911784567527942e-01    6.706125880739552e-01
  outer loop
    vertex    2.951670903712510e-03    5.235865116119386e-01    7.911025546491146e-03
    vertex    1.753002987243234e-03    5.222504734992982e-01    7.010770030319691e-03
    vertex    6.056608166545629e-03    5.252426266670228e-01    1.075745001435280e-02
  endloop
endfacet
facet normal   -6.540467430382148e-01   -2.180377862321006e-01    7.243496266970173e-01
  outer loop
    vertex    6.230947095900773e-03    5.244420170783998e-01    1.099731028079987e-02
    vertex    7.410482037812471e-03    5.247033238410951e-01    1.214102003723383e-02
    vertex    7.028316147625445e-03    5.255125761032106e-01    1.203954033553600e-02
  endloop
endfacet
facet normal   -8.079720378922699e-01    3.003910000322498e-01    5.068988391028698e-01
  outer loop
    vertex    8.635107427835464e-03    5.249969959259034e-01    2.029776945710182e-02
    vertex    9.887783788144588e-03    5.258694887161256e-01    2.177743054926395e-02
    vertex    1.114870980381966e-02    5.285782814025880e-01    2.218203991651535e-02
  endloop
endfacet
facet normal   -8.414737020067995e-01    4.722209219492806e-01    2.625441100164758e-01
  outer loop
    vertex    7.028316147625445e-03    5.255125761032106e-01    1.203954033553600e-02
    vertex    1.344791986048222e-02    5.328325033187867e-01    1.944898068904877e-02
    vertex    1.358534954488277e-02    5.333076715469361e-01    1.903479918837547e-02
  endloop
endfacet
facet normal   -6.056240302933565e-01    7.894415270112879e-01    1.000080464828594e-01
  outer loop
    vertex    1.482561044394970e-02    5.345715880393983e-01    2.015360072255135e-02
    vertex    1.573402062058448e-02    5.350602269172670e-01    2.179750055074692e-02
    vertex    1.588555052876472e-02    5.354204177856446e-01    1.987186074256897e-02
  endloop
endfacet
facet normal   -4.028869282854490e-01    1.712296239749467e-01    8.990898391652048e-01
  outer loop
    vertex    1.309993956238031e-02    5.302410125732423e-01    2.322042919695377e-02
    vertex    1.985462009906768e-02    5.315788984298707e-01    2.599244005978107e-02
    vertex    1.852609030902385e-02    5.327038764953614e-01    2.518286928534508e-02
  endloop
endfacet
facet normal    4.743093669470998e-01    1.435668919593012e-01    8.685730665634226e-01
  outer loop
    vertex    2.491340972483158e-02    5.347033143043519e-01    2.571976929903030e-02
    vertex    2.436318993568420e-02    5.294439196586610e-01    2.688956074416637e-02
    vertex    2.508193999528885e-02    5.286309719085694e-01    2.663143910467625e-02
  endloop
endfacet
facet normal    6.738559338571032e-01    7.091369014104451e-01    2.074681552999501e-01
  outer loop
    vertex    1.958901062607765e-02    5.357657074928285e-01    1.337607018649578e-02
    vertex    1.979129016399383e-02    5.354046821594239e-01    1.395307015627623e-02
    vertex    2.052064985036850e-02    5.350534915924073e-01    1.278449967503548e-02
  endloop
endfacet
facet normal   -3.549497826490086e-01    9.026697667783400e-01   -2.433062760015836e-01
  outer loop
    vertex    2.243106998503208e-02    5.371869206428529e-01    1.777859963476658e-02
    vertex    2.036622911691665e-02    5.353913903236390e-01    1.412947010248899e-02
    vertex    2.020438015460968e-02    5.356985926628114e-01    1.550531014800072e-02
  endloop
endfacet
facet normal    1.309301948568701e-01   -6.904924291673702e-01    7.113912350720145e-01
  outer loop
    vertex    3.343123942613602e-02    5.207663774490358e-01    1.527117006480694e-02
    vertex    3.270975872874260e-02    5.204002857208253e-01    1.504862029105425e-02
    vertex    3.627277910709381e-02    5.195292234420777e-01    1.354738045483828e-02
  endloop
endfacet
facet normal   -2.794176612261175e-01   -9.477601048499281e-01    1.538718760845527e-01
  outer loop
    vertex    2.538092993199825e-02    5.214633941650392e-01    1.029803045094013e-02
    vertex    2.378424070775509e-02    5.219684839248658e-01    1.050963997840881e-02
    vertex    2.443151921033859e-02    5.209885239601136e-01    5.649064201861620e-03
  endloop
endfacet
facet normal   -2.236453246129882e-01   -6.457142339169316e-01    7.300930741322103e-01
  outer loop
    vertex    2.976638078689575e-02    5.245093703269960e-01    1.573408953845501e-02
    vertex    2.965423092246055e-02    5.255565047264100e-01    1.662584953010082e-02
    vertex    2.826136909425258e-02    5.233728289604188e-01    1.426787953823805e-02
  endloop
endfacet
facet normal    4.805052221193155e-02   -9.817230499575043e-01   -1.841493972221915e-01
  outer loop
    vertex    2.287212945520877e-02    5.273308753967286e-01    2.764008939266205e-02
    vertex    2.081869915127754e-02    5.273981094360353e-01    2.674585022032261e-02
    vertex    2.197417989373207e-02    5.275244116783143e-01    2.637401968240738e-02
  endloop
endfacet
facet normal    8.656828098814748e-02   -8.803023803420380e-01    4.664479090862118e-01
  outer loop
    vertex    6.864298135042190e-03    5.242763757705690e-01    1.056716032326221e-02
    vertex    6.230947095900773e-03    5.244420170783998e-01    1.099731028079987e-02
    vertex    1.597960945218801e-03    5.216568112373353e-01    6.600777152925730e-03
  endloop
endfacet
facet normal    9.392367450774097e-01   -3.432334344350021e-01   -5.014596927574977e-03
  outer loop
    vertex    7.786171976476907e-03    5.248299241065980e-01    1.115769962780178e-03
    vertex    8.076143451035023e-03    5.256133079528810e-01    1.807417953386903e-03
    vertex    7.209230214357375e-03    5.232344269752504e-01    2.261037938296795e-03
  endloop
endfacet
facet normal    3.030400635549765e-01   -9.529736622876164e-01    2.814048102591725e-03
  outer loop
    vertex    1.111757010221481e-02    5.257881879806520e-01    2.090171910822392e-02
    vertex    8.635107427835464e-03    5.249969959259034e-01    2.029776945710182e-02
    vertex    8.753433823585510e-03    5.250291824340821e-01    1.845531910657883e-02
  endloop
endfacet
facet normal   -2.867563557829205e-01   -9.363865937025992e-01    2.023633849097770e-01
  outer loop
    vertex    1.417456008493900e-02    5.264120101928712e-01    1.052473019808531e-02
    vertex    1.450140960514545e-02    5.261309742927552e-01    9.687463752925396e-03
    vertex    1.558845024555922e-02    5.259397029876710e-01    1.034277956932783e-02
  endloop
endfacet
facet normal   -3.864810078736484e-01   -8.318612108023644e-01    3.982955642677845e-01
  outer loop
    vertex    1.558845024555922e-02    5.259397029876710e-01    1.034277956932783e-02
    vertex    1.450140960514545e-02    5.261309742927552e-01    9.687463752925396e-03
    vertex    2.164964005351066e-02    5.229368805885316e-01    9.952625259757042e-03
  endloop
endfacet
facet normal    2.289608763126399e-01   -9.669122032874311e-01   -1.125064809332939e-01
  outer loop
    vertex    2.340394072234630e-02    5.300133228302003e-01    2.088393084704876e-02
    vertex    2.147617936134338e-02    5.296257734298707e-01    2.029146999120712e-02
    vertex    2.112602069973945e-02    5.296515226364137e-01    1.935756951570511e-02
  endloop
endfacet
facet normal   -3.353270441701592e-01   -9.228459525883652e-01   -1.895022987706924e-01
  outer loop
    vertex    2.537005022168159e-02    5.296533107757569e-01    2.060819044709206e-02
    vertex    2.494185976684093e-02    5.299568176269532e-01    1.988784968852997e-02
    vertex    2.990492060780525e-02    5.278506278991700e-01    2.136244997382164e-02
  endloop
endfacet
facet normal   -4.540366371384902e-01   -7.766188321713517e-01   -4.367080508220301e-01
  outer loop
    vertex    2.855483070015907e-02    5.255231261253358e-01    2.422785013914108e-02
    vertex    2.770370990037918e-02    5.259181857109071e-01    2.441019006073475e-02
    vertex    2.451341040432453e-02    5.297151207923890e-01    2.097480930387974e-02
  endloop
endfacet
facet normal   -8.428597870606142e-01    1.286735021579633e-01    5.225232140283731e-01
  outer loop
    vertex   -1.570365019142629e-02    5.232632160186769e-01    4.273010883480310e-03
    vertex   -1.579475961625578e-02    5.237922072410585e-01    3.995779901742935e-03
    vertex   -1.630637049674990e-02    5.206822752952577e-01    3.936355933547020e-03
  endloop
endfacet
facet normal   -6.651076579263288e-01    7.192988204178380e-01    2.006016209138417e-01
  outer loop
    vertex    1.230662036687136e-02    5.362967252731324e-01    5.026436876505613e-03
    vertex    1.089129969477654e-02    5.348839759826661e-01    5.399555899202824e-03
    vertex    1.072592008858919e-02    5.333136916160585e-01    1.048181019723415e-02
  endloop
endfacet
facet normal    4.620919003221514e-01   -8.855734856119547e-01    4.723004592159483e-02
  outer loop
    vertex    4.101829975843430e-02    5.182397961616517e-01    1.254533999599516e-03
    vertex    4.035754501819611e-02    5.178281068801881e-01   -2.688727913794469e-23
    vertex    4.093600064516068e-02    5.181299448013307e-01   -2.656991956253609e-23
  endloop
endfacet
facet normal    9.605551771402316e-01   -2.773201293100432e-01    2.067117675796678e-02
  outer loop
    vertex    4.131092876195908e-02    5.189114212989808e-01    3.169477917253971e-03
    vertex    4.134384170174599e-02    5.187891721725465e-01    4.336545228295108e-19
    vertex    4.159274324774742e-02    5.196512937545777e-01    2.168142248878953e-19
  endloop
endfacet
facet normal    8.591838308631387e-01    5.049012029215287e-01    8.293322658461358e-02
  outer loop
    vertex    4.254738986492157e-02    5.296651721000672e-01    1.387766042171279e-05
    vertex    4.201764985918999e-02    5.305433273315431e-01    1.557076029712334e-04
    vertex    4.155525937676430e-02    5.301409959793092e-01    7.395459804683924e-03
  endloop
endfacet
facet normal    7.464024060269355e-01    4.907388085344940e-01    4.495095884131361e-01
  outer loop
    vertex    3.862100839614868e-02    5.321143865585328e-01    1.061359979212284e-02
    vertex    3.674682974815369e-02    5.332993865013124e-01    1.243195030838251e-02
    vertex    3.867483884096146e-02    5.314406752586366e-01    1.125971972942352e-02
  endloop
endfacet
facet normal    5.865193397282182e-01    3.651631162404357e-02    8.091116258651527e-01
  outer loop
    vertex    3.711232915520668e-02    5.299056768417360e-01    1.263184007257223e-02
    vertex    3.595634177327156e-02    5.322257280349733e-01    1.336510013788939e-02
    vertex    3.309261053800583e-02    5.272737145423890e-01    1.566448993980885e-02
  endloop
endfacet
facet normal    6.459455907765366e-01   -1.480310457497107e-01    7.488932522399958e-01
  outer loop
    vertex    3.309261053800583e-02    5.272737145423890e-01    1.566448993980885e-02
    vertex    3.203096985816956e-02    5.268204212188722e-01    1.649058982729912e-02
    vertex    3.196211904287338e-02    5.259150266647340e-01    1.637100987136364e-02
  endloop
endfacet
facet normal   -4.436540211609424e-01    5.235450767211901e-01   -7.273731244338968e-01
  outer loop
    vertex    2.714600041508674e-02    5.382338166236879e-01    1.044229976832867e-02
    vertex    2.708023041486740e-02    5.367575287818910e-01    9.419820271432400e-03
    vertex    2.626254968345165e-02    5.367221236228944e-01    9.893072769045830e-03
  endloop
endfacet
facet normal   -2.654971205139141e-02    7.144724449591745e-01    6.991596657302590e-01
  outer loop
    vertex   -7.812417112290874e-03    5.264567136764527e-01    3.120145993307233e-03
    vertex    1.411473029293119e-03    5.290983915328981e-01    7.708765915594995e-04
    vertex   -9.249716065824046e-03    5.264697074890138e-01    3.052287967875600e-03
  endloop
endfacet
facet normal   -7.191236135508263e-01    6.268195886307087e-01    2.999307115692404e-01
  outer loop
    vertex    2.049785107374190e-03    5.260487198829652e-01    5.659468006342649e-03
    vertex    3.280000993981957e-03    5.272352099418641e-01    6.129450164735317e-03
    vertex    2.601420972496270e-03    5.271081924438478e-01    4.767916165292263e-03
  endloop
endfacet
facet normal   -6.758610611770220e-01    7.002649987747518e-01    2.298711758260844e-01
  outer loop
    vertex    4.300623200833797e-03    5.283579230308534e-01    5.956764798611403e-03
    vertex    9.793044999241829e-03    5.343772172927858e-01    3.768638940528035e-03
    vertex    2.601420972496270e-03    5.271081924438478e-01    4.767916165292263e-03
  endloop
endfacet
facet normal   -7.000842182666880e-01    6.730911108969768e-01    2.383913668013042e-01
  outer loop
    vertex    3.280000993981957e-03    5.272352099418641e-01    6.129450164735317e-03
    vertex    1.014014985412359e-02    5.325654745101930e-01    1.122581027448177e-02
    vertex    4.300623200833797e-03    5.283579230308534e-01    5.956764798611403e-03
  endloop
endfacet
facet normal   -7.101986654386112e-01    2.691818509011427e-01    6.505067153801340e-01
  outer loop
    vertex    2.951670903712510e-03    5.235865116119386e-01    7.911025546491146e-03
    vertex    7.090383209288119e-03    5.294154286384584e-01    1.001749001443386e-02
    vertex    1.597887021489441e-03    5.251597166061402e-01    5.782017949968576e-03
  endloop
endfacet
facet normal   -7.146630587056524e-01    5.959381380617709e-01    3.662163952159310e-01
  outer loop
    vertex    7.090383209288119e-03    5.294154286384584e-01    1.001749001443386e-02
    vertex    3.280000993981957e-03    5.272352099418641e-01    6.129450164735317e-03
    vertex    2.049785107374190e-03    5.260487198829652e-01    5.659468006342649e-03
  endloop
endfacet
facet normal   -7.713390393467096e-01   -6.354011502985593e-01   -3.607581709348798e-02
  outer loop
    vertex    2.289449051022529e-02    5.220754742622377e-01    3.919021226465702e-03
    vertex    2.372949011623859e-02    5.210862159729005e-01    3.489593975245953e-03
    vertex    2.231960929930210e-02    5.225123167037965e-01    8.516509085893631e-03
  endloop
endfacet
facet normal    4.975744869678130e-01   -8.614427657360321e-01    1.016660773305120e-01
  outer loop
    vertex    8.086454123258591e-03    5.232568979263307e-01    4.539325833320618e-03
    vertex    1.130170002579689e-02    5.255535840988160e-01    8.263668976724148e-03
    vertex    1.077506039291620e-02    5.253347754478456e-01    8.987128734588623e-03
  endloop
endfacet
facet normal    1.192435062078749e-01   -4.142585745195431e-01    9.023141468824971e-01
  outer loop
    vertex   -2.152227098122240e-03    5.218477845191957e-01    5.345248151570559e-03
    vertex   -6.724889855831876e-03    5.201188921928407e-01    5.155792925506830e-03
    vertex   -1.809505978599192e-03    5.214275717735292e-01    5.107033997774124e-03
  endloop
endfacet
facet normal    5.078022972211839e-01    4.712126774195011e-01    7.211764274960973e-01
  outer loop
    vertex    2.855483070015907e-02    5.255231261253358e-01    2.422785013914108e-02
    vertex    3.065053932368755e-02    5.279958248138429e-01    2.113655023276806e-02
    vertex    2.840862981975078e-02    5.266457796096803e-01    2.359725907444954e-02
  endloop
endfacet
facet normal   -1.196034186260557e-01   -9.813461633904191e-01    1.505148824929461e-01
  outer loop
    vertex    3.949100151658058e-02    5.175647139549256e-01    2.219380112364888e-03
    vertex    3.664559125900269e-02    5.179855227470399e-01    2.701978897675872e-03
    vertex    3.752427920699120e-02    5.177296996116639e-01    1.732261036522686e-03
  endloop
endfacet
facet normal   -7.186126117413316e-01   -6.764914136760681e-01    1.611064290115601e-01
  outer loop
    vertex    2.372949011623859e-02    5.210862159729005e-01    3.489593975245953e-03
    vertex    2.289449051022529e-02    5.220754742622377e-01    3.919021226465702e-03
    vertex    2.299329079687595e-02    5.212094783782960e-01    7.233719225041568e-04
  endloop
endfacet
facet normal   -2.821426820047725e-01   -9.593651697623039e-01   -3.738721452530948e-03
  outer loop
    vertex   -1.271300017833711e-02    5.183420777320863e-01    4.062341060489416e-03
    vertex   -1.281502470374109e-02    5.183879137039186e-01   -4.337369284749138e-19
    vertex   -1.250027399510147e-02    5.182953476905824e-01   -5.588679823362444e-23
  endloop
endfacet
facet normal    5.796800767063094e-01    5.167693830447508e-02    8.132038506532311e-01
  outer loop
    vertex    3.711232915520668e-02    5.299056768417360e-01    1.263184007257223e-02
    vertex    3.309261053800583e-02    5.272737145423890e-01    1.566448993980885e-02
    vertex    3.493712097406387e-02    5.230041146278382e-01    1.462098024785519e-02
  endloop
endfacet
facet normal   -5.980162140294714e-01    5.583833057132679e-01   -5.749649481999584e-01
  outer loop
    vertex    2.626254968345165e-02    5.367221236228944e-01    9.893072769045830e-03
    vertex    2.195952087640762e-02    5.337442159652711e-01    1.147659029811621e-02
    vertex    2.714600041508674e-02    5.382338166236879e-01    1.044229976832867e-02
  endloop
endfacet
facet normal    8.205817843866503e-01    5.666970436182889e-01   -7.416195714186750e-02
  outer loop
    vertex    2.136906050145626e-02    5.336636900901796e-01    1.155197992920876e-02
    vertex    1.811967976391315e-02    5.384120941162110e-01    1.188265997916460e-02
    vertex    2.052064985036850e-02    5.350534915924073e-01    1.278449967503548e-02
  endloop
endfacet
facet normal   -1.298024474674150e-01    3.458936535841728e-01    9.292517985140848e-01
  outer loop
    vertex   -2.152227098122240e-03    5.218477845191957e-01    5.345248151570559e-03
    vertex   -5.009158048778787e-03    5.247902274131776e-01    3.850918030366302e-03
    vertex   -7.646198850125089e-03    5.203552246093751e-01    5.133396014571190e-03
  endloop
endfacet
facet normal   -3.532054353110392e-01   -7.130991224570636e-01    6.055869566112742e-01
  outer loop
    vertex    1.558845024555922e-02    5.259397029876710e-01    1.034277956932783e-02
    vertex    1.685753092169761e-02    5.262740850448610e-01    1.147671043872833e-02
    vertex    1.764317974448204e-02    5.274546146392823e-01    1.332504954189062e-02
  endloop
endfacet
facet normal    2.835692632773754e-01   -8.814651624054403e-01   -3.776342680291041e-01
  outer loop
    vertex    1.450338028371334e-02    5.263454914093019e-01    2.312620915472507e-02
    vertex    2.196265943348407e-02    5.294572710990907e-01    2.146401070058346e-02
    vertex    1.719477958977222e-02    5.271288156509401e-01    2.331878989934921e-02
  endloop
endfacet
facet normal    5.377717375686658e-01   -8.403817278321635e-01    6.752858504518928e-02
  outer loop
    vertex    8.086454123258591e-03    5.232568979263307e-01    4.539325833320618e-03
    vertex    1.077506039291620e-02    5.253347754478456e-01    8.987128734588623e-03
    vertex    5.934948101639747e-03    5.217329263687135e-01    2.707527950406075e-03
  endloop
endfacet
facet normal    3.364771267036737e-01    3.424909652751718e-01    8.772018478720397e-01
  outer loop
    vertex    2.969619072973728e-02    5.333905220031739e-01    1.694210059940815e-02
    vertex    3.235417976975441e-02    5.321905016899110e-01    1.639107987284660e-02
    vertex    3.036068007349968e-02    5.379108190536500e-01    1.492233015596867e-02
  endloop
endfacet
facet normal   -2.268025432968324e-01    4.188588508510900e-01    8.792712149375712e-01
  outer loop
    vertex    2.969555929303169e-02    5.384436249732972e-01    1.475473958998919e-02
    vertex    2.745470032095909e-02    5.322867035865785e-01    1.710969954729080e-02
    vertex    2.897631004452705e-02    5.323197841644288e-01    1.748643070459366e-02
  endloop
endfacet
facet normal   -4.160545234753617e-01    1.068396917353063e-01    9.030414795376757e-01
  outer loop
    vertex    2.160421013832092e-02    5.279244780540467e-01    2.723087929189205e-02
    vertex    1.985462009906768e-02    5.315788984298707e-01    2.599244005978107e-02
    vertex    1.613570936024189e-02    5.299177765846254e-01    2.447557076811790e-02
  endloop
endfacet
facet normal   -7.000099356814392e-01    2.842176454852485e-01    6.551384738679976e-01
  outer loop
    vertex    1.597887021489441e-03    5.251597166061402e-01    5.782017949968576e-03
    vertex    6.274962797760954e-04    5.217978954315187e-01    6.203616969287395e-03
    vertex    2.951670903712510e-03    5.235865116119386e-01    7.911025546491146e-03
  endloop
endfacet
facet normal   -1.516955898628938e-01    8.227089844384251e-01   -5.478488614028907e-01
  outer loop
    vertex    7.064989767968645e-04    5.292158126831056e-01    2.259930079162586e-05
    vertex    7.551437593065192e-04    5.292097330093385e-01   -4.861444482591099e-23
    vertex    7.140896050259461e-04    5.292021632194520e-01   -4.863696847053345e-23
  endloop
endfacet
facet normal   -1.820227136889444e-01   -9.827418983589993e-01   -3.295592376285243e-02
  outer loop
    vertex    2.992697805166244e-02    5.191109776496888e-01   -3.260982750597181e-23
    vertex    2.917383983731269e-02    5.192419886589051e-01    2.530122874304652e-04
    vertex    2.796235308051109e-02    5.194748640060426e-01    2.707136662745871e-20
  endloop
endfacet
facet normal    4.512095182870904e-01    7.483564478828507e-01   -4.861816507431087e-01
  outer loop
    vertex    3.021644987165928e-02    5.361012220382692e-01    6.357889156788588e-03
    vertex    2.917785011231899e-02    5.358688831329347e-01    5.036369897425175e-03
    vertex    2.926255948841571e-02    5.369001030921937e-01    6.702294107526541e-03
  endloop
endfacet
facet normal    5.521184965026380e-01    8.303950901244622e-01   -7.489432633285954e-02
  outer loop
    vertex    2.306107990443706e-02    5.367447733879090e-01    1.752067916095257e-02
    vertex    2.243106998503208e-02    5.371869206428529e-01    1.777859963476658e-02
    vertex    2.309596911072731e-02    5.368002057075502e-01    1.839249022305012e-02
  endloop
endfacet
facet normal   -5.870926566428619e-02    9.926132113510615e-01   -1.061707811805739e-01
  outer loop
    vertex    2.444515936076641e-02    5.340479016304017e-01    1.232654042541981e-02
    vertex    2.524109929800033e-02    5.344020128250123e-01    1.519707031548023e-02
    vertex    2.622101083397865e-02    5.345032215118409e-01    1.560143008828163e-02
  endloop
endfacet
facet normal    1.980329503396470e-01    1.290057033193610e-01   -9.716689143380330e-01
  outer loop
    vertex    1.747534982860088e-02    5.353674888610841e-01    1.100165955722332e-02
    vertex    1.776473969221115e-02    5.384156107902528e-01    1.146532967686653e-02
    vertex    2.060740068554878e-02    5.337224006652833e-01    1.142157986760139e-02
  endloop
endfacet
facet normal    7.472881914833396e-01   -2.830298128951353e-01   -6.012108481074708e-01
  outer loop
    vertex    1.181470975279808e-02    5.262954235076905e-01    7.921689189970493e-03
    vertex    1.322930026799440e-02    5.281726717948915e-01    8.796240203082561e-03
    vertex    1.289772987365723e-02    5.266696214675904e-01    9.091692976653576e-03
  endloop
endfacet
facet normal    9.426781141005329e-01   -3.327537142602737e-01   -2.515827581244259e-02
  outer loop
    vertex    1.180854998528957e-02    5.365235805511476e-01    1.062648021616042e-03
    vertex    1.075411029160023e-02    5.334843993186952e-01    1.750358962453902e-03
    vertex    1.108937989920378e-02    5.345633029937745e-01    4.285388058633544e-05
  endloop
endfacet
facet normal    1.096114924548305e-02    1.895114801612365e-01   -9.818173211419299e-01
  outer loop
    vertex    2.166407927870750e-02    5.325676202774049e-01    1.121047977358103e-02
    vertex    2.054817043244838e-02    5.310605764389039e-01    1.090713031589985e-02
    vertex    2.060740068554878e-02    5.337224006652833e-01    1.142157986760139e-02
  endloop
endfacet
facet normal   -8.357312033923752e-01    3.176074454494671e-01    4.479719480853641e-01
  outer loop
    vertex    7.028316147625445e-03    5.255125761032106e-01    1.203954033553600e-02
    vertex    1.039716973900795e-02    5.311133265495301e-01    1.435356028378010e-02
    vertex    8.435715921223164e-03    5.301812887191774e-01    1.135510019958019e-02
  endloop
endfacet
facet normal   -5.522023269150844e-01    1.341387764591383e-01    8.228483328047834e-01
  outer loop
    vertex    9.887783788144588e-03    5.258694887161256e-01    2.177743054926395e-02
    vertex    1.309993956238031e-02    5.302410125732423e-01    2.322042919695377e-02
    vertex    1.114870980381966e-02    5.285782814025880e-01    2.218203991651535e-02
  endloop
endfacet
facet normal   -3.362302468822996e-01   -3.867251981048230e-01    8.587158099349593e-01
  outer loop
    vertex    1.015856955200434e-02    5.256711840629579e-01    2.179414965212345e-02
    vertex    2.081869915127754e-02    5.273981094360353e-01    2.674585022032261e-02
    vertex    9.887783788144588e-03    5.258694887161256e-01    2.177743054926395e-02
  endloop
endfacet
facet normal    2.851920057728390e-01    5.450095978528027e-01    7.884351958731872e-01
  outer loop
    vertex    2.299576066434383e-02    5.367156863212587e-01    2.416468039155006e-02
    vertex    2.366144955158233e-02    5.369188785552980e-01    2.378343045711517e-02
    vertex    2.315410040318966e-02    5.375689268112184e-01    2.351759932935238e-02
  endloop
endfacet
facet normal   -2.999059368159713e-01   -3.620579853887016e-01    8.825930230172961e-01
  outer loop
    vertex    3.103386983275413e-02    5.247926712036134e-01    1.628099940717220e-02
    vertex    2.976638078689575e-02    5.245093703269960e-01    1.573408953845501e-02
    vertex    3.270975872874260e-02    5.204002857208253e-01    1.504862029105425e-02
  endloop
endfacet
facet normal   -4.144999642865441e-01   -6.456291479711723e-01    6.413678998020338e-01
  outer loop
    vertex    2.205299027264118e-02    5.231813788414003e-01    1.061172969639301e-02
    vertex    2.378424070775509e-02    5.219684839248658e-01    1.050963997840881e-02
    vertex    2.461804077029228e-02    5.225191116333009e-01    1.160279009491205e-02
  endloop
endfacet
facet normal   -5.991791065599307e-02   -9.579359888373854e-01    2.806572380551786e-01
  outer loop
    vertex    7.410482037812471e-03    5.247033238410951e-01    1.214102003723383e-02
    vertex    6.230947095900773e-03    5.244420170783998e-01    1.099731028079987e-02
    vertex    6.864298135042190e-03    5.242763757705690e-01    1.056716032326221e-02
  endloop
endfacet
facet normal   -7.635475623752598e-01    4.337276758358973e-01   -4.784092632932494e-01
  outer loop
    vertex    2.282590046525001e-02    5.221362113952638e-01    1.109430013457313e-04
    vertex    2.324195951223373e-02    5.237393975257875e-01    9.003619197756052e-04
    vertex    2.407771907746791e-02    5.247995257377626e-01    5.275948205962777e-04
  endloop
endfacet
facet normal    2.974550590176474e-01   -8.881416599721987e-01   -3.503211093934180e-01
  outer loop
    vertex    2.197417989373207e-02    5.275244116783143e-01    2.637401968240738e-02
    vertex    1.719477958977222e-02    5.271288156509401e-01    2.331878989934921e-02
    vertex    2.196265943348407e-02    5.294572710990907e-01    2.146401070058346e-02
  endloop
endfacet
facet normal   -5.310789675353762e-01   -8.005205625754114e-01    2.777084066705677e-01
  outer loop
    vertex   -1.630637049674990e-02    5.206822752952577e-01    3.936355933547020e-03
    vertex   -1.271300017833711e-02    5.183420777320863e-01    4.062341060489416e-03
    vertex   -1.335843000561000e-02    5.190979838371278e-01    5.007016006857157e-03
  endloop
endfacet
facet normal   -4.758740051718702e-01    8.582748354388545e-01    1.921151687246222e-01
  outer loop
    vertex    1.615660078823566e-02    5.384250879287721e-01    9.247252717614174e-03
    vertex    1.669537089765072e-02    5.379933118820192e-01    1.251075975596905e-02
    vertex    1.734476909041404e-02    5.384181141853334e-01    1.222153007984161e-02
  endloop
endfacet
facet normal    7.377596117357862e-01   -1.818327782137735e-01    6.501135255157539e-01
  outer loop
    vertex    3.755205124616623e-02    5.211710929870607e-01    1.348842959851027e-02
    vertex    3.710835054516792e-02    5.199288129806520e-01    1.364449039101601e-02
    vertex    3.805138915777206e-02    5.211362242698671e-01    1.291202008724213e-02
  endloop
endfacet
facet normal   -7.571680680238787e-01    3.935351637152641e-01    5.213699182774043e-01
  outer loop
    vertex    9.202728047966957e-03    5.312178134918214e-01    1.172471977770329e-02
    vertex    3.280000993981957e-03    5.272352099418641e-01    6.129450164735317e-03
    vertex    7.090383209288119e-03    5.294154286384584e-01    1.001749001443386e-02
  endloop
endfacet
facet normal    2.565174812566507e-01   -9.589817799218582e-01    1.206346865028810e-01
  outer loop
    vertex   -6.724889855831876e-03    5.201188921928407e-01    5.155792925506830e-03
    vertex   -2.509309910237790e-03    5.211803913116456e-01    4.630142822861671e-03
    vertex   -1.809505978599192e-03    5.214275717735292e-01    5.107033997774124e-03
  endloop
endfacet
facet normal   -1.267178222597677e-01   -9.829824972782514e-01    1.329962539560961e-01
  outer loop
    vertex   -1.809505978599192e-03    5.214275717735292e-01    5.107033997774124e-03
    vertex   -1.452101045288146e-03    5.213174819946290e-01    4.633887205272913e-03
    vertex    9.866108885034910e-04    5.211889147758485e-01    6.007226184010506e-03
  endloop
endfacet
facet normal    1.855022465601630e-01   -9.726938433657425e-01    1.394833452406159e-01
  outer loop
    vertex    1.993704959750175e-02    5.291211009025575e-01    1.723988912999630e-02
    vertex    2.224612981081009e-02    5.297365784645082e-01    1.846105046570301e-02
    vertex    2.112602069973945e-02    5.296515226364137e-01    1.935756951570511e-02
  endloop
endfacet
facet normal    9.379407591038164e-02    6.920171321424119e-01   -7.157618040560066e-01
  outer loop
    vertex    2.052064985036850e-02    5.350534915924073e-01    1.278449967503548e-02
    vertex    2.444515936076641e-02    5.340479016304017e-01    1.232654042541981e-02
    vertex    2.136906050145626e-02    5.336636900901796e-01    1.155197992920876e-02
  endloop
endfacet
facet normal    3.552041327406147e-01    9.294945583559313e-01    9.934732040019933e-02
  outer loop
    vertex    3.180950880050659e-02    5.340301394462587e-01   -3.157700989575401e-23
    vertex    3.194947913289070e-02    5.339639186859132e-01    1.191154005937278e-04
    vertex    3.209447115659714e-02    5.339212417602540e-01   -3.142067027676611e-23
  endloop
endfacet
facet normal    1.006868313992337e-01   -9.949181092555595e-01   -3.433047113871018e-04
  outer loop
    vertex   -1.189150009304286e-02    5.182793736457826e-01    4.605547990649939e-03
    vertex   -1.208330597728492e-02    5.182615518569947e-01    1.552196880227197e-19
    vertex   -1.179176475852729e-02    5.182910561561586e-01   -5.549808701707183e-23
  endloop
endfacet
facet normal   -5.878627735522817e-01    3.791296883524070e-01    7.146174073455150e-01
  outer loop
    vertex    2.951378002762794e-02    5.326321125030519e-01    6.088006921345368e-05
    vertex    2.888830192387104e-02    5.317770242691041e-01    6.743083899012870e-21
    vertex    2.683668024837970e-02    5.285958647727967e-01   -3.430526541628193e-23
  endloop
endfacet
facet normal    5.475664884095383e-01    6.779539424523449e-02    8.340112261174787e-01
  outer loop
    vertex    3.493712097406387e-02    5.230041146278382e-01    1.462098024785519e-02
    vertex    3.838795050978661e-02    5.297703146934510e-01    1.180533971637487e-02
    vertex    3.711232915520668e-02    5.299056768417360e-01    1.263184007257223e-02
  endloop
endfacet
facet normal    3.725912370760194e-01    9.279824864081514e-01   -4.926963964424256e-03
  outer loop
    vertex    3.944006934762001e-02    5.318667292594911e-01    8.200791664421558e-03
    vertex    4.091019928455353e-02    5.312393903732301e-01    1.218404970131814e-03
    vertex    3.908890113234520e-02    5.320008993148805e-01    6.915063131600618e-03
  endloop
endfacet
facet normal   -5.414745735666422e-01    6.788573602471470e-01   -4.959414991902757e-01
  outer loop
    vertex    2.926255948841571e-02    5.369001030921937e-01    6.702294107526541e-03
    vertex    2.750826999545097e-02    5.368831157684327e-01    8.594394661486149e-03
    vertex    2.962380088865757e-02    5.402426719665528e-01    1.088328007608652e-02
  endloop
endfacet
facet normal    7.616995213066778e-01   -9.833136868754705e-02    6.404254688667615e-01
  outer loop
    vertex    3.203096985816956e-02    5.268204212188722e-01    1.649058982729912e-02
    vertex    3.302630037069321e-02    5.313202738761903e-01    1.599768921732903e-02
    vertex    3.133263066411018e-02    5.261949896812440e-01    1.722514070570469e-02
  endloop
endfacet
facet normal    3.511900542545054e-01    3.862222176591005e-01    8.529349004344962e-01
  outer loop
    vertex    2.969619072973728e-02    5.333905220031739e-01    1.694210059940815e-02
    vertex    2.927595935761928e-02    5.313205122947694e-01    1.805246062576771e-02
    vertex    3.235417976975441e-02    5.321905016899110e-01    1.639107987284660e-02
  endloop
endfacet
facet normal    9.817656306202023e-01    7.229774726784179e-02   -1.758103588327825e-01
  outer loop
    vertex    2.390198037028312e-02    5.333865880966188e-01    1.960187964141369e-02
    vertex    2.384692989289760e-02    5.347645282745362e-01    1.986110955476761e-02
    vertex    2.399099990725517e-02    5.345389842987062e-01    2.057288028299809e-02
  endloop
endfacet
facet normal   -9.228733023948098e-01    3.814497151606245e-01   -5.292430945016144e-02
  outer loop
    vertex    2.324195951223373e-02    5.237393975257875e-01    9.003619197756052e-04
    vertex    2.306747063994407e-02    5.237557291984559e-01    4.060740116983652e-03
    vertex    2.424383908510208e-02    5.264940261840821e-01    3.283848986029625e-03
  endloop
endfacet
facet normal    1.849942032824615e-01    1.027299595060546e-01   -9.773554625476708e-01
  outer loop
    vertex    1.458634994924068e-02    5.266981124877931e-01    9.543589316308498e-03
    vertex    1.747534982860088e-02    5.353674888610841e-01    1.100165955722332e-02
    vertex    2.060740068554878e-02    5.337224006652833e-01    1.142157986760139e-02
  endloop
endfacet
facet normal    8.559073342149892e-01   -2.304060012370008e-01   -4.629640480976528e-01
  outer loop
    vertex    1.481452025473118e-02    5.330250263214112e-01    9.208887815475464e-03
    vertex    1.466802973300219e-02    5.361316204071046e-01    7.391985971480608e-03
    vertex    1.647775992751121e-02    5.379577279090882e-01    9.828925132751465e-03
  endloop
endfacet
facet normal    8.517188550318926e-01   -2.511876840902141e-01   -4.598692633179093e-01
  outer loop
    vertex    1.221846975386143e-02    5.281594991683961e-01    7.209678180515766e-03
    vertex    1.153984013944864e-02    5.359104275703431e-01    1.719119027256966e-03
    vertex    1.466802973300219e-02    5.361316204071046e-01    7.391985971480608e-03
  endloop
endfacet
facet normal    8.109515799905495e-01   -2.789150111489410e-01   -5.143578049049295e-01
  outer loop
    vertex    8.680853992700577e-03    5.259050726890565e-01    2.854652004316449e-03
    vertex    1.221846975386143e-02    5.281594991683961e-01    7.209678180515766e-03
    vertex    1.322930026799440e-02    5.281726717948915e-01    8.796240203082561e-03
  endloop
endfacet
facet normal    6.072680707349094e-02    2.212351184342482e-01   -9.733279392240023e-01
  outer loop
    vertex    2.253863960504532e-02    5.271636247634889e-01    1.014554966241121e-02
    vertex    1.458634994924068e-02    5.266981124877931e-01    9.543589316308498e-03
    vertex    2.054817043244838e-02    5.310605764389039e-01    1.090713031589985e-02
  endloop
endfacet
facet normal   -1.335529306598913e-01    9.837743666344918e-01    1.197982064350658e-01
  outer loop
    vertex   -9.604829363524928e-03    5.279091000556947e-01    1.994741978705861e-05
    vertex   -8.354475721716895e-03    5.280013084411622e-01    6.566526717506349e-04
    vertex    1.586231053806841e-03    5.293772816658021e-01    4.393149865791202e-04
  endloop
endfacet
facet normal   -7.090118160279318e-01    6.718318399876281e-01    2.143460368460590e-01
  outer loop
    vertex    1.014014985412359e-02    5.325654745101930e-01    1.122581027448177e-02
    vertex    9.516117163002491e-03    5.318245291709901e-01    1.148401014506817e-02
    vertex    1.505502965301275e-02    5.352507233619691e-01    1.906673982739449e-02
  endloop
endfacet
facet normal   -7.985176902800142e-01    5.962310019986116e-01    8.293425447668190e-02
  outer loop
    vertex    1.159248035401106e-02    5.300763249397279e-01    2.048197947442532e-02
    vertex    1.455694995820522e-02    5.339689254760743e-01    2.104016020894051e-02
    vertex    9.252075105905533e-03    5.275419950485231e-01    1.616761088371277e-02
  endloop
endfacet
facet normal   -8.686598246298973e-01    4.504203561157253e-01    2.062804204730528e-01
  outer loop
    vertex    7.956303656101227e-03    5.250933766365052e-01    1.659722067415714e-02
    vertex    9.312167763710022e-03    5.274165272712709e-01    1.723417080938816e-02
    vertex    6.924426183104514e-03    5.245162248611451e-01    1.351215038448572e-02
  endloop
endfacet
facet normal   -7.556821002559203e-01    6.011173470464195e-01    2.600048046338288e-01
  outer loop
    vertex    1.167809031903744e-02    5.299018025398256e-01    2.207596972584724e-02
    vertex    1.317976042628288e-02    5.313832759857179e-01    2.301535941660404e-02
    vertex    1.455694995820522e-02    5.339689254760743e-01    2.104016020894051e-02
  endloop
endfacet
facet normal    1.030781014681541e-01    3.338016260626159e-01    9.369905973037694e-01
  outer loop
    vertex    2.287212945520877e-02    5.273308753967286e-01    2.764008939266205e-02
    vertex    2.434266917407512e-02    5.278754830360414e-01    2.728429995477200e-02
    vertex    2.107332088053226e-02    5.315824151039125e-01    2.632337063550949e-02
  endloop
endfacet
facet normal    3.077519190010578e-01    1.757856063685719e-01    9.350872563268093e-01
  outer loop
    vertex    2.440652064979076e-02    5.347055196762086e-01    2.588617987930775e-02
    vertex    2.436318993568420e-02    5.294439196586610e-01    2.688956074416637e-02
    vertex    2.491340972483158e-02    5.347033143043519e-01    2.571976929903030e-02
  endloop
endfacet
facet normal   -1.203819764217534e-01   -9.386261851106976e-01    3.232476827099163e-01
  outer loop
    vertex    3.270975872874260e-02    5.204002857208253e-01    1.504862029105425e-02
    vertex    3.224216029047966e-02    5.201662182807923e-01    1.419480983167887e-02
    vertex    3.498201817274094e-02    5.195599198341371e-01    1.345464028418064e-02
  endloop
endfacet
facet normal    3.352850186026758e-01   -9.420668616649446e-01   -9.694557925224266e-03
  outer loop
    vertex    8.867716416716576e-03    5.252097845077516e-01    1.332405954599380e-02
    vertex    6.924426183104514e-03    5.245162248611451e-01    1.351215038448572e-02
    vertex    7.410482037812471e-03    5.247033238410951e-01    1.214102003723383e-02
  endloop
endfacet
facet normal    3.511647791767240e-01   -9.359765942811941e-01   -2.512195899088896e-02
  outer loop
    vertex    8.753433823585510e-03    5.250291824340821e-01    1.845531910657883e-02
    vertex    8.867716416716576e-03    5.252097845077516e-01    1.332405954599380e-02
    vertex    1.827903091907501e-02    5.286340117454530e-01    1.730168052017689e-02
  endloop
endfacet
facet normal   -4.444817077666069e-01   -8.797780121605232e-01   -1.686020782189795e-01
  outer loop
    vertex    2.542991936206817e-02    5.266306996345521e-01    2.668658085167408e-02
    vertex    2.770370990037918e-02    5.259181857109071e-01    2.441019006073475e-02
    vertex    2.855483070015907e-02    5.255231261253358e-01    2.422785013914108e-02
  endloop
endfacet
facet normal    4.056159617309207e-02    4.577057408928268e-01    8.881780292653267e-01
  outer loop
    vertex   -5.009158048778787e-03    5.247902274131776e-01    3.850918030366302e-03
    vertex   -3.567767096683384e-03    5.262454748153688e-01    3.035157918930054e-03
    vertex   -7.812417112290874e-03    5.264567136764527e-01    3.120145993307233e-03
  endloop
endfacet
facet normal   -6.821448566426151e-01    7.053566617576776e-01    1.927443235742392e-01
  outer loop
    vertex    1.014014985412359e-02    5.325654745101930e-01    1.122581027448177e-02
    vertex    1.089129969477654e-02    5.348839759826661e-01    5.399555899202824e-03
    vertex    4.300623200833797e-03    5.283579230308534e-01    5.956764798611403e-03
  endloop
endfacet
facet normal   -3.610971429417973e-01    9.190399123588344e-01   -1.580332017353859e-01
  outer loop
    vertex    2.178270928561687e-02    5.372077822685243e-01    1.825956068933010e-02
    vertex    1.686012931168079e-02    5.356233119964601e-01    2.029291912913322e-02
    vertex    1.695949025452137e-02    5.358260869979860e-01    2.124512009322643e-02
  endloop
endfacet
facet normal    2.696810007180748e-01   -8.253644664726607e-01    4.960298935911000e-01
  outer loop
    vertex   -1.082054991275073e-02    5.186915993690492e-01    5.007585976272821e-03
    vertex   -2.509309910237790e-03    5.211803913116456e-01    4.630142822861671e-03
    vertex   -6.724889855831876e-03    5.201188921928407e-01    5.155792925506830e-03
  endloop
endfacet
facet normal   -4.618631557957880e-01   -4.375027346307327e-01    7.715398774587003e-01
  outer loop
    vertex    2.826136909425258e-02    5.233728289604188e-01    1.426787953823805e-02
    vertex    2.461804077029228e-02    5.225191116333009e-01    1.160279009491205e-02
    vertex    3.087393939495086e-02    5.209885835647584e-01    1.447984017431736e-02
  endloop
endfacet
facet normal   -5.427299208440094e-01    3.580058196943406e-01   -7.597868556941734e-01
  outer loop
    vertex    2.407771907746791e-02    5.247995257377626e-01    5.275948205962777e-04
    vertex    2.805358916521072e-02    5.341755747795106e-01    2.105480059981346e-03
    vertex    2.899626083672046e-02    5.319939255714418e-01    4.041354986838996e-04
  endloop
endfacet
facet normal    2.977071476749606e-01    3.982985592608944e-01    8.675993959852295e-01
  outer loop
    vertex    3.065112978219986e-02    5.290244221687318e-01    2.173577994108200e-02
    vertex    2.905439026653766e-02    5.296249985694886e-01    2.200797013938427e-02
    vertex    2.840862981975078e-02    5.266457796096803e-01    2.359725907444954e-02
  endloop
endfacet
facet normal    3.172515428787032e-01   -9.407792969136751e-01    1.195231067187154e-01
  outer loop
    vertex   -1.189150009304286e-02    5.182793736457826e-01    4.605547990649939e-03
    vertex   -7.904946804046645e-03    5.195168852806092e-01    3.764582099393010e-03
    vertex   -1.082054991275073e-02    5.186915993690492e-01    5.007585976272821e-03
  endloop
endfacet
facet normal    9.398818736118337e-01   -3.409145060681746e-01    1.998407386398939e-02
  outer loop
    vertex    1.112801767885685e-02    5.346673130989076e-01   -4.292354874106931e-23
    vertex    1.108937989920378e-02    5.345633029937745e-01    4.285388058633544e-05
    vertex    1.110045239329338e-02    5.345913171768190e-01   -2.061465757839224e-21
  endloop
endfacet
facet normal    9.318647128274420e-01   -5.819457921875702e-02    3.581082907956488e-01
  outer loop
    vertex    4.131542891263962e-02    5.287550091743470e-01    8.270896039903164e-03
    vertex    4.181618988513947e-02    5.279446840286256e-01    6.836140062659979e-03
    vertex    4.182761907577515e-02    5.292636156082154e-01    7.020732853561640e-03
  endloop
endfacet
facet normal    3.619946713948989e-01   -1.851308561575604e-01    9.136117468487738e-01
  outer loop
    vertex    3.343123942613602e-02    5.207663774490358e-01    1.527117006480694e-02
    vertex    3.710835054516792e-02    5.199288129806520e-01    1.364449039101601e-02
    vertex    3.415102139115334e-02    5.214723944664003e-01    1.512903999537230e-02
  endloop
endfacet
facet normal    7.770207448251771e-01    4.669403297244712e-01    4.221439216524728e-01
  outer loop
    vertex    3.867483884096146e-02    5.314406752586366e-01    1.125971972942352e-02
    vertex    4.155525937676430e-02    5.301409959793092e-01    7.395459804683924e-03
    vertex    3.862100839614868e-02    5.321143865585328e-01    1.061359979212284e-02
  endloop
endfacet
facet normal    7.213797243701452e-01    6.396150369487587e-01    2.655257007837308e-01
  outer loop
    vertex    4.155525937676430e-02    5.301409959793092e-01    7.395459804683924e-03
    vertex    4.104888066649437e-02    5.309637784957887e-01    6.789218168705702e-03
    vertex    3.862100839614868e-02    5.321143865585328e-01    1.061359979212284e-02
  endloop
endfacet
facet normal    3.771735369278932e-01    9.253483176213642e-01   -3.834858689200894e-02
  outer loop
    vertex    3.908890113234520e-02    5.320008993148805e-01    6.915063131600618e-03
    vertex    3.227841109037399e-02    5.346726775169374e-01    4.400989972054958e-03
    vertex    3.032848052680492e-02    5.355002284049989e-01    5.191387142986059e-03
  endloop
endfacet
facet normal   -1.436382635098991e-01    5.390519679888158e-01    8.299343498513877e-01
  outer loop
    vertex    2.927595935761928e-02    5.313205122947694e-01    1.805246062576771e-02
    vertex    2.745470032095909e-02    5.322867035865785e-01    1.710969954729080e-02
    vertex    2.582428976893425e-02    5.317239761352540e-01    1.719301939010620e-02
  endloop
endfacet
facet normal    8.911648466994548e-01    2.249177089423056e-01    3.940015738690408e-01
  outer loop
    vertex    2.525757998228073e-02    5.278140902519227e-01    2.686155028641224e-02
    vertex    2.693386003375053e-02    5.283216238021852e-01    2.278036065399647e-02
    vertex    2.636506967246532e-02    5.290126204490663e-01    2.367240935564041e-02
  endloop
endfacet
facet normal    8.118098785735810e-01    4.740213815696701e-01    3.409815990125113e-01
  outer loop
    vertex    2.504749968647957e-02    5.316988229751588e-01    2.301740087568760e-02
    vertex    2.402924001216888e-02    5.330659151077272e-01    2.354118973016739e-02
    vertex    2.634493075311184e-02    5.294036269187928e-01    2.311917953193188e-02
  endloop
endfacet
facet normal    6.115418260124342e-01    6.573639218833728e-01    4.403285923529025e-01
  outer loop
    vertex    2.386800013482570e-02    5.372139811515809e-01    2.305600978434086e-02
    vertex    2.315410040318966e-02    5.375689268112184e-01    2.351759932935238e-02
    vertex    2.366144955158233e-02    5.369188785552980e-01    2.378343045711517e-02
  endloop
endfacet
facet normal   -9.031669171416045e-01    4.000945005503995e-01   -1.556081951898950e-01
  outer loop
    vertex    2.582998946309089e-02    5.332660079002381e-01    8.174769580364227e-03
    vertex    2.198950015008449e-02    5.249416828155519e-01    9.062166325747967e-03
    vertex    2.559147030115127e-02    5.332133769989015e-01    9.423837997019291e-03
  endloop
endfacet
facet normal   -8.984644767688429e-01   -4.332376368304831e-01   -7.118099478110604e-02
  outer loop
    vertex    2.289449051022529e-02    5.220754742622377e-01    3.919021226465702e-03
    vertex    2.231960929930210e-02    5.225123167037965e-01    8.516509085893631e-03
    vertex    2.168833091855049e-02    5.237014889717103e-01    9.246858768165112e-03
  endloop
endfacet
facet normal   -4.115931674930684e-01    7.370941008569745e-02   -9.083820712331577e-01
  outer loop
    vertex    2.606596983969211e-02    5.354784131050111e-01    9.756653569638729e-03
    vertex    2.311955019831657e-02    5.331184864044191e-01    1.090020034462214e-02
    vertex    2.195952087640762e-02    5.337442159652711e-01    1.147659029811621e-02
  endloop
endfacet
facet normal    7.961671098717943e-01   -1.789873797386652e-01   -5.779977950240651e-01
  outer loop
    vertex    1.776473969221115e-02    5.384156107902528e-01    1.146532967686653e-02
    vertex    1.682599075138569e-02    5.374165177345277e-01    1.048163045197725e-02
    vertex    1.615660078823566e-02    5.384250879287721e-01    9.247252717614174e-03
  endloop
endfacet
facet normal    6.930374178221252e-01   -1.407445773959922e-01   -7.070290668933383e-01
  outer loop
    vertex    1.374791003763676e-02    5.278189182281495e-01    9.375006891787052e-03
    vertex    1.322930026799440e-02    5.281726717948915e-01    8.796240203082561e-03
    vertex    1.682599075138569e-02    5.374165177345277e-01    1.048163045197725e-02
  endloop
endfacet
facet normal    8.559037991443184e-01   -2.303696097322212e-01   -4.629886926504214e-01
  outer loop
    vertex    1.466802973300219e-02    5.361316204071046e-01    7.391985971480608e-03
    vertex    1.153984013944864e-02    5.359104275703431e-01    1.719119027256966e-03
    vertex    1.647775992751121e-02    5.379577279090882e-01    9.828925132751465e-03
  endloop
endfacet
facet normal    8.682572498421279e-02    1.871785907878841e-01   -9.784812050477146e-01
  outer loop
    vertex    2.054817043244838e-02    5.310605764389039e-01    1.090713031589985e-02
    vertex    1.458634994924068e-02    5.266981124877931e-01    9.543589316308498e-03
    vertex    2.060740068554878e-02    5.337224006652833e-01    1.142157986760139e-02
  endloop
endfacet
facet normal    2.529728884348116e-01   -2.733231683657351e-01   -9.280620471452673e-01
  outer loop
    vertex    1.450140960514545e-02    5.261309742927552e-01    9.687463752925396e-03
    vertex    1.289772987365723e-02    5.266696214675904e-01    9.091692976653576e-03
    vertex    1.458634994924068e-02    5.266981124877931e-01    9.543589316308498e-03
  endloop
endfacet
facet normal   -1.589686974473428e-01    8.577044393225506e-01    4.889499442665725e-01
  outer loop
    vertex   -8.354475721716895e-03    5.280013084411622e-01    6.566526717506349e-04
    vertex   -1.049397978931667e-02    5.276638865470887e-01    5.529489717446268e-04
    vertex   -9.249716065824046e-03    5.264697074890138e-01    3.052287967875600e-03
  endloop
endfacet
facet normal   -3.981047874368578e-02    3.933195129120919e-01    9.185395400007521e-01
  outer loop
    vertex   -9.249716065824046e-03    5.264697074890138e-01    3.052287967875600e-03
    vertex   -1.083066035062076e-02    5.260304212570192e-01    3.171870950609446e-03
    vertex   -7.812417112290874e-03    5.264567136764527e-01    3.120145993307233e-03
  endloop
endfacet
facet normal   -1.916444144964037e-01    6.663796468891584e-01    7.205626861031669e-01
  outer loop
    vertex    9.168087271973481e-04    5.261734724044801e-01    4.257219843566418e-03
    vertex   -3.126810071989895e-03    5.256335735321046e-01    3.681059926748276e-03
    vertex    7.622807752341022e-04    5.252578258514405e-01    5.062914919108152e-03
  endloop
endfacet
facet normal   -4.515801104999530e-01    8.577000082408016e-01    2.458172078284576e-01
  outer loop
    vertex    1.734476909041404e-02    5.384181141853334e-01    1.222153007984161e-02
    vertex    1.669537089765072e-02    5.379933118820192e-01    1.251075975596905e-02
    vertex    1.505502965301275e-02    5.352507233619691e-01    1.906673982739449e-02
  endloop
endfacet
facet normal   -2.725215333176465e-01   -4.371195795855662e-01    8.571222124184722e-01
  outer loop
    vertex   -2.152227098122240e-03    5.218477845191957e-01    5.345248151570559e-03
    vertex    9.866108885034910e-04    5.211889147758485e-01    6.007226184010506e-03
    vertex    6.274962797760954e-04    5.217978954315187e-01    6.203616969287395e-03
  endloop
endfacet
facet normal   -7.976522566134435e-01    6.985193106866503e-03    6.030771796351947e-01
  outer loop
    vertex    6.056608166545629e-03    5.252426266670228e-01    1.075745001435280e-02
    vertex    6.230947095900773e-03    5.244420170783998e-01    1.099731028079987e-02
    vertex    7.028316147625445e-03    5.255125761032106e-01    1.203954033553600e-02
  endloop
endfacet
facet normal   -7.871024535164045e-01    5.310519528074998e-01    3.137730885334133e-01
  outer loop
    vertex    9.202728047966957e-03    5.312178134918214e-01    1.172471977770329e-02
    vertex    1.482561044394970e-02    5.345715880393983e-01    2.015360072255135e-02
    vertex    9.516117163002491e-03    5.318245291709901e-01    1.148401014506817e-02
  endloop
endfacet
facet normal   -8.681068923520187e-01   -3.682173018624973e-01    3.328760160480522e-01
  outer loop
    vertex    7.410482037812471e-03    5.247033238410951e-01    1.214102003723383e-02
    vertex    7.375744171440600e-03    5.254958271980287e-01    1.292707026004791e-02
    vertex    7.028316147625445e-03    5.255125761032106e-01    1.203954033553600e-02
  endloop
endfacet
facet normal   -8.503836193646430e-01    4.011687628619264e-01    3.404575210215243e-01
  outer loop
    vertex    7.375744171440600e-03    5.254958271980287e-01    1.292707026004791e-02
    vertex    1.344791986048222e-02    5.328325033187867e-01    1.944898068904877e-02
    vertex    7.028316147625445e-03    5.255125761032106e-01    1.203954033553600e-02
  endloop
endfacet
facet normal   -8.018383932323336e-01    5.072332554903751e-01    3.158632863490552e-01
  outer loop
    vertex    1.344791986048222e-02    5.328325033187867e-01    1.944898068904877e-02
    vertex    1.482561044394970e-02    5.345715880393983e-01    2.015360072255135e-02
    vertex    1.358534954488277e-02    5.333076715469361e-01    1.903479918837547e-02
  endloop
endfacet
facet normal   -9.228086211928472e-01    2.501581314646604e-01   -2.929934434663443e-01
  outer loop
    vertex    7.410482037812471e-03    5.247033238410951e-01    1.214102003723383e-02
    vertex    6.924426183104514e-03    5.245162248611451e-01    1.351215038448572e-02
    vertex    7.375744171440600e-03    5.254958271980287e-01    1.292707026004791e-02
  endloop
endfacet
facet normal   -7.146516583166233e-01    3.350540549230193e-01    6.140128561723630e-01
  outer loop
    vertex    1.114870980381966e-02    5.285782814025880e-01    2.218203991651535e-02
    vertex    1.317976042628288e-02    5.313832759857179e-01    2.301535941660404e-02
    vertex    1.167809031903744e-02    5.299018025398256e-01    2.207596972584724e-02
  endloop
endfacet
facet normal    5.677894102396676e-03   -9.479472136242829e-01    3.183768862535722e-01
  outer loop
    vertex    1.015856955200434e-02    5.256711840629579e-01    2.179414965212345e-02
    vertex    1.196535956114531e-02    5.258656740188600e-01    2.234100922942162e-02
    vertex    2.081869915127754e-02    5.273981094360353e-01    2.674585022032261e-02
  endloop
endfacet
facet normal    2.224963066758798e-01    7.098194651155780e-01    6.683200733620289e-01
  outer loop
    vertex    2.366144955158233e-02    5.369188785552980e-01    2.378343045711517e-02
    vertex    2.440652064979076e-02    5.347055196762086e-01    2.588617987930775e-02
    vertex    2.491340972483158e-02    5.347033143043519e-01    2.571976929903030e-02
  endloop
endfacet
facet normal    2.667147102872920e-01    9.595431772555347e-01    9.022280365140113e-02
  outer loop
    vertex    1.686012931168079e-02    5.356233119964601e-01    2.029291912913322e-02
    vertex    1.979129016399383e-02    5.354046821594239e-01    1.395307015627623e-02
    vertex    1.688425987958908e-02    5.358198285102845e-01    1.813158020377159e-02
  endloop
endfacet
facet normal   -1.184581330558707e-01    9.736280736838980e-01   -1.949770367184293e-01
  outer loop
    vertex    1.686012931168079e-02    5.356233119964601e-01    2.029291912913322e-02
    vertex    1.588555052876472e-02    5.354204177856446e-01    1.987186074256897e-02
    vertex    1.695949025452137e-02    5.358260869979860e-01    2.124512009322643e-02
  endloop
endfacet
facet normal    3.567897791362076e-01   -8.435994009302227e-01    4.012992701888524e-01
  outer loop
    vertex    3.710835054516792e-02    5.199288129806520e-01    1.364449039101601e-02
    vertex    3.627277910709381e-02    5.195292234420777e-01    1.354738045483828e-02
    vertex    3.846964985132217e-02    5.177698731422425e-01    7.895718328654766e-03
  endloop
endfacet
facet normal   -4.575260643869751e-01   -8.388506311232491e-01    2.949568088223971e-01
  outer loop
    vertex    2.378424070775509e-02    5.219684839248658e-01    1.050963997840881e-02
    vertex    2.164964005351066e-02    5.229368805885316e-01    9.952625259757042e-03
    vertex    2.286219969391822e-02    5.222669839859010e-01    9.928331710398197e-03
  endloop
endfacet
facet normal   -9.523720858115935e-02   -9.954545783830865e-01   -2.376506257345334e-04
  outer loop
    vertex    4.573558398988089e-04    5.211315751075746e-01    4.336320911732364e-19
    vertex    4.848697863053522e-04    5.211277008056642e-01    5.202343221753836e-03
    vertex   -6.459945579990754e-04    5.212371349334718e-01   -4.938315488814270e-23
  endloop
endfacet
facet normal   -1.449516139564284e-02    1.656083311584948e-01    9.860850728750601e-01
  outer loop
    vertex   -1.130400039255620e-02    5.192574858665467e-01    5.010427907109261e-03
    vertex   -1.570365019142629e-02    5.232632160186769e-01    4.273010883480310e-03
    vertex   -1.335843000561000e-02    5.190979838371278e-01    5.007016006857157e-03
  endloop
endfacet
facet normal    9.719289346267723e-01    2.073530480917375e-01    1.111704074038270e-01
  outer loop
    vertex    2.634493075311184e-02    5.294036269187928e-01    2.311917953193188e-02
    vertex    2.523333020508289e-02    5.332701206207277e-01    2.562584914267063e-02
    vertex    2.636506967246532e-02    5.290126204490663e-01    2.367240935564041e-02
  endloop
endfacet
facet normal   -2.678677767052000e-01   -7.562826369215806e-01    5.968948209642582e-01
  outer loop
    vertex    1.764317974448204e-02    5.274546146392823e-01    1.332504954189062e-02
    vertex    1.685753092169761e-02    5.262740850448610e-01    1.147671043872833e-02
    vertex    2.256974950432777e-02    5.288795232772828e-01    1.734133996069431e-02
  endloop
endfacet
facet normal   -2.807036160343025e-01   -7.320863973661395e-01    6.206891224572363e-01
  outer loop
    vertex    2.965423092246055e-02    5.255565047264100e-01    1.662584953010082e-02
    vertex    2.491790987551212e-02    5.294311046600343e-01    1.905385963618755e-02
    vertex    2.256974950432777e-02    5.288795232772828e-01    1.734133996069431e-02
  endloop
endfacet
facet normal   -3.053098816562345e-01   -7.498370859916570e-01   -5.869669672431290e-01
  outer loop
    vertex    2.451341040432453e-02    5.297151207923890e-01    2.097480930387974e-02
    vertex    2.537005022168159e-02    5.296533107757569e-01    2.060819044709206e-02
    vertex    2.855483070015907e-02    5.255231261253358e-01    2.422785013914108e-02
  endloop
endfacet
facet normal   -6.521561892502471e-01    7.285816861569399e-01    2.094302543075051e-01
  outer loop
    vertex    1.230662036687136e-02    5.362967252731324e-01    5.026436876505613e-03
    vertex    1.072592008858919e-02    5.333136916160585e-01    1.048181019723415e-02
    vertex    1.501999981701374e-02    5.370085835456849e-01    1.099930983036757e-02
  endloop
endfacet
facet normal   -6.433619490052533e-01    7.199044786371507e-01    2.604283859534788e-01
  outer loop
    vertex    1.243640016764402e-02    5.366712212562562e-01    3.957444801926613e-03
    vertex    4.616416059434413e-03    5.306528806686402e-01    1.275517977774143e-03
    vertex    9.793044999241829e-03    5.343772172927858e-01    3.768638940528035e-03
  endloop
endfacet
facet normal   -6.199775597085418e-01    7.788785387938559e-01    9.474200369524273e-02
  outer loop
    vertex    1.243640016764402e-02    5.366712212562562e-01    3.957444801926613e-03
    vertex    1.180854998528957e-02    5.365235805511476e-01    1.062648021616042e-03
    vertex    4.194132052361964e-03    5.305852293968202e-01    5.449984018923715e-05
  endloop
endfacet
facet normal    8.187435802100838e-01   -5.715524665112262e-01    5.465096421572067e-02
  outer loop
    vertex    6.558770313858985e-03    5.223676562309266e-01   -4.543038649218717e-23
    vertex    5.934948101639747e-03    5.217329263687135e-01    2.707527950406075e-03
    vertex    6.268796510994433e-03    5.219522714614869e-01   -4.558947555390089e-23
  endloop
endfacet
facet normal    9.888589263677636e-01   -1.084138686374556e-01    1.020022393374497e-01
  outer loop
    vertex    4.186952859163284e-02    5.212501883506776e-01    3.784467844525352e-05
    vertex    4.206871986389160e-02    5.271729826927186e-01    4.401876125484705e-03
    vertex    4.178125038743019e-02    5.238541960716249e-01    3.661345923319459e-03
  endloop
endfacet
facet normal    9.615683647151326e-01    2.501830657253457e-01    1.131137197838218e-01
  outer loop
    vertex    4.254738986492157e-02    5.296651721000672e-01    1.387766042171279e-05
    vertex    4.155525937676430e-02    5.301409959793092e-01    7.395459804683924e-03
    vertex    4.182761907577515e-02    5.292636156082154e-01    7.020732853561640e-03
  endloop
endfacet
facet normal    7.744984459134336e-01   -1.403615632226827e-01    6.168069299605516e-01
  outer loop
    vertex    3.203096985816956e-02    5.268204212188722e-01    1.649058982729912e-02
    vertex    3.133263066411018e-02    5.261949896812440e-01    1.722514070570469e-02
    vertex    3.196211904287338e-02    5.259150266647340e-01    1.637100987136364e-02
  endloop
endfacet
facet normal    3.481974691057171e-01    9.353786434268500e-01   -6.184913846868955e-02
  outer loop
    vertex    3.815649077296257e-02    5.322870016098024e-01    1.413432997651398e-03
    vertex    2.917785011231899e-02    5.358688831329347e-01    5.036369897425175e-03
    vertex    3.227841109037399e-02    5.346726775169374e-01    4.400989972054958e-03
  endloop
endfacet
facet normal    9.758969029811384e-01    2.118173966335857e-01   -5.252261641609916e-02
  outer loop
    vertex    2.309596911072731e-02    5.368002057075502e-01    1.839249022305012e-02
    vertex    2.390198037028312e-02    5.333865880966188e-01    1.960187964141369e-02
    vertex    2.306107990443706e-02    5.367447733879090e-01    1.752067916095257e-02
  endloop
endfacet
facet normal   -8.659620535677044e-01    4.312229432756899e-01   -2.532913243154125e-01
  outer loop
    vertex    2.643374912440776e-02    5.354778766632081e-01    9.451455436646938e-03
    vertex    2.708023041486740e-02    5.367575287818910e-01    9.419820271432400e-03
    vertex    2.832590043544769e-02    5.352500081062318e-01    2.594555029645562e-03
  endloop
endfacet
facet normal   -8.715574991417507e-01    4.191079683434993e-01   -2.544327741482247e-01
  outer loop
    vertex    2.643374912440776e-02    5.354778766632081e-01    9.451455436646938e-03
    vertex    2.832590043544769e-02    5.352500081062318e-01    2.594555029645562e-03
    vertex    2.733829990029335e-02    5.338100194931031e-01    3.605588106438518e-03
  endloop
endfacet
facet normal    6.644638548058555e-01    4.937651812120616e-01   -5.609667828661186e-01
  outer loop
    vertex    1.811967976391315e-02    5.384120941162110e-01    1.188265997916460e-02
    vertex    2.136906050145626e-02    5.336636900901796e-01    1.155197992920876e-02
    vertex    1.776473969221115e-02    5.384156107902528e-01    1.146532967686653e-02
  endloop
endfacet
facet normal   -1.224090641123718e-01    5.704524574734566e-01    8.121576292725614e-01
  outer loop
    vertex   -9.692741557955756e-03    5.258163809776307e-01    3.493719035759568e-03
    vertex   -1.083066035062076e-02    5.260304212570192e-01    3.171870950609446e-03
    vertex   -1.579475961625578e-02    5.237922072410585e-01    3.995779901742935e-03
  endloop
endfacet
facet normal   -2.707487380090717e-01    8.022336456115625e-01    5.320867398416135e-01
  outer loop
    vertex    1.411473029293119e-03    5.290983915328981e-01    7.708765915594995e-04
    vertex    3.205938031896948e-03    5.297868251800538e-01    6.460181903094053e-04
    vertex    1.586231053806841e-03    5.293772816658021e-01    4.393149865791202e-04
  endloop
endfacet
facet normal   -6.593039419536941e-01    7.187756069032744e-01    2.206353077935387e-01
  outer loop
    vertex    1.089129969477654e-02    5.348839759826661e-01    5.399555899202824e-03
    vertex    1.230662036687136e-02    5.362967252731324e-01    5.026436876505613e-03
    vertex    9.793044999241829e-03    5.343772172927858e-01    3.768638940528035e-03
  endloop
endfacet
facet normal   -4.827892470017042e-01   -8.750963774714691e-01    3.347944318293922e-02
  outer loop
    vertex    2.164964005351066e-02    5.229368805885316e-01    9.952625259757042e-03
    vertex    2.231960929930210e-02    5.225123167037965e-01    8.516509085893631e-03
    vertex    2.286219969391822e-02    5.222669839859010e-01    9.928331710398197e-03
  endloop
endfacet
facet normal    1.185700783889949e-01   -9.928452271256807e-01    1.412414544611012e-02
  outer loop
    vertex    5.934948101639747e-03    5.217329263687135e-01    2.707527950406075e-03
    vertex    9.866108885034910e-04    5.211889147758485e-01    6.007226184010506e-03
    vertex    1.644138013944029e-03    5.212147235870362e-01    2.301594009622931e-03
  endloop
endfacet
facet normal   -6.003668445755082e-01   -7.899616269590533e-01    1.245804152612005e-01
  outer loop
    vertex    2.372949011623859e-02    5.210862159729005e-01    3.489593975245953e-03
    vertex    2.299329079687595e-02    5.212094783782960e-01    7.233719225041568e-04
    vertex    2.394850924611091e-02    5.203889012336732e-01    1.234142982866615e-04
  endloop
endfacet
facet normal    3.023323502345465e-01   -9.464154183174887e-01    1.135473732527024e-01
  outer loop
    vertex    1.269636023789644e-02    5.260959267616273e-01    9.674110449850559e-03
    vertex    1.292701996862888e-02    5.263540744781495e-01    1.121161039918661e-02
    vertex    7.410482037812471e-03    5.247033238410951e-01    1.214102003723383e-02
  endloop
endfacet
facet normal    9.236458199467529e-02   -9.483926491419319e-01    3.033482603320767e-01
  outer loop
    vertex    1.417456008493900e-02    5.264120101928712e-01    1.052473019808531e-02
    vertex    2.224612981081009e-02    5.297365784645082e-01    1.846105046570301e-02
    vertex    1.993704959750175e-02    5.291211009025575e-01    1.723988912999630e-02
  endloop
endfacet
facet normal   -5.311703332793151e-01   -8.472610152824578e-01   -2.617064477673166e-03
  outer loop
    vertex   -1.593112945556642e-02    5.203016996383668e-01    3.146476112306118e-03
    vertex   -1.599339768290521e-02    5.203504562377931e-01   -5.780323952827477e-23
    vertex   -1.460084319114686e-02    5.194774270057679e-01    2.167833952582698e-19
  endloop
endfacet
facet normal   -6.607055525508572e-01    7.337285504717075e-01    1.584632040921605e-01
  outer loop
    vertex    1.501999981701374e-02    5.370085835456849e-01    1.099930983036757e-02
    vertex    1.014014985412359e-02    5.325654745101930e-01    1.122581027448177e-02
    vertex    1.409597042948008e-02    5.350744724273683e-01    1.610207930207253e-02
  endloop
endfacet
facet normal    3.560849251189001e-01    9.083547720209313e-01    2.193060287586033e-01
  outer loop
    vertex    2.935970947146415e-02    5.299499034881593e-01    2.139260992407799e-02
    vertex    3.070525079965591e-02    5.295042991638185e-01    2.105353958904743e-02
    vertex    2.928318083286285e-02    5.305756926536561e-01    1.892488077282906e-02
  endloop
endfacet
facet normal    9.947090009190437e-01   -6.922269183094597e-02   -7.590930395093785e-02
  outer loop
    vertex    4.150114953517914e-02    5.200362801551820e-01    3.472536103799939e-03
    vertex    4.178125038743019e-02    5.238541960716249e-01    3.661345923319459e-03
    vertex    4.206871986389160e-02    5.271729826927186e-01    4.401876125484705e-03
  endloop
endfacet
facet normal    9.012360724248171e-01   -1.033489098522617e-01    4.208236502296882e-01
  outer loop
    vertex    4.036895185709000e-02    5.195195078849794e-01    8.029750548303127e-03
    vertex    4.131542891263962e-02    5.287550091743470e-01    8.270896039903164e-03
    vertex    4.010254144668579e-02    5.224220156669618e-01    9.313113987445831e-03
  endloop
endfacet
facet normal    4.765374841014535e-01    8.347156623588736e-01   -2.759742547033036e-01
  outer loop
    vertex    3.744202852249146e-02    5.330548882484437e-01    1.011832989752293e-02
    vertex    3.177919983863831e-02    5.352954268455506e-01    7.116827182471752e-03
    vertex    3.624932840466499e-02    5.341917276382447e-01    1.149734016507864e-02
  endloop
endfacet
facet normal    6.247488348390858e-01    5.854780108795645e-01   -5.166279049216306e-01
  outer loop
    vertex    3.021644987165928e-02    5.361012220382692e-01    6.357889156788588e-03
    vertex    3.037857078015804e-02    5.401921868324281e-01    1.119009964168072e-02
    vertex    3.280609101057053e-02    5.358359217643739e-01    9.188839234411716e-03
  endloop
endfacet
facet normal   -2.259684231796703e-01    4.279360145381593e-01    8.751051589305652e-01
  outer loop
    vertex    2.897631004452705e-02    5.323197841644288e-01    1.748643070459366e-02
    vertex    2.745470032095909e-02    5.322867035865785e-01    1.710969954729080e-02
    vertex    2.927595935761928e-02    5.313205122947694e-01    1.805246062576771e-02
  endloop
endfacet
facet normal   -1.397248691209200e-01    7.718789296749009e-01   -6.202256676993229e-01
  outer loop
    vertex    3.194947913289070e-02    5.339639186859132e-01    1.191154005937278e-04
    vertex    3.083848953247070e-02    5.337492823600770e-01    1.022822034428827e-04
    vertex    2.860550023615360e-02    5.356637239456178e-01    2.987879095599055e-03
  endloop
endfacet
facet normal   -9.021487456300076e-01    3.336136269698073e-01   -2.735499746997864e-01
  outer loop
    vertex    2.306747063994407e-02    5.237557291984559e-01    4.060740116983652e-03
    vertex    2.198950015008449e-02    5.249416828155519e-01    9.062166325747967e-03
    vertex    2.311223931610584e-02    5.247822999954225e-01    5.165072157979012e-03
  endloop
endfacet
facet normal   -9.487200399266439e-01    1.931164629859099e-01   -2.502724866328677e-01
  outer loop
    vertex    2.306747063994407e-02    5.237557291984559e-01    4.060740116983652e-03
    vertex    2.168833091855049e-02    5.237014889717103e-01    9.246858768165112e-03
    vertex    2.198950015008449e-02    5.249416828155519e-01    9.062166325747967e-03
  endloop
endfacet
facet normal    8.483692101150349e-01   -2.368922522049747e-01   -4.734466645505558e-01
  outer loop
    vertex    1.322930026799440e-02    5.281726717948915e-01    8.796240203082561e-03
    vertex    1.466802973300219e-02    5.361316204071046e-01    7.391985971480608e-03
    vertex    1.481452025473118e-02    5.330250263214112e-01    9.208887815475464e-03
  endloop
endfacet
facet normal   -7.008810521270771e-02    8.273028394053268e-01    5.573667279445164e-01
  outer loop
    vertex   -1.467593014240266e-02    5.276144146919252e-01    1.005058002192527e-04
    vertex   -1.424441020935775e-02    5.270926952362062e-01    9.291602182202041e-04
    vertex   -1.049397978931667e-02    5.276638865470887e-01    5.529489717446268e-04
  endloop
endfacet
facet normal   -6.469435506049932e-01    7.444666993954842e-01    1.650253793263284e-01
  outer loop
    vertex    1.505502965301275e-02    5.352507233619691e-01    1.906673982739449e-02
    vertex    1.501999981701374e-02    5.370085835456849e-01    1.099930983036757e-02
    vertex    1.409597042948008e-02    5.350744724273683e-01    1.610207930207253e-02
  endloop
endfacet
facet normal   -8.096783046416973e-01    5.775622350273690e-01    1.041292834064321e-01
  outer loop
    vertex    9.252075105905533e-03    5.275419950485231e-01    1.616761088371277e-02
    vertex    1.344791986048222e-02    5.328325033187867e-01    1.944898068904877e-02
    vertex    7.375744171440600e-03    5.254958271980287e-01    1.292707026004791e-02
  endloop
endfacet
facet normal   -8.035478412319925e-01    5.764557668486214e-01    1.483563807807825e-01
  outer loop
    vertex    1.455694995820522e-02    5.339689254760743e-01    2.104016020894051e-02
    vertex    1.482561044394970e-02    5.345715880393983e-01    2.015360072255135e-02
    vertex    1.344791986048222e-02    5.328325033187867e-01    1.944898068904877e-02
  endloop
endfacet
facet normal   -1.235950932384892e-01    2.657482214341833e-01    9.560868871247725e-01
  outer loop
    vertex    2.044722065329551e-02    5.329126119613649e-01    2.587269991636276e-02
    vertex    2.107332088053226e-02    5.315824151039125e-01    2.632337063550949e-02
    vertex    2.440652064979076e-02    5.347055196762086e-01    2.588617987930775e-02
  endloop
endfacet
facet normal    3.320570400005616e-01   -9.206790906342385e-01    2.051539281977734e-01
  outer loop
    vertex    6.864298135042190e-03    5.242763757705690e-01    1.056716032326221e-02
    vertex    3.291398985311388e-03    5.222371816635133e-01    7.198777049779892e-03
    vertex    1.077506039291620e-02    5.253347754478456e-01    8.987128734588623e-03
  endloop
endfacet
facet normal    8.958659007128856e-01   -4.225563618939504e-01   -1.373696071292300e-01
  outer loop
    vertex    7.786171976476907e-03    5.248299241065980e-01    1.115769962780178e-03
    vertex    7.209230214357375e-03    5.232344269752504e-01    2.261037938296795e-03
    vertex    6.802672054618596e-03    5.224992036819459e-01    1.871226006187499e-03
  endloop
endfacet
facet normal    3.214698184545465e-01   -9.101612089902844e-01   -2.612732850334010e-01
  outer loop
    vertex    1.450338028371334e-02    5.263454914093019e-01    2.312620915472507e-02
    vertex    1.111757010221481e-02    5.257881879806520e-01    2.090171910822392e-02
    vertex    2.196265943348407e-02    5.294572710990907e-01    2.146401070058346e-02
  endloop
endfacet
facet normal    9.932206343174877e-01   -1.162077350349375e-01    2.921281228648011e-03
  outer loop
    vertex    4.186952859163284e-02    5.212501883506776e-01    3.784467844525352e-05
    vertex    4.186614602804184e-02    5.212203264236451e-01   -2.605961154608807e-23
    vertex    4.217831417918205e-02    5.238884091377259e-01   -2.588834594311921e-23
  endloop
endfacet
facet normal    4.485909607505856e-02    5.718359933080543e-01    8.191405607444422e-01
  outer loop
    vertex   -3.567767096683384e-03    5.262454748153688e-01    3.035157918930054e-03
    vertex    1.411473029293119e-03    5.290983915328981e-01    7.708765915594995e-04
    vertex   -7.812417112290874e-03    5.264567136764527e-01    3.120145993307233e-03
  endloop
endfacet
facet normal    5.192224764983939e-01    1.694941611296398e-02    8.544710277079640e-01
  outer loop
    vertex    3.415102139115334e-02    5.214723944664003e-01    1.512903999537230e-02
    vertex    3.493712097406387e-02    5.230041146278382e-01    1.462098024785519e-02
    vertex    3.196211904287338e-02    5.259150266647340e-01    1.637100987136364e-02
  endloop
endfacet
facet normal   -7.445403675856576e-01    3.953923244089654e-01    5.378889763082056e-01
  outer loop
    vertex    2.962380088865757e-02    5.402426719665528e-01    1.088328007608652e-02
    vertex    3.010392934083938e-02    5.390247106552125e-01    1.244316995143890e-02
    vertex    3.101024031639099e-02    5.387833714485170e-01    1.387508027255535e-02
  endloop
endfacet
facet normal   -6.381759270237308e-01    7.389129321130739e-01    2.161924256847627e-01
  outer loop
    vertex    2.547463960945606e-02    5.347967147827150e-01    1.239510998129845e-02
    vertex    2.622101083397865e-02    5.345032215118409e-01    1.560143008828163e-02
    vertex    2.692943997681141e-02    5.351899266242982e-01    1.534557994455099e-02
  endloop
endfacet
facet normal   -9.084857442721505e-01    4.081478720059745e-01   -8.982742916988962e-02
  outer loop
    vertex    2.324195951223373e-02    5.237393975257875e-01    9.003619197756052e-04
    vertex    2.424383908510208e-02    5.264940261840821e-01    3.283848986029625e-03
    vertex    2.704822085797786e-02    5.325471162796022e-01    2.424590056762099e-03
  endloop
endfacet
facet normal   -9.596614769214440e-01    2.758431334860381e-01   -5.440969970103415e-02
  outer loop
    vertex    2.282590046525001e-02    5.221362113952638e-01    1.109430013457313e-04
    vertex    2.306747063994407e-02    5.237557291984559e-01    4.060740116983652e-03
    vertex    2.324195951223373e-02    5.237393975257875e-01    9.003619197756052e-04
  endloop
endfacet
facet normal   -8.939806642607728e-01    3.560237642813402e-01   -2.721133058025872e-01
  outer loop
    vertex    2.311223931610584e-02    5.247822999954225e-01    5.165072157979012e-03
    vertex    2.198950015008449e-02    5.249416828155519e-01    9.062166325747967e-03
    vertex    2.295519039034843e-02    5.259966254234315e-01    7.269810885190964e-03
  endloop
endfacet
facet normal   -8.637720019104629e-02    8.244908280642111e-01    5.592440019572381e-01
  outer loop
    vertex   -3.428803058341146e-03    5.283579230308534e-01    1.167561043985188e-03
    vertex   -9.249716065824046e-03    5.264697074890138e-01    3.052287967875600e-03
    vertex    1.586231053806841e-03    5.293772816658021e-01    4.393149865791202e-04
  endloop
endfacet
facet normal   -1.522597898420789e-01   -9.646489858196371e-01    2.151029766283852e-01
  outer loop
    vertex    3.498201817274094e-02    5.195599198341371e-01    1.345464028418064e-02
    vertex    3.687318041920662e-02    5.179541707038881e-01    7.592163048684597e-03
    vertex    3.846964985132217e-02    5.177698731422425e-01    7.895718328654766e-03
  endloop
endfacet
facet normal   -2.546685928457354e-01   -9.521639233615099e-01    1.689016603434960e-01
  outer loop
    vertex    3.338202089071274e-02    5.197166800498964e-01    1.251510996371508e-02
    vertex    2.538092993199825e-02    5.214633941650392e-01    1.029803045094013e-02
    vertex    3.101190924644470e-02    5.193963050842286e-01    7.135396823287010e-03
  endloop
endfacet
facet normal   -3.253051141053426e-01   -8.463944804554490e-01   -4.216550322140843e-01
  outer loop
    vertex    2.542991936206817e-02    5.266306996345521e-01    2.668658085167408e-02
    vertex    2.313919924199581e-02    5.274083018302919e-01    2.689296938478947e-02
    vertex    2.399701997637748e-02    5.296040177345277e-01    2.182367071509361e-02
  endloop
endfacet
facet normal   -1.436961207515111e-01   -9.759715005196143e-01    1.638018774448561e-01
  outer loop
    vertex   -1.452101045288146e-03    5.213174819946290e-01    4.633887205272913e-03
    vertex    4.848697863053522e-04    5.211277008056642e-01    5.202343221753836e-03
    vertex    9.866108885034910e-04    5.211889147758485e-01    6.007226184010506e-03
  endloop
endfacet
facet normal   -4.385162634183128e-01    4.922322713990298e-01    7.519380810352624e-01
  outer loop
    vertex    3.083848953247070e-02    5.337492823600770e-01    1.022822034428827e-04
    vertex    3.073991090059280e-02    5.338177084922792e-01    1.352036332996873e-20
    vertex    3.069066815078258e-02    5.337738394737245e-01    5.417791778200063e-20
  endloop
endfacet
facet normal   -9.387669599713153e-01    2.778885522914228e-01    2.037021044849372e-01
  outer loop
    vertex    2.282590046525001e-02    5.221362113952638e-01    1.109430013457313e-04
    vertex    2.283526211977005e-02    5.222491621971131e-01    1.351602658249262e-20
    vertex    2.281475998461246e-02    5.221799015998841e-01    1.351601533435430e-20
  endloop
endfacet
facet normal   -8.547463258480935e-01    3.980436321351416e-01    3.331215774546113e-01
  outer loop
    vertex    2.282590046525001e-02    5.221362113952638e-01    1.109430013457313e-04
    vertex    2.296549826860428e-02    5.225288271903993e-01   -3.642912178808320e-23
    vertex    2.283526211977005e-02    5.222491621971131e-01    1.351602658249262e-20
  endloop
endfacet
facet normal   -6.173281578068003e-02    9.681334004747131e-01   -2.427071864223582e-01
  outer loop
    vertex   -1.467593014240266e-02    5.276144146919252e-01    1.005058002192527e-04
    vertex   -1.423311140388252e-02    5.276174545288087e-01   -5.683748921026987e-23
    vertex   -1.458458043634893e-02    5.275950431823732e-01   -5.703031655556796e-23
  endloop
endfacet
facet normal   -6.391414890745440e-01    7.465970211251262e-01   -1.846376044869039e-01
  outer loop
    vertex    4.194132052361964e-03    5.305852293968202e-01    5.449984018923715e-05
    vertex    4.313618410378694e-03    5.306740403175355e-01   -4.666214986722226e-23
    vertex    4.207300022244453e-03    5.305830240249635e-01    6.093965172271591e-20
  endloop
endfacet
facet normal    3.066732748948660e-01   -9.518142048054202e-01   -1.105439226529936e-03
  outer loop
    vertex   -7.904946804046645e-03    5.195168852806092e-01    3.764582099393010e-03
    vertex   -9.762161411345019e-03    5.189228653907777e-01   -2.168948190776942e-19
    vertex   -7.960880175232901e-03    5.195032358169557e-01   -5.339633910742471e-23
  endloop
endfacet
facet normal    1.401153146502808e-01   -9.901299606542472e-01   -3.218635622718259e-03
  outer loop
    vertex   -1.452101045288146e-03    5.213174819946290e-01    4.633887205272913e-03
    vertex   -1.931308186613024e-03    5.212647318840028e-01   -4.337309573139608e-19
    vertex   -1.520218560472132e-03    5.213229060173036e-01   -4.986278261640228e-23
  endloop
endfacet
facet normal   -4.712793061379156e-01    4.117601709534655e-01    7.799675488265763e-01
  outer loop
    vertex    3.035831265151500e-02    5.333934426307679e-01   -3.237318331373130e-23
    vertex    3.083848953247070e-02    5.337492823600770e-01    1.022822034428827e-04
    vertex    3.069066815078258e-02    5.337738394737245e-01    5.417791778200063e-20
  endloop
endfacet
facet normal    8.052818811307652e-01   -3.302461450233325e-01    4.924008282077966e-01
  outer loop
    vertex    3.710835054516792e-02    5.199288129806520e-01    1.364449039101601e-02
    vertex    3.998494148254395e-02    5.184816718101503e-01    7.969480939209461e-03
    vertex    3.805138915777206e-02    5.211362242698671e-01    1.291202008724213e-02
  endloop
endfacet
facet normal    4.311832201120728e-01   -4.077345681889200e-02    9.013426406826772e-01
  outer loop
    vertex    3.710835054516792e-02    5.199288129806520e-01    1.364449039101601e-02
    vertex    3.755205124616623e-02    5.211710929870607e-01    1.348842959851027e-02
    vertex    3.415102139115334e-02    5.214723944664003e-01    1.512903999537230e-02
  endloop
endfacet
facet normal    6.409839989499886e-01    7.638493523668788e-01   -7.532383406851337e-02
  outer loop
    vertex    3.862100839614868e-02    5.321143865585328e-01    1.061359979212284e-02
    vertex    3.744202852249146e-02    5.330548882484437e-01    1.011832989752293e-02
    vertex    3.624932840466499e-02    5.341917276382447e-01    1.149734016507864e-02
  endloop
endfacet
facet normal    7.706772093471400e-01    3.564575973179218e-01    5.281994133916081e-01
  outer loop
    vertex    3.302630037069321e-02    5.313202738761903e-01    1.599768921732903e-02
    vertex    3.235417976975441e-02    5.321905016899110e-01    1.639107987284660e-02
    vertex    3.232968971133232e-02    5.307648777961732e-01    1.738890074193478e-02
  endloop
endfacet
facet normal    6.140515735517754e-01    6.218184797546413e-01    4.860889252536158e-01
  outer loop
    vertex    3.232968971133232e-02    5.307648777961732e-01    1.738890074193478e-02
    vertex    3.070525079965591e-02    5.295042991638185e-01    2.105353958904743e-02
    vertex    3.065112978219986e-02    5.290244221687318e-01    2.173577994108200e-02
  endloop
endfacet
facet normal    2.405959205049869e-01    7.391761918320097e-01    6.290724604249388e-01
  outer loop
    vertex    2.928318083286285e-02    5.305756926536561e-01    1.892488077282906e-02
    vertex    2.927595935761928e-02    5.313205122947694e-01    1.805246062576771e-02
    vertex    2.825576066970825e-02    5.312207937240602e-01    1.855981908738613e-02
  endloop
endfacet
facet normal    5.985852262718970e-01    5.800511745067078e-01    5.524820013741717e-01
  outer loop
    vertex    3.277315944433212e-02    5.382661223411561e-01    1.250811014324427e-02
    vertex    3.112665936350822e-02    5.394697189331056e-01    1.302834972739220e-02
    vertex    3.101024031639099e-02    5.387833714485170e-01    1.387508027255535e-02
  endloop
endfacet
facet normal    7.334910061094859e-01   -6.984302731248460e-02    6.761012464803786e-01
  outer loop
    vertex    2.528610080480575e-02    5.384531021118165e-01    2.164554037153721e-02
    vertex    2.502650953829288e-02    5.388805270195008e-01    2.197132073342800e-02
    vertex    2.386800013482570e-02    5.372139811515809e-01    2.305600978434086e-02
  endloop
endfacet
facet normal   -8.107547587299391e-01    4.207935652076710e-01   -4.069514672249945e-01
  outer loop
    vertex    2.805358916521072e-02    5.341755747795106e-01    2.105480059981346e-03
    vertex    2.324195951223373e-02    5.237393975257875e-01    9.003619197756052e-04
    vertex    2.704822085797786e-02    5.325471162796022e-01    2.424590056762099e-03
  endloop
endfacet
facet normal   -9.856593005900234e-01   -1.680730672483084e-01    1.507273121008331e-02
  outer loop
    vertex    2.282590046525001e-02    5.221362113952638e-01    1.109430013457313e-04
    vertex    2.299329079687595e-02    5.212094783782960e-01    7.233719225041568e-04
    vertex    2.289449051022529e-02    5.220754742622377e-01    3.919021226465702e-03
  endloop
endfacet
facet normal   -8.455833524360711e-01    4.839127799112357e-01   -2.254267409194283e-01
  outer loop
    vertex    2.198950015008449e-02    5.249416828155519e-01    9.062166325747967e-03
    vertex    2.149656973779201e-02    5.242642164230348e-01    9.456880390644073e-03
    vertex    2.243269048631191e-02    5.258824229240419e-01    9.419186040759087e-03
  endloop
endfacet
facet normal   -7.447480848839954e-01    4.792741638693132e-01    4.643776113347757e-01
  outer loop
    vertex    2.243269048631191e-02    5.258824229240419e-01    9.419186040759087e-03
    vertex    2.418244071304798e-02    5.277950167655946e-01    1.025141030550003e-02
    vertex    2.451799064874649e-02    5.285047888755799e-01    1.005700975656509e-02
  endloop
endfacet
facet normal   -2.810039549465062e-01    2.157264194443261e-01   -9.351464533740973e-01
  outer loop
    vertex    2.311955019831657e-02    5.331184864044191e-01    1.090020034462214e-02
    vertex    2.166407927870750e-02    5.325676202774049e-01    1.121047977358103e-02
    vertex    2.136906050145626e-02    5.336636900901796e-01    1.155197992920876e-02
  endloop
endfacet
facet normal   -1.747044206647619e-01    4.720642982480011e-01   -8.640796628319708e-01
  outer loop
    vertex    2.311955019831657e-02    5.331184864044191e-01    1.090020034462214e-02
    vertex    2.136906050145626e-02    5.336636900901796e-01    1.155197992920876e-02
    vertex    2.195952087640762e-02    5.337442159652711e-01    1.147659029811621e-02
  endloop
endfacet
facet normal    7.627083519301067e-01   -8.544584234847424e-02   -6.410733015197406e-01
  outer loop
    vertex    1.710294000804424e-02    5.367606878280641e-01    1.089853979647160e-02
    vertex    1.682599075138569e-02    5.374165177345277e-01    1.048163045197725e-02
    vertex    1.776473969221115e-02    5.384156107902528e-01    1.146532967686653e-02
  endloop
endfacet
facet normal    8.106397049270906e-01   -2.954035752564659e-01   -5.055689829503159e-01
  outer loop
    vertex    8.680853992700577e-03    5.259050726890565e-01    2.854652004316449e-03
    vertex    1.075411029160023e-02    5.334843993186952e-01    1.750358962453902e-03
    vertex    1.221846975386143e-02    5.281594991683961e-01    7.209678180515766e-03
  endloop
endfacet
facet normal    8.429757946088944e-01   -3.798377359701179e-01   -3.809397643153022e-01
  outer loop
    vertex    7.209230214357375e-03    5.232344269752504e-01    2.261037938296795e-03
    vertex    8.076143451035023e-03    5.256133079528810e-01    1.807417953386903e-03
    vertex    8.680853992700577e-03    5.259050726890565e-01    2.854652004316449e-03
  endloop
endfacet
facet normal   -1.192217699511907e-01   -2.273287716548673e-01   -9.664925241033138e-01
  outer loop
    vertex    2.020953036844730e-02    5.239971876144410e-01    9.485226124525070e-03
    vertex    1.450140960514545e-02    5.261309742927552e-01    9.687463752925396e-03
    vertex    1.458634994924068e-02    5.266981124877931e-01    9.543589316308498e-03
  endloop
endfacet
facet normal   -1.616891121358150e-01    9.708526545871058e-01    1.769230174338597e-01
  outer loop
    vertex   -9.604829363524928e-03    5.279091000556947e-01    1.994741978705861e-05
    vertex   -1.049397978931667e-02    5.276638865470887e-01    5.529489717446268e-04
    vertex   -8.354475721716895e-03    5.280013084411622e-01    6.566526717506349e-04
  endloop
endfacet
facet normal   -2.155458261928876e-01    6.311676305060752e-01    7.450955770987854e-01
  outer loop
    vertex   -3.126810071989895e-03    5.256335735321046e-01    3.681059926748276e-03
    vertex   -3.567767096683384e-03    5.262454748153688e-01    3.035157918930054e-03
    vertex   -5.009158048778787e-03    5.247902274131776e-01    3.850918030366302e-03
  endloop
endfacet
facet normal   -4.272183408551988e-01    8.665398291360703e-01    2.580566095990590e-01
  outer loop
    vertex    1.588555052876472e-02    5.354204177856446e-01    1.987186074256897e-02
    vertex    1.734476909041404e-02    5.384181141853334e-01    1.222153007984161e-02
    vertex    1.505502965301275e-02    5.352507233619691e-01    1.906673982739449e-02
  endloop
endfacet
facet normal   -6.717353604989305e-01    7.199445802792488e-01    1.745033145298630e-01
  outer loop
    vertex    1.409597042948008e-02    5.350744724273683e-01    1.610207930207253e-02
    vertex    1.014014985412359e-02    5.325654745101930e-01    1.122581027448177e-02
    vertex    1.505502965301275e-02    5.352507233619691e-01    1.906673982739449e-02
  endloop
endfacet
facet normal   -1.198000064821418e-02    2.795151515414616e-01    9.600665391748755e-01
  outer loop
    vertex   -9.972845204174532e-03    5.245832204818727e-01    3.849247936159372e-03
    vertex   -5.009158048778787e-03    5.247902274131776e-01    3.850918030366302e-03
    vertex   -9.692741557955756e-03    5.258163809776307e-01    3.493719035759568e-03
  endloop
endfacet
facet normal   -6.097853517080578e-01    2.694868610752841e-01    7.453446562162170e-01
  outer loop
    vertex    7.622807752341022e-04    5.252578258514405e-01    5.062914919108152e-03
    vertex    6.274962797760954e-04    5.217978954315187e-01    6.203616969287395e-03
    vertex    1.597887021489441e-03    5.251597166061402e-01    5.782017949968576e-03
  endloop
endfacet
facet normal   -7.261765601632902e-01    2.904086717748682e-01    6.231616217542348e-01
  outer loop
    vertex    2.951670903712510e-03    5.235865116119386e-01    7.911025546491146e-03
    vertex    6.056608166545629e-03    5.252426266670228e-01    1.075745001435280e-02
    vertex    7.090383209288119e-03    5.294154286384584e-01    1.001749001443386e-02
  endloop
endfacet
facet normal   -8.180565888828445e-01    5.640388653385016e-01    1.124436559927695e-01
  outer loop
    vertex    9.312167763710022e-03    5.274165272712709e-01    1.723417080938816e-02
    vertex    1.159248035401106e-02    5.300763249397279e-01    2.048197947442532e-02
    vertex    9.252075105905533e-03    5.275419950485231e-01    1.616761088371277e-02
  endloop
endfacet
facet normal   -8.547368242773196e-01    4.922102886833223e-01    1.647846866022540e-01
  outer loop
    vertex    6.924426183104514e-03    5.245162248611451e-01    1.351215038448572e-02
    vertex    9.312167763710022e-03    5.274165272712709e-01    1.723417080938816e-02
    vertex    7.375744171440600e-03    5.254958271980287e-01    1.292707026004791e-02
  endloop
endfacet
facet normal   -3.496101232717730e-01    3.622762089978878e-01    8.640189292486679e-01
  outer loop
    vertex    1.772494986653328e-02    5.355746746063234e-01    2.365499921143055e-02
    vertex    1.852609030902385e-02    5.327038764953614e-01    2.518286928534508e-02
    vertex    2.044722065329551e-02    5.329126119613649e-01    2.587269991636276e-02
  endloop
endfacet
facet normal   -3.510319612436213e-01    2.372938337694013e-01    9.057969963741747e-01
  outer loop
    vertex    1.852609030902385e-02    5.327038764953614e-01    2.518286928534508e-02
    vertex    1.985462009906768e-02    5.315788984298707e-01    2.599244005978107e-02
    vertex    2.044722065329551e-02    5.329126119613649e-01    2.587269991636276e-02
  endloop
endfacet
facet normal   -5.788860069377799e-01    1.831034714454157e-01    7.945842370172406e-01
  outer loop
    vertex    1.114870980381966e-02    5.285782814025880e-01    2.218203991651535e-02
    vertex    1.309993956238031e-02    5.302410125732423e-01    2.322042919695377e-02
    vertex    1.317976042628288e-02    5.313832759857179e-01    2.301535941660404e-02
  endloop
endfacet
facet normal   -8.177741241824861e-03    2.441582787780311e-01    9.697009123705778e-01
  outer loop
    vertex    2.107332088053226e-02    5.315824151039125e-01    2.632337063550949e-02
    vertex    2.434266917407512e-02    5.278754830360414e-01    2.728429995477200e-02
    vertex    2.436318993568420e-02    5.294439196586610e-01    2.688956074416637e-02
  endloop
endfacet
facet normal    4.015689409805230e-01    8.151150346067768e-01    4.175282816741573e-01
  outer loop
    vertex    1.588555052876472e-02    5.354204177856446e-01    1.987186074256897e-02
    vertex    1.688425987958908e-02    5.358198285102845e-01    1.813158020377159e-02
    vertex    1.811967976391315e-02    5.384120941162110e-01    1.188265997916460e-02
  endloop
endfacet
facet normal   -2.371168163558983e-01    9.027928907375445e-01   -3.588044200326849e-01
  outer loop
    vertex    2.243106998503208e-02    5.371869206428529e-01    1.777859963476658e-02
    vertex    2.020438015460968e-02    5.356985926628114e-01    1.550531014800072e-02
    vertex    2.178270928561687e-02    5.372077822685243e-01    1.825956068933010e-02
  endloop
endfacet
facet normal   -3.805806067902586e-01   -9.150171156871117e-01    1.337986537107051e-01
  outer loop
    vertex    2.443151921033859e-02    5.209885239601136e-01    5.649064201861620e-03
    vertex    2.378424070775509e-02    5.219684839248658e-01    1.050963997840881e-02
    vertex    2.286219969391822e-02    5.222669839859010e-01    9.928331710398197e-03
  endloop
endfacet
facet normal   -2.379090496598401e-01   -9.664122744288045e-01    9.719362079527974e-02
  outer loop
    vertex    3.338202089071274e-02    5.197166800498964e-01    1.251510996371508e-02
    vertex    3.224216029047966e-02    5.201662182807923e-01    1.419480983167887e-02
    vertex    2.538092993199825e-02    5.214633941650392e-01    1.029803045094013e-02
  endloop
endfacet
facet normal    3.714940670331627e-01   -9.283775479888107e-01   -1.035792206205833e-02
  outer loop
    vertex    1.269636023789644e-02    5.260959267616273e-01    9.674110449850559e-03
    vertex    1.077506039291620e-02    5.253347754478456e-01    8.987128734588623e-03
    vertex    1.130170002579689e-02    5.255535840988160e-01    8.263668976724148e-03
  endloop
endfacet
facet normal    3.129652750813495e-01   -9.384795169562665e-01    1.459757954141290e-01
  outer loop
    vertex    7.410482037812471e-03    5.247033238410951e-01    1.214102003723383e-02
    vertex    6.864298135042190e-03    5.242763757705690e-01    1.056716032326221e-02
    vertex    1.077506039291620e-02    5.253347754478456e-01    8.987128734588623e-03
  endloop
endfacet
facet normal    8.317591489456554e-02   -8.224748970123337e-01    5.626871341749365e-01
  outer loop
    vertex    3.291398985311388e-03    5.222371816635133e-01    7.198777049779892e-03
    vertex    1.597960945218801e-03    5.216568112373353e-01    6.600777152925730e-03
    vertex    9.866108885034910e-04    5.211889147758485e-01    6.007226184010506e-03
  endloop
endfacet
facet normal    9.455602509907705e-01   -3.241246632412710e-01   -2.930894786586109e-02
  outer loop
    vertex    1.108937989920378e-02    5.345633029937745e-01    4.285388058633544e-05
    vertex    8.076143451035023e-03    5.256133079528810e-01    1.807417953386903e-03
    vertex    7.786171976476907e-03    5.248299241065980e-01    1.115769962780178e-03
  endloop
endfacet
facet normal   -2.373287425935124e-01   -9.690111490775868e-01    6.850153941567474e-02
  outer loop
    vertex    2.562483027577400e-02    5.204097032546998e-01    3.637104062363505e-03
    vertex    3.418774157762527e-02    5.185204744338990e-01    6.579244975000620e-03
    vertex    2.665771916508674e-02    5.202962160110475e-01    5.610254127532244e-03
  endloop
endfacet
facet normal    8.810159887902161e-01    4.008583695196077e-01    2.512436966016849e-01
  outer loop
    vertex    2.634493075311184e-02    5.294036269187928e-01    2.311917953193188e-02
    vertex    2.636506967246532e-02    5.290126204490663e-01    2.367240935564041e-02
    vertex    2.693386003375053e-02    5.283216238021852e-01    2.278036065399647e-02
  endloop
endfacet
facet normal   -4.978734091067042e-01    3.892446057237389e-01   -7.749907776350886e-01
  outer loop
    vertex    2.899626083672046e-02    5.319939255714418e-01    4.041354986838996e-04
    vertex    2.805358916521072e-02    5.341755747795106e-01    2.105480059981346e-03
    vertex    3.083848953247070e-02    5.337492823600770e-01    1.022822034428827e-04
  endloop
endfacet
facet normal    2.889170746053905e-01    9.450990701317265e-02    9.526777007350518e-01
  outer loop
    vertex    2.905439026653766e-02    5.296249985694886e-01    2.200797013938427e-02
    vertex    2.504749968647957e-02    5.316988229751588e-01    2.301740087568760e-02
    vertex    2.693386003375053e-02    5.283216238021852e-01    2.278036065399647e-02
  endloop
endfacet
facet normal   -2.148389996748240e-01   -8.045199888309376e-01    5.537073159984336e-01
  outer loop
    vertex    2.224612981081009e-02    5.297365784645082e-01    1.846105046570301e-02
    vertex    2.256974950432777e-02    5.288795232772828e-01    1.734133996069431e-02
    vertex    2.491790987551212e-02    5.294311046600343e-01    1.905385963618755e-02
  endloop
endfacet
facet normal    1.423676495237855e-01   -9.838808371594671e-01    1.082125253353741e-01
  outer loop
    vertex    2.197417989373207e-02    5.275244116783143e-01    2.637401968240738e-02
    vertex    2.081869915127754e-02    5.273981094360353e-01    2.674585022032261e-02
    vertex    2.056285925209522e-02    5.272895097732545e-01    2.609504014253616e-02
  endloop
endfacet
facet normal    2.864213614942148e-01   -9.116512021560756e-01   -2.947115357212579e-01
  outer loop
    vertex    2.056285925209522e-02    5.272895097732545e-01    2.609504014253616e-02
    vertex    1.450338028371334e-02    5.263454914093019e-01    2.312620915472507e-02
    vertex    1.719477958977222e-02    5.271288156509401e-01    2.331878989934921e-02
  endloop
endfacet
facet normal    2.351787349083725e-01   -9.558729278824427e-01   -1.760622287384317e-01
  outer loop
    vertex    2.056285925209522e-02    5.272895097732545e-01    2.609504014253616e-02
    vertex    1.196535956114531e-02    5.258656740188600e-01    2.234100922942162e-02
    vertex    1.450338028371334e-02    5.263454914093019e-01    2.312620915472507e-02
  endloop
endfacet
facet normal   -2.764401456342601e-03   -9.174461432975344e-01   -3.978503892584099e-01
  outer loop
    vertex    2.399701997637748e-02    5.296040177345277e-01    2.182367071509361e-02
    vertex    2.313919924199581e-02    5.274083018302919e-01    2.689296938478947e-02
    vertex    2.340394072234630e-02    5.300133228302003e-01    2.088393084704876e-02
  endloop
endfacet
facet normal   -3.749087330751926e-01   -8.080456895542228e-01    4.544288783261848e-01
  outer loop
    vertex    2.915103919804096e-02    5.281932950019838e-01    2.025057934224606e-02
    vertex    3.045218996703624e-02    5.261631011962892e-01    1.771404035389423e-02
    vertex    3.065053932368755e-02    5.279958248138429e-01    2.113655023276806e-02
  endloop
endfacet
facet normal   -3.435427111332788e-01   -7.899854743493789e-01    5.078398920370309e-01
  outer loop
    vertex    2.494185976684093e-02    5.299568176269532e-01    1.988784968852997e-02
    vertex    2.491790987551212e-02    5.294311046600343e-01    1.905385963618755e-02
    vertex    3.045218996703624e-02    5.261631011962892e-01    1.771404035389423e-02
  endloop
endfacet
facet normal   -4.359859529732412e-01   -8.192645011277730e-01   -3.724539246697180e-01
  outer loop
    vertex    2.451341040432453e-02    5.297151207923890e-01    2.097480930387974e-02
    vertex    2.542991936206817e-02    5.266306996345521e-01    2.668658085167408e-02
    vertex    2.399701997637748e-02    5.296040177345277e-01    2.182367071509361e-02
  endloop
endfacet
facet normal   -6.515295221879501e-01    7.266769452346398e-01    2.178299772345249e-01
  outer loop
    vertex    1.501999981701374e-02    5.370085835456849e-01    1.099930983036757e-02
    vertex    1.072592008858919e-02    5.333136916160585e-01    1.048181019723415e-02
    vertex    1.014014985412359e-02    5.325654745101930e-01    1.122581027448177e-02
  endloop
endfacet
facet normal   -6.182565382383155e-01    7.844533750658268e-01    4.890557507490984e-02
  outer loop
    vertex    1.180854998528957e-02    5.365235805511476e-01    1.062648021616042e-03
    vertex    1.135922968387604e-02    5.362256169319154e-01    1.617967936908826e-04
    vertex    4.194132052361964e-03    5.305852293968202e-01    5.449984018923715e-05
  endloop
endfacet
facet normal    3.082606650161916e-01   -9.505024341913795e-01   -3.899339687739089e-02
  outer loop
    vertex    6.268796510994433e-03    5.219522714614869e-01   -4.558947555390089e-23
    vertex    5.934948101639747e-03    5.217329263687135e-01    2.707527950406075e-03
    vertex    5.384963937103747e-03    5.216656327247621e-01    2.167943601222439e-19
  endloop
endfacet
facet normal    8.166002336676996e-01    2.005606889501193e-01    5.412388275259934e-01
  outer loop
    vertex    4.155525937676430e-02    5.301409959793092e-01    7.395459804683924e-03
    vertex    3.867483884096146e-02    5.314406752586366e-01    1.125971972942352e-02
    vertex    4.131542891263962e-02    5.287550091743470e-01    8.270896039903164e-03
  endloop
endfacet
facet normal    7.564197375735109e-01    4.153743693283685e-02    6.527662843179568e-01
  outer loop
    vertex    3.927436098456383e-02    5.292798280715943e-01    1.097664982080460e-02
    vertex    3.755205124616623e-02    5.211710929870607e-01    1.348842959851027e-02
    vertex    3.805138915777206e-02    5.211362242698671e-01    1.291202008724213e-02
  endloop
endfacet
facet normal    3.724948773066449e-01    7.315309830617932e-01    5.710604059125040e-01
  outer loop
    vertex    2.935970947146415e-02    5.299499034881593e-01    2.139260992407799e-02
    vertex    2.905439026653766e-02    5.296249985694886e-01    2.200797013938427e-02
    vertex    3.065112978219986e-02    5.290244221687318e-01    2.173577994108200e-02
  endloop
endfacet
facet normal    3.841864147655369e-01    7.405410815149219e-01    5.513616828347002e-01
  outer loop
    vertex    2.935970947146415e-02    5.299499034881593e-01    2.139260992407799e-02
    vertex    3.065112978219986e-02    5.290244221687318e-01    2.173577994108200e-02
    vertex    3.070525079965591e-02    5.295042991638185e-01    2.105353958904743e-02
  endloop
endfacet
facet normal    2.167940325504453e-01    9.523875810317780e-01   -2.143787371614889e-01
  outer loop
    vertex    2.036622911691665e-02    5.353913903236390e-01    1.412947010248899e-02
    vertex    2.149762026965618e-02    5.349575877189637e-01    1.334641966968775e-02
    vertex    2.052064985036850e-02    5.350534915924073e-01    1.278449967503548e-02
  endloop
endfacet
facet normal   -1.947915136841962e-01    6.890002844781474e-01    6.980937431216894e-01
  outer loop
    vertex   -1.579475961625578e-02    5.237922072410585e-01    3.995779901742935e-03
    vertex   -1.083066035062076e-02    5.260304212570192e-01    3.171870950609446e-03
    vertex   -1.471143029630186e-02    5.247266888618470e-01    3.375756088644266e-03
  endloop
endfacet
facet normal   -4.428314814901291e-01   -8.905910178672483e-01    1.036721654805967e-01
  outer loop
    vertex    2.372949011623859e-02    5.210862159729005e-01    3.489593975245953e-03
    vertex    2.443151921033859e-02    5.209885239601136e-01    5.649064201861620e-03
    vertex    2.286219969391822e-02    5.222669839859010e-01    9.928331710398197e-03
  endloop
endfacet
facet normal   -3.400803273660172e-01   -9.379254063987543e-01    6.812710892408455e-02
  outer loop
    vertex    2.372949011623859e-02    5.210862159729005e-01    3.489593975245953e-03
    vertex    2.562483027577400e-02    5.204097032546998e-01    3.637104062363505e-03
    vertex    2.443151921033859e-02    5.209885239601136e-01    5.649064201861620e-03
  endloop
endfacet
facet normal    6.182814014153878e-01   -7.823393255603188e-01   -7.532123436089924e-02
  outer loop
    vertex    6.802672054618596e-03    5.224992036819459e-01    1.871226006187499e-03
    vertex    8.086454123258591e-03    5.232568979263307e-01    4.539325833320618e-03
    vertex    5.934948101639747e-03    5.217329263687135e-01    2.707527950406075e-03
  endloop
endfacet
facet normal    3.081818250817643e-01   -9.081476315175889e-01    2.833581515648818e-01
  outer loop
    vertex    3.291398985311388e-03    5.222371816635133e-01    7.198777049779892e-03
    vertex    5.934948101639747e-03    5.217329263687135e-01    2.707527950406075e-03
    vertex    1.077506039291620e-02    5.253347754478456e-01    8.987128734588623e-03
  endloop
endfacet
facet normal   -2.848036347887222e-01   -6.379027969257278e-01    7.155186309841735e-01
  outer loop
    vertex   -2.152227098122240e-03    5.218477845191957e-01    5.345248151570559e-03
    vertex   -1.809505978599192e-03    5.214275717735292e-01    5.107033997774124e-03
    vertex    9.866108885034910e-04    5.211889147758485e-01    6.007226184010506e-03
  endloop
endfacet
facet normal    1.211419048159289e-01   -9.427062795948191e-01    3.108528740579107e-01
  outer loop
    vertex   -1.809505978599192e-03    5.214275717735292e-01    5.107033997774124e-03
    vertex   -2.509309910237790e-03    5.211803913116456e-01    4.630142822861671e-03
    vertex   -1.452101045288146e-03    5.213174819946290e-01    4.633887205272913e-03
  endloop
endfacet
facet normal    4.365379083205498e-01    8.947751246152460e-01    9.387295121008180e-02
  outer loop
    vertex    2.825576066970825e-02    5.312207937240602e-01    1.855981908738613e-02
    vertex    2.458072081208229e-02    5.328419208526612e-01    2.019767090678215e-02
    vertex    2.439882047474384e-02    5.326542854309083e-01    2.283206023275852e-02
  endloop
endfacet
facet normal   -5.843564050961091e-01   -7.976990736638462e-01   -1.490093275570150e-01
  outer loop
    vertex    2.394850924611091e-02    5.203889012336732e-01    1.234142982866615e-04
    vertex    2.391391061246395e-02    5.204373002052308e-01   -3.590879192200822e-23
    vertex    2.395573258399963e-02    5.204066634178163e-01    6.772674993331618e-20
  endloop
endfacet
facet normal    3.008990307093888e-01   -9.481993431566452e-01    1.018713843798001e-01
  outer loop
    vertex    7.410482037812471e-03    5.247033238410951e-01    1.214102003723383e-02
    vertex    1.292701996862888e-02    5.263540744781495e-01    1.121161039918661e-02
    vertex    1.196413021534681e-02    5.262631773948671e-01    1.320965960621834e-02
  endloop
endfacet
facet normal    1.258836995081553e-01   -9.812621443440881e-01    1.458694562798622e-01
  outer loop
    vertex    1.269636023789644e-02    5.260959267616273e-01    9.674110449850559e-03
    vertex    1.417456008493900e-02    5.264120101928712e-01    1.052473019808531e-02
    vertex    1.292701996862888e-02    5.263540744781495e-01    1.121161039918661e-02
  endloop
endfacet
facet normal    6.025756171099875e-01    7.952178873610694e-01    6.731372286180068e-02
  outer loop
    vertex    3.037857078015804e-02    5.401921868324281e-01    1.119009964168072e-02
    vertex    3.112665936350822e-02    5.394697189331056e-01    1.302834972739220e-02
    vertex    3.277315944433212e-02    5.382661223411561e-01    1.250811014324427e-02
  endloop
endfacet
facet normal    7.257481219764382e-01    4.063340947130958e-01    5.551416638312801e-01
  outer loop
    vertex    2.840862981975078e-02    5.266457796096803e-01    2.359725907444954e-02
    vertex    2.525757998228073e-02    5.278140902519227e-01    2.686155028641224e-02
    vertex    2.855483070015907e-02    5.255231261253358e-01    2.422785013914108e-02
  endloop
endfacet
facet normal   -3.289562279287193e-01    5.558851041656677e-01    7.633999941535454e-01
  outer loop
    vertex    2.195952087640762e-02    5.337442159652711e-01    1.147659029811621e-02
    vertex    2.444515936076641e-02    5.340479016304017e-01    1.232654042541981e-02
    vertex    2.714600041508674e-02    5.382338166236879e-01    1.044229976832867e-02
  endloop
endfacet
facet normal    2.598108689780049e-02    9.432668633250155e-01   -3.310175337902745e-01
  outer loop
    vertex    1.153984013944864e-02    5.359104275703431e-01    1.719119027256966e-03
    vertex    1.243640016764402e-02    5.366712212562562e-01    3.957444801926613e-03
    vertex    1.615660078823566e-02    5.384250879287721e-01    9.247252717614174e-03
  endloop
endfacet
facet normal   -2.753555469999958e-01    3.106654039408967e-01    9.097616883176455e-01
  outer loop
    vertex   -2.152227098122240e-03    5.218477845191957e-01    5.345248151570559e-03
    vertex    6.274962797760954e-04    5.217978954315187e-01    6.203616969287395e-03
    vertex    7.622807752341022e-04    5.252578258514405e-01    5.062914919108152e-03
  endloop
endfacet
facet normal   -6.233778623827367e-01    5.993630315779873e-01    5.021593343439654e-01
  outer loop
    vertex    1.317976042628288e-02    5.313832759857179e-01    2.301535941660404e-02
    vertex    1.772494986653328e-02    5.355746746063234e-01    2.365499921143055e-02
    vertex    1.573402062058448e-02    5.350602269172670e-01    2.179750055074692e-02
  endloop
endfacet
facet normal   -1.587308067302622e-01    4.910568602906192e-01    8.565440391224958e-01
  outer loop
    vertex    2.299576066434383e-02    5.367156863212587e-01    2.416468039155006e-02
    vertex    1.871176064014434e-02    5.362489819526673e-01    2.363835088908672e-02
    vertex    2.044722065329551e-02    5.329126119613649e-01    2.587269991636276e-02
  endloop
endfacet
facet normal   -2.477832133586157e-01   -9.544869332857412e-01    1.660065461494210e-01
  outer loop
    vertex    3.338202089071274e-02    5.197166800498964e-01    1.251510996371508e-02
    vertex    3.101190924644470e-02    5.193963050842286e-01    7.135396823287010e-03
    vertex    3.687318041920662e-02    5.179541707038881e-01    7.592163048684597e-03
  endloop
endfacet
facet normal    2.968208378641110e-01   -1.901042109167888e-01    9.358193090556276e-01
  outer loop
    vertex    2.434266917407512e-02    5.278754830360414e-01    2.728429995477200e-02
    vertex    2.287212945520877e-02    5.273308753967286e-01    2.764008939266205e-02
    vertex    2.542991936206817e-02    5.266306996345521e-01    2.668658085167408e-02
  endloop
endfacet
facet normal    9.131947759976101e-01    5.764676306148398e-02    4.034255219978129e-01
  outer loop
    vertex    2.523333020508289e-02    5.332701206207277e-01    2.562584914267063e-02
    vertex    2.508193999528885e-02    5.286309719085694e-01    2.663143910467625e-02
    vertex    2.636506967246532e-02    5.290126204490663e-01    2.367240935564041e-02
  endloop
endfacet
facet normal   -6.179572248148479e-01    7.820955301600448e-01   -8.034581509207542e-02
  outer loop
    vertex    4.194132052361964e-03    5.305852293968202e-01    5.449984018923715e-05
    vertex    4.700909368693828e-03    5.309800505638124e-01   -7.720155058342181e-22
    vertex    4.313618410378694e-03    5.306740403175355e-01   -4.666214986722226e-23
  endloop
endfacet
facet normal    2.937516756440783e-01    9.354025508431739e-01   -1.968045246745602e-01
  outer loop
    vertex    3.194947913289070e-02    5.339639186859132e-01    1.191154005937278e-04
    vertex    2.917785011231899e-02    5.358688831329347e-01    5.036369897425175e-03
    vertex    3.815649077296257e-02    5.322870016098024e-01    1.413432997651398e-03
  endloop
endfacet
facet normal    5.839730107831360e-01    4.077462746727153e-01    7.019390986171108e-01
  outer loop
    vertex    3.036068007349968e-02    5.379108190536500e-01    1.492233015596867e-02
    vertex    3.312148153781891e-02    5.326011180877687e-01    1.570983044803143e-02
    vertex    3.101024031639099e-02    5.387833714485170e-01    1.387508027255535e-02
  endloop
endfacet
facet normal    9.388651812790695e-01   -3.285700030417739e-01   -1.028295895301976e-01
  outer loop
    vertex    2.402924001216888e-02    5.330659151077272e-01    2.354118973016739e-02
    vertex    2.393505908548832e-02    5.336002111434938e-01    2.097406052052975e-02
    vertex    2.481045015156269e-02    5.348432064056398e-01    2.499491907656193e-02
  endloop
endfacet
facet normal   -8.919954394949705e-01    3.769018013679388e-01   -2.495779798896073e-01
  outer loop
    vertex    2.582998946309089e-02    5.332660079002381e-01    8.174769580364227e-03
    vertex    2.733829990029335e-02    5.338100194931031e-01    3.605588106438518e-03
    vertex    2.467657066881656e-02    5.287088155746461e-01    5.415032152086496e-03
  endloop
endfacet
facet normal   -2.554677496600978e-01   -9.521973376835390e-01    1.675006238555130e-01
  outer loop
    vertex    2.665771916508674e-02    5.202962160110475e-01    5.610254127532244e-03
    vertex    3.101190924644470e-02    5.193963050842286e-01    7.135396823287010e-03
    vertex    2.538092993199825e-02    5.214633941650392e-01    1.029803045094013e-02
  endloop
endfacet
facet normal    9.865230242250902e-01   -9.573562062515546e-02    1.326914225460649e-01
  outer loop
    vertex    4.181618988513947e-02    5.279446840286256e-01    6.836140062659979e-03
    vertex    4.150114953517914e-02    5.200362801551820e-01    3.472536103799939e-03
    vertex    4.206871986389160e-02    5.271729826927186e-01    4.401876125484705e-03
  endloop
endfacet
facet normal    6.667061133928937e-01   -7.260566963995222e-01    1.683586409364069e-01
  outer loop
    vertex    3.941551968455315e-02    5.179682970046998e-01    8.010451681911945e-03
    vertex    4.095384106040001e-02    5.181583166122438e-01    2.738116076216102e-03
    vertex    3.998494148254395e-02    5.184816718101503e-01    7.969480939209461e-03
  endloop
endfacet
facet normal    9.591946023113296e-01   -1.897276338087639e-01    2.096405014927650e-01
  outer loop
    vertex    4.131092876195908e-02    5.189114212989808e-01    3.169477917253971e-03
    vertex    4.120646044611931e-02    5.207232832908631e-01    5.287225823849440e-03
    vertex    4.036895185709000e-02    5.195195078849794e-01    8.029750548303127e-03
  endloop
endfacet
facet normal    9.450153110866377e-01   -2.240008680977069e-01    2.382638724257189e-01
  outer loop
    vertex    4.131092876195908e-02    5.189114212989808e-01    3.169477917253971e-03
    vertex    4.150114953517914e-02    5.200362801551820e-01    3.472536103799939e-03
    vertex    4.120646044611931e-02    5.207232832908631e-01    5.287225823849440e-03
  endloop
endfacet
facet normal    9.192543796450180e-01   -1.041202678536469e-01    3.796450385893883e-01
  outer loop
    vertex    4.036895185709000e-02    5.195195078849794e-01    8.029750548303127e-03
    vertex    4.181618988513947e-02    5.279446840286256e-01    6.836140062659979e-03
    vertex    4.131542891263962e-02    5.287550091743470e-01    8.270896039903164e-03
  endloop
endfacet
facet normal    4.738565466788395e-01    8.388951605921662e-01   -2.677963455774715e-01
  outer loop
    vertex    3.744202852249146e-02    5.330548882484437e-01    1.011832989752293e-02
    vertex    3.032848052680492e-02    5.355002284049989e-01    5.191387142986059e-03
    vertex    3.177919983863831e-02    5.352954268455506e-01    7.116827182471752e-03
  endloop
endfacet
facet normal    5.885876024063041e-01    7.998183033667748e-01    1.177086058582476e-01
  outer loop
    vertex    3.862100839614868e-02    5.321143865585328e-01    1.061359979212284e-02
    vertex    3.944006934762001e-02    5.318667292594911e-01    8.200791664421558e-03
    vertex    3.744202852249146e-02    5.330548882484437e-01    1.011832989752293e-02
  endloop
endfacet
facet normal    3.974357670773687e-01    9.176194408295338e-01    4.401461043455806e-03
  outer loop
    vertex    3.908890113234520e-02    5.320008993148805e-01    6.915063131600618e-03
    vertex    4.091019928455353e-02    5.312393903732301e-01    1.218404970131814e-03
    vertex    3.886887058615685e-02    5.321171879768373e-01    2.539078006520867e-03
  endloop
endfacet
facet normal    5.731727605533408e-01    6.775848291487635e-01   -4.608164340245512e-01
  outer loop
    vertex    3.177919983863831e-02    5.352954268455506e-01    7.116827182471752e-03
    vertex    3.021644987165928e-02    5.361012220382692e-01    6.357889156788588e-03
    vertex    3.280609101057053e-02    5.358359217643739e-01    9.188839234411716e-03
  endloop
endfacet
facet normal    6.641636948862766e-01    2.330963896066545e-02    7.472236928300203e-01
  outer loop
    vertex    3.595634177327156e-02    5.322257280349733e-01    1.336510013788939e-02
    vertex    3.607700020074844e-02    5.335937142372132e-01    1.321517955511808e-02
    vertex    3.302630037069321e-02    5.313202738761903e-01    1.599768921732903e-02
  endloop
endfacet
facet normal    9.051782814649495e-01   -2.107192341168376e-01    3.691201472926858e-01
  outer loop
    vertex    3.302630037069321e-02    5.313202738761903e-01    1.599768921732903e-02
    vertex    3.232968971133232e-02    5.307648777961732e-01    1.738890074193478e-02
    vertex    3.133263066411018e-02    5.261949896812440e-01    1.722514070570469e-02
  endloop
endfacet
facet normal   -7.680201303081027e-01    3.682766595452889e-01    5.239440633079911e-01
  outer loop
    vertex    2.962380088865757e-02    5.402426719665528e-01    1.088328007608652e-02
    vertex    2.774661034345626e-02    5.375362038612367e-01    1.003396976739168e-02
    vertex    3.010392934083938e-02    5.390247106552125e-01    1.244316995143890e-02
  endloop
endfacet
facet normal   -1.659027231884427e-01    4.899985331862847e-01    8.557907009975911e-01
  outer loop
    vertex    2.745470032095909e-02    5.322867035865785e-01    1.710969954729080e-02
    vertex    2.692943997681141e-02    5.351899266242982e-01    1.534557994455099e-02
    vertex    2.622101083397865e-02    5.345032215118409e-01    1.560143008828163e-02
  endloop
endfacet
facet normal    6.167453871417945e-01    7.092193649853255e-01    3.415157679655944e-01
  outer loop
    vertex    2.525757998228073e-02    5.278140902519227e-01    2.686155028641224e-02
    vertex    2.840862981975078e-02    5.266457796096803e-01    2.359725907444954e-02
    vertex    2.693386003375053e-02    5.283216238021852e-01    2.278036065399647e-02
  endloop
endfacet
facet normal    7.979106577996927e-01   -3.899732463105998e-01    4.596296871739617e-01
  outer loop
    vertex    2.399099990725517e-02    5.345389842987062e-01    2.057288028299809e-02
    vertex    2.528610080480575e-02    5.384531021118165e-01    2.164554037153721e-02
    vertex    2.386800013482570e-02    5.372139811515809e-01    2.305600978434086e-02
  endloop
endfacet
facet normal    8.828855174397041e-01    4.682797554921007e-01   -3.503189534529875e-02
  outer loop
    vertex    2.366144955158233e-02    5.369188785552980e-01    2.378343045711517e-02
    vertex    2.491340972483158e-02    5.347033143043519e-01    2.571976929903030e-02
    vertex    2.481045015156269e-02    5.348432064056398e-01    2.499491907656193e-02
  endloop
endfacet
facet normal   -8.885251974672813e-02    9.954698601905215e-01   -3.383765930026379e-02
  outer loop
    vertex    2.622101083397865e-02    5.345032215118409e-01    1.560143008828163e-02
    vertex    2.524109929800033e-02    5.344020128250123e-01    1.519707031548023e-02
    vertex    2.559120953083038e-02    5.344597101211549e-01    1.597513072192669e-02
  endloop
endfacet
facet normal   -9.597144793789396e-01    1.202212025138250e-01   -2.539586197327050e-01
  outer loop
    vertex    2.306747063994407e-02    5.237557291984559e-01    4.060740116983652e-03
    vertex    2.289449051022529e-02    5.220754742622377e-01    3.919021226465702e-03
    vertex    2.168833091855049e-02    5.237014889717103e-01    9.246858768165112e-03
  endloop
endfacet
facet normal   -6.359430149135128e-01    8.973320208919711e-02   -7.665014248033274e-01
  outer loop
    vertex    2.643374912440776e-02    5.354778766632081e-01    9.451455436646938e-03
    vertex    2.462017908692360e-02    5.294011831283570e-01    1.024472992867231e-02
    vertex    2.606596983969211e-02    5.354784131050111e-01    9.756653569638729e-03
  endloop
endfacet
facet normal   -2.337744727609767e-01    7.149998261265386e-02   -9.696583152697230e-01
  outer loop
    vertex    2.418244071304798e-02    5.277950167655946e-01    1.025141030550003e-02
    vertex    2.166407927870750e-02    5.325676202774049e-01    1.121047977358103e-02
    vertex    2.311955019831657e-02    5.331184864044191e-01    1.090020034462214e-02
  endloop
endfacet
facet normal    2.184028230060105e-01    9.513451302928152e-01   -2.173537438627449e-01
  outer loop
    vertex    2.444515936076641e-02    5.340479016304017e-01    1.232654042541981e-02
    vertex    2.052064985036850e-02    5.350534915924073e-01    1.278449967503548e-02
    vertex    2.149762026965618e-02    5.349575877189637e-01    1.334641966968775e-02
  endloop
endfacet
facet normal    2.819930312945576e-01    6.699490247716323e-02   -9.570745077283074e-01
  outer loop
    vertex    1.458634994924068e-02    5.266981124877931e-01    9.543589316308498e-03
    vertex    1.374791003763676e-02    5.278189182281495e-01    9.375006891787052e-03
    vertex    1.747534982860088e-02    5.353674888610841e-01    1.100165955722332e-02
  endloop
endfacet
facet normal    5.279083947453331e-01    7.851973579726787e-02   -8.456638681223958e-01
  outer loop
    vertex    1.747534982860088e-02    5.353674888610841e-01    1.100165955722332e-02
    vertex    1.710294000804424e-02    5.367606878280641e-01    1.089853979647160e-02
    vertex    1.776473969221115e-02    5.384156107902528e-01    1.146532967686653e-02
  endloop
endfacet
facet normal    8.204807682270545e-01   -2.232897958401608e-01   -5.262632193524469e-01
  outer loop
    vertex    1.682599075138569e-02    5.374165177345277e-01    1.048163045197725e-02
    vertex    1.322930026799440e-02    5.281726717948915e-01    8.796240203082561e-03
    vertex    1.481452025473118e-02    5.330250263214112e-01    9.208887815475464e-03
  endloop
endfacet
facet normal    8.196351776121511e-01   -2.399494989868577e-01   -5.202138152304812e-01
  outer loop
    vertex    1.322930026799440e-02    5.281726717948915e-01    8.796240203082561e-03
    vertex    1.221846975386143e-02    5.281594991683961e-01    7.209678180515766e-03
    vertex    1.466802973300219e-02    5.361316204071046e-01    7.391985971480608e-03
  endloop
endfacet
facet normal    8.276533690701311e-01   -2.743608932509357e-01   -4.896080074114497e-01
  outer loop
    vertex    1.221846975386143e-02    5.281594991683961e-01    7.209678180515766e-03
    vertex    1.075411029160023e-02    5.334843993186952e-01    1.750358962453902e-03
    vertex    1.153984013944864e-02    5.359104275703431e-01    1.719119027256966e-03
  endloop
endfacet
facet normal    4.592636477546310e-03    1.940584236122521e-01   -9.809792229784037e-01
  outer loop
    vertex    2.166407927870750e-02    5.325676202774049e-01    1.121047977358103e-02
    vertex    2.253863960504532e-02    5.271636247634889e-01    1.014554966241121e-02
    vertex    2.054817043244838e-02    5.310605764389039e-01    1.090713031589985e-02
  endloop
endfacet
facet normal   -3.358873508003794e-01    7.083124003097561e-01    6.208649057079445e-01
  outer loop
    vertex   -1.424441020935775e-02    5.270926952362062e-01    9.291602182202041e-04
    vertex   -1.467593014240266e-02    5.276144146919252e-01    1.005058002192527e-04
    vertex   -1.471143029630186e-02    5.247266888618470e-01    3.375756088644266e-03
  endloop
endfacet
facet normal   -6.005832110420596e-01    7.078106669832072e-01    3.718922778429209e-01
  outer loop
    vertex    4.616416059434413e-03    5.306528806686402e-01    1.275517977774143e-03
    vertex    3.205938031896948e-03    5.297868251800538e-01    6.460181903094053e-04
    vertex    2.601420972496270e-03    5.271081924438478e-01    4.767916165292263e-03
  endloop
endfacet
facet normal   -7.298765611443182e-01    6.382588692556288e-01    2.447566573326873e-01
  outer loop
    vertex    1.505502965301275e-02    5.352507233619691e-01    1.906673982739449e-02
    vertex    9.516117163002491e-03    5.318245291709901e-01    1.148401014506817e-02
    vertex    1.482561044394970e-02    5.345715880393983e-01    2.015360072255135e-02
  endloop
endfacet
facet normal   -2.554048669864134e-02   -2.683849205736328e-02    9.993134537687779e-01
  outer loop
    vertex   -1.130400039255620e-02    5.192574858665467e-01    5.010427907109261e-03
    vertex   -1.082054991275073e-02    5.186915993690492e-01    5.007585976272821e-03
    vertex   -7.646198850125089e-03    5.203552246093751e-01    5.133396014571190e-03
  endloop
endfacet
facet normal   -7.527631572091966e-01    2.911837908005795e-01    5.903893877124203e-01
  outer loop
    vertex    7.090383209288119e-03    5.294154286384584e-01    1.001749001443386e-02
    vertex    6.056608166545629e-03    5.252426266670228e-01    1.075745001435280e-02
    vertex    8.435715921223164e-03    5.301812887191774e-01    1.135510019958019e-02
  endloop
endfacet
facet normal   -7.871420837982696e-01    3.150225895507815e-01    5.302528717380396e-01
  outer loop
    vertex    8.435715921223164e-03    5.301812887191774e-01    1.135510019958019e-02
    vertex    6.056608166545629e-03    5.252426266670228e-01    1.075745001435280e-02
    vertex    7.028316147625445e-03    5.255125761032106e-01    1.203954033553600e-02
  endloop
endfacet
facet normal   -8.443721230741078e-01    3.352174019815215e-01    4.179294332588730e-01
  outer loop
    vertex    1.039716973900795e-02    5.311133265495301e-01    1.435356028378010e-02
    vertex    7.028316147625445e-03    5.255125761032106e-01    1.203954033553600e-02
    vertex    1.358534954488277e-02    5.333076715469361e-01    1.903479918837547e-02
  endloop
endfacet
facet normal   -8.387072298430583e-01    3.739039364827956e-01    3.959369001389653e-01
  outer loop
    vertex    1.039716973900795e-02    5.311133265495301e-01    1.435356028378010e-02
    vertex    1.358534954488277e-02    5.333076715469361e-01    1.903479918837547e-02
    vertex    9.202728047966957e-03    5.312178134918214e-01    1.172471977770329e-02
  endloop
endfacet
facet normal   -8.148564426625051e-01    5.685821240073434e-01    1.127978107531586e-01
  outer loop
    vertex    9.312167763710022e-03    5.274165272712709e-01    1.723417080938816e-02
    vertex    9.252075105905533e-03    5.275419950485231e-01    1.616761088371277e-02
    vertex    7.375744171440600e-03    5.254958271980287e-01    1.292707026004791e-02
  endloop
endfacet
facet normal   -7.983171299272750e-01    5.925198507231738e-01    1.077496476266448e-01
  outer loop
    vertex    1.159248035401106e-02    5.300763249397279e-01    2.048197947442532e-02
    vertex    1.167809031903744e-02    5.299018025398256e-01    2.207596972584724e-02
    vertex    1.455694995820522e-02    5.339689254760743e-01    2.104016020894051e-02
  endloop
endfacet
facet normal   -8.235351096825059e-01    5.334136611764682e-01    1.930279492470948e-01
  outer loop
    vertex    9.252075105905533e-03    5.275419950485231e-01    1.616761088371277e-02
    vertex    1.455694995820522e-02    5.339689254760743e-01    2.104016020894051e-02
    vertex    1.344791986048222e-02    5.328325033187867e-01    1.944898068904877e-02
  endloop
endfacet
facet normal   -4.889985126323355e-01    7.237146655043444e-02    8.692771856391395e-01
  outer loop
    vertex    9.887783788144588e-03    5.258694887161256e-01    2.177743054926395e-02
    vertex    1.092545967549086e-02    5.264484286308290e-01    2.231295965611935e-02
    vertex    1.309993956238031e-02    5.302410125732423e-01    2.322042919695377e-02
  endloop
endfacet
facet normal   -3.812184052996020e-01    9.310224478231020e-03    9.244381251230356e-01
  outer loop
    vertex    1.613570936024189e-02    5.299177765846254e-01    2.447557076811790e-02
    vertex    1.985462009906768e-02    5.315788984298707e-01    2.599244005978107e-02
    vertex    1.309993956238031e-02    5.302410125732423e-01    2.322042919695377e-02
  endloop
endfacet
facet normal   -4.258791773913499e-01    7.767248703538930e-02    9.014399098232806e-01
  outer loop
    vertex    1.092545967549086e-02    5.264484286308290e-01    2.231295965611935e-02
    vertex    2.160421013832092e-02    5.279244780540467e-01    2.723087929189205e-02
    vertex    1.613570936024189e-02    5.299177765846254e-01    2.447557076811790e-02
  endloop
endfacet
facet normal   -2.117462747487403e-01    2.062739244894891e-01    9.553086324354739e-01
  outer loop
    vertex    2.160421013832092e-02    5.279244780540467e-01    2.723087929189205e-02
    vertex    2.287212945520877e-02    5.273308753967286e-01    2.764008939266205e-02
    vertex    2.107332088053226e-02    5.315824151039125e-01    2.632337063550949e-02
  endloop
endfacet
facet normal    5.433273573342401e-01    7.840503841671461e-01    3.001006128943122e-01
  outer loop
    vertex    1.958901062607765e-02    5.357657074928285e-01    1.337607018649578e-02
    vertex    1.688425987958908e-02    5.358198285102845e-01    1.813158020377159e-02
    vertex    1.979129016399383e-02    5.354046821594239e-01    1.395307015627623e-02
  endloop
endfacet
facet normal    5.370728940580045e-01    3.404819127693110e-01    7.717673053097747e-01
  outer loop
    vertex    3.614683821797371e-02    5.346853733062745e-01    1.268497016280890e-02
    vertex    3.312148153781891e-02    5.326011180877687e-01    1.570983044803143e-02
    vertex    3.607700020074844e-02    5.335937142372132e-01    1.321517955511808e-02
  endloop
endfacet
facet normal    5.400897549631029e-01    5.407113428663750e-01    6.449296863066056e-01
  outer loop
    vertex    3.277315944433212e-02    5.382661223411561e-01    1.250811014324427e-02
    vertex    3.306604176759720e-02    5.372841954231263e-01    1.308608986437321e-02
    vertex    3.614683821797371e-02    5.346853733062745e-01    1.268497016280890e-02
  endloop
endfacet
facet normal   -2.701093606886731e-01    8.705404068814270e-01    4.113396811092698e-01
  outer loop
    vertex    2.502650953829288e-02    5.388805270195008e-01    2.197132073342800e-02
    vertex    2.414163947105407e-02    5.386468768119813e-01    2.188475057482719e-02
    vertex    2.315410040318966e-02    5.375689268112184e-01    2.351759932935238e-02
  endloop
endfacet
facet normal   -2.763487249911927e-01   -9.455748800802656e-01    1.718124802129734e-01
  outer loop
    vertex    3.224216029047966e-02    5.201662182807923e-01    1.419480983167887e-02
    vertex    2.378424070775509e-02    5.219684839248658e-01    1.050963997840881e-02
    vertex    2.538092993199825e-02    5.214633941650392e-01    1.029803045094013e-02
  endloop
endfacet
facet normal   -4.213335702666614e-01   -5.204499751643316e-01    7.427044135575034e-01
  outer loop
    vertex    2.826136909425258e-02    5.233728289604188e-01    1.426787953823805e-02
    vertex    2.205299027264118e-02    5.231813788414003e-01    1.061172969639301e-02
    vertex    2.461804077029228e-02    5.225191116333009e-01    1.160279009491205e-02
  endloop
endfacet
facet normal    3.170456734433882e-01   -9.363519912090225e-01    1.507547329596224e-01
  outer loop
    vertex    1.269636023789644e-02    5.260959267616273e-01    9.674110449850559e-03
    vertex    7.410482037812471e-03    5.247033238410951e-01    1.214102003723383e-02
    vertex    1.077506039291620e-02    5.253347754478456e-01    8.987128734588623e-03
  endloop
endfacet
facet normal    1.031080958464203e-01   -9.946051890042252e-01    1.136831459780431e-02
  outer loop
    vertex    4.848697863053522e-04    5.211277008056642e-01    5.202343221753836e-03
    vertex    1.644138013944029e-03    5.212147235870362e-01    2.301594009622931e-03
    vertex    9.866108885034910e-04    5.211889147758485e-01    6.007226184010506e-03
  endloop
endfacet
facet normal   -2.075636174453625e-01   -9.782156526473058e-01    3.388455223356731e-03
  outer loop
    vertex    3.664559125900269e-02    5.179855227470399e-01    2.701978897675872e-03
    vertex    3.687318041920662e-02    5.179541707038881e-01    7.592163048684597e-03
    vertex    3.418774157762527e-02    5.185204744338990e-01    6.579244975000620e-03
  endloop
endfacet
facet normal   -1.174354608637517e-01   -9.929708452248596e-01    1.475849128963222e-02
  outer loop
    vertex    3.949100151658058e-02    5.175647139549256e-01    2.219380112364888e-03
    vertex    3.846964985132217e-02    5.177698731422425e-01    7.895718328654766e-03
    vertex    3.687318041920662e-02    5.179541707038881e-01    7.592163048684597e-03
  endloop
endfacet
facet normal   -7.485373018250533e-01    4.056833461933692e-01   -5.245120879425184e-01
  outer loop
    vertex    2.407771907746791e-02    5.247995257377626e-01    5.275948205962777e-04
    vertex    2.324195951223373e-02    5.237393975257875e-01    9.003619197756052e-04
    vertex    2.805358916521072e-02    5.341755747795106e-01    2.105480059981346e-03
  endloop
endfacet
facet normal    4.867243138124607e-01    8.604594592931440e-01    1.506949277737627e-01
  outer loop
    vertex    2.928318083286285e-02    5.305756926536561e-01    1.892488077282906e-02
    vertex    2.825576066970825e-02    5.312207937240602e-01    1.855981908738613e-02
    vertex    2.439882047474384e-02    5.326542854309083e-01    2.283206023275852e-02
  endloop
endfacet
facet normal    6.376799907186118e-01    7.699709482792909e-01   -2.256032453225949e-02
  outer loop
    vertex    2.458072081208229e-02    5.328419208526612e-01    2.019767090678215e-02
    vertex    2.582428976893425e-02    5.317239761352540e-01    1.719301939010620e-02
    vertex    2.390198037028312e-02    5.333865880966188e-01    1.960187964141369e-02
  endloop
endfacet
facet normal    8.703709197549021e-01    4.897385391860642e-01   -5.109427835781216e-02
  outer loop
    vertex    2.693386003375053e-02    5.283216238021852e-01    2.278036065399647e-02
    vertex    2.504749968647957e-02    5.316988229751588e-01    2.301740087568760e-02
    vertex    2.634493075311184e-02    5.294036269187928e-01    2.311917953193188e-02
  endloop
endfacet
facet normal   -2.001382003862282e-01   -8.109452159252571e-01    5.498295713347000e-01
  outer loop
    vertex    1.417456008493900e-02    5.264120101928712e-01    1.052473019808531e-02
    vertex    1.558845024555922e-02    5.259397029876710e-01    1.034277956932783e-02
    vertex    1.764317974448204e-02    5.274546146392823e-01    1.332504954189062e-02
  endloop
endfacet
facet normal   -3.368238229570138e-01   -7.316042645159991e-01    5.927098045676538e-01
  outer loop
    vertex    1.685753092169761e-02    5.262740850448610e-01    1.147671043872833e-02
    vertex    1.558845024555922e-02    5.259397029876710e-01    1.034277956932783e-02
    vertex    2.205299027264118e-02    5.231813788414003e-01    1.061172969639301e-02
  endloop
endfacet
facet normal   -3.557253902576538e-01   -7.841077873020071e-01    5.085611316433751e-01
  outer loop
    vertex    1.558845024555922e-02    5.259397029876710e-01    1.034277956932783e-02
    vertex    2.164964005351066e-02    5.229368805885316e-01    9.952625259757042e-03
    vertex    2.205299027264118e-02    5.231813788414003e-01    1.061172969639301e-02
  endloop
endfacet
facet normal    3.527773926906568e-01   -9.343142047800278e-01   -5.103996426964379e-02
  outer loop
    vertex    1.111757010221481e-02    5.257881879806520e-01    2.090171910822392e-02
    vertex    8.753433823585510e-03    5.250291824340821e-01    1.845531910657883e-02
    vertex    2.112602069973945e-02    5.296515226364137e-01    1.935756951570511e-02
  endloop
endfacet
facet normal   -2.752310490770825e-01   -7.231693511811483e-01    6.334618845172656e-01
  outer loop
    vertex    2.205299027264118e-02    5.231813788414003e-01    1.061172969639301e-02
    vertex    2.965423092246055e-02    5.255565047264100e-01    1.662584953010082e-02
    vertex    2.256974950432777e-02    5.288795232772828e-01    1.734133996069431e-02
  endloop
endfacet
facet normal   -3.845841220846120e-01   -9.227873444286046e-01   -2.363408561405241e-02
  outer loop
    vertex    2.990492060780525e-02    5.278506278991700e-01    2.136244997382164e-02
    vertex    2.494185976684093e-02    5.299568176269532e-01    1.988784968852997e-02
    vertex    2.915103919804096e-02    5.281932950019838e-01    2.025057934224606e-02
  endloop
endfacet
facet normal   -3.774445314271961e-01   -8.077350043471584e-01    4.528794414057678e-01
  outer loop
    vertex    2.494185976684093e-02    5.299568176269532e-01    1.988784968852997e-02
    vertex    3.045218996703624e-02    5.261631011962892e-01    1.771404035389423e-02
    vertex    2.915103919804096e-02    5.281932950019838e-01    2.025057934224606e-02
  endloop
endfacet
facet normal   -9.750176238279562e-01    1.335801405436566e-01    1.774738833666038e-01
  outer loop
    vertex   -1.630637049674990e-02    5.206822752952577e-01    3.936355933547020e-03
    vertex   -1.609696075320246e-02    5.237234830856324e-01    2.797784050926566e-03
    vertex   -1.642744056880476e-02    5.210912823677064e-01    2.963363891467452e-03
  endloop
endfacet
facet normal   -6.378795770712501e-01    7.490193154319711e-01    1.791080965931591e-01
  outer loop
    vertex    1.243640016764402e-02    5.366712212562562e-01    3.957444801926613e-03
    vertex    4.194132052361964e-03    5.305852293968202e-01    5.449984018923715e-05
    vertex    4.616416059434413e-03    5.306528806686402e-01    1.275517977774143e-03
  endloop
endfacet
facet normal    4.340922440409626e-01    9.008353657451795e-01   -7.717997553120988e-03
  outer loop
    vertex    4.134137555956841e-02    5.308678746223451e-01   -2.634751769810439e-23
    vertex    4.201764985918999e-02    5.305433273315431e-01    1.557076029712334e-04
    vertex    4.196998104453087e-02    5.305649638175965e-01   -2.600264427905640e-23
  endloop
endfacet
facet normal    5.041786972419046e-01    8.629121872803959e-01   -3.444413288818190e-02
  outer loop
    vertex    4.201764985918999e-02    5.305433273315431e-01    1.557076029712334e-04
    vertex    4.199732095003128e-02    5.305489897727967e-01   -2.598764471746790e-23
    vertex    4.196998104453087e-02    5.305649638175965e-01   -2.600264427905640e-23
  endloop
endfacet
facet normal    6.100260719719895e-01    1.508730922272283e-02    7.922376945177773e-01
  outer loop
    vertex    3.595634177327156e-02    5.322257280349733e-01    1.336510013788939e-02
    vertex    3.203096985816956e-02    5.268204212188722e-01    1.649058982729912e-02
    vertex    3.309261053800583e-02    5.272737145423890e-01    1.566448993980885e-02
  endloop
endfacet
facet normal   -6.467784736843160e-01    7.623795999351083e-01   -2.132959402733500e-02
  outer loop
    vertex    2.547463960945606e-02    5.347967147827150e-01    1.239510998129845e-02
    vertex    2.969555929303169e-02    5.384436249732972e-01    1.475473958998919e-02
    vertex    3.016342036426067e-02    5.387989878654481e-01    1.326943002641201e-02
  endloop
endfacet
facet normal    1.118373793551583e-01    8.780982935993342e-01   -4.652265978605566e-01
  outer loop
    vertex    2.243106998503208e-02    5.371869206428529e-01    1.777859963476658e-02
    vertex    2.310133911669254e-02    5.366163253784181e-01    1.686275005340576e-02
    vertex    2.149762026965618e-02    5.349575877189637e-01    1.334641966968775e-02
  endloop
endfacet
facet normal   -8.905140417961596e-01    3.715010577475489e-01   -2.626246474653891e-01
  outer loop
    vertex    2.467657066881656e-02    5.287088155746461e-01    5.415032152086496e-03
    vertex    2.733829990029335e-02    5.338100194931031e-01    3.605588106438518e-03
    vertex    2.311223931610584e-02    5.247822999954225e-01    5.165072157979012e-03
  endloop
endfacet
facet normal   -9.009271645147784e-01    3.882494831004099e-01   -1.938880685128047e-01
  outer loop
    vertex    2.311223931610584e-02    5.247822999954225e-01    5.165072157979012e-03
    vertex    2.733829990029335e-02    5.338100194931031e-01    3.605588106438518e-03
    vertex    2.704822085797786e-02    5.325471162796022e-01    2.424590056762099e-03
  endloop
endfacet
facet normal   -5.844359407042523e-02    7.789279297058848e-01    6.243841979392460e-01
  outer loop
    vertex   -9.249716065824046e-03    5.264697074890138e-01    3.052287967875600e-03
    vertex    1.411473029293119e-03    5.290983915328981e-01    7.708765915594995e-04
    vertex    1.586231053806841e-03    5.293772816658021e-01    4.393149865791202e-04
  endloop
endfacet
facet normal   -6.735993532898107e-01    7.004169181197170e-01    2.359662095708333e-01
  outer loop
    vertex    4.300623200833797e-03    5.283579230308534e-01    5.956764798611403e-03
    vertex    1.089129969477654e-02    5.348839759826661e-01    5.399555899202824e-03
    vertex    9.793044999241829e-03    5.343772172927858e-01    3.768638940528035e-03
  endloop
endfacet
facet normal   -1.861027441701929e-01    2.952286536894025e-01    9.371263578904748e-01
  outer loop
    vertex   -2.152227098122240e-03    5.218477845191957e-01    5.345248151570559e-03
    vertex   -3.032776992768050e-03    5.246124863624574e-01    4.299399908632040e-03
    vertex   -5.009158048778787e-03    5.247902274131776e-01    3.850918030366302e-03
  endloop
endfacet
facet normal   -7.370361680327066e-01    4.447963807380569e-01    5.088554477393258e-01
  outer loop
    vertex    7.090383209288119e-03    5.294154286384584e-01    1.001749001443386e-02
    vertex    2.049785107374190e-03    5.260487198829652e-01    5.659468006342649e-03
    vertex    1.597887021489441e-03    5.251597166061402e-01    5.782017949968576e-03
  endloop
endfacet
facet normal   -5.653092749135835e-01   -8.215073542307304e-01    7.450564167567279e-02
  outer loop
    vertex    2.231960929930210e-02    5.225123167037965e-01    8.516509085893631e-03
    vertex    2.372949011623859e-02    5.210862159729005e-01    3.489593975245953e-03
    vertex    2.286219969391822e-02    5.222669839859010e-01    9.928331710398197e-03
  endloop
endfacet
facet normal    2.803518969257512e-01   -9.215845247580409e-01    2.684860845865739e-01
  outer loop
    vertex    9.866108885034910e-04    5.211889147758485e-01    6.007226184010506e-03
    vertex    5.934948101639747e-03    5.217329263687135e-01    2.707527950406075e-03
    vertex    3.291398985311388e-03    5.222371816635133e-01    7.198777049779892e-03
  endloop
endfacet
facet normal    7.381334702862891e-01   -6.261926147253130e-01   -2.510812404513647e-01
  outer loop
    vertex    8.086454123258591e-03    5.232568979263307e-01    4.539325833320618e-03
    vertex    1.181470975279808e-02    5.262954235076905e-01    7.921689189970493e-03
    vertex    1.130170002579689e-02    5.255535840988160e-01    8.263668976724148e-03
  endloop
endfacet
facet normal    2.883354912804420e-01   -9.566442286691340e-01    4.116387034893348e-02
  outer loop
    vertex   -1.082054991275073e-02    5.186915993690492e-01    5.007585976272821e-03
    vertex   -7.904946804046645e-03    5.195168852806092e-01    3.764582099393010e-03
    vertex   -2.509309910237790e-03    5.211803913116456e-01    4.630142822861671e-03
  endloop
endfacet
facet normal   -3.106575394426341e-01   -9.380953077593888e-01   -1.531962360740823e-01
  outer loop
    vertex    2.430419065058231e-02    5.202912688255311e-01    1.351683248447242e-20
    vertex    2.394850924611091e-02    5.203889012336732e-01    1.234142982866615e-04
    vertex    2.395573258399963e-02    5.204066634178163e-01    6.772674993331618e-20
  endloop
endfacet
facet normal   -3.429686260289027e-01   -9.240018799355743e-01    1.690947883152266e-01
  outer loop
    vertex    2.562483027577400e-02    5.204097032546998e-01    3.637104062363505e-03
    vertex    2.372949011623859e-02    5.210862159729005e-01    3.489593975245953e-03
    vertex    2.394850924611091e-02    5.203889012336732e-01    1.234142982866615e-04
  endloop
endfacet
facet normal   -3.067437937774348e-01   -9.395920201013288e-01    1.519048410714105e-01
  outer loop
    vertex    2.562483027577400e-02    5.204097032546998e-01    3.637104062363505e-03
    vertex    2.394850924611091e-02    5.203889012336732e-01    1.234142982866615e-04
    vertex    2.567381039261818e-02    5.199267864227296e-01    7.489771815016866e-04
  endloop
endfacet
facet normal    3.232991024800407e-01   -9.450470482087711e-01    4.861858705771779e-02
  outer loop
    vertex    1.196413021534681e-02    5.262631773948671e-01    1.320965960621834e-02
    vertex    1.827903091907501e-02    5.286340117454530e-01    1.730168052017689e-02
    vertex    8.867716416716576e-03    5.252097845077516e-01    1.332405954599380e-02
  endloop
endfacet
facet normal    2.839176584256623e-01   -9.528368878055195e-01    1.072036775077277e-01
  outer loop
    vertex    1.292701996862888e-02    5.263540744781495e-01    1.121161039918661e-02
    vertex    1.993704959750175e-02    5.291211009025575e-01    1.723988912999630e-02
    vertex    1.827903091907501e-02    5.286340117454530e-01    1.730168052017689e-02
  endloop
endfacet
facet normal   -1.253761715228437e-01   -9.899371143740187e-01    6.561497694212456e-02
  outer loop
    vertex    3.672771900892258e-02    5.179371833801271e-01    1.454465964343399e-04
    vertex    3.676219657063484e-02    5.179231762886048e-01   -6.049426332903102e-22
    vertex    3.726435080170631e-02    5.178595781326295e-01   -2.858430611375064e-23
  endloop
endfacet
facet normal    4.818702064448063e-01    8.753167636036859e-01   -4.026993289302488e-02
  outer loop
    vertex    3.944006934762001e-02    5.318667292594911e-01    8.200791664421558e-03
    vertex    3.908890113234520e-02    5.320008993148805e-01    6.915063131600618e-03
    vertex    3.744202852249146e-02    5.330548882484437e-01    1.011832989752293e-02
  endloop
endfacet
facet normal    5.704017453437165e-01    4.065929659036307e-01    7.136693975409980e-01
  outer loop
    vertex    3.306604176759720e-02    5.372841954231263e-01    1.308608986437321e-02
    vertex    3.101024031639099e-02    5.387833714485170e-01    1.387508027255535e-02
    vertex    3.312148153781891e-02    5.326011180877687e-01    1.570983044803143e-02
  endloop
endfacet
facet normal    6.115193473610647e-01    5.288278295956506e-01    5.885449978109158e-01
  outer loop
    vertex    3.306604176759720e-02    5.372841954231263e-01    1.308608986437321e-02
    vertex    3.277315944433212e-02    5.382661223411561e-01    1.250811014324427e-02
    vertex    3.101024031639099e-02    5.387833714485170e-01    1.387508027255535e-02
  endloop
endfacet
facet normal   -9.304890139613302e-03    2.152376608339912e-01    9.765173671667092e-01
  outer loop
    vertex   -1.130400039255620e-02    5.192574858665467e-01    5.010427907109261e-03
    vertex   -5.009158048778787e-03    5.247902274131776e-01    3.850918030366302e-03
    vertex   -9.972845204174532e-03    5.245832204818727e-01    3.849247936159372e-03
  endloop
endfacet
facet normal   -8.329168098568286e-01    3.663874623573179e-01    4.147406602749343e-01
  outer loop
    vertex    8.635107427835464e-03    5.249969959259034e-01    2.029776945710182e-02
    vertex    1.114870980381966e-02    5.285782814025880e-01    2.218203991651535e-02
    vertex    1.167809031903744e-02    5.299018025398256e-01    2.207596972584724e-02
  endloop
endfacet
facet normal   -8.696434479212688e-01    4.550871939166583e-01    1.913528662462866e-01
  outer loop
    vertex    7.956303656101227e-03    5.250933766365052e-01    1.659722067415714e-02
    vertex    1.167809031903744e-02    5.299018025398256e-01    2.207596972584724e-02
    vertex    9.312167763710022e-03    5.274165272712709e-01    1.723417080938816e-02
  endloop
endfacet
facet normal   -4.235855882119663e-01    3.306368201418755e-01    8.433590828499992e-01
  outer loop
    vertex    1.772494986653328e-02    5.355746746063234e-01    2.365499921143055e-02
    vertex    1.317976042628288e-02    5.313832759857179e-01    2.301535941660404e-02
    vertex    1.852609030902385e-02    5.327038764953614e-01    2.518286928534508e-02
  endloop
endfacet
facet normal   -2.417375521598676e-01    5.277096750574385e-01    8.143005923653304e-01
  outer loop
    vertex    2.044722065329551e-02    5.329126119613649e-01    2.587269991636276e-02
    vertex    2.440652064979076e-02    5.347055196762086e-01    2.588617987930775e-02
    vertex    2.299576066434383e-02    5.367156863212587e-01    2.416468039155006e-02
  endloop
endfacet
facet normal   -4.601870912215020e-01    8.686638795396114e-01    1.834418312607141e-01
  outer loop
    vertex    1.573402062058448e-02    5.350602269172670e-01    2.179750055074692e-02
    vertex    1.871176064014434e-02    5.362489819526673e-01    2.363835088908672e-02
    vertex    1.695949025452137e-02    5.358260869979860e-01    2.124512009322643e-02
  endloop
endfacet
facet normal   -1.618170612876345e-01    6.151904269707752e-01    7.715931422969942e-01
  outer loop
    vertex    2.315410040318966e-02    5.375689268112184e-01    2.351759932935238e-02
    vertex    1.871176064014434e-02    5.362489819526673e-01    2.363835088908672e-02
    vertex    2.299576066434383e-02    5.367156863212587e-01    2.416468039155006e-02
  endloop
endfacet
facet normal    1.888199579691235e-01   -9.159090187859763e-01    3.542000745045775e-01
  outer loop
    vertex    6.864298135042190e-03    5.242763757705690e-01    1.056716032326221e-02
    vertex    1.597960945218801e-03    5.216568112373353e-01    6.600777152925730e-03
    vertex    3.291398985311388e-03    5.222371816635133e-01    7.198777049779892e-03
  endloop
endfacet
facet normal    2.462019944156146e-02    2.070843141504134e-01    9.780132578918910e-01
  outer loop
    vertex   -9.972845204174532e-03    5.245832204818727e-01    3.849247936159372e-03
    vertex   -1.570365019142629e-02    5.232632160186769e-01    4.273010883480310e-03
    vertex   -1.130400039255620e-02    5.192574858665467e-01    5.010427907109261e-03
  endloop
endfacet
facet normal    1.965729513161649e-01   -9.779358129989252e-01    7.071506533252919e-02
  outer loop
    vertex    3.949100151658058e-02    5.175647139549256e-01    2.219380112364888e-03
    vertex    3.941551968455315e-02    5.179682970046998e-01    8.010451681911945e-03
    vertex    3.846964985132217e-02    5.177698731422425e-01    7.895718328654766e-03
  endloop
endfacet
facet normal    8.031528317482064e-01    1.472068728152633e-01    5.773003251781418e-01
  outer loop
    vertex    3.867483884096146e-02    5.314406752586366e-01    1.125971972942352e-02
    vertex    3.927436098456383e-02    5.292798280715943e-01    1.097664982080460e-02
    vertex    4.131542891263962e-02    5.287550091743470e-01    8.270896039903164e-03
  endloop
endfacet
facet normal    9.401513314681530e-01   -1.719326845941507e-01    2.942016755678109e-01
  outer loop
    vertex    3.065112978219986e-02    5.290244221687318e-01    2.173577994108200e-02
    vertex    3.065053932368755e-02    5.279958248138429e-01    2.113655023276806e-02
    vertex    3.232968971133232e-02    5.307648777961732e-01    1.738890074193478e-02
  endloop
endfacet
facet normal    6.120313768262429e-01   -2.772501227515151e-02    7.903473397655718e-01
  outer loop
    vertex    2.542991936206817e-02    5.266306996345521e-01    2.668658085167408e-02
    vertex    2.855483070015907e-02    5.255231261253358e-01    2.422785013914108e-02
    vertex    2.525757998228073e-02    5.278140902519227e-01    2.686155028641224e-02
  endloop
endfacet
facet normal   -2.908488819690266e-01   -9.439949708652002e-01    1.558217662541949e-01
  outer loop
    vertex    2.443151921033859e-02    5.209885239601136e-01    5.649064201861620e-03
    vertex    2.665771916508674e-02    5.202962160110475e-01    5.610254127532244e-03
    vertex    2.538092993199825e-02    5.214633941650392e-01    1.029803045094013e-02
  endloop
endfacet
facet normal   -1.992870841802988e-01   -9.670672318730096e-01    1.583212781542300e-01
  outer loop
    vertex    2.562483027577400e-02    5.204097032546998e-01    3.637104062363505e-03
    vertex    2.567381039261818e-02    5.199267864227296e-01    7.489771815016866e-04
    vertex    3.664559125900269e-02    5.179855227470399e-01    2.701978897675872e-03
  endloop
endfacet
facet normal    9.792482200809027e-01    1.621983343321063e-01   -1.215097683656513e-01
  outer loop
    vertex    4.254738986492157e-02    5.296651721000672e-01    1.387766042171279e-05
    vertex    4.257763549685478e-02    5.294721722602845e-01    1.668396629230587e-21
    vertex    4.254551976919174e-02    5.296660661697389e-01    1.405817823592028e-19
  endloop
endfacet
facet normal   -9.914213827016544e-01   -1.197409271337302e-01    5.239992644169086e-02
  outer loop
    vertex    2.283500321209430e-02    5.220122933387757e-01   -3.650071562132988e-23
    vertex    2.282590046525001e-02    5.221362113952638e-01    1.109430013457313e-04
    vertex    2.281475998461246e-02    5.221799015998841e-01    1.351601533435430e-20
  endloop
endfacet
facet normal   -1.073150508991109e-02    9.126456709399474e-01   -4.086107121859123e-01
  outer loop
    vertex   -9.686768054962172e-03    5.278992056846620e-01   -5.434321734620079e-23
    vertex   -9.604829363524928e-03    5.279091000556947e-01    1.994741978705861e-05
    vertex   -9.590457193553462e-03    5.279003381729127e-01   -5.429037807442088e-23
  endloop
endfacet
facet normal   -4.822027869121712e-02    9.012468614400228e-01   -4.306145602130167e-01
  outer loop
    vertex   -9.590457193553462e-03    5.279003381729127e-01   -5.429037807442088e-23
    vertex   -9.604829363524928e-03    5.279091000556947e-01    1.994741978705861e-05
    vertex   -9.532527998089804e-03    5.279034376144410e-01   -5.425859623322146e-23
  endloop
endfacet
facet normal   -4.438471645657039e-01    8.079361111266273e-01   -3.876066754386037e-01
  outer loop
    vertex    1.586231053806841e-03    5.293772816658021e-01    4.393149865791202e-04
    vertex    2.583221765235066e-03    5.297142267227174e-01   -4.761150176038054e-23
    vertex    1.712846918962895e-03    5.292360782623292e-01    2.705696529442134e-20
  endloop
endfacet
facet normal   -7.834678846678953e-01    5.409833889325215e-01    3.058022998492613e-01
  outer loop
    vertex   -1.467593014240266e-02    5.276144146919252e-01    1.005058002192527e-04
    vertex   -1.516935974359514e-02    5.268836021423341e-01    1.291883963858709e-04
    vertex   -1.579475961625578e-02    5.237922072410585e-01    3.995779901742935e-03
  endloop
endfacet
facet normal   -8.940136657947051e-01    4.110600334185243e-01   -1.782392052783986e-01
  outer loop
    vertex   -1.516935974359514e-02    5.268836021423341e-01    1.291883963858709e-04
    vertex   -1.519720908254386e-02    5.267670154571534e-01    8.125779651185186e-20
    vertex   -1.521365251392127e-02    5.267312526702882e-01   -5.737544596237277e-23
  endloop
endfacet
facet normal   -8.825571718118473e-01    4.264058701374088e-01    1.981687977352453e-01
  outer loop
    vertex   -1.516935974359514e-02    5.268836021423341e-01    1.291883963858709e-04
    vertex   -1.609696075320246e-02    5.237234830856324e-01    2.797784050926566e-03
    vertex   -1.579475961625578e-02    5.237922072410585e-01    3.995779901742935e-03
  endloop
endfacet
facet normal    9.338479197755898e-01   -3.570286068035917e-01    2.141580385345687e-02
  outer loop
    vertex    7.454526610672473e-03    5.240919589996339e-01    1.083752783031035e-19
    vertex    6.802672054618596e-03    5.224992036819459e-01    1.871226006187499e-03
    vertex    6.908114999532699e-03    5.226627588272096e-01    2.167951957724682e-19
  endloop
endfacet
facet normal   -6.884742492366605e-01    4.132161967628131e-01    5.960332061814114e-01
  outer loop
    vertex    2.282590046525001e-02    5.221362113952638e-01    1.109430013457313e-04
    vertex    2.341918647289276e-02    5.232847332954408e-01   -6.812443791714186e-21
    vertex    2.296549826860428e-02    5.225288271903993e-01   -3.642912178808320e-23
  endloop
endfacet
facet normal    6.721650520488452e-01   -7.403127317171263e-01   -1.145434684734430e-02
  outer loop
    vertex    4.095384106040001e-02    5.181583166122438e-01    2.738116076216102e-03
    vertex    4.049554839730263e-02    5.177469849586488e-01    2.429564949125051e-03
    vertex    4.101829975843430e-02    5.182397961616517e-01    1.254533999599516e-03
  endloop
endfacet
facet normal    9.000732245171056e-01   -4.354738339387189e-01    1.518981441930394e-02
  outer loop
    vertex    4.131092876195908e-02    5.189114212989808e-01    3.169477917253971e-03
    vertex    4.095384106040001e-02    5.181583166122438e-01    2.738116076216102e-03
    vertex    4.101829975843430e-02    5.182397961616517e-01    1.254533999599516e-03
  endloop
endfacet
facet normal    9.938736442866357e-01   -7.684383519368862e-02    7.943679364832856e-02
  outer loop
    vertex    4.178125038743019e-02    5.238541960716249e-01    3.661345923319459e-03
    vertex    4.150114953517914e-02    5.200362801551820e-01    3.472536103799939e-03
    vertex    4.186952859163284e-02    5.212501883506776e-01    3.784467844525352e-05
  endloop
endfacet
facet normal    9.168374503742179e-01   -3.503583184443216e-01    1.914631512541532e-01
  outer loop
    vertex    3.998494148254395e-02    5.184816718101503e-01    7.969480939209461e-03
    vertex    4.095384106040001e-02    5.181583166122438e-01    2.738116076216102e-03
    vertex    4.036895185709000e-02    5.195195078849794e-01    8.029750548303127e-03
  endloop
endfacet
facet normal    6.036066886417228e-01   -7.834478951992040e-01    1.478795487378539e-01
  outer loop
    vertex    3.941551968455315e-02    5.179682970046998e-01    8.010451681911945e-03
    vertex    4.049554839730263e-02    5.177469849586488e-01    2.429564949125051e-03
    vertex    4.095384106040001e-02    5.181583166122438e-01    2.738116076216102e-03
  endloop
endfacet
facet normal    9.627336249520879e-01   -1.319263702883892e-01    2.360919316900588e-01
  outer loop
    vertex    4.036895185709000e-02    5.195195078849794e-01    8.029750548303127e-03
    vertex    4.120646044611931e-02    5.207232832908631e-01    5.287225823849440e-03
    vertex    4.181618988513947e-02    5.279446840286256e-01    6.836140062659979e-03
  endloop
endfacet
facet normal    8.071037930908928e-01   -3.271775481224316e-01    4.914654811712493e-01
  outer loop
    vertex    3.805138915777206e-02    5.211362242698671e-01    1.291202008724213e-02
    vertex    3.998494148254395e-02    5.184816718101503e-01    7.969480939209461e-03
    vertex    4.036895185709000e-02    5.195195078849794e-01    8.029750548303127e-03
  endloop
endfacet
facet normal    8.788508520389643e-01   -9.125037385208468e-02    4.682889590223555e-01
  outer loop
    vertex    3.805138915777206e-02    5.211362242698671e-01    1.291202008724213e-02
    vertex    4.010254144668579e-02    5.224220156669618e-01    9.313113987445831e-03
    vertex    4.131542891263962e-02    5.287550091743470e-01    8.270896039903164e-03
  endloop
endfacet
facet normal    6.090206790952759e-01   -6.378913003242755e-01    4.713687531062423e-01
  outer loop
    vertex    3.710835054516792e-02    5.199288129806520e-01    1.364449039101601e-02
    vertex    3.941551968455315e-02    5.179682970046998e-01    8.010451681911945e-03
    vertex    3.998494148254395e-02    5.184816718101503e-01    7.969480939209461e-03
  endloop
endfacet
facet normal    4.385201779698219e-01    7.208400583901904e-02    8.958258478161455e-01
  outer loop
    vertex    3.415102139115334e-02    5.214723944664003e-01    1.512903999537230e-02
    vertex    3.755205124616623e-02    5.211710929870607e-01    1.348842959851027e-02
    vertex    3.493712097406387e-02    5.230041146278382e-01    1.462098024785519e-02
  endloop
endfacet
facet normal    4.672509609258463e-01    1.258637997745997e-01    8.751199023106335e-01
  outer loop
    vertex    3.493712097406387e-02    5.230041146278382e-01    1.462098024785519e-02
    vertex    3.755205124616623e-02    5.211710929870607e-01    1.348842959851027e-02
    vertex    3.838795050978661e-02    5.297703146934510e-01    1.180533971637487e-02
  endloop
endfacet
facet normal    5.557663509377785e-01    7.595478125385501e-01   -3.379510077410772e-01
  outer loop
    vertex    3.177919983863831e-02    5.352954268455506e-01    7.116827182471752e-03
    vertex    3.032848052680492e-02    5.355002284049989e-01    5.191387142986059e-03
    vertex    3.021644987165928e-02    5.361012220382692e-01    6.357889156788588e-03
  endloop
endfacet
facet normal    5.542437281654730e-01    8.259104877172740e-01    1.033719307542033e-01
  outer loop
    vertex    3.862100839614868e-02    5.321143865585328e-01    1.061359979212284e-02
    vertex    4.104888066649437e-02    5.309637784957887e-01    6.789218168705702e-03
    vertex    3.944006934762001e-02    5.318667292594911e-01    8.200791664421558e-03
  endloop
endfacet
facet normal    8.198787882023361e-01    5.663654832729041e-01    8.383860693569936e-02
  outer loop
    vertex    4.104888066649437e-02    5.309637784957887e-01    6.789218168705702e-03
    vertex    4.155525937676430e-02    5.301409959793092e-01    7.395459804683924e-03
    vertex    4.201764985918999e-02    5.305433273315431e-01    1.557076029712334e-04
  endloop
endfacet
facet normal    7.943742860825714e-01    5.821469029167951e-01   -1.734199441678742e-01
  outer loop
    vertex    3.614683821797371e-02    5.346853733062745e-01    1.268497016280890e-02
    vertex    3.624932840466499e-02    5.341917276382447e-01    1.149734016507864e-02
    vertex    3.522872924804688e-02    5.358027219772340e-01    1.223022956401110e-02
  endloop
endfacet
facet normal   -4.845391373628212e-01    7.546122344951226e-01   -4.424728239270420e-01
  outer loop
    vertex    2.926255948841571e-02    5.369001030921937e-01    6.702294107526541e-03
    vertex    2.917785011231899e-02    5.358688831329347e-01    5.036369897425175e-03
    vertex    2.750826999545097e-02    5.368831157684327e-01    8.594394661486149e-03
  endloop
endfacet
facet normal   -7.179501863316293e-01    6.394649995726562e-01   -2.750128074616195e-01
  outer loop
    vertex    2.962380088865757e-02    5.402426719665528e-01    1.088328007608652e-02
    vertex    2.750826999545097e-02    5.368831157684327e-01    8.594394661486149e-03
    vertex    2.708023041486740e-02    5.367575287818910e-01    9.419820271432400e-03
  endloop
endfacet
facet normal    6.785844258858453e-01   -7.000614748274146e-02    7.311787170451574e-01
  outer loop
    vertex    3.203096985816956e-02    5.268204212188722e-01    1.649058982729912e-02
    vertex    3.595634177327156e-02    5.322257280349733e-01    1.336510013788939e-02
    vertex    3.302630037069321e-02    5.313202738761903e-01    1.599768921732903e-02
  endloop
endfacet
facet normal    6.138520732462804e-01    1.293997869765696e-01    7.787434284163569e-01
  outer loop
    vertex    3.302630037069321e-02    5.313202738761903e-01    1.599768921732903e-02
    vertex    3.607700020074844e-02    5.335937142372132e-01    1.321517955511808e-02
    vertex    3.312148153781891e-02    5.326011180877687e-01    1.570983044803143e-02
  endloop
endfacet
facet normal    6.192522560340934e-01    1.280841115223176e-01    7.746748374461532e-01
  outer loop
    vertex    3.302630037069321e-02    5.313202738761903e-01    1.599768921732903e-02
    vertex    3.312148153781891e-02    5.326011180877687e-01    1.570983044803143e-02
    vertex    3.235417976975441e-02    5.321905016899110e-01    1.639107987284660e-02
  endloop
endfacet
facet normal    1.450229869349318e-01    7.403526806538477e-01    6.563887883786044e-01
  outer loop
    vertex    3.216272965073586e-02    5.314711928367616e-01    1.724470034241676e-02
    vertex    3.235417976975441e-02    5.321905016899110e-01    1.639107987284660e-02
    vertex    2.927595935761928e-02    5.313205122947694e-01    1.805246062576771e-02
  endloop
endfacet
facet normal    1.403618262523834e-01    7.535784108457925e-01    6.421978950745836e-01
  outer loop
    vertex    2.928318083286285e-02    5.305756926536561e-01    1.892488077282906e-02
    vertex    3.216272965073586e-02    5.314711928367616e-01    1.724470034241676e-02
    vertex    2.927595935761928e-02    5.313205122947694e-01    1.805246062576771e-02
  endloop
endfacet
facet normal   -1.765130192439314e-01    9.462002517617205e-01    2.711977831831384e-01
  outer loop
    vertex    3.016342036426067e-02    5.387989878654481e-01    1.326943002641201e-02
    vertex    3.101024031639099e-02    5.387833714485170e-01    1.387508027255535e-02
    vertex    3.010392934083938e-02    5.390247106552125e-01    1.244316995143890e-02
  endloop
endfacet
facet normal    8.797616483931477e-02    3.971656134557417e-01    9.135204813842380e-01
  outer loop
    vertex    3.036068007349968e-02    5.379108190536500e-01    1.492233015596867e-02
    vertex    2.969555929303169e-02    5.384436249732972e-01    1.475473958998919e-02
    vertex    2.897631004452705e-02    5.323197841644288e-01    1.748643070459366e-02
  endloop
endfacet
facet normal   -5.230105287518882e-02    4.802706769924392e-01    8.755596362837719e-01
  outer loop
    vertex    2.969619072973728e-02    5.333905220031739e-01    1.694210059940815e-02
    vertex    2.897631004452705e-02    5.323197841644288e-01    1.748643070459366e-02
    vertex    2.927595935761928e-02    5.313205122947694e-01    1.805246062576771e-02
  endloop
endfacet
facet normal    6.290190359262666e-01    3.331107458299991e-01    7.024046436741230e-01
  outer loop
    vertex    2.436318993568420e-02    5.294439196586610e-01    2.688956074416637e-02
    vertex    2.525757998228073e-02    5.278140902519227e-01    2.686155028641224e-02
    vertex    2.508193999528885e-02    5.286309719085694e-01    2.663143910467625e-02
  endloop
endfacet
facet normal    8.601461440347551e-01    3.009448019809314e-01    4.118019391197670e-01
  outer loop
    vertex    2.508193999528885e-02    5.286309719085694e-01    2.663143910467625e-02
    vertex    2.525757998228073e-02    5.278140902519227e-01    2.686155028641224e-02
    vertex    2.636506967246532e-02    5.290126204490663e-01    2.367240935564041e-02
  endloop
endfacet
facet normal    8.152609799819885e-01    5.715576247936462e-01    9.312043846037743e-02
  outer loop
    vertex    2.504749968647957e-02    5.316988229751588e-01    2.301740087568760e-02
    vertex    2.439882047474384e-02    5.326542854309083e-01    2.283206023275852e-02
    vertex    2.402924001216888e-02    5.330659151077272e-01    2.354118973016739e-02
  endloop
endfacet
facet normal    4.484261856686762e-01    3.951234574085412e-01    8.017427326843460e-01
  outer loop
    vertex    2.582428976893425e-02    5.317239761352540e-01    1.719301939010620e-02
    vertex    2.622101083397865e-02    5.345032215118409e-01    1.560143008828163e-02
    vertex    2.559120953083038e-02    5.344597101211549e-01    1.597513072192669e-02
  endloop
endfacet
facet normal    8.439546614645328e-01   -7.214066089806351e-02   -5.315413948484883e-01
  outer loop
    vertex    2.384692989289760e-02    5.347645282745362e-01    1.986110955476761e-02
    vertex    2.309596911072731e-02    5.368002057075502e-01    1.839249022305012e-02
    vertex    2.528610080480575e-02    5.384531021118165e-01    2.164554037153721e-02
  endloop
endfacet
facet normal    7.326791457801057e-01    2.638537089474453e-01   -6.273455902559701e-01
  outer loop
    vertex    2.309596911072731e-02    5.368002057075502e-01    1.839249022305012e-02
    vertex    2.243106998503208e-02    5.371869206428529e-01    1.777859963476658e-02
    vertex    2.528610080480575e-02    5.384531021118165e-01    2.164554037153721e-02
  endloop
endfacet
facet normal    4.476256481772493e-01    6.979432885302727e-01   -5.590227590084735e-01
  outer loop
    vertex    2.528610080480575e-02    5.384531021118165e-01    2.164554037153721e-02
    vertex    2.243106998503208e-02    5.371869206428529e-01    1.777859963476658e-02
    vertex    2.502650953829288e-02    5.388805270195008e-01    2.197132073342800e-02
  endloop
endfacet
facet normal    8.538377974714501e-01   -3.724050884270588e-01    3.636969421410327e-01
  outer loop
    vertex    2.390198037028312e-02    5.333865880966188e-01    1.960187964141369e-02
    vertex    2.399099990725517e-02    5.345389842987062e-01    2.057288028299809e-02
    vertex    2.366144955158233e-02    5.369188785552980e-01    2.378343045711517e-02
  endloop
endfacet
facet normal    9.652452614965310e-01   -1.525795119090147e-01    2.121817091648110e-01
  outer loop
    vertex    2.399099990725517e-02    5.345389842987062e-01    2.057288028299809e-02
    vertex    2.386800013482570e-02    5.372139811515809e-01    2.305600978434086e-02
    vertex    2.366144955158233e-02    5.369188785552980e-01    2.378343045711517e-02
  endloop
endfacet
facet normal    5.805688114975177e-01    1.205149240982599e-01    8.052428256035260e-01
  outer loop
    vertex    2.386800013482570e-02    5.372139811515809e-01    2.305600978434086e-02
    vertex    2.502650953829288e-02    5.388805270195008e-01    2.197132073342800e-02
    vertex    2.315410040318966e-02    5.375689268112184e-01    2.351759932935238e-02
  endloop
endfacet
facet normal    9.921706752082360e-01    1.175377750067582e-01   -4.221637956165485e-02
  outer loop
    vertex    2.390198037028312e-02    5.333865880966188e-01    1.960187964141369e-02
    vertex    2.366144955158233e-02    5.369188785552980e-01    2.378343045711517e-02
    vertex    2.393505908548832e-02    5.336002111434938e-01    2.097406052052975e-02
  endloop
endfacet
facet normal   -6.061494847393126e-01    5.947666227394892e-01    5.280487350854352e-01
  outer loop
    vertex    3.016342036426067e-02    5.387989878654481e-01    1.326943002641201e-02
    vertex    2.714600041508674e-02    5.382338166236879e-01    1.044229976832867e-02
    vertex    2.547463960945606e-02    5.347967147827150e-01    1.239510998129845e-02
  endloop
endfacet
facet normal   -4.778082914578974e-01    5.979697345741340e-01    6.435304446158119e-01
  outer loop
    vertex    2.547463960945606e-02    5.347967147827150e-01    1.239510998129845e-02
    vertex    2.714600041508674e-02    5.382338166236879e-01    1.044229976832867e-02
    vertex    2.444515936076641e-02    5.340479016304017e-01    1.232654042541981e-02
  endloop
endfacet
facet normal    3.171443696992722e-01    9.307832418785982e-01   -1.818296054167703e-01
  outer loop
    vertex    2.917785011231899e-02    5.358688831329347e-01    5.036369897425175e-03
    vertex    3.194947913289070e-02    5.339639186859132e-01    1.191154005937278e-04
    vertex    2.860550023615360e-02    5.356637239456178e-01    2.987879095599055e-03
  endloop
endfacet
facet normal   -4.703606251751488e-01    4.615779832872450e-01   -7.521347270465064e-01
  outer loop
    vertex    2.832590043544769e-02    5.352500081062318e-01    2.594555029645562e-03
    vertex    3.083848953247070e-02    5.337492823600770e-01    1.022822034428827e-04
    vertex    2.805358916521072e-02    5.341755747795106e-01    2.105480059981346e-03
  endloop
endfacet
facet normal    2.366099733789866e-01    9.579949764141013e-01   -1.620535271536561e-01
  outer loop
    vertex    2.917785011231899e-02    5.358688831329347e-01    5.036369897425175e-03
    vertex    2.860550023615360e-02    5.356637239456178e-01    2.987879095599055e-03
    vertex    2.750826999545097e-02    5.368831157684327e-01    8.594394661486149e-03
  endloop
endfacet
facet normal   -7.147998532823051e-01    6.439716146240244e-01   -2.726934713302134e-01
  outer loop
    vertex    2.750826999545097e-02    5.368831157684327e-01    8.594394661486149e-03
    vertex    2.832590043544769e-02    5.352500081062318e-01    2.594555029645562e-03
    vertex    2.708023041486740e-02    5.367575287818910e-01    9.419820271432400e-03
  endloop
endfacet
facet normal   -7.980150284006771e-01    4.052746351432460e-01   -4.460095117328504e-01
  outer loop
    vertex    2.832590043544769e-02    5.352500081062318e-01    2.594555029645562e-03
    vertex    2.805358916521072e-02    5.341755747795106e-01    2.105480059981346e-03
    vertex    2.704822085797786e-02    5.325471162796022e-01    2.424590056762099e-03
  endloop
endfacet
facet normal   -9.242501236930193e-01    3.457488858143065e-01   -1.619241081852982e-01
  outer loop
    vertex    2.643374912440776e-02    5.354778766632081e-01    9.451455436646938e-03
    vertex    2.582998946309089e-02    5.332660079002381e-01    8.174769580364227e-03
    vertex    2.559147030115127e-02    5.332133769989015e-01    9.423837997019291e-03
  endloop
endfacet
facet normal   -9.008624074159258e-01   -2.689467463575169e-01   -3.407558811355835e-01
  outer loop
    vertex    2.168833091855049e-02    5.237014889717103e-01    9.246858768165112e-03
    vertex    2.231960929930210e-02    5.225123167037965e-01    8.516509085893631e-03
    vertex    2.164964005351066e-02    5.229368805885316e-01    9.952625259757042e-03
  endloop
endfacet
facet normal   -9.140622600962541e-01    3.937918486128069e-01    9.704722888282710e-02
  outer loop
    vertex    2.559147030115127e-02    5.332133769989015e-01    9.423837997019291e-03
    vertex    2.198950015008449e-02    5.249416828155519e-01    9.062166325747967e-03
    vertex    2.243269048631191e-02    5.258824229240419e-01    9.419186040759087e-03
  endloop
endfacet
facet normal   -8.618842979197406e-01    1.961818181764516e-01   -4.676196651300901e-01
  outer loop
    vertex    2.643374912440776e-02    5.354778766632081e-01    9.451455436646938e-03
    vertex    2.451799064874649e-02    5.285047888755799e-01    1.005700975656509e-02
    vertex    2.462017908692360e-02    5.294011831283570e-01    1.024472992867231e-02
  endloop
endfacet
facet normal   -6.108293121272249e-01    2.903816939928739e-01   -7.365908112649860e-01
  outer loop
    vertex    2.708023041486740e-02    5.367575287818910e-01    9.419820271432400e-03
    vertex    2.643374912440776e-02    5.354778766632081e-01    9.451455436646938e-03
    vertex    2.606596983969211e-02    5.354784131050111e-01    9.756653569638729e-03
  endloop
endfacet
facet normal   -4.179468380869718e-01    9.344473174600594e-02   -9.036528772941630e-01
  outer loop
    vertex    2.708023041486740e-02    5.367575287818910e-01    9.419820271432400e-03
    vertex    2.606596983969211e-02    5.354784131050111e-01    9.756653569638729e-03
    vertex    2.195952087640762e-02    5.337442159652711e-01    1.147659029811621e-02
  endloop
endfacet
facet normal   -3.713624697502239e-01    1.378742641217456e-02   -9.283856003482297e-01
  outer loop
    vertex    2.606596983969211e-02    5.354784131050111e-01    9.756653569638729e-03
    vertex    2.462017908692360e-02    5.294011831283570e-01    1.024472992867231e-02
    vertex    2.311955019831657e-02    5.331184864044191e-01    1.090020034462214e-02
  endloop
endfacet
facet normal   -1.313094991223653e-01    9.908884263430342e-01    2.996568002997305e-02
  outer loop
    vertex    2.195952087640762e-02    5.337442159652711e-01    1.147659029811621e-02
    vertex    2.136906050145626e-02    5.336636900901796e-01    1.155197992920876e-02
    vertex    2.444515936076641e-02    5.340479016304017e-01    1.232654042541981e-02
  endloop
endfacet
facet normal    7.033339181409944e-01   -1.453364807220545e-01   -6.958438811714628e-01
  outer loop
    vertex    1.710294000804424e-02    5.367606878280641e-01    1.089853979647160e-02
    vertex    1.374791003763676e-02    5.278189182281495e-01    9.375006891787052e-03
    vertex    1.682599075138569e-02    5.374165177345277e-01    1.048163045197725e-02
  endloop
endfacet
facet normal    6.230412065189288e-01   -2.809363139240771e-01   -7.299961934819864e-01
  outer loop
    vertex    1.374791003763676e-02    5.278189182281495e-01    9.375006891787052e-03
    vertex    1.289772987365723e-02    5.266696214675904e-01    9.091692976653576e-03
    vertex    1.322930026799440e-02    5.281726717948915e-01    8.796240203082561e-03
  endloop
endfacet
facet normal    7.466348082038319e-01   -6.027216780659743e-01   -2.815369282487882e-01
  outer loop
    vertex    1.181470975279808e-02    5.262954235076905e-01    7.921689189970493e-03
    vertex    8.086454123258591e-03    5.232568979263307e-01    4.539325833320618e-03
    vertex    7.209230214357375e-03    5.232344269752504e-01    2.261037938296795e-03
  endloop
endfacet
facet normal    8.054873548186612e-01   -3.352320958083080e-01   -4.886814536763244e-01
  outer loop
    vertex    1.322930026799440e-02    5.281726717948915e-01    8.796240203082561e-03
    vertex    7.209230214357375e-03    5.232344269752504e-01    2.261037938296795e-03
    vertex    8.680853992700577e-03    5.259050726890565e-01    2.854652004316449e-03
  endloop
endfacet
facet normal    8.878581859182205e-01   -3.113377504883021e-01   -3.387870228017748e-01
  outer loop
    vertex    8.086454123258591e-03    5.232568979263307e-01    4.539325833320618e-03
    vertex    6.802672054618596e-03    5.224992036819459e-01    1.871226006187499e-03
    vertex    7.209230214357375e-03    5.232344269752504e-01    2.261037938296795e-03
  endloop
endfacet
facet normal    5.922472346500992e-03    9.999824617805806e-01   -2.127332903311397e-05
  outer loop
    vertex    1.776473969221115e-02    5.384156107902528e-01    1.146532967686653e-02
    vertex    1.615660078823566e-02    5.384250879287721e-01    9.247252717614174e-03
    vertex    1.734476909041404e-02    5.384181141853334e-01    1.222153007984161e-02
  endloop
endfacet
facet normal    8.583491804270795e-01   -4.613308941934148e-02   -5.109876931206736e-01
  outer loop
    vertex    1.647775992751121e-02    5.379577279090882e-01    9.828925132751465e-03
    vertex    1.153984013944864e-02    5.359104275703431e-01    1.719119027256966e-03
    vertex    1.615660078823566e-02    5.384250879287721e-01    9.247252717614174e-03
  endloop
endfacet
facet normal   -6.257249836176890e-01    7.567635189947132e-01    1.891486748443701e-01
  outer loop
    vertex    1.615660078823566e-02    5.384250879287721e-01    9.247252717614174e-03
    vertex    1.243640016764402e-02    5.366712212562562e-01    3.957444801926613e-03
    vertex    1.230662036687136e-02    5.362967252731324e-01    5.026436876505613e-03
  endloop
endfacet
facet normal    8.606141968781170e-01   -2.958102173866103e-01   -4.145353053981290e-01
  outer loop
    vertex    8.680853992700577e-03    5.259050726890565e-01    2.854652004316449e-03
    vertex    8.076143451035023e-03    5.256133079528810e-01    1.807417953386903e-03
    vertex    1.075411029160023e-02    5.334843993186952e-01    1.750358962453902e-03
  endloop
endfacet
facet normal   -1.043441171746385e-02    1.917087181641035e-01   -9.813963982163308e-01
  outer loop
    vertex    2.166407927870750e-02    5.325676202774049e-01    1.121047977358103e-02
    vertex    2.418244071304798e-02    5.277950167655946e-01    1.025141030550003e-02
    vertex    2.253863960504532e-02    5.271636247634889e-01    1.014554966241121e-02
  endloop
endfacet
facet normal   -2.134653877745906e-02    2.191232584691090e-01   -9.754636450837636e-01
  outer loop
    vertex    2.418244071304798e-02    5.277950167655946e-01    1.025141030550003e-02
    vertex    2.020953036844730e-02    5.239971876144410e-01    9.485226124525070e-03
    vertex    2.253863960504532e-02    5.271636247634889e-01    1.014554966241121e-02
  endloop
endfacet
facet normal   -7.818072045208567e-02    2.751010138577404e-01   -9.582312910378350e-01
  outer loop
    vertex    2.418244071304798e-02    5.277950167655946e-01    1.025141030550003e-02
    vertex    2.149656973779201e-02    5.242642164230348e-01    9.456880390644073e-03
    vertex    2.020953036844730e-02    5.239971876144410e-01    9.485226124525070e-03
  endloop
endfacet
facet normal   -2.772502428719513e-01   -6.770650725370140e-01   -6.817002203152732e-01
  outer loop
    vertex    2.020953036844730e-02    5.239971876144410e-01    9.485226124525070e-03
    vertex    2.164964005351066e-02    5.229368805885316e-01    9.952625259757042e-03
    vertex    1.450140960514545e-02    5.261309742927552e-01    9.687463752925396e-03
  endloop
endfacet
facet normal   -4.883618718561410e-02    9.358238896732078e-01    3.490682946617744e-01
  outer loop
    vertex   -9.604829363524928e-03    5.279091000556947e-01    1.994741978705861e-05
    vertex   -1.467593014240266e-02    5.276144146919252e-01    1.005058002192527e-04
    vertex   -1.049397978931667e-02    5.276638865470887e-01    5.529489717446268e-04
  endloop
endfacet
facet normal   -1.116450305168578e-01    8.796153087518414e-01    4.623984167039207e-01
  outer loop
    vertex    1.586231053806841e-03    5.293772816658021e-01    4.393149865791202e-04
    vertex   -8.354475721716895e-03    5.280013084411622e-01    6.566526717506349e-04
    vertex   -3.428803058341146e-03    5.283579230308534e-01    1.167561043985188e-03
  endloop
endfacet
facet normal   -1.248088040292514e-01    9.851118393068463e-01   -1.182261667071646e-01
  outer loop
    vertex    7.064989767968645e-04    5.292158126831056e-01    2.259930079162586e-05
    vertex   -9.604829363524928e-03    5.279091000556947e-01    1.994741978705861e-05
    vertex    1.586231053806841e-03    5.293772816658021e-01    4.393149865791202e-04
  endloop
endfacet
facet normal   -1.142861090945294e-01    8.558404457106225e-01    5.044559611639816e-01
  outer loop
    vertex   -3.428803058341146e-03    5.283579230308534e-01    1.167561043985188e-03
    vertex   -8.354475721716895e-03    5.280013084411622e-01    6.566526717506349e-04
    vertex   -9.249716065824046e-03    5.264697074890138e-01    3.052287967875600e-03
  endloop
endfacet
facet normal   -8.215967191485321e-02    6.711084324175507e-01    7.367925489911671e-01
  outer loop
    vertex   -7.812417112290874e-03    5.264567136764527e-01    3.120145993307233e-03
    vertex   -1.083066035062076e-02    5.260304212570192e-01    3.171870950609446e-03
    vertex   -9.692741557955756e-03    5.258163809776307e-01    3.493719035759568e-03
  endloop
endfacet
facet normal   -3.718993342023952e-01    7.634047538319526e-01    5.281136876152626e-01
  outer loop
    vertex    9.168087271973481e-04    5.261734724044801e-01    4.257219843566418e-03
    vertex    3.205938031896948e-03    5.297868251800538e-01    6.460181903094053e-04
    vertex    1.832469948567449e-03    5.285828113555909e-01    1.419257023371756e-03
  endloop
endfacet
facet normal   -1.892472268819336e-01    7.778356367627794e-01    5.992972628832365e-01
  outer loop
    vertex    9.168087271973481e-04    5.261734724044801e-01    4.257219843566418e-03
    vertex    1.832469948567449e-03    5.285828113555909e-01    1.419257023371756e-03
    vertex   -3.126810071989895e-03    5.256335735321046e-01    3.681059926748276e-03
  endloop
endfacet
facet normal   -1.311647486422785e-01    7.326982809450008e-01    6.677941582657403e-01
  outer loop
    vertex    1.832469948567449e-03    5.285828113555909e-01    1.419257023371756e-03
    vertex    1.411473029293119e-03    5.290983915328981e-01    7.708765915594995e-04
    vertex   -3.126810071989895e-03    5.256335735321046e-01    3.681059926748276e-03
  endloop
endfacet
facet normal   -7.567126794779006e-02    6.975697081556921e-01    7.125099027176790e-01
  outer loop
    vertex   -3.126810071989895e-03    5.256335735321046e-01    3.681059926748276e-03
    vertex    1.411473029293119e-03    5.290983915328981e-01    7.708765915594995e-04
    vertex   -3.567767096683384e-03    5.262454748153688e-01    3.035157918930054e-03
  endloop
endfacet
facet normal   -1.191775472347992e-03   -6.040153661561385e-03    9.999810479278937e-01
  outer loop
    vertex   -1.130400039255620e-02    5.192574858665467e-01    5.010427907109261e-03
    vertex   -1.335843000561000e-02    5.190979838371278e-01    5.007016006857157e-03
    vertex   -1.082054991275073e-02    5.186915993690492e-01    5.007585976272821e-03
  endloop
endfacet
facet normal   -2.932712939276753e-02   -1.961805774760286e-02    9.993773317880447e-01
  outer loop
    vertex   -7.646198850125089e-03    5.203552246093751e-01    5.133396014571190e-03
    vertex   -1.082054991275073e-02    5.186915993690492e-01    5.007585976272821e-03
    vertex   -6.724889855831876e-03    5.201188921928407e-01    5.155792925506830e-03
  endloop
endfacet
facet normal   -3.120435721086984e-02   -2.695776755467362e-02    9.991494216880300e-01
  outer loop
    vertex   -7.646198850125089e-03    5.203552246093751e-01    5.133396014571190e-03
    vertex   -6.724889855831876e-03    5.201188921928407e-01    5.155792925506830e-03
    vertex   -2.152227098122240e-03    5.218477845191957e-01    5.345248151570559e-03
  endloop
endfacet
facet normal   -7.527997437776962e-01    3.607128543346086e-01    5.506167292100871e-01
  outer loop
    vertex    9.202728047966957e-03    5.312178134918214e-01    1.172471977770329e-02
    vertex    7.090383209288119e-03    5.294154286384584e-01    1.001749001443386e-02
    vertex    8.435715921223164e-03    5.301812887191774e-01    1.135510019958019e-02
  endloop
endfacet
facet normal   -8.026219221111364e-01    4.574017406873814e-01    3.828598931238141e-01
  outer loop
    vertex    9.202728047966957e-03    5.312178134918214e-01    1.172471977770329e-02
    vertex    8.435715921223164e-03    5.301812887191774e-01    1.135510019958019e-02
    vertex    1.039716973900795e-02    5.311133265495301e-01    1.435356028378010e-02
  endloop
endfacet
facet normal   -4.473951283393453e-01   -5.515655671683171e-01    7.039978865398059e-01
  outer loop
    vertex    8.635107427835464e-03    5.249969959259034e-01    2.029776945710182e-02
    vertex    1.015856955200434e-02    5.256711840629579e-01    2.179414965212345e-02
    vertex    9.887783788144588e-03    5.258694887161256e-01    2.177743054926395e-02
  endloop
endfacet
facet normal   -8.152273572076532e-01    5.693355902761953e-01    1.061194690199762e-01
  outer loop
    vertex    9.312167763710022e-03    5.274165272712709e-01    1.723417080938816e-02
    vertex    1.167809031903744e-02    5.299018025398256e-01    2.207596972584724e-02
    vertex    1.159248035401106e-02    5.300763249397279e-01    2.048197947442532e-02
  endloop
endfacet
facet normal   -4.086634367757495e-01    1.888643873913948e-01    8.929302540612599e-01
  outer loop
    vertex    1.317976042628288e-02    5.313832759857179e-01    2.301535941660404e-02
    vertex    1.309993956238031e-02    5.302410125732423e-01    2.322042919695377e-02
    vertex    1.852609030902385e-02    5.327038764953614e-01    2.518286928534508e-02
  endloop
endfacet
facet normal   -3.822570006493715e-01   -1.935546151677113e-03    9.240540239161567e-01
  outer loop
    vertex    1.309993956238031e-02    5.302410125732423e-01    2.322042919695377e-02
    vertex    1.092545967549086e-02    5.264484286308290e-01    2.231295965611935e-02
    vertex    1.613570936024189e-02    5.299177765846254e-01    2.447557076811790e-02
  endloop
endfacet
facet normal   -3.721302290793967e-02   -8.963698279886431e-01    4.417423710690017e-01
  outer loop
    vertex    1.015856955200434e-02    5.256711840629579e-01    2.179414965212345e-02
    vertex    8.635107427835464e-03    5.249969959259034e-01    2.029776945710182e-02
    vertex    1.196535956114531e-02    5.258656740188600e-01    2.234100922942162e-02
  endloop
endfacet
facet normal   -2.574322864189613e-01    1.973179788151870e-01    9.459356390079589e-01
  outer loop
    vertex    1.985462009906768e-02    5.315788984298707e-01    2.599244005978107e-02
    vertex    2.160421013832092e-02    5.279244780540467e-01    2.723087929189205e-02
    vertex    2.107332088053226e-02    5.315824151039125e-01    2.632337063550949e-02
  endloop
endfacet
facet normal   -2.382641085837743e-01    9.674469090730090e-01    8.530353266928879e-02
  outer loop
    vertex    1.688425987958908e-02    5.358198285102845e-01    1.813158020377159e-02
    vertex    1.588555052876472e-02    5.354204177856446e-01    1.987186074256897e-02
    vertex    1.686012931168079e-02    5.356233119964601e-01    2.029291912913322e-02
  endloop
endfacet
facet normal    7.017691475015169e-01    6.033771235576759e-01    3.787560037573789e-01
  outer loop
    vertex    1.811967976391315e-02    5.384120941162110e-01    1.188265997916460e-02
    vertex    1.958901062607765e-02    5.357657074928285e-01    1.337607018649578e-02
    vertex    2.052064985036850e-02    5.350534915924073e-01    1.278449967503548e-02
  endloop
endfacet
facet normal   -4.851921372993510e-01    8.656090179266916e-01    1.237320410680922e-01
  outer loop
    vertex    1.588555052876472e-02    5.354204177856446e-01    1.987186074256897e-02
    vertex    1.573402062058448e-02    5.350602269172670e-01    2.179750055074692e-02
    vertex    1.695949025452137e-02    5.358260869979860e-01    2.124512009322643e-02
  endloop
endfacet
facet normal   -5.250077769302771e-01    7.769001837906270e-01    3.475527853273778e-01
  outer loop
    vertex    1.573402062058448e-02    5.350602269172670e-01    2.179750055074692e-02
    vertex    1.772494986653328e-02    5.355746746063234e-01    2.365499921143055e-02
    vertex    1.871176064014434e-02    5.362489819526673e-01    2.363835088908672e-02
  endloop
endfacet
facet normal   -3.717948928846326e-01    9.218551102227188e-01    1.093238920875194e-01
  outer loop
    vertex    1.695949025452137e-02    5.358260869979860e-01    2.124512009322643e-02
    vertex    1.871176064014434e-02    5.362489819526673e-01    2.363835088908672e-02
    vertex    2.414163947105407e-02    5.386468768119813e-01    2.188475057482719e-02
  endloop
endfacet
facet normal    9.370140376233060e-02    9.680831002093063e-01   -2.324546364822759e-01
  outer loop
    vertex    2.036622911691665e-02    5.353913903236390e-01    1.412947010248899e-02
    vertex    2.052064985036850e-02    5.350534915924073e-01    1.278449967503548e-02
    vertex    1.979129016399383e-02    5.354046821594239e-01    1.395307015627623e-02
  endloop
endfacet
facet normal   -2.471349205756231e-01    8.706530319422940e-01    4.253088630651507e-01
  outer loop
    vertex    2.315410040318966e-02    5.375689268112184e-01    2.351759932935238e-02
    vertex    2.414163947105407e-02    5.386468768119813e-01    2.188475057482719e-02
    vertex    1.871176064014434e-02    5.362489819526673e-01    2.363835088908672e-02
  endloop
endfacet
facet normal   -2.792102356325703e-01    4.298084680571075e-01    8.586654325780251e-01
  outer loop
    vertex    2.044722065329551e-02    5.329126119613649e-01    2.587269991636276e-02
    vertex    1.871176064014434e-02    5.362489819526673e-01    2.363835088908672e-02
    vertex    1.772494986653328e-02    5.355746746063234e-01    2.365499921143055e-02
  endloop
endfacet
facet normal    1.459533534328628e-01   -9.142648721062627e-01    3.779118445540192e-01
  outer loop
    vertex    3.941551968455315e-02    5.179682970046998e-01    8.010451681911945e-03
    vertex    3.710835054516792e-02    5.199288129806520e-01    1.364449039101601e-02
    vertex    3.846964985132217e-02    5.177698731422425e-01    7.895718328654766e-03
  endloop
endfacet
facet normal   -4.303329260628578e-02   -9.585470088292950e-01    2.816660568685423e-01
  outer loop
    vertex    3.846964985132217e-02    5.177698731422425e-01    7.895718328654766e-03
    vertex    3.627277910709381e-02    5.195292234420777e-01    1.354738045483828e-02
    vertex    3.498201817274094e-02    5.195599198341371e-01    1.345464028418064e-02
  endloop
endfacet
facet normal    2.013773232487717e-01   -6.077744766623919e-01    7.681519115376302e-01
  outer loop
    vertex    3.710835054516792e-02    5.199288129806520e-01    1.364449039101601e-02
    vertex    3.343123942613602e-02    5.207663774490358e-01    1.527117006480694e-02
    vertex    3.627277910709381e-02    5.195292234420777e-01    1.354738045483828e-02
  endloop
endfacet
facet normal   -1.777008221475220e-01   -9.740609931851973e-01    1.400985344789927e-01
  outer loop
    vertex    3.498201817274094e-02    5.195599198341371e-01    1.345464028418064e-02
    vertex    3.224216029047966e-02    5.201662182807923e-01    1.419480983167887e-02
    vertex    3.338202089071274e-02    5.197166800498964e-01    1.251510996371508e-02
  endloop
endfacet
facet normal   -5.098782098609696e-02   -9.115933796884786e-01    4.079188059151317e-01
  outer loop
    vertex    3.627277910709381e-02    5.195292234420777e-01    1.354738045483828e-02
    vertex    3.270975872874260e-02    5.204002857208253e-01    1.504862029105425e-02
    vertex    3.498201817274094e-02    5.195599198341371e-01    1.345464028418064e-02
  endloop
endfacet
facet normal   -2.960029412520548e-01   -8.674398112205832e-01    3.999130313952416e-01
  outer loop
    vertex    3.224216029047966e-02    5.201662182807923e-01    1.419480983167887e-02
    vertex    3.270975872874260e-02    5.204002857208253e-01    1.504862029105425e-02
    vertex    3.099909052252769e-02    5.205839872360231e-01    1.418089959770441e-02
  endloop
endfacet
facet normal   -4.066113071848497e-01   -6.209294192575882e-01    6.701596087275494e-01
  outer loop
    vertex    3.099909052252769e-02    5.205839872360231e-01    1.418089959770441e-02
    vertex    3.270975872874260e-02    5.204002857208253e-01    1.504862029105425e-02
    vertex    3.087393939495086e-02    5.209885835647584e-01    1.447984017431736e-02
  endloop
endfacet
facet normal   -1.308656224197169e-01   -3.137893418333755e-01    9.404309851448308e-01
  outer loop
    vertex    3.343123942613602e-02    5.207663774490358e-01    1.527117006480694e-02
    vertex    3.103386983275413e-02    5.247926712036134e-01    1.628099940717220e-02
    vertex    3.270975872874260e-02    5.204002857208253e-01    1.504862029105425e-02
  endloop
endfacet
facet normal   -3.879876050079328e-01   -4.151859611999691e-01    8.228524995299377e-01
  outer loop
    vertex    3.270975872874260e-02    5.204002857208253e-01    1.504862029105425e-02
    vertex    2.976638078689575e-02    5.245093703269960e-01    1.573408953845501e-02
    vertex    3.087393939495086e-02    5.209885835647584e-01    1.447984017431736e-02
  endloop
endfacet
facet normal   -4.484208809365659e-01   -6.167264752435305e-01    6.469676717377502e-01
  outer loop
    vertex    3.099909052252769e-02    5.205839872360231e-01    1.418089959770441e-02
    vertex    3.087393939495086e-02    5.209885835647584e-01    1.447984017431736e-02
    vertex    2.461804077029228e-02    5.225191116333009e-01    1.160279009491205e-02
  endloop
endfacet
facet normal    5.872112824348886e-01   -5.344110213995661e-01    6.079373076130843e-01
  outer loop
    vertex    3.103386983275413e-02    5.247926712036134e-01    1.628099940717220e-02
    vertex    3.196211904287338e-02    5.259150266647340e-01    1.637100987136364e-02
    vertex    3.133263066411018e-02    5.261949896812440e-01    1.722514070570469e-02
  endloop
endfacet
facet normal   -9.171369028995943e-02   -5.426151772035902e-01    8.349595011027264e-01
  outer loop
    vertex    3.103386983275413e-02    5.247926712036134e-01    1.628099940717220e-02
    vertex    3.133263066411018e-02    5.261949896812440e-01    1.722514070570469e-02
    vertex    2.965423092246055e-02    5.255565047264100e-01    1.662584953010082e-02
  endloop
endfacet
facet normal   -4.486817115343866e-01   -6.125263156813969e-01    6.507658828890366e-01
  outer loop
    vertex    3.099909052252769e-02    5.205839872360231e-01    1.418089959770441e-02
    vertex    2.461804077029228e-02    5.225191116333009e-01    1.160279009491205e-02
    vertex    2.378424070775509e-02    5.219684839248658e-01    1.050963997840881e-02
  endloop
endfacet
facet normal   -4.603555336147898e-01   -7.027529152296494e-01    5.424123180814308e-01
  outer loop
    vertex    2.378424070775509e-02    5.219684839248658e-01    1.050963997840881e-02
    vertex    2.205299027264118e-02    5.231813788414003e-01    1.061172969639301e-02
    vertex    2.164964005351066e-02    5.229368805885316e-01    9.952625259757042e-03
  endloop
endfacet
facet normal    4.142238671163780e-01   -7.380595476511416e-02    9.071776391382027e-01
  outer loop
    vertex    2.542991936206817e-02    5.266306996345521e-01    2.668658085167408e-02
    vertex    2.525757998228073e-02    5.278140902519227e-01    2.686155028641224e-02
    vertex    2.434266917407512e-02    5.278754830360414e-01    2.728429995477200e-02
  endloop
endfacet
facet normal   -3.312259411273066e-01   -9.190456745110998e-01   -2.136455571425901e-01
  outer loop
    vertex    2.542991936206817e-02    5.266306996345521e-01    2.668658085167408e-02
    vertex    2.287212945520877e-02    5.273308753967286e-01    2.764008939266205e-02
    vertex    2.313919924199581e-02    5.274083018302919e-01    2.689296938478947e-02
  endloop
endfacet
facet normal    4.214529150431829e-01    2.161416647260490e-01    8.807157436829751e-01
  outer loop
    vertex    2.525757998228073e-02    5.278140902519227e-01    2.686155028641224e-02
    vertex    2.436318993568420e-02    5.294439196586610e-01    2.688956074416637e-02
    vertex    2.434266917407512e-02    5.278754830360414e-01    2.728429995477200e-02
  endloop
endfacet
facet normal    3.338119736584022e-01   -9.422884393103244e-01   -2.573059238329482e-02
  outer loop
    vertex    8.867716416716576e-03    5.252097845077516e-01    1.332405954599380e-02
    vertex    8.753433823585510e-03    5.250291824340821e-01    1.845531910657883e-02
    vertex    6.924426183104514e-03    5.245162248611451e-01    1.351215038448572e-02
  endloop
endfacet
facet normal    2.689226183710839e-01   -9.631616828608131e-01    4.449687257310035e-04
  outer loop
    vertex    6.924426183104514e-03    5.245162248611451e-01    1.351215038448572e-02
    vertex    8.753433823585510e-03    5.250291824340821e-01    1.845531910657883e-02
    vertex    8.635107427835464e-03    5.249969959259034e-01    2.029776945710182e-02
  endloop
endfacet
facet normal    7.645853951228749e-03    2.754117285184878e-01    9.612959589594744e-01
  outer loop
    vertex   -9.972845204174532e-03    5.245832204818727e-01    3.849247936159372e-03
    vertex   -9.692741557955756e-03    5.258163809776307e-01    3.493719035759568e-03
    vertex   -1.570365019142629e-02    5.232632160186769e-01    4.273010883480310e-03
  endloop
endfacet
facet normal   -7.696193736355679e-02    4.523833481695538e-01    8.884965765247227e-01
  outer loop
    vertex   -1.570365019142629e-02    5.232632160186769e-01    4.273010883480310e-03
    vertex   -9.692741557955756e-03    5.258163809776307e-01    3.493719035759568e-03
    vertex   -1.579475961625578e-02    5.237922072410585e-01    3.995779901742935e-03
  endloop
endfacet
facet normal    1.637423174627702e-01   -9.839659135353109e-01    7.070738626581025e-02
  outer loop
    vertex    3.949100151658058e-02    5.175647139549256e-01    2.219380112364888e-03
    vertex    4.049554839730263e-02    5.177469849586488e-01    2.429564949125051e-03
    vertex    3.941551968455315e-02    5.179682970046998e-01    8.010451681911945e-03
  endloop
endfacet
facet normal    9.036398378772986e-01   -1.172158483913947e-01   -4.119411223548519e-01
  outer loop
    vertex    1.108937989920378e-02    5.345633029937745e-01    4.285388058633544e-05
    vertex    1.135922968387604e-02    5.362256169319154e-01    1.617967936908826e-04
    vertex    1.180854998528957e-02    5.365235805511476e-01    1.062648021616042e-03
  endloop
endfacet
facet normal    8.338567715121514e-01   -5.301160818299002e-01   -1.538175035184435e-01
  outer loop
    vertex    1.180854998528957e-02    5.365235805511476e-01    1.062648021616042e-03
    vertex    1.243640016764402e-02    5.366712212562562e-01    3.957444801926613e-03
    vertex    1.153984013944864e-02    5.359104275703431e-01    1.719119027256966e-03
  endloop
endfacet
facet normal    9.467365316680075e-01   -3.053061525000506e-01    1.023625559022813e-01
  outer loop
    vertex    1.180854998528957e-02    5.365235805511476e-01    1.062648021616042e-03
    vertex    1.153984013944864e-02    5.359104275703431e-01    1.719119027256966e-03
    vertex    1.075411029160023e-02    5.334843993186952e-01    1.750358962453902e-03
  endloop
endfacet
facet normal    9.718281321994376e-01    2.099096267051778e-01    1.071822283881292e-01
  outer loop
    vertex    2.634493075311184e-02    5.294036269187928e-01    2.311917953193188e-02
    vertex    2.491340972483158e-02    5.347033143043519e-01    2.571976929903030e-02
    vertex    2.523333020508289e-02    5.332701206207277e-01    2.562584914267063e-02
  endloop
endfacet
facet normal    3.123515679037058e-01    9.253153750549141e-01   -2.150068713206170e-01
  outer loop
    vertex    2.458072081208229e-02    5.328419208526612e-01    2.019767090678215e-02
    vertex    2.825576066970825e-02    5.312207937240602e-01    1.855981908738613e-02
    vertex    2.582428976893425e-02    5.317239761352540e-01    1.719301939010620e-02
  endloop
endfacet
facet normal   -1.706499417589021e-01   -9.843908296041535e-01   -4.304987768774564e-02
  outer loop
    vertex    2.917383983731269e-02    5.192419886589051e-01    2.530122874304652e-04
    vertex    3.672771900892258e-02    5.179371833801271e-01    1.454465964343399e-04
    vertex    3.752427920699120e-02    5.177296996116639e-01    1.732261036522686e-03
  endloop
endfacet
facet normal    2.289910898066673e-01   -9.298196351671304e-01   -2.880946491117448e-01
  outer loop
    vertex    3.949100151658058e-02    5.175647139549256e-01    2.219380112364888e-03
    vertex    4.101829975843430e-02    5.182397961616517e-01    1.254533999599516e-03
    vertex    4.049554839730263e-02    5.177469849586488e-01    2.429564949125051e-03
  endloop
endfacet
facet normal   -2.108502721243966e-01   -8.241933232130203e-01    5.255925500957428e-01
  outer loop
    vertex    2.494185976684093e-02    5.299568176269532e-01    1.988784968852997e-02
    vertex    2.224612981081009e-02    5.297365784645082e-01    1.846105046570301e-02
    vertex    2.491790987551212e-02    5.294311046600343e-01    1.905385963618755e-02
  endloop
endfacet
facet normal   -2.179319451240695e-01   -8.043776764726140e-01    5.527044607083955e-01
  outer loop
    vertex    2.224612981081009e-02    5.297365784645082e-01    1.846105046570301e-02
    vertex    1.764317974448204e-02    5.274546146392823e-01    1.332504954189062e-02
    vertex    2.256974950432777e-02    5.288795232772828e-01    1.734133996069431e-02
  endloop
endfacet
facet normal   -1.749176277954526e-01   -8.320253960109198e-01    5.264385661017661e-01
  outer loop
    vertex    2.224612981081009e-02    5.297365784645082e-01    1.846105046570301e-02
    vertex    1.417456008493900e-02    5.264120101928712e-01    1.052473019808531e-02
    vertex    1.764317974448204e-02    5.274546146392823e-01    1.332504954189062e-02
  endloop
endfacet
facet normal    1.905959389424215e-02   -7.155788320993812e-01   -6.982719147523205e-01
  outer loop
    vertex    1.269636023789644e-02    5.260959267616273e-01    9.674110449850559e-03
    vertex    1.289772987365723e-02    5.266696214675904e-01    9.091692976653576e-03
    vertex    1.450140960514545e-02    5.261309742927552e-01    9.687463752925396e-03
  endloop
endfacet
facet normal   -3.189695806104011e-01   -7.110864282484427e-01    6.265895771604385e-01
  outer loop
    vertex    2.256974950432777e-02    5.288795232772828e-01    1.734133996069431e-02
    vertex    1.685753092169761e-02    5.262740850448610e-01    1.147671043872833e-02
    vertex    2.205299027264118e-02    5.231813788414003e-01    1.061172969639301e-02
  endloop
endfacet
facet normal    2.067597646586137e-01   -9.102260851892059e-01   -3.588019977082723e-01
  outer loop
    vertex    2.340394072234630e-02    5.300133228302003e-01    2.088393084704876e-02
    vertex    2.197417989373207e-02    5.275244116783143e-01    2.637401968240738e-02
    vertex    2.196265943348407e-02    5.294572710990907e-01    2.146401070058346e-02
  endloop
endfacet
facet normal    1.104522468947185e-01   -9.864650438784207e-01    1.211900093318484e-01
  outer loop
    vertex    2.056285925209522e-02    5.272895097732545e-01    2.609504014253616e-02
    vertex    2.081869915127754e-02    5.273981094360353e-01    2.674585022032261e-02
    vertex    1.196535956114531e-02    5.258656740188600e-01    2.234100922942162e-02
  endloop
endfacet
facet normal    2.057923323525482e-01   -9.761837528706658e-01   -6.866437632601735e-02
  outer loop
    vertex    1.111757010221481e-02    5.257881879806520e-01    2.090171910822392e-02
    vertex    1.450338028371334e-02    5.263454914093019e-01    2.312620915472507e-02
    vertex    1.196535956114531e-02    5.258656740188600e-01    2.234100922942162e-02
  endloop
endfacet
facet normal    3.324146625665751e-01   -9.318209199173526e-01   -1.456374447562468e-01
  outer loop
    vertex    1.111757010221481e-02    5.257881879806520e-01    2.090171910822392e-02
    vertex    1.196535956114531e-02    5.258656740188600e-01    2.234100922942162e-02
    vertex    8.635107427835464e-03    5.249969959259034e-01    2.029776945710182e-02
  endloop
endfacet
facet normal    3.355348500445704e-01   -9.297751333015690e-01   -1.514416253862103e-01
  outer loop
    vertex    2.147617936134338e-02    5.296257734298707e-01    2.029146999120712e-02
    vertex    1.111757010221481e-02    5.257881879806520e-01    2.090171910822392e-02
    vertex    2.112602069973945e-02    5.296515226364137e-01    1.935756951570511e-02
  endloop
endfacet
facet normal   -2.838841450466145e-01   -7.337963765630616e-01    6.172136339502508e-01
  outer loop
    vertex    2.965423092246055e-02    5.255565047264100e-01    1.662584953010082e-02
    vertex    3.045218996703624e-02    5.261631011962892e-01    1.771404035389423e-02
    vertex    2.491790987551212e-02    5.294311046600343e-01    1.905385963618755e-02
  endloop
endfacet
facet normal    8.391051878565339e-02   -9.156021782373356e-01   -3.932323435885821e-01
  outer loop
    vertex    2.340394072234630e-02    5.300133228302003e-01    2.088393084704876e-02
    vertex    2.313919924199581e-02    5.274083018302919e-01    2.689296938478947e-02
    vertex    2.197417989373207e-02    5.275244116783143e-01    2.637401968240738e-02
  endloop
endfacet
facet normal   -4.577447586703895e-02   -9.918207329587050e-01   -1.191483572373337e-01
  outer loop
    vertex    2.197417989373207e-02    5.275244116783143e-01    2.637401968240738e-02
    vertex    2.313919924199581e-02    5.274083018302919e-01    2.689296938478947e-02
    vertex    2.287212945520877e-02    5.273308753967286e-01    2.764008939266205e-02
  endloop
endfacet
facet normal   -1.756905731129079e-01   -7.219842491857729e-01   -6.692320721893966e-01
  outer loop
    vertex    2.855483070015907e-02    5.255231261253358e-01    2.422785013914108e-02
    vertex    2.537005022168159e-02    5.296533107757569e-01    2.060819044709206e-02
    vertex    2.990492060780525e-02    5.278506278991700e-01    2.136244997382164e-02
  endloop
endfacet
facet normal   -1.892125789699769e-01   -9.400842227524978e-01   -2.836199113097712e-01
  outer loop
    vertex    2.451341040432453e-02    5.297151207923890e-01    2.097480930387974e-02
    vertex    2.494185976684093e-02    5.299568176269532e-01    1.988784968852997e-02
    vertex    2.537005022168159e-02    5.296533107757569e-01    2.060819044709206e-02
  endloop
endfacet
facet normal    7.874013334702074e-02   -9.364032413974627e-01   -3.419780123060815e-01
  outer loop
    vertex    3.065053932368755e-02    5.279958248138429e-01    2.113655023276806e-02
    vertex    2.990492060780525e-02    5.278506278991700e-01    2.136244997382164e-02
    vertex    2.915103919804096e-02    5.281932950019838e-01    2.025057934224606e-02
  endloop
endfacet
facet normal    2.240477781187372e-01   -9.118464327569388e-01    3.440038897868784e-01
  outer loop
    vertex    3.045218996703624e-02    5.261631011962892e-01    1.771404035389423e-02
    vertex    2.965423092246055e-02    5.255565047264100e-01    1.662584953010082e-02
    vertex    3.133263066411018e-02    5.261949896812440e-01    1.722514070570469e-02
  endloop
endfacet
facet normal   -2.253609960864380e-01   -9.284508958173778e-01   -2.952818238544951e-01
  outer loop
    vertex    2.494185976684093e-02    5.299568176269532e-01    1.988784968852997e-02
    vertex    2.451341040432453e-02    5.297151207923890e-01    2.097480930387974e-02
    vertex    2.340394072234630e-02    5.300133228302003e-01    2.088393084704876e-02
  endloop
endfacet
facet normal   -2.303168317827205e-01   -9.369734595310873e-01   -2.627449202780442e-01
  outer loop
    vertex    2.340394072234630e-02    5.300133228302003e-01    2.088393084704876e-02
    vertex    2.451341040432453e-02    5.297151207923890e-01    2.097480930387974e-02
    vertex    2.399701997637748e-02    5.296040177345277e-01    2.182367071509361e-02
  endloop
endfacet
facet normal   -5.611276706590796e-01   -7.626204542030328e-01   -3.217853011743629e-01
  outer loop
    vertex    2.451341040432453e-02    5.297151207923890e-01    2.097480930387974e-02
    vertex    2.770370990037918e-02    5.259181857109071e-01    2.441019006073475e-02
    vertex    2.542991936206817e-02    5.266306996345521e-01    2.668658085167408e-02
  endloop
endfacet
facet normal   -9.601870628488526e-01    1.534992378758860e-01    2.334069157270534e-01
  outer loop
    vertex   -1.630637049674990e-02    5.206822752952577e-01    3.936355933547020e-03
    vertex   -1.579475961625578e-02    5.237922072410585e-01    3.995779901742935e-03
    vertex   -1.609696075320246e-02    5.237234830856324e-01    2.797784050926566e-03
  endloop
endfacet
facet normal   -5.354034930096615e-01    8.287386236171221e-01   -1.628968796455339e-01
  outer loop
    vertex    4.089298658072948e-03    5.305067896842958e-01   -4.678521898095059e-23
    vertex    4.194132052361964e-03    5.305852293968202e-01    5.449984018923715e-05
    vertex    4.207300022244453e-03    5.305830240249635e-01    6.093965172271591e-20
  endloop
endfacet
facet normal   -6.257677623999703e-01    7.531436185725405e-01    2.029517118538144e-01
  outer loop
    vertex    1.669537089765072e-02    5.379933118820192e-01    1.251075975596905e-02
    vertex    1.615660078823566e-02    5.384250879287721e-01    9.247252717614174e-03
    vertex    1.501999981701374e-02    5.370085835456849e-01    1.099930983036757e-02
  endloop
endfacet
facet normal   -6.310100930061070e-01    7.502823412452618e-01    1.972376002185000e-01
  outer loop
    vertex    1.615660078823566e-02    5.384250879287721e-01    9.247252717614174e-03
    vertex    1.230662036687136e-02    5.362967252731324e-01    5.026436876505613e-03
    vertex    1.501999981701374e-02    5.370085835456849e-01    1.099930983036757e-02
  endloop
endfacet
facet normal   -6.644502027968341e-01    7.198525260123654e-01    2.007940955229084e-01
  outer loop
    vertex    1.072592008858919e-02    5.333136916160585e-01    1.048181019723415e-02
    vertex    1.089129969477654e-02    5.348839759826661e-01    5.399555899202824e-03
    vertex    1.014014985412359e-02    5.325654745101930e-01    1.122581027448177e-02
  endloop
endfacet
facet normal   -5.652101456111300e-01    8.110957497747202e-01    1.505362946123943e-01
  outer loop
    vertex    4.616416059434413e-03    5.306528806686402e-01    1.275517977774143e-03
    vertex    4.194132052361964e-03    5.305852293968202e-01    5.449984018923715e-05
    vertex    3.205938031896948e-03    5.297868251800538e-01    6.460181903094053e-04
  endloop
endfacet
facet normal    7.928184999236606e-01    6.039778729733398e-01   -8.154480447825413e-02
  outer loop
    vertex    4.199732095003128e-02    5.305489897727967e-01   -2.598764471746790e-23
    vertex    4.201764985918999e-02    5.305433273315431e-01    1.557076029712334e-04
    vertex    4.200885444879532e-02    5.305338501930238e-01    7.442997556368712e-21
  endloop
endfacet
facet normal   -6.560445098970565e-01    6.095177421378660e-01   -4.450772102153611e-01
  outer loop
    vertex   -1.467593014240266e-02    5.276144146919252e-01    1.005058002192527e-04
    vertex   -1.469130907207729e-02    5.275244712829591e-01    9.481060122112440e-20
    vertex   -1.471124496310951e-02    5.275030136108400e-01   -5.709980883562084e-23
  endloop
endfacet
facet normal    9.046758567439100e-01    1.043926039198269e-01    4.131147279769996e-01
  outer loop
    vertex    4.182761907577515e-02    5.292636156082154e-01    7.020732853561640e-03
    vertex    4.155525937676430e-02    5.301409959793092e-01    7.395459804683924e-03
    vertex    4.131542891263962e-02    5.287550091743470e-01    8.270896039903164e-03
  endloop
endfacet
facet normal    7.096688808765211e-01    1.056457618006572e-01    6.965694886578259e-01
  outer loop
    vertex    3.927436098456383e-02    5.292798280715943e-01    1.097664982080460e-02
    vertex    3.867483884096146e-02    5.314406752586366e-01    1.125971972942352e-02
    vertex    3.838795050978661e-02    5.297703146934510e-01    1.180533971637487e-02
  endloop
endfacet
facet normal    7.017704006682366e-01    7.053404103858295e-02    7.089028521600896e-01
  outer loop
    vertex    3.927436098456383e-02    5.292798280715943e-01    1.097664982080460e-02
    vertex    3.838795050978661e-02    5.297703146934510e-01    1.180533971637487e-02
    vertex    3.755205124616623e-02    5.211710929870607e-01    1.348842959851027e-02
  endloop
endfacet
facet normal    7.805916092005221e-01    2.319604478194806e-01    5.804059702424894e-01
  outer loop
    vertex    3.674682974815369e-02    5.332993865013124e-01    1.243195030838251e-02
    vertex    3.614683821797371e-02    5.346853733062745e-01    1.268497016280890e-02
    vertex    3.607700020074844e-02    5.335937142372132e-01    1.321517955511808e-02
  endloop
endfacet
facet normal    7.607223954112192e-01    4.035573839058038e-03    6.490648282441486e-01
  outer loop
    vertex    3.674682974815369e-02    5.332993865013124e-01    1.243195030838251e-02
    vertex    3.607700020074844e-02    5.335937142372132e-01    1.321517955511808e-02
    vertex    3.595634177327156e-02    5.322257280349733e-01    1.336510013788939e-02
  endloop
endfacet
facet normal    3.419867562272201e-01    9.366972678304342e-01   -7.512181443618057e-02
  outer loop
    vertex    3.886887058615685e-02    5.321171879768373e-01    2.539078006520867e-03
    vertex    3.815649077296257e-02    5.322870016098024e-01    1.413432997651398e-03
    vertex    3.227841109037399e-02    5.346726775169374e-01    4.400989972054958e-03
  endloop
endfacet
facet normal    3.219788687694978e-01    9.296646012480265e-01   -1.790344582818130e-01
  outer loop
    vertex    3.227841109037399e-02    5.346726775169374e-01    4.400989972054958e-03
    vertex    2.917785011231899e-02    5.358688831329347e-01    5.036369897425175e-03
    vertex    3.032848052680492e-02    5.355002284049989e-01    5.191387142986059e-03
  endloop
endfacet
facet normal    7.013701066967801e-01    6.724829854623240e-01    2.363188686834527e-01
  outer loop
    vertex    3.522872924804688e-02    5.358027219772340e-01    1.223022956401110e-02
    vertex    3.277315944433212e-02    5.382661223411561e-01    1.250811014324427e-02
    vertex    3.614683821797371e-02    5.346853733062745e-01    1.268497016280890e-02
  endloop
endfacet
facet normal    1.709100243707963e-01   -9.541991932536626e-01    2.455476800208733e-01
  outer loop
    vertex    3.096334077417850e-02    5.264441967010499e-01    1.845059916377068e-02
    vertex    3.045218996703624e-02    5.261631011962892e-01    1.771404035389423e-02
    vertex    3.133263066411018e-02    5.261949896812440e-01    1.722514070570469e-02
  endloop
endfacet
facet normal    9.717229071804205e-02    5.637495488688322e-01   -8.202097244405215e-01
  outer loop
    vertex    2.708023041486740e-02    5.367575287818910e-01    9.419820271432400e-03
    vertex    2.714600041508674e-02    5.382338166236879e-01    1.044229976832867e-02
    vertex    2.774661034345626e-02    5.375362038612367e-01    1.003396976739168e-02
  endloop
endfacet
facet normal   -4.136500768517296e-01    8.702446459136808e-01    2.675217190792747e-01
  outer loop
    vertex    3.010392934083938e-02    5.390247106552125e-01    1.244316995143890e-02
    vertex    2.714600041508674e-02    5.382338166236879e-01    1.044229976832867e-02
    vertex    3.016342036426067e-02    5.387989878654481e-01    1.326943002641201e-02
  endloop
endfacet
facet normal    3.180015891407490e-01    6.220312091296146e-01    7.155083257186514e-01
  outer loop
    vertex    3.101024031639099e-02    5.387833714485170e-01    1.387508027255535e-02
    vertex    2.969555929303169e-02    5.384436249732972e-01    1.475473958998919e-02
    vertex    3.036068007349968e-02    5.379108190536500e-01    1.492233015596867e-02
  endloop
endfacet
facet normal    4.957481933567890e-01    3.740148776176112e-01    7.838026538001535e-01
  outer loop
    vertex    3.312148153781891e-02    5.326011180877687e-01    1.570983044803143e-02
    vertex    3.036068007349968e-02    5.379108190536500e-01    1.492233015596867e-02
    vertex    3.235417976975441e-02    5.321905016899110e-01    1.639107987284660e-02
  endloop
endfacet
facet normal    8.264768570112742e-01    4.312360974004293e-01    3.618997556280099e-01
  outer loop
    vertex    2.306107990443706e-02    5.367447733879090e-01    1.752067916095257e-02
    vertex    2.390198037028312e-02    5.333865880966188e-01    1.960187964141369e-02
    vertex    2.582428976893425e-02    5.317239761352540e-01    1.719301939010620e-02
  endloop
endfacet
facet normal    9.754261030542412e-01    1.959500773619002e-01   -1.007347242130640e-01
  outer loop
    vertex    2.491340972483158e-02    5.347033143043519e-01    2.571976929903030e-02
    vertex    2.500079944729805e-02    5.338953733444215e-01    2.499436028301716e-02
    vertex    2.481045015156269e-02    5.348432064056398e-01    2.499491907656193e-02
  endloop
endfacet
facet normal    7.774757408298290e-01    1.564962694099927e-01   -6.091308480793461e-01
  outer loop
    vertex    2.500079944729805e-02    5.338953733444215e-01    2.499436028301716e-02
    vertex    2.402924001216888e-02    5.330659151077272e-01    2.354118973016739e-02
    vertex    2.481045015156269e-02    5.348432064056398e-01    2.499491907656193e-02
  endloop
endfacet
facet normal   -1.212803558152082e-01    9.733417440512560e-01    1.946713244948926e-01
  outer loop
    vertex    3.016342036426067e-02    5.387989878654481e-01    1.326943002641201e-02
    vertex    2.969555929303169e-02    5.384436249732972e-01    1.475473958998919e-02
    vertex    3.101024031639099e-02    5.387833714485170e-01    1.387508027255535e-02
  endloop
endfacet
facet normal    2.744107074043085e-02    8.906886369201649e-01   -4.537849046606966e-01
  outer loop
    vertex    2.036622911691665e-02    5.353913903236390e-01    1.412947010248899e-02
    vertex    2.243106998503208e-02    5.371869206428529e-01    1.777859963476658e-02
    vertex    2.149762026965618e-02    5.349575877189637e-01    1.334641966968775e-02
  endloop
endfacet
facet normal    3.748378062446353e-01    7.607736168210950e-01   -5.298302775027669e-01
  outer loop
    vertex    2.149762026965618e-02    5.349575877189637e-01    1.334641966968775e-02
    vertex    2.310133911669254e-02    5.366163253784181e-01    1.686275005340576e-02
    vertex    2.524109929800033e-02    5.344020128250123e-01    1.519707031548023e-02
  endloop
endfacet
facet normal    5.331718078760369e-01    8.358715342006054e-01   -1.305626347747488e-01
  outer loop
    vertex    2.243106998503208e-02    5.371869206428529e-01    1.777859963476658e-02
    vertex    2.306107990443706e-02    5.367447733879090e-01    1.752067916095257e-02
    vertex    2.310133911669254e-02    5.366163253784181e-01    1.686275005340576e-02
  endloop
endfacet
facet normal   -9.119416217107965e-01    3.183082604229610e-01   -2.589253366088209e-01
  outer loop
    vertex    2.306747063994407e-02    5.237557291984559e-01    4.060740116983652e-03
    vertex    2.311223931610584e-02    5.247822999954225e-01    5.165072157979012e-03
    vertex    2.424383908510208e-02    5.264940261840821e-01    3.283848986029625e-03
  endloop
endfacet
facet normal   -8.855903354283784e-01    3.706404783430552e-01   -2.799203343979916e-01
  outer loop
    vertex    2.311223931610584e-02    5.247822999954225e-01    5.165072157979012e-03
    vertex    2.295519039034843e-02    5.259966254234315e-01    7.269810885190964e-03
    vertex    2.467657066881656e-02    5.287088155746461e-01    5.415032152086496e-03
  endloop
endfacet
facet normal   -8.858014818045189e-01    3.829378737447501e-01   -2.621341635208360e-01
  outer loop
    vertex    2.295519039034843e-02    5.259966254234315e-01    7.269810885190964e-03
    vertex    2.582998946309089e-02    5.332660079002381e-01    8.174769580364227e-03
    vertex    2.467657066881656e-02    5.287088155746461e-01    5.415032152086496e-03
  endloop
endfacet
facet normal   -9.012918350482025e-01    3.911256026690022e-01   -1.862626935600720e-01
  outer loop
    vertex    2.424383908510208e-02    5.264940261840821e-01    3.283848986029625e-03
    vertex    2.311223931610584e-02    5.247822999954225e-01    5.165072157979012e-03
    vertex    2.704822085797786e-02    5.325471162796022e-01    2.424590056762099e-03
  endloop
endfacet
facet normal   -8.710670533376772e-01    4.270212328448816e-01   -2.426830346135748e-01
  outer loop
    vertex    2.704822085797786e-02    5.325471162796022e-01    2.424590056762099e-03
    vertex    2.733829990029335e-02    5.338100194931031e-01    3.605588106438518e-03
    vertex    2.832590043544769e-02    5.352500081062318e-01    2.594555029645562e-03
  endloop
endfacet
facet normal   -4.911415293505903e-01    2.691576015484225e-01   -8.284528856101980e-01
  outer loop
    vertex    2.195952087640762e-02    5.337442159652711e-01    1.147659029811621e-02
    vertex    2.626254968345165e-02    5.367221236228944e-01    9.893072769045830e-03
    vertex    2.708023041486740e-02    5.367575287818910e-01    9.419820271432400e-03
  endloop
endfacet
facet normal    1.762847846492457e-01    1.158872130465933e-01   -9.774936462982574e-01
  outer loop
    vertex    1.776473969221115e-02    5.384156107902528e-01    1.146532967686653e-02
    vertex    2.136906050145626e-02    5.336636900901796e-01    1.155197992920876e-02
    vertex    2.060740068554878e-02    5.337224006652833e-01    1.142157986760139e-02
  endloop
endfacet
facet normal   -1.964006394991655e-01    8.431008441223730e-01    5.006073865260691e-01
  outer loop
    vertex   -1.083066035062076e-02    5.260304212570192e-01    3.171870950609446e-03
    vertex   -9.249716065824046e-03    5.264697074890138e-01    3.052287967875600e-03
    vertex   -1.049397978931667e-02    5.276638865470887e-01    5.529489717446268e-04
  endloop
endfacet
facet normal    2.814604966685695e-02    4.407683310714153e-01    8.971795128137234e-01
  outer loop
    vertex   -9.692741557955756e-03    5.258163809776307e-01    3.493719035759568e-03
    vertex   -5.009158048778787e-03    5.247902274131776e-01    3.850918030366302e-03
    vertex   -7.812417112290874e-03    5.264567136764527e-01    3.120145993307233e-03
  endloop
endfacet
facet normal   -6.084151842926311e-01    6.720262475172918e-01    4.221512598228171e-01
  outer loop
    vertex    7.622807752341022e-04    5.252578258514405e-01    5.062914919108152e-03
    vertex    2.049785107374190e-03    5.260487198829652e-01    5.659468006342649e-03
    vertex    2.601420972496270e-03    5.271081924438478e-01    4.767916165292263e-03
  endloop
endfacet
facet normal   -6.883290761217589e-01    6.689057526454827e-01    2.806566889335548e-01
  outer loop
    vertex    2.601420972496270e-03    5.271081924438478e-01    4.767916165292263e-03
    vertex    3.280000993981957e-03    5.272352099418641e-01    6.129450164735317e-03
    vertex    4.300623200833797e-03    5.283579230308534e-01    5.956764798611403e-03
  endloop
endfacet
facet normal   -7.001709309572147e-01    6.728819969487398e-01    2.387268012284826e-01
  outer loop
    vertex    3.280000993981957e-03    5.272352099418641e-01    6.129450164735317e-03
    vertex    9.516117163002491e-03    5.318245291709901e-01    1.148401014506817e-02
    vertex    1.014014985412359e-02    5.325654745101930e-01    1.122581027448177e-02
  endloop
endfacet
facet normal   -2.346390353211280e-01    2.776721537064674e-01    9.315807523556842e-01
  outer loop
    vertex   -2.152227098122240e-03    5.218477845191957e-01    5.345248151570559e-03
    vertex    7.622807752341022e-04    5.252578258514405e-01    5.062914919108152e-03
    vertex   -3.032776992768050e-03    5.246124863624574e-01    4.299399908632040e-03
  endloop
endfacet
facet normal   -1.481511588078292e-01    5.022603882342774e-01    8.519305937426185e-01
  outer loop
    vertex   -5.009158048778787e-03    5.247902274131776e-01    3.850918030366302e-03
    vertex   -3.032776992768050e-03    5.246124863624574e-01    4.299399908632040e-03
    vertex   -3.126810071989895e-03    5.256335735321046e-01    3.681059926748276e-03
  endloop
endfacet
facet normal   -3.934519276735461e-01   -4.506488921963273e-01    8.013183865182387e-01
  outer loop
    vertex    1.597960945218801e-03    5.216568112373353e-01    6.600777152925730e-03
    vertex    1.753002987243234e-03    5.222504734992982e-01    7.010770030319691e-03
    vertex    6.274962797760954e-04    5.217978954315187e-01    6.203616969287395e-03
  endloop
endfacet
facet normal   -7.405320654172434e-01    5.407891639993647e-01    3.989477913082612e-01
  outer loop
    vertex    9.202728047966957e-03    5.312178134918214e-01    1.172471977770329e-02
    vertex    9.516117163002491e-03    5.318245291709901e-01    1.148401014506817e-02
    vertex    3.280000993981957e-03    5.272352099418641e-01    6.129450164735317e-03
  endloop
endfacet
facet normal   -5.736210297690926e-01    3.908184390500826e-01    7.198748932315271e-01
  outer loop
    vertex    1.597887021489441e-03    5.251597166061402e-01    5.782017949968576e-03
    vertex    2.049785107374190e-03    5.260487198829652e-01    5.659468006342649e-03
    vertex    7.622807752341022e-04    5.252578258514405e-01    5.062914919108152e-03
  endloop
endfacet
facet normal   -2.277152424986839e-01    9.467416493596055e-01   -2.276532839684494e-01
  outer loop
    vertex    2.502650953829288e-02    5.388805270195008e-01    2.197132073342800e-02
    vertex    2.178270928561687e-02    5.372077822685243e-01    1.825956068933010e-02
    vertex    2.414163947105407e-02    5.386468768119813e-01    2.188475057482719e-02
  endloop
endfacet
facet normal   -3.512702632664071e-01    9.259012417380313e-01   -1.389823466945380e-01
  outer loop
    vertex    2.414163947105407e-02    5.386468768119813e-01    2.188475057482719e-02
    vertex    2.178270928561687e-02    5.372077822685243e-01    1.825956068933010e-02
    vertex    1.695949025452137e-02    5.358260869979860e-01    2.124512009322643e-02
  endloop
endfacet
facet normal   -2.939131284242699e-01   -9.506729570584680e-01    9.917661850238173e-02
  outer loop
    vertex    2.443151921033859e-02    5.209885239601136e-01    5.649064201861620e-03
    vertex    2.562483027577400e-02    5.204097032546998e-01    3.637104062363505e-03
    vertex    2.665771916508674e-02    5.202962160110475e-01    5.610254127532244e-03
  endloop
endfacet
facet normal   -2.430730329268325e-01   -9.617250747349068e-01    1.264926135783787e-01
  outer loop
    vertex    3.101190924644470e-02    5.193963050842286e-01    7.135396823287010e-03
    vertex    2.665771916508674e-02    5.202962160110475e-01    5.610254127532244e-03
    vertex    3.418774157762527e-02    5.185204744338990e-01    6.579244975000620e-03
  endloop
endfacet
facet normal   -2.456892423698575e-01   -9.627247704098723e-01    1.131274176448135e-01
  outer loop
    vertex    3.101190924644470e-02    5.193963050842286e-01    7.135396823287010e-03
    vertex    3.418774157762527e-02    5.185204744338990e-01    6.579244975000620e-03
    vertex    3.687318041920662e-02    5.179541707038881e-01    7.592163048684597e-03
  endloop
endfacet
facet normal   -9.060343269117843e-02   -5.646699222630172e-01    8.203285298440214e-01
  outer loop
    vertex   -1.082054991275073e-02    5.186915993690492e-01    5.007585976272821e-03
    vertex   -1.335843000561000e-02    5.190979838371278e-01    5.007016006857157e-03
    vertex   -1.189150009304286e-02    5.182793736457826e-01    4.605547990649939e-03
  endloop
endfacet
facet normal   -3.475983801573373e-01   -8.335083691215213e-01    4.294638107179427e-01
  outer loop
    vertex   -1.189150009304286e-02    5.182793736457826e-01    4.605547990649939e-03
    vertex   -1.335843000561000e-02    5.190979838371278e-01    5.007016006857157e-03
    vertex   -1.271300017833711e-02    5.183420777320863e-01    4.062341060489416e-03
  endloop
endfacet
facet normal    5.694508376775054e-01    8.162279743096884e-01    9.745582292859636e-02
  outer loop
    vertex    2.458072081208229e-02    5.328419208526612e-01    2.019767090678215e-02
    vertex    2.390198037028312e-02    5.333865880966188e-01    1.960187964141369e-02
    vertex    2.439882047474384e-02    5.326542854309083e-01    2.283206023275852e-02
  endloop
endfacet
facet normal    7.668386860150233e-01    6.412535899244552e-01    2.742741401865893e-02
  outer loop
    vertex    2.439882047474384e-02    5.326542854309083e-01    2.283206023275852e-02
    vertex    2.390198037028312e-02    5.333865880966188e-01    1.960187964141369e-02
    vertex    2.402924001216888e-02    5.330659151077272e-01    2.354118973016739e-02
  endloop
endfacet
facet normal   -4.581747606752153e-02   -7.647093222720377e-01   -6.427444370175778e-01
  outer loop
    vertex    3.065053932368755e-02    5.279958248138429e-01    2.113655023276806e-02
    vertex    2.855483070015907e-02    5.255231261253358e-01    2.422785013914108e-02
    vertex    2.990492060780525e-02    5.278506278991700e-01    2.136244997382164e-02
  endloop
endfacet
facet normal   -6.393334137874574e-01   -7.597125513353366e-01   -1.186997277100045e-01
  outer loop
    vertex    2.394850924611091e-02    5.203889012336732e-01    1.234142982866615e-04
    vertex    2.375391125679016e-02    5.205719470977784e-01   -1.358852372884249e-20
    vertex    2.391391061246395e-02    5.204373002052308e-01   -3.590879192200822e-23
  endloop
endfacet
facet normal   -1.919645479689015e-01   -9.777994655642259e-01    8.401081754994021e-02
  outer loop
    vertex    3.752427920699120e-02    5.177296996116639e-01    1.732261036522686e-03
    vertex    3.664559125900269e-02    5.179855227470399e-01    2.701978897675872e-03
    vertex    2.917383983731269e-02    5.192419886589051e-01    2.530122874304652e-04
  endloop
endfacet
facet normal   -1.838479754160741e-01   -9.812735121762347e-01    5.746491309249074e-02
  outer loop
    vertex    2.917383983731269e-02    5.192419886589051e-01    2.530122874304652e-04
    vertex    3.664559125900269e-02    5.179855227470399e-01    2.701978897675872e-03
    vertex    2.567381039261818e-02    5.199267864227296e-01    7.489771815016866e-04
  endloop
endfacet
facet normal    3.223311570241217e-01   -9.465914682087418e-01    8.198629514096232e-03
  outer loop
    vertex    7.410482037812471e-03    5.247033238410951e-01    1.214102003723383e-02
    vertex    1.196413021534681e-02    5.262631773948671e-01    1.320965960621834e-02
    vertex    8.867716416716576e-03    5.252097845077516e-01    1.332405954599380e-02
  endloop
endfacet
facet normal    1.199903154656419e-01   -9.912013342518643e-01    5.587700038280231e-02
  outer loop
    vertex    2.112602069973945e-02    5.296515226364137e-01    1.935756951570511e-02
    vertex    2.224612981081009e-02    5.297365784645082e-01    1.846105046570301e-02
    vertex    2.340394072234630e-02    5.300133228302003e-01    2.088393084704876e-02
  endloop
endfacet
facet normal    2.828218234085467e-02   -9.945766803080791e-01    1.000866881728030e-01
  outer loop
    vertex    2.340394072234630e-02    5.300133228302003e-01    2.088393084704876e-02
    vertex    2.224612981081009e-02    5.297365784645082e-01    1.846105046570301e-02
    vertex    2.494185976684093e-02    5.299568176269532e-01    1.988784968852997e-02
  endloop
endfacet
facet normal   -8.730111888679871e-01   -4.875841212296524e-01   -1.063902420390583e-02
  outer loop
    vertex   -1.630637049674990e-02    5.206822752952577e-01    3.936355933547020e-03
    vertex   -1.638686470687391e-02    5.209122896194459e-01   -5.801910833806084e-23
    vertex   -1.617497578263285e-02    5.205329060554506e-01   -5.790285918095319e-23
  endloop
endfacet
facet normal    9.899448139339768e-01   -6.763286937302093e-02    1.242379183083658e-01
  outer loop
    vertex    4.271438717842102e-02    5.285376310348512e-01   -1.357812139492537e-20
    vertex    4.206871986389160e-02    5.271729826927186e-01    4.401876125484705e-03
    vertex    4.271338135004044e-02    5.285229086875917e-01   -1.626559206635124e-19
  endloop
endfacet
facet normal    4.505897339451475e-01    8.858467128464805e-01   -1.106548372296763e-01
  outer loop
    vertex    4.091019928455353e-02    5.312393903732301e-01    1.218404970131814e-03
    vertex    4.134137555956841e-02    5.308678746223451e-01   -2.634751769810439e-23
    vertex    4.036467149853706e-02    5.313646793365480e-01   -2.688336932044240e-23
  endloop
endfacet
facet normal    4.505971891086458e-01    8.858433773054063e-01   -1.106511818804428e-01
  outer loop
    vertex    4.134137555956841e-02    5.308678746223451e-01   -2.634751769810439e-23
    vertex    4.091019928455353e-02    5.312393903732301e-01    1.218404970131814e-03
    vertex    4.201764985918999e-02    5.305433273315431e-01    1.557076029712334e-04
  endloop
endfacet
facet normal    1.198645018511315e-01   -9.927902066298819e-01    3.268268293049442e-04
  outer loop
    vertex    5.934948101639747e-03    5.217329263687135e-01    2.707527950406075e-03
    vertex    3.244360210373997e-03    5.214071869850160e-01   -4.724877970014925e-23
    vertex    5.384963937103747e-03    5.216656327247621e-01    2.167943601222439e-19
  endloop
endfacet
facet normal    1.198691071280744e-01   -9.927896521187213e-01    3.221836534143692e-04
  outer loop
    vertex    3.244360210373997e-03    5.214071869850160e-01   -4.724877970014925e-23
    vertex    5.934948101639747e-03    5.217329263687135e-01    2.707527950406075e-03
    vertex    1.644138013944029e-03    5.212147235870362e-01    2.301594009622931e-03
  endloop
endfacet
facet normal   -9.764228593161219e-02   -9.952215385917434e-01    2.704091937298612e-04
  outer loop
    vertex   -6.459945579990754e-04    5.212371349334718e-01   -4.938315488814270e-23
    vertex   -1.452101045288146e-03    5.213174819946290e-01    4.633887205272913e-03
    vertex   -1.520218560472132e-03    5.213229060173036e-01   -4.986278261640228e-23
  endloop
endfacet
facet normal   -9.759255564280470e-02   -9.952264140190956e-01    2.791447612758384e-04
  outer loop
    vertex   -1.452101045288146e-03    5.213174819946290e-01    4.633887205272913e-03
    vertex   -6.459945579990754e-04    5.212371349334718e-01   -4.938315488814270e-23
    vertex    4.848697863053522e-04    5.211277008056642e-01    5.202343221753836e-03
  endloop
endfacet
facet normal   -6.001504929378294e-01    6.971051666777732e-01    3.922547289933347e-01
  outer loop
    vertex    3.083848953247070e-02    5.337492823600770e-01    1.022822034428827e-04
    vertex    3.035831265151500e-02    5.333934426307679e-01   -3.237318331373130e-23
    vertex    2.951378002762794e-02    5.326321125030519e-01    6.088006921345368e-05
  endloop
endfacet
facet normal   -6.002453342372657e-01    6.971871133372751e-01    3.919638602254430e-01
  outer loop
    vertex    2.948198653757572e-02    5.326389670372010e-01   -3.285396432863750e-23
    vertex    2.951378002762794e-02    5.326321125030519e-01    6.088006921345368e-05
    vertex    3.035831265151500e-02    5.333934426307679e-01   -3.237318331373130e-23
  endloop
endfacet
facet normal   -7.087946218316737e-01   -7.054081071814652e-01    3.096188811583603e-03
  outer loop
    vertex   -1.599339768290521e-02    5.203504562377931e-01   -5.780323952827477e-23
    vertex   -1.593112945556642e-02    5.203016996383668e-01    3.146476112306118e-03
    vertex   -1.617497578263285e-02    5.205329060554506e-01   -5.790285918095319e-23
  endloop
endfacet
facet normal    4.369600372866520e-01   -8.971814242671352e-01    6.427610570377282e-02
  outer loop
    vertex    4.035754501819611e-02    5.178281068801881e-01   -2.688727913794469e-23
    vertex    4.101829975843430e-02    5.182397961616517e-01    1.254533999599516e-03
    vertex    4.022133350372314e-02    5.177617669105531e-01   -2.696200920604757e-23
  endloop
endfacet
facet normal    4.370834552987816e-01   -8.971283651748109e-01    6.417748439171742e-02
  outer loop
    vertex    3.949100151658058e-02    5.175647139549256e-01    2.219380112364888e-03
    vertex    4.022133350372314e-02    5.177617669105531e-01   -2.696200920604757e-23
    vertex    4.101829975843430e-02    5.182397961616517e-01    1.254533999599516e-03
  endloop
endfacet
facet normal   -9.611300459531694e-01   -2.760736837677075e-01    3.515095587075805e-03
  outer loop
    vertex   -1.638686470687391e-02    5.209122896194459e-01   -5.801910833806084e-23
    vertex   -1.642744056880476e-02    5.210912823677064e-01    2.963363891467452e-03
    vertex   -1.643394678831102e-02    5.210762023925782e-01   -5.804493909964195e-23
  endloop
endfacet
facet normal   -9.611142435017535e-01   -2.761286478575323e-01    3.518631896474178e-03
  outer loop
    vertex   -1.642744056880476e-02    5.210912823677064e-01    2.963363891467452e-03
    vertex   -1.638686470687391e-02    5.209122896194459e-01   -5.801910833806084e-23
    vertex   -1.630637049674990e-02    5.206822752952577e-01    3.936355933547020e-03
  endloop
endfacet
facet normal    2.945399522744401e-01   -9.556390250498923e-01    5.199190915114347e-04
  outer loop
    vertex   -2.442733617499472e-03    5.211983919143678e-01   -5.036890438818552e-23
    vertex   -2.509309910237790e-03    5.211803913116456e-01    4.630142822861671e-03
    vertex   -5.339300725609079e-03    5.203056335449220e-01    4.336289109388662e-19
  endloop
endfacet
facet normal    2.945457001720817e-01   -9.556372555422016e-01    5.160716101678076e-04
  outer loop
    vertex   -7.904946804046645e-03    5.195168852806092e-01    3.764582099393010e-03
    vertex   -5.339300725609079e-03    5.203056335449220e-01    4.336289109388662e-19
    vertex   -2.509309910237790e-03    5.211803913116456e-01    4.630142822861671e-03
  endloop
endfacet
facet normal   -1.057213303807716e-01    8.353465910036226e-01   -5.394618366494018e-01
  outer loop
    vertex    7.064989767968645e-04    5.292158126831056e-01    2.259930079162586e-05
    vertex   -9.203984402120127e-03    5.279469490051271e-01    3.334053442488994e-21
    vertex   -9.604829363524928e-03    5.279091000556947e-01    1.994741978705861e-05
  endloop
endfacet
facet normal   -1.056870825765322e-01    8.350863897419519e-01   -5.398712459876095e-01
  outer loop
    vertex   -9.203984402120127e-03    5.279469490051271e-01    3.334053442488994e-21
    vertex    7.064989767968645e-04    5.292158126831056e-01    2.259930079162586e-05
    vertex    7.140896050259461e-04    5.292021632194520e-01   -4.863696847053345e-23
  endloop
endfacet
facet normal    9.914246838801227e-01   -2.650056785674293e-02    1.279641203481225e-01
  outer loop
    vertex    4.181618988513947e-02    5.279446840286256e-01    6.836140062659979e-03
    vertex    4.271472245454788e-02    5.285502076148988e-01   -2.559405491317411e-23
    vertex    4.182761907577515e-02    5.292636156082154e-01    7.020732853561640e-03
  endloop
endfacet
facet normal    9.914257400416561e-01   -2.643018856746135e-02    1.279704931425330e-01
  outer loop
    vertex    4.271472245454788e-02    5.285502076148988e-01   -2.559405491317411e-23
    vertex    4.181618988513947e-02    5.279446840286256e-01    6.836140062659979e-03
    vertex    4.271438717842102e-02    5.285376310348512e-01   -1.357812139492537e-20
  endloop
endfacet
facet normal    9.470084840190294e-01   -3.212041787711016e-01    1.675331597631173e-03
  outer loop
    vertex    1.108937989920378e-02    5.345633029937745e-01    4.285388058633544e-05
    vertex    7.860162295401096e-03    5.250423550605775e-01    1.083755008480363e-19
    vertex    1.099870353937149e-02    5.342957377433778e-01   -4.299449468483318e-23
  endloop
endfacet
facet normal    9.470085723505732e-01   -3.212040735668576e-01    1.645301973965588e-03
  outer loop
    vertex    7.860162295401096e-03    5.250423550605775e-01    1.083755008480363e-19
    vertex    1.108937989920378e-02    5.345633029937745e-01    4.285388058633544e-05
    vertex    7.786171976476907e-03    5.248299241065980e-01    1.115769962780178e-03
  endloop
endfacet
facet normal   -1.563930913442630e-01   -9.864035555421425e-01   -5.048986624664897e-02
  outer loop
    vertex    3.846284374594688e-02    5.176695585250856e-01   -2.792677389482207e-23
    vertex    3.752427920699120e-02    5.177296996116639e-01    1.732261036522686e-03
    vertex    3.726435080170631e-02    5.178595781326295e-01   -2.858430611375064e-23
  endloop
endfacet
facet normal    9.037313185056893e-01   -1.746713035825236e-01    3.908447769342071e-01
  outer loop
    vertex    1.135922968387604e-02    5.362256169319154e-01    1.617967936908826e-04
    vertex    1.112801767885685e-02    5.346673130989076e-01   -4.292354874106931e-23
    vertex    1.143930666148663e-02    5.362778902053834e-01   -4.275276547843271e-23
  endloop
endfacet
facet normal   -9.886943817123885e-01   -1.335913177081786e-01    6.809390136679126e-02
  outer loop
    vertex    2.292939275503158e-02    5.213137269020082e-01   -3.644893044729313e-23
    vertex    2.282590046525001e-02    5.221362113952638e-01    1.109430013457313e-04
    vertex    2.283500321209430e-02    5.220122933387757e-01   -3.650071562132988e-23
  endloop
endfacet
facet normal   -9.886953375016763e-01   -1.335899324954249e-01    6.808274038487540e-02
  outer loop
    vertex    2.282590046525001e-02    5.221362113952638e-01    1.109430013457313e-04
    vertex    2.292939275503158e-02    5.213137269020082e-01   -3.644893044729313e-23
    vertex    2.299329079687595e-02    5.212094783782960e-01    7.233719225041568e-04
  endloop
endfacet
facet normal    9.196446871501330e-01   -3.925107833557414e-01   -1.374533906443282e-02
  outer loop
    vertex    7.860162295401096e-03    5.250423550605775e-01    1.083755008480363e-19
    vertex    7.786171976476907e-03    5.248299241065980e-01    1.115769962780178e-03
    vertex    7.454526610672473e-03    5.240919589996339e-01    1.083752783031035e-19
  endloop
endfacet
facet normal    9.196419989544474e-01   -3.925172596280284e-01   -1.374025666321964e-02
  outer loop
    vertex    6.802672054618596e-03    5.224992036819459e-01    1.871226006187499e-03
    vertex    7.454526610672473e-03    5.240919589996339e-01    1.083752783031035e-19
    vertex    7.786171976476907e-03    5.248299241065980e-01    1.115769962780178e-03
  endloop
endfacet
facet normal   -7.820420873922731e-01    5.290000709538483e-01   -3.294982526174604e-01
  outer loop
    vertex    2.382316254079342e-02    5.240945816040040e-01   -3.595857926676036e-23
    vertex    2.407771907746791e-02    5.247995257377626e-01    5.275948205962777e-04
    vertex    2.455176040530204e-02    5.251716971397401e-01    2.029323188732774e-20
  endloop
endfacet
facet normal   -7.820424459887768e-01    5.289987673663772e-01   -3.294994943801046e-01
  outer loop
    vertex    2.899626083672046e-02    5.319939255714418e-01    4.041354986838996e-04
    vertex    2.455176040530204e-02    5.251716971397401e-01    2.029323188732774e-20
    vertex    2.407771907746791e-02    5.247995257377626e-01    5.275948205962777e-04
  endloop
endfacet
facet normal   -8.078434442328548e-02   -9.967053446818696e-01    7.235024443331379e-03
  outer loop
    vertex   -1.208330597728492e-02    5.182615518569947e-01    1.552196880227197e-19
    vertex   -1.271300017833711e-02    5.183420777320863e-01    4.062341060489416e-03
    vertex   -1.250027399510147e-02    5.182953476905824e-01   -5.588679823362444e-23
  endloop
endfacet
facet normal   -8.127210592307939e-02   -9.966473529658629e-01   -9.428606735159776e-03
  outer loop
    vertex    3.752427920699120e-02    5.177296996116639e-01    1.732261036522686e-03
    vertex    3.878948837518692e-02    5.176429152488710e-01    1.083924696825257e-19
    vertex    3.949100151658058e-02    5.175647139549256e-01    2.219380112364888e-03
  endloop
endfacet
facet normal    8.858724232811017e-01   -4.631389140783356e-01    2.706281464313532e-02
  outer loop
    vertex    4.131092876195908e-02    5.189114212989808e-01    3.169477917253971e-03
    vertex    4.101829975843430e-02    5.182397961616517e-01    1.254533999599516e-03
    vertex    4.134384170174599e-02    5.187891721725465e-01    4.336545228295108e-19
  endloop
endfacet
facet normal    8.858606780439342e-01   -4.631621516619459e-01    2.704959081793481e-02
  outer loop
    vertex    4.114342853426933e-02    5.184058547019960e-01    2.168139783792264e-19
    vertex    4.134384170174599e-02    5.187891721725465e-01    4.336545228295108e-19
    vertex    4.101829975843430e-02    5.182397961616517e-01    1.254533999599516e-03
  endloop
endfacet
facet normal   -1.692048372443488e-01   -9.840703468420604e-01    5.454608619562318e-02
  outer loop
    vertex    2.917383983731269e-02    5.192419886589051e-01    2.530122874304652e-04
    vertex    3.053261525928974e-02    5.189943313598634e-01    2.707277675690651e-20
    vertex    3.672771900892258e-02    5.179371833801271e-01    1.454465964343399e-04
  endloop
endfacet
facet normal   -1.906934756195386e-01   -9.816025857911944e-01    9.610511130076937e-03
  outer loop
    vertex    2.567381039261818e-02    5.199267864227296e-01    7.489771815016866e-04
    vertex    2.796235308051109e-02    5.194748640060426e-01    2.707136662745871e-20
    vertex    2.917383983731269e-02    5.192419886589051e-01    2.530122874304652e-04
  endloop
endfacet
facet normal    9.831558653581656e-01    1.461854824852725e-01    1.097011810437080e-01
  outer loop
    vertex    4.257763549685478e-02    5.294721722602845e-01    1.668396629230587e-21
    vertex    4.254738986492157e-02    5.296651721000672e-01    1.387766042171279e-05
    vertex    4.271472245454788e-02    5.285502076148988e-01   -2.559405491317411e-23
  endloop
endfacet
facet normal    9.831907814151887e-01    1.461947777733774e-01    1.093753824769711e-01
  outer loop
    vertex    4.182761907577515e-02    5.292636156082154e-01    7.020732853561640e-03
    vertex    4.271472245454788e-02    5.285502076148988e-01   -2.559405491317411e-23
    vertex    4.254738986492157e-02    5.296651721000672e-01    1.387766042171279e-05
  endloop
endfacet
facet normal    9.874115059011255e-01   -1.139996832993194e-01    1.096475728036270e-01
  outer loop
    vertex    4.271338135004044e-02    5.285229086875917e-01   -1.626559206635124e-19
    vertex    4.206871986389160e-02    5.271729826927186e-01    4.401876125484705e-03
    vertex    4.217831417918205e-02    5.238884091377259e-01   -2.588834594311921e-23
  endloop
endfacet
facet normal    3.413221938095417e-01    9.369585948442696e-01   -7.488492211716172e-02
  outer loop
    vertex    3.993663191795349e-02    5.315255522727967e-01    2.707793610637814e-20
    vertex    3.815649077296257e-02    5.322870016098024e-01    1.413432997651398e-03
    vertex    4.012806713581085e-02    5.314558148384095e-01    5.418309544610410e-20
  endloop
endfacet
facet normal    3.414233174526561e-01    9.369341602007424e-01   -7.472949717850662e-02
  outer loop
    vertex    3.886887058615685e-02    5.321171879768373e-01    2.539078006520867e-03
    vertex    4.012806713581085e-02    5.314558148384095e-01    5.418309544610410e-20
    vertex    3.815649077296257e-02    5.322870016098024e-01    1.413432997651398e-03
  endloop
endfacet
facet normal   -5.208058555338650e-01   -8.536682049168576e-01    3.443364004711002e-03
  outer loop
    vertex   -1.593112945556642e-02    5.203016996383668e-01    3.146476112306118e-03
    vertex   -1.460084319114686e-02    5.194774270057679e-01    2.167833952582698e-19
    vertex   -1.271300017833711e-02    5.183420777320863e-01    4.062341060489416e-03
  endloop
endfacet
facet normal   -9.921970701074109e-01    1.246699247437198e-01    1.543999567652901e-03
  outer loop
    vertex   -1.643394678831102e-02    5.210762023925782e-01   -5.804493909964195e-23
    vertex   -1.642744056880476e-02    5.210912823677064e-01    2.963363891467452e-03
    vertex   -1.627524755895140e-02    5.223392248153688e-01   -5.795787153968018e-23
  endloop
endfacet
facet normal   -6.010930047528346e-02    9.700143913707705e-01   -2.354972452704395e-01
  outer loop
    vertex   -1.467593014240266e-02    5.276144146919252e-01    1.005058002192527e-04
    vertex   -9.604829363524928e-03    5.279091000556947e-01    1.994741978705861e-05
    vertex   -1.423311140388252e-02    5.276174545288087e-01   -5.683748921026987e-23
  endloop
endfacet
facet normal   -6.013294903441541e-02    9.703066951602934e-01   -2.342838999323978e-01
  outer loop
    vertex   -9.686768054962172e-03    5.278992056846620e-01   -5.434321734620079e-23
    vertex   -1.423311140388252e-02    5.276174545288087e-01   -5.683748921026987e-23
    vertex   -9.604829363524928e-03    5.279091000556947e-01    1.994741978705861e-05
  endloop
endfacet
facet normal   -2.638443980228738e-02    9.496295563777433e-01   -3.122620165664242e-01
  outer loop
    vertex    7.064989767968645e-04    5.292158126831056e-01    2.259930079162586e-05
    vertex    1.586231053806841e-03    5.293772816658021e-01    4.393149865791202e-04
    vertex    7.551437593065192e-04    5.292097330093385e-01   -4.861444482591099e-23
  endloop
endfacet
facet normal   -2.611930277041580e-02    9.494894127628037e-01   -3.127101486586797e-01
  outer loop
    vertex    1.712846918962895e-03    5.292360782623292e-01    2.705696529442134e-20
    vertex    7.551437593065192e-04    5.292097330093385e-01   -4.861444482591099e-23
    vertex    1.586231053806841e-03    5.293772816658021e-01    4.393149865791202e-04
  endloop
endfacet
facet normal   -7.953887581804094e-01    5.251535843638794e-01   -3.026060742780883e-01
  outer loop
    vertex   -1.467593014240266e-02    5.276144146919252e-01    1.005058002192527e-04
    vertex   -1.471124496310951e-02    5.275030136108400e-01   -5.709980883562084e-23
    vertex   -1.516935974359514e-02    5.268836021423341e-01    1.291883963858709e-04
  endloop
endfacet
facet normal   -7.954070898309372e-01    5.251905919402219e-01   -3.024936422210533e-01
  outer loop
    vertex   -1.519720908254386e-02    5.267670154571534e-01    8.125779651185186e-20
    vertex   -1.516935974359514e-02    5.268836021423341e-01    1.291883963858709e-04
    vertex   -1.471124496310951e-02    5.275030136108400e-01   -5.709980883562084e-23
  endloop
endfacet
facet normal    3.585603321550402e-01    9.312580884487942e-01   -6.475230423363489e-02
  outer loop
    vertex    3.886887058615685e-02    5.321171879768373e-01    2.539078006520867e-03
    vertex    4.091019928455353e-02    5.312393903732301e-01    1.218404970131814e-03
    vertex    4.012806713581085e-02    5.314558148384095e-01    5.418309544610410e-20
  endloop
endfacet
facet normal    3.586824422466206e-01    9.312049523548731e-01   -6.484012903872247e-02
  outer loop
    vertex    4.036467149853706e-02    5.313646793365480e-01   -2.688336932044240e-23
    vertex    4.012806713581085e-02    5.314558148384095e-01    5.418309544610410e-20
    vertex    4.091019928455353e-02    5.312393903732301e-01    1.218404970131814e-03
  endloop
endfacet
facet normal   -8.120190359179978e-01    5.418540482804296e-01   -2.168392853449647e-01
  outer loop
    vertex    2.951378002762794e-02    5.326321125030519e-01    6.088006921345368e-05
    vertex    2.683668024837970e-02    5.285958647727967e-01   -3.430526541628193e-23
    vertex    2.899626083672046e-02    5.319939255714418e-01    4.041354986838996e-04
  endloop
endfacet
facet normal   -8.120194205788667e-01    5.418541046685915e-01   -2.168377039551953e-01
  outer loop
    vertex    2.455176040530204e-02    5.251716971397401e-01    2.029323188732774e-20
    vertex    2.899626083672046e-02    5.319939255714418e-01    4.041354986838996e-04
    vertex    2.683668024837970e-02    5.285958647727967e-01   -3.430526541628193e-23
  endloop
endfacet
facet normal    9.840509608099900e-01   -1.714701509668125e-01    4.734652950696738e-02
  outer loop
    vertex    4.186952859163284e-02    5.212501883506776e-01    3.784467844525352e-05
    vertex    4.159274324774742e-02    5.196512937545777e-01    2.168142248878953e-19
    vertex    4.186614602804184e-02    5.212203264236451e-01   -2.605961154608807e-23
  endloop
endfacet
facet normal    9.840447633465829e-01   -1.714719674704013e-01    4.746860122225419e-02
  outer loop
    vertex    4.159274324774742e-02    5.196512937545777e-01    2.168142248878953e-19
    vertex    4.186952859163284e-02    5.212501883506776e-01    3.784467844525352e-05
    vertex    4.131092876195908e-02    5.189114212989808e-01    3.169477917253971e-03
  endloop
endfacet
facet normal    6.450108573092486e-01   -7.635687318276705e-01   -3.039384359160965e-02
  outer loop
    vertex    6.908114999532699e-03    5.226627588272096e-01    2.167951957724682e-19
    vertex    6.802672054618596e-03    5.224992036819459e-01    1.871226006187499e-03
    vertex    6.558770313858985e-03    5.223676562309266e-01   -4.543038649218717e-23
  endloop
endfacet
facet normal    6.450082351819141e-01   -7.635709666724858e-01   -3.039334470502022e-02
  outer loop
    vertex    5.934948101639747e-03    5.217329263687135e-01    2.707527950406075e-03
    vertex    6.558770313858985e-03    5.223676562309266e-01   -4.543038649218717e-23
    vertex    6.802672054618596e-03    5.224992036819459e-01    1.871226006187499e-03
  endloop
endfacet
facet normal   -2.597336040750499e-01    9.550276711745268e-01    1.430405613983146e-01
  outer loop
    vertex    1.586231053806841e-03    5.293772816658021e-01    4.393149865791202e-04
    vertex    3.205938031896948e-03    5.297868251800538e-01    6.460181903094053e-04
    vertex    2.583221765235066e-03    5.297142267227174e-01   -4.761150176038054e-23
  endloop
endfacet
facet normal   -2.617731396788597e-01   -9.650870747751471e-01    9.042203526908845e-03
  outer loop
    vertex    2.430419065058231e-02    5.202912688255311e-01    1.351683248447242e-20
    vertex    2.567381039261818e-02    5.199267864227296e-01    7.489771815016866e-04
    vertex    2.394850924611091e-02    5.203889012336732e-01    1.234142982866615e-04
  endloop
endfacet
facet normal    3.123211012754405e-01    9.491293002132138e-01    4.011360336433237e-02
  outer loop
    vertex    3.194947913289070e-02    5.339639186859132e-01    1.191154005937278e-04
    vertex    3.228919208049774e-02    5.338571667671205e-01    1.352121331602566e-20
    vertex    3.209447115659714e-02    5.339212417602540e-01   -3.142067027676611e-23
  endloop
endfacet
facet normal   -1.047197490724922e-01    7.901724623529834e-01   -6.038718853310008e-01
  outer loop
    vertex   -9.604829363524928e-03    5.279091000556947e-01    1.994741978705861e-05
    vertex   -9.313498623669161e-03    5.279324650764466e-01   -5.413842959289370e-23
    vertex   -9.532527998089804e-03    5.279034376144410e-01   -5.425859623322146e-23
  endloop
endfacet
facet normal   -1.047053500892396e-01    7.916860929136886e-01   -6.018886275298346e-01
  outer loop
    vertex   -9.313498623669161e-03    5.279324650764466e-01   -5.413842959289370e-23
    vertex   -9.604829363524928e-03    5.279091000556947e-01    1.994741978705861e-05
    vertex   -9.203984402120127e-03    5.279469490051271e-01    3.334053442488994e-21
  endloop
endfacet
facet normal   -2.564112723473830e-02   -9.996710268254512e-01   -6.088677031566490e-04
  outer loop
    vertex    4.573558398988089e-04    5.211315751075746e-01    4.336320911732364e-19
    vertex    6.339651881717136e-04    5.211270451545716e-01   -4.868092733133392e-23
    vertex    4.848697863053522e-04    5.211277008056642e-01    5.202343221753836e-03
  endloop
endfacet
facet normal    9.414487506555049e-01   -3.363447667050292e-01    2.337622294829075e-02
  outer loop
    vertex    1.108937989920378e-02    5.345633029937745e-01    4.285388058633544e-05
    vertex    1.108422596007586e-02    5.345458984375001e-01    5.416716104997260e-20
    vertex    1.110045239329338e-02    5.345913171768190e-01   -2.061465757839224e-21
  endloop
endfacet
facet normal    2.954686766712428e-01    9.552578659604292e-01   -1.344137741718678e-02
  outer loop
    vertex    3.194947913289070e-02    5.339639186859132e-01    1.191154005937278e-04
    vertex    3.345639631152153e-02    5.334961414337159e-01   -3.067347383016026e-23
    vertex    3.228919208049774e-02    5.338571667671205e-01    1.352121331602566e-20
  endloop
endfacet
facet normal    2.954686766712428e-01    9.552578659604292e-01   -1.344137741718678e-02
  outer loop
    vertex    3.345639631152153e-02    5.334961414337159e-01   -3.067347383016026e-23
    vertex    3.194947913289070e-02    5.339639186859132e-01    1.191154005937278e-04
    vertex    3.462360054254532e-02    5.331351161003114e-01   -3.580942310254134e-22
  endloop
endfacet
facet normal   -4.599368020241044e-01    6.954999147464448e-01   -5.520308023394416e-01
  outer loop
    vertex   -1.469130907207729e-02    5.275244712829591e-01    9.481060122112440e-20
    vertex   -1.467593014240266e-02    5.276144146919252e-01    1.005058002192527e-04
    vertex   -1.460829749703409e-02    5.275793671607972e-01   -5.704332850662804e-23
  endloop
endfacet
facet normal   -4.597889210089264e-01    6.956383473391944e-01   -5.519795628722513e-01
  outer loop
    vertex   -1.458458043634893e-02    5.275950431823732e-01   -5.703031655556796e-23
    vertex   -1.460829749703409e-02    5.275793671607972e-01   -5.704332850662804e-23
    vertex   -1.467593014240266e-02    5.276144146919252e-01    1.005058002192527e-04
  endloop
endfacet
facet normal    7.993104877805248e-01   -6.009182230247814e-01    1.826493872689628e-04
  outer loop
    vertex    4.093600064516068e-02    5.181299448013307e-01   -2.656991956253609e-23
    vertex    4.114342853426933e-02    5.184058547019960e-01    2.168139783792264e-19
    vertex    4.101829975843430e-02    5.182397961616517e-01    1.254533999599516e-03
  endloop
endfacet
facet normal    9.899401777525005e-01   -6.779291095685533e-02    1.241876229555244e-01
  outer loop
    vertex    4.206871986389160e-02    5.271729826927186e-01    4.401876125484705e-03
    vertex    4.271438717842102e-02    5.285376310348512e-01   -1.357812139492537e-20
    vertex    4.181618988513947e-02    5.279446840286256e-01    6.836140062659979e-03
  endloop
endfacet
facet normal   -1.584763015182989e-01    7.721660846218072e-01    6.153412058499813e-01
  outer loop
    vertex    3.082440607249736e-02    5.338279008865358e-01    1.352040968676886e-20
    vertex    3.083848953247070e-02    5.337492823600770e-01    1.022822034428827e-04
    vertex    3.131695836782455e-02    5.339289903640748e-01   -3.184723908689751e-23
  endloop
endfacet
facet normal   -1.586109034750323e-01    7.723635988384585e-01    6.150585764690536e-01
  outer loop
    vertex    3.180950880050659e-02    5.340301394462587e-01   -3.157700989575401e-23
    vertex    3.131695836782455e-02    5.339289903640748e-01   -3.184723908689751e-23
    vertex    3.083848953247070e-02    5.337492823600770e-01    1.022822034428827e-04
  endloop
endfacet
facet normal   -1.584847110552277e-01    7.720722997181542e-01    6.154567087697247e-01
  outer loop
    vertex    3.194947913289070e-02    5.339639186859132e-01    1.191154005937278e-04
    vertex    3.180950880050659e-02    5.340301394462587e-01   -3.157700989575401e-23
    vertex    3.083848953247070e-02    5.337492823600770e-01    1.022822034428827e-04
  endloop
endfacet
facet normal    2.972258928355703e-01   -9.547987492331564e-01    4.014609681908883e-03
  outer loop
    vertex   -9.762161411345019e-03    5.189228653907777e-01   -2.168948190776942e-19
    vertex   -1.189150009304286e-02    5.182793736457826e-01    4.605547990649939e-03
    vertex   -1.179176475852729e-02    5.182910561561586e-01   -5.549808701707183e-23
  endloop
endfacet
facet normal    2.972369975715654e-01   -9.547952686434612e-01    4.020230180206459e-03
  outer loop
    vertex   -1.189150009304286e-02    5.182793736457826e-01    4.605547990649939e-03
    vertex   -9.762161411345019e-03    5.189228653907777e-01   -2.168948190776942e-19
    vertex   -7.904946804046645e-03    5.195168852806092e-01    3.764582099393010e-03
  endloop
endfacet
facet normal   -7.088478465157363e-01   -7.053545875266143e-01    3.104246311610516e-03
  outer loop
    vertex   -1.630637049674990e-02    5.206822752952577e-01    3.936355933547020e-03
    vertex   -1.617497578263285e-02    5.205329060554506e-01   -5.790285918095319e-23
    vertex   -1.593112945556642e-02    5.203016996383668e-01    3.146476112306118e-03
  endloop
endfacet
facet normal    8.091239548622001e-02   -9.967181883799968e-01    2.457073295354171e-03
  outer loop
    vertex    6.339651881717136e-04    5.211270451545716e-01   -4.868092733133392e-23
    vertex    1.388762844726442e-03    5.211883187294007e-01    2.167921676763192e-19
    vertex    1.644138013944029e-03    5.212147235870362e-01    2.301594009622931e-03
  endloop
endfacet
facet normal    8.093909763697471e-02   -9.967160493929953e-01    2.445272200115009e-03
  outer loop
    vertex    4.848697863053522e-04    5.211277008056642e-01    5.202343221753836e-03
    vertex    6.339651881717136e-04    5.211270451545716e-01   -4.868092733133392e-23
    vertex    1.644138013944029e-03    5.212147235870362e-01    2.301594009622931e-03
  endloop
endfacet
facet normal    1.286023670843939e-01   -9.916942019306304e-01   -2.010233185715601e-03
  outer loop
    vertex   -2.509309910237790e-03    5.211803913116456e-01    4.630142822861671e-03
    vertex   -1.931308186613024e-03    5.212647318840028e-01   -4.337309573139608e-19
    vertex   -1.452101045288146e-03    5.213174819946290e-01    4.633887205272913e-03
  endloop
endfacet
facet normal    1.286378320871290e-01   -9.916896113371083e-01   -2.005722308450385e-03
  outer loop
    vertex   -1.931308186613024e-03    5.212647318840028e-01   -4.337309573139608e-19
    vertex   -2.509309910237790e-03    5.211803913116456e-01    4.630142822861671e-03
    vertex   -2.442733617499472e-03    5.211983919143678e-01   -5.036890438818552e-23
  endloop
endfacet
facet normal   -1.563374142266274e-01   -9.864119216985490e-01   -5.049884794634091e-02
  outer loop
    vertex    3.672771900892258e-02    5.179371833801271e-01    1.454465964343399e-04
    vertex    3.726435080170631e-02    5.178595781326295e-01   -2.858430611375064e-23
    vertex    3.752427920699120e-02    5.177296996116639e-01    1.732261036522686e-03
  endloop
endfacet
facet normal    9.037218427181164e-01   -1.746721339469195e-01    3.908663155307727e-01
  outer loop
    vertex    1.108937989920378e-02    5.345633029937745e-01    4.285388058633544e-05
    vertex    1.112801767885685e-02    5.346673130989076e-01   -4.292354874106931e-23
    vertex    1.135922968387604e-02    5.362256169319154e-01    1.617967936908826e-04
  endloop
endfacet
facet normal   -8.829542393579070e-01    4.404434484586851e-01   -1.624850144158581e-01
  outer loop
    vertex    2.341918647289276e-02    5.232847332954408e-01   -6.812443791714186e-21
    vertex    2.407771907746791e-02    5.247995257377626e-01    5.275948205962777e-04
    vertex    2.382316254079342e-02    5.240945816040040e-01   -3.595857926676036e-23
  endloop
endfacet
facet normal   -8.829766859239286e-01    4.404266117463282e-01   -1.624086567287749e-01
  outer loop
    vertex    2.407771907746791e-02    5.247995257377626e-01    5.275948205962777e-04
    vertex    2.341918647289276e-02    5.232847332954408e-01   -6.812443791714186e-21
    vertex    2.282590046525001e-02    5.221362113952638e-01    1.109430013457313e-04
  endloop
endfacet
facet normal   -6.125379114132602e-01    7.893203884262444e-01    4.207887232475981e-02
  outer loop
    vertex    4.194132052361964e-03    5.305852293968202e-01    5.449984018923715e-05
    vertex    3.329612780362367e-03    5.299172401428224e-01   -2.949465352912306e-21
    vertex    3.205938031896948e-03    5.297868251800538e-01    6.460181903094053e-04
  endloop
endfacet
facet normal   -6.125399149547307e-01    7.893109742095419e-01    4.222604148668422e-02
  outer loop
    vertex    3.329612780362367e-03    5.299172401428224e-01   -2.949465352912306e-21
    vertex    4.194132052361964e-03    5.305852293968202e-01    5.449984018923715e-05
    vertex    4.089298658072948e-03    5.305067896842958e-01   -4.678521898095059e-23
  endloop
endfacet
facet normal   -8.085374902894324e-02   -9.966997957435135e-01    7.224156200077416e-03
  outer loop
    vertex   -1.271300017833711e-02    5.183420777320863e-01    4.062341060489416e-03
    vertex   -1.208330597728492e-02    5.182615518569947e-01    1.552196880227197e-19
    vertex   -1.189150009304286e-02    5.182793736457826e-01    4.605547990649939e-03
  endloop
endfacet
facet normal   -9.598804684061151e-01    2.804049256099854e-01   -1.601270157006043e-03
  outer loop
    vertex   -1.608522422611715e-02    5.237476825714112e-01   -2.168982881156584e-19
    vertex   -1.609696075320246e-02    5.237234830856324e-01    2.797784050926566e-03
    vertex   -1.516935974359514e-02    5.268836021423341e-01    1.291883963858709e-04
  endloop
endfacet
facet normal   -9.598807853229004e-01    2.804039830948534e-01   -1.576144800806922e-03
  outer loop
    vertex   -1.521365251392127e-02    5.267312526702882e-01   -5.737544596237277e-23
    vertex   -1.608522422611715e-02    5.237476825714112e-01   -2.168982881156584e-19
    vertex   -1.516935974359514e-02    5.268836021423341e-01    1.291883963858709e-04
  endloop
endfacet
facet normal   -8.129293797823220e-02   -9.966455090527593e-01   -9.443914433847426e-03
  outer loop
    vertex    3.846284374594688e-02    5.176695585250856e-01   -2.792677389482207e-23
    vertex    3.878948837518692e-02    5.176429152488710e-01    1.083924696825257e-19
    vertex    3.752427920699120e-02    5.177296996116639e-01    1.732261036522686e-03
  endloop
endfacet
facet normal   -1.692033754337913e-01   -9.840642593557666e-01    5.466032565214152e-02
  outer loop
    vertex    3.676219657063484e-02    5.179231762886048e-01   -6.049426332903102e-22
    vertex    3.672771900892258e-02    5.179371833801271e-01    1.454465964343399e-04
    vertex    3.209001198410988e-02    5.187265276908876e-01   -3.142311672218011e-23
  endloop
endfacet
facet normal   -1.692117176256623e-01   -9.840409425278673e-01    5.505286592939228e-02
  outer loop
    vertex    3.053261525928974e-02    5.189943313598634e-01    2.707277675690651e-20
    vertex    3.209001198410988e-02    5.187265276908876e-01   -3.142311672218011e-23
    vertex    3.672771900892258e-02    5.179371833801271e-01    1.454465964343399e-04
  endloop
endfacet
facet normal   -1.906876282404505e-01   -9.816035409836400e-01    9.628954481723717e-03
  outer loop
    vertex    2.796235308051109e-02    5.194748640060426e-01    2.707136662745871e-20
    vertex    2.567381039261818e-02    5.199267864227296e-01    7.489771815016866e-04
    vertex    2.720050141215324e-02    5.196228623390199e-01   -3.410566128894608e-23
  endloop
endfacet
facet normal   -1.907247733840005e-01   -9.815970896722158e-01    9.550621166050771e-03
  outer loop
    vertex    2.567679807543754e-02    5.199189186096193e-01   -5.424505023878425e-20
    vertex    2.720050141215324e-02    5.196228623390199e-01   -3.410566128894608e-23
    vertex    2.567381039261818e-02    5.199267864227296e-01    7.489771815016866e-04
  endloop
endfacet
facet normal   -6.172253380936134e-01    7.850636630966175e-01   -5.203774496022385e-02
  outer loop
    vertex    1.135922968387604e-02    5.362256169319154e-01    1.617967936908826e-04
    vertex    4.700909368693828e-03    5.309800505638124e-01   -7.720155058342181e-22
    vertex    4.194132052361964e-03    5.305852293968202e-01    5.449984018923715e-05
  endloop
endfacet
facet normal   -6.172344994899699e-01    7.850693040509154e-01   -5.184361557971839e-02
  outer loop
    vertex    4.700909368693828e-03    5.309800505638124e-01   -7.720155058342181e-22
    vertex    1.135922968387604e-02    5.362256169319154e-01    1.617967936908826e-04
    vertex    1.143930666148663e-02    5.362778902053834e-01   -4.275276547843271e-23
  endloop
endfacet
facet normal    9.874120475135540e-01   -1.139969446124078e-01    1.096455427462816e-01
  outer loop
    vertex    4.186952859163284e-02    5.212501883506776e-01    3.784467844525352e-05
    vertex    4.217831417918205e-02    5.238884091377259e-01   -2.588834594311921e-23
    vertex    4.206871986389160e-02    5.271729826927186e-01    4.401876125484705e-03
  endloop
endfacet
facet normal   -5.208132494006938e-01   -8.536636750436168e-01    3.448066083595931e-03
  outer loop
    vertex   -1.460084319114686e-02    5.194774270057679e-01    2.167833952582698e-19
    vertex   -1.281502470374109e-02    5.183879137039186e-01   -4.337369284749138e-19
    vertex   -1.271300017833711e-02    5.183420777320863e-01    4.062341060489416e-03
  endloop
endfacet
facet normal   -9.921970461092670e-01    1.246701147288532e-01    1.544080807376069e-03
  outer loop
    vertex   -1.609696075320246e-02    5.237234830856324e-01    2.797784050926566e-03
    vertex   -1.627524755895140e-02    5.223392248153688e-01   -5.795787153968018e-23
    vertex   -1.642744056880476e-02    5.210912823677064e-01    2.963363891467452e-03
  endloop
endfacet
facet normal    8.477823165135587e-01    5.243062586335224e-01   -7.980031932656627e-02
  outer loop
    vertex    4.254738986492157e-02    5.296651721000672e-01    1.387766042171279e-05
    vertex    4.200885444879532e-02    5.305338501930238e-01    7.442997556368712e-21
    vertex    4.201764985918999e-02    5.305433273315431e-01    1.557076029712334e-04
  endloop
endfacet
facet normal    8.476790301073375e-01    5.242154478049040e-01   -8.147653772091294e-02
  outer loop
    vertex    4.200885444879532e-02    5.305338501930238e-01    7.442997556368712e-21
    vertex    4.254738986492157e-02    5.296651721000672e-01    1.387766042171279e-05
    vertex    4.209558665752411e-02    5.303936004638673e-01   -2.593373295350784e-23
  endloop
endfacet
facet normal    8.477404512127705e-01    5.242728792017041e-01   -8.046163999772576e-02
  outer loop
    vertex    4.254551976919174e-02    5.296660661697389e-01    1.405817823592028e-19
    vertex    4.209558665752411e-02    5.303936004638673e-01   -2.593373295350784e-23
    vertex    4.254738986492157e-02    5.296651721000672e-01    1.387766042171279e-05
  endloop
endfacet
facet normal    2.866995157127706e-01    9.464054214037508e-01   -1.487284976984970e-01
  outer loop
    vertex    3.462360054254532e-02    5.331351161003114e-01   -3.580942310254134e-22
    vertex    3.815649077296257e-02    5.322870016098024e-01    1.413432997651398e-03
    vertex    3.639461100101471e-02    5.325986146926881e-01   -2.906147366460489e-23
  endloop
endfacet
facet normal    2.867132859412976e-01    9.463983055814639e-01   -1.487472314272700e-01
  outer loop
    vertex    3.993663191795349e-02    5.315255522727967e-01    2.707793610637814e-20
    vertex    3.639461100101471e-02    5.325986146926881e-01   -2.906147366460489e-23
    vertex    3.815649077296257e-02    5.322870016098024e-01    1.413432997651398e-03
  endloop
endfacet
facet normal    2.866989950507839e-01    9.464058213598496e-01   -1.487269563094021e-01
  outer loop
    vertex    3.815649077296257e-02    5.322870016098024e-01    1.413432997651398e-03
    vertex    3.462360054254532e-02    5.331351161003114e-01   -3.580942310254134e-22
    vertex    3.194947913289070e-02    5.339639186859132e-01    1.191154005937278e-04
  endloop
endfacet
facet normal   -2.597583592993551e-01    9.550171874597736e-01    1.430656018424084e-01
  outer loop
    vertex    3.329612780362367e-03    5.299172401428224e-01   -2.949465352912306e-21
    vertex    2.583221765235066e-03    5.297142267227174e-01   -4.761150176038054e-23
    vertex    3.205938031896948e-03    5.297868251800538e-01    6.460181903094053e-04
  endloop
endfacet
facet normal   -2.618189125051221e-01   -9.650741764777451e-01    9.093456462613527e-03
  outer loop
    vertex    2.567381039261818e-02    5.199267864227296e-01    7.489771815016866e-04
    vertex    2.457871288061142e-02    5.202168226242067e-01   -3.554405977015017e-23
    vertex    2.567679807543754e-02    5.199189186096193e-01   -5.424505023878425e-20
  endloop
endfacet
facet normal   -2.617208583599887e-01   -9.651022134625251e-01    8.939232016532940e-03
  outer loop
    vertex    2.457871288061142e-02    5.202168226242067e-01   -3.554405977015017e-23
    vertex    2.567381039261818e-02    5.199267864227296e-01    7.489771815016866e-04
    vertex    2.430419065058231e-02    5.202912688255311e-01    1.351683248447242e-20
  endloop
endfacet
facet normal   -6.680475001469727e-01   -7.425690803398455e-01   -4.799685896615022e-02
  outer loop
    vertex    2.375391125679016e-02    5.205719470977784e-01   -1.358852372884249e-20
    vertex    2.394850924611091e-02    5.203889012336732e-01    1.234142982866615e-04
    vertex    2.299329079687595e-02    5.212094783782960e-01    7.233719225041568e-04
  endloop
endfacet
facet normal   -6.680507941623077e-01   -7.425657004416611e-01   -4.800330141453885e-02
  outer loop
    vertex    2.292939275503158e-02    5.213137269020082e-01   -3.644893044729313e-23
    vertex    2.375391125679016e-02    5.205719470977784e-01   -1.358852372884249e-20
    vertex    2.299329079687595e-02    5.212094783782960e-01    7.233719225041568e-04
  endloop
endfacet
facet normal   -2.573150559637710e-01    6.611791455784900e-02    9.640629561127647e-01
  outer loop
    vertex    2.462017908692360e-02    5.294011831283570e-01   -1.024472992867231e-02
    vertex    2.311955019831657e-02    5.331184864044191e-01   -1.090020034462214e-02
    vertex    2.418244071304798e-02    5.277950167655946e-01   -1.025141030550003e-02
  endloop
endfacet
facet normal   -1.888447526851071e-01   -9.804976125895808e-01    5.442509613618443e-02
  outer loop
    vertex    2.917383983731269e-02    5.192419886589051e-01   -2.530122874304652e-04
    vertex    3.053261525928974e-02    5.189943313598634e-01    2.707277675690651e-20
    vertex    2.992697805166244e-02    5.191109776496888e-01   -3.260982750597181e-23
  endloop
endfacet
facet normal   -1.014012918304292e-01    9.111643265532398e-01   -3.993711907885962e-01
  outer loop
    vertex    3.112665936350822e-02    5.394697189331056e-01   -1.302834972739220e-02
    vertex    2.962380088865757e-02    5.402426719665528e-01   -1.088328007608652e-02
    vertex    3.037857078015804e-02    5.401921868324281e-01   -1.119009964168072e-02
  endloop
endfacet
facet normal   -1.313405038550314e-01    5.066973502404416e-01   -8.520607180866993e-01
  outer loop
    vertex    2.582428976893425e-02    5.317239761352540e-01   -1.719301939010620e-02
    vertex    2.622101083397865e-02    5.345032215118409e-01   -1.560143008828163e-02
    vertex    2.745470032095909e-02    5.322867035865785e-01   -1.710969954729080e-02
  endloop
endfacet
facet normal    6.274671908807500e-01    7.705403420703049e-01    1.120379650404184e-01
  outer loop
    vertex    2.306107990443706e-02    5.367447733879090e-01   -1.752067916095257e-02
    vertex    2.310133911669254e-02    5.366163253784181e-01   -1.686275005340576e-02
    vertex    2.559120953083038e-02    5.344597101211549e-01   -1.597513072192669e-02
  endloop
endfacet
facet normal   -7.431872296069376e-01    6.084509067247654e-01   -2.783167904654258e-01
  outer loop
    vertex    1.573402062058448e-02    5.350602269172670e-01   -2.179750055074692e-02
    vertex    1.317976042628288e-02    5.313832759857179e-01   -2.301535941660404e-02
    vertex    1.455694995820522e-02    5.339689254760743e-01   -2.104016020894051e-02
  endloop
endfacet
facet normal    1.752750849159139e-01    7.084688553102184e-01   -6.836304013596439e-01
  outer loop
    vertex    2.366144955158233e-02    5.369188785552980e-01   -2.378343045711517e-02
    vertex    2.440652064979076e-02    5.347055196762086e-01   -2.588617987930775e-02
    vertex    2.299576066434383e-02    5.367156863212587e-01   -2.416468039155006e-02
  endloop
endfacet
facet normal    8.348325456259622e-03    9.999642729129342e-01   -1.326031592109683e-03
  outer loop
    vertex    1.776473969221115e-02    5.384156107902528e-01   -1.146532967686653e-02
    vertex    1.811967976391315e-02    5.384120941162110e-01   -1.188265997916460e-02
    vertex    1.734476909041404e-02    5.384181141853334e-01   -1.222153007984161e-02
  endloop
endfacet
facet normal   -6.003598375694823e-01    6.973836506688367e-01   -3.914385126853905e-01
  outer loop
    vertex    3.083848953247070e-02    5.337492823600770e-01   -1.022822034428827e-04
    vertex    2.899626083672046e-02    5.319939255714418e-01   -4.041354986838996e-04
    vertex    2.951378002762794e-02    5.326321125030519e-01   -6.088006921345368e-05
  endloop
endfacet
facet normal    8.256666969606216e-02   -9.947078745937520e-01    6.114727529891848e-02
  outer loop
    vertex    3.949100151658058e-02    5.175647139549256e-01   -2.219380112364888e-03
    vertex    4.022133350372314e-02    5.177617669105531e-01   -2.696200920604757e-23
    vertex    3.878948837518692e-02    5.176429152488710e-01    1.083924696825257e-19
  endloop
endfacet
facet normal    2.624399777936980e-01   -9.338287584757463e-01    2.430825125328626e-01
  outer loop
    vertex    2.147617936134338e-02    5.296257734298707e-01   -2.029146999120712e-02
    vertex    2.196265943348407e-02    5.294572710990907e-01   -2.146401070058346e-02
    vertex    2.340394072234630e-02    5.300133228302003e-01   -2.088393084704876e-02
  endloop
endfacet
facet normal   -5.437768033107153e-01   -8.274137167251228e-01   -1.403329239925475e-01
  outer loop
    vertex   -1.271300017833711e-02    5.183420777320863e-01   -4.062341060489416e-03
    vertex   -1.593112945556642e-02    5.203016996383668e-01   -3.146476112306118e-03
    vertex   -1.630637049674990e-02    5.206822752952577e-01   -3.936355933547020e-03
  endloop
endfacet
facet normal    1.743584393833093e-01   -9.559718450259803e-01   -2.360444155946921e-01
  outer loop
    vertex    1.993704959750175e-02    5.291211009025575e-01   -1.723988912999630e-02
    vertex    1.417456008493900e-02    5.264120101928712e-01   -1.052473019808531e-02
    vertex    1.292701996862888e-02    5.263540744781495e-01   -1.121161039918661e-02
  endloop
endfacet
facet normal   -5.391507744447311e-01    2.317968378888056e-01   -8.096830666133492e-01
  outer loop
    vertex    2.559147030115127e-02    5.332133769989015e-01   -9.423837997019291e-03
    vertex    2.451799064874649e-02    5.285047888755799e-01   -1.005700975656509e-02
    vertex    2.243269048631191e-02    5.258824229240419e-01   -9.419186040759087e-03
  endloop
endfacet
facet normal    6.537505052833523e-02    1.573997739952695e-01    9.853686690344156e-01
  outer loop
    vertex    2.253863960504532e-02    5.271636247634889e-01   -1.014554966241121e-02
    vertex    1.458634994924068e-02    5.266981124877931e-01   -9.543589316308498e-03
    vertex    2.020953036844730e-02    5.239971876144410e-01   -9.485226124525070e-03
  endloop
endfacet
facet normal    2.930787896008565e-01    6.582139401898923e-01    6.934401430734982e-01
  outer loop
    vertex    2.774661034345626e-02    5.375362038612367e-01   -1.003396976739168e-02
    vertex    3.010392934083938e-02    5.390247106552125e-01   -1.244316995143890e-02
    vertex    2.714600041508674e-02    5.382338166236879e-01   -1.044229976832867e-02
  endloop
endfacet
facet normal    9.831534540249077e-01   -1.777420127965338e-01   -4.262701873143670e-02
  outer loop
    vertex    4.186952859163284e-02    5.212501883506776e-01   -3.784467844525352e-05
    vertex    4.131092876195908e-02    5.189114212989808e-01   -3.169477917253971e-03
    vertex    4.150114953517914e-02    5.200362801551820e-01   -3.472536103799939e-03
  endloop
endfacet
facet normal    8.804271879380158e-01   -1.218149260863976e-01   -4.582674879610413e-01
  outer loop
    vertex    3.805138915777206e-02    5.211362242698671e-01   -1.291202008724213e-02
    vertex    4.010254144668579e-02    5.224220156669618e-01   -9.313113987445831e-03
    vertex    4.036895185709000e-02    5.195195078849794e-01   -8.029750548303127e-03
  endloop
endfacet
facet normal    9.227332877544058e-01   -2.128374361729801e-01   -3.213463947724598e-01
  outer loop
    vertex    3.096334077417850e-02    5.264441967010499e-01   -1.845059916377068e-02
    vertex    3.232968971133232e-02    5.307648777961732e-01   -1.738890074193478e-02
    vertex    3.133263066411018e-02    5.261949896812440e-01   -1.722514070570469e-02
  endloop
endfacet
facet normal   -8.041807631265375e-01    4.851193664576794e-01   -3.434421355991711e-01
  outer loop
    vertex    1.482561044394970e-02    5.345715880393983e-01   -2.015360072255135e-02
    vertex    1.358534954488277e-02    5.333076715469361e-01   -1.903479918837547e-02
    vertex    9.202728047966957e-03    5.312178134918214e-01   -1.172471977770329e-02
  endloop
endfacet
facet normal    1.767572128987040e-01    9.044950851390647e-01   -3.881308138341482e-01
  outer loop
    vertex    1.811967976391315e-02    5.384120941162110e-01   -1.188265997916460e-02
    vertex    1.588555052876472e-02    5.354204177856446e-01   -1.987186074256897e-02
    vertex    1.734476909041404e-02    5.384181141853334e-01   -1.222153007984161e-02
  endloop
endfacet
facet normal    4.278594533394642e-01    4.432754484112342e-01   -7.876821472039811e-01
  outer loop
    vertex    2.504749968647957e-02    5.316988229751588e-01   -2.301740087568760e-02
    vertex    2.439882047474384e-02    5.326542854309083e-01   -2.283206023275852e-02
    vertex    2.905439026653766e-02    5.296249985694886e-01   -2.200797013938427e-02
  endloop
endfacet
facet normal    6.224871390366750e-01    6.362597620801391e-02   -7.800394200843395e-01
  outer loop
    vertex    3.711232915520668e-02    5.299056768417360e-01   -1.263184007257223e-02
    vertex    3.595634177327156e-02    5.322257280349733e-01   -1.336510013788939e-02
    vertex    3.867483884096146e-02    5.314406752586366e-01   -1.125971972942352e-02
  endloop
endfacet
facet normal    3.631171049136116e-01    9.317208245579948e-01   -6.501784687883074e-03
  outer loop
    vertex    3.886887058615685e-02    5.321171879768373e-01   -2.539078006520867e-03
    vertex    3.908890113234520e-02    5.320008993148805e-01   -6.915063131600618e-03
    vertex    3.227841109037399e-02    5.346726775169374e-01   -4.400989972054958e-03
  endloop
endfacet
facet normal   -2.085286919912193e-01   -9.583341195224746e-01   -1.952216688165398e-01
  outer loop
    vertex    3.687318041920662e-02    5.179541707038881e-01   -7.592163048684597e-03
    vertex    3.338202089071274e-02    5.197166800498964e-01   -1.251510996371508e-02
    vertex    3.498201817274094e-02    5.195599198341371e-01   -1.345464028418064e-02
  endloop
endfacet
facet normal    7.812344679512588e-01   -3.145627090185719e-01   -5.391873590690074e-01
  outer loop
    vertex    3.065053932368755e-02    5.279958248138429e-01   -2.113655023276806e-02
    vertex    2.840862981975078e-02    5.266457796096803e-01   -2.359725907444954e-02
    vertex    3.065112978219986e-02    5.290244221687318e-01   -2.173577994108200e-02
  endloop
endfacet
facet normal    6.804176150314000e-01    7.019838845829474e-01    2.103580161078178e-01
  outer loop
    vertex    3.522872924804688e-02    5.358027219772340e-01   -1.223022956401110e-02
    vertex    3.277315944433212e-02    5.382661223411561e-01   -1.250811014324427e-02
    vertex    3.037857078015804e-02    5.401921868324281e-01   -1.119009964168072e-02
  endloop
endfacet
facet normal    2.687179618590037e-01   -8.073130655958714e-02   -9.598297313146352e-01
  outer loop
    vertex    3.415102139115334e-02    5.214723944664003e-01   -1.512903999537230e-02
    vertex    3.343123942613602e-02    5.207663774490358e-01   -1.527117006480694e-02
    vertex    3.103386983275413e-02    5.247926712036134e-01   -1.628099940717220e-02
  endloop
endfacet
facet normal    6.372641800162452e-01    5.853768981544188e-01    5.012267470669675e-01
  outer loop
    vertex    3.037857078015804e-02    5.401921868324281e-01   -1.119009964168072e-02
    vertex    3.280609101057053e-02    5.358359217643739e-01   -9.188839234411716e-03
    vertex    3.522872924804688e-02    5.358027219772340e-01   -1.223022956401110e-02
  endloop
endfacet
facet normal   -3.969768192038178e-01    7.389457804452422e-01   -5.443974086795337e-01
  outer loop
    vertex    3.101024031639099e-02    5.387833714485170e-01   -1.387508027255535e-02
    vertex    2.962380088865757e-02    5.402426719665528e-01   -1.088328007608652e-02
    vertex    3.112665936350822e-02    5.394697189331056e-01   -1.302834972739220e-02
  endloop
endfacet
facet normal   -8.274557486898374e-01    4.852367083722220e-01   -2.825992229434323e-01
  outer loop
    vertex    2.708023041486740e-02    5.367575287818910e-01   -9.419820271432400e-03
    vertex    2.962380088865757e-02    5.402426719665528e-01   -1.088328007608652e-02
    vertex    2.774661034345626e-02    5.375362038612367e-01   -1.003396976739168e-02
  endloop
endfacet
facet normal    1.070287143516369e-01    3.924501290115555e-01   -9.135249041723215e-01
  outer loop
    vertex    2.897631004452705e-02    5.323197841644288e-01   -1.748643070459366e-02
    vertex    3.036068007349968e-02    5.379108190536500e-01   -1.492233015596867e-02
    vertex    2.969619072973728e-02    5.333905220031739e-01   -1.694210059940815e-02
  endloop
endfacet
facet normal    9.348908593251914e-01   -2.369045282053761e-01    2.643015808995344e-01
  outer loop
    vertex    2.528610080480575e-02    5.384531021118165e-01   -2.164554037153721e-02
    vertex    2.384692989289760e-02    5.347645282745362e-01   -1.986110955476761e-02
    vertex    2.399099990725517e-02    5.345389842987062e-01   -2.057288028299809e-02
  endloop
endfacet
facet normal   -8.883973045005904e-01    3.828655010506116e-01    2.533066076148610e-01
  outer loop
    vertex    2.198950015008449e-02    5.249416828155519e-01   -9.062166325747967e-03
    vertex    2.295519039034843e-02    5.259966254234315e-01   -7.269810885190964e-03
    vertex    2.582998946309089e-02    5.332660079002381e-01   -8.174769580364227e-03
  endloop
endfacet
facet normal    1.840598904419166e-01    3.372012267411753e-01    9.232644742514228e-01
  outer loop
    vertex    2.060740068554878e-02    5.337224006652833e-01   -1.142157986760139e-02
    vertex    2.166407927870750e-02    5.325676202774049e-01   -1.121047977358103e-02
    vertex    2.136906050145626e-02    5.336636900901796e-01   -1.155197992920876e-02
  endloop
endfacet
facet normal   -2.169223310662376e-01    6.905655547859831e-01   -6.899738522784158e-01
  outer loop
    vertex    1.411473029293119e-03    5.290983915328981e-01   -7.708765915594995e-04
    vertex    3.205938031896948e-03    5.297868251800538e-01   -6.460181903094053e-04
    vertex    1.832469948567449e-03    5.285828113555909e-01   -1.419257023371756e-03
  endloop
endfacet
facet normal   -6.521180139243427e-01    7.367027427890267e-01   -1.789166417147823e-01
  outer loop
    vertex    9.793044999241829e-03    5.343772172927858e-01   -3.768638940528035e-03
    vertex    1.243640016764402e-02    5.366712212562562e-01   -3.957444801926613e-03
    vertex    1.230662036687136e-02    5.362967252731324e-01   -5.026436876505613e-03
  endloop
endfacet
facet normal   -6.095086068070158e-01    7.740494528619934e-01   -1.713087935636088e-01
  outer loop
    vertex    1.501999981701374e-02    5.370085835456849e-01   -1.099930983036757e-02
    vertex    1.669537089765072e-02    5.379933118820192e-01   -1.251075975596905e-02
    vertex    1.505502965301275e-02    5.352507233619691e-01   -1.906673982739449e-02
  endloop
endfacet
facet normal   -8.638059287215213e-01    4.739916613807855e-01   -1.707958502043680e-01
  outer loop
    vertex    1.167809031903744e-02    5.299018025398256e-01   -2.207596972584724e-02
    vertex    8.635107427835464e-03    5.249969959259034e-01   -2.029776945710182e-02
    vertex    7.956303656101227e-03    5.250933766365052e-01   -1.659722067415714e-02
  endloop
endfacet
facet normal   -3.948648137777621e-01   -2.302917217892851e-01   -8.894085122796946e-01
  outer loop
    vertex    2.287212945520877e-02    5.273308753967286e-01   -2.764008939266205e-02
    vertex    2.081869915127754e-02    5.273981094360353e-01   -2.674585022032261e-02
    vertex    2.160421013832092e-02    5.279244780540467e-01   -2.723087929189205e-02
  endloop
endfacet
facet normal   -3.913725129694489e-01    8.828858389252944e-01    2.594998102449360e-01
  outer loop
    vertex    1.686012931168079e-02    5.356233119964601e-01   -2.029291912913322e-02
    vertex    2.020438015460968e-02    5.356985926628114e-01   -1.550531014800072e-02
    vertex    2.178270928561687e-02    5.372077822685243e-01   -1.825956068933010e-02
  endloop
endfacet
facet normal   -3.690342356725821e-01    8.969035221006654e-01    2.436756141778946e-01
  outer loop
    vertex    2.036622911691665e-02    5.353913903236390e-01   -1.412947010248899e-02
    vertex    2.020438015460968e-02    5.356985926628114e-01   -1.550531014800072e-02
    vertex    1.686012931168079e-02    5.356233119964601e-01   -2.029291912913322e-02
  endloop
endfacet
facet normal   -4.181375587510643e-01   -5.299519951811598e-01   -7.377749418116668e-01
  outer loop
    vertex    2.965423092246055e-02    5.255565047264100e-01   -1.662584953010082e-02
    vertex    2.826136909425258e-02    5.233728289604188e-01   -1.426787953823805e-02
    vertex    2.205299027264118e-02    5.231813788414003e-01   -1.061172969639301e-02
  endloop
endfacet
facet normal   -3.590142593555403e-01   -3.780320701066780e-02   -9.325661794849208e-01
  outer loop
    vertex   -1.570365019142629e-02    5.232632160186769e-01   -4.273010883480310e-03
    vertex   -1.335843000561000e-02    5.190979838371278e-01   -5.007016006857157e-03
    vertex   -1.630637049674990e-02    5.206822752952577e-01   -3.936355933547020e-03
  endloop
endfacet
facet normal   -2.149513996114256e-01   -9.766235724900497e-01    1.514417994413123e-03
  outer loop
    vertex    3.418774157762527e-02    5.185204744338990e-01   -6.579244975000620e-03
    vertex    3.664559125900269e-02    5.179855227470399e-01   -2.701978897675872e-03
    vertex    2.562483027577400e-02    5.204097032546998e-01   -3.637104062363505e-03
  endloop
endfacet
facet normal    5.123209103114648e-01    6.280067755950635e-01   -5.857770690837291e-01
  outer loop
    vertex    2.935970947146415e-02    5.299499034881593e-01   -2.139260992407799e-02
    vertex    2.905439026653766e-02    5.296249985694886e-01   -2.200797013938427e-02
    vertex    2.439882047474384e-02    5.326542854309083e-01   -2.283206023275852e-02
  endloop
endfacet
facet normal    1.597276118523908e-02   -9.460012863950399e-01   -3.237691106931743e-01
  outer loop
    vertex    1.450140960514545e-02    5.261309742927552e-01   -9.687463752925396e-03
    vertex    1.269636023789644e-02    5.260959267616273e-01   -9.674110449850559e-03
    vertex    1.417456008493900e-02    5.264120101928712e-01   -1.052473019808531e-02
  endloop
endfacet
facet normal    3.213574922297011e-01   -9.094086115883013e-01    2.640176875833805e-01
  outer loop
    vertex    1.111757010221481e-02    5.257881879806520e-01   -2.090171910822392e-02
    vertex    2.196265943348407e-02    5.294572710990907e-01   -2.146401070058346e-02
    vertex    2.147617936134338e-02    5.296257734298707e-01   -2.029146999120712e-02
  endloop
endfacet
facet normal   -2.073976817785163e-01   -8.573411633333301e-01   -4.711181712130719e-01
  outer loop
    vertex    3.045218996703624e-02    5.261631011962892e-01   -1.771404035389423e-02
    vertex    3.065053932368755e-02    5.279958248138429e-01   -2.113655023276806e-02
    vertex    3.096334077417850e-02    5.264441967010499e-01   -1.845059916377068e-02
  endloop
endfacet
facet normal   -1.733581532101671e-01    9.457678009016171e-01    2.747184331152159e-01
  outer loop
    vertex    2.178270928561687e-02    5.372077822685243e-01   -1.825956068933010e-02
    vertex    2.243106998503208e-02    5.371869206428529e-01   -1.777859963476658e-02
    vertex    2.502650953829288e-02    5.388805270195008e-01   -2.197132073342800e-02
  endloop
endfacet
facet normal    6.555862655659703e-01   -6.388398225209367e-01    4.026044331135503e-01
  outer loop
    vertex    1.289772987365723e-02    5.266696214675904e-01   -9.091692976653576e-03
    vertex    1.130170002579689e-02    5.255535840988160e-01   -8.263668976724148e-03
    vertex    1.269636023789644e-02    5.260959267616273e-01   -9.674110449850559e-03
  endloop
endfacet
facet normal    9.460859836355111e-01   -3.234383554892831e-01   -1.757673936814153e-02
  outer loop
    vertex    1.108937989920378e-02    5.345633029937745e-01   -4.285388058633544e-05
    vertex    1.108422596007586e-02    5.345458984375001e-01    5.416716104997260e-20
    vertex    1.099870353937149e-02    5.342957377433778e-01   -4.299449468483318e-23
  endloop
endfacet
facet normal   -1.358898082601747e-01    3.489323830713795e-01   -9.272433079052881e-01
  outer loop
    vertex   -7.646198850125089e-03    5.203552246093751e-01   -5.133396014571190e-03
    vertex   -1.130400039255620e-02    5.192574858665467e-01   -5.010427907109261e-03
    vertex   -5.009158048778787e-03    5.247902274131776e-01   -3.850918030366302e-03
  endloop
endfacet
facet normal   -4.015213253299044e-01   -1.201755300388269e-01   -9.079308714242533e-01
  outer loop
    vertex    2.160421013832092e-02    5.279244780540467e-01   -2.723087929189205e-02
    vertex    9.887783788144588e-03    5.258694887161256e-01   -2.177743054926395e-02
    vertex    1.092545967549086e-02    5.264484286308290e-01   -2.231295965611935e-02
  endloop
endfacet
facet normal   -1.462222916821402e-01   -9.892516500674491e-01   -4.628758501061999e-04
  outer loop
    vertex    3.687318041920662e-02    5.179541707038881e-01   -7.592163048684597e-03
    vertex    3.949100151658058e-02    5.175647139549256e-01   -2.219380112364888e-03
    vertex    3.664559125900269e-02    5.179855227470399e-01   -2.701978897675872e-03
  endloop
endfacet
facet normal    1.964289156385623e-01   -9.633766102465697e-01    1.825409212502426e-01
  outer loop
    vertex    1.719477958977222e-02    5.271288156509401e-01   -2.331878989934921e-02
    vertex    2.056285925209522e-02    5.272895097732545e-01   -2.609504014253616e-02
    vertex    2.197417989373207e-02    5.275244116783143e-01   -2.637401968240738e-02
  endloop
endfacet
facet normal    3.513678815418804e-01   -9.359462503184127e-01    2.335012496056783e-02
  outer loop
    vertex    1.827903091907501e-02    5.286340117454530e-01   -1.730168052017689e-02
    vertex    8.753433823585510e-03    5.250291824340821e-01   -1.845531910657883e-02
    vertex    2.112602069973945e-02    5.296515226364137e-01   -1.935756951570511e-02
  endloop
endfacet
facet normal   -8.888848328487696e-01    3.855051532470841e-01    2.475268283466603e-01
  outer loop
    vertex    2.733829990029335e-02    5.338100194931031e-01   -3.605588106438518e-03
    vertex    2.643374912440776e-02    5.354778766632081e-01   -9.451455436646938e-03
    vertex    2.582998946309089e-02    5.332660079002381e-01   -8.174769580364227e-03
  endloop
endfacet
facet normal    8.528859435831504e-01    3.968515322581617e-01    3.392556979368638e-01
  outer loop
    vertex    2.491340972483158e-02    5.347033143043519e-01   -2.571976929903030e-02
    vertex    2.500079944729805e-02    5.338953733444215e-01   -2.499436028301716e-02
    vertex    2.634493075311184e-02    5.294036269187928e-01   -2.311917953193188e-02
  endloop
endfacet
facet normal    6.345755528459289e-01    1.849827038143746e-01   -7.503967397449212e-01
  outer loop
    vertex    3.867483884096146e-02    5.314406752586366e-01   -1.125971972942352e-02
    vertex    3.595634177327156e-02    5.322257280349733e-01   -1.336510013788939e-02
    vertex    3.674682974815369e-02    5.332993865013124e-01   -1.243195030838251e-02
  endloop
endfacet
facet normal   -9.444834759416525e-02    7.829788727913227e-01   -6.148362338047111e-01
  outer loop
    vertex    3.082440607249736e-02    5.338279008865358e-01    1.352040968676886e-20
    vertex    3.083848953247070e-02    5.337492823600770e-01   -1.022822034428827e-04
    vertex    3.073991090059280e-02    5.338177084922792e-01    1.352036332996873e-20
  endloop
endfacet
facet normal    2.926719398922280e-01   -9.562125070414202e-01    8.814631484283854e-04
  outer loop
    vertex   -7.960880175232901e-03    5.195032358169557e-01   -5.339633910742471e-23
    vertex   -7.904946804046645e-03    5.195168852806092e-01   -3.764582099393010e-03
    vertex   -5.339300725609079e-03    5.203056335449220e-01    4.336289109388662e-19
  endloop
endfacet
facet normal    1.463822584803809e-01   -1.987818204000791e-01   -9.690500618031113e-01
  outer loop
    vertex    3.415102139115334e-02    5.214723944664003e-01   -1.512903999537230e-02
    vertex    3.103386983275413e-02    5.247926712036134e-01   -1.628099940717220e-02
    vertex    3.196211904287338e-02    5.259150266647340e-01   -1.637100987136364e-02
  endloop
endfacet
facet normal    2.976830808267676e-01    7.329513313212008e-01    6.116920216121536e-01
  outer loop
    vertex    2.962380088865757e-02    5.402426719665528e-01   -1.088328007608652e-02
    vertex    2.926255948841571e-02    5.369001030921937e-01   -6.702294107526541e-03
    vertex    3.037857078015804e-02    5.401921868324281e-01   -1.119009964168072e-02
  endloop
endfacet
facet normal   -3.425990377112761e-01    4.418176463172819e-01   -8.291098038028286e-01
  outer loop
    vertex    2.692943997681141e-02    5.351899266242982e-01   -1.534557994455099e-02
    vertex    2.969555929303169e-02    5.384436249732972e-01   -1.475473958998919e-02
    vertex    2.745470032095909e-02    5.322867035865785e-01   -1.710969954729080e-02
  endloop
endfacet
facet normal    9.355791432067629e-01    1.010318628650969e-01    3.383551824377862e-01
  outer loop
    vertex    2.384692989289760e-02    5.347645282745362e-01   -1.986110955476761e-02
    vertex    2.309596911072731e-02    5.368002057075502e-01   -1.839249022305012e-02
    vertex    2.390198037028312e-02    5.333865880966188e-01   -1.960187964141369e-02
  endloop
endfacet
facet normal   -5.843941241742990e-01    7.844025155734617e-01   -2.078369581969941e-01
  outer loop
    vertex    2.622101083397865e-02    5.345032215118409e-01   -1.560143008828163e-02
    vertex    2.444515936076641e-02    5.340479016304017e-01   -1.232654042541981e-02
    vertex    2.547463960945606e-02    5.347967147827150e-01   -1.239510998129845e-02
  endloop
endfacet
facet normal   -9.947193424732143e-01    1.007584063205464e-01   -1.952365911912652e-02
  outer loop
    vertex    2.289449051022529e-02    5.220754742622377e-01   -3.919021226465702e-03
    vertex    2.282590046525001e-02    5.221362113952638e-01   -1.109430013457313e-04
    vertex    2.306747063994407e-02    5.237557291984559e-01   -4.060740116983652e-03
  endloop
endfacet
facet normal   -6.659064961823395e-01    5.086634561705844e-02    7.442991019917502e-01
  outer loop
    vertex    2.149656973779201e-02    5.242642164230348e-01   -9.456880390644073e-03
    vertex    2.168833091855049e-02    5.237014889717103e-01   -9.246858768165112e-03
    vertex    2.198950015008449e-02    5.249416828155519e-01   -9.062166325747967e-03
  endloop
endfacet
facet normal   -7.267971399878740e-01    4.328691178151410e-01   -5.332825181340454e-01
  outer loop
    vertex    2.418244071304798e-02    5.277950167655946e-01   -1.025141030550003e-02
    vertex    2.149656973779201e-02    5.242642164230348e-01   -9.456880390644073e-03
    vertex    2.243269048631191e-02    5.258824229240419e-01   -9.419186040759087e-03
  endloop
endfacet
facet normal   -5.965461788102649e-01    4.319450013224802e-01   -6.764289854666148e-01
  outer loop
    vertex    1.647775992751121e-02    5.379577279090882e-01   -9.828925132751465e-03
    vertex    1.682599075138569e-02    5.374165177345277e-01   -1.048163045197725e-02
    vertex    1.615660078823566e-02    5.384250879287721e-01   -9.247252717614174e-03
  endloop
endfacet
facet normal   -3.908639368135509e-01   -4.831472614286145e-01   -7.834501303035455e-01
  outer loop
    vertex    1.597960945218801e-03    5.216568112373353e-01   -6.600777152925730e-03
    vertex    9.866108885034910e-04    5.211889147758485e-01   -6.007226184010506e-03
    vertex    6.274962797760954e-04    5.217978954315187e-01   -6.203616969287395e-03
  endloop
endfacet
facet normal   -4.889863509196613e-01   -4.056210680337132e-01   -7.722460085888846e-01
  outer loop
    vertex    6.230947095900773e-03    5.244420170783998e-01   -1.099731028079987e-02
    vertex    1.597960945218801e-03    5.216568112373353e-01   -6.600777152925730e-03
    vertex    1.753002987243234e-03    5.222504734992982e-01   -7.010770030319691e-03
  endloop
endfacet
facet normal   -7.347426541105692e-01    6.434554539004560e-01   -2.147517428947078e-01
  outer loop
    vertex    1.573402062058448e-02    5.350602269172670e-01   -2.179750055074692e-02
    vertex    1.455694995820522e-02    5.339689254760743e-01   -2.104016020894051e-02
    vertex    1.482561044394970e-02    5.345715880393983e-01   -2.015360072255135e-02
  endloop
endfacet
facet normal   -2.573359435477106e-01    1.992324184684861e-01   -9.455604981118910e-01
  outer loop
    vertex    2.044722065329551e-02    5.329126119613649e-01   -2.587269991636276e-02
    vertex    2.107332088053226e-02    5.315824151039125e-01   -2.632337063550949e-02
    vertex    1.985462009906768e-02    5.315788984298707e-01   -2.599244005978107e-02
  endloop
endfacet
facet normal    2.949351083228469e-02    9.993479816458793e-01    2.082653113442574e-02
  outer loop
    vertex    1.686012931168079e-02    5.356233119964601e-01   -2.029291912913322e-02
    vertex    1.979129016399383e-02    5.354046821594239e-01   -1.395307015627623e-02
    vertex    2.036622911691665e-02    5.353913903236390e-01   -1.412947010248899e-02
  endloop
endfacet
facet normal   -3.098748925704813e-01   -9.132217991086425e-01   -2.645817389526471e-01
  outer loop
    vertex    2.378424070775509e-02    5.219684839248658e-01   -1.050963997840881e-02
    vertex    3.099909052252769e-02    5.205839872360231e-01   -1.418089959770441e-02
    vertex    3.224216029047966e-02    5.201662182807923e-01   -1.419480983167887e-02
  endloop
endfacet
facet normal   -1.743611406295244e-01   -6.491896875971181e-01   -7.403721646279845e-01
  outer loop
    vertex    2.976638078689575e-02    5.245093703269960e-01   -1.573408953845501e-02
    vertex    2.965423092246055e-02    5.255565047264100e-01   -1.662584953010082e-02
    vertex    3.103386983275413e-02    5.247926712036134e-01   -1.628099940717220e-02
  endloop
endfacet
facet normal    5.126000259215494e-01    8.359370539008359e-01   -1.960878765778693e-01
  outer loop
    vertex    2.928318083286285e-02    5.305756926536561e-01   -1.892488077282906e-02
    vertex    2.935970947146415e-02    5.299499034881593e-01   -2.139260992407799e-02
    vertex    2.439882047474384e-02    5.326542854309083e-01   -2.283206023275852e-02
  endloop
endfacet
facet normal    4.347539374304936e-02    9.601364604621702e-01   -2.761301639264758e-01
  outer loop
    vertex    2.582428976893425e-02    5.317239761352540e-01   -1.719301939010620e-02
    vertex    2.927595935761928e-02    5.313205122947694e-01   -1.805246062576771e-02
    vertex    2.825576066970825e-02    5.312207937240602e-01   -1.855981908738613e-02
  endloop
endfacet
facet normal    8.002055772239177e-01    2.225831813466519e-02   -5.993126074542006e-01
  outer loop
    vertex    3.805138915777206e-02    5.211362242698671e-01   -1.291202008724213e-02
    vertex    3.927436098456383e-02    5.292798280715943e-01   -1.097664982080460e-02
    vertex    4.131542891263962e-02    5.287550091743470e-01   -8.270896039903164e-03
  endloop
endfacet
facet normal    5.577227599640918e-01    7.707203146134139e-01    3.081160814696893e-01
  outer loop
    vertex    2.559120953083038e-02    5.344597101211549e-01   -1.597513072192669e-02
    vertex    2.310133911669254e-02    5.366163253784181e-01   -1.686275005340576e-02
    vertex    2.524109929800033e-02    5.344020128250123e-01   -1.519707031548023e-02
  endloop
endfacet
facet normal    1.171381284817978e-01   -9.931143372834524e-01    1.603726233078642e-03
  outer loop
    vertex    1.644138013944029e-03    5.212147235870362e-01   -2.301594009622931e-03
    vertex    3.244360210373997e-03    5.214071869850160e-01   -4.724877970014925e-23
    vertex    1.388762844726442e-03    5.211883187294007e-01    2.167921676763192e-19
  endloop
endfacet
facet normal    8.983738922856338e-01    3.245793884934745e-01    2.959266297999600e-01
  outer loop
    vertex    2.481045015156269e-02    5.348432064056398e-01   -2.499491907656193e-02
    vertex    2.366144955158233e-02    5.369188785552980e-01   -2.378343045711517e-02
    vertex    2.393505908548832e-02    5.336002111434938e-01   -2.097406052052975e-02
  endloop
endfacet
facet normal   -6.502552825326628e-01    6.877113838081603e-01   -3.228329600877703e-01
  outer loop
    vertex    9.793044999241829e-03    5.343772172927858e-01   -3.768638940528035e-03
    vertex    2.601420972496270e-03    5.271081924438478e-01   -4.767916165292263e-03
    vertex    4.616416059434413e-03    5.306528806686402e-01   -1.275517977774143e-03
  endloop
endfacet
facet normal    4.679944058253601e-01    4.361569287572032e-01   -7.686015675323933e-01
  outer loop
    vertex    3.614683821797371e-02    5.346853733062745e-01   -1.268497016280890e-02
    vertex    3.312148153781891e-02    5.326011180877687e-01   -1.570983044803143e-02
    vertex    3.306604176759720e-02    5.372841954231263e-01   -1.308608986437321e-02
  endloop
endfacet
facet normal    5.507669501958469e-01    8.342039172931056e-01   -2.756067750987060e-02
  outer loop
    vertex    4.201764985918999e-02    5.305433273315431e-01   -1.557076029712334e-04
    vertex    4.104888066649437e-02    5.309637784957887e-01   -6.789218168705702e-03
    vertex    4.091019928455353e-02    5.312393903732301e-01   -1.218404970131814e-03
  endloop
endfacet
facet normal    6.202427233921370e-01    6.146464134456849e-01    4.873486949992387e-01
  outer loop
    vertex    3.280609101057053e-02    5.358359217643739e-01   -9.188839234411716e-03
    vertex    3.624932840466499e-02    5.341917276382447e-01   -1.149734016507864e-02
    vertex    3.522872924804688e-02    5.358027219772340e-01   -1.223022956401110e-02
  endloop
endfacet
facet normal   -7.108013884202883e-01    6.521460962195788e-01   -2.635656567258993e-01
  outer loop
    vertex    2.692943997681141e-02    5.351899266242982e-01   -1.534557994455099e-02
    vertex    2.547463960945606e-02    5.347967147827150e-01   -1.239510998129845e-02
    vertex    2.969555929303169e-02    5.384436249732972e-01   -1.475473958998919e-02
  endloop
endfacet
facet normal    2.318707567178136e-01    9.555367194339149e-01    1.821689600139941e-01
  outer loop
    vertex    2.149762026965618e-02    5.349575877189637e-01   -1.334641966968775e-02
    vertex    2.444515936076641e-02    5.340479016304017e-01   -1.232654042541981e-02
    vertex    2.524109929800033e-02    5.344020128250123e-01   -1.519707031548023e-02
  endloop
endfacet
facet normal   -6.499456908849673e-01    7.062045776746266e-01    2.807947531052965e-01
  outer loop
    vertex    2.750826999545097e-02    5.368831157684327e-01   -8.594394661486149e-03
    vertex    2.832590043544769e-02    5.352500081062318e-01   -2.594555029645562e-03
    vertex    2.860550023615360e-02    5.356637239456178e-01   -2.987879095599055e-03
  endloop
endfacet
facet normal    3.554103230011063e-01    2.584558184050280e-02    9.343529890804519e-01
  outer loop
    vertex    1.710294000804424e-02    5.367606878280641e-01   -1.089853979647160e-02
    vertex    1.374791003763676e-02    5.278189182281495e-01   -9.375006891787052e-03
    vertex    1.747534982860088e-02    5.353674888610841e-01   -1.100165955722332e-02
  endloop
endfacet
facet normal    7.900594438654722e-01   -1.932695254785715e-01    5.817671060486906e-01
  outer loop
    vertex    1.481452025473118e-02    5.330250263214112e-01   -9.208887815475464e-03
    vertex    1.682599075138569e-02    5.374165177345277e-01   -1.048163045197725e-02
    vertex    1.647775992751121e-02    5.379577279090882e-01   -9.828925132751465e-03
  endloop
endfacet
facet normal    8.044265975149738e-01   -4.027244890488227e-01    4.367045169572291e-01
  outer loop
    vertex    1.322930026799440e-02    5.281726717948915e-01   -8.796240203082561e-03
    vertex    7.209230214357375e-03    5.232344269752504e-01   -2.261037938296795e-03
    vertex    1.181470975279808e-02    5.262954235076905e-01   -7.921689189970493e-03
  endloop
endfacet
facet normal   -2.613153356074148e-01    7.254282033106412e-01   -6.367638629962281e-01
  outer loop
    vertex   -1.579475961625578e-02    5.237922072410585e-01   -3.995779901742935e-03
    vertex   -1.467593014240266e-02    5.276144146919252e-01   -1.005058002192527e-04
    vertex   -1.471143029630186e-02    5.247266888618470e-01   -3.375756088644266e-03
  endloop
endfacet
facet normal   -6.821007562782909e-01    6.955673474673338e-02   -7.279425931596227e-01
  outer loop
    vertex    6.230947095900773e-03    5.244420170783998e-01   -1.099731028079987e-02
    vertex    1.753002987243234e-03    5.222504734992982e-01   -7.010770030319691e-03
    vertex    6.056608166545629e-03    5.252426266670228e-01   -1.075745001435280e-02
  endloop
endfacet
facet normal   -3.660916675943749e-01   -2.733413026243817e-01   -8.895287646825009e-01
  outer loop
    vertex    2.081869915127754e-02    5.273981094360353e-01   -2.674585022032261e-02
    vertex    9.887783788144588e-03    5.258694887161256e-01   -2.177743054926395e-02
    vertex    2.160421013832092e-02    5.279244780540467e-01   -2.723087929189205e-02
  endloop
endfacet
facet normal   -4.698285579911810e-02    1.874895912466674e-01   -9.811423262886567e-01
  outer loop
    vertex    2.436318993568420e-02    5.294439196586610e-01   -2.688956074416637e-02
    vertex    2.107332088053226e-02    5.315824151039125e-01   -2.632337063550949e-02
    vertex    2.440652064979076e-02    5.347055196762086e-01   -2.588617987930775e-02
  endloop
endfacet
facet normal   -8.050345203371754e-01    5.705292024159513e-01   -1.625295365652420e-01
  outer loop
    vertex    7.956303656101227e-03    5.250933766365052e-01   -1.659722067415714e-02
    vertex    8.635107427835464e-03    5.249969959259034e-01   -2.029776945710182e-02
    vertex    6.924426183104514e-03    5.245162248611451e-01   -1.351215038448572e-02
  endloop
endfacet
facet normal   -9.910167805391011e-01    1.337039117607887e-01    3.000778195437022e-03
  outer loop
    vertex   -1.608522422611715e-02    5.237476825714112e-01   -2.168982881156584e-19
    vertex   -1.609696075320246e-02    5.237234830856324e-01   -2.797784050926566e-03
    vertex   -1.627524755895140e-02    5.223392248153688e-01   -5.795787153968018e-23
  endloop
endfacet
facet normal    9.989688755571072e-01    3.454432373507071e-02    2.945972447012078e-02
  outer loop
    vertex    2.390198037028312e-02    5.333865880966188e-01   -1.960187964141369e-02
    vertex    2.402924001216888e-02    5.330659151077272e-01   -2.354118973016739e-02
    vertex    2.393505908548832e-02    5.336002111434938e-01   -2.097406052052975e-02
  endloop
endfacet
facet normal   -2.509799195581212e-01    4.843991079718933e-01   -8.380731377240492e-01
  outer loop
    vertex   -3.126810071989895e-03    5.256335735321046e-01   -3.681059926748276e-03
    vertex    7.622807752341022e-04    5.252578258514405e-01   -5.062914919108152e-03
    vertex   -3.032776992768050e-03    5.246124863624574e-01   -4.299399908632040e-03
  endloop
endfacet
facet normal    2.837069007390987e-01   -9.555634385716741e-01   -8.005566399758121e-02
  outer loop
    vertex    2.112602069973945e-02    5.296515226364137e-01   -1.935756951570511e-02
    vertex    1.993704959750175e-02    5.291211009025575e-01   -1.723988912999630e-02
    vertex    1.827903091907501e-02    5.286340117454530e-01   -1.730168052017689e-02
  endloop
endfacet
facet normal    8.243163296846739e-01   -5.195967041591079e-01   -2.247706689988278e-01
  outer loop
    vertex    4.036895185709000e-02    5.195195078849794e-01   -8.029750548303127e-03
    vertex    4.131092876195908e-02    5.189114212989808e-01   -3.169477917253971e-03
    vertex    4.095384106040001e-02    5.181583166122438e-01   -2.738116076216102e-03
  endloop
endfacet
facet normal    3.863790123116520e-01    9.165776165223998e-01    1.029404280892067e-01
  outer loop
    vertex    3.032848052680492e-02    5.355002284049989e-01   -5.191387142986059e-03
    vertex    3.908890113234520e-02    5.320008993148805e-01   -6.915063131600618e-03
    vertex    3.744202852249146e-02    5.330548882484437e-01   -1.011832989752293e-02
  endloop
endfacet
facet normal   -1.108490787476590e-02    8.901900296584444e-01   -4.554545377028381e-01
  outer loop
    vertex    2.928318083286285e-02    5.305756926536561e-01   -1.892488077282906e-02
    vertex    3.216272965073586e-02    5.314711928367616e-01   -1.724470034241676e-02
    vertex    3.070525079965591e-02    5.295042991638185e-01   -2.105353958904743e-02
  endloop
endfacet
facet normal    5.985910720454504e-01    4.545036844473116e-01    6.596325714299568e-01
  outer loop
    vertex    2.500079944729805e-02    5.338953733444215e-01   -2.499436028301716e-02
    vertex    2.402924001216888e-02    5.330659151077272e-01   -2.354118973016739e-02
    vertex    2.634493075311184e-02    5.294036269187928e-01   -2.311917953193188e-02
  endloop
endfacet
facet normal    6.948125723676958e-01    3.410709603416659e-01   -6.331714533137128e-01
  outer loop
    vertex    2.306107990443706e-02    5.367447733879090e-01   -1.752067916095257e-02
    vertex    2.559120953083038e-02    5.344597101211549e-01   -1.597513072192669e-02
    vertex    2.582428976893425e-02    5.317239761352540e-01   -1.719301939010620e-02
  endloop
endfacet
facet normal   -6.912048518586245e-01    2.488185535199126e-01   -6.784726819786892e-01
  outer loop
    vertex    2.451799064874649e-02    5.285047888755799e-01   -1.005700975656509e-02
    vertex    2.559147030115127e-02    5.332133769989015e-01   -9.423837997019291e-03
    vertex    2.643374912440776e-02    5.354778766632081e-01   -9.451455436646938e-03
  endloop
endfacet
facet normal   -4.070775594356368e-02    7.221228738473892e-01   -6.905660241225503e-01
  outer loop
    vertex   -1.424441020935775e-02    5.270926952362062e-01   -9.291602182202041e-04
    vertex   -1.049397978931667e-02    5.276638865470887e-01   -5.529489717446268e-04
    vertex   -1.471143029630186e-02    5.247266888618470e-01   -3.375756088644266e-03
  endloop
endfacet
facet normal    6.950058868901463e-01    6.050679641730894e-01   -3.884064571032186e-01
  outer loop
    vertex    1.958901062607765e-02    5.357657074928285e-01   -1.337607018649578e-02
    vertex    1.688425987958908e-02    5.358198285102845e-01   -1.813158020377159e-02
    vertex    1.811967976391315e-02    5.384120941162110e-01   -1.188265997916460e-02
  endloop
endfacet
facet normal   -4.488835351555892e-01   -4.218387295060733e-01   -7.877535516612559e-01
  outer loop
    vertex    2.826136909425258e-02    5.233728289604188e-01   -1.426787953823805e-02
    vertex    2.976638078689575e-02    5.245093703269960e-01   -1.573408953845501e-02
    vertex    3.087393939495086e-02    5.209885835647584e-01   -1.447984017431736e-02
  endloop
endfacet
facet normal    7.355529247418078e-01    1.205037887435444e-01   -6.666638821791860e-01
  outer loop
    vertex    2.508193999528885e-02    5.286309719085694e-01   -2.663143910467625e-02
    vertex    2.491340972483158e-02    5.347033143043519e-01   -2.571976929903030e-02
    vertex    2.523333020508289e-02    5.332701206207277e-01   -2.562584914267063e-02
  endloop
endfacet
facet normal   -2.548286888832151e-01    8.348468153109773e-01   -4.879478807077457e-01
  outer loop
    vertex   -1.471143029630186e-02    5.247266888618470e-01   -3.375756088644266e-03
    vertex   -1.049397978931667e-02    5.276638865470887e-01   -5.529489717446268e-04
    vertex   -1.083066035062076e-02    5.260304212570192e-01   -3.171870950609446e-03
  endloop
endfacet
facet normal    3.712153932350715e-02    4.640740106404727e-01   -8.850182506402451e-01
  outer loop
    vertex    2.840862981975078e-02    5.266457796096803e-01   -2.359725907444954e-02
    vertex    2.693386003375053e-02    5.283216238021852e-01   -2.278036065399647e-02
    vertex    2.905439026653766e-02    5.296249985694886e-01   -2.200797013938427e-02
  endloop
endfacet
facet normal    2.934181571992484e-01   -9.509332041167537e-01   -9.814186840508725e-02
  outer loop
    vertex    1.292701996862888e-02    5.263540744781495e-01   -1.121161039918661e-02
    vertex    1.196413021534681e-02    5.262631773948671e-01   -1.320965960621834e-02
    vertex    1.827903091907501e-02    5.286340117454530e-01   -1.730168052017689e-02
  endloop
endfacet
facet normal   -7.383848125175769e-01    5.085809852001770e-01   -4.428693375434789e-01
  outer loop
    vertex    2.948198653757572e-02    5.326389670372010e-01   -3.285396432863750e-23
    vertex    2.951378002762794e-02    5.326321125030519e-01   -6.088006921345368e-05
    vertex    2.888830192387104e-02    5.317770242691041e-01    6.743083899012870e-21
  endloop
endfacet
facet normal    9.705557840553709e-01   -1.259831314211056e-01   -2.053039713059562e-01
  outer loop
    vertex    4.150114953517914e-02    5.200362801551820e-01   -3.472536103799939e-03
    vertex    4.120646044611931e-02    5.207232832908631e-01   -5.287225823849440e-03
    vertex    4.181618988513947e-02    5.279446840286256e-01   -6.836140062659979e-03
  endloop
endfacet
facet normal    5.174116514643230e-01    1.441080010979754e-02   -8.556152825710615e-01
  outer loop
    vertex    3.493712097406387e-02    5.230041146278382e-01   -1.462098024785519e-02
    vertex    3.196211904287338e-02    5.259150266647340e-01   -1.637100987136364e-02
    vertex    3.309261053800583e-02    5.272737145423890e-01   -1.566448993980885e-02
  endloop
endfacet
facet normal    5.484251344768939e-01    1.730375104249277e-01   -8.181001722649520e-01
  outer loop
    vertex    3.838795050978661e-02    5.297703146934510e-01   -1.180533971637487e-02
    vertex    3.711232915520668e-02    5.299056768417360e-01   -1.263184007257223e-02
    vertex    3.867483884096146e-02    5.314406752586366e-01   -1.125971972942352e-02
  endloop
endfacet
facet normal    6.894160197754382e-01    6.707687112544509e-01   -2.734499729000456e-01
  outer loop
    vertex    3.862100839614868e-02    5.321143865585328e-01   -1.061359979212284e-02
    vertex    3.674682974815369e-02    5.332993865013124e-01   -1.243195030838251e-02
    vertex    3.624932840466499e-02    5.341917276382447e-01   -1.149734016507864e-02
  endloop
endfacet
facet normal    5.090299969991402e-01    8.602297435017673e-01   -2.988729746797125e-02
  outer loop
    vertex    4.104888066649437e-02    5.309637784957887e-01   -6.789218168705702e-03
    vertex    3.944006934762001e-02    5.318667292594911e-01   -8.200791664421558e-03
    vertex    4.091019928455353e-02    5.312393903732301e-01   -1.218404970131814e-03
  endloop
endfacet
facet normal    9.075822882053847e-01    4.096793557483347e-01    9.196312092087497e-02
  outer loop
    vertex    3.624932840466499e-02    5.341917276382447e-01   -1.149734016507864e-02
    vertex    3.674682974815369e-02    5.332993865013124e-01   -1.243195030838251e-02
    vertex    3.614683821797371e-02    5.346853733062745e-01   -1.268497016280890e-02
  endloop
endfacet
facet normal    6.167364730036581e-01    6.312225973989583e-01    4.703128271692371e-01
  outer loop
    vertex    3.280609101057053e-02    5.358359217643739e-01   -9.188839234411716e-03
    vertex    3.177919983863831e-02    5.352954268455506e-01   -7.116827182471752e-03
    vertex    3.624932840466499e-02    5.341917276382447e-01   -1.149734016507864e-02
  endloop
endfacet
facet normal    3.694400279643380e-01    7.030738587538193e-01    6.076193009399254e-01
  outer loop
    vertex    2.926255948841571e-02    5.369001030921937e-01   -6.702294107526541e-03
    vertex    3.021644987165928e-02    5.361012220382692e-01   -6.357889156788588e-03
    vertex    3.037857078015804e-02    5.401921868324281e-01   -1.119009964168072e-02
  endloop
endfacet
facet normal    3.279639067328261e-01    8.522405039286526e-01    4.075853276848643e-01
  outer loop
    vertex    3.032848052680492e-02    5.355002284049989e-01   -5.191387142986059e-03
    vertex    3.021644987165928e-02    5.361012220382692e-01   -6.357889156788588e-03
    vertex    2.917785011231899e-02    5.358688831329347e-01   -5.036369897425175e-03
  endloop
endfacet
facet normal    9.398656184812350e-01   -2.367196007935537e-01   -2.462040816010698e-01
  outer loop
    vertex    3.232968971133232e-02    5.307648777961732e-01   -1.738890074193478e-02
    vertex    3.096334077417850e-02    5.264441967010499e-01   -1.845059916377068e-02
    vertex    3.065053932368755e-02    5.279958248138429e-01   -2.113655023276806e-02
  endloop
endfacet
facet normal    8.519562545437278e-01    2.903470820390924e-01   -4.357397299939580e-01
  outer loop
    vertex    3.216272965073586e-02    5.314711928367616e-01   -1.724470034241676e-02
    vertex    3.235417976975441e-02    5.321905016899110e-01   -1.639107987284660e-02
    vertex    3.232968971133232e-02    5.307648777961732e-01   -1.738890074193478e-02
  endloop
endfacet
facet normal    8.327746627141117e-01    2.927785614985395e-01   -4.698585692186997e-01
  outer loop
    vertex    3.216272965073586e-02    5.314711928367616e-01   -1.724470034241676e-02
    vertex    3.232968971133232e-02    5.307648777961732e-01   -1.738890074193478e-02
    vertex    3.070525079965591e-02    5.295042991638185e-01   -2.105353958904743e-02
  endloop
endfacet
facet normal   -1.940069097401132e-01    7.416185840860745e-01    6.421551173285607e-01
  outer loop
    vertex    2.832590043544769e-02    5.352500081062318e-01   -2.594555029645562e-03
    vertex    3.083848953247070e-02    5.337492823600770e-01   -1.022822034428827e-04
    vertex    2.860550023615360e-02    5.356637239456178e-01   -2.987879095599055e-03
  endloop
endfacet
facet normal   -7.848013064541227e-01    2.114637503204271e-01    5.825547113261743e-01
  outer loop
    vertex    2.418244071304798e-02    5.277950167655946e-01   -1.025141030550003e-02
    vertex    2.451799064874649e-02    5.285047888755799e-01   -1.005700975656509e-02
    vertex    2.462017908692360e-02    5.294011831283570e-01   -1.024472992867231e-02
  endloop
endfacet
facet normal    6.555816385066676e-01   -6.389086047457139e-01    4.025028074868522e-01
  outer loop
    vertex    1.181470975279808e-02    5.262954235076905e-01   -7.921689189970493e-03
    vertex    1.130170002579689e-02    5.255535840988160e-01   -8.263668976724148e-03
    vertex    1.289772987365723e-02    5.266696214675904e-01   -9.091692976653576e-03
  endloop
endfacet
facet normal    9.465192503082224e-01   -3.221608813177061e-01    1.771088209433248e-02
  outer loop
    vertex    1.075411029160023e-02    5.334843993186952e-01   -1.750358962453902e-03
    vertex    1.108937989920378e-02    5.345633029937745e-01   -4.285388058633544e-05
    vertex    8.076143451035023e-03    5.256133079528810e-01   -1.807417953386903e-03
  endloop
endfacet
facet normal    2.574776032770271e-01    4.744572540111314e-02    9.651187424104249e-01
  outer loop
    vertex    1.289772987365723e-02    5.266696214675904e-01   -9.091692976653576e-03
    vertex    1.458634994924068e-02    5.266981124877931e-01   -9.543589316308498e-03
    vertex    1.374791003763676e-02    5.278189182281495e-01   -9.375006891787052e-03
  endloop
endfacet
facet normal   -8.756653524611697e-02    3.219895379916868e-01    9.426849098871217e-01
  outer loop
    vertex    2.168833091855049e-02    5.237014889717103e-01   -9.246858768165112e-03
    vertex    2.149656973779201e-02    5.242642164230348e-01   -9.456880390644073e-03
    vertex    2.020953036844730e-02    5.239971876144410e-01   -9.485226124525070e-03
  endloop
endfacet
facet normal   -2.459130571732785e-01   -6.506900893701643e-01    7.184213080826177e-01
  outer loop
    vertex    2.164964005351066e-02    5.229368805885316e-01   -9.952625259757042e-03
    vertex    2.168833091855049e-02    5.237014889717103e-01   -9.246858768165112e-03
    vertex    2.020953036844730e-02    5.239971876144410e-01   -9.485226124525070e-03
  endloop
endfacet
facet normal   -5.201646492170754e-01    6.119854267333923e-01   -5.957370016801243e-01
  outer loop
    vertex    9.168087271973481e-04    5.261734724044801e-01   -4.257219843566418e-03
    vertex    2.601420972496270e-03    5.271081924438478e-01   -4.767916165292263e-03
    vertex    7.622807752341022e-04    5.252578258514405e-01   -5.062914919108152e-03
  endloop
endfacet
facet normal   -5.344117972506776e-01    7.423849106478504e-01   -4.040651870697151e-01
  outer loop
    vertex    9.168087271973481e-04    5.261734724044801e-01   -4.257219843566418e-03
    vertex    3.205938031896948e-03    5.297868251800538e-01   -6.460181903094053e-04
    vertex    2.601420972496270e-03    5.271081924438478e-01   -4.767916165292263e-03
  endloop
endfacet
facet normal   -5.179848577668982e-01    7.702762825759583e-01   -3.719759879685363e-01
  outer loop
    vertex    1.505502965301275e-02    5.352507233619691e-01   -1.906673982739449e-02
    vertex    1.588555052876472e-02    5.354204177856446e-01   -1.987186074256897e-02
    vertex    1.482561044394970e-02    5.345715880393983e-01   -2.015360072255135e-02
  endloop
endfacet
facet normal   -5.719337511460901e-01   -3.898564691190631e-02   -8.193728721618885e-01
  outer loop
    vertex    1.753002987243234e-03    5.222504734992982e-01   -7.010770030319691e-03
    vertex    6.274962797760954e-04    5.217978954315187e-01   -6.203616969287395e-03
    vertex    2.951670903712510e-03    5.235865116119386e-01   -7.911025546491146e-03
  endloop
endfacet
facet normal   -7.167492967491296e-01    1.911784567527942e-01   -6.706125880739552e-01
  outer loop
    vertex    1.753002987243234e-03    5.222504734992982e-01   -7.010770030319691e-03
    vertex    2.951670903712510e-03    5.235865116119386e-01   -7.911025546491146e-03
    vertex    6.056608166545629e-03    5.252426266670228e-01   -1.075745001435280e-02
  endloop
endfacet
facet normal   -6.540467430382148e-01   -2.180377862321006e-01   -7.243496266970173e-01
  outer loop
    vertex    7.410482037812471e-03    5.247033238410951e-01   -1.214102003723383e-02
    vertex    6.230947095900773e-03    5.244420170783998e-01   -1.099731028079987e-02
    vertex    7.028316147625445e-03    5.255125761032106e-01   -1.203954033553600e-02
  endloop
endfacet
facet normal   -8.079720378922699e-01    3.003910000322498e-01   -5.068988391028698e-01
  outer loop
    vertex    9.887783788144588e-03    5.258694887161256e-01   -2.177743054926395e-02
    vertex    8.635107427835464e-03    5.249969959259034e-01   -2.029776945710182e-02
    vertex    1.114870980381966e-02    5.285782814025880e-01   -2.218203991651535e-02
  endloop
endfacet
facet normal   -8.414737020067995e-01    4.722209219492807e-01   -2.625441100164759e-01
  outer loop
    vertex    1.344791986048222e-02    5.328325033187867e-01   -1.944898068904877e-02
    vertex    7.028316147625445e-03    5.255125761032106e-01   -1.203954033553600e-02
    vertex    1.358534954488277e-02    5.333076715469361e-01   -1.903479918837547e-02
  endloop
endfacet
facet normal   -6.056240302933565e-01    7.894415270112879e-01   -1.000080464828594e-01
  outer loop
    vertex    1.573402062058448e-02    5.350602269172670e-01   -2.179750055074692e-02
    vertex    1.482561044394970e-02    5.345715880393983e-01   -2.015360072255135e-02
    vertex    1.588555052876472e-02    5.354204177856446e-01   -1.987186074256897e-02
  endloop
endfacet
facet normal   -4.028869282854489e-01    1.712296239749468e-01   -8.990898391652048e-01
  outer loop
    vertex    1.985462009906768e-02    5.315788984298707e-01   -2.599244005978107e-02
    vertex    1.309993956238031e-02    5.302410125732423e-01   -2.322042919695377e-02
    vertex    1.852609030902385e-02    5.327038764953614e-01   -2.518286928534508e-02
  endloop
endfacet
facet normal    4.743093669470998e-01    1.435668919593012e-01   -8.685730665634226e-01
  outer loop
    vertex    2.436318993568420e-02    5.294439196586610e-01   -2.688956074416637e-02
    vertex    2.491340972483158e-02    5.347033143043519e-01   -2.571976929903030e-02
    vertex    2.508193999528885e-02    5.286309719085694e-01   -2.663143910467625e-02
  endloop
endfacet
facet normal    6.738559338571032e-01    7.091369014104451e-01   -2.074681552999501e-01
  outer loop
    vertex    1.979129016399383e-02    5.354046821594239e-01   -1.395307015627623e-02
    vertex    1.958901062607765e-02    5.357657074928285e-01   -1.337607018649578e-02
    vertex    2.052064985036850e-02    5.350534915924073e-01   -1.278449967503548e-02
  endloop
endfacet
facet normal   -3.549497826490086e-01    9.026697667783400e-01    2.433062760015836e-01
  outer loop
    vertex    2.036622911691665e-02    5.353913903236390e-01   -1.412947010248899e-02
    vertex    2.243106998503208e-02    5.371869206428529e-01   -1.777859963476658e-02
    vertex    2.020438015460968e-02    5.356985926628114e-01   -1.550531014800072e-02
  endloop
endfacet
facet normal    1.309301948568701e-01   -6.904924291673702e-01   -7.113912350720145e-01
  outer loop
    vertex    3.270975872874260e-02    5.204002857208253e-01   -1.504862029105425e-02
    vertex    3.343123942613602e-02    5.207663774490358e-01   -1.527117006480694e-02
    vertex    3.627277910709381e-02    5.195292234420777e-01   -1.354738045483828e-02
  endloop
endfacet
facet normal   -2.794176612261175e-01   -9.477601048499281e-01   -1.538718760845527e-01
  outer loop
    vertex    2.378424070775509e-02    5.219684839248658e-01   -1.050963997840881e-02
    vertex    2.538092993199825e-02    5.214633941650392e-01   -1.029803045094013e-02
    vertex    2.443151921033859e-02    5.209885239601136e-01   -5.649064201861620e-03
  endloop
endfacet
facet normal   -2.236453246129882e-01   -6.457142339169316e-01   -7.300930741322103e-01
  outer loop
    vertex    2.965423092246055e-02    5.255565047264100e-01   -1.662584953010082e-02
    vertex    2.976638078689575e-02    5.245093703269960e-01   -1.573408953845501e-02
    vertex    2.826136909425258e-02    5.233728289604188e-01   -1.426787953823805e-02
  endloop
endfacet
facet normal    4.805052221193155e-02   -9.817230499575043e-01    1.841493972221915e-01
  outer loop
    vertex    2.081869915127754e-02    5.273981094360353e-01   -2.674585022032261e-02
    vertex    2.287212945520877e-02    5.273308753967286e-01   -2.764008939266205e-02
    vertex    2.197417989373207e-02    5.275244116783143e-01   -2.637401968240738e-02
  endloop
endfacet
facet normal    8.656828098814748e-02   -8.803023803420380e-01   -4.664479090862118e-01
  outer loop
    vertex    6.230947095900773e-03    5.244420170783998e-01   -1.099731028079987e-02
    vertex    6.864298135042190e-03    5.242763757705690e-01   -1.056716032326221e-02
    vertex    1.597960945218801e-03    5.216568112373353e-01   -6.600777152925730e-03
  endloop
endfacet
facet normal    9.392367450774097e-01   -3.432334344350021e-01    5.014596927574977e-03
  outer loop
    vertex    8.076143451035023e-03    5.256133079528810e-01   -1.807417953386903e-03
    vertex    7.786171976476907e-03    5.248299241065980e-01   -1.115769962780178e-03
    vertex    7.209230214357375e-03    5.232344269752504e-01   -2.261037938296795e-03
  endloop
endfacet
facet normal    3.030400635549765e-01   -9.529736622876164e-01   -2.814048102591725e-03
  outer loop
    vertex    8.635107427835464e-03    5.249969959259034e-01   -2.029776945710182e-02
    vertex    1.111757010221481e-02    5.257881879806520e-01   -2.090171910822392e-02
    vertex    8.753433823585510e-03    5.250291824340821e-01   -1.845531910657883e-02
  endloop
endfacet
facet normal   -2.867563557829205e-01   -9.363865937025992e-01   -2.023633849097770e-01
  outer loop
    vertex    1.450140960514545e-02    5.261309742927552e-01   -9.687463752925396e-03
    vertex    1.417456008493900e-02    5.264120101928712e-01   -1.052473019808531e-02
    vertex    1.558845024555922e-02    5.259397029876710e-01   -1.034277956932783e-02
  endloop
endfacet
facet normal   -3.864810078736484e-01   -8.318612108023644e-01   -3.982955642677845e-01
  outer loop
    vertex    1.450140960514545e-02    5.261309742927552e-01   -9.687463752925396e-03
    vertex    1.558845024555922e-02    5.259397029876710e-01   -1.034277956932783e-02
    vertex    2.164964005351066e-02    5.229368805885316e-01   -9.952625259757042e-03
  endloop
endfacet
facet normal    2.289608763126399e-01   -9.669122032874311e-01    1.125064809332939e-01
  outer loop
    vertex    2.147617936134338e-02    5.296257734298707e-01   -2.029146999120712e-02
    vertex    2.340394072234630e-02    5.300133228302003e-01   -2.088393084704876e-02
    vertex    2.112602069973945e-02    5.296515226364137e-01   -1.935756951570511e-02
  endloop
endfacet
facet normal   -3.353270441701592e-01   -9.228459525883652e-01    1.895022987706924e-01
  outer loop
    vertex    2.494185976684093e-02    5.299568176269532e-01   -1.988784968852997e-02
    vertex    2.537005022168159e-02    5.296533107757569e-01   -2.060819044709206e-02
    vertex    2.990492060780525e-02    5.278506278991700e-01   -2.136244997382164e-02
  endloop
endfacet
facet normal   -4.540366371384902e-01   -7.766188321713517e-01    4.367080508220301e-01
  outer loop
    vertex    2.770370990037918e-02    5.259181857109071e-01   -2.441019006073475e-02
    vertex    2.855483070015907e-02    5.255231261253358e-01   -2.422785013914108e-02
    vertex    2.451341040432453e-02    5.297151207923890e-01   -2.097480930387974e-02
  endloop
endfacet
facet normal   -8.428597870606142e-01    1.286735021579633e-01   -5.225232140283731e-01
  outer loop
    vertex   -1.579475961625578e-02    5.237922072410585e-01   -3.995779901742935e-03
    vertex   -1.570365019142629e-02    5.232632160186769e-01   -4.273010883480310e-03
    vertex   -1.630637049674990e-02    5.206822752952577e-01   -3.936355933547020e-03
  endloop
endfacet
facet normal   -6.651076579263288e-01    7.192988204178380e-01   -2.006016209138417e-01
  outer loop
    vertex    1.089129969477654e-02    5.348839759826661e-01   -5.399555899202824e-03
    vertex    1.230662036687136e-02    5.362967252731324e-01   -5.026436876505613e-03
    vertex    1.072592008858919e-02    5.333136916160585e-01   -1.048181019723415e-02
  endloop
endfacet
facet normal    4.620919003221514e-01   -8.855734856119547e-01   -4.723004592159483e-02
  outer loop
    vertex    4.035754501819611e-02    5.178281068801881e-01   -2.688727913794469e-23
    vertex    4.101829975843430e-02    5.182397961616517e-01   -1.254533999599516e-03
    vertex    4.093600064516068e-02    5.181299448013307e-01   -2.656991956253609e-23
  endloop
endfacet
facet normal    9.605551771402316e-01   -2.773201293100432e-01   -2.067117675796678e-02
  outer loop
    vertex    4.134384170174599e-02    5.187891721725465e-01    4.336545228295108e-19
    vertex    4.131092876195908e-02    5.189114212989808e-01   -3.169477917253971e-03
    vertex    4.159274324774742e-02    5.196512937545777e-01    2.168142248878953e-19
  endloop
endfacet
facet normal    8.591838308631387e-01    5.049012029215287e-01   -8.293322658461358e-02
  outer loop
    vertex    4.201764985918999e-02    5.305433273315431e-01   -1.557076029712334e-04
    vertex    4.254738986492157e-02    5.296651721000672e-01   -1.387766042171279e-05
    vertex    4.155525937676430e-02    5.301409959793092e-01   -7.395459804683924e-03
  endloop
endfacet
facet normal    7.464024060269355e-01    4.907388085344940e-01   -4.495095884131361e-01
  outer loop
    vertex    3.674682974815369e-02    5.332993865013124e-01   -1.243195030838251e-02
    vertex    3.862100839614868e-02    5.321143865585328e-01   -1.061359979212284e-02
    vertex    3.867483884096146e-02    5.314406752586366e-01   -1.125971972942352e-02
  endloop
endfacet
facet normal    5.865193397282182e-01    3.651631162404357e-02   -8.091116258651527e-01
  outer loop
    vertex    3.595634177327156e-02    5.322257280349733e-01   -1.336510013788939e-02
    vertex    3.711232915520668e-02    5.299056768417360e-01   -1.263184007257223e-02
    vertex    3.309261053800583e-02    5.272737145423890e-01   -1.566448993980885e-02
  endloop
endfacet
facet normal    6.459455907765366e-01   -1.480310457497107e-01   -7.488932522399958e-01
  outer loop
    vertex    3.203096985816956e-02    5.268204212188722e-01   -1.649058982729912e-02
    vertex    3.309261053800583e-02    5.272737145423890e-01   -1.566448993980885e-02
    vertex    3.196211904287338e-02    5.259150266647340e-01   -1.637100987136364e-02
  endloop
endfacet
facet normal   -4.436540211609424e-01    5.235450767211901e-01    7.273731244338968e-01
  outer loop
    vertex    2.708023041486740e-02    5.367575287818910e-01   -9.419820271432400e-03
    vertex    2.714600041508674e-02    5.382338166236879e-01   -1.044229976832867e-02
    vertex    2.626254968345165e-02    5.367221236228944e-01   -9.893072769045830e-03
  endloop
endfacet
facet normal   -2.654971205139139e-02    7.144724449591747e-01   -6.991596657302588e-01
  outer loop
    vertex    1.411473029293119e-03    5.290983915328981e-01   -7.708765915594995e-04
    vertex   -7.812417112290874e-03    5.264567136764527e-01   -3.120145993307233e-03
    vertex   -9.249716065824046e-03    5.264697074890138e-01   -3.052287967875600e-03
  endloop
endfacet
facet normal   -7.191236135508263e-01    6.268195886307087e-01   -2.999307115692404e-01
  outer loop
    vertex    3.280000993981957e-03    5.272352099418641e-01   -6.129450164735317e-03
    vertex    2.049785107374190e-03    5.260487198829652e-01   -5.659468006342649e-03
    vertex    2.601420972496270e-03    5.271081924438478e-01   -4.767916165292263e-03
  endloop
endfacet
facet normal   -6.758610611770218e-01    7.002649987747518e-01   -2.298711758260844e-01
  outer loop
    vertex    9.793044999241829e-03    5.343772172927858e-01   -3.768638940528035e-03
    vertex    4.300623200833797e-03    5.283579230308534e-01   -5.956764798611403e-03
    vertex    2.601420972496270e-03    5.271081924438478e-01   -4.767916165292263e-03
  endloop
endfacet
facet normal   -7.000842182666879e-01    6.730911108969772e-01   -2.383913668013044e-01
  outer loop
    vertex    1.014014985412359e-02    5.325654745101930e-01   -1.122581027448177e-02
    vertex    3.280000993981957e-03    5.272352099418641e-01   -6.129450164735317e-03
    vertex    4.300623200833797e-03    5.283579230308534e-01   -5.956764798611403e-03
  endloop
endfacet
facet normal   -7.101986654386112e-01    2.691818509011427e-01   -6.505067153801340e-01
  outer loop
    vertex    7.090383209288119e-03    5.294154286384584e-01   -1.001749001443386e-02
    vertex    2.951670903712510e-03    5.235865116119386e-01   -7.911025546491146e-03
    vertex    1.597887021489441e-03    5.251597166061402e-01   -5.782017949968576e-03
  endloop
endfacet
facet normal   -7.146630587056524e-01    5.959381380617709e-01   -3.662163952159310e-01
  outer loop
    vertex    3.280000993981957e-03    5.272352099418641e-01   -6.129450164735317e-03
    vertex    7.090383209288119e-03    5.294154286384584e-01   -1.001749001443386e-02
    vertex    2.049785107374190e-03    5.260487198829652e-01   -5.659468006342649e-03
  endloop
endfacet
facet normal   -7.713390393467096e-01   -6.354011502985593e-01    3.607581709348798e-02
  outer loop
    vertex    2.372949011623859e-02    5.210862159729005e-01   -3.489593975245953e-03
    vertex    2.289449051022529e-02    5.220754742622377e-01   -3.919021226465702e-03
    vertex    2.231960929930210e-02    5.225123167037965e-01   -8.516509085893631e-03
  endloop
endfacet
facet normal    4.975744869678130e-01   -8.614427657360321e-01   -1.016660773305120e-01
  outer loop
    vertex    1.130170002579689e-02    5.255535840988160e-01   -8.263668976724148e-03
    vertex    8.086454123258591e-03    5.232568979263307e-01   -4.539325833320618e-03
    vertex    1.077506039291620e-02    5.253347754478456e-01   -8.987128734588623e-03
  endloop
endfacet
facet normal    1.192435062078749e-01   -4.142585745195431e-01   -9.023141468824971e-01
  outer loop
    vertex   -6.724889855831876e-03    5.201188921928407e-01   -5.155792925506830e-03
    vertex   -2.152227098122240e-03    5.218477845191957e-01   -5.345248151570559e-03
    vertex   -1.809505978599192e-03    5.214275717735292e-01   -5.107033997774124e-03
  endloop
endfacet
facet normal    5.078022972211839e-01    4.712126774195011e-01   -7.211764274960973e-01
  outer loop
    vertex    3.065053932368755e-02    5.279958248138429e-01   -2.113655023276806e-02
    vertex    2.855483070015907e-02    5.255231261253358e-01   -2.422785013914108e-02
    vertex    2.840862981975078e-02    5.266457796096803e-01   -2.359725907444954e-02
  endloop
endfacet
facet normal   -1.196034186260557e-01   -9.813461633904191e-01   -1.505148824929461e-01
  outer loop
    vertex    3.664559125900269e-02    5.179855227470399e-01   -2.701978897675872e-03
    vertex    3.949100151658058e-02    5.175647139549256e-01   -2.219380112364888e-03
    vertex    3.752427920699120e-02    5.177296996116639e-01   -1.732261036522686e-03
  endloop
endfacet
facet normal   -7.186126117413316e-01   -6.764914136760681e-01   -1.611064290115601e-01
  outer loop
    vertex    2.289449051022529e-02    5.220754742622377e-01   -3.919021226465702e-03
    vertex    2.372949011623859e-02    5.210862159729005e-01   -3.489593975245953e-03
    vertex    2.299329079687595e-02    5.212094783782960e-01   -7.233719225041568e-04
  endloop
endfacet
facet normal   -2.821426820047724e-01   -9.593651697623039e-01    3.738721452530949e-03
  outer loop
    vertex   -1.281502470374109e-02    5.183879137039186e-01   -4.337369284749138e-19
    vertex   -1.271300017833711e-02    5.183420777320863e-01   -4.062341060489416e-03
    vertex   -1.250027399510147e-02    5.182953476905824e-01   -5.588679823362444e-23
  endloop
endfacet
facet normal    5.796800767063094e-01    5.167693830447508e-02   -8.132038506532311e-01
  outer loop
    vertex    3.309261053800583e-02    5.272737145423890e-01   -1.566448993980885e-02
    vertex    3.711232915520668e-02    5.299056768417360e-01   -1.263184007257223e-02
    vertex    3.493712097406387e-02    5.230041146278382e-01   -1.462098024785519e-02
  endloop
endfacet
facet normal   -5.980162140294714e-01    5.583833057132679e-01    5.749649481999584e-01
  outer loop
    vertex    2.195952087640762e-02    5.337442159652711e-01   -1.147659029811621e-02
    vertex    2.626254968345165e-02    5.367221236228944e-01   -9.893072769045830e-03
    vertex    2.714600041508674e-02    5.382338166236879e-01   -1.044229976832867e-02
  endloop
endfacet
facet normal    8.205817843866503e-01    5.666970436182889e-01    7.416195714186750e-02
  outer loop
    vertex    1.811967976391315e-02    5.384120941162110e-01   -1.188265997916460e-02
    vertex    2.136906050145626e-02    5.336636900901796e-01   -1.155197992920876e-02
    vertex    2.052064985036850e-02    5.350534915924073e-01   -1.278449967503548e-02
  endloop
endfacet
facet normal   -1.298024474674150e-01    3.458936535841728e-01   -9.292517985140848e-01
  outer loop
    vertex   -5.009158048778787e-03    5.247902274131776e-01   -3.850918030366302e-03
    vertex   -2.152227098122240e-03    5.218477845191957e-01   -5.345248151570559e-03
    vertex   -7.646198850125089e-03    5.203552246093751e-01   -5.133396014571190e-03
  endloop
endfacet
facet normal   -3.532054353110392e-01   -7.130991224570636e-01   -6.055869566112740e-01
  outer loop
    vertex    1.685753092169761e-02    5.262740850448610e-01   -1.147671043872833e-02
    vertex    1.558845024555922e-02    5.259397029876710e-01   -1.034277956932783e-02
    vertex    1.764317974448204e-02    5.274546146392823e-01   -1.332504954189062e-02
  endloop
endfacet
facet normal    2.835692632773754e-01   -8.814651624054402e-01    3.776342680291042e-01
  outer loop
    vertex    2.196265943348407e-02    5.294572710990907e-01   -2.146401070058346e-02
    vertex    1.450338028371334e-02    5.263454914093019e-01   -2.312620915472507e-02
    vertex    1.719477958977222e-02    5.271288156509401e-01   -2.331878989934921e-02
  endloop
endfacet
facet normal    5.377717375686658e-01   -8.403817278321635e-01   -6.752858504518928e-02
  outer loop
    vertex    1.077506039291620e-02    5.253347754478456e-01   -8.987128734588623e-03
    vertex    8.086454123258591e-03    5.232568979263307e-01   -4.539325833320618e-03
    vertex    5.934948101639747e-03    5.217329263687135e-01   -2.707527950406075e-03
  endloop
endfacet
facet normal    3.364771267036737e-01    3.424909652751718e-01   -8.772018478720397e-01
  outer loop
    vertex    3.235417976975441e-02    5.321905016899110e-01   -1.639107987284660e-02
    vertex    2.969619072973728e-02    5.333905220031739e-01   -1.694210059940815e-02
    vertex    3.036068007349968e-02    5.379108190536500e-01   -1.492233015596867e-02
  endloop
endfacet
facet normal   -2.268025432968324e-01    4.188588508510900e-01   -8.792712149375712e-01
  outer loop
    vertex    2.745470032095909e-02    5.322867035865785e-01   -1.710969954729080e-02
    vertex    2.969555929303169e-02    5.384436249732972e-01   -1.475473958998919e-02
    vertex    2.897631004452705e-02    5.323197841644288e-01   -1.748643070459366e-02
  endloop
endfacet
facet normal   -4.160545234753617e-01    1.068396917353063e-01   -9.030414795376757e-01
  outer loop
    vertex    1.985462009906768e-02    5.315788984298707e-01   -2.599244005978107e-02
    vertex    2.160421013832092e-02    5.279244780540467e-01   -2.723087929189205e-02
    vertex    1.613570936024189e-02    5.299177765846254e-01   -2.447557076811790e-02
  endloop
endfacet
facet normal   -7.000099356814392e-01    2.842176454852485e-01   -6.551384738679976e-01
  outer loop
    vertex    6.274962797760954e-04    5.217978954315187e-01   -6.203616969287395e-03
    vertex    1.597887021489441e-03    5.251597166061402e-01   -5.782017949968576e-03
    vertex    2.951670903712510e-03    5.235865116119386e-01   -7.911025546491146e-03
  endloop
endfacet
facet normal   -1.516955898628938e-01    8.227089844384251e-01    5.478488614028907e-01
  outer loop
    vertex    7.551437593065192e-04    5.292097330093385e-01   -4.861444482591099e-23
    vertex    7.064989767968645e-04    5.292158126831056e-01   -2.259930079162586e-05
    vertex    7.140896050259461e-04    5.292021632194520e-01   -4.863696847053345e-23
  endloop
endfacet
facet normal   -1.820227136889444e-01   -9.827418983589993e-01    3.295592376285243e-02
  outer loop
    vertex    2.917383983731269e-02    5.192419886589051e-01   -2.530122874304652e-04
    vertex    2.992697805166244e-02    5.191109776496888e-01   -3.260982750597181e-23
    vertex    2.796235308051109e-02    5.194748640060426e-01    2.707136662745871e-20
  endloop
endfacet
facet normal    4.512095182870904e-01    7.483564478828507e-01    4.861816507431087e-01
  outer loop
    vertex    2.917785011231899e-02    5.358688831329347e-01   -5.036369897425175e-03
    vertex    3.021644987165928e-02    5.361012220382692e-01   -6.357889156788588e-03
    vertex    2.926255948841571e-02    5.369001030921937e-01   -6.702294107526541e-03
  endloop
endfacet
facet normal    5.521184965026380e-01    8.303950901244622e-01    7.489432633285954e-02
  outer loop
    vertex    2.243106998503208e-02    5.371869206428529e-01   -1.777859963476658e-02
    vertex    2.306107990443706e-02    5.367447733879090e-01   -1.752067916095257e-02
    vertex    2.309596911072731e-02    5.368002057075502e-01   -1.839249022305012e-02
  endloop
endfacet
facet normal   -5.870926566428619e-02    9.926132113510615e-01    1.061707811805739e-01
  outer loop
    vertex    2.524109929800033e-02    5.344020128250123e-01   -1.519707031548023e-02
    vertex    2.444515936076641e-02    5.340479016304017e-01   -1.232654042541981e-02
    vertex    2.622101083397865e-02    5.345032215118409e-01   -1.560143008828163e-02
  endloop
endfacet
facet normal    1.980329503396470e-01    1.290057033193610e-01    9.716689143380330e-01
  outer loop
    vertex    1.776473969221115e-02    5.384156107902528e-01   -1.146532967686653e-02
    vertex    1.747534982860088e-02    5.353674888610841e-01   -1.100165955722332e-02
    vertex    2.060740068554878e-02    5.337224006652833e-01   -1.142157986760139e-02
  endloop
endfacet
facet normal    7.472881914833396e-01   -2.830298128951353e-01    6.012108481074708e-01
  outer loop
    vertex    1.322930026799440e-02    5.281726717948915e-01   -8.796240203082561e-03
    vertex    1.181470975279808e-02    5.262954235076905e-01   -7.921689189970493e-03
    vertex    1.289772987365723e-02    5.266696214675904e-01   -9.091692976653576e-03
  endloop
endfacet
facet normal    9.426781141005329e-01   -3.327537142602737e-01    2.515827581244259e-02
  outer loop
    vertex    1.075411029160023e-02    5.334843993186952e-01   -1.750358962453902e-03
    vertex    1.180854998528957e-02    5.365235805511476e-01   -1.062648021616042e-03
    vertex    1.108937989920378e-02    5.345633029937745e-01   -4.285388058633544e-05
  endloop
endfacet
facet normal    1.096114924548305e-02    1.895114801612365e-01    9.818173211419299e-01
  outer loop
    vertex    2.054817043244838e-02    5.310605764389039e-01   -1.090713031589985e-02
    vertex    2.166407927870750e-02    5.325676202774049e-01   -1.121047977358103e-02
    vertex    2.060740068554878e-02    5.337224006652833e-01   -1.142157986760139e-02
  endloop
endfacet
facet normal   -8.357312033923752e-01    3.176074454494672e-01   -4.479719480853642e-01
  outer loop
    vertex    1.039716973900795e-02    5.311133265495301e-01   -1.435356028378010e-02
    vertex    7.028316147625445e-03    5.255125761032106e-01   -1.203954033553600e-02
    vertex    8.435715921223164e-03    5.301812887191774e-01   -1.135510019958019e-02
  endloop
endfacet
facet normal   -5.522023269150844e-01    1.341387764591383e-01   -8.228483328047834e-01
  outer loop
    vertex    1.309993956238031e-02    5.302410125732423e-01   -2.322042919695377e-02
    vertex    9.887783788144588e-03    5.258694887161256e-01   -2.177743054926395e-02
    vertex    1.114870980381966e-02    5.285782814025880e-01   -2.218203991651535e-02
  endloop
endfacet
facet normal   -3.362302468822995e-01   -3.867251981048229e-01   -8.587158099349594e-01
  outer loop
    vertex    2.081869915127754e-02    5.273981094360353e-01   -2.674585022032261e-02
    vertex    1.015856955200434e-02    5.256711840629579e-01   -2.179414965212345e-02
    vertex    9.887783788144588e-03    5.258694887161256e-01   -2.177743054926395e-02
  endloop
endfacet
facet normal    2.851920057728390e-01    5.450095978528027e-01   -7.884351958731872e-01
  outer loop
    vertex    2.366144955158233e-02    5.369188785552980e-01   -2.378343045711517e-02
    vertex    2.299576066434383e-02    5.367156863212587e-01   -2.416468039155006e-02
    vertex    2.315410040318966e-02    5.375689268112184e-01   -2.351759932935238e-02
  endloop
endfacet
facet normal   -2.999059368159713e-01   -3.620579853887016e-01   -8.825930230172961e-01
  outer loop
    vertex    2.976638078689575e-02    5.245093703269960e-01   -1.573408953845501e-02
    vertex    3.103386983275413e-02    5.247926712036134e-01   -1.628099940717220e-02
    vertex    3.270975872874260e-02    5.204002857208253e-01   -1.504862029105425e-02
  endloop
endfacet
facet normal   -4.144999642865441e-01   -6.456291479711723e-01   -6.413678998020338e-01
  outer loop
    vertex    2.378424070775509e-02    5.219684839248658e-01   -1.050963997840881e-02
    vertex    2.205299027264118e-02    5.231813788414003e-01   -1.061172969639301e-02
    vertex    2.461804077029228e-02    5.225191116333009e-01   -1.160279009491205e-02
  endloop
endfacet
facet normal   -5.991791065599307e-02   -9.579359888373854e-01   -2.806572380551786e-01
  outer loop
    vertex    6.230947095900773e-03    5.244420170783998e-01   -1.099731028079987e-02
    vertex    7.410482037812471e-03    5.247033238410951e-01   -1.214102003723383e-02
    vertex    6.864298135042190e-03    5.242763757705690e-01   -1.056716032326221e-02
  endloop
endfacet
facet normal   -7.635475623752598e-01    4.337276758358973e-01    4.784092632932494e-01
  outer loop
    vertex    2.324195951223373e-02    5.237393975257875e-01   -9.003619197756052e-04
    vertex    2.282590046525001e-02    5.221362113952638e-01   -1.109430013457313e-04
    vertex    2.407771907746791e-02    5.247995257377626e-01   -5.275948205962777e-04
  endloop
endfacet
facet normal    2.974550590176474e-01   -8.881416599721987e-01    3.503211093934180e-01
  outer loop
    vertex    1.719477958977222e-02    5.271288156509401e-01   -2.331878989934921e-02
    vertex    2.197417989373207e-02    5.275244116783143e-01   -2.637401968240738e-02
    vertex    2.196265943348407e-02    5.294572710990907e-01   -2.146401070058346e-02
  endloop
endfacet
facet normal   -5.310789675353762e-01   -8.005205625754115e-01   -2.777084066705675e-01
  outer loop
    vertex   -1.271300017833711e-02    5.183420777320863e-01   -4.062341060489416e-03
    vertex   -1.630637049674990e-02    5.206822752952577e-01   -3.936355933547020e-03
    vertex   -1.335843000561000e-02    5.190979838371278e-01   -5.007016006857157e-03
  endloop
endfacet
facet normal   -4.758740051718702e-01    8.582748354388545e-01   -1.921151687246222e-01
  outer loop
    vertex    1.669537089765072e-02    5.379933118820192e-01   -1.251075975596905e-02
    vertex    1.615660078823566e-02    5.384250879287721e-01   -9.247252717614174e-03
    vertex    1.734476909041404e-02    5.384181141853334e-01   -1.222153007984161e-02
  endloop
endfacet
facet normal    7.377596117357862e-01   -1.818327782137735e-01   -6.501135255157539e-01
  outer loop
    vertex    3.710835054516792e-02    5.199288129806520e-01   -1.364449039101601e-02
    vertex    3.755205124616623e-02    5.211710929870607e-01   -1.348842959851027e-02
    vertex    3.805138915777206e-02    5.211362242698671e-01   -1.291202008724213e-02
  endloop
endfacet
facet normal   -7.571680680238787e-01    3.935351637152641e-01   -5.213699182774043e-01
  outer loop
    vertex    3.280000993981957e-03    5.272352099418641e-01   -6.129450164735317e-03
    vertex    9.202728047966957e-03    5.312178134918214e-01   -1.172471977770329e-02
    vertex    7.090383209288119e-03    5.294154286384584e-01   -1.001749001443386e-02
  endloop
endfacet
facet normal    2.565174812566506e-01   -9.589817799218583e-01   -1.206346865028810e-01
  outer loop
    vertex   -2.509309910237790e-03    5.211803913116456e-01   -4.630142822861671e-03
    vertex   -6.724889855831876e-03    5.201188921928407e-01   -5.155792925506830e-03
    vertex   -1.809505978599192e-03    5.214275717735292e-01   -5.107033997774124e-03
  endloop
endfacet
facet normal   -1.267178222597677e-01   -9.829824972782514e-01   -1.329962539560961e-01
  outer loop
    vertex   -1.452101045288146e-03    5.213174819946290e-01   -4.633887205272913e-03
    vertex   -1.809505978599192e-03    5.214275717735292e-01   -5.107033997774124e-03
    vertex    9.866108885034910e-04    5.211889147758485e-01   -6.007226184010506e-03
  endloop
endfacet
facet normal    1.855022465601630e-01   -9.726938433657425e-01   -1.394833452406159e-01
  outer loop
    vertex    2.224612981081009e-02    5.297365784645082e-01   -1.846105046570301e-02
    vertex    1.993704959750175e-02    5.291211009025575e-01   -1.723988912999630e-02
    vertex    2.112602069973945e-02    5.296515226364137e-01   -1.935756951570511e-02
  endloop
endfacet
facet normal    9.379407591038164e-02    6.920171321424119e-01    7.157618040560066e-01
  outer loop
    vertex    2.444515936076641e-02    5.340479016304017e-01   -1.232654042541981e-02
    vertex    2.052064985036850e-02    5.350534915924073e-01   -1.278449967503548e-02
    vertex    2.136906050145626e-02    5.336636900901796e-01   -1.155197992920876e-02
  endloop
endfacet
facet normal    3.552041327406147e-01    9.294945583559313e-01   -9.934732040019933e-02
  outer loop
    vertex    3.194947913289070e-02    5.339639186859132e-01   -1.191154005937278e-04
    vertex    3.180950880050659e-02    5.340301394462587e-01   -3.157700989575401e-23
    vertex    3.209447115659714e-02    5.339212417602540e-01   -3.142067027676611e-23
  endloop
endfacet
facet normal    1.006868313992337e-01   -9.949181092555595e-01    3.433047113871018e-04
  outer loop
    vertex   -1.208330597728492e-02    5.182615518569947e-01    1.552196880227197e-19
    vertex   -1.189150009304286e-02    5.182793736457826e-01   -4.605547990649939e-03
    vertex   -1.179176475852729e-02    5.182910561561586e-01   -5.549808701707183e-23
  endloop
endfacet
facet normal   -5.878627735522817e-01    3.791296883524070e-01   -7.146174073455148e-01
  outer loop
    vertex    2.888830192387104e-02    5.317770242691041e-01    6.743083899012870e-21
    vertex    2.951378002762794e-02    5.326321125030519e-01   -6.088006921345368e-05
    vertex    2.683668024837970e-02    5.285958647727967e-01   -3.430526541628193e-23
  endloop
endfacet
facet normal    5.475664884095383e-01    6.779539424523449e-02   -8.340112261174787e-01
  outer loop
    vertex    3.838795050978661e-02    5.297703146934510e-01   -1.180533971637487e-02
    vertex    3.493712097406387e-02    5.230041146278382e-01   -1.462098024785519e-02
    vertex    3.711232915520668e-02    5.299056768417360e-01   -1.263184007257223e-02
  endloop
endfacet
facet normal    3.725912370760194e-01    9.279824864081514e-01    4.926963964424256e-03
  outer loop
    vertex    4.091019928455353e-02    5.312393903732301e-01   -1.218404970131814e-03
    vertex    3.944006934762001e-02    5.318667292594911e-01   -8.200791664421558e-03
    vertex    3.908890113234520e-02    5.320008993148805e-01   -6.915063131600618e-03
  endloop
endfacet
facet normal   -5.414745735666422e-01    6.788573602471470e-01    4.959414991902757e-01
  outer loop
    vertex    2.750826999545097e-02    5.368831157684327e-01   -8.594394661486149e-03
    vertex    2.926255948841571e-02    5.369001030921937e-01   -6.702294107526541e-03
    vertex    2.962380088865757e-02    5.402426719665528e-01   -1.088328007608652e-02
  endloop
endfacet
facet normal    7.616995213066778e-01   -9.833136868754705e-02   -6.404254688667615e-01
  outer loop
    vertex    3.302630037069321e-02    5.313202738761903e-01   -1.599768921732903e-02
    vertex    3.203096985816956e-02    5.268204212188722e-01   -1.649058982729912e-02
    vertex    3.133263066411018e-02    5.261949896812440e-01   -1.722514070570469e-02
  endloop
endfacet
facet normal    3.511900542545054e-01    3.862222176591005e-01   -8.529349004344962e-01
  outer loop
    vertex    2.927595935761928e-02    5.313205122947694e-01   -1.805246062576771e-02
    vertex    2.969619072973728e-02    5.333905220031739e-01   -1.694210059940815e-02
    vertex    3.235417976975441e-02    5.321905016899110e-01   -1.639107987284660e-02
  endloop
endfacet
facet normal    9.817656306202023e-01    7.229774726784179e-02    1.758103588327825e-01
  outer loop
    vertex    2.384692989289760e-02    5.347645282745362e-01   -1.986110955476761e-02
    vertex    2.390198037028312e-02    5.333865880966188e-01   -1.960187964141369e-02
    vertex    2.399099990725517e-02    5.345389842987062e-01   -2.057288028299809e-02
  endloop
endfacet
facet normal   -9.228733023948098e-01    3.814497151606245e-01    5.292430945016144e-02
  outer loop
    vertex    2.306747063994407e-02    5.237557291984559e-01   -4.060740116983652e-03
    vertex    2.324195951223373e-02    5.237393975257875e-01   -9.003619197756052e-04
    vertex    2.424383908510208e-02    5.264940261840821e-01   -3.283848986029625e-03
  endloop
endfacet
facet normal    1.849942032824615e-01    1.027299595060546e-01    9.773554625476708e-01
  outer loop
    vertex    1.747534982860088e-02    5.353674888610841e-01   -1.100165955722332e-02
    vertex    1.458634994924068e-02    5.266981124877931e-01   -9.543589316308498e-03
    vertex    2.060740068554878e-02    5.337224006652833e-01   -1.142157986760139e-02
  endloop
endfacet
facet normal    8.559073342149892e-01   -2.304060012370008e-01    4.629640480976528e-01
  outer loop
    vertex    1.466802973300219e-02    5.361316204071046e-01   -7.391985971480608e-03
    vertex    1.481452025473118e-02    5.330250263214112e-01   -9.208887815475464e-03
    vertex    1.647775992751121e-02    5.379577279090882e-01   -9.828925132751465e-03
  endloop
endfacet
facet normal    8.517188550318926e-01   -2.511876840902141e-01    4.598692633179093e-01
  outer loop
    vertex    1.153984013944864e-02    5.359104275703431e-01   -1.719119027256966e-03
    vertex    1.221846975386143e-02    5.281594991683961e-01   -7.209678180515766e-03
    vertex    1.466802973300219e-02    5.361316204071046e-01   -7.391985971480608e-03
  endloop
endfacet
facet normal    8.109515799905495e-01   -2.789150111489410e-01    5.143578049049295e-01
  outer loop
    vertex    1.221846975386143e-02    5.281594991683961e-01   -7.209678180515766e-03
    vertex    8.680853992700577e-03    5.259050726890565e-01   -2.854652004316449e-03
    vertex    1.322930026799440e-02    5.281726717948915e-01   -8.796240203082561e-03
  endloop
endfacet
facet normal    6.072680707349094e-02    2.212351184342482e-01    9.733279392240023e-01
  outer loop
    vertex    1.458634994924068e-02    5.266981124877931e-01   -9.543589316308498e-03
    vertex    2.253863960504532e-02    5.271636247634889e-01   -1.014554966241121e-02
    vertex    2.054817043244838e-02    5.310605764389039e-01   -1.090713031589985e-02
  endloop
endfacet
facet normal   -1.335529306598913e-01    9.837743666344918e-01   -1.197982064350658e-01
  outer loop
    vertex   -8.354475721716895e-03    5.280013084411622e-01   -6.566526717506349e-04
    vertex   -9.604829363524928e-03    5.279091000556947e-01   -1.994741978705861e-05
    vertex    1.586231053806841e-03    5.293772816658021e-01   -4.393149865791202e-04
  endloop
endfacet
facet normal   -7.090118160279318e-01    6.718318399876281e-01   -2.143460368460590e-01
  outer loop
    vertex    9.516117163002491e-03    5.318245291709901e-01   -1.148401014506817e-02
    vertex    1.014014985412359e-02    5.325654745101930e-01   -1.122581027448177e-02
    vertex    1.505502965301275e-02    5.352507233619691e-01   -1.906673982739449e-02
  endloop
endfacet
facet normal   -7.985176902800142e-01    5.962310019986116e-01   -8.293425447668190e-02
  outer loop
    vertex    1.455694995820522e-02    5.339689254760743e-01   -2.104016020894051e-02
    vertex    1.159248035401106e-02    5.300763249397279e-01   -2.048197947442532e-02
    vertex    9.252075105905533e-03    5.275419950485231e-01   -1.616761088371277e-02
  endloop
endfacet
facet normal   -8.686598246298973e-01    4.504203561157253e-01   -2.062804204730527e-01
  outer loop
    vertex    9.312167763710022e-03    5.274165272712709e-01   -1.723417080938816e-02
    vertex    7.956303656101227e-03    5.250933766365052e-01   -1.659722067415714e-02
    vertex    6.924426183104514e-03    5.245162248611451e-01   -1.351215038448572e-02
  endloop
endfacet
facet normal   -7.556821002559203e-01    6.011173470464195e-01   -2.600048046338288e-01
  outer loop
    vertex    1.317976042628288e-02    5.313832759857179e-01   -2.301535941660404e-02
    vertex    1.167809031903744e-02    5.299018025398256e-01   -2.207596972584724e-02
    vertex    1.455694995820522e-02    5.339689254760743e-01   -2.104016020894051e-02
  endloop
endfacet
facet normal    1.030781014681541e-01    3.338016260626159e-01   -9.369905973037694e-01
  outer loop
    vertex    2.434266917407512e-02    5.278754830360414e-01   -2.728429995477200e-02
    vertex    2.287212945520877e-02    5.273308753967286e-01   -2.764008939266205e-02
    vertex    2.107332088053226e-02    5.315824151039125e-01   -2.632337063550949e-02
  endloop
endfacet
facet normal    3.077519190010578e-01    1.757856063685719e-01   -9.350872563268093e-01
  outer loop
    vertex    2.436318993568420e-02    5.294439196586610e-01   -2.688956074416637e-02
    vertex    2.440652064979076e-02    5.347055196762086e-01   -2.588617987930775e-02
    vertex    2.491340972483158e-02    5.347033143043519e-01   -2.571976929903030e-02
  endloop
endfacet
facet normal   -1.203819764217534e-01   -9.386261851106976e-01   -3.232476827099163e-01
  outer loop
    vertex    3.224216029047966e-02    5.201662182807923e-01   -1.419480983167887e-02
    vertex    3.270975872874260e-02    5.204002857208253e-01   -1.504862029105425e-02
    vertex    3.498201817274094e-02    5.195599198341371e-01   -1.345464028418064e-02
  endloop
endfacet
facet normal    3.352850186026757e-01   -9.420668616649446e-01    9.694557925224246e-03
  outer loop
    vertex    6.924426183104514e-03    5.245162248611451e-01   -1.351215038448572e-02
    vertex    8.867716416716576e-03    5.252097845077516e-01   -1.332405954599380e-02
    vertex    7.410482037812471e-03    5.247033238410951e-01   -1.214102003723383e-02
  endloop
endfacet
facet normal    3.511647791767240e-01   -9.359765942811941e-01    2.512195899088896e-02
  outer loop
    vertex    8.867716416716576e-03    5.252097845077516e-01   -1.332405954599380e-02
    vertex    8.753433823585510e-03    5.250291824340821e-01   -1.845531910657883e-02
    vertex    1.827903091907501e-02    5.286340117454530e-01   -1.730168052017689e-02
  endloop
endfacet
facet normal   -4.444817077666069e-01   -8.797780121605232e-01    1.686020782189795e-01
  outer loop
    vertex    2.770370990037918e-02    5.259181857109071e-01   -2.441019006073475e-02
    vertex    2.542991936206817e-02    5.266306996345521e-01   -2.668658085167408e-02
    vertex    2.855483070015907e-02    5.255231261253358e-01   -2.422785013914108e-02
  endloop
endfacet
facet normal    4.056159617309207e-02    4.577057408928269e-01   -8.881780292653267e-01
  outer loop
    vertex   -3.567767096683384e-03    5.262454748153688e-01   -3.035157918930054e-03
    vertex   -5.009158048778787e-03    5.247902274131776e-01   -3.850918030366302e-03
    vertex   -7.812417112290874e-03    5.264567136764527e-01   -3.120145993307233e-03
  endloop
endfacet
facet normal   -6.821448566426151e-01    7.053566617576776e-01   -1.927443235742392e-01
  outer loop
    vertex    1.089129969477654e-02    5.348839759826661e-01   -5.399555899202824e-03
    vertex    1.014014985412359e-02    5.325654745101930e-01   -1.122581027448177e-02
    vertex    4.300623200833797e-03    5.283579230308534e-01   -5.956764798611403e-03
  endloop
endfacet
facet normal   -3.610971429417973e-01    9.190399123588344e-01    1.580332017353859e-01
  outer loop
    vertex    1.686012931168079e-02    5.356233119964601e-01   -2.029291912913322e-02
    vertex    2.178270928561687e-02    5.372077822685243e-01   -1.825956068933010e-02
    vertex    1.695949025452137e-02    5.358260869979860e-01   -2.124512009322643e-02
  endloop
endfacet
facet normal    2.696810007180749e-01   -8.253644664726612e-01   -4.960298935910991e-01
  outer loop
    vertex   -2.509309910237790e-03    5.211803913116456e-01   -4.630142822861671e-03
    vertex   -1.082054991275073e-02    5.186915993690492e-01   -5.007585976272821e-03
    vertex   -6.724889855831876e-03    5.201188921928407e-01   -5.155792925506830e-03
  endloop
endfacet
facet normal   -4.618631557957880e-01   -4.375027346307327e-01   -7.715398774587003e-01
  outer loop
    vertex    2.461804077029228e-02    5.225191116333009e-01   -1.160279009491205e-02
    vertex    2.826136909425258e-02    5.233728289604188e-01   -1.426787953823805e-02
    vertex    3.087393939495086e-02    5.209885835647584e-01   -1.447984017431736e-02
  endloop
endfacet
facet normal   -5.427299208440094e-01    3.580058196943406e-01    7.597868556941734e-01
  outer loop
    vertex    2.805358916521072e-02    5.341755747795106e-01   -2.105480059981346e-03
    vertex    2.407771907746791e-02    5.247995257377626e-01   -5.275948205962777e-04
    vertex    2.899626083672046e-02    5.319939255714418e-01   -4.041354986838996e-04
  endloop
endfacet
facet normal    2.977071476749606e-01    3.982985592608944e-01   -8.675993959852295e-01
  outer loop
    vertex    2.905439026653766e-02    5.296249985694886e-01   -2.200797013938427e-02
    vertex    3.065112978219986e-02    5.290244221687318e-01   -2.173577994108200e-02
    vertex    2.840862981975078e-02    5.266457796096803e-01   -2.359725907444954e-02
  endloop
endfacet
facet normal    3.172515428787032e-01   -9.407792969136751e-01   -1.195231067187154e-01
  outer loop
    vertex   -7.904946804046645e-03    5.195168852806092e-01   -3.764582099393010e-03
    vertex   -1.189150009304286e-02    5.182793736457826e-01   -4.605547990649939e-03
    vertex   -1.082054991275073e-02    5.186915993690492e-01   -5.007585976272821e-03
  endloop
endfacet
facet normal    9.398818736118337e-01   -3.409145060681747e-01   -1.998407386398940e-02
  outer loop
    vertex    1.108937989920378e-02    5.345633029937745e-01   -4.285388058633544e-05
    vertex    1.112801767885685e-02    5.346673130989076e-01   -4.292354874106931e-23
    vertex    1.110045239329338e-02    5.345913171768190e-01   -2.061465757839224e-21
  endloop
endfacet
facet normal    9.318647128274420e-01   -5.819457921875702e-02   -3.581082907956488e-01
  outer loop
    vertex    4.181618988513947e-02    5.279446840286256e-01   -6.836140062659979e-03
    vertex    4.131542891263962e-02    5.287550091743470e-01   -8.270896039903164e-03
    vertex    4.182761907577515e-02    5.292636156082154e-01   -7.020732853561640e-03
  endloop
endfacet
facet normal    3.619946713948989e-01   -1.851308561575604e-01   -9.136117468487738e-01
  outer loop
    vertex    3.710835054516792e-02    5.199288129806520e-01   -1.364449039101601e-02
    vertex    3.343123942613602e-02    5.207663774490358e-01   -1.527117006480694e-02
    vertex    3.415102139115334e-02    5.214723944664003e-01   -1.512903999537230e-02
  endloop
endfacet
facet normal    7.770207448251771e-01    4.669403297244712e-01   -4.221439216524728e-01
  outer loop
    vertex    4.155525937676430e-02    5.301409959793092e-01   -7.395459804683924e-03
    vertex    3.867483884096146e-02    5.314406752586366e-01   -1.125971972942352e-02
    vertex    3.862100839614868e-02    5.321143865585328e-01   -1.061359979212284e-02
  endloop
endfacet
facet normal    7.213797243701452e-01    6.396150369487587e-01   -2.655257007837308e-01
  outer loop
    vertex    4.104888066649437e-02    5.309637784957887e-01   -6.789218168705702e-03
    vertex    4.155525937676430e-02    5.301409959793092e-01   -7.395459804683924e-03
    vertex    3.862100839614868e-02    5.321143865585328e-01   -1.061359979212284e-02
  endloop
endfacet
facet normal    3.771735369278932e-01    9.253483176213642e-01    3.834858689200903e-02
  outer loop
    vertex    3.227841109037399e-02    5.346726775169374e-01   -4.400989972054958e-03
    vertex    3.908890113234520e-02    5.320008993148805e-01   -6.915063131600618e-03
    vertex    3.032848052680492e-02    5.355002284049989e-01   -5.191387142986059e-03
  endloop
endfacet
facet normal   -1.436382635098991e-01    5.390519679888158e-01   -8.299343498513877e-01
  outer loop
    vertex    2.745470032095909e-02    5.322867035865785e-01   -1.710969954729080e-02
    vertex    2.927595935761928e-02    5.313205122947694e-01   -1.805246062576771e-02
    vertex    2.582428976893425e-02    5.317239761352540e-01   -1.719301939010620e-02
  endloop
endfacet
facet normal    8.911648466994548e-01    2.249177089423056e-01   -3.940015738690408e-01
  outer loop
    vertex    2.693386003375053e-02    5.283216238021852e-01   -2.278036065399647e-02
    vertex    2.525757998228073e-02    5.278140902519227e-01   -2.686155028641224e-02
    vertex    2.636506967246532e-02    5.290126204490663e-01   -2.367240935564041e-02
  endloop
endfacet
facet normal    8.118098785735810e-01    4.740213815696701e-01   -3.409815990125113e-01
  outer loop
    vertex    2.402924001216888e-02    5.330659151077272e-01   -2.354118973016739e-02
    vertex    2.504749968647957e-02    5.316988229751588e-01   -2.301740087568760e-02
    vertex    2.634493075311184e-02    5.294036269187928e-01   -2.311917953193188e-02
  endloop
endfacet
facet normal    6.115418260124342e-01    6.573639218833728e-01   -4.403285923529025e-01
  outer loop
    vertex    2.315410040318966e-02    5.375689268112184e-01   -2.351759932935238e-02
    vertex    2.386800013482570e-02    5.372139811515809e-01   -2.305600978434086e-02
    vertex    2.366144955158233e-02    5.369188785552980e-01   -2.378343045711517e-02
  endloop
endfacet
facet normal   -9.031669171416045e-01    4.000945005503995e-01    1.556081951898950e-01
  outer loop
    vertex    2.198950015008449e-02    5.249416828155519e-01   -9.062166325747967e-03
    vertex    2.582998946309089e-02    5.332660079002381e-01   -8.174769580364227e-03
    vertex    2.559147030115127e-02    5.332133769989015e-01   -9.423837997019291e-03
  endloop
endfacet
facet normal   -8.984644767688429e-01   -4.332376368304831e-01    7.118099478110604e-02
  outer loop
    vertex    2.231960929930210e-02    5.225123167037965e-01   -8.516509085893631e-03
    vertex    2.289449051022529e-02    5.220754742622377e-01   -3.919021226465702e-03
    vertex    2.168833091855049e-02    5.237014889717103e-01   -9.246858768165112e-03
  endloop
endfacet
facet normal   -4.115931674930684e-01    7.370941008569745e-02    9.083820712331577e-01
  outer loop
    vertex    2.311955019831657e-02    5.331184864044191e-01   -1.090020034462214e-02
    vertex    2.606596983969211e-02    5.354784131050111e-01   -9.756653569638729e-03
    vertex    2.195952087640762e-02    5.337442159652711e-01   -1.147659029811621e-02
  endloop
endfacet
facet normal    7.961671098717943e-01   -1.789873797386652e-01    5.779977950240651e-01
  outer loop
    vertex    1.682599075138569e-02    5.374165177345277e-01   -1.048163045197725e-02
    vertex    1.776473969221115e-02    5.384156107902528e-01   -1.146532967686653e-02
    vertex    1.615660078823566e-02    5.384250879287721e-01   -9.247252717614174e-03
  endloop
endfacet
facet normal    6.930374178221252e-01   -1.407445773959922e-01    7.070290668933383e-01
  outer loop
    vertex    1.322930026799440e-02    5.281726717948915e-01   -8.796240203082561e-03
    vertex    1.374791003763676e-02    5.278189182281495e-01   -9.375006891787052e-03
    vertex    1.682599075138569e-02    5.374165177345277e-01   -1.048163045197725e-02
  endloop
endfacet
facet normal    8.559037991443184e-01   -2.303696097322212e-01    4.629886926504214e-01
  outer loop
    vertex    1.153984013944864e-02    5.359104275703431e-01   -1.719119027256966e-03
    vertex    1.466802973300219e-02    5.361316204071046e-01   -7.391985971480608e-03
    vertex    1.647775992751121e-02    5.379577279090882e-01   -9.828925132751465e-03
  endloop
endfacet
facet normal    8.682572498421280e-02    1.871785907878841e-01    9.784812050477146e-01
  outer loop
    vertex    1.458634994924068e-02    5.266981124877931e-01   -9.543589316308498e-03
    vertex    2.054817043244838e-02    5.310605764389039e-01   -1.090713031589985e-02
    vertex    2.060740068554878e-02    5.337224006652833e-01   -1.142157986760139e-02
  endloop
endfacet
facet normal    2.529728884348116e-01   -2.733231683657351e-01    9.280620471452673e-01
  outer loop
    vertex    1.289772987365723e-02    5.266696214675904e-01   -9.091692976653576e-03
    vertex    1.450140960514545e-02    5.261309742927552e-01   -9.687463752925396e-03
    vertex    1.458634994924068e-02    5.266981124877931e-01   -9.543589316308498e-03
  endloop
endfacet
facet normal   -1.589686974473428e-01    8.577044393225506e-01   -4.889499442665725e-01
  outer loop
    vertex   -1.049397978931667e-02    5.276638865470887e-01   -5.529489717446268e-04
    vertex   -8.354475721716895e-03    5.280013084411622e-01   -6.566526717506349e-04
    vertex   -9.249716065824046e-03    5.264697074890138e-01   -3.052287967875600e-03
  endloop
endfacet
facet normal   -3.981047874368578e-02    3.933195129120919e-01   -9.185395400007521e-01
  outer loop
    vertex   -1.083066035062076e-02    5.260304212570192e-01   -3.171870950609446e-03
    vertex   -9.249716065824046e-03    5.264697074890138e-01   -3.052287967875600e-03
    vertex   -7.812417112290874e-03    5.264567136764527e-01   -3.120145993307233e-03
  endloop
endfacet
facet normal   -1.916444144964037e-01    6.663796468891584e-01   -7.205626861031669e-01
  outer loop
    vertex   -3.126810071989895e-03    5.256335735321046e-01   -3.681059926748276e-03
    vertex    9.168087271973481e-04    5.261734724044801e-01   -4.257219843566418e-03
    vertex    7.622807752341022e-04    5.252578258514405e-01   -5.062914919108152e-03
  endloop
endfacet
facet normal   -4.515801104999530e-01    8.577000082408016e-01   -2.458172078284576e-01
  outer loop
    vertex    1.669537089765072e-02    5.379933118820192e-01   -1.251075975596905e-02
    vertex    1.734476909041404e-02    5.384181141853334e-01   -1.222153007984161e-02
    vertex    1.505502965301275e-02    5.352507233619691e-01   -1.906673982739449e-02
  endloop
endfacet
facet normal   -2.725215333176465e-01   -4.371195795855662e-01   -8.571222124184722e-01
  outer loop
    vertex    9.866108885034910e-04    5.211889147758485e-01   -6.007226184010506e-03
    vertex   -2.152227098122240e-03    5.218477845191957e-01   -5.345248151570559e-03
    vertex    6.274962797760954e-04    5.217978954315187e-01   -6.203616969287395e-03
  endloop
endfacet
facet normal   -7.976522566134435e-01    6.985193106866503e-03   -6.030771796351947e-01
  outer loop
    vertex    6.230947095900773e-03    5.244420170783998e-01   -1.099731028079987e-02
    vertex    6.056608166545629e-03    5.252426266670228e-01   -1.075745001435280e-02
    vertex    7.028316147625445e-03    5.255125761032106e-01   -1.203954033553600e-02
  endloop
endfacet
facet normal   -7.871024535164045e-01    5.310519528074998e-01   -3.137730885334133e-01
  outer loop
    vertex    1.482561044394970e-02    5.345715880393983e-01   -2.015360072255135e-02
    vertex    9.202728047966957e-03    5.312178134918214e-01   -1.172471977770329e-02
    vertex    9.516117163002491e-03    5.318245291709901e-01   -1.148401014506817e-02
  endloop
endfacet
facet normal   -8.681068923520187e-01   -3.682173018624973e-01   -3.328760160480522e-01
  outer loop
    vertex    7.375744171440600e-03    5.254958271980287e-01   -1.292707026004791e-02
    vertex    7.410482037812471e-03    5.247033238410951e-01   -1.214102003723383e-02
    vertex    7.028316147625445e-03    5.255125761032106e-01   -1.203954033553600e-02
  endloop
endfacet
facet normal   -8.503836193646430e-01    4.011687628619263e-01   -3.404575210215243e-01
  outer loop
    vertex    1.344791986048222e-02    5.328325033187867e-01   -1.944898068904877e-02
    vertex    7.375744171440600e-03    5.254958271980287e-01   -1.292707026004791e-02
    vertex    7.028316147625445e-03    5.255125761032106e-01   -1.203954033553600e-02
  endloop
endfacet
facet normal   -8.018383932323336e-01    5.072332554903751e-01   -3.158632863490552e-01
  outer loop
    vertex    1.482561044394970e-02    5.345715880393983e-01   -2.015360072255135e-02
    vertex    1.344791986048222e-02    5.328325033187867e-01   -1.944898068904877e-02
    vertex    1.358534954488277e-02    5.333076715469361e-01   -1.903479918837547e-02
  endloop
endfacet
facet normal   -9.228086211928472e-01    2.501581314646604e-01    2.929934434663443e-01
  outer loop
    vertex    6.924426183104514e-03    5.245162248611451e-01   -1.351215038448572e-02
    vertex    7.410482037812471e-03    5.247033238410951e-01   -1.214102003723383e-02
    vertex    7.375744171440600e-03    5.254958271980287e-01   -1.292707026004791e-02
  endloop
endfacet
facet normal   -7.146516583166233e-01    3.350540549230193e-01   -6.140128561723630e-01
  outer loop
    vertex    1.317976042628288e-02    5.313832759857179e-01   -2.301535941660404e-02
    vertex    1.114870980381966e-02    5.285782814025880e-01   -2.218203991651535e-02
    vertex    1.167809031903744e-02    5.299018025398256e-01   -2.207596972584724e-02
  endloop
endfacet
facet normal    5.677894102396676e-03   -9.479472136242829e-01   -3.183768862535722e-01
  outer loop
    vertex    1.196535956114531e-02    5.258656740188600e-01   -2.234100922942162e-02
    vertex    1.015856955200434e-02    5.256711840629579e-01   -2.179414965212345e-02
    vertex    2.081869915127754e-02    5.273981094360353e-01   -2.674585022032261e-02
  endloop
endfacet
facet normal    2.224963066758798e-01    7.098194651155780e-01   -6.683200733620289e-01
  outer loop
    vertex    2.440652064979076e-02    5.347055196762086e-01   -2.588617987930775e-02
    vertex    2.366144955158233e-02    5.369188785552980e-01   -2.378343045711517e-02
    vertex    2.491340972483158e-02    5.347033143043519e-01   -2.571976929903030e-02
  endloop
endfacet
facet normal    2.667147102872920e-01    9.595431772555347e-01   -9.022280365140113e-02
  outer loop
    vertex    1.979129016399383e-02    5.354046821594239e-01   -1.395307015627623e-02
    vertex    1.686012931168079e-02    5.356233119964601e-01   -2.029291912913322e-02
    vertex    1.688425987958908e-02    5.358198285102845e-01   -1.813158020377159e-02
  endloop
endfacet
facet normal   -1.184581330558707e-01    9.736280736838980e-01    1.949770367184293e-01
  outer loop
    vertex    1.588555052876472e-02    5.354204177856446e-01   -1.987186074256897e-02
    vertex    1.686012931168079e-02    5.356233119964601e-01   -2.029291912913322e-02
    vertex    1.695949025452137e-02    5.358260869979860e-01   -2.124512009322643e-02
  endloop
endfacet
facet normal    3.567897791362076e-01   -8.435994009302227e-01   -4.012992701888524e-01
  outer loop
    vertex    3.627277910709381e-02    5.195292234420777e-01   -1.354738045483828e-02
    vertex    3.710835054516792e-02    5.199288129806520e-01   -1.364449039101601e-02
    vertex    3.846964985132217e-02    5.177698731422425e-01   -7.895718328654766e-03
  endloop
endfacet
facet normal   -4.575260643869751e-01   -8.388506311232491e-01   -2.949568088223971e-01
  outer loop
    vertex    2.164964005351066e-02    5.229368805885316e-01   -9.952625259757042e-03
    vertex    2.378424070775509e-02    5.219684839248658e-01   -1.050963997840881e-02
    vertex    2.286219969391822e-02    5.222669839859010e-01   -9.928331710398197e-03
  endloop
endfacet
facet normal   -9.523720858115935e-02   -9.954545783830865e-01    2.376506257345334e-04
  outer loop
    vertex    4.848697863053522e-04    5.211277008056642e-01   -5.202343221753836e-03
    vertex    4.573558398988089e-04    5.211315751075746e-01    4.336320911732364e-19
    vertex   -6.459945579990754e-04    5.212371349334718e-01   -4.938315488814270e-23
  endloop
endfacet
facet normal   -1.449516139564284e-02    1.656083311584948e-01   -9.860850728750601e-01
  outer loop
    vertex   -1.570365019142629e-02    5.232632160186769e-01   -4.273010883480310e-03
    vertex   -1.130400039255620e-02    5.192574858665467e-01   -5.010427907109261e-03
    vertex   -1.335843000561000e-02    5.190979838371278e-01   -5.007016006857157e-03
  endloop
endfacet
facet normal    9.719289346267723e-01    2.073530480917375e-01   -1.111704074038270e-01
  outer loop
    vertex    2.523333020508289e-02    5.332701206207277e-01   -2.562584914267063e-02
    vertex    2.634493075311184e-02    5.294036269187928e-01   -2.311917953193188e-02
    vertex    2.636506967246532e-02    5.290126204490663e-01   -2.367240935564041e-02
  endloop
endfacet
facet normal   -2.678677767052000e-01   -7.562826369215806e-01   -5.968948209642582e-01
  outer loop
    vertex    1.685753092169761e-02    5.262740850448610e-01   -1.147671043872833e-02
    vertex    1.764317974448204e-02    5.274546146392823e-01   -1.332504954189062e-02
    vertex    2.256974950432777e-02    5.288795232772828e-01   -1.734133996069431e-02
  endloop
endfacet
facet normal   -2.807036160343025e-01   -7.320863973661395e-01   -6.206891224572363e-01
  outer loop
    vertex    2.491790987551212e-02    5.294311046600343e-01   -1.905385963618755e-02
    vertex    2.965423092246055e-02    5.255565047264100e-01   -1.662584953010082e-02
    vertex    2.256974950432777e-02    5.288795232772828e-01   -1.734133996069431e-02
  endloop
endfacet
facet normal   -3.053098816562345e-01   -7.498370859916570e-01    5.869669672431290e-01
  outer loop
    vertex    2.537005022168159e-02    5.296533107757569e-01   -2.060819044709206e-02
    vertex    2.451341040432453e-02    5.297151207923890e-01   -2.097480930387974e-02
    vertex    2.855483070015907e-02    5.255231261253358e-01   -2.422785013914108e-02
  endloop
endfacet
facet normal   -6.521561892502471e-01    7.285816861569399e-01   -2.094302543075051e-01
  outer loop
    vertex    1.072592008858919e-02    5.333136916160585e-01   -1.048181019723415e-02
    vertex    1.230662036687136e-02    5.362967252731324e-01   -5.026436876505613e-03
    vertex    1.501999981701374e-02    5.370085835456849e-01   -1.099930983036757e-02
  endloop
endfacet
facet normal   -6.433619490052532e-01    7.199044786371503e-01   -2.604283859534796e-01
  outer loop
    vertex    4.616416059434413e-03    5.306528806686402e-01   -1.275517977774143e-03
    vertex    1.243640016764402e-02    5.366712212562562e-01   -3.957444801926613e-03
    vertex    9.793044999241829e-03    5.343772172927858e-01   -3.768638940528035e-03
  endloop
endfacet
facet normal   -6.199775597085417e-01    7.788785387938559e-01   -9.474200369524273e-02
  outer loop
    vertex    1.180854998528957e-02    5.365235805511476e-01   -1.062648021616042e-03
    vertex    1.243640016764402e-02    5.366712212562562e-01   -3.957444801926613e-03
    vertex    4.194132052361964e-03    5.305852293968202e-01   -5.449984018923715e-05
  endloop
endfacet
facet normal    8.187435802100838e-01   -5.715524665112262e-01   -5.465096421572067e-02
  outer loop
    vertex    5.934948101639747e-03    5.217329263687135e-01   -2.707527950406075e-03
    vertex    6.558770313858985e-03    5.223676562309266e-01   -4.543038649218717e-23
    vertex    6.268796510994433e-03    5.219522714614869e-01   -4.558947555390089e-23
  endloop
endfacet
facet normal    9.888589263677636e-01   -1.084138686374556e-01   -1.020022393374497e-01
  outer loop
    vertex    4.206871986389160e-02    5.271729826927186e-01   -4.401876125484705e-03
    vertex    4.186952859163284e-02    5.212501883506776e-01   -3.784467844525352e-05
    vertex    4.178125038743019e-02    5.238541960716249e-01   -3.661345923319459e-03
  endloop
endfacet
facet normal    9.615683647151326e-01    2.501830657253457e-01   -1.131137197838218e-01
  outer loop
    vertex    4.155525937676430e-02    5.301409959793092e-01   -7.395459804683924e-03
    vertex    4.254738986492157e-02    5.296651721000672e-01   -1.387766042171279e-05
    vertex    4.182761907577515e-02    5.292636156082154e-01   -7.020732853561640e-03
  endloop
endfacet
facet normal    7.744984459134336e-01   -1.403615632226827e-01   -6.168069299605516e-01
  outer loop
    vertex    3.133263066411018e-02    5.261949896812440e-01   -1.722514070570469e-02
    vertex    3.203096985816956e-02    5.268204212188722e-01   -1.649058982729912e-02
    vertex    3.196211904287338e-02    5.259150266647340e-01   -1.637100987136364e-02
  endloop
endfacet
facet normal    3.481974691057171e-01    9.353786434268500e-01    6.184913846868984e-02
  outer loop
    vertex    2.917785011231899e-02    5.358688831329347e-01   -5.036369897425175e-03
    vertex    3.815649077296257e-02    5.322870016098024e-01   -1.413432997651398e-03
    vertex    3.227841109037399e-02    5.346726775169374e-01   -4.400989972054958e-03
  endloop
endfacet
facet normal    9.758969029811384e-01    2.118173966335857e-01    5.252261641609916e-02
  outer loop
    vertex    2.390198037028312e-02    5.333865880966188e-01   -1.960187964141369e-02
    vertex    2.309596911072731e-02    5.368002057075502e-01   -1.839249022305012e-02
    vertex    2.306107990443706e-02    5.367447733879090e-01   -1.752067916095257e-02
  endloop
endfacet
facet normal   -8.659620535677044e-01    4.312229432756899e-01    2.532913243154125e-01
  outer loop
    vertex    2.708023041486740e-02    5.367575287818910e-01   -9.419820271432400e-03
    vertex    2.643374912440776e-02    5.354778766632081e-01   -9.451455436646938e-03
    vertex    2.832590043544769e-02    5.352500081062318e-01   -2.594555029645562e-03
  endloop
endfacet
facet normal   -8.715574991417507e-01    4.191079683434993e-01    2.544327741482247e-01
  outer loop
    vertex    2.832590043544769e-02    5.352500081062318e-01   -2.594555029645562e-03
    vertex    2.643374912440776e-02    5.354778766632081e-01   -9.451455436646938e-03
    vertex    2.733829990029335e-02    5.338100194931031e-01   -3.605588106438518e-03
  endloop
endfacet
facet normal    6.644638548058555e-01    4.937651812120616e-01    5.609667828661186e-01
  outer loop
    vertex    2.136906050145626e-02    5.336636900901796e-01   -1.155197992920876e-02
    vertex    1.811967976391315e-02    5.384120941162110e-01   -1.188265997916460e-02
    vertex    1.776473969221115e-02    5.384156107902528e-01   -1.146532967686653e-02
  endloop
endfacet
facet normal   -1.224090641123718e-01    5.704524574734566e-01   -8.121576292725615e-01
  outer loop
    vertex   -1.083066035062076e-02    5.260304212570192e-01   -3.171870950609446e-03
    vertex   -9.692741557955756e-03    5.258163809776307e-01   -3.493719035759568e-03
    vertex   -1.579475961625578e-02    5.237922072410585e-01   -3.995779901742935e-03
  endloop
endfacet
facet normal   -2.707487380090717e-01    8.022336456115625e-01   -5.320867398416135e-01
  outer loop
    vertex    3.205938031896948e-03    5.297868251800538e-01   -6.460181903094053e-04
    vertex    1.411473029293119e-03    5.290983915328981e-01   -7.708765915594995e-04
    vertex    1.586231053806841e-03    5.293772816658021e-01   -4.393149865791202e-04
  endloop
endfacet
facet normal   -6.593039419536941e-01    7.187756069032744e-01   -2.206353077935387e-01
  outer loop
    vertex    1.230662036687136e-02    5.362967252731324e-01   -5.026436876505613e-03
    vertex    1.089129969477654e-02    5.348839759826661e-01   -5.399555899202824e-03
    vertex    9.793044999241829e-03    5.343772172927858e-01   -3.768638940528035e-03
  endloop
endfacet
facet normal   -4.827892470017042e-01   -8.750963774714691e-01   -3.347944318293922e-02
  outer loop
    vertex    2.231960929930210e-02    5.225123167037965e-01   -8.516509085893631e-03
    vertex    2.164964005351066e-02    5.229368805885316e-01   -9.952625259757042e-03
    vertex    2.286219969391822e-02    5.222669839859010e-01   -9.928331710398197e-03
  endloop
endfacet
facet normal    1.185700783889949e-01   -9.928452271256807e-01   -1.412414544611012e-02
  outer loop
    vertex    9.866108885034910e-04    5.211889147758485e-01   -6.007226184010506e-03
    vertex    5.934948101639747e-03    5.217329263687135e-01   -2.707527950406075e-03
    vertex    1.644138013944029e-03    5.212147235870362e-01   -2.301594009622931e-03
  endloop
endfacet
facet normal   -6.003668445755082e-01   -7.899616269590533e-01   -1.245804152612005e-01
  outer loop
    vertex    2.299329079687595e-02    5.212094783782960e-01   -7.233719225041568e-04
    vertex    2.372949011623859e-02    5.210862159729005e-01   -3.489593975245953e-03
    vertex    2.394850924611091e-02    5.203889012336732e-01   -1.234142982866615e-04
  endloop
endfacet
facet normal    3.023323502345465e-01   -9.464154183174887e-01   -1.135473732527024e-01
  outer loop
    vertex    1.292701996862888e-02    5.263540744781495e-01   -1.121161039918661e-02
    vertex    1.269636023789644e-02    5.260959267616273e-01   -9.674110449850559e-03
    vertex    7.410482037812471e-03    5.247033238410951e-01   -1.214102003723383e-02
  endloop
endfacet
facet normal    9.236458199467529e-02   -9.483926491419317e-01   -3.033482603320770e-01
  outer loop
    vertex    2.224612981081009e-02    5.297365784645082e-01   -1.846105046570301e-02
    vertex    1.417456008493900e-02    5.264120101928712e-01   -1.052473019808531e-02
    vertex    1.993704959750175e-02    5.291211009025575e-01   -1.723988912999630e-02
  endloop
endfacet
facet normal   -5.311703332793151e-01   -8.472610152824578e-01    2.617064477673166e-03
  outer loop
    vertex   -1.599339768290521e-02    5.203504562377931e-01   -5.780323952827477e-23
    vertex   -1.593112945556642e-02    5.203016996383668e-01   -3.146476112306118e-03
    vertex   -1.460084319114686e-02    5.194774270057679e-01    2.167833952582698e-19
  endloop
endfacet
facet normal   -6.607055525508572e-01    7.337285504717075e-01   -1.584632040921605e-01
  outer loop
    vertex    1.014014985412359e-02    5.325654745101930e-01   -1.122581027448177e-02
    vertex    1.501999981701374e-02    5.370085835456849e-01   -1.099930983036757e-02
    vertex    1.409597042948008e-02    5.350744724273683e-01   -1.610207930207253e-02
  endloop
endfacet
facet normal    3.560849251189001e-01    9.083547720209313e-01   -2.193060287586033e-01
  outer loop
    vertex    3.070525079965591e-02    5.295042991638185e-01   -2.105353958904743e-02
    vertex    2.935970947146415e-02    5.299499034881593e-01   -2.139260992407799e-02
    vertex    2.928318083286285e-02    5.305756926536561e-01   -1.892488077282906e-02
  endloop
endfacet
facet normal    9.947090009190437e-01   -6.922269183094597e-02    7.590930395093785e-02
  outer loop
    vertex    4.178125038743019e-02    5.238541960716249e-01   -3.661345923319459e-03
    vertex    4.150114953517914e-02    5.200362801551820e-01   -3.472536103799939e-03
    vertex    4.206871986389160e-02    5.271729826927186e-01   -4.401876125484705e-03
  endloop
endfacet
facet normal    9.012360724248171e-01   -1.033489098522617e-01   -4.208236502296882e-01
  outer loop
    vertex    4.131542891263962e-02    5.287550091743470e-01   -8.270896039903164e-03
    vertex    4.036895185709000e-02    5.195195078849794e-01   -8.029750548303127e-03
    vertex    4.010254144668579e-02    5.224220156669618e-01   -9.313113987445831e-03
  endloop
endfacet
facet normal    4.765374841014535e-01    8.347156623588736e-01    2.759742547033036e-01
  outer loop
    vertex    3.177919983863831e-02    5.352954268455506e-01   -7.116827182471752e-03
    vertex    3.744202852249146e-02    5.330548882484437e-01   -1.011832989752293e-02
    vertex    3.624932840466499e-02    5.341917276382447e-01   -1.149734016507864e-02
  endloop
endfacet
facet normal    6.247488348390858e-01    5.854780108795645e-01    5.166279049216306e-01
  outer loop
    vertex    3.037857078015804e-02    5.401921868324281e-01   -1.119009964168072e-02
    vertex    3.021644987165928e-02    5.361012220382692e-01   -6.357889156788588e-03
    vertex    3.280609101057053e-02    5.358359217643739e-01   -9.188839234411716e-03
  endloop
endfacet
facet normal   -2.259684231796703e-01    4.279360145381593e-01   -8.751051589305652e-01
  outer loop
    vertex    2.745470032095909e-02    5.322867035865785e-01   -1.710969954729080e-02
    vertex    2.897631004452705e-02    5.323197841644288e-01   -1.748643070459366e-02
    vertex    2.927595935761928e-02    5.313205122947694e-01   -1.805246062576771e-02
  endloop
endfacet
facet normal   -1.397248691209200e-01    7.718789296749009e-01    6.202256676993229e-01
  outer loop
    vertex    3.083848953247070e-02    5.337492823600770e-01   -1.022822034428827e-04
    vertex    3.194947913289070e-02    5.339639186859132e-01   -1.191154005937278e-04
    vertex    2.860550023615360e-02    5.356637239456178e-01   -2.987879095599055e-03
  endloop
endfacet
facet normal   -9.021487456300076e-01    3.336136269698073e-01    2.735499746997864e-01
  outer loop
    vertex    2.198950015008449e-02    5.249416828155519e-01   -9.062166325747967e-03
    vertex    2.306747063994407e-02    5.237557291984559e-01   -4.060740116983652e-03
    vertex    2.311223931610584e-02    5.247822999954225e-01   -5.165072157979012e-03
  endloop
endfacet
facet normal   -9.487200399266439e-01    1.931164629859099e-01    2.502724866328677e-01
  outer loop
    vertex    2.168833091855049e-02    5.237014889717103e-01   -9.246858768165112e-03
    vertex    2.306747063994407e-02    5.237557291984559e-01   -4.060740116983652e-03
    vertex    2.198950015008449e-02    5.249416828155519e-01   -9.062166325747967e-03
  endloop
endfacet
facet normal    8.483692101150349e-01   -2.368922522049747e-01    4.734466645505558e-01
  outer loop
    vertex    1.466802973300219e-02    5.361316204071046e-01   -7.391985971480608e-03
    vertex    1.322930026799440e-02    5.281726717948915e-01   -8.796240203082561e-03
    vertex    1.481452025473118e-02    5.330250263214112e-01   -9.208887815475464e-03
  endloop
endfacet
facet normal   -7.008810521270771e-02    8.273028394053268e-01   -5.573667279445164e-01
  outer loop
    vertex   -1.424441020935775e-02    5.270926952362062e-01   -9.291602182202041e-04
    vertex   -1.467593014240266e-02    5.276144146919252e-01   -1.005058002192527e-04
    vertex   -1.049397978931667e-02    5.276638865470887e-01   -5.529489717446268e-04
  endloop
endfacet
facet normal   -6.469435506049932e-01    7.444666993954842e-01   -1.650253793263284e-01
  outer loop
    vertex    1.501999981701374e-02    5.370085835456849e-01   -1.099930983036757e-02
    vertex    1.505502965301275e-02    5.352507233619691e-01   -1.906673982739449e-02
    vertex    1.409597042948008e-02    5.350744724273683e-01   -1.610207930207253e-02
  endloop
endfacet
facet normal   -8.096783046416973e-01    5.775622350273689e-01   -1.041292834064322e-01
  outer loop
    vertex    1.344791986048222e-02    5.328325033187867e-01   -1.944898068904877e-02
    vertex    9.252075105905533e-03    5.275419950485231e-01   -1.616761088371277e-02
    vertex    7.375744171440600e-03    5.254958271980287e-01   -1.292707026004791e-02
  endloop
endfacet
facet normal   -8.035478412319925e-01    5.764557668486214e-01   -1.483563807807825e-01
  outer loop
    vertex    1.482561044394970e-02    5.345715880393983e-01   -2.015360072255135e-02
    vertex    1.455694995820522e-02    5.339689254760743e-01   -2.104016020894051e-02
    vertex    1.344791986048222e-02    5.328325033187867e-01   -1.944898068904877e-02
  endloop
endfacet
facet normal   -1.235950932384892e-01    2.657482214341833e-01   -9.560868871247725e-01
  outer loop
    vertex    2.107332088053226e-02    5.315824151039125e-01   -2.632337063550949e-02
    vertex    2.044722065329551e-02    5.329126119613649e-01   -2.587269991636276e-02
    vertex    2.440652064979076e-02    5.347055196762086e-01   -2.588617987930775e-02
  endloop
endfacet
facet normal    3.320570400005616e-01   -9.206790906342384e-01   -2.051539281977734e-01
  outer loop
    vertex    3.291398985311388e-03    5.222371816635133e-01   -7.198777049779892e-03
    vertex    6.864298135042190e-03    5.242763757705690e-01   -1.056716032326221e-02
    vertex    1.077506039291620e-02    5.253347754478456e-01   -8.987128734588623e-03
  endloop
endfacet
facet normal    8.958659007128856e-01   -4.225563618939504e-01    1.373696071292300e-01
  outer loop
    vertex    7.209230214357375e-03    5.232344269752504e-01   -2.261037938296795e-03
    vertex    7.786171976476907e-03    5.248299241065980e-01   -1.115769962780178e-03
    vertex    6.802672054618596e-03    5.224992036819459e-01   -1.871226006187499e-03
  endloop
endfacet
facet normal    3.214698184545465e-01   -9.101612089902844e-01    2.612732850334010e-01
  outer loop
    vertex    1.111757010221481e-02    5.257881879806520e-01   -2.090171910822392e-02
    vertex    1.450338028371334e-02    5.263454914093019e-01   -2.312620915472507e-02
    vertex    2.196265943348407e-02    5.294572710990907e-01   -2.146401070058346e-02
  endloop
endfacet
facet normal    9.932206343174877e-01   -1.162077350349375e-01   -2.921281228648011e-03
  outer loop
    vertex    4.186614602804184e-02    5.212203264236451e-01   -2.605961154608807e-23
    vertex    4.186952859163284e-02    5.212501883506776e-01   -3.784467844525352e-05
    vertex    4.217831417918205e-02    5.238884091377259e-01   -2.588834594311921e-23
  endloop
endfacet
facet normal    4.485909607505856e-02    5.718359933080542e-01   -8.191405607444423e-01
  outer loop
    vertex    1.411473029293119e-03    5.290983915328981e-01   -7.708765915594995e-04
    vertex   -3.567767096683384e-03    5.262454748153688e-01   -3.035157918930054e-03
    vertex   -7.812417112290874e-03    5.264567136764527e-01   -3.120145993307233e-03
  endloop
endfacet
facet normal    5.192224764983939e-01    1.694941611296398e-02   -8.544710277079640e-01
  outer loop
    vertex    3.493712097406387e-02    5.230041146278382e-01   -1.462098024785519e-02
    vertex    3.415102139115334e-02    5.214723944664003e-01   -1.512903999537230e-02
    vertex    3.196211904287338e-02    5.259150266647340e-01   -1.637100987136364e-02
  endloop
endfacet
facet normal   -7.445403675856576e-01    3.953923244089654e-01   -5.378889763082056e-01
  outer loop
    vertex    3.010392934083938e-02    5.390247106552125e-01   -1.244316995143890e-02
    vertex    2.962380088865757e-02    5.402426719665528e-01   -1.088328007608652e-02
    vertex    3.101024031639099e-02    5.387833714485170e-01   -1.387508027255535e-02
  endloop
endfacet
facet normal   -6.381759270237308e-01    7.389129321130739e-01   -2.161924256847627e-01
  outer loop
    vertex    2.622101083397865e-02    5.345032215118409e-01   -1.560143008828163e-02
    vertex    2.547463960945606e-02    5.347967147827150e-01   -1.239510998129845e-02
    vertex    2.692943997681141e-02    5.351899266242982e-01   -1.534557994455099e-02
  endloop
endfacet
facet normal   -9.084857442721505e-01    4.081478720059745e-01    8.982742916988962e-02
  outer loop
    vertex    2.424383908510208e-02    5.264940261840821e-01   -3.283848986029625e-03
    vertex    2.324195951223373e-02    5.237393975257875e-01   -9.003619197756052e-04
    vertex    2.704822085797786e-02    5.325471162796022e-01   -2.424590056762099e-03
  endloop
endfacet
facet normal   -9.596614769214440e-01    2.758431334860381e-01    5.440969970103415e-02
  outer loop
    vertex    2.306747063994407e-02    5.237557291984559e-01   -4.060740116983652e-03
    vertex    2.282590046525001e-02    5.221362113952638e-01   -1.109430013457313e-04
    vertex    2.324195951223373e-02    5.237393975257875e-01   -9.003619197756052e-04
  endloop
endfacet
facet normal   -8.939806642607728e-01    3.560237642813402e-01    2.721133058025872e-01
  outer loop
    vertex    2.198950015008449e-02    5.249416828155519e-01   -9.062166325747967e-03
    vertex    2.311223931610584e-02    5.247822999954225e-01   -5.165072157979012e-03
    vertex    2.295519039034843e-02    5.259966254234315e-01   -7.269810885190964e-03
  endloop
endfacet
facet normal   -8.637720019104624e-02    8.244908280642110e-01   -5.592440019572382e-01
  outer loop
    vertex   -9.249716065824046e-03    5.264697074890138e-01   -3.052287967875600e-03
    vertex   -3.428803058341146e-03    5.283579230308534e-01   -1.167561043985188e-03
    vertex    1.586231053806841e-03    5.293772816658021e-01   -4.393149865791202e-04
  endloop
endfacet
facet normal   -1.522597898420789e-01   -9.646489858196371e-01   -2.151029766283852e-01
  outer loop
    vertex    3.687318041920662e-02    5.179541707038881e-01   -7.592163048684597e-03
    vertex    3.498201817274094e-02    5.195599198341371e-01   -1.345464028418064e-02
    vertex    3.846964985132217e-02    5.177698731422425e-01   -7.895718328654766e-03
  endloop
endfacet
facet normal   -2.546685928457354e-01   -9.521639233615099e-01   -1.689016603434960e-01
  outer loop
    vertex    2.538092993199825e-02    5.214633941650392e-01   -1.029803045094013e-02
    vertex    3.338202089071274e-02    5.197166800498964e-01   -1.251510996371508e-02
    vertex    3.101190924644470e-02    5.193963050842286e-01   -7.135396823287010e-03
  endloop
endfacet
facet normal   -3.253051141053426e-01   -8.463944804554490e-01    4.216550322140843e-01
  outer loop
    vertex    2.313919924199581e-02    5.274083018302919e-01   -2.689296938478947e-02
    vertex    2.542991936206817e-02    5.266306996345521e-01   -2.668658085167408e-02
    vertex    2.399701997637748e-02    5.296040177345277e-01   -2.182367071509361e-02
  endloop
endfacet
facet normal   -1.436961207515111e-01   -9.759715005196143e-01   -1.638018774448561e-01
  outer loop
    vertex    4.848697863053522e-04    5.211277008056642e-01   -5.202343221753836e-03
    vertex   -1.452101045288146e-03    5.213174819946290e-01   -4.633887205272913e-03
    vertex    9.866108885034910e-04    5.211889147758485e-01   -6.007226184010506e-03
  endloop
endfacet
facet normal   -4.385162634183135e-01    4.922322713990293e-01   -7.519380810352624e-01
  outer loop
    vertex    3.073991090059280e-02    5.338177084922792e-01    1.352036332996873e-20
    vertex    3.083848953247070e-02    5.337492823600770e-01   -1.022822034428827e-04
    vertex    3.069066815078258e-02    5.337738394737245e-01    5.417791778200063e-20
  endloop
endfacet
facet normal   -9.387669599713151e-01    2.778885522914228e-01   -2.037021044849371e-01
  outer loop
    vertex    2.283526211977005e-02    5.222491621971131e-01    1.351602658249262e-20
    vertex    2.282590046525001e-02    5.221362113952638e-01   -1.109430013457313e-04
    vertex    2.281475998461246e-02    5.221799015998841e-01    1.351601533435430e-20
  endloop
endfacet
facet normal   -8.547463258480937e-01    3.980436321351417e-01   -3.331215774546112e-01
  outer loop
    vertex    2.296549826860428e-02    5.225288271903993e-01   -3.642912178808320e-23
    vertex    2.282590046525001e-02    5.221362113952638e-01   -1.109430013457313e-04
    vertex    2.283526211977005e-02    5.222491621971131e-01    1.351602658249262e-20
  endloop
endfacet
facet normal   -6.173281578068003e-02    9.681334004747131e-01    2.427071864223582e-01
  outer loop
    vertex   -1.423311140388252e-02    5.276174545288087e-01   -5.683748921026987e-23
    vertex   -1.467593014240266e-02    5.276144146919252e-01   -1.005058002192527e-04
    vertex   -1.458458043634893e-02    5.275950431823732e-01   -5.703031655556796e-23
  endloop
endfacet
facet normal   -6.391414890745440e-01    7.465970211251263e-01    1.846376044869034e-01
  outer loop
    vertex    4.313618410378694e-03    5.306740403175355e-01   -4.666214986722226e-23
    vertex    4.194132052361964e-03    5.305852293968202e-01   -5.449984018923715e-05
    vertex    4.207300022244453e-03    5.305830240249635e-01    6.093965172271591e-20
  endloop
endfacet
facet normal    3.066732748948660e-01   -9.518142048054202e-01    1.105439226529936e-03
  outer loop
    vertex   -9.762161411345019e-03    5.189228653907777e-01   -2.168948190776942e-19
    vertex   -7.904946804046645e-03    5.195168852806092e-01   -3.764582099393010e-03
    vertex   -7.960880175232901e-03    5.195032358169557e-01   -5.339633910742471e-23
  endloop
endfacet
facet normal    1.401153146502808e-01   -9.901299606542473e-01    3.218635622718259e-03
  outer loop
    vertex   -1.931308186613024e-03    5.212647318840028e-01   -4.337309573139608e-19
    vertex   -1.452101045288146e-03    5.213174819946290e-01   -4.633887205272913e-03
    vertex   -1.520218560472132e-03    5.213229060173036e-01   -4.986278261640228e-23
  endloop
endfacet
facet normal   -4.712793061379158e-01    4.117601709534659e-01   -7.799675488265759e-01
  outer loop
    vertex    3.083848953247070e-02    5.337492823600770e-01   -1.022822034428827e-04
    vertex    3.035831265151500e-02    5.333934426307679e-01   -3.237318331373130e-23
    vertex    3.069066815078258e-02    5.337738394737245e-01    5.417791778200063e-20
  endloop
endfacet
facet normal    8.052818811307652e-01   -3.302461450233325e-01   -4.924008282077966e-01
  outer loop
    vertex    3.998494148254395e-02    5.184816718101503e-01   -7.969480939209461e-03
    vertex    3.710835054516792e-02    5.199288129806520e-01   -1.364449039101601e-02
    vertex    3.805138915777206e-02    5.211362242698671e-01   -1.291202008724213e-02
  endloop
endfacet
facet normal    4.311832201120728e-01   -4.077345681889200e-02   -9.013426406826772e-01
  outer loop
    vertex    3.755205124616623e-02    5.211710929870607e-01   -1.348842959851027e-02
    vertex    3.710835054516792e-02    5.199288129806520e-01   -1.364449039101601e-02
    vertex    3.415102139115334e-02    5.214723944664003e-01   -1.512903999537230e-02
  endloop
endfacet
facet normal    6.409839989499886e-01    7.638493523668788e-01    7.532383406851337e-02
  outer loop
    vertex    3.744202852249146e-02    5.330548882484437e-01   -1.011832989752293e-02
    vertex    3.862100839614868e-02    5.321143865585328e-01   -1.061359979212284e-02
    vertex    3.624932840466499e-02    5.341917276382447e-01   -1.149734016507864e-02
  endloop
endfacet
facet normal    7.706772093471400e-01    3.564575973179218e-01   -5.281994133916081e-01
  outer loop
    vertex    3.235417976975441e-02    5.321905016899110e-01   -1.639107987284660e-02
    vertex    3.302630037069321e-02    5.313202738761903e-01   -1.599768921732903e-02
    vertex    3.232968971133232e-02    5.307648777961732e-01   -1.738890074193478e-02
  endloop
endfacet
facet normal    6.140515735517754e-01    6.218184797546412e-01   -4.860889252536158e-01
  outer loop
    vertex    3.070525079965591e-02    5.295042991638185e-01   -2.105353958904743e-02
    vertex    3.232968971133232e-02    5.307648777961732e-01   -1.738890074193478e-02
    vertex    3.065112978219986e-02    5.290244221687318e-01   -2.173577994108200e-02
  endloop
endfacet
facet normal    2.405959205049869e-01    7.391761918320097e-01   -6.290724604249388e-01
  outer loop
    vertex    2.927595935761928e-02    5.313205122947694e-01   -1.805246062576771e-02
    vertex    2.928318083286285e-02    5.305756926536561e-01   -1.892488077282906e-02
    vertex    2.825576066970825e-02    5.312207937240602e-01   -1.855981908738613e-02
  endloop
endfacet
facet normal    5.985852262718971e-01    5.800511745067080e-01   -5.524820013741717e-01
  outer loop
    vertex    3.112665936350822e-02    5.394697189331056e-01   -1.302834972739220e-02
    vertex    3.277315944433212e-02    5.382661223411561e-01   -1.250811014324427e-02
    vertex    3.101024031639099e-02    5.387833714485170e-01   -1.387508027255535e-02
  endloop
endfacet
facet normal    7.334910061094859e-01   -6.984302731248460e-02   -6.761012464803786e-01
  outer loop
    vertex    2.502650953829288e-02    5.388805270195008e-01   -2.197132073342800e-02
    vertex    2.528610080480575e-02    5.384531021118165e-01   -2.164554037153721e-02
    vertex    2.386800013482570e-02    5.372139811515809e-01   -2.305600978434086e-02
  endloop
endfacet
facet normal   -8.107547587299391e-01    4.207935652076710e-01    4.069514672249945e-01
  outer loop
    vertex    2.324195951223373e-02    5.237393975257875e-01   -9.003619197756052e-04
    vertex    2.805358916521072e-02    5.341755747795106e-01   -2.105480059981346e-03
    vertex    2.704822085797786e-02    5.325471162796022e-01   -2.424590056762099e-03
  endloop
endfacet
facet normal   -9.856593005900234e-01   -1.680730672483084e-01   -1.507273121008331e-02
  outer loop
    vertex    2.299329079687595e-02    5.212094783782960e-01   -7.233719225041568e-04
    vertex    2.282590046525001e-02    5.221362113952638e-01   -1.109430013457313e-04
    vertex    2.289449051022529e-02    5.220754742622377e-01   -3.919021226465702e-03
  endloop
endfacet
facet normal   -8.455833524360711e-01    4.839127799112357e-01    2.254267409194283e-01
  outer loop
    vertex    2.149656973779201e-02    5.242642164230348e-01   -9.456880390644073e-03
    vertex    2.198950015008449e-02    5.249416828155519e-01   -9.062166325747967e-03
    vertex    2.243269048631191e-02    5.258824229240419e-01   -9.419186040759087e-03
  endloop
endfacet
facet normal   -7.447480848839954e-01    4.792741638693132e-01   -4.643776113347757e-01
  outer loop
    vertex    2.418244071304798e-02    5.277950167655946e-01   -1.025141030550003e-02
    vertex    2.243269048631191e-02    5.258824229240419e-01   -9.419186040759087e-03
    vertex    2.451799064874649e-02    5.285047888755799e-01   -1.005700975656509e-02
  endloop
endfacet
facet normal   -2.810039549465062e-01    2.157264194443261e-01    9.351464533740973e-01
  outer loop
    vertex    2.166407927870750e-02    5.325676202774049e-01   -1.121047977358103e-02
    vertex    2.311955019831657e-02    5.331184864044191e-01   -1.090020034462214e-02
    vertex    2.136906050145626e-02    5.336636900901796e-01   -1.155197992920876e-02
  endloop
endfacet
facet normal   -1.747044206647619e-01    4.720642982480011e-01    8.640796628319708e-01
  outer loop
    vertex    2.136906050145626e-02    5.336636900901796e-01   -1.155197992920876e-02
    vertex    2.311955019831657e-02    5.331184864044191e-01   -1.090020034462214e-02
    vertex    2.195952087640762e-02    5.337442159652711e-01   -1.147659029811621e-02
  endloop
endfacet
facet normal    7.627083519301067e-01   -8.544584234847424e-02    6.410733015197406e-01
  outer loop
    vertex    1.682599075138569e-02    5.374165177345277e-01   -1.048163045197725e-02
    vertex    1.710294000804424e-02    5.367606878280641e-01   -1.089853979647160e-02
    vertex    1.776473969221115e-02    5.384156107902528e-01   -1.146532967686653e-02
  endloop
endfacet
facet normal    8.106397049270906e-01   -2.954035752564659e-01    5.055689829503159e-01
  outer loop
    vertex    1.075411029160023e-02    5.334843993186952e-01   -1.750358962453902e-03
    vertex    8.680853992700577e-03    5.259050726890565e-01   -2.854652004316449e-03
    vertex    1.221846975386143e-02    5.281594991683961e-01   -7.209678180515766e-03
  endloop
endfacet
facet normal    8.429757946088945e-01   -3.798377359701179e-01    3.809397643153022e-01
  outer loop
    vertex    8.076143451035023e-03    5.256133079528810e-01   -1.807417953386903e-03
    vertex    7.209230214357375e-03    5.232344269752504e-01   -2.261037938296795e-03
    vertex    8.680853992700577e-03    5.259050726890565e-01   -2.854652004316449e-03
  endloop
endfacet
facet normal   -1.192217699511906e-01   -2.273287716548672e-01    9.664925241033139e-01
  outer loop
    vertex    1.450140960514545e-02    5.261309742927552e-01   -9.687463752925396e-03
    vertex    2.020953036844730e-02    5.239971876144410e-01   -9.485226124525070e-03
    vertex    1.458634994924068e-02    5.266981124877931e-01   -9.543589316308498e-03
  endloop
endfacet
facet normal   -1.616891121358150e-01    9.708526545871058e-01   -1.769230174338597e-01
  outer loop
    vertex   -1.049397978931667e-02    5.276638865470887e-01   -5.529489717446268e-04
    vertex   -9.604829363524928e-03    5.279091000556947e-01   -1.994741978705861e-05
    vertex   -8.354475721716895e-03    5.280013084411622e-01   -6.566526717506349e-04
  endloop
endfacet
facet normal   -2.155458261928876e-01    6.311676305060752e-01   -7.450955770987854e-01
  outer loop
    vertex   -3.567767096683384e-03    5.262454748153688e-01   -3.035157918930054e-03
    vertex   -3.126810071989895e-03    5.256335735321046e-01   -3.681059926748276e-03
    vertex   -5.009158048778787e-03    5.247902274131776e-01   -3.850918030366302e-03
  endloop
endfacet
facet normal   -4.272183408551988e-01    8.665398291360702e-01   -2.580566095990590e-01
  outer loop
    vertex    1.734476909041404e-02    5.384181141853334e-01   -1.222153007984161e-02
    vertex    1.588555052876472e-02    5.354204177856446e-01   -1.987186074256897e-02
    vertex    1.505502965301275e-02    5.352507233619691e-01   -1.906673982739449e-02
  endloop
endfacet
facet normal   -6.717353604989305e-01    7.199445802792488e-01   -1.745033145298630e-01
  outer loop
    vertex    1.014014985412359e-02    5.325654745101930e-01   -1.122581027448177e-02
    vertex    1.409597042948008e-02    5.350744724273683e-01   -1.610207930207253e-02
    vertex    1.505502965301275e-02    5.352507233619691e-01   -1.906673982739449e-02
  endloop
endfacet
facet normal   -1.198000064821418e-02    2.795151515414616e-01   -9.600665391748755e-01
  outer loop
    vertex   -5.009158048778787e-03    5.247902274131776e-01   -3.850918030366302e-03
    vertex   -9.972845204174532e-03    5.245832204818727e-01   -3.849247936159372e-03
    vertex   -9.692741557955756e-03    5.258163809776307e-01   -3.493719035759568e-03
  endloop
endfacet
facet normal   -6.097853517080578e-01    2.694868610752841e-01   -7.453446562162170e-01
  outer loop
    vertex    6.274962797760954e-04    5.217978954315187e-01   -6.203616969287395e-03
    vertex    7.622807752341022e-04    5.252578258514405e-01   -5.062914919108152e-03
    vertex    1.597887021489441e-03    5.251597166061402e-01   -5.782017949968576e-03
  endloop
endfacet
facet normal   -7.261765601632902e-01    2.904086717748682e-01   -6.231616217542348e-01
  outer loop
    vertex    6.056608166545629e-03    5.252426266670228e-01   -1.075745001435280e-02
    vertex    2.951670903712510e-03    5.235865116119386e-01   -7.911025546491146e-03
    vertex    7.090383209288119e-03    5.294154286384584e-01   -1.001749001443386e-02
  endloop
endfacet
facet normal   -8.180565888828445e-01    5.640388653385016e-01   -1.124436559927695e-01
  outer loop
    vertex    1.159248035401106e-02    5.300763249397279e-01   -2.048197947442532e-02
    vertex    9.312167763710022e-03    5.274165272712709e-01   -1.723417080938816e-02
    vertex    9.252075105905533e-03    5.275419950485231e-01   -1.616761088371277e-02
  endloop
endfacet
facet normal   -8.547368242773196e-01    4.922102886833223e-01   -1.647846866022540e-01
  outer loop
    vertex    9.312167763710022e-03    5.274165272712709e-01   -1.723417080938816e-02
    vertex    6.924426183104514e-03    5.245162248611451e-01   -1.351215038448572e-02
    vertex    7.375744171440600e-03    5.254958271980287e-01   -1.292707026004791e-02
  endloop
endfacet
facet normal   -3.496101232717730e-01    3.622762089978878e-01   -8.640189292486679e-01
  outer loop
    vertex    1.852609030902385e-02    5.327038764953614e-01   -2.518286928534508e-02
    vertex    1.772494986653328e-02    5.355746746063234e-01   -2.365499921143055e-02
    vertex    2.044722065329551e-02    5.329126119613649e-01   -2.587269991636276e-02
  endloop
endfacet
facet normal   -3.510319612436213e-01    2.372938337694013e-01   -9.057969963741747e-01
  outer loop
    vertex    1.985462009906768e-02    5.315788984298707e-01   -2.599244005978107e-02
    vertex    1.852609030902385e-02    5.327038764953614e-01   -2.518286928534508e-02
    vertex    2.044722065329551e-02    5.329126119613649e-01   -2.587269991636276e-02
  endloop
endfacet
facet normal   -5.788860069377799e-01    1.831034714454157e-01   -7.945842370172406e-01
  outer loop
    vertex    1.309993956238031e-02    5.302410125732423e-01   -2.322042919695377e-02
    vertex    1.114870980381966e-02    5.285782814025880e-01   -2.218203991651535e-02
    vertex    1.317976042628288e-02    5.313832759857179e-01   -2.301535941660404e-02
  endloop
endfacet
facet normal   -8.177741241824861e-03    2.441582787780311e-01   -9.697009123705778e-01
  outer loop
    vertex    2.434266917407512e-02    5.278754830360414e-01   -2.728429995477200e-02
    vertex    2.107332088053226e-02    5.315824151039125e-01   -2.632337063550949e-02
    vertex    2.436318993568420e-02    5.294439196586610e-01   -2.688956074416637e-02
  endloop
endfacet
facet normal    4.015689409805230e-01    8.151150346067768e-01   -4.175282816741573e-01
  outer loop
    vertex    1.688425987958908e-02    5.358198285102845e-01   -1.813158020377159e-02
    vertex    1.588555052876472e-02    5.354204177856446e-01   -1.987186074256897e-02
    vertex    1.811967976391315e-02    5.384120941162110e-01   -1.188265997916460e-02
  endloop
endfacet
facet normal   -2.371168163558983e-01    9.027928907375445e-01    3.588044200326849e-01
  outer loop
    vertex    2.020438015460968e-02    5.356985926628114e-01   -1.550531014800072e-02
    vertex    2.243106998503208e-02    5.371869206428529e-01   -1.777859963476658e-02
    vertex    2.178270928561687e-02    5.372077822685243e-01   -1.825956068933010e-02
  endloop
endfacet
facet normal   -3.805806067902586e-01   -9.150171156871117e-01   -1.337986537107051e-01
  outer loop
    vertex    2.378424070775509e-02    5.219684839248658e-01   -1.050963997840881e-02
    vertex    2.443151921033859e-02    5.209885239601136e-01   -5.649064201861620e-03
    vertex    2.286219969391822e-02    5.222669839859010e-01   -9.928331710398197e-03
  endloop
endfacet
facet normal   -2.379090496598401e-01   -9.664122744288045e-01   -9.719362079527974e-02
  outer loop
    vertex    3.224216029047966e-02    5.201662182807923e-01   -1.419480983167887e-02
    vertex    3.338202089071274e-02    5.197166800498964e-01   -1.251510996371508e-02
    vertex    2.538092993199825e-02    5.214633941650392e-01   -1.029803045094013e-02
  endloop
endfacet
facet normal    3.714940670331627e-01   -9.283775479888107e-01    1.035792206205833e-02
  outer loop
    vertex    1.077506039291620e-02    5.253347754478456e-01   -8.987128734588623e-03
    vertex    1.269636023789644e-02    5.260959267616273e-01   -9.674110449850559e-03
    vertex    1.130170002579689e-02    5.255535840988160e-01   -8.263668976724148e-03
  endloop
endfacet
facet normal    3.129652750813495e-01   -9.384795169562665e-01   -1.459757954141290e-01
  outer loop
    vertex    6.864298135042190e-03    5.242763757705690e-01   -1.056716032326221e-02
    vertex    7.410482037812471e-03    5.247033238410951e-01   -1.214102003723383e-02
    vertex    1.077506039291620e-02    5.253347754478456e-01   -8.987128734588623e-03
  endloop
endfacet
facet normal    8.317591489456554e-02   -8.224748970123337e-01   -5.626871341749365e-01
  outer loop
    vertex    1.597960945218801e-03    5.216568112373353e-01   -6.600777152925730e-03
    vertex    3.291398985311388e-03    5.222371816635133e-01   -7.198777049779892e-03
    vertex    9.866108885034910e-04    5.211889147758485e-01   -6.007226184010506e-03
  endloop
endfacet
facet normal    9.455602509907705e-01   -3.241246632412710e-01    2.930894786586119e-02
  outer loop
    vertex    8.076143451035023e-03    5.256133079528810e-01   -1.807417953386903e-03
    vertex    1.108937989920378e-02    5.345633029937745e-01   -4.285388058633544e-05
    vertex    7.786171976476907e-03    5.248299241065980e-01   -1.115769962780178e-03
  endloop
endfacet
facet normal   -2.373287425935124e-01   -9.690111490775868e-01   -6.850153941567477e-02
  outer loop
    vertex    3.418774157762527e-02    5.185204744338990e-01   -6.579244975000620e-03
    vertex    2.562483027577400e-02    5.204097032546998e-01   -3.637104062363505e-03
    vertex    2.665771916508674e-02    5.202962160110475e-01   -5.610254127532244e-03
  endloop
endfacet
facet normal    8.810159887902161e-01    4.008583695196077e-01   -2.512436966016849e-01
  outer loop
    vertex    2.636506967246532e-02    5.290126204490663e-01   -2.367240935564041e-02
    vertex    2.634493075311184e-02    5.294036269187928e-01   -2.311917953193188e-02
    vertex    2.693386003375053e-02    5.283216238021852e-01   -2.278036065399647e-02
  endloop
endfacet
facet normal   -4.978734091067042e-01    3.892446057237389e-01    7.749907776350886e-01
  outer loop
    vertex    2.805358916521072e-02    5.341755747795106e-01   -2.105480059981346e-03
    vertex    2.899626083672046e-02    5.319939255714418e-01   -4.041354986838996e-04
    vertex    3.083848953247070e-02    5.337492823600770e-01   -1.022822034428827e-04
  endloop
endfacet
facet normal    2.889170746053905e-01    9.450990701317265e-02   -9.526777007350518e-01
  outer loop
    vertex    2.504749968647957e-02    5.316988229751588e-01   -2.301740087568760e-02
    vertex    2.905439026653766e-02    5.296249985694886e-01   -2.200797013938427e-02
    vertex    2.693386003375053e-02    5.283216238021852e-01   -2.278036065399647e-02
  endloop
endfacet
facet normal   -2.148389996748240e-01   -8.045199888309376e-01   -5.537073159984336e-01
  outer loop
    vertex    2.256974950432777e-02    5.288795232772828e-01   -1.734133996069431e-02
    vertex    2.224612981081009e-02    5.297365784645082e-01   -1.846105046570301e-02
    vertex    2.491790987551212e-02    5.294311046600343e-01   -1.905385963618755e-02
  endloop
endfacet
facet normal    1.423676495237855e-01   -9.838808371594671e-01   -1.082125253353741e-01
  outer loop
    vertex    2.081869915127754e-02    5.273981094360353e-01   -2.674585022032261e-02
    vertex    2.197417989373207e-02    5.275244116783143e-01   -2.637401968240738e-02
    vertex    2.056285925209522e-02    5.272895097732545e-01   -2.609504014253616e-02
  endloop
endfacet
facet normal    2.864213614942148e-01   -9.116512021560756e-01    2.947115357212579e-01
  outer loop
    vertex    1.450338028371334e-02    5.263454914093019e-01   -2.312620915472507e-02
    vertex    2.056285925209522e-02    5.272895097732545e-01   -2.609504014253616e-02
    vertex    1.719477958977222e-02    5.271288156509401e-01   -2.331878989934921e-02
  endloop
endfacet
facet normal    2.351787349083726e-01   -9.558729278824427e-01    1.760622287384318e-01
  outer loop
    vertex    1.196535956114531e-02    5.258656740188600e-01   -2.234100922942162e-02
    vertex    2.056285925209522e-02    5.272895097732545e-01   -2.609504014253616e-02
    vertex    1.450338028371334e-02    5.263454914093019e-01   -2.312620915472507e-02
  endloop
endfacet
facet normal   -2.764401456342601e-03   -9.174461432975344e-01    3.978503892584099e-01
  outer loop
    vertex    2.313919924199581e-02    5.274083018302919e-01   -2.689296938478947e-02
    vertex    2.399701997637748e-02    5.296040177345277e-01   -2.182367071509361e-02
    vertex    2.340394072234630e-02    5.300133228302003e-01   -2.088393084704876e-02
  endloop
endfacet
facet normal   -3.749087330751926e-01   -8.080456895542228e-01   -4.544288783261848e-01
  outer loop
    vertex    3.045218996703624e-02    5.261631011962892e-01   -1.771404035389423e-02
    vertex    2.915103919804096e-02    5.281932950019838e-01   -2.025057934224606e-02
    vertex    3.065053932368755e-02    5.279958248138429e-01   -2.113655023276806e-02
  endloop
endfacet
facet normal   -3.435427111332788e-01   -7.899854743493789e-01   -5.078398920370309e-01
  outer loop
    vertex    2.491790987551212e-02    5.294311046600343e-01   -1.905385963618755e-02
    vertex    2.494185976684093e-02    5.299568176269532e-01   -1.988784968852997e-02
    vertex    3.045218996703624e-02    5.261631011962892e-01   -1.771404035389423e-02
  endloop
endfacet
facet normal   -4.359859529732412e-01   -8.192645011277730e-01    3.724539246697180e-01
  outer loop
    vertex    2.542991936206817e-02    5.266306996345521e-01   -2.668658085167408e-02
    vertex    2.451341040432453e-02    5.297151207923890e-01   -2.097480930387974e-02
    vertex    2.399701997637748e-02    5.296040177345277e-01   -2.182367071509361e-02
  endloop
endfacet
facet normal   -6.515295221879501e-01    7.266769452346398e-01   -2.178299772345249e-01
  outer loop
    vertex    1.072592008858919e-02    5.333136916160585e-01   -1.048181019723415e-02
    vertex    1.501999981701374e-02    5.370085835456849e-01   -1.099930983036757e-02
    vertex    1.014014985412359e-02    5.325654745101930e-01   -1.122581027448177e-02
  endloop
endfacet
facet normal   -6.182565382383155e-01    7.844533750658268e-01   -4.890557507490984e-02
  outer loop
    vertex    1.135922968387604e-02    5.362256169319154e-01   -1.617967936908826e-04
    vertex    1.180854998528957e-02    5.365235805511476e-01   -1.062648021616042e-03
    vertex    4.194132052361964e-03    5.305852293968202e-01   -5.449984018923715e-05
  endloop
endfacet
facet normal    3.082606650161916e-01   -9.505024341913795e-01    3.899339687739089e-02
  outer loop
    vertex    5.934948101639747e-03    5.217329263687135e-01   -2.707527950406075e-03
    vertex    6.268796510994433e-03    5.219522714614869e-01   -4.558947555390089e-23
    vertex    5.384963937103747e-03    5.216656327247621e-01    2.167943601222439e-19
  endloop
endfacet
facet normal    8.166002336676996e-01    2.005606889501193e-01   -5.412388275259934e-01
  outer loop
    vertex    3.867483884096146e-02    5.314406752586366e-01   -1.125971972942352e-02
    vertex    4.155525937676430e-02    5.301409959793092e-01   -7.395459804683924e-03
    vertex    4.131542891263962e-02    5.287550091743470e-01   -8.270896039903164e-03
  endloop
endfacet
facet normal    7.564197375735109e-01    4.153743693283685e-02   -6.527662843179568e-01
  outer loop
    vertex    3.755205124616623e-02    5.211710929870607e-01   -1.348842959851027e-02
    vertex    3.927436098456383e-02    5.292798280715943e-01   -1.097664982080460e-02
    vertex    3.805138915777206e-02    5.211362242698671e-01   -1.291202008724213e-02
  endloop
endfacet
facet normal    3.724948773066449e-01    7.315309830617932e-01   -5.710604059125040e-01
  outer loop
    vertex    2.905439026653766e-02    5.296249985694886e-01   -2.200797013938427e-02
    vertex    2.935970947146415e-02    5.299499034881593e-01   -2.139260992407799e-02
    vertex    3.065112978219986e-02    5.290244221687318e-01   -2.173577994108200e-02
  endloop
endfacet
facet normal    3.841864147655369e-01    7.405410815149219e-01   -5.513616828347002e-01
  outer loop
    vertex    3.065112978219986e-02    5.290244221687318e-01   -2.173577994108200e-02
    vertex    2.935970947146415e-02    5.299499034881593e-01   -2.139260992407799e-02
    vertex    3.070525079965591e-02    5.295042991638185e-01   -2.105353958904743e-02
  endloop
endfacet
facet normal    2.167940325504453e-01    9.523875810317780e-01    2.143787371614889e-01
  outer loop
    vertex    2.149762026965618e-02    5.349575877189637e-01   -1.334641966968775e-02
    vertex    2.036622911691665e-02    5.353913903236390e-01   -1.412947010248899e-02
    vertex    2.052064985036850e-02    5.350534915924073e-01   -1.278449967503548e-02
  endloop
endfacet
facet normal   -1.947915136841962e-01    6.890002844781474e-01   -6.980937431216894e-01
  outer loop
    vertex   -1.083066035062076e-02    5.260304212570192e-01   -3.171870950609446e-03
    vertex   -1.579475961625578e-02    5.237922072410585e-01   -3.995779901742935e-03
    vertex   -1.471143029630186e-02    5.247266888618470e-01   -3.375756088644266e-03
  endloop
endfacet
facet normal   -4.428314814901291e-01   -8.905910178672483e-01   -1.036721654805967e-01
  outer loop
    vertex    2.443151921033859e-02    5.209885239601136e-01   -5.649064201861620e-03
    vertex    2.372949011623859e-02    5.210862159729005e-01   -3.489593975245953e-03
    vertex    2.286219969391822e-02    5.222669839859010e-01   -9.928331710398197e-03
  endloop
endfacet
facet normal   -3.400803273660172e-01   -9.379254063987543e-01   -6.812710892408455e-02
  outer loop
    vertex    2.562483027577400e-02    5.204097032546998e-01   -3.637104062363505e-03
    vertex    2.372949011623859e-02    5.210862159729005e-01   -3.489593975245953e-03
    vertex    2.443151921033859e-02    5.209885239601136e-01   -5.649064201861620e-03
  endloop
endfacet
facet normal    6.182814014153878e-01   -7.823393255603188e-01    7.532123436089924e-02
  outer loop
    vertex    8.086454123258591e-03    5.232568979263307e-01   -4.539325833320618e-03
    vertex    6.802672054618596e-03    5.224992036819459e-01   -1.871226006187499e-03
    vertex    5.934948101639747e-03    5.217329263687135e-01   -2.707527950406075e-03
  endloop
endfacet
facet normal    3.081818250817643e-01   -9.081476315175888e-01   -2.833581515648818e-01
  outer loop
    vertex    5.934948101639747e-03    5.217329263687135e-01   -2.707527950406075e-03
    vertex    3.291398985311388e-03    5.222371816635133e-01   -7.198777049779892e-03
    vertex    1.077506039291620e-02    5.253347754478456e-01   -8.987128734588623e-03
  endloop
endfacet
facet normal   -2.848036347887222e-01   -6.379027969257278e-01   -7.155186309841735e-01
  outer loop
    vertex   -1.809505978599192e-03    5.214275717735292e-01   -5.107033997774124e-03
    vertex   -2.152227098122240e-03    5.218477845191957e-01   -5.345248151570559e-03
    vertex    9.866108885034910e-04    5.211889147758485e-01   -6.007226184010506e-03
  endloop
endfacet
facet normal    1.211419048159289e-01   -9.427062795948191e-01   -3.108528740579107e-01
  outer loop
    vertex   -2.509309910237790e-03    5.211803913116456e-01   -4.630142822861671e-03
    vertex   -1.809505978599192e-03    5.214275717735292e-01   -5.107033997774124e-03
    vertex   -1.452101045288146e-03    5.213174819946290e-01   -4.633887205272913e-03
  endloop
endfacet
facet normal    4.365379083205498e-01    8.947751246152460e-01   -9.387295121008180e-02
  outer loop
    vertex    2.458072081208229e-02    5.328419208526612e-01   -2.019767090678215e-02
    vertex    2.825576066970825e-02    5.312207937240602e-01   -1.855981908738613e-02
    vertex    2.439882047474384e-02    5.326542854309083e-01   -2.283206023275852e-02
  endloop
endfacet
facet normal   -5.843564050961094e-01   -7.976990736638460e-01    1.490093275570149e-01
  outer loop
    vertex    2.391391061246395e-02    5.204373002052308e-01   -3.590879192200822e-23
    vertex    2.394850924611091e-02    5.203889012336732e-01   -1.234142982866615e-04
    vertex    2.395573258399963e-02    5.204066634178163e-01    6.772674993331618e-20
  endloop
endfacet
facet normal    3.008990307093888e-01   -9.481993431566452e-01   -1.018713843798001e-01
  outer loop
    vertex    1.292701996862888e-02    5.263540744781495e-01   -1.121161039918661e-02
    vertex    7.410482037812471e-03    5.247033238410951e-01   -1.214102003723383e-02
    vertex    1.196413021534681e-02    5.262631773948671e-01   -1.320965960621834e-02
  endloop
endfacet
facet normal    1.258836995081553e-01   -9.812621443440881e-01   -1.458694562798622e-01
  outer loop
    vertex    1.417456008493900e-02    5.264120101928712e-01   -1.052473019808531e-02
    vertex    1.269636023789644e-02    5.260959267616273e-01   -9.674110449850559e-03
    vertex    1.292701996862888e-02    5.263540744781495e-01   -1.121161039918661e-02
  endloop
endfacet
facet normal    6.025756171099875e-01    7.952178873610692e-01   -6.731372286180068e-02
  outer loop
    vertex    3.112665936350822e-02    5.394697189331056e-01   -1.302834972739220e-02
    vertex    3.037857078015804e-02    5.401921868324281e-01   -1.119009964168072e-02
    vertex    3.277315944433212e-02    5.382661223411561e-01   -1.250811014324427e-02
  endloop
endfacet
facet normal    7.257481219764382e-01    4.063340947130958e-01   -5.551416638312801e-01
  outer loop
    vertex    2.525757998228073e-02    5.278140902519227e-01   -2.686155028641224e-02
    vertex    2.840862981975078e-02    5.266457796096803e-01   -2.359725907444954e-02
    vertex    2.855483070015907e-02    5.255231261253358e-01   -2.422785013914108e-02
  endloop
endfacet
facet normal   -3.289562279287193e-01    5.558851041656677e-01   -7.633999941535454e-01
  outer loop
    vertex    2.444515936076641e-02    5.340479016304017e-01   -1.232654042541981e-02
    vertex    2.195952087640762e-02    5.337442159652711e-01   -1.147659029811621e-02
    vertex    2.714600041508674e-02    5.382338166236879e-01   -1.044229976832867e-02
  endloop
endfacet
facet normal    2.598108689780049e-02    9.432668633250155e-01    3.310175337902745e-01
  outer loop
    vertex    1.243640016764402e-02    5.366712212562562e-01   -3.957444801926613e-03
    vertex    1.153984013944864e-02    5.359104275703431e-01   -1.719119027256966e-03
    vertex    1.615660078823566e-02    5.384250879287721e-01   -9.247252717614174e-03
  endloop
endfacet
facet normal   -2.753555469999958e-01    3.106654039408967e-01   -9.097616883176455e-01
  outer loop
    vertex    6.274962797760954e-04    5.217978954315187e-01   -6.203616969287395e-03
    vertex   -2.152227098122240e-03    5.218477845191957e-01   -5.345248151570559e-03
    vertex    7.622807752341022e-04    5.252578258514405e-01   -5.062914919108152e-03
  endloop
endfacet
facet normal   -6.233778623827367e-01    5.993630315779873e-01   -5.021593343439654e-01
  outer loop
    vertex    1.772494986653328e-02    5.355746746063234e-01   -2.365499921143055e-02
    vertex    1.317976042628288e-02    5.313832759857179e-01   -2.301535941660404e-02
    vertex    1.573402062058448e-02    5.350602269172670e-01   -2.179750055074692e-02
  endloop
endfacet
facet normal   -1.587308067302622e-01    4.910568602906192e-01   -8.565440391224958e-01
  outer loop
    vertex    1.871176064014434e-02    5.362489819526673e-01   -2.363835088908672e-02
    vertex    2.299576066434383e-02    5.367156863212587e-01   -2.416468039155006e-02
    vertex    2.044722065329551e-02    5.329126119613649e-01   -2.587269991636276e-02
  endloop
endfacet
facet normal   -2.477832133586156e-01   -9.544869332857412e-01   -1.660065461494209e-01
  outer loop
    vertex    3.101190924644470e-02    5.193963050842286e-01   -7.135396823287010e-03
    vertex    3.338202089071274e-02    5.197166800498964e-01   -1.251510996371508e-02
    vertex    3.687318041920662e-02    5.179541707038881e-01   -7.592163048684597e-03
  endloop
endfacet
facet normal    2.968208378641110e-01   -1.901042109167888e-01   -9.358193090556276e-01
  outer loop
    vertex    2.287212945520877e-02    5.273308753967286e-01   -2.764008939266205e-02
    vertex    2.434266917407512e-02    5.278754830360414e-01   -2.728429995477200e-02
    vertex    2.542991936206817e-02    5.266306996345521e-01   -2.668658085167408e-02
  endloop
endfacet
facet normal    9.131947759976101e-01    5.764676306148398e-02   -4.034255219978129e-01
  outer loop
    vertex    2.508193999528885e-02    5.286309719085694e-01   -2.663143910467625e-02
    vertex    2.523333020508289e-02    5.332701206207277e-01   -2.562584914267063e-02
    vertex    2.636506967246532e-02    5.290126204490663e-01   -2.367240935564041e-02
  endloop
endfacet
facet normal   -6.179572248148479e-01    7.820955301600448e-01    8.034581509207542e-02
  outer loop
    vertex    4.700909368693828e-03    5.309800505638124e-01   -7.720155058342181e-22
    vertex    4.194132052361964e-03    5.305852293968202e-01   -5.449984018923715e-05
    vertex    4.313618410378694e-03    5.306740403175355e-01   -4.666214986722226e-23
  endloop
endfacet
facet normal    2.937516756440783e-01    9.354025508431739e-01    1.968045246745602e-01
  outer loop
    vertex    2.917785011231899e-02    5.358688831329347e-01   -5.036369897425175e-03
    vertex    3.194947913289070e-02    5.339639186859132e-01   -1.191154005937278e-04
    vertex    3.815649077296257e-02    5.322870016098024e-01   -1.413432997651398e-03
  endloop
endfacet
facet normal    5.839730107831360e-01    4.077462746727153e-01   -7.019390986171107e-01
  outer loop
    vertex    3.312148153781891e-02    5.326011180877687e-01   -1.570983044803143e-02
    vertex    3.036068007349968e-02    5.379108190536500e-01   -1.492233015596867e-02
    vertex    3.101024031639099e-02    5.387833714485170e-01   -1.387508027255535e-02
  endloop
endfacet
facet normal    9.388651812790695e-01   -3.285700030417739e-01    1.028295895301976e-01
  outer loop
    vertex    2.393505908548832e-02    5.336002111434938e-01   -2.097406052052975e-02
    vertex    2.402924001216888e-02    5.330659151077272e-01   -2.354118973016739e-02
    vertex    2.481045015156269e-02    5.348432064056398e-01   -2.499491907656193e-02
  endloop
endfacet
facet normal   -8.919954394949705e-01    3.769018013679388e-01    2.495779798896073e-01
  outer loop
    vertex    2.733829990029335e-02    5.338100194931031e-01   -3.605588106438518e-03
    vertex    2.582998946309089e-02    5.332660079002381e-01   -8.174769580364227e-03
    vertex    2.467657066881656e-02    5.287088155746461e-01   -5.415032152086496e-03
  endloop
endfacet
facet normal   -2.554677496600978e-01   -9.521973376835390e-01   -1.675006238555130e-01
  outer loop
    vertex    3.101190924644470e-02    5.193963050842286e-01   -7.135396823287010e-03
    vertex    2.665771916508674e-02    5.202962160110475e-01   -5.610254127532244e-03
    vertex    2.538092993199825e-02    5.214633941650392e-01   -1.029803045094013e-02
  endloop
endfacet
facet normal    9.865230242250902e-01   -9.573562062515546e-02   -1.326914225460649e-01
  outer loop
    vertex    4.150114953517914e-02    5.200362801551820e-01   -3.472536103799939e-03
    vertex    4.181618988513947e-02    5.279446840286256e-01   -6.836140062659979e-03
    vertex    4.206871986389160e-02    5.271729826927186e-01   -4.401876125484705e-03
  endloop
endfacet
facet normal    6.667061133928937e-01   -7.260566963995222e-01   -1.683586409364069e-01
  outer loop
    vertex    4.095384106040001e-02    5.181583166122438e-01   -2.738116076216102e-03
    vertex    3.941551968455315e-02    5.179682970046998e-01   -8.010451681911945e-03
    vertex    3.998494148254395e-02    5.184816718101503e-01   -7.969480939209461e-03
  endloop
endfacet
facet normal    9.591946023113296e-01   -1.897276338087639e-01   -2.096405014927650e-01
  outer loop
    vertex    4.120646044611931e-02    5.207232832908631e-01   -5.287225823849440e-03
    vertex    4.131092876195908e-02    5.189114212989808e-01   -3.169477917253971e-03
    vertex    4.036895185709000e-02    5.195195078849794e-01   -8.029750548303127e-03
  endloop
endfacet
facet normal    9.450153110866377e-01   -2.240008680977069e-01   -2.382638724257189e-01
  outer loop
    vertex    4.150114953517914e-02    5.200362801551820e-01   -3.472536103799939e-03
    vertex    4.131092876195908e-02    5.189114212989808e-01   -3.169477917253971e-03
    vertex    4.120646044611931e-02    5.207232832908631e-01   -5.287225823849440e-03
  endloop
endfacet
facet normal    9.192543796450180e-01   -1.041202678536469e-01   -3.796450385893883e-01
  outer loop
    vertex    4.181618988513947e-02    5.279446840286256e-01   -6.836140062659979e-03
    vertex    4.036895185709000e-02    5.195195078849794e-01   -8.029750548303127e-03
    vertex    4.131542891263962e-02    5.287550091743470e-01   -8.270896039903164e-03
  endloop
endfacet
facet normal    4.738565466788395e-01    8.388951605921662e-01    2.677963455774716e-01
  outer loop
    vertex    3.032848052680492e-02    5.355002284049989e-01   -5.191387142986059e-03
    vertex    3.744202852249146e-02    5.330548882484437e-01   -1.011832989752293e-02
    vertex    3.177919983863831e-02    5.352954268455506e-01   -7.116827182471752e-03
  endloop
endfacet
facet normal    5.885876024063041e-01    7.998183033667748e-01   -1.177086058582476e-01
  outer loop
    vertex    3.944006934762001e-02    5.318667292594911e-01   -8.200791664421558e-03
    vertex    3.862100839614868e-02    5.321143865585328e-01   -1.061359979212284e-02
    vertex    3.744202852249146e-02    5.330548882484437e-01   -1.011832989752293e-02
  endloop
endfacet
facet normal    3.974357670773687e-01    9.176194408295338e-01   -4.401461043455806e-03
  outer loop
    vertex    4.091019928455353e-02    5.312393903732301e-01   -1.218404970131814e-03
    vertex    3.908890113234520e-02    5.320008993148805e-01   -6.915063131600618e-03
    vertex    3.886887058615685e-02    5.321171879768373e-01   -2.539078006520867e-03
  endloop
endfacet
facet normal    5.731727605533408e-01    6.775848291487636e-01    4.608164340245512e-01
  outer loop
    vertex    3.021644987165928e-02    5.361012220382692e-01   -6.357889156788588e-03
    vertex    3.177919983863831e-02    5.352954268455506e-01   -7.116827182471752e-03
    vertex    3.280609101057053e-02    5.358359217643739e-01   -9.188839234411716e-03
  endloop
endfacet
facet normal    6.641636948862766e-01    2.330963896066545e-02   -7.472236928300203e-01
  outer loop
    vertex    3.607700020074844e-02    5.335937142372132e-01   -1.321517955511808e-02
    vertex    3.595634177327156e-02    5.322257280349733e-01   -1.336510013788939e-02
    vertex    3.302630037069321e-02    5.313202738761903e-01   -1.599768921732903e-02
  endloop
endfacet
facet normal    9.051782814649495e-01   -2.107192341168376e-01   -3.691201472926858e-01
  outer loop
    vertex    3.232968971133232e-02    5.307648777961732e-01   -1.738890074193478e-02
    vertex    3.302630037069321e-02    5.313202738761903e-01   -1.599768921732903e-02
    vertex    3.133263066411018e-02    5.261949896812440e-01   -1.722514070570469e-02
  endloop
endfacet
facet normal   -7.680201303081027e-01    3.682766595452889e-01   -5.239440633079911e-01
  outer loop
    vertex    2.774661034345626e-02    5.375362038612367e-01   -1.003396976739168e-02
    vertex    2.962380088865757e-02    5.402426719665528e-01   -1.088328007608652e-02
    vertex    3.010392934083938e-02    5.390247106552125e-01   -1.244316995143890e-02
  endloop
endfacet
facet normal   -1.659027231884427e-01    4.899985331862847e-01   -8.557907009975911e-01
  outer loop
    vertex    2.692943997681141e-02    5.351899266242982e-01   -1.534557994455099e-02
    vertex    2.745470032095909e-02    5.322867035865785e-01   -1.710969954729080e-02
    vertex    2.622101083397865e-02    5.345032215118409e-01   -1.560143008828163e-02
  endloop
endfacet
facet normal    6.167453871417945e-01    7.092193649853255e-01   -3.415157679655944e-01
  outer loop
    vertex    2.840862981975078e-02    5.266457796096803e-01   -2.359725907444954e-02
    vertex    2.525757998228073e-02    5.278140902519227e-01   -2.686155028641224e-02
    vertex    2.693386003375053e-02    5.283216238021852e-01   -2.278036065399647e-02
  endloop
endfacet
facet normal    7.979106577996927e-01   -3.899732463105998e-01   -4.596296871739617e-01
  outer loop
    vertex    2.528610080480575e-02    5.384531021118165e-01   -2.164554037153721e-02
    vertex    2.399099990725517e-02    5.345389842987062e-01   -2.057288028299809e-02
    vertex    2.386800013482570e-02    5.372139811515809e-01   -2.305600978434086e-02
  endloop
endfacet
facet normal    8.828855174397041e-01    4.682797554921007e-01    3.503189534529875e-02
  outer loop
    vertex    2.491340972483158e-02    5.347033143043519e-01   -2.571976929903030e-02
    vertex    2.366144955158233e-02    5.369188785552980e-01   -2.378343045711517e-02
    vertex    2.481045015156269e-02    5.348432064056398e-01   -2.499491907656193e-02
  endloop
endfacet
facet normal   -8.885251974672813e-02    9.954698601905215e-01    3.383765930026379e-02
  outer loop
    vertex    2.524109929800033e-02    5.344020128250123e-01   -1.519707031548023e-02
    vertex    2.622101083397865e-02    5.345032215118409e-01   -1.560143008828163e-02
    vertex    2.559120953083038e-02    5.344597101211549e-01   -1.597513072192669e-02
  endloop
endfacet
facet normal   -9.597144793789396e-01    1.202212025138250e-01    2.539586197327050e-01
  outer loop
    vertex    2.289449051022529e-02    5.220754742622377e-01   -3.919021226465702e-03
    vertex    2.306747063994407e-02    5.237557291984559e-01   -4.060740116983652e-03
    vertex    2.168833091855049e-02    5.237014889717103e-01   -9.246858768165112e-03
  endloop
endfacet
facet normal   -6.359430149135128e-01    8.973320208919711e-02    7.665014248033274e-01
  outer loop
    vertex    2.462017908692360e-02    5.294011831283570e-01   -1.024472992867231e-02
    vertex    2.643374912440776e-02    5.354778766632081e-01   -9.451455436646938e-03
    vertex    2.606596983969211e-02    5.354784131050111e-01   -9.756653569638729e-03
  endloop
endfacet
facet normal   -2.337744727609767e-01    7.149998261265386e-02    9.696583152697230e-01
  outer loop
    vertex    2.166407927870750e-02    5.325676202774049e-01   -1.121047977358103e-02
    vertex    2.418244071304798e-02    5.277950167655946e-01   -1.025141030550003e-02
    vertex    2.311955019831657e-02    5.331184864044191e-01   -1.090020034462214e-02
  endloop
endfacet
facet normal    2.184028230060105e-01    9.513451302928152e-01    2.173537438627449e-01
  outer loop
    vertex    2.052064985036850e-02    5.350534915924073e-01   -1.278449967503548e-02
    vertex    2.444515936076641e-02    5.340479016304017e-01   -1.232654042541981e-02
    vertex    2.149762026965618e-02    5.349575877189637e-01   -1.334641966968775e-02
  endloop
endfacet
facet normal    2.819930312945576e-01    6.699490247716323e-02    9.570745077283074e-01
  outer loop
    vertex    1.374791003763676e-02    5.278189182281495e-01   -9.375006891787052e-03
    vertex    1.458634994924068e-02    5.266981124877931e-01   -9.543589316308498e-03
    vertex    1.747534982860088e-02    5.353674888610841e-01   -1.100165955722332e-02
  endloop
endfacet
facet normal    5.279083947453331e-01    7.851973579726787e-02    8.456638681223958e-01
  outer loop
    vertex    1.710294000804424e-02    5.367606878280641e-01   -1.089853979647160e-02
    vertex    1.747534982860088e-02    5.353674888610841e-01   -1.100165955722332e-02
    vertex    1.776473969221115e-02    5.384156107902528e-01   -1.146532967686653e-02
  endloop
endfacet
facet normal    8.204807682270545e-01   -2.232897958401607e-01    5.262632193524469e-01
  outer loop
    vertex    1.322930026799440e-02    5.281726717948915e-01   -8.796240203082561e-03
    vertex    1.682599075138569e-02    5.374165177345277e-01   -1.048163045197725e-02
    vertex    1.481452025473118e-02    5.330250263214112e-01   -9.208887815475464e-03
  endloop
endfacet
facet normal    8.196351776121511e-01   -2.399494989868577e-01    5.202138152304812e-01
  outer loop
    vertex    1.221846975386143e-02    5.281594991683961e-01   -7.209678180515766e-03
    vertex    1.322930026799440e-02    5.281726717948915e-01   -8.796240203082561e-03
    vertex    1.466802973300219e-02    5.361316204071046e-01   -7.391985971480608e-03
  endloop
endfacet
facet normal    8.276533690701311e-01   -2.743608932509357e-01    4.896080074114497e-01
  outer loop
    vertex    1.075411029160023e-02    5.334843993186952e-01   -1.750358962453902e-03
    vertex    1.221846975386143e-02    5.281594991683961e-01   -7.209678180515766e-03
    vertex    1.153984013944864e-02    5.359104275703431e-01   -1.719119027256966e-03
  endloop
endfacet
facet normal    4.592636477546310e-03    1.940584236122521e-01    9.809792229784037e-01
  outer loop
    vertex    2.253863960504532e-02    5.271636247634889e-01   -1.014554966241121e-02
    vertex    2.166407927870750e-02    5.325676202774049e-01   -1.121047977358103e-02
    vertex    2.054817043244838e-02    5.310605764389039e-01   -1.090713031589985e-02
  endloop
endfacet
facet normal   -3.358873508003794e-01    7.083124003097561e-01   -6.208649057079445e-01
  outer loop
    vertex   -1.467593014240266e-02    5.276144146919252e-01   -1.005058002192527e-04
    vertex   -1.424441020935775e-02    5.270926952362062e-01   -9.291602182202041e-04
    vertex   -1.471143029630186e-02    5.247266888618470e-01   -3.375756088644266e-03
  endloop
endfacet
facet normal   -6.005832110420596e-01    7.078106669832072e-01   -3.718922778429209e-01
  outer loop
    vertex    3.205938031896948e-03    5.297868251800538e-01   -6.460181903094053e-04
    vertex    4.616416059434413e-03    5.306528806686402e-01   -1.275517977774143e-03
    vertex    2.601420972496270e-03    5.271081924438478e-01   -4.767916165292263e-03
  endloop
endfacet
facet normal   -7.298765611443182e-01    6.382588692556288e-01   -2.447566573326873e-01
  outer loop
    vertex    9.516117163002491e-03    5.318245291709901e-01   -1.148401014506817e-02
    vertex    1.505502965301275e-02    5.352507233619691e-01   -1.906673982739449e-02
    vertex    1.482561044394970e-02    5.345715880393983e-01   -2.015360072255135e-02
  endloop
endfacet
facet normal   -2.554048669864134e-02   -2.683849205736328e-02   -9.993134537687779e-01
  outer loop
    vertex   -1.082054991275073e-02    5.186915993690492e-01   -5.007585976272821e-03
    vertex   -1.130400039255620e-02    5.192574858665467e-01   -5.010427907109261e-03
    vertex   -7.646198850125089e-03    5.203552246093751e-01   -5.133396014571190e-03
  endloop
endfacet
facet normal   -7.527631572091966e-01    2.911837908005795e-01   -5.903893877124203e-01
  outer loop
    vertex    6.056608166545629e-03    5.252426266670228e-01   -1.075745001435280e-02
    vertex    7.090383209288119e-03    5.294154286384584e-01   -1.001749001443386e-02
    vertex    8.435715921223164e-03    5.301812887191774e-01   -1.135510019958019e-02
  endloop
endfacet
facet normal   -7.871420837982694e-01    3.150225895507814e-01   -5.302528717380396e-01
  outer loop
    vertex    6.056608166545629e-03    5.252426266670228e-01   -1.075745001435280e-02
    vertex    8.435715921223164e-03    5.301812887191774e-01   -1.135510019958019e-02
    vertex    7.028316147625445e-03    5.255125761032106e-01   -1.203954033553600e-02
  endloop
endfacet
facet normal   -8.443721230741077e-01    3.352174019815216e-01   -4.179294332588731e-01
  outer loop
    vertex    7.028316147625445e-03    5.255125761032106e-01   -1.203954033553600e-02
    vertex    1.039716973900795e-02    5.311133265495301e-01   -1.435356028378010e-02
    vertex    1.358534954488277e-02    5.333076715469361e-01   -1.903479918837547e-02
  endloop
endfacet
facet normal   -8.387072298430583e-01    3.739039364827956e-01   -3.959369001389653e-01
  outer loop
    vertex    1.358534954488277e-02    5.333076715469361e-01   -1.903479918837547e-02
    vertex    1.039716973900795e-02    5.311133265495301e-01   -1.435356028378010e-02
    vertex    9.202728047966957e-03    5.312178134918214e-01   -1.172471977770329e-02
  endloop
endfacet
facet normal   -8.148564426625051e-01    5.685821240073434e-01   -1.127978107531586e-01
  outer loop
    vertex    9.252075105905533e-03    5.275419950485231e-01   -1.616761088371277e-02
    vertex    9.312167763710022e-03    5.274165272712709e-01   -1.723417080938816e-02
    vertex    7.375744171440600e-03    5.254958271980287e-01   -1.292707026004791e-02
  endloop
endfacet
facet normal   -7.983171299272750e-01    5.925198507231738e-01   -1.077496476266448e-01
  outer loop
    vertex    1.167809031903744e-02    5.299018025398256e-01   -2.207596972584724e-02
    vertex    1.159248035401106e-02    5.300763249397279e-01   -2.048197947442532e-02
    vertex    1.455694995820522e-02    5.339689254760743e-01   -2.104016020894051e-02
  endloop
endfacet
facet normal   -8.235351096825059e-01    5.334136611764682e-01   -1.930279492470948e-01
  outer loop
    vertex    1.455694995820522e-02    5.339689254760743e-01   -2.104016020894051e-02
    vertex    9.252075105905533e-03    5.275419950485231e-01   -1.616761088371277e-02
    vertex    1.344791986048222e-02    5.328325033187867e-01   -1.944898068904877e-02
  endloop
endfacet
facet normal   -4.889985126323355e-01    7.237146655043444e-02   -8.692771856391395e-01
  outer loop
    vertex    1.092545967549086e-02    5.264484286308290e-01   -2.231295965611935e-02
    vertex    9.887783788144588e-03    5.258694887161256e-01   -2.177743054926395e-02
    vertex    1.309993956238031e-02    5.302410125732423e-01   -2.322042919695377e-02
  endloop
endfacet
facet normal   -3.812184052996020e-01    9.310224478231018e-03   -9.244381251230356e-01
  outer loop
    vertex    1.985462009906768e-02    5.315788984298707e-01   -2.599244005978107e-02
    vertex    1.613570936024189e-02    5.299177765846254e-01   -2.447557076811790e-02
    vertex    1.309993956238031e-02    5.302410125732423e-01   -2.322042919695377e-02
  endloop
endfacet
facet normal   -4.258791773913499e-01    7.767248703538930e-02   -9.014399098232806e-01
  outer loop
    vertex    2.160421013832092e-02    5.279244780540467e-01   -2.723087929189205e-02
    vertex    1.092545967549086e-02    5.264484286308290e-01   -2.231295965611935e-02
    vertex    1.613570936024189e-02    5.299177765846254e-01   -2.447557076811790e-02
  endloop
endfacet
facet normal   -2.117462747487403e-01    2.062739244894891e-01   -9.553086324354739e-01
  outer loop
    vertex    2.287212945520877e-02    5.273308753967286e-01   -2.764008939266205e-02
    vertex    2.160421013832092e-02    5.279244780540467e-01   -2.723087929189205e-02
    vertex    2.107332088053226e-02    5.315824151039125e-01   -2.632337063550949e-02
  endloop
endfacet
facet normal    5.433273573342401e-01    7.840503841671461e-01   -3.001006128943122e-01
  outer loop
    vertex    1.688425987958908e-02    5.358198285102845e-01   -1.813158020377159e-02
    vertex    1.958901062607765e-02    5.357657074928285e-01   -1.337607018649578e-02
    vertex    1.979129016399383e-02    5.354046821594239e-01   -1.395307015627623e-02
  endloop
endfacet
facet normal    5.370728940580045e-01    3.404819127693110e-01   -7.717673053097747e-01
  outer loop
    vertex    3.312148153781891e-02    5.326011180877687e-01   -1.570983044803143e-02
    vertex    3.614683821797371e-02    5.346853733062745e-01   -1.268497016280890e-02
    vertex    3.607700020074844e-02    5.335937142372132e-01   -1.321517955511808e-02
  endloop
endfacet
facet normal    5.400897549631029e-01    5.407113428663750e-01   -6.449296863066056e-01
  outer loop
    vertex    3.306604176759720e-02    5.372841954231263e-01   -1.308608986437321e-02
    vertex    3.277315944433212e-02    5.382661223411561e-01   -1.250811014324427e-02
    vertex    3.614683821797371e-02    5.346853733062745e-01   -1.268497016280890e-02
  endloop
endfacet
facet normal   -2.701093606886731e-01    8.705404068814270e-01   -4.113396811092698e-01
  outer loop
    vertex    2.414163947105407e-02    5.386468768119813e-01   -2.188475057482719e-02
    vertex    2.502650953829288e-02    5.388805270195008e-01   -2.197132073342800e-02
    vertex    2.315410040318966e-02    5.375689268112184e-01   -2.351759932935238e-02
  endloop
endfacet
facet normal   -2.763487249911927e-01   -9.455748800802656e-01   -1.718124802129734e-01
  outer loop
    vertex    2.378424070775509e-02    5.219684839248658e-01   -1.050963997840881e-02
    vertex    3.224216029047966e-02    5.201662182807923e-01   -1.419480983167887e-02
    vertex    2.538092993199825e-02    5.214633941650392e-01   -1.029803045094013e-02
  endloop
endfacet
facet normal   -4.213335702666614e-01   -5.204499751643316e-01   -7.427044135575034e-01
  outer loop
    vertex    2.205299027264118e-02    5.231813788414003e-01   -1.061172969639301e-02
    vertex    2.826136909425258e-02    5.233728289604188e-01   -1.426787953823805e-02
    vertex    2.461804077029228e-02    5.225191116333009e-01   -1.160279009491205e-02
  endloop
endfacet
facet normal    3.170456734433882e-01   -9.363519912090226e-01   -1.507547329596224e-01
  outer loop
    vertex    7.410482037812471e-03    5.247033238410951e-01   -1.214102003723383e-02
    vertex    1.269636023789644e-02    5.260959267616273e-01   -9.674110449850559e-03
    vertex    1.077506039291620e-02    5.253347754478456e-01   -8.987128734588623e-03
  endloop
endfacet
facet normal    1.031080958464203e-01   -9.946051890042252e-01   -1.136831459780431e-02
  outer loop
    vertex    1.644138013944029e-03    5.212147235870362e-01   -2.301594009622931e-03
    vertex    4.848697863053522e-04    5.211277008056642e-01   -5.202343221753836e-03
    vertex    9.866108885034910e-04    5.211889147758485e-01   -6.007226184010506e-03
  endloop
endfacet
facet normal   -2.075636174453625e-01   -9.782156526473058e-01   -3.388455223356731e-03
  outer loop
    vertex    3.687318041920662e-02    5.179541707038881e-01   -7.592163048684597e-03
    vertex    3.664559125900269e-02    5.179855227470399e-01   -2.701978897675872e-03
    vertex    3.418774157762527e-02    5.185204744338990e-01   -6.579244975000620e-03
  endloop
endfacet
facet normal   -1.174354608637517e-01   -9.929708452248596e-01   -1.475849128963222e-02
  outer loop
    vertex    3.846964985132217e-02    5.177698731422425e-01   -7.895718328654766e-03
    vertex    3.949100151658058e-02    5.175647139549256e-01   -2.219380112364888e-03
    vertex    3.687318041920662e-02    5.179541707038881e-01   -7.592163048684597e-03
  endloop
endfacet
facet normal   -7.485373018250533e-01    4.056833461933692e-01    5.245120879425184e-01
  outer loop
    vertex    2.324195951223373e-02    5.237393975257875e-01   -9.003619197756052e-04
    vertex    2.407771907746791e-02    5.247995257377626e-01   -5.275948205962777e-04
    vertex    2.805358916521072e-02    5.341755747795106e-01   -2.105480059981346e-03
  endloop
endfacet
facet normal    4.867243138124607e-01    8.604594592931440e-01   -1.506949277737627e-01
  outer loop
    vertex    2.825576066970825e-02    5.312207937240602e-01   -1.855981908738613e-02
    vertex    2.928318083286285e-02    5.305756926536561e-01   -1.892488077282906e-02
    vertex    2.439882047474384e-02    5.326542854309083e-01   -2.283206023275852e-02
  endloop
endfacet
facet normal    6.376799907186118e-01    7.699709482792909e-01    2.256032453225949e-02
  outer loop
    vertex    2.582428976893425e-02    5.317239761352540e-01   -1.719301939010620e-02
    vertex    2.458072081208229e-02    5.328419208526612e-01   -2.019767090678215e-02
    vertex    2.390198037028312e-02    5.333865880966188e-01   -1.960187964141369e-02
  endloop
endfacet
facet normal    8.703709197549021e-01    4.897385391860642e-01    5.109427835781216e-02
  outer loop
    vertex    2.504749968647957e-02    5.316988229751588e-01   -2.301740087568760e-02
    vertex    2.693386003375053e-02    5.283216238021852e-01   -2.278036065399647e-02
    vertex    2.634493075311184e-02    5.294036269187928e-01   -2.311917953193188e-02
  endloop
endfacet
facet normal   -2.001382003862282e-01   -8.109452159252571e-01   -5.498295713347000e-01
  outer loop
    vertex    1.558845024555922e-02    5.259397029876710e-01   -1.034277956932783e-02
    vertex    1.417456008493900e-02    5.264120101928712e-01   -1.052473019808531e-02
    vertex    1.764317974448204e-02    5.274546146392823e-01   -1.332504954189062e-02
  endloop
endfacet
facet normal   -3.368238229570138e-01   -7.316042645159991e-01   -5.927098045676538e-01
  outer loop
    vertex    1.558845024555922e-02    5.259397029876710e-01   -1.034277956932783e-02
    vertex    1.685753092169761e-02    5.262740850448610e-01   -1.147671043872833e-02
    vertex    2.205299027264118e-02    5.231813788414003e-01   -1.061172969639301e-02
  endloop
endfacet
facet normal   -3.557253902576539e-01   -7.841077873020071e-01   -5.085611316433750e-01
  outer loop
    vertex    2.164964005351066e-02    5.229368805885316e-01   -9.952625259757042e-03
    vertex    1.558845024555922e-02    5.259397029876710e-01   -1.034277956932783e-02
    vertex    2.205299027264118e-02    5.231813788414003e-01   -1.061172969639301e-02
  endloop
endfacet
facet normal    3.527773926906568e-01   -9.343142047800278e-01    5.103996426964382e-02
  outer loop
    vertex    8.753433823585510e-03    5.250291824340821e-01   -1.845531910657883e-02
    vertex    1.111757010221481e-02    5.257881879806520e-01   -2.090171910822392e-02
    vertex    2.112602069973945e-02    5.296515226364137e-01   -1.935756951570511e-02
  endloop
endfacet
facet normal   -2.752310490770825e-01   -7.231693511811483e-01   -6.334618845172656e-01
  outer loop
    vertex    2.965423092246055e-02    5.255565047264100e-01   -1.662584953010082e-02
    vertex    2.205299027264118e-02    5.231813788414003e-01   -1.061172969639301e-02
    vertex    2.256974950432777e-02    5.288795232772828e-01   -1.734133996069431e-02
  endloop
endfacet
facet normal   -3.845841220846120e-01   -9.227873444286046e-01    2.363408561405241e-02
  outer loop
    vertex    2.494185976684093e-02    5.299568176269532e-01   -1.988784968852997e-02
    vertex    2.990492060780525e-02    5.278506278991700e-01   -2.136244997382164e-02
    vertex    2.915103919804096e-02    5.281932950019838e-01   -2.025057934224606e-02
  endloop
endfacet
facet normal   -3.774445314271961e-01   -8.077350043471584e-01   -4.528794414057678e-01
  outer loop
    vertex    3.045218996703624e-02    5.261631011962892e-01   -1.771404035389423e-02
    vertex    2.494185976684093e-02    5.299568176269532e-01   -1.988784968852997e-02
    vertex    2.915103919804096e-02    5.281932950019838e-01   -2.025057934224606e-02
  endloop
endfacet
facet normal   -9.750176238279562e-01    1.335801405436566e-01   -1.774738833666038e-01
  outer loop
    vertex   -1.609696075320246e-02    5.237234830856324e-01   -2.797784050926566e-03
    vertex   -1.630637049674990e-02    5.206822752952577e-01   -3.936355933547020e-03
    vertex   -1.642744056880476e-02    5.210912823677064e-01   -2.963363891467452e-03
  endloop
endfacet
facet normal   -6.378795770712501e-01    7.490193154319711e-01   -1.791080965931591e-01
  outer loop
    vertex    4.194132052361964e-03    5.305852293968202e-01   -5.449984018923715e-05
    vertex    1.243640016764402e-02    5.366712212562562e-01   -3.957444801926613e-03
    vertex    4.616416059434413e-03    5.306528806686402e-01   -1.275517977774143e-03
  endloop
endfacet
facet normal    4.340922440409626e-01    9.008353657451795e-01    7.717997553120988e-03
  outer loop
    vertex    4.201764985918999e-02    5.305433273315431e-01   -1.557076029712334e-04
    vertex    4.134137555956841e-02    5.308678746223451e-01   -2.634751769810439e-23
    vertex    4.196998104453087e-02    5.305649638175965e-01   -2.600264427905640e-23
  endloop
endfacet
facet normal    5.041786972419046e-01    8.629121872803959e-01    3.444413288818190e-02
  outer loop
    vertex    4.199732095003128e-02    5.305489897727967e-01   -2.598764471746790e-23
    vertex    4.201764985918999e-02    5.305433273315431e-01   -1.557076029712334e-04
    vertex    4.196998104453087e-02    5.305649638175965e-01   -2.600264427905640e-23
  endloop
endfacet
facet normal    6.100260719719895e-01    1.508730922272283e-02   -7.922376945177773e-01
  outer loop
    vertex    3.203096985816956e-02    5.268204212188722e-01   -1.649058982729912e-02
    vertex    3.595634177327156e-02    5.322257280349733e-01   -1.336510013788939e-02
    vertex    3.309261053800583e-02    5.272737145423890e-01   -1.566448993980885e-02
  endloop
endfacet
facet normal   -6.467784736843160e-01    7.623795999351083e-01    2.132959402733500e-02
  outer loop
    vertex    2.969555929303169e-02    5.384436249732972e-01   -1.475473958998919e-02
    vertex    2.547463960945606e-02    5.347967147827150e-01   -1.239510998129845e-02
    vertex    3.016342036426067e-02    5.387989878654481e-01   -1.326943002641201e-02
  endloop
endfacet
facet normal    1.118373793551583e-01    8.780982935993342e-01    4.652265978605566e-01
  outer loop
    vertex    2.310133911669254e-02    5.366163253784181e-01   -1.686275005340576e-02
    vertex    2.243106998503208e-02    5.371869206428529e-01   -1.777859963476658e-02
    vertex    2.149762026965618e-02    5.349575877189637e-01   -1.334641966968775e-02
  endloop
endfacet
facet normal   -8.905140417961596e-01    3.715010577475489e-01    2.626246474653891e-01
  outer loop
    vertex    2.733829990029335e-02    5.338100194931031e-01   -3.605588106438518e-03
    vertex    2.467657066881656e-02    5.287088155746461e-01   -5.415032152086496e-03
    vertex    2.311223931610584e-02    5.247822999954225e-01   -5.165072157979012e-03
  endloop
endfacet
facet normal   -9.009271645147784e-01    3.882494831004099e-01    1.938880685128047e-01
  outer loop
    vertex    2.733829990029335e-02    5.338100194931031e-01   -3.605588106438518e-03
    vertex    2.311223931610584e-02    5.247822999954225e-01   -5.165072157979012e-03
    vertex    2.704822085797786e-02    5.325471162796022e-01   -2.424590056762099e-03
  endloop
endfacet
facet normal   -5.844359407042526e-02    7.789279297058845e-01   -6.243841979392465e-01
  outer loop
    vertex    1.411473029293119e-03    5.290983915328981e-01   -7.708765915594995e-04
    vertex   -9.249716065824046e-03    5.264697074890138e-01   -3.052287967875600e-03
    vertex    1.586231053806841e-03    5.293772816658021e-01   -4.393149865791202e-04
  endloop
endfacet
facet normal   -6.735993532898107e-01    7.004169181197170e-01   -2.359662095708333e-01
  outer loop
    vertex    1.089129969477654e-02    5.348839759826661e-01   -5.399555899202824e-03
    vertex    4.300623200833797e-03    5.283579230308534e-01   -5.956764798611403e-03
    vertex    9.793044999241829e-03    5.343772172927858e-01   -3.768638940528035e-03
  endloop
endfacet
facet normal   -1.861027441701930e-01    2.952286536894026e-01   -9.371263578904749e-01
  outer loop
    vertex   -3.032776992768050e-03    5.246124863624574e-01   -4.299399908632040e-03
    vertex   -2.152227098122240e-03    5.218477845191957e-01   -5.345248151570559e-03
    vertex   -5.009158048778787e-03    5.247902274131776e-01   -3.850918030366302e-03
  endloop
endfacet
facet normal   -7.370361680327066e-01    4.447963807380569e-01   -5.088554477393258e-01
  outer loop
    vertex    2.049785107374190e-03    5.260487198829652e-01   -5.659468006342649e-03
    vertex    7.090383209288119e-03    5.294154286384584e-01   -1.001749001443386e-02
    vertex    1.597887021489441e-03    5.251597166061402e-01   -5.782017949968576e-03
  endloop
endfacet
facet normal   -5.653092749135835e-01   -8.215073542307304e-01   -7.450564167567279e-02
  outer loop
    vertex    2.372949011623859e-02    5.210862159729005e-01   -3.489593975245953e-03
    vertex    2.231960929930210e-02    5.225123167037965e-01   -8.516509085893631e-03
    vertex    2.286219969391822e-02    5.222669839859010e-01   -9.928331710398197e-03
  endloop
endfacet
facet normal    2.803518969257512e-01   -9.215845247580409e-01   -2.684860845865739e-01
  outer loop
    vertex    5.934948101639747e-03    5.217329263687135e-01   -2.707527950406075e-03
    vertex    9.866108885034910e-04    5.211889147758485e-01   -6.007226184010506e-03
    vertex    3.291398985311388e-03    5.222371816635133e-01   -7.198777049779892e-03
  endloop
endfacet
facet normal    7.381334702862891e-01   -6.261926147253130e-01    2.510812404513647e-01
  outer loop
    vertex    1.181470975279808e-02    5.262954235076905e-01   -7.921689189970493e-03
    vertex    8.086454123258591e-03    5.232568979263307e-01   -4.539325833320618e-03
    vertex    1.130170002579689e-02    5.255535840988160e-01   -8.263668976724148e-03
  endloop
endfacet
facet normal    2.883354912804420e-01   -9.566442286691340e-01   -4.116387034893356e-02
  outer loop
    vertex   -7.904946804046645e-03    5.195168852806092e-01   -3.764582099393010e-03
    vertex   -1.082054991275073e-02    5.186915993690492e-01   -5.007585976272821e-03
    vertex   -2.509309910237790e-03    5.211803913116456e-01   -4.630142822861671e-03
  endloop
endfacet
facet normal   -3.106575394426340e-01   -9.380953077593888e-01    1.531962360740821e-01
  outer loop
    vertex    2.394850924611091e-02    5.203889012336732e-01   -1.234142982866615e-04
    vertex    2.430419065058231e-02    5.202912688255311e-01    1.351683248447242e-20
    vertex    2.395573258399963e-02    5.204066634178163e-01    6.772674993331618e-20
  endloop
endfacet
facet normal   -3.429686260289027e-01   -9.240018799355743e-01   -1.690947883152266e-01
  outer loop
    vertex    2.372949011623859e-02    5.210862159729005e-01   -3.489593975245953e-03
    vertex    2.562483027577400e-02    5.204097032546998e-01   -3.637104062363505e-03
    vertex    2.394850924611091e-02    5.203889012336732e-01   -1.234142982866615e-04
  endloop
endfacet
facet normal   -3.067437937774348e-01   -9.395920201013288e-01   -1.519048410714105e-01
  outer loop
    vertex    2.394850924611091e-02    5.203889012336732e-01   -1.234142982866615e-04
    vertex    2.562483027577400e-02    5.204097032546998e-01   -3.637104062363505e-03
    vertex    2.567381039261818e-02    5.199267864227296e-01   -7.489771815016866e-04
  endloop
endfacet
facet normal    3.232991024800407e-01   -9.450470482087711e-01   -4.861858705771802e-02
  outer loop
    vertex    1.827903091907501e-02    5.286340117454530e-01   -1.730168052017689e-02
    vertex    1.196413021534681e-02    5.262631773948671e-01   -1.320965960621834e-02
    vertex    8.867716416716576e-03    5.252097845077516e-01   -1.332405954599380e-02
  endloop
endfacet
facet normal    2.839176584256623e-01   -9.528368878055195e-01   -1.072036775077275e-01
  outer loop
    vertex    1.993704959750175e-02    5.291211009025575e-01   -1.723988912999630e-02
    vertex    1.292701996862888e-02    5.263540744781495e-01   -1.121161039918661e-02
    vertex    1.827903091907501e-02    5.286340117454530e-01   -1.730168052017689e-02
  endloop
endfacet
facet normal   -1.253761715228437e-01   -9.899371143740187e-01   -6.561497694212456e-02
  outer loop
    vertex    3.676219657063484e-02    5.179231762886048e-01   -6.049426332903102e-22
    vertex    3.672771900892258e-02    5.179371833801271e-01   -1.454465964343399e-04
    vertex    3.726435080170631e-02    5.178595781326295e-01   -2.858430611375064e-23
  endloop
endfacet
facet normal    4.818702064448063e-01    8.753167636036859e-01    4.026993289302488e-02
  outer loop
    vertex    3.908890113234520e-02    5.320008993148805e-01   -6.915063131600618e-03
    vertex    3.944006934762001e-02    5.318667292594911e-01   -8.200791664421558e-03
    vertex    3.744202852249146e-02    5.330548882484437e-01   -1.011832989752293e-02
  endloop
endfacet
facet normal    5.704017453437165e-01    4.065929659036307e-01   -7.136693975409980e-01
  outer loop
    vertex    3.101024031639099e-02    5.387833714485170e-01   -1.387508027255535e-02
    vertex    3.306604176759720e-02    5.372841954231263e-01   -1.308608986437321e-02
    vertex    3.312148153781891e-02    5.326011180877687e-01   -1.570983044803143e-02
  endloop
endfacet
facet normal    6.115193473610647e-01    5.288278295956506e-01   -5.885449978109158e-01
  outer loop
    vertex    3.277315944433212e-02    5.382661223411561e-01   -1.250811014324427e-02
    vertex    3.306604176759720e-02    5.372841954231263e-01   -1.308608986437321e-02
    vertex    3.101024031639099e-02    5.387833714485170e-01   -1.387508027255535e-02
  endloop
endfacet
facet normal   -9.304890139613300e-03    2.152376608339911e-01   -9.765173671667091e-01
  outer loop
    vertex   -5.009158048778787e-03    5.247902274131776e-01   -3.850918030366302e-03
    vertex   -1.130400039255620e-02    5.192574858665467e-01   -5.010427907109261e-03
    vertex   -9.972845204174532e-03    5.245832204818727e-01   -3.849247936159372e-03
  endloop
endfacet
facet normal   -8.329168098568286e-01    3.663874623573179e-01   -4.147406602749343e-01
  outer loop
    vertex    1.114870980381966e-02    5.285782814025880e-01   -2.218203991651535e-02
    vertex    8.635107427835464e-03    5.249969959259034e-01   -2.029776945710182e-02
    vertex    1.167809031903744e-02    5.299018025398256e-01   -2.207596972584724e-02
  endloop
endfacet
facet normal   -8.696434479212688e-01    4.550871939166583e-01   -1.913528662462866e-01
  outer loop
    vertex    1.167809031903744e-02    5.299018025398256e-01   -2.207596972584724e-02
    vertex    7.956303656101227e-03    5.250933766365052e-01   -1.659722067415714e-02
    vertex    9.312167763710022e-03    5.274165272712709e-01   -1.723417080938816e-02
  endloop
endfacet
facet normal   -4.235855882119663e-01    3.306368201418755e-01   -8.433590828499992e-01
  outer loop
    vertex    1.317976042628288e-02    5.313832759857179e-01   -2.301535941660404e-02
    vertex    1.772494986653328e-02    5.355746746063234e-01   -2.365499921143055e-02
    vertex    1.852609030902385e-02    5.327038764953614e-01   -2.518286928534508e-02
  endloop
endfacet
facet normal   -2.417375521598676e-01    5.277096750574385e-01   -8.143005923653304e-01
  outer loop
    vertex    2.440652064979076e-02    5.347055196762086e-01   -2.588617987930775e-02
    vertex    2.044722065329551e-02    5.329126119613649e-01   -2.587269991636276e-02
    vertex    2.299576066434383e-02    5.367156863212587e-01   -2.416468039155006e-02
  endloop
endfacet
facet normal   -4.601870912215020e-01    8.686638795396114e-01   -1.834418312607141e-01
  outer loop
    vertex    1.871176064014434e-02    5.362489819526673e-01   -2.363835088908672e-02
    vertex    1.573402062058448e-02    5.350602269172670e-01   -2.179750055074692e-02
    vertex    1.695949025452137e-02    5.358260869979860e-01   -2.124512009322643e-02
  endloop
endfacet
facet normal   -1.618170612876345e-01    6.151904269707752e-01   -7.715931422969942e-01
  outer loop
    vertex    1.871176064014434e-02    5.362489819526673e-01   -2.363835088908672e-02
    vertex    2.315410040318966e-02    5.375689268112184e-01   -2.351759932935238e-02
    vertex    2.299576066434383e-02    5.367156863212587e-01   -2.416468039155006e-02
  endloop
endfacet
facet normal    1.888199579691235e-01   -9.159090187859763e-01   -3.542000745045775e-01
  outer loop
    vertex    1.597960945218801e-03    5.216568112373353e-01   -6.600777152925730e-03
    vertex    6.864298135042190e-03    5.242763757705690e-01   -1.056716032326221e-02
    vertex    3.291398985311388e-03    5.222371816635133e-01   -7.198777049779892e-03
  endloop
endfacet
facet normal    2.462019944156146e-02    2.070843141504134e-01   -9.780132578918910e-01
  outer loop
    vertex   -1.570365019142629e-02    5.232632160186769e-01   -4.273010883480310e-03
    vertex   -9.972845204174532e-03    5.245832204818727e-01   -3.849247936159372e-03
    vertex   -1.130400039255620e-02    5.192574858665467e-01   -5.010427907109261e-03
  endloop
endfacet
facet normal    1.965729513161649e-01   -9.779358129989252e-01   -7.071506533252919e-02
  outer loop
    vertex    3.941551968455315e-02    5.179682970046998e-01   -8.010451681911945e-03
    vertex    3.949100151658058e-02    5.175647139549256e-01   -2.219380112364888e-03
    vertex    3.846964985132217e-02    5.177698731422425e-01   -7.895718328654766e-03
  endloop
endfacet
facet normal    8.031528317482064e-01    1.472068728152633e-01   -5.773003251781418e-01
  outer loop
    vertex    3.927436098456383e-02    5.292798280715943e-01   -1.097664982080460e-02
    vertex    3.867483884096146e-02    5.314406752586366e-01   -1.125971972942352e-02
    vertex    4.131542891263962e-02    5.287550091743470e-01   -8.270896039903164e-03
  endloop
endfacet
facet normal    9.401513314681530e-01   -1.719326845941507e-01   -2.942016755678109e-01
  outer loop
    vertex    3.065053932368755e-02    5.279958248138429e-01   -2.113655023276806e-02
    vertex    3.065112978219986e-02    5.290244221687318e-01   -2.173577994108200e-02
    vertex    3.232968971133232e-02    5.307648777961732e-01   -1.738890074193478e-02
  endloop
endfacet
facet normal    6.120313768262429e-01   -2.772501227515151e-02   -7.903473397655718e-01
  outer loop
    vertex    2.855483070015907e-02    5.255231261253358e-01   -2.422785013914108e-02
    vertex    2.542991936206817e-02    5.266306996345521e-01   -2.668658085167408e-02
    vertex    2.525757998228073e-02    5.278140902519227e-01   -2.686155028641224e-02
  endloop
endfacet
facet normal   -2.908488819690266e-01   -9.439949708652002e-01   -1.558217662541949e-01
  outer loop
    vertex    2.665771916508674e-02    5.202962160110475e-01   -5.610254127532244e-03
    vertex    2.443151921033859e-02    5.209885239601136e-01   -5.649064201861620e-03
    vertex    2.538092993199825e-02    5.214633941650392e-01   -1.029803045094013e-02
  endloop
endfacet
facet normal   -1.992870841802988e-01   -9.670672318730096e-01   -1.583212781542300e-01
  outer loop
    vertex    2.567381039261818e-02    5.199267864227296e-01   -7.489771815016866e-04
    vertex    2.562483027577400e-02    5.204097032546998e-01   -3.637104062363505e-03
    vertex    3.664559125900269e-02    5.179855227470399e-01   -2.701978897675872e-03
  endloop
endfacet
facet normal    9.792482200809030e-01    1.621983343321061e-01    1.215097683656488e-01
  outer loop
    vertex    4.257763549685478e-02    5.294721722602845e-01    1.668396629230587e-21
    vertex    4.254738986492157e-02    5.296651721000672e-01   -1.387766042171279e-05
    vertex    4.254551976919174e-02    5.296660661697389e-01    1.405817823592028e-19
  endloop
endfacet
facet normal   -9.914213827016544e-01   -1.197409271337302e-01   -5.239992644169086e-02
  outer loop
    vertex    2.282590046525001e-02    5.221362113952638e-01   -1.109430013457313e-04
    vertex    2.283500321209430e-02    5.220122933387757e-01   -3.650071562132988e-23
    vertex    2.281475998461246e-02    5.221799015998841e-01    1.351601533435430e-20
  endloop
endfacet
facet normal   -1.073150508991109e-02    9.126456709399474e-01    4.086107121859123e-01
  outer loop
    vertex   -9.604829363524928e-03    5.279091000556947e-01   -1.994741978705861e-05
    vertex   -9.686768054962172e-03    5.278992056846620e-01   -5.434321734620079e-23
    vertex   -9.590457193553462e-03    5.279003381729127e-01   -5.429037807442088e-23
  endloop
endfacet
facet normal   -4.822027869121712e-02    9.012468614400228e-01    4.306145602130167e-01
  outer loop
    vertex   -9.604829363524928e-03    5.279091000556947e-01   -1.994741978705861e-05
    vertex   -9.590457193553462e-03    5.279003381729127e-01   -5.429037807442088e-23
    vertex   -9.532527998089804e-03    5.279034376144410e-01   -5.425859623322146e-23
  endloop
endfacet
facet normal   -4.438471645657038e-01    8.079361111266274e-01    3.876066754386036e-01
  outer loop
    vertex    2.583221765235066e-03    5.297142267227174e-01   -4.761150176038054e-23
    vertex    1.586231053806841e-03    5.293772816658021e-01   -4.393149865791202e-04
    vertex    1.712846918962895e-03    5.292360782623292e-01    2.705696529442134e-20
  endloop
endfacet
facet normal   -7.834678846678953e-01    5.409833889325215e-01   -3.058022998492613e-01
  outer loop
    vertex   -1.516935974359514e-02    5.268836021423341e-01   -1.291883963858709e-04
    vertex   -1.467593014240266e-02    5.276144146919252e-01   -1.005058002192527e-04
    vertex   -1.579475961625578e-02    5.237922072410585e-01   -3.995779901742935e-03
  endloop
endfacet
facet normal   -8.940136657947056e-01    4.110600334185235e-01    1.782392052783978e-01
  outer loop
    vertex   -1.519720908254386e-02    5.267670154571534e-01    8.125779651185186e-20
    vertex   -1.516935974359514e-02    5.268836021423341e-01   -1.291883963858709e-04
    vertex   -1.521365251392127e-02    5.267312526702882e-01   -5.737544596237277e-23
  endloop
endfacet
facet normal   -8.825571718118473e-01    4.264058701374088e-01   -1.981687977352453e-01
  outer loop
    vertex   -1.609696075320246e-02    5.237234830856324e-01   -2.797784050926566e-03
    vertex   -1.516935974359514e-02    5.268836021423341e-01   -1.291883963858709e-04
    vertex   -1.579475961625578e-02    5.237922072410585e-01   -3.995779901742935e-03
  endloop
endfacet
facet normal    9.338479197755898e-01   -3.570286068035917e-01   -2.141580385345687e-02
  outer loop
    vertex    6.802672054618596e-03    5.224992036819459e-01   -1.871226006187499e-03
    vertex    7.454526610672473e-03    5.240919589996339e-01    1.083752783031035e-19
    vertex    6.908114999532699e-03    5.226627588272096e-01    2.167951957724682e-19
  endloop
endfacet
facet normal   -6.884742492366605e-01    4.132161967628131e-01   -5.960332061814114e-01
  outer loop
    vertex    2.341918647289276e-02    5.232847332954408e-01   -6.812443791714186e-21
    vertex    2.282590046525001e-02    5.221362113952638e-01   -1.109430013457313e-04
    vertex    2.296549826860428e-02    5.225288271903993e-01   -3.642912178808320e-23
  endloop
endfacet
facet normal    6.721650520488452e-01   -7.403127317171263e-01    1.145434684734430e-02
  outer loop
    vertex    4.049554839730263e-02    5.177469849586488e-01   -2.429564949125051e-03
    vertex    4.095384106040001e-02    5.181583166122438e-01   -2.738116076216102e-03
    vertex    4.101829975843430e-02    5.182397961616517e-01   -1.254533999599516e-03
  endloop
endfacet
facet normal    9.000732245171056e-01   -4.354738339387189e-01   -1.518981441930394e-02
  outer loop
    vertex    4.095384106040001e-02    5.181583166122438e-01   -2.738116076216102e-03
    vertex    4.131092876195908e-02    5.189114212989808e-01   -3.169477917253971e-03
    vertex    4.101829975843430e-02    5.182397961616517e-01   -1.254533999599516e-03
  endloop
endfacet
facet normal    9.938736442866357e-01   -7.684383519368862e-02   -7.943679364832856e-02
  outer loop
    vertex    4.150114953517914e-02    5.200362801551820e-01   -3.472536103799939e-03
    vertex    4.178125038743019e-02    5.238541960716249e-01   -3.661345923319459e-03
    vertex    4.186952859163284e-02    5.212501883506776e-01   -3.784467844525352e-05
  endloop
endfacet
facet normal    9.168374503742179e-01   -3.503583184443216e-01   -1.914631512541532e-01
  outer loop
    vertex    4.095384106040001e-02    5.181583166122438e-01   -2.738116076216102e-03
    vertex    3.998494148254395e-02    5.184816718101503e-01   -7.969480939209461e-03
    vertex    4.036895185709000e-02    5.195195078849794e-01   -8.029750548303127e-03
  endloop
endfacet
facet normal    6.036066886417228e-01   -7.834478951992040e-01   -1.478795487378539e-01
  outer loop
    vertex    4.049554839730263e-02    5.177469849586488e-01   -2.429564949125051e-03
    vertex    3.941551968455315e-02    5.179682970046998e-01   -8.010451681911945e-03
    vertex    4.095384106040001e-02    5.181583166122438e-01   -2.738116076216102e-03
  endloop
endfacet
facet normal    9.627336249520879e-01   -1.319263702883892e-01   -2.360919316900588e-01
  outer loop
    vertex    4.120646044611931e-02    5.207232832908631e-01   -5.287225823849440e-03
    vertex    4.036895185709000e-02    5.195195078849794e-01   -8.029750548303127e-03
    vertex    4.181618988513947e-02    5.279446840286256e-01   -6.836140062659979e-03
  endloop
endfacet
facet normal    8.071037930908928e-01   -3.271775481224316e-01   -4.914654811712493e-01
  outer loop
    vertex    3.998494148254395e-02    5.184816718101503e-01   -7.969480939209461e-03
    vertex    3.805138915777206e-02    5.211362242698671e-01   -1.291202008724213e-02
    vertex    4.036895185709000e-02    5.195195078849794e-01   -8.029750548303127e-03
  endloop
endfacet
facet normal    8.788508520389643e-01   -9.125037385208468e-02   -4.682889590223555e-01
  outer loop
    vertex    4.010254144668579e-02    5.224220156669618e-01   -9.313113987445831e-03
    vertex    3.805138915777206e-02    5.211362242698671e-01   -1.291202008724213e-02
    vertex    4.131542891263962e-02    5.287550091743470e-01   -8.270896039903164e-03
  endloop
endfacet
facet normal    6.090206790952759e-01   -6.378913003242755e-01   -4.713687531062423e-01
  outer loop
    vertex    3.941551968455315e-02    5.179682970046998e-01   -8.010451681911945e-03
    vertex    3.710835054516792e-02    5.199288129806520e-01   -1.364449039101601e-02
    vertex    3.998494148254395e-02    5.184816718101503e-01   -7.969480939209461e-03
  endloop
endfacet
facet normal    4.385201779698219e-01    7.208400583901904e-02   -8.958258478161455e-01
  outer loop
    vertex    3.755205124616623e-02    5.211710929870607e-01   -1.348842959851027e-02
    vertex    3.415102139115334e-02    5.214723944664003e-01   -1.512903999537230e-02
    vertex    3.493712097406387e-02    5.230041146278382e-01   -1.462098024785519e-02
  endloop
endfacet
facet normal    4.672509609258463e-01    1.258637997745997e-01   -8.751199023106335e-01
  outer loop
    vertex    3.755205124616623e-02    5.211710929870607e-01   -1.348842959851027e-02
    vertex    3.493712097406387e-02    5.230041146278382e-01   -1.462098024785519e-02
    vertex    3.838795050978661e-02    5.297703146934510e-01   -1.180533971637487e-02
  endloop
endfacet
facet normal    5.557663509377785e-01    7.595478125385501e-01    3.379510077410772e-01
  outer loop
    vertex    3.032848052680492e-02    5.355002284049989e-01   -5.191387142986059e-03
    vertex    3.177919983863831e-02    5.352954268455506e-01   -7.116827182471752e-03
    vertex    3.021644987165928e-02    5.361012220382692e-01   -6.357889156788588e-03
  endloop
endfacet
facet normal    5.542437281654730e-01    8.259104877172740e-01   -1.033719307542033e-01
  outer loop
    vertex    4.104888066649437e-02    5.309637784957887e-01   -6.789218168705702e-03
    vertex    3.862100839614868e-02    5.321143865585328e-01   -1.061359979212284e-02
    vertex    3.944006934762001e-02    5.318667292594911e-01   -8.200791664421558e-03
  endloop
endfacet
facet normal    8.198787882023361e-01    5.663654832729041e-01   -8.383860693569936e-02
  outer loop
    vertex    4.155525937676430e-02    5.301409959793092e-01   -7.395459804683924e-03
    vertex    4.104888066649437e-02    5.309637784957887e-01   -6.789218168705702e-03
    vertex    4.201764985918999e-02    5.305433273315431e-01   -1.557076029712334e-04
  endloop
endfacet
facet normal    7.943742860825714e-01    5.821469029167951e-01    1.734199441678742e-01
  outer loop
    vertex    3.624932840466499e-02    5.341917276382447e-01   -1.149734016507864e-02
    vertex    3.614683821797371e-02    5.346853733062745e-01   -1.268497016280890e-02
    vertex    3.522872924804688e-02    5.358027219772340e-01   -1.223022956401110e-02
  endloop
endfacet
facet normal   -4.845391373628212e-01    7.546122344951226e-01    4.424728239270420e-01
  outer loop
    vertex    2.917785011231899e-02    5.358688831329347e-01   -5.036369897425175e-03
    vertex    2.926255948841571e-02    5.369001030921937e-01   -6.702294107526541e-03
    vertex    2.750826999545097e-02    5.368831157684327e-01   -8.594394661486149e-03
  endloop
endfacet
facet normal   -7.179501863316293e-01    6.394649995726562e-01    2.750128074616195e-01
  outer loop
    vertex    2.750826999545097e-02    5.368831157684327e-01   -8.594394661486149e-03
    vertex    2.962380088865757e-02    5.402426719665528e-01   -1.088328007608652e-02
    vertex    2.708023041486740e-02    5.367575287818910e-01   -9.419820271432400e-03
  endloop
endfacet
facet normal    6.785844258858453e-01   -7.000614748274146e-02   -7.311787170451574e-01
  outer loop
    vertex    3.595634177327156e-02    5.322257280349733e-01   -1.336510013788939e-02
    vertex    3.203096985816956e-02    5.268204212188722e-01   -1.649058982729912e-02
    vertex    3.302630037069321e-02    5.313202738761903e-01   -1.599768921732903e-02
  endloop
endfacet
facet normal    6.138520732462804e-01    1.293997869765696e-01   -7.787434284163569e-01
  outer loop
    vertex    3.607700020074844e-02    5.335937142372132e-01   -1.321517955511808e-02
    vertex    3.302630037069321e-02    5.313202738761903e-01   -1.599768921732903e-02
    vertex    3.312148153781891e-02    5.326011180877687e-01   -1.570983044803143e-02
  endloop
endfacet
facet normal    6.192522560340934e-01    1.280841115223176e-01   -7.746748374461532e-01
  outer loop
    vertex    3.312148153781891e-02    5.326011180877687e-01   -1.570983044803143e-02
    vertex    3.302630037069321e-02    5.313202738761903e-01   -1.599768921732903e-02
    vertex    3.235417976975441e-02    5.321905016899110e-01   -1.639107987284660e-02
  endloop
endfacet
facet normal    1.450229869349318e-01    7.403526806538477e-01   -6.563887883786044e-01
  outer loop
    vertex    3.235417976975441e-02    5.321905016899110e-01   -1.639107987284660e-02
    vertex    3.216272965073586e-02    5.314711928367616e-01   -1.724470034241676e-02
    vertex    2.927595935761928e-02    5.313205122947694e-01   -1.805246062576771e-02
  endloop
endfacet
facet normal    1.403618262523834e-01    7.535784108457925e-01   -6.421978950745836e-01
  outer loop
    vertex    3.216272965073586e-02    5.314711928367616e-01   -1.724470034241676e-02
    vertex    2.928318083286285e-02    5.305756926536561e-01   -1.892488077282906e-02
    vertex    2.927595935761928e-02    5.313205122947694e-01   -1.805246062576771e-02
  endloop
endfacet
facet normal   -1.765130192439314e-01    9.462002517617205e-01   -2.711977831831384e-01
  outer loop
    vertex    3.101024031639099e-02    5.387833714485170e-01   -1.387508027255535e-02
    vertex    3.016342036426067e-02    5.387989878654481e-01   -1.326943002641201e-02
    vertex    3.010392934083938e-02    5.390247106552125e-01   -1.244316995143890e-02
  endloop
endfacet
facet normal    8.797616483931477e-02    3.971656134557417e-01   -9.135204813842380e-01
  outer loop
    vertex    2.969555929303169e-02    5.384436249732972e-01   -1.475473958998919e-02
    vertex    3.036068007349968e-02    5.379108190536500e-01   -1.492233015596867e-02
    vertex    2.897631004452705e-02    5.323197841644288e-01   -1.748643070459366e-02
  endloop
endfacet
facet normal   -5.230105287518882e-02    4.802706769924392e-01   -8.755596362837719e-01
  outer loop
    vertex    2.897631004452705e-02    5.323197841644288e-01   -1.748643070459366e-02
    vertex    2.969619072973728e-02    5.333905220031739e-01   -1.694210059940815e-02
    vertex    2.927595935761928e-02    5.313205122947694e-01   -1.805246062576771e-02
  endloop
endfacet
facet normal    6.290190359262666e-01    3.331107458299991e-01   -7.024046436741230e-01
  outer loop
    vertex    2.525757998228073e-02    5.278140902519227e-01   -2.686155028641224e-02
    vertex    2.436318993568420e-02    5.294439196586610e-01   -2.688956074416637e-02
    vertex    2.508193999528885e-02    5.286309719085694e-01   -2.663143910467625e-02
  endloop
endfacet
facet normal    8.601461440347551e-01    3.009448019809314e-01   -4.118019391197670e-01
  outer loop
    vertex    2.525757998228073e-02    5.278140902519227e-01   -2.686155028641224e-02
    vertex    2.508193999528885e-02    5.286309719085694e-01   -2.663143910467625e-02
    vertex    2.636506967246532e-02    5.290126204490663e-01   -2.367240935564041e-02
  endloop
endfacet
facet normal    8.152609799819885e-01    5.715576247936462e-01   -9.312043846037743e-02
  outer loop
    vertex    2.439882047474384e-02    5.326542854309083e-01   -2.283206023275852e-02
    vertex    2.504749968647957e-02    5.316988229751588e-01   -2.301740087568760e-02
    vertex    2.402924001216888e-02    5.330659151077272e-01   -2.354118973016739e-02
  endloop
endfacet
facet normal    4.484261856686762e-01    3.951234574085412e-01   -8.017427326843460e-01
  outer loop
    vertex    2.622101083397865e-02    5.345032215118409e-01   -1.560143008828163e-02
    vertex    2.582428976893425e-02    5.317239761352540e-01   -1.719301939010620e-02
    vertex    2.559120953083038e-02    5.344597101211549e-01   -1.597513072192669e-02
  endloop
endfacet
facet normal    8.439546614645328e-01   -7.214066089806351e-02    5.315413948484883e-01
  outer loop
    vertex    2.309596911072731e-02    5.368002057075502e-01   -1.839249022305012e-02
    vertex    2.384692989289760e-02    5.347645282745362e-01   -1.986110955476761e-02
    vertex    2.528610080480575e-02    5.384531021118165e-01   -2.164554037153721e-02
  endloop
endfacet
facet normal    7.326791457801057e-01    2.638537089474453e-01    6.273455902559701e-01
  outer loop
    vertex    2.243106998503208e-02    5.371869206428529e-01   -1.777859963476658e-02
    vertex    2.309596911072731e-02    5.368002057075502e-01   -1.839249022305012e-02
    vertex    2.528610080480575e-02    5.384531021118165e-01   -2.164554037153721e-02
  endloop
endfacet
facet normal    4.476256481772493e-01    6.979432885302727e-01    5.590227590084735e-01
  outer loop
    vertex    2.243106998503208e-02    5.371869206428529e-01   -1.777859963476658e-02
    vertex    2.528610080480575e-02    5.384531021118165e-01   -2.164554037153721e-02
    vertex    2.502650953829288e-02    5.388805270195008e-01   -2.197132073342800e-02
  endloop
endfacet
facet normal    8.538377974714501e-01   -3.724050884270588e-01   -3.636969421410327e-01
  outer loop
    vertex    2.399099990725517e-02    5.345389842987062e-01   -2.057288028299809e-02
    vertex    2.390198037028312e-02    5.333865880966188e-01   -1.960187964141369e-02
    vertex    2.366144955158233e-02    5.369188785552980e-01   -2.378343045711517e-02
  endloop
endfacet
facet normal    9.652452614965310e-01   -1.525795119090147e-01   -2.121817091648110e-01
  outer loop
    vertex    2.386800013482570e-02    5.372139811515809e-01   -2.305600978434086e-02
    vertex    2.399099990725517e-02    5.345389842987062e-01   -2.057288028299809e-02
    vertex    2.366144955158233e-02    5.369188785552980e-01   -2.378343045711517e-02
  endloop
endfacet
facet normal    5.805688114975177e-01    1.205149240982599e-01   -8.052428256035260e-01
  outer loop
    vertex    2.502650953829288e-02    5.388805270195008e-01   -2.197132073342800e-02
    vertex    2.386800013482570e-02    5.372139811515809e-01   -2.305600978434086e-02
    vertex    2.315410040318966e-02    5.375689268112184e-01   -2.351759932935238e-02
  endloop
endfacet
facet normal    9.921706752082360e-01    1.175377750067582e-01    4.221637956165485e-02
  outer loop
    vertex    2.366144955158233e-02    5.369188785552980e-01   -2.378343045711517e-02
    vertex    2.390198037028312e-02    5.333865880966188e-01   -1.960187964141369e-02
    vertex    2.393505908548832e-02    5.336002111434938e-01   -2.097406052052975e-02
  endloop
endfacet
facet normal   -6.061494847393126e-01    5.947666227394892e-01   -5.280487350854352e-01
  outer loop
    vertex    2.714600041508674e-02    5.382338166236879e-01   -1.044229976832867e-02
    vertex    3.016342036426067e-02    5.387989878654481e-01   -1.326943002641201e-02
    vertex    2.547463960945606e-02    5.347967147827150e-01   -1.239510998129845e-02
  endloop
endfacet
facet normal   -4.778082914578974e-01    5.979697345741340e-01   -6.435304446158119e-01
  outer loop
    vertex    2.714600041508674e-02    5.382338166236879e-01   -1.044229976832867e-02
    vertex    2.547463960945606e-02    5.347967147827150e-01   -1.239510998129845e-02
    vertex    2.444515936076641e-02    5.340479016304017e-01   -1.232654042541981e-02
  endloop
endfacet
facet normal    3.171443696992722e-01    9.307832418785982e-01    1.818296054167703e-01
  outer loop
    vertex    3.194947913289070e-02    5.339639186859132e-01   -1.191154005937278e-04
    vertex    2.917785011231899e-02    5.358688831329347e-01   -5.036369897425175e-03
    vertex    2.860550023615360e-02    5.356637239456178e-01   -2.987879095599055e-03
  endloop
endfacet
facet normal   -4.703606251751488e-01    4.615779832872450e-01    7.521347270465064e-01
  outer loop
    vertex    3.083848953247070e-02    5.337492823600770e-01   -1.022822034428827e-04
    vertex    2.832590043544769e-02    5.352500081062318e-01   -2.594555029645562e-03
    vertex    2.805358916521072e-02    5.341755747795106e-01   -2.105480059981346e-03
  endloop
endfacet
facet normal    2.366099733789866e-01    9.579949764141013e-01    1.620535271536561e-01
  outer loop
    vertex    2.860550023615360e-02    5.356637239456178e-01   -2.987879095599055e-03
    vertex    2.917785011231899e-02    5.358688831329347e-01   -5.036369897425175e-03
    vertex    2.750826999545097e-02    5.368831157684327e-01   -8.594394661486149e-03
  endloop
endfacet
facet normal   -7.147998532823051e-01    6.439716146240244e-01    2.726934713302134e-01
  outer loop
    vertex    2.832590043544769e-02    5.352500081062318e-01   -2.594555029645562e-03
    vertex    2.750826999545097e-02    5.368831157684327e-01   -8.594394661486149e-03
    vertex    2.708023041486740e-02    5.367575287818910e-01   -9.419820271432400e-03
  endloop
endfacet
facet normal   -7.980150284006771e-01    4.052746351432460e-01    4.460095117328504e-01
  outer loop
    vertex    2.805358916521072e-02    5.341755747795106e-01   -2.105480059981346e-03
    vertex    2.832590043544769e-02    5.352500081062318e-01   -2.594555029645562e-03
    vertex    2.704822085797786e-02    5.325471162796022e-01   -2.424590056762099e-03
  endloop
endfacet
facet normal   -9.242501236930193e-01    3.457488858143065e-01    1.619241081852982e-01
  outer loop
    vertex    2.582998946309089e-02    5.332660079002381e-01   -8.174769580364227e-03
    vertex    2.643374912440776e-02    5.354778766632081e-01   -9.451455436646938e-03
    vertex    2.559147030115127e-02    5.332133769989015e-01   -9.423837997019291e-03
  endloop
endfacet
facet normal   -9.008624074159258e-01   -2.689467463575169e-01    3.407558811355835e-01
  outer loop
    vertex    2.231960929930210e-02    5.225123167037965e-01   -8.516509085893631e-03
    vertex    2.168833091855049e-02    5.237014889717103e-01   -9.246858768165112e-03
    vertex    2.164964005351066e-02    5.229368805885316e-01   -9.952625259757042e-03
  endloop
endfacet
facet normal   -9.140622600962541e-01    3.937918486128069e-01   -9.704722888282710e-02
  outer loop
    vertex    2.198950015008449e-02    5.249416828155519e-01   -9.062166325747967e-03
    vertex    2.559147030115127e-02    5.332133769989015e-01   -9.423837997019291e-03
    vertex    2.243269048631191e-02    5.258824229240419e-01   -9.419186040759087e-03
  endloop
endfacet
facet normal   -8.618842979197406e-01    1.961818181764516e-01    4.676196651300901e-01
  outer loop
    vertex    2.451799064874649e-02    5.285047888755799e-01   -1.005700975656509e-02
    vertex    2.643374912440776e-02    5.354778766632081e-01   -9.451455436646938e-03
    vertex    2.462017908692360e-02    5.294011831283570e-01   -1.024472992867231e-02
  endloop
endfacet
facet normal   -6.108293121272249e-01    2.903816939928739e-01    7.365908112649860e-01
  outer loop
    vertex    2.643374912440776e-02    5.354778766632081e-01   -9.451455436646938e-03
    vertex    2.708023041486740e-02    5.367575287818910e-01   -9.419820271432400e-03
    vertex    2.606596983969211e-02    5.354784131050111e-01   -9.756653569638729e-03
  endloop
endfacet
facet normal   -4.179468380869718e-01    9.344473174600594e-02    9.036528772941630e-01
  outer loop
    vertex    2.606596983969211e-02    5.354784131050111e-01   -9.756653569638729e-03
    vertex    2.708023041486740e-02    5.367575287818910e-01   -9.419820271432400e-03
    vertex    2.195952087640762e-02    5.337442159652711e-01   -1.147659029811621e-02
  endloop
endfacet
facet normal   -3.713624697502239e-01    1.378742641217456e-02    9.283856003482297e-01
  outer loop
    vertex    2.462017908692360e-02    5.294011831283570e-01   -1.024472992867231e-02
    vertex    2.606596983969211e-02    5.354784131050111e-01   -9.756653569638729e-03
    vertex    2.311955019831657e-02    5.331184864044191e-01   -1.090020034462214e-02
  endloop
endfacet
facet normal   -1.313094991223653e-01    9.908884263430342e-01   -2.996568002997305e-02
  outer loop
    vertex    2.136906050145626e-02    5.336636900901796e-01   -1.155197992920876e-02
    vertex    2.195952087640762e-02    5.337442159652711e-01   -1.147659029811621e-02
    vertex    2.444515936076641e-02    5.340479016304017e-01   -1.232654042541981e-02
  endloop
endfacet
facet normal    7.033339181409944e-01   -1.453364807220545e-01    6.958438811714627e-01
  outer loop
    vertex    1.374791003763676e-02    5.278189182281495e-01   -9.375006891787052e-03
    vertex    1.710294000804424e-02    5.367606878280641e-01   -1.089853979647160e-02
    vertex    1.682599075138569e-02    5.374165177345277e-01   -1.048163045197725e-02
  endloop
endfacet
facet normal    6.230412065189288e-01   -2.809363139240771e-01    7.299961934819864e-01
  outer loop
    vertex    1.289772987365723e-02    5.266696214675904e-01   -9.091692976653576e-03
    vertex    1.374791003763676e-02    5.278189182281495e-01   -9.375006891787052e-03
    vertex    1.322930026799440e-02    5.281726717948915e-01   -8.796240203082561e-03
  endloop
endfacet
facet normal    7.466348082038319e-01   -6.027216780659743e-01    2.815369282487881e-01
  outer loop
    vertex    8.086454123258591e-03    5.232568979263307e-01   -4.539325833320618e-03
    vertex    1.181470975279808e-02    5.262954235076905e-01   -7.921689189970493e-03
    vertex    7.209230214357375e-03    5.232344269752504e-01   -2.261037938296795e-03
  endloop
endfacet
facet normal    8.054873548186612e-01   -3.352320958083079e-01    4.886814536763245e-01
  outer loop
    vertex    7.209230214357375e-03    5.232344269752504e-01   -2.261037938296795e-03
    vertex    1.322930026799440e-02    5.281726717948915e-01   -8.796240203082561e-03
    vertex    8.680853992700577e-03    5.259050726890565e-01   -2.854652004316449e-03
  endloop
endfacet
facet normal    8.878581859182205e-01   -3.113377504883020e-01    3.387870228017748e-01
  outer loop
    vertex    6.802672054618596e-03    5.224992036819459e-01   -1.871226006187499e-03
    vertex    8.086454123258591e-03    5.232568979263307e-01   -4.539325833320618e-03
    vertex    7.209230214357375e-03    5.232344269752504e-01   -2.261037938296795e-03
  endloop
endfacet
facet normal    5.922472346500992e-03    9.999824617805806e-01    2.127332903311397e-05
  outer loop
    vertex    1.615660078823566e-02    5.384250879287721e-01   -9.247252717614174e-03
    vertex    1.776473969221115e-02    5.384156107902528e-01   -1.146532967686653e-02
    vertex    1.734476909041404e-02    5.384181141853334e-01   -1.222153007984161e-02
  endloop
endfacet
facet normal    8.583491804270795e-01   -4.613308941934185e-02    5.109876931206736e-01
  outer loop
    vertex    1.153984013944864e-02    5.359104275703431e-01   -1.719119027256966e-03
    vertex    1.647775992751121e-02    5.379577279090882e-01   -9.828925132751465e-03
    vertex    1.615660078823566e-02    5.384250879287721e-01   -9.247252717614174e-03
  endloop
endfacet
facet normal   -6.257249836176890e-01    7.567635189947132e-01   -1.891486748443701e-01
  outer loop
    vertex    1.243640016764402e-02    5.366712212562562e-01   -3.957444801926613e-03
    vertex    1.615660078823566e-02    5.384250879287721e-01   -9.247252717614174e-03
    vertex    1.230662036687136e-02    5.362967252731324e-01   -5.026436876505613e-03
  endloop
endfacet
facet normal    8.606141968781170e-01   -2.958102173866103e-01    4.145353053981290e-01
  outer loop
    vertex    8.076143451035023e-03    5.256133079528810e-01   -1.807417953386903e-03
    vertex    8.680853992700577e-03    5.259050726890565e-01   -2.854652004316449e-03
    vertex    1.075411029160023e-02    5.334843993186952e-01   -1.750358962453902e-03
  endloop
endfacet
facet normal   -1.043441171746385e-02    1.917087181641035e-01    9.813963982163308e-01
  outer loop
    vertex    2.418244071304798e-02    5.277950167655946e-01   -1.025141030550003e-02
    vertex    2.166407927870750e-02    5.325676202774049e-01   -1.121047977358103e-02
    vertex    2.253863960504532e-02    5.271636247634889e-01   -1.014554966241121e-02
  endloop
endfacet
facet normal   -2.134653877745906e-02    2.191232584691090e-01    9.754636450837636e-01
  outer loop
    vertex    2.020953036844730e-02    5.239971876144410e-01   -9.485226124525070e-03
    vertex    2.418244071304798e-02    5.277950167655946e-01   -1.025141030550003e-02
    vertex    2.253863960504532e-02    5.271636247634889e-01   -1.014554966241121e-02
  endloop
endfacet
facet normal   -7.818072045208567e-02    2.751010138577404e-01    9.582312910378350e-01
  outer loop
    vertex    2.149656973779201e-02    5.242642164230348e-01   -9.456880390644073e-03
    vertex    2.418244071304798e-02    5.277950167655946e-01   -1.025141030550003e-02
    vertex    2.020953036844730e-02    5.239971876144410e-01   -9.485226124525070e-03
  endloop
endfacet
facet normal   -2.772502428719513e-01   -6.770650725370140e-01    6.817002203152732e-01
  outer loop
    vertex    2.164964005351066e-02    5.229368805885316e-01   -9.952625259757042e-03
    vertex    2.020953036844730e-02    5.239971876144410e-01   -9.485226124525070e-03
    vertex    1.450140960514545e-02    5.261309742927552e-01   -9.687463752925396e-03
  endloop
endfacet
facet normal   -4.883618718561410e-02    9.358238896732078e-01   -3.490682946617744e-01
  outer loop
    vertex   -1.467593014240266e-02    5.276144146919252e-01   -1.005058002192527e-04
    vertex   -9.604829363524928e-03    5.279091000556947e-01   -1.994741978705861e-05
    vertex   -1.049397978931667e-02    5.276638865470887e-01   -5.529489717446268e-04
  endloop
endfacet
facet normal   -1.116450305168578e-01    8.796153087518415e-01   -4.623984167039207e-01
  outer loop
    vertex   -8.354475721716895e-03    5.280013084411622e-01   -6.566526717506349e-04
    vertex    1.586231053806841e-03    5.293772816658021e-01   -4.393149865791202e-04
    vertex   -3.428803058341146e-03    5.283579230308534e-01   -1.167561043985188e-03
  endloop
endfacet
facet normal   -1.248088040292514e-01    9.851118393068463e-01    1.182261667071643e-01
  outer loop
    vertex   -9.604829363524928e-03    5.279091000556947e-01   -1.994741978705861e-05
    vertex    7.064989767968645e-04    5.292158126831056e-01   -2.259930079162586e-05
    vertex    1.586231053806841e-03    5.293772816658021e-01   -4.393149865791202e-04
  endloop
endfacet
facet normal   -1.142861090945294e-01    8.558404457106225e-01   -5.044559611639816e-01
  outer loop
    vertex   -8.354475721716895e-03    5.280013084411622e-01   -6.566526717506349e-04
    vertex   -3.428803058341146e-03    5.283579230308534e-01   -1.167561043985188e-03
    vertex   -9.249716065824046e-03    5.264697074890138e-01   -3.052287967875600e-03
  endloop
endfacet
facet normal   -8.215967191485321e-02    6.711084324175509e-01   -7.367925489911670e-01
  outer loop
    vertex   -1.083066035062076e-02    5.260304212570192e-01   -3.171870950609446e-03
    vertex   -7.812417112290874e-03    5.264567136764527e-01   -3.120145993307233e-03
    vertex   -9.692741557955756e-03    5.258163809776307e-01   -3.493719035759568e-03
  endloop
endfacet
facet normal   -3.718993342023951e-01    7.634047538319525e-01   -5.281136876152626e-01
  outer loop
    vertex    3.205938031896948e-03    5.297868251800538e-01   -6.460181903094053e-04
    vertex    9.168087271973481e-04    5.261734724044801e-01   -4.257219843566418e-03
    vertex    1.832469948567449e-03    5.285828113555909e-01   -1.419257023371756e-03
  endloop
endfacet
facet normal   -1.892472268819336e-01    7.778356367627794e-01   -5.992972628832365e-01
  outer loop
    vertex    1.832469948567449e-03    5.285828113555909e-01   -1.419257023371756e-03
    vertex    9.168087271973481e-04    5.261734724044801e-01   -4.257219843566418e-03
    vertex   -3.126810071989895e-03    5.256335735321046e-01   -3.681059926748276e-03
  endloop
endfacet
facet normal   -1.311647486422785e-01    7.326982809450008e-01   -6.677941582657403e-01
  outer loop
    vertex    1.411473029293119e-03    5.290983915328981e-01   -7.708765915594995e-04
    vertex    1.832469948567449e-03    5.285828113555909e-01   -1.419257023371756e-03
    vertex   -3.126810071989895e-03    5.256335735321046e-01   -3.681059926748276e-03
  endloop
endfacet
facet normal   -7.567126794779006e-02    6.975697081556921e-01   -7.125099027176790e-01
  outer loop
    vertex    1.411473029293119e-03    5.290983915328981e-01   -7.708765915594995e-04
    vertex   -3.126810071989895e-03    5.256335735321046e-01   -3.681059926748276e-03
    vertex   -3.567767096683384e-03    5.262454748153688e-01   -3.035157918930054e-03
  endloop
endfacet
facet normal   -1.191775472347992e-03   -6.040153661561385e-03   -9.999810479278937e-01
  outer loop
    vertex   -1.335843000561000e-02    5.190979838371278e-01   -5.007016006857157e-03
    vertex   -1.130400039255620e-02    5.192574858665467e-01   -5.010427907109261e-03
    vertex   -1.082054991275073e-02    5.186915993690492e-01   -5.007585976272821e-03
  endloop
endfacet
facet normal   -2.932712939276754e-02   -1.961805774760287e-02   -9.993773317880447e-01
  outer loop
    vertex   -1.082054991275073e-02    5.186915993690492e-01   -5.007585976272821e-03
    vertex   -7.646198850125089e-03    5.203552246093751e-01   -5.133396014571190e-03
    vertex   -6.724889855831876e-03    5.201188921928407e-01   -5.155792925506830e-03
  endloop
endfacet
facet normal   -3.120435721086984e-02   -2.695776755467362e-02   -9.991494216880300e-01
  outer loop
    vertex   -6.724889855831876e-03    5.201188921928407e-01   -5.155792925506830e-03
    vertex   -7.646198850125089e-03    5.203552246093751e-01   -5.133396014571190e-03
    vertex   -2.152227098122240e-03    5.218477845191957e-01   -5.345248151570559e-03
  endloop
endfacet
facet normal   -7.527997437776961e-01    3.607128543346088e-01   -5.506167292100872e-01
  outer loop
    vertex    7.090383209288119e-03    5.294154286384584e-01   -1.001749001443386e-02
    vertex    9.202728047966957e-03    5.312178134918214e-01   -1.172471977770329e-02
    vertex    8.435715921223164e-03    5.301812887191774e-01   -1.135510019958019e-02
  endloop
endfacet
facet normal   -8.026219221111364e-01    4.574017406873814e-01   -3.828598931238141e-01
  outer loop
    vertex    8.435715921223164e-03    5.301812887191774e-01   -1.135510019958019e-02
    vertex    9.202728047966957e-03    5.312178134918214e-01   -1.172471977770329e-02
    vertex    1.039716973900795e-02    5.311133265495301e-01   -1.435356028378010e-02
  endloop
endfacet
facet normal   -4.473951283393453e-01   -5.515655671683171e-01   -7.039978865398059e-01
  outer loop
    vertex    1.015856955200434e-02    5.256711840629579e-01   -2.179414965212345e-02
    vertex    8.635107427835464e-03    5.249969959259034e-01   -2.029776945710182e-02
    vertex    9.887783788144588e-03    5.258694887161256e-01   -2.177743054926395e-02
  endloop
endfacet
facet normal   -8.152273572076532e-01    5.693355902761953e-01   -1.061194690199762e-01
  outer loop
    vertex    1.167809031903744e-02    5.299018025398256e-01   -2.207596972584724e-02
    vertex    9.312167763710022e-03    5.274165272712709e-01   -1.723417080938816e-02
    vertex    1.159248035401106e-02    5.300763249397279e-01   -2.048197947442532e-02
  endloop
endfacet
facet normal   -4.086634367757495e-01    1.888643873913948e-01   -8.929302540612599e-01
  outer loop
    vertex    1.309993956238031e-02    5.302410125732423e-01   -2.322042919695377e-02
    vertex    1.317976042628288e-02    5.313832759857179e-01   -2.301535941660404e-02
    vertex    1.852609030902385e-02    5.327038764953614e-01   -2.518286928534508e-02
  endloop
endfacet
facet normal   -3.822570006493715e-01   -1.935546151677081e-03   -9.240540239161567e-01
  outer loop
    vertex    1.092545967549086e-02    5.264484286308290e-01   -2.231295965611935e-02
    vertex    1.309993956238031e-02    5.302410125732423e-01   -2.322042919695377e-02
    vertex    1.613570936024189e-02    5.299177765846254e-01   -2.447557076811790e-02
  endloop
endfacet
facet normal   -3.721302290793967e-02   -8.963698279886431e-01   -4.417423710690017e-01
  outer loop
    vertex    8.635107427835464e-03    5.249969959259034e-01   -2.029776945710182e-02
    vertex    1.015856955200434e-02    5.256711840629579e-01   -2.179414965212345e-02
    vertex    1.196535956114531e-02    5.258656740188600e-01   -2.234100922942162e-02
  endloop
endfacet
facet normal   -2.574322864189613e-01    1.973179788151870e-01   -9.459356390079589e-01
  outer loop
    vertex    2.160421013832092e-02    5.279244780540467e-01   -2.723087929189205e-02
    vertex    1.985462009906768e-02    5.315788984298707e-01   -2.599244005978107e-02
    vertex    2.107332088053226e-02    5.315824151039125e-01   -2.632337063550949e-02
  endloop
endfacet
facet normal   -2.382641085837743e-01    9.674469090730090e-01   -8.530353266928879e-02
  outer loop
    vertex    1.588555052876472e-02    5.354204177856446e-01   -1.987186074256897e-02
    vertex    1.688425987958908e-02    5.358198285102845e-01   -1.813158020377159e-02
    vertex    1.686012931168079e-02    5.356233119964601e-01   -2.029291912913322e-02
  endloop
endfacet
facet normal    7.017691475015169e-01    6.033771235576759e-01   -3.787560037573789e-01
  outer loop
    vertex    1.958901062607765e-02    5.357657074928285e-01   -1.337607018649578e-02
    vertex    1.811967976391315e-02    5.384120941162110e-01   -1.188265997916460e-02
    vertex    2.052064985036850e-02    5.350534915924073e-01   -1.278449967503548e-02
  endloop
endfacet
facet normal   -4.851921372993510e-01    8.656090179266916e-01   -1.237320410680922e-01
  outer loop
    vertex    1.573402062058448e-02    5.350602269172670e-01   -2.179750055074692e-02
    vertex    1.588555052876472e-02    5.354204177856446e-01   -1.987186074256897e-02
    vertex    1.695949025452137e-02    5.358260869979860e-01   -2.124512009322643e-02
  endloop
endfacet
facet normal   -5.250077769302771e-01    7.769001837906270e-01   -3.475527853273778e-01
  outer loop
    vertex    1.772494986653328e-02    5.355746746063234e-01   -2.365499921143055e-02
    vertex    1.573402062058448e-02    5.350602269172670e-01   -2.179750055074692e-02
    vertex    1.871176064014434e-02    5.362489819526673e-01   -2.363835088908672e-02
  endloop
endfacet
facet normal   -3.717948928846326e-01    9.218551102227188e-01   -1.093238920875194e-01
  outer loop
    vertex    1.871176064014434e-02    5.362489819526673e-01   -2.363835088908672e-02
    vertex    1.695949025452137e-02    5.358260869979860e-01   -2.124512009322643e-02
    vertex    2.414163947105407e-02    5.386468768119813e-01   -2.188475057482719e-02
  endloop
endfacet
facet normal    9.370140376233060e-02    9.680831002093063e-01    2.324546364822759e-01
  outer loop
    vertex    2.052064985036850e-02    5.350534915924073e-01   -1.278449967503548e-02
    vertex    2.036622911691665e-02    5.353913903236390e-01   -1.412947010248899e-02
    vertex    1.979129016399383e-02    5.354046821594239e-01   -1.395307015627623e-02
  endloop
endfacet
facet normal   -2.471349205756231e-01    8.706530319422940e-01   -4.253088630651507e-01
  outer loop
    vertex    2.414163947105407e-02    5.386468768119813e-01   -2.188475057482719e-02
    vertex    2.315410040318966e-02    5.375689268112184e-01   -2.351759932935238e-02
    vertex    1.871176064014434e-02    5.362489819526673e-01   -2.363835088908672e-02
  endloop
endfacet
facet normal   -2.792102356325703e-01    4.298084680571075e-01   -8.586654325780251e-01
  outer loop
    vertex    1.871176064014434e-02    5.362489819526673e-01   -2.363835088908672e-02
    vertex    2.044722065329551e-02    5.329126119613649e-01   -2.587269991636276e-02
    vertex    1.772494986653328e-02    5.355746746063234e-01   -2.365499921143055e-02
  endloop
endfacet
facet normal    1.459533534328628e-01   -9.142648721062627e-01   -3.779118445540192e-01
  outer loop
    vertex    3.710835054516792e-02    5.199288129806520e-01   -1.364449039101601e-02
    vertex    3.941551968455315e-02    5.179682970046998e-01   -8.010451681911945e-03
    vertex    3.846964985132217e-02    5.177698731422425e-01   -7.895718328654766e-03
  endloop
endfacet
facet normal   -4.303329260628578e-02   -9.585470088292950e-01   -2.816660568685423e-01
  outer loop
    vertex    3.627277910709381e-02    5.195292234420777e-01   -1.354738045483828e-02
    vertex    3.846964985132217e-02    5.177698731422425e-01   -7.895718328654766e-03
    vertex    3.498201817274094e-02    5.195599198341371e-01   -1.345464028418064e-02
  endloop
endfacet
facet normal    2.013773232487717e-01   -6.077744766623919e-01   -7.681519115376302e-01
  outer loop
    vertex    3.343123942613602e-02    5.207663774490358e-01   -1.527117006480694e-02
    vertex    3.710835054516792e-02    5.199288129806520e-01   -1.364449039101601e-02
    vertex    3.627277910709381e-02    5.195292234420777e-01   -1.354738045483828e-02
  endloop
endfacet
facet normal   -1.777008221475220e-01   -9.740609931851973e-01   -1.400985344789927e-01
  outer loop
    vertex    3.224216029047966e-02    5.201662182807923e-01   -1.419480983167887e-02
    vertex    3.498201817274094e-02    5.195599198341371e-01   -1.345464028418064e-02
    vertex    3.338202089071274e-02    5.197166800498964e-01   -1.251510996371508e-02
  endloop
endfacet
facet normal   -5.098782098609696e-02   -9.115933796884786e-01   -4.079188059151317e-01
  outer loop
    vertex    3.270975872874260e-02    5.204002857208253e-01   -1.504862029105425e-02
    vertex    3.627277910709381e-02    5.195292234420777e-01   -1.354738045483828e-02
    vertex    3.498201817274094e-02    5.195599198341371e-01   -1.345464028418064e-02
  endloop
endfacet
facet normal   -2.960029412520548e-01   -8.674398112205832e-01   -3.999130313952416e-01
  outer loop
    vertex    3.270975872874260e-02    5.204002857208253e-01   -1.504862029105425e-02
    vertex    3.224216029047966e-02    5.201662182807923e-01   -1.419480983167887e-02
    vertex    3.099909052252769e-02    5.205839872360231e-01   -1.418089959770441e-02
  endloop
endfacet
facet normal   -4.066113071848497e-01   -6.209294192575882e-01   -6.701596087275494e-01
  outer loop
    vertex    3.270975872874260e-02    5.204002857208253e-01   -1.504862029105425e-02
    vertex    3.099909052252769e-02    5.205839872360231e-01   -1.418089959770441e-02
    vertex    3.087393939495086e-02    5.209885835647584e-01   -1.447984017431736e-02
  endloop
endfacet
facet normal   -1.308656224197169e-01   -3.137893418333754e-01   -9.404309851448309e-01
  outer loop
    vertex    3.103386983275413e-02    5.247926712036134e-01   -1.628099940717220e-02
    vertex    3.343123942613602e-02    5.207663774490358e-01   -1.527117006480694e-02
    vertex    3.270975872874260e-02    5.204002857208253e-01   -1.504862029105425e-02
  endloop
endfacet
facet normal   -3.879876050079328e-01   -4.151859611999691e-01   -8.228524995299377e-01
  outer loop
    vertex    2.976638078689575e-02    5.245093703269960e-01   -1.573408953845501e-02
    vertex    3.270975872874260e-02    5.204002857208253e-01   -1.504862029105425e-02
    vertex    3.087393939495086e-02    5.209885835647584e-01   -1.447984017431736e-02
  endloop
endfacet
facet normal   -4.484208809365659e-01   -6.167264752435305e-01   -6.469676717377502e-01
  outer loop
    vertex    3.087393939495086e-02    5.209885835647584e-01   -1.447984017431736e-02
    vertex    3.099909052252769e-02    5.205839872360231e-01   -1.418089959770441e-02
    vertex    2.461804077029228e-02    5.225191116333009e-01   -1.160279009491205e-02
  endloop
endfacet
facet normal    5.872112824348886e-01   -5.344110213995661e-01   -6.079373076130843e-01
  outer loop
    vertex    3.196211904287338e-02    5.259150266647340e-01   -1.637100987136364e-02
    vertex    3.103386983275413e-02    5.247926712036134e-01   -1.628099940717220e-02
    vertex    3.133263066411018e-02    5.261949896812440e-01   -1.722514070570469e-02
  endloop
endfacet
facet normal   -9.171369028995943e-02   -5.426151772035901e-01   -8.349595011027264e-01
  outer loop
    vertex    3.133263066411018e-02    5.261949896812440e-01   -1.722514070570469e-02
    vertex    3.103386983275413e-02    5.247926712036134e-01   -1.628099940717220e-02
    vertex    2.965423092246055e-02    5.255565047264100e-01   -1.662584953010082e-02
  endloop
endfacet
facet normal   -4.486817115343866e-01   -6.125263156813969e-01   -6.507658828890366e-01
  outer loop
    vertex    2.461804077029228e-02    5.225191116333009e-01   -1.160279009491205e-02
    vertex    3.099909052252769e-02    5.205839872360231e-01   -1.418089959770441e-02
    vertex    2.378424070775509e-02    5.219684839248658e-01   -1.050963997840881e-02
  endloop
endfacet
facet normal   -4.603555336147898e-01   -7.027529152296494e-01   -5.424123180814308e-01
  outer loop
    vertex    2.205299027264118e-02    5.231813788414003e-01   -1.061172969639301e-02
    vertex    2.378424070775509e-02    5.219684839248658e-01   -1.050963997840881e-02
    vertex    2.164964005351066e-02    5.229368805885316e-01   -9.952625259757042e-03
  endloop
endfacet
facet normal    4.142238671163780e-01   -7.380595476511416e-02   -9.071776391382027e-01
  outer loop
    vertex    2.525757998228073e-02    5.278140902519227e-01   -2.686155028641224e-02
    vertex    2.542991936206817e-02    5.266306996345521e-01   -2.668658085167408e-02
    vertex    2.434266917407512e-02    5.278754830360414e-01   -2.728429995477200e-02
  endloop
endfacet
facet normal   -3.312259411273066e-01   -9.190456745110998e-01    2.136455571425901e-01
  outer loop
    vertex    2.287212945520877e-02    5.273308753967286e-01   -2.764008939266205e-02
    vertex    2.542991936206817e-02    5.266306996345521e-01   -2.668658085167408e-02
    vertex    2.313919924199581e-02    5.274083018302919e-01   -2.689296938478947e-02
  endloop
endfacet
facet normal    4.214529150431829e-01    2.161416647260490e-01   -8.807157436829751e-01
  outer loop
    vertex    2.436318993568420e-02    5.294439196586610e-01   -2.688956074416637e-02
    vertex    2.525757998228073e-02    5.278140902519227e-01   -2.686155028641224e-02
    vertex    2.434266917407512e-02    5.278754830360414e-01   -2.728429995477200e-02
  endloop
endfacet
facet normal    3.338119736584022e-01   -9.422884393103244e-01    2.573059238329482e-02
  outer loop
    vertex    8.753433823585510e-03    5.250291824340821e-01   -1.845531910657883e-02
    vertex    8.867716416716576e-03    5.252097845077516e-01   -1.332405954599380e-02
    vertex    6.924426183104514e-03    5.245162248611451e-01   -1.351215038448572e-02
  endloop
endfacet
facet normal    2.689226183710838e-01   -9.631616828608131e-01   -4.449687257309968e-04
  outer loop
    vertex    8.753433823585510e-03    5.250291824340821e-01   -1.845531910657883e-02
    vertex    6.924426183104514e-03    5.245162248611451e-01   -1.351215038448572e-02
    vertex    8.635107427835464e-03    5.249969959259034e-01   -2.029776945710182e-02
  endloop
endfacet
facet normal    7.645853951228749e-03    2.754117285184878e-01   -9.612959589594744e-01
  outer loop
    vertex   -9.692741557955756e-03    5.258163809776307e-01   -3.493719035759568e-03
    vertex   -9.972845204174532e-03    5.245832204818727e-01   -3.849247936159372e-03
    vertex   -1.570365019142629e-02    5.232632160186769e-01   -4.273010883480310e-03
  endloop
endfacet
facet normal   -7.696193736355675e-02    4.523833481695535e-01   -8.884965765247227e-01
  outer loop
    vertex   -9.692741557955756e-03    5.258163809776307e-01   -3.493719035759568e-03
    vertex   -1.570365019142629e-02    5.232632160186769e-01   -4.273010883480310e-03
    vertex   -1.579475961625578e-02    5.237922072410585e-01   -3.995779901742935e-03
  endloop
endfacet
facet normal    1.637423174627702e-01   -9.839659135353109e-01   -7.070738626581025e-02
  outer loop
    vertex    4.049554839730263e-02    5.177469849586488e-01   -2.429564949125051e-03
    vertex    3.949100151658058e-02    5.175647139549256e-01   -2.219380112364888e-03
    vertex    3.941551968455315e-02    5.179682970046998e-01   -8.010451681911945e-03
  endloop
endfacet
facet normal    9.036398378772986e-01   -1.172158483913947e-01    4.119411223548519e-01
  outer loop
    vertex    1.135922968387604e-02    5.362256169319154e-01   -1.617967936908826e-04
    vertex    1.108937989920378e-02    5.345633029937745e-01   -4.285388058633544e-05
    vertex    1.180854998528957e-02    5.365235805511476e-01   -1.062648021616042e-03
  endloop
endfacet
facet normal    8.338567715121514e-01   -5.301160818299002e-01    1.538175035184435e-01
  outer loop
    vertex    1.243640016764402e-02    5.366712212562562e-01   -3.957444801926613e-03
    vertex    1.180854998528957e-02    5.365235805511476e-01   -1.062648021616042e-03
    vertex    1.153984013944864e-02    5.359104275703431e-01   -1.719119027256966e-03
  endloop
endfacet
facet normal    9.467365316680075e-01   -3.053061525000506e-01   -1.023625559022813e-01
  outer loop
    vertex    1.153984013944864e-02    5.359104275703431e-01   -1.719119027256966e-03
    vertex    1.180854998528957e-02    5.365235805511476e-01   -1.062648021616042e-03
    vertex    1.075411029160023e-02    5.334843993186952e-01   -1.750358962453902e-03
  endloop
endfacet
facet normal    9.718281321994376e-01    2.099096267051778e-01   -1.071822283881292e-01
  outer loop
    vertex    2.491340972483158e-02    5.347033143043519e-01   -2.571976929903030e-02
    vertex    2.634493075311184e-02    5.294036269187928e-01   -2.311917953193188e-02
    vertex    2.523333020508289e-02    5.332701206207277e-01   -2.562584914267063e-02
  endloop
endfacet
facet normal    3.123515679037058e-01    9.253153750549141e-01    2.150068713206170e-01
  outer loop
    vertex    2.825576066970825e-02    5.312207937240602e-01   -1.855981908738613e-02
    vertex    2.458072081208229e-02    5.328419208526612e-01   -2.019767090678215e-02
    vertex    2.582428976893425e-02    5.317239761352540e-01   -1.719301939010620e-02
  endloop
endfacet
facet normal   -1.706499417589021e-01   -9.843908296041535e-01    4.304987768774569e-02
  outer loop
    vertex    3.672771900892258e-02    5.179371833801271e-01   -1.454465964343399e-04
    vertex    2.917383983731269e-02    5.192419886589051e-01   -2.530122874304652e-04
    vertex    3.752427920699120e-02    5.177296996116639e-01   -1.732261036522686e-03
  endloop
endfacet
facet normal    2.289910898066673e-01   -9.298196351671304e-01    2.880946491117448e-01
  outer loop
    vertex    4.101829975843430e-02    5.182397961616517e-01   -1.254533999599516e-03
    vertex    3.949100151658058e-02    5.175647139549256e-01   -2.219380112364888e-03
    vertex    4.049554839730263e-02    5.177469849586488e-01   -2.429564949125051e-03
  endloop
endfacet
facet normal   -2.108502721243966e-01   -8.241933232130203e-01   -5.255925500957428e-01
  outer loop
    vertex    2.224612981081009e-02    5.297365784645082e-01   -1.846105046570301e-02
    vertex    2.494185976684093e-02    5.299568176269532e-01   -1.988784968852997e-02
    vertex    2.491790987551212e-02    5.294311046600343e-01   -1.905385963618755e-02
  endloop
endfacet
facet normal   -2.179319451240695e-01   -8.043776764726140e-01   -5.527044607083955e-01
  outer loop
    vertex    1.764317974448204e-02    5.274546146392823e-01   -1.332504954189062e-02
    vertex    2.224612981081009e-02    5.297365784645082e-01   -1.846105046570301e-02
    vertex    2.256974950432777e-02    5.288795232772828e-01   -1.734133996069431e-02
  endloop
endfacet
facet normal   -1.749176277954525e-01   -8.320253960109202e-01   -5.264385661017656e-01
  outer loop
    vertex    1.417456008493900e-02    5.264120101928712e-01   -1.052473019808531e-02
    vertex    2.224612981081009e-02    5.297365784645082e-01   -1.846105046570301e-02
    vertex    1.764317974448204e-02    5.274546146392823e-01   -1.332504954189062e-02
  endloop
endfacet
facet normal    1.905959389424215e-02   -7.155788320993812e-01    6.982719147523205e-01
  outer loop
    vertex    1.289772987365723e-02    5.266696214675904e-01   -9.091692976653576e-03
    vertex    1.269636023789644e-02    5.260959267616273e-01   -9.674110449850559e-03
    vertex    1.450140960514545e-02    5.261309742927552e-01   -9.687463752925396e-03
  endloop
endfacet
facet normal   -3.189695806104011e-01   -7.110864282484427e-01   -6.265895771604385e-01
  outer loop
    vertex    1.685753092169761e-02    5.262740850448610e-01   -1.147671043872833e-02
    vertex    2.256974950432777e-02    5.288795232772828e-01   -1.734133996069431e-02
    vertex    2.205299027264118e-02    5.231813788414003e-01   -1.061172969639301e-02
  endloop
endfacet
facet normal    2.067597646586137e-01   -9.102260851892059e-01    3.588019977082723e-01
  outer loop
    vertex    2.197417989373207e-02    5.275244116783143e-01   -2.637401968240738e-02
    vertex    2.340394072234630e-02    5.300133228302003e-01   -2.088393084704876e-02
    vertex    2.196265943348407e-02    5.294572710990907e-01   -2.146401070058346e-02
  endloop
endfacet
facet normal    1.104522468947185e-01   -9.864650438784207e-01   -1.211900093318484e-01
  outer loop
    vertex    2.081869915127754e-02    5.273981094360353e-01   -2.674585022032261e-02
    vertex    2.056285925209522e-02    5.272895097732545e-01   -2.609504014253616e-02
    vertex    1.196535956114531e-02    5.258656740188600e-01   -2.234100922942162e-02
  endloop
endfacet
facet normal    2.057923323525482e-01   -9.761837528706658e-01    6.866437632601735e-02
  outer loop
    vertex    1.450338028371334e-02    5.263454914093019e-01   -2.312620915472507e-02
    vertex    1.111757010221481e-02    5.257881879806520e-01   -2.090171910822392e-02
    vertex    1.196535956114531e-02    5.258656740188600e-01   -2.234100922942162e-02
  endloop
endfacet
facet normal    3.324146625665751e-01   -9.318209199173526e-01    1.456374447562468e-01
  outer loop
    vertex    1.196535956114531e-02    5.258656740188600e-01   -2.234100922942162e-02
    vertex    1.111757010221481e-02    5.257881879806520e-01   -2.090171910822392e-02
    vertex    8.635107427835464e-03    5.249969959259034e-01   -2.029776945710182e-02
  endloop
endfacet
facet normal    3.355348500445705e-01   -9.297751333015690e-01    1.514416253862104e-01
  outer loop
    vertex    1.111757010221481e-02    5.257881879806520e-01   -2.090171910822392e-02
    vertex    2.147617936134338e-02    5.296257734298707e-01   -2.029146999120712e-02
    vertex    2.112602069973945e-02    5.296515226364137e-01   -1.935756951570511e-02
  endloop
endfacet
facet normal   -2.838841450466145e-01   -7.337963765630616e-01   -6.172136339502508e-01
  outer loop
    vertex    3.045218996703624e-02    5.261631011962892e-01   -1.771404035389423e-02
    vertex    2.965423092246055e-02    5.255565047264100e-01   -1.662584953010082e-02
    vertex    2.491790987551212e-02    5.294311046600343e-01   -1.905385963618755e-02
  endloop
endfacet
facet normal    8.391051878565339e-02   -9.156021782373356e-01    3.932323435885821e-01
  outer loop
    vertex    2.313919924199581e-02    5.274083018302919e-01   -2.689296938478947e-02
    vertex    2.340394072234630e-02    5.300133228302003e-01   -2.088393084704876e-02
    vertex    2.197417989373207e-02    5.275244116783143e-01   -2.637401968240738e-02
  endloop
endfacet
facet normal   -4.577447586703895e-02   -9.918207329587050e-01    1.191483572373337e-01
  outer loop
    vertex    2.313919924199581e-02    5.274083018302919e-01   -2.689296938478947e-02
    vertex    2.197417989373207e-02    5.275244116783143e-01   -2.637401968240738e-02
    vertex    2.287212945520877e-02    5.273308753967286e-01   -2.764008939266205e-02
  endloop
endfacet
facet normal   -1.756905731129079e-01   -7.219842491857729e-01    6.692320721893966e-01
  outer loop
    vertex    2.537005022168159e-02    5.296533107757569e-01   -2.060819044709206e-02
    vertex    2.855483070015907e-02    5.255231261253358e-01   -2.422785013914108e-02
    vertex    2.990492060780525e-02    5.278506278991700e-01   -2.136244997382164e-02
  endloop
endfacet
facet normal   -1.892125789699769e-01   -9.400842227524978e-01    2.836199113097712e-01
  outer loop
    vertex    2.494185976684093e-02    5.299568176269532e-01   -1.988784968852997e-02
    vertex    2.451341040432453e-02    5.297151207923890e-01   -2.097480930387974e-02
    vertex    2.537005022168159e-02    5.296533107757569e-01   -2.060819044709206e-02
  endloop
endfacet
facet normal    7.874013334702074e-02   -9.364032413974627e-01    3.419780123060815e-01
  outer loop
    vertex    2.990492060780525e-02    5.278506278991700e-01   -2.136244997382164e-02
    vertex    3.065053932368755e-02    5.279958248138429e-01   -2.113655023276806e-02
    vertex    2.915103919804096e-02    5.281932950019838e-01   -2.025057934224606e-02
  endloop
endfacet
facet normal    2.240477781187372e-01   -9.118464327569388e-01   -3.440038897868784e-01
  outer loop
    vertex    2.965423092246055e-02    5.255565047264100e-01   -1.662584953010082e-02
    vertex    3.045218996703624e-02    5.261631011962892e-01   -1.771404035389423e-02
    vertex    3.133263066411018e-02    5.261949896812440e-01   -1.722514070570469e-02
  endloop
endfacet
facet normal   -2.253609960864380e-01   -9.284508958173778e-01    2.952818238544951e-01
  outer loop
    vertex    2.451341040432453e-02    5.297151207923890e-01   -2.097480930387974e-02
    vertex    2.494185976684093e-02    5.299568176269532e-01   -1.988784968852997e-02
    vertex    2.340394072234630e-02    5.300133228302003e-01   -2.088393084704876e-02
  endloop
endfacet
facet normal   -2.303168317827205e-01   -9.369734595310873e-01    2.627449202780442e-01
  outer loop
    vertex    2.451341040432453e-02    5.297151207923890e-01   -2.097480930387974e-02
    vertex    2.340394072234630e-02    5.300133228302003e-01   -2.088393084704876e-02
    vertex    2.399701997637748e-02    5.296040177345277e-01   -2.182367071509361e-02
  endloop
endfacet
facet normal   -5.611276706590796e-01   -7.626204542030328e-01    3.217853011743629e-01
  outer loop
    vertex    2.770370990037918e-02    5.259181857109071e-01   -2.441019006073475e-02
    vertex    2.451341040432453e-02    5.297151207923890e-01   -2.097480930387974e-02
    vertex    2.542991936206817e-02    5.266306996345521e-01   -2.668658085167408e-02
  endloop
endfacet
facet normal   -9.601870628488526e-01    1.534992378758860e-01   -2.334069157270534e-01
  outer loop
    vertex   -1.579475961625578e-02    5.237922072410585e-01   -3.995779901742935e-03
    vertex   -1.630637049674990e-02    5.206822752952577e-01   -3.936355933547020e-03
    vertex   -1.609696075320246e-02    5.237234830856324e-01   -2.797784050926566e-03
  endloop
endfacet
facet normal   -5.354034930096616e-01    8.287386236171221e-01    1.628968796455336e-01
  outer loop
    vertex    4.194132052361964e-03    5.305852293968202e-01   -5.449984018923715e-05
    vertex    4.089298658072948e-03    5.305067896842958e-01   -4.678521898095059e-23
    vertex    4.207300022244453e-03    5.305830240249635e-01    6.093965172271591e-20
  endloop
endfacet
facet normal   -6.257677623999705e-01    7.531436185725405e-01   -2.029517118538145e-01
  outer loop
    vertex    1.615660078823566e-02    5.384250879287721e-01   -9.247252717614174e-03
    vertex    1.669537089765072e-02    5.379933118820192e-01   -1.251075975596905e-02
    vertex    1.501999981701374e-02    5.370085835456849e-01   -1.099930983036757e-02
  endloop
endfacet
facet normal   -6.310100930061070e-01    7.502823412452618e-01   -1.972376002185000e-01
  outer loop
    vertex    1.230662036687136e-02    5.362967252731324e-01   -5.026436876505613e-03
    vertex    1.615660078823566e-02    5.384250879287721e-01   -9.247252717614174e-03
    vertex    1.501999981701374e-02    5.370085835456849e-01   -1.099930983036757e-02
  endloop
endfacet
facet normal   -6.644502027968341e-01    7.198525260123654e-01   -2.007940955229084e-01
  outer loop
    vertex    1.089129969477654e-02    5.348839759826661e-01   -5.399555899202824e-03
    vertex    1.072592008858919e-02    5.333136916160585e-01   -1.048181019723415e-02
    vertex    1.014014985412359e-02    5.325654745101930e-01   -1.122581027448177e-02
  endloop
endfacet
facet normal   -5.652101456111300e-01    8.110957497747202e-01   -1.505362946123943e-01
  outer loop
    vertex    4.194132052361964e-03    5.305852293968202e-01   -5.449984018923715e-05
    vertex    4.616416059434413e-03    5.306528806686402e-01   -1.275517977774143e-03
    vertex    3.205938031896948e-03    5.297868251800538e-01   -6.460181903094053e-04
  endloop
endfacet
facet normal    7.928184999236606e-01    6.039778729733399e-01    8.154480447825413e-02
  outer loop
    vertex    4.201764985918999e-02    5.305433273315431e-01   -1.557076029712334e-04
    vertex    4.199732095003128e-02    5.305489897727967e-01   -2.598764471746790e-23
    vertex    4.200885444879532e-02    5.305338501930238e-01    7.442997556368712e-21
  endloop
endfacet
facet normal   -6.560445098970592e-01    6.095177421378648e-01    4.450772102153587e-01
  outer loop
    vertex   -1.469130907207729e-02    5.275244712829591e-01    9.481060122112440e-20
    vertex   -1.467593014240266e-02    5.276144146919252e-01   -1.005058002192527e-04
    vertex   -1.471124496310951e-02    5.275030136108400e-01   -5.709980883562084e-23
  endloop
endfacet
facet normal    9.046758567439100e-01    1.043926039198269e-01   -4.131147279769996e-01
  outer loop
    vertex    4.155525937676430e-02    5.301409959793092e-01   -7.395459804683924e-03
    vertex    4.182761907577515e-02    5.292636156082154e-01   -7.020732853561640e-03
    vertex    4.131542891263962e-02    5.287550091743470e-01   -8.270896039903164e-03
  endloop
endfacet
facet normal    7.096688808765211e-01    1.056457618006572e-01   -6.965694886578259e-01
  outer loop
    vertex    3.867483884096146e-02    5.314406752586366e-01   -1.125971972942352e-02
    vertex    3.927436098456383e-02    5.292798280715943e-01   -1.097664982080460e-02
    vertex    3.838795050978661e-02    5.297703146934510e-01   -1.180533971637487e-02
  endloop
endfacet
facet normal    7.017704006682366e-01    7.053404103858295e-02   -7.089028521600896e-01
  outer loop
    vertex    3.838795050978661e-02    5.297703146934510e-01   -1.180533971637487e-02
    vertex    3.927436098456383e-02    5.292798280715943e-01   -1.097664982080460e-02
    vertex    3.755205124616623e-02    5.211710929870607e-01   -1.348842959851027e-02
  endloop
endfacet
facet normal    7.805916092005221e-01    2.319604478194806e-01   -5.804059702424894e-01
  outer loop
    vertex    3.614683821797371e-02    5.346853733062745e-01   -1.268497016280890e-02
    vertex    3.674682974815369e-02    5.332993865013124e-01   -1.243195030838251e-02
    vertex    3.607700020074844e-02    5.335937142372132e-01   -1.321517955511808e-02
  endloop
endfacet
facet normal    7.607223954112192e-01    4.035573839058038e-03   -6.490648282441486e-01
  outer loop
    vertex    3.607700020074844e-02    5.335937142372132e-01   -1.321517955511808e-02
    vertex    3.674682974815369e-02    5.332993865013124e-01   -1.243195030838251e-02
    vertex    3.595634177327156e-02    5.322257280349733e-01   -1.336510013788939e-02
  endloop
endfacet
facet normal    3.419867562272201e-01    9.366972678304342e-01    7.512181443618057e-02
  outer loop
    vertex    3.815649077296257e-02    5.322870016098024e-01   -1.413432997651398e-03
    vertex    3.886887058615685e-02    5.321171879768373e-01   -2.539078006520867e-03
    vertex    3.227841109037399e-02    5.346726775169374e-01   -4.400989972054958e-03
  endloop
endfacet
facet normal    3.219788687694978e-01    9.296646012480265e-01    1.790344582818130e-01
  outer loop
    vertex    2.917785011231899e-02    5.358688831329347e-01   -5.036369897425175e-03
    vertex    3.227841109037399e-02    5.346726775169374e-01   -4.400989972054958e-03
    vertex    3.032848052680492e-02    5.355002284049989e-01   -5.191387142986059e-03
  endloop
endfacet
facet normal    7.013701066967801e-01    6.724829854623240e-01   -2.363188686834527e-01
  outer loop
    vertex    3.277315944433212e-02    5.382661223411561e-01   -1.250811014324427e-02
    vertex    3.522872924804688e-02    5.358027219772340e-01   -1.223022956401110e-02
    vertex    3.614683821797371e-02    5.346853733062745e-01   -1.268497016280890e-02
  endloop
endfacet
facet normal    1.709100243707963e-01   -9.541991932536626e-01   -2.455476800208733e-01
  outer loop
    vertex    3.045218996703624e-02    5.261631011962892e-01   -1.771404035389423e-02
    vertex    3.096334077417850e-02    5.264441967010499e-01   -1.845059916377068e-02
    vertex    3.133263066411018e-02    5.261949896812440e-01   -1.722514070570469e-02
  endloop
endfacet
facet normal    9.717229071804205e-02    5.637495488688322e-01    8.202097244405215e-01
  outer loop
    vertex    2.714600041508674e-02    5.382338166236879e-01   -1.044229976832867e-02
    vertex    2.708023041486740e-02    5.367575287818910e-01   -9.419820271432400e-03
    vertex    2.774661034345626e-02    5.375362038612367e-01   -1.003396976739168e-02
  endloop
endfacet
facet normal   -4.136500768517296e-01    8.702446459136808e-01   -2.675217190792747e-01
  outer loop
    vertex    2.714600041508674e-02    5.382338166236879e-01   -1.044229976832867e-02
    vertex    3.010392934083938e-02    5.390247106552125e-01   -1.244316995143890e-02
    vertex    3.016342036426067e-02    5.387989878654481e-01   -1.326943002641201e-02
  endloop
endfacet
facet normal    3.180015891407490e-01    6.220312091296146e-01   -7.155083257186514e-01
  outer loop
    vertex    2.969555929303169e-02    5.384436249732972e-01   -1.475473958998919e-02
    vertex    3.101024031639099e-02    5.387833714485170e-01   -1.387508027255535e-02
    vertex    3.036068007349968e-02    5.379108190536500e-01   -1.492233015596867e-02
  endloop
endfacet
facet normal    4.957481933567890e-01    3.740148776176112e-01   -7.838026538001535e-01
  outer loop
    vertex    3.036068007349968e-02    5.379108190536500e-01   -1.492233015596867e-02
    vertex    3.312148153781891e-02    5.326011180877687e-01   -1.570983044803143e-02
    vertex    3.235417976975441e-02    5.321905016899110e-01   -1.639107987284660e-02
  endloop
endfacet
facet normal    8.264768570112742e-01    4.312360974004293e-01   -3.618997556280099e-01
  outer loop
    vertex    2.390198037028312e-02    5.333865880966188e-01   -1.960187964141369e-02
    vertex    2.306107990443706e-02    5.367447733879090e-01   -1.752067916095257e-02
    vertex    2.582428976893425e-02    5.317239761352540e-01   -1.719301939010620e-02
  endloop
endfacet
facet normal    9.754261030542412e-01    1.959500773619002e-01    1.007347242130640e-01
  outer loop
    vertex    2.500079944729805e-02    5.338953733444215e-01   -2.499436028301716e-02
    vertex    2.491340972483158e-02    5.347033143043519e-01   -2.571976929903030e-02
    vertex    2.481045015156269e-02    5.348432064056398e-01   -2.499491907656193e-02
  endloop
endfacet
facet normal    7.774757408298290e-01    1.564962694099927e-01    6.091308480793461e-01
  outer loop
    vertex    2.402924001216888e-02    5.330659151077272e-01   -2.354118973016739e-02
    vertex    2.500079944729805e-02    5.338953733444215e-01   -2.499436028301716e-02
    vertex    2.481045015156269e-02    5.348432064056398e-01   -2.499491907656193e-02
  endloop
endfacet
facet normal   -1.212803558152082e-01    9.733417440512560e-01   -1.946713244948926e-01
  outer loop
    vertex    2.969555929303169e-02    5.384436249732972e-01   -1.475473958998919e-02
    vertex    3.016342036426067e-02    5.387989878654481e-01   -1.326943002641201e-02
    vertex    3.101024031639099e-02    5.387833714485170e-01   -1.387508027255535e-02
  endloop
endfacet
facet normal    2.744107074043085e-02    8.906886369201649e-01    4.537849046606966e-01
  outer loop
    vertex    2.243106998503208e-02    5.371869206428529e-01   -1.777859963476658e-02
    vertex    2.036622911691665e-02    5.353913903236390e-01   -1.412947010248899e-02
    vertex    2.149762026965618e-02    5.349575877189637e-01   -1.334641966968775e-02
  endloop
endfacet
facet normal    3.748378062446353e-01    7.607736168210950e-01    5.298302775027669e-01
  outer loop
    vertex    2.310133911669254e-02    5.366163253784181e-01   -1.686275005340576e-02
    vertex    2.149762026965618e-02    5.349575877189637e-01   -1.334641966968775e-02
    vertex    2.524109929800033e-02    5.344020128250123e-01   -1.519707031548023e-02
  endloop
endfacet
facet normal    5.331718078760369e-01    8.358715342006054e-01    1.305626347747488e-01
  outer loop
    vertex    2.306107990443706e-02    5.367447733879090e-01   -1.752067916095257e-02
    vertex    2.243106998503208e-02    5.371869206428529e-01   -1.777859963476658e-02
    vertex    2.310133911669254e-02    5.366163253784181e-01   -1.686275005340576e-02
  endloop
endfacet
facet normal   -9.119416217107965e-01    3.183082604229610e-01    2.589253366088209e-01
  outer loop
    vertex    2.311223931610584e-02    5.247822999954225e-01   -5.165072157979012e-03
    vertex    2.306747063994407e-02    5.237557291984559e-01   -4.060740116983652e-03
    vertex    2.424383908510208e-02    5.264940261840821e-01   -3.283848986029625e-03
  endloop
endfacet
facet normal   -8.855903354283784e-01    3.706404783430552e-01    2.799203343979916e-01
  outer loop
    vertex    2.295519039034843e-02    5.259966254234315e-01   -7.269810885190964e-03
    vertex    2.311223931610584e-02    5.247822999954225e-01   -5.165072157979012e-03
    vertex    2.467657066881656e-02    5.287088155746461e-01   -5.415032152086496e-03
  endloop
endfacet
facet normal   -8.858014818045189e-01    3.829378737447501e-01    2.621341635208360e-01
  outer loop
    vertex    2.582998946309089e-02    5.332660079002381e-01   -8.174769580364227e-03
    vertex    2.295519039034843e-02    5.259966254234315e-01   -7.269810885190964e-03
    vertex    2.467657066881656e-02    5.287088155746461e-01   -5.415032152086496e-03
  endloop
endfacet
facet normal   -9.012918350482025e-01    3.911256026690022e-01    1.862626935600720e-01
  outer loop
    vertex    2.311223931610584e-02    5.247822999954225e-01   -5.165072157979012e-03
    vertex    2.424383908510208e-02    5.264940261840821e-01   -3.283848986029625e-03
    vertex    2.704822085797786e-02    5.325471162796022e-01   -2.424590056762099e-03
  endloop
endfacet
facet normal   -8.710670533376772e-01    4.270212328448816e-01    2.426830346135748e-01
  outer loop
    vertex    2.733829990029335e-02    5.338100194931031e-01   -3.605588106438518e-03
    vertex    2.704822085797786e-02    5.325471162796022e-01   -2.424590056762099e-03
    vertex    2.832590043544769e-02    5.352500081062318e-01   -2.594555029645562e-03
  endloop
endfacet
facet normal   -4.911415293505903e-01    2.691576015484225e-01    8.284528856101980e-01
  outer loop
    vertex    2.626254968345165e-02    5.367221236228944e-01   -9.893072769045830e-03
    vertex    2.195952087640762e-02    5.337442159652711e-01   -1.147659029811621e-02
    vertex    2.708023041486740e-02    5.367575287818910e-01   -9.419820271432400e-03
  endloop
endfacet
facet normal    1.762847846492457e-01    1.158872130465933e-01    9.774936462982574e-01
  outer loop
    vertex    2.136906050145626e-02    5.336636900901796e-01   -1.155197992920876e-02
    vertex    1.776473969221115e-02    5.384156107902528e-01   -1.146532967686653e-02
    vertex    2.060740068554878e-02    5.337224006652833e-01   -1.142157986760139e-02
  endloop
endfacet
facet normal   -1.964006394991655e-01    8.431008441223730e-01   -5.006073865260691e-01
  outer loop
    vertex   -9.249716065824046e-03    5.264697074890138e-01   -3.052287967875600e-03
    vertex   -1.083066035062076e-02    5.260304212570192e-01   -3.171870950609446e-03
    vertex   -1.049397978931667e-02    5.276638865470887e-01   -5.529489717446268e-04
  endloop
endfacet
facet normal    2.814604966685695e-02    4.407683310714154e-01   -8.971795128137234e-01
  outer loop
    vertex   -5.009158048778787e-03    5.247902274131776e-01   -3.850918030366302e-03
    vertex   -9.692741557955756e-03    5.258163809776307e-01   -3.493719035759568e-03
    vertex   -7.812417112290874e-03    5.264567136764527e-01   -3.120145993307233e-03
  endloop
endfacet
facet normal   -6.084151842926311e-01    6.720262475172918e-01   -4.221512598228171e-01
  outer loop
    vertex    2.049785107374190e-03    5.260487198829652e-01   -5.659468006342649e-03
    vertex    7.622807752341022e-04    5.252578258514405e-01   -5.062914919108152e-03
    vertex    2.601420972496270e-03    5.271081924438478e-01   -4.767916165292263e-03
  endloop
endfacet
facet normal   -6.883290761217589e-01    6.689057526454827e-01   -2.806566889335548e-01
  outer loop
    vertex    3.280000993981957e-03    5.272352099418641e-01   -6.129450164735317e-03
    vertex    2.601420972496270e-03    5.271081924438478e-01   -4.767916165292263e-03
    vertex    4.300623200833797e-03    5.283579230308534e-01   -5.956764798611403e-03
  endloop
endfacet
facet normal   -7.001709309572146e-01    6.728819969487397e-01   -2.387268012284826e-01
  outer loop
    vertex    9.516117163002491e-03    5.318245291709901e-01   -1.148401014506817e-02
    vertex    3.280000993981957e-03    5.272352099418641e-01   -6.129450164735317e-03
    vertex    1.014014985412359e-02    5.325654745101930e-01   -1.122581027448177e-02
  endloop
endfacet
facet normal   -2.346390353211280e-01    2.776721537064674e-01   -9.315807523556842e-01
  outer loop
    vertex    7.622807752341022e-04    5.252578258514405e-01   -5.062914919108152e-03
    vertex   -2.152227098122240e-03    5.218477845191957e-01   -5.345248151570559e-03
    vertex   -3.032776992768050e-03    5.246124863624574e-01   -4.299399908632040e-03
  endloop
endfacet
facet normal   -1.481511588078292e-01    5.022603882342774e-01   -8.519305937426185e-01
  outer loop
    vertex   -3.032776992768050e-03    5.246124863624574e-01   -4.299399908632040e-03
    vertex   -5.009158048778787e-03    5.247902274131776e-01   -3.850918030366302e-03
    vertex   -3.126810071989895e-03    5.256335735321046e-01   -3.681059926748276e-03
  endloop
endfacet
facet normal   -3.934519276735462e-01   -4.506488921963273e-01   -8.013183865182387e-01
  outer loop
    vertex    1.753002987243234e-03    5.222504734992982e-01   -7.010770030319691e-03
    vertex    1.597960945218801e-03    5.216568112373353e-01   -6.600777152925730e-03
    vertex    6.274962797760954e-04    5.217978954315187e-01   -6.203616969287395e-03
  endloop
endfacet
facet normal   -7.405320654172434e-01    5.407891639993647e-01   -3.989477913082612e-01
  outer loop
    vertex    9.516117163002491e-03    5.318245291709901e-01   -1.148401014506817e-02
    vertex    9.202728047966957e-03    5.312178134918214e-01   -1.172471977770329e-02
    vertex    3.280000993981957e-03    5.272352099418641e-01   -6.129450164735317e-03
  endloop
endfacet
facet normal   -5.736210297690927e-01    3.908184390500827e-01   -7.198748932315271e-01
  outer loop
    vertex    2.049785107374190e-03    5.260487198829652e-01   -5.659468006342649e-03
    vertex    1.597887021489441e-03    5.251597166061402e-01   -5.782017949968576e-03
    vertex    7.622807752341022e-04    5.252578258514405e-01   -5.062914919108152e-03
  endloop
endfacet
facet normal   -2.277152424986839e-01    9.467416493596055e-01    2.276532839684494e-01
  outer loop
    vertex    2.178270928561687e-02    5.372077822685243e-01   -1.825956068933010e-02
    vertex    2.502650953829288e-02    5.388805270195008e-01   -2.197132073342800e-02
    vertex    2.414163947105407e-02    5.386468768119813e-01   -2.188475057482719e-02
  endloop
endfacet
facet normal   -3.512702632664071e-01    9.259012417380313e-01    1.389823466945380e-01
  outer loop
    vertex    2.178270928561687e-02    5.372077822685243e-01   -1.825956068933010e-02
    vertex    2.414163947105407e-02    5.386468768119813e-01   -2.188475057482719e-02
    vertex    1.695949025452137e-02    5.358260869979860e-01   -2.124512009322643e-02
  endloop
endfacet
facet normal   -2.939131284242699e-01   -9.506729570584680e-01   -9.917661850238173e-02
  outer loop
    vertex    2.562483027577400e-02    5.204097032546998e-01   -3.637104062363505e-03
    vertex    2.443151921033859e-02    5.209885239601136e-01   -5.649064201861620e-03
    vertex    2.665771916508674e-02    5.202962160110475e-01   -5.610254127532244e-03
  endloop
endfacet
facet normal   -2.430730329268325e-01   -9.617250747349068e-01   -1.264926135783786e-01
  outer loop
    vertex    2.665771916508674e-02    5.202962160110475e-01   -5.610254127532244e-03
    vertex    3.101190924644470e-02    5.193963050842286e-01   -7.135396823287010e-03
    vertex    3.418774157762527e-02    5.185204744338990e-01   -6.579244975000620e-03
  endloop
endfacet
facet normal   -2.456892423698575e-01   -9.627247704098723e-01   -1.131274176448135e-01
  outer loop
    vertex    3.418774157762527e-02    5.185204744338990e-01   -6.579244975000620e-03
    vertex    3.101190924644470e-02    5.193963050842286e-01   -7.135396823287010e-03
    vertex    3.687318041920662e-02    5.179541707038881e-01   -7.592163048684597e-03
  endloop
endfacet
facet normal   -9.060343269117843e-02   -5.646699222630172e-01   -8.203285298440214e-01
  outer loop
    vertex   -1.335843000561000e-02    5.190979838371278e-01   -5.007016006857157e-03
    vertex   -1.082054991275073e-02    5.186915993690492e-01   -5.007585976272821e-03
    vertex   -1.189150009304286e-02    5.182793736457826e-01   -4.605547990649939e-03
  endloop
endfacet
facet normal   -3.475983801573373e-01   -8.335083691215213e-01   -4.294638107179427e-01
  outer loop
    vertex   -1.335843000561000e-02    5.190979838371278e-01   -5.007016006857157e-03
    vertex   -1.189150009304286e-02    5.182793736457826e-01   -4.605547990649939e-03
    vertex   -1.271300017833711e-02    5.183420777320863e-01   -4.062341060489416e-03
  endloop
endfacet
facet normal    5.694508376775054e-01    8.162279743096884e-01   -9.745582292859636e-02
  outer loop
    vertex    2.390198037028312e-02    5.333865880966188e-01   -1.960187964141369e-02
    vertex    2.458072081208229e-02    5.328419208526612e-01   -2.019767090678215e-02
    vertex    2.439882047474384e-02    5.326542854309083e-01   -2.283206023275852e-02
  endloop
endfacet
facet normal    7.668386860150233e-01    6.412535899244552e-01   -2.742741401865893e-02
  outer loop
    vertex    2.390198037028312e-02    5.333865880966188e-01   -1.960187964141369e-02
    vertex    2.439882047474384e-02    5.326542854309083e-01   -2.283206023275852e-02
    vertex    2.402924001216888e-02    5.330659151077272e-01   -2.354118973016739e-02
  endloop
endfacet
facet normal   -4.581747606752153e-02   -7.647093222720377e-01    6.427444370175778e-01
  outer loop
    vertex    2.855483070015907e-02    5.255231261253358e-01   -2.422785013914108e-02
    vertex    3.065053932368755e-02    5.279958248138429e-01   -2.113655023276806e-02
    vertex    2.990492060780525e-02    5.278506278991700e-01   -2.136244997382164e-02
  endloop
endfacet
facet normal   -6.393334137874574e-01   -7.597125513353366e-01    1.186997277100045e-01
  outer loop
    vertex    2.375391125679016e-02    5.205719470977784e-01   -1.358852372884249e-20
    vertex    2.394850924611091e-02    5.203889012336732e-01   -1.234142982866615e-04
    vertex    2.391391061246395e-02    5.204373002052308e-01   -3.590879192200822e-23
  endloop
endfacet
facet normal   -1.919645479689015e-01   -9.777994655642259e-01   -8.401081754994021e-02
  outer loop
    vertex    3.664559125900269e-02    5.179855227470399e-01   -2.701978897675872e-03
    vertex    3.752427920699120e-02    5.177296996116639e-01   -1.732261036522686e-03
    vertex    2.917383983731269e-02    5.192419886589051e-01   -2.530122874304652e-04
  endloop
endfacet
facet normal   -1.838479754160741e-01   -9.812735121762348e-01   -5.746491309249067e-02
  outer loop
    vertex    3.664559125900269e-02    5.179855227470399e-01   -2.701978897675872e-03
    vertex    2.917383983731269e-02    5.192419886589051e-01   -2.530122874304652e-04
    vertex    2.567381039261818e-02    5.199267864227296e-01   -7.489771815016866e-04
  endloop
endfacet
facet normal    3.223311570241217e-01   -9.465914682087418e-01   -8.198629514096232e-03
  outer loop
    vertex    1.196413021534681e-02    5.262631773948671e-01   -1.320965960621834e-02
    vertex    7.410482037812471e-03    5.247033238410951e-01   -1.214102003723383e-02
    vertex    8.867716416716576e-03    5.252097845077516e-01   -1.332405954599380e-02
  endloop
endfacet
facet normal    1.199903154656419e-01   -9.912013342518643e-01   -5.587700038280231e-02
  outer loop
    vertex    2.224612981081009e-02    5.297365784645082e-01   -1.846105046570301e-02
    vertex    2.112602069973945e-02    5.296515226364137e-01   -1.935756951570511e-02
    vertex    2.340394072234630e-02    5.300133228302003e-01   -2.088393084704876e-02
  endloop
endfacet
facet normal    2.828218234085467e-02   -9.945766803080791e-01   -1.000866881728030e-01
  outer loop
    vertex    2.224612981081009e-02    5.297365784645082e-01   -1.846105046570301e-02
    vertex    2.340394072234630e-02    5.300133228302003e-01   -2.088393084704876e-02
    vertex    2.494185976684093e-02    5.299568176269532e-01   -1.988784968852997e-02
  endloop
endfacet
facet normal   -8.730111888679871e-01   -4.875841212296524e-01    1.063902420390583e-02
  outer loop
    vertex   -1.638686470687391e-02    5.209122896194459e-01   -5.801910833806084e-23
    vertex   -1.630637049674990e-02    5.206822752952577e-01   -3.936355933547020e-03
    vertex   -1.617497578263285e-02    5.205329060554506e-01   -5.790285918095319e-23
  endloop
endfacet
facet normal    9.899448139339768e-01   -6.763286937301967e-02   -1.242379183083662e-01
  outer loop
    vertex    4.206871986389160e-02    5.271729826927186e-01   -4.401876125484705e-03
    vertex    4.271438717842102e-02    5.285376310348512e-01   -1.357812139492537e-20
    vertex    4.271338135004044e-02    5.285229086875917e-01   -1.626559206635124e-19
  endloop
endfacet
facet normal    4.505897339451475e-01    8.858467128464805e-01    1.106548372296763e-01
  outer loop
    vertex    4.134137555956841e-02    5.308678746223451e-01   -2.634751769810439e-23
    vertex    4.091019928455353e-02    5.312393903732301e-01   -1.218404970131814e-03
    vertex    4.036467149853706e-02    5.313646793365480e-01   -2.688336932044240e-23
  endloop
endfacet
facet normal    4.505971891086458e-01    8.858433773054063e-01    1.106511818804428e-01
  outer loop
    vertex    4.091019928455353e-02    5.312393903732301e-01   -1.218404970131814e-03
    vertex    4.134137555956841e-02    5.308678746223451e-01   -2.634751769810439e-23
    vertex    4.201764985918999e-02    5.305433273315431e-01   -1.557076029712334e-04
  endloop
endfacet
facet normal    1.198645018511315e-01   -9.927902066298818e-01   -3.268268293049441e-04
  outer loop
    vertex    3.244360210373997e-03    5.214071869850160e-01   -4.724877970014925e-23
    vertex    5.934948101639747e-03    5.217329263687135e-01   -2.707527950406075e-03
    vertex    5.384963937103747e-03    5.216656327247621e-01    2.167943601222439e-19
  endloop
endfacet
facet normal    1.198691071280744e-01   -9.927896521187213e-01   -3.221836534143692e-04
  outer loop
    vertex    5.934948101639747e-03    5.217329263687135e-01   -2.707527950406075e-03
    vertex    3.244360210373997e-03    5.214071869850160e-01   -4.724877970014925e-23
    vertex    1.644138013944029e-03    5.212147235870362e-01   -2.301594009622931e-03
  endloop
endfacet
facet normal   -9.764228593161216e-02   -9.952215385917434e-01   -2.704091937298614e-04
  outer loop
    vertex   -1.452101045288146e-03    5.213174819946290e-01   -4.633887205272913e-03
    vertex   -6.459945579990754e-04    5.212371349334718e-01   -4.938315488814270e-23
    vertex   -1.520218560472132e-03    5.213229060173036e-01   -4.986278261640228e-23
  endloop
endfacet
facet normal   -9.759255564280470e-02   -9.952264140190956e-01   -2.791447612758370e-04
  outer loop
    vertex   -6.459945579990754e-04    5.212371349334718e-01   -4.938315488814270e-23
    vertex   -1.452101045288146e-03    5.213174819946290e-01   -4.633887205272913e-03
    vertex    4.848697863053522e-04    5.211277008056642e-01   -5.202343221753836e-03
  endloop
endfacet
facet normal   -6.001504929378294e-01    6.971051666777732e-01   -3.922547289933347e-01
  outer loop
    vertex    3.035831265151500e-02    5.333934426307679e-01   -3.237318331373130e-23
    vertex    3.083848953247070e-02    5.337492823600770e-01   -1.022822034428827e-04
    vertex    2.951378002762794e-02    5.326321125030519e-01   -6.088006921345368e-05
  endloop
endfacet
facet normal   -6.002453342372657e-01    6.971871133372751e-01   -3.919638602254430e-01
  outer loop
    vertex    2.951378002762794e-02    5.326321125030519e-01   -6.088006921345368e-05
    vertex    2.948198653757572e-02    5.326389670372010e-01   -3.285396432863750e-23
    vertex    3.035831265151500e-02    5.333934426307679e-01   -3.237318331373130e-23
  endloop
endfacet
facet normal   -7.087946218316737e-01   -7.054081071814652e-01   -3.096188811583603e-03
  outer loop
    vertex   -1.593112945556642e-02    5.203016996383668e-01   -3.146476112306118e-03
    vertex   -1.599339768290521e-02    5.203504562377931e-01   -5.780323952827477e-23
    vertex   -1.617497578263285e-02    5.205329060554506e-01   -5.790285918095319e-23
  endloop
endfacet
facet normal    4.369600372866520e-01   -8.971814242671352e-01   -6.427610570377282e-02
  outer loop
    vertex    4.101829975843430e-02    5.182397961616517e-01   -1.254533999599516e-03
    vertex    4.035754501819611e-02    5.178281068801881e-01   -2.688727913794469e-23
    vertex    4.022133350372314e-02    5.177617669105531e-01   -2.696200920604757e-23
  endloop
endfacet
facet normal    4.370834552987816e-01   -8.971283651748109e-01   -6.417748439171742e-02
  outer loop
    vertex    4.022133350372314e-02    5.177617669105531e-01   -2.696200920604757e-23
    vertex    3.949100151658058e-02    5.175647139549256e-01   -2.219380112364888e-03
    vertex    4.101829975843430e-02    5.182397961616517e-01   -1.254533999599516e-03
  endloop
endfacet
facet normal   -9.611300459531694e-01   -2.760736837677075e-01   -3.515095587075805e-03
  outer loop
    vertex   -1.642744056880476e-02    5.210912823677064e-01   -2.963363891467452e-03
    vertex   -1.638686470687391e-02    5.209122896194459e-01   -5.801910833806084e-23
    vertex   -1.643394678831102e-02    5.210762023925782e-01   -5.804493909964195e-23
  endloop
endfacet
facet normal   -9.611142435017535e-01   -2.761286478575323e-01   -3.518631896474178e-03
  outer loop
    vertex   -1.638686470687391e-02    5.209122896194459e-01   -5.801910833806084e-23
    vertex   -1.642744056880476e-02    5.210912823677064e-01   -2.963363891467452e-03
    vertex   -1.630637049674990e-02    5.206822752952577e-01   -3.936355933547020e-03
  endloop
endfacet
facet normal    2.945399522744401e-01   -9.556390250498923e-01   -5.199190915114347e-04
  outer loop
    vertex   -2.509309910237790e-03    5.211803913116456e-01   -4.630142822861671e-03
    vertex   -2.442733617499472e-03    5.211983919143678e-01   -5.036890438818552e-23
    vertex   -5.339300725609079e-03    5.203056335449220e-01    4.336289109388662e-19
  endloop
endfacet
facet normal    2.945457001720817e-01   -9.556372555422018e-01   -5.160716101678076e-04
  outer loop
    vertex   -5.339300725609079e-03    5.203056335449220e-01    4.336289109388662e-19
    vertex   -7.904946804046645e-03    5.195168852806092e-01   -3.764582099393010e-03
    vertex   -2.509309910237790e-03    5.211803913116456e-01   -4.630142822861671e-03
  endloop
endfacet
facet normal   -1.057213303807717e-01    8.353465910036236e-01    5.394618366494004e-01
  outer loop
    vertex   -9.203984402120127e-03    5.279469490051271e-01    3.334053442488994e-21
    vertex    7.064989767968645e-04    5.292158126831056e-01   -2.259930079162586e-05
    vertex   -9.604829363524928e-03    5.279091000556947e-01   -1.994741978705861e-05
  endloop
endfacet
facet normal   -1.056870825765321e-01    8.350863897419517e-01    5.398712459876099e-01
  outer loop
    vertex    7.064989767968645e-04    5.292158126831056e-01   -2.259930079162586e-05
    vertex   -9.203984402120127e-03    5.279469490051271e-01    3.334053442488994e-21
    vertex    7.140896050259461e-04    5.292021632194520e-01   -4.863696847053345e-23
  endloop
endfacet
facet normal    9.914246838801227e-01   -2.650056785674293e-02   -1.279641203481225e-01
  outer loop
    vertex    4.271472245454788e-02    5.285502076148988e-01   -2.559405491317411e-23
    vertex    4.181618988513947e-02    5.279446840286256e-01   -6.836140062659979e-03
    vertex    4.182761907577515e-02    5.292636156082154e-01   -7.020732853561640e-03
  endloop
endfacet
facet normal    9.914257400416561e-01   -2.643018856746121e-02   -1.279704931425331e-01
  outer loop
    vertex    4.181618988513947e-02    5.279446840286256e-01   -6.836140062659979e-03
    vertex    4.271472245454788e-02    5.285502076148988e-01   -2.559405491317411e-23
    vertex    4.271438717842102e-02    5.285376310348512e-01   -1.357812139492537e-20
  endloop
endfacet
facet normal    9.470084840190294e-01   -3.212041787711016e-01   -1.675331597631173e-03
  outer loop
    vertex    7.860162295401096e-03    5.250423550605775e-01    1.083755008480363e-19
    vertex    1.108937989920378e-02    5.345633029937745e-01   -4.285388058633544e-05
    vertex    1.099870353937149e-02    5.342957377433778e-01   -4.299449468483318e-23
  endloop
endfacet
facet normal    9.470085723505735e-01   -3.212040735668577e-01   -1.645301973965456e-03
  outer loop
    vertex    1.108937989920378e-02    5.345633029937745e-01   -4.285388058633544e-05
    vertex    7.860162295401096e-03    5.250423550605775e-01    1.083755008480363e-19
    vertex    7.786171976476907e-03    5.248299241065980e-01   -1.115769962780178e-03
  endloop
endfacet
facet normal   -1.563930913442630e-01   -9.864035555421425e-01    5.048986624664897e-02
  outer loop
    vertex    3.752427920699120e-02    5.177296996116639e-01   -1.732261036522686e-03
    vertex    3.846284374594688e-02    5.176695585250856e-01   -2.792677389482207e-23
    vertex    3.726435080170631e-02    5.178595781326295e-01   -2.858430611375064e-23
  endloop
endfacet
facet normal    9.037313185056893e-01   -1.746713035825236e-01   -3.908447769342071e-01
  outer loop
    vertex    1.112801767885685e-02    5.346673130989076e-01   -4.292354874106931e-23
    vertex    1.135922968387604e-02    5.362256169319154e-01   -1.617967936908826e-04
    vertex    1.143930666148663e-02    5.362778902053834e-01   -4.275276547843271e-23
  endloop
endfacet
facet normal   -9.886943817123885e-01   -1.335913177081786e-01   -6.809390136679126e-02
  outer loop
    vertex    2.282590046525001e-02    5.221362113952638e-01   -1.109430013457313e-04
    vertex    2.292939275503158e-02    5.213137269020082e-01   -3.644893044729313e-23
    vertex    2.283500321209430e-02    5.220122933387757e-01   -3.650071562132988e-23
  endloop
endfacet
facet normal   -9.886953375016763e-01   -1.335899324954249e-01   -6.808274038487540e-02
  outer loop
    vertex    2.292939275503158e-02    5.213137269020082e-01   -3.644893044729313e-23
    vertex    2.282590046525001e-02    5.221362113952638e-01   -1.109430013457313e-04
    vertex    2.299329079687595e-02    5.212094783782960e-01   -7.233719225041568e-04
  endloop
endfacet
facet normal    9.196446871501330e-01   -3.925107833557414e-01    1.374533906443282e-02
  outer loop
    vertex    7.786171976476907e-03    5.248299241065980e-01   -1.115769962780178e-03
    vertex    7.860162295401096e-03    5.250423550605775e-01    1.083755008480363e-19
    vertex    7.454526610672473e-03    5.240919589996339e-01    1.083752783031035e-19
  endloop
endfacet
facet normal    9.196419989544474e-01   -3.925172596280284e-01    1.374025666321964e-02
  outer loop
    vertex    7.454526610672473e-03    5.240919589996339e-01    1.083752783031035e-19
    vertex    6.802672054618596e-03    5.224992036819459e-01   -1.871226006187499e-03
    vertex    7.786171976476907e-03    5.248299241065980e-01   -1.115769962780178e-03
  endloop
endfacet
facet normal   -7.820420873922731e-01    5.290000709538483e-01    3.294982526174604e-01
  outer loop
    vertex    2.407771907746791e-02    5.247995257377626e-01   -5.275948205962777e-04
    vertex    2.382316254079342e-02    5.240945816040040e-01   -3.595857926676036e-23
    vertex    2.455176040530204e-02    5.251716971397401e-01    2.029323188732774e-20
  endloop
endfacet
facet normal   -7.820424459887768e-01    5.289987673663772e-01    3.294994943801046e-01
  outer loop
    vertex    2.455176040530204e-02    5.251716971397401e-01    2.029323188732774e-20
    vertex    2.899626083672046e-02    5.319939255714418e-01   -4.041354986838996e-04
    vertex    2.407771907746791e-02    5.247995257377626e-01   -5.275948205962777e-04
  endloop
endfacet
facet normal   -8.078434442328548e-02   -9.967053446818696e-01   -7.235024443331379e-03
  outer loop
    vertex   -1.271300017833711e-02    5.183420777320863e-01   -4.062341060489416e-03
    vertex   -1.208330597728492e-02    5.182615518569947e-01    1.552196880227197e-19
    vertex   -1.250027399510147e-02    5.182953476905824e-01   -5.588679823362444e-23
  endloop
endfacet
facet normal   -8.127210592307939e-02   -9.966473529658629e-01    9.428606735159776e-03
  outer loop
    vertex    3.878948837518692e-02    5.176429152488710e-01    1.083924696825257e-19
    vertex    3.752427920699120e-02    5.177296996116639e-01   -1.732261036522686e-03
    vertex    3.949100151658058e-02    5.175647139549256e-01   -2.219380112364888e-03
  endloop
endfacet
facet normal    8.858724232811019e-01   -4.631389140783355e-01   -2.706281464313532e-02
  outer loop
    vertex    4.101829975843430e-02    5.182397961616517e-01   -1.254533999599516e-03
    vertex    4.131092876195908e-02    5.189114212989808e-01   -3.169477917253971e-03
    vertex    4.134384170174599e-02    5.187891721725465e-01    4.336545228295108e-19
  endloop
endfacet
facet normal    8.858606780439343e-01   -4.631621516619458e-01   -2.704959081793480e-02
  outer loop
    vertex    4.134384170174599e-02    5.187891721725465e-01    4.336545228295108e-19
    vertex    4.114342853426933e-02    5.184058547019960e-01    2.168139783792264e-19
    vertex    4.101829975843430e-02    5.182397961616517e-01   -1.254533999599516e-03
  endloop
endfacet
facet normal   -1.692048372443488e-01   -9.840703468420604e-01   -5.454608619562318e-02
  outer loop
    vertex    3.053261525928974e-02    5.189943313598634e-01    2.707277675690651e-20
    vertex    2.917383983731269e-02    5.192419886589051e-01   -2.530122874304652e-04
    vertex    3.672771900892258e-02    5.179371833801271e-01   -1.454465964343399e-04
  endloop
endfacet
facet normal   -1.906934756195386e-01   -9.816025857911944e-01   -9.610511130076937e-03
  outer loop
    vertex    2.796235308051109e-02    5.194748640060426e-01    2.707136662745871e-20
    vertex    2.567381039261818e-02    5.199267864227296e-01   -7.489771815016866e-04
    vertex    2.917383983731269e-02    5.192419886589051e-01   -2.530122874304652e-04
  endloop
endfacet
facet normal    9.831558653581658e-01    1.461854824852726e-01   -1.097011810437079e-01
  outer loop
    vertex    4.254738986492157e-02    5.296651721000672e-01   -1.387766042171279e-05
    vertex    4.257763549685478e-02    5.294721722602845e-01    1.668396629230587e-21
    vertex    4.271472245454788e-02    5.285502076148988e-01   -2.559405491317411e-23
  endloop
endfacet
facet normal    9.831907814151887e-01    1.461947777733774e-01   -1.093753824769711e-01
  outer loop
    vertex    4.271472245454788e-02    5.285502076148988e-01   -2.559405491317411e-23
    vertex    4.182761907577515e-02    5.292636156082154e-01   -7.020732853561640e-03
    vertex    4.254738986492157e-02    5.296651721000672e-01   -1.387766042171279e-05
  endloop
endfacet
facet normal    9.874115059011255e-01   -1.139996832993194e-01   -1.096475728036270e-01
  outer loop
    vertex    4.206871986389160e-02    5.271729826927186e-01   -4.401876125484705e-03
    vertex    4.271338135004044e-02    5.285229086875917e-01   -1.626559206635124e-19
    vertex    4.217831417918205e-02    5.238884091377259e-01   -2.588834594311921e-23
  endloop
endfacet
facet normal    3.413221938095417e-01    9.369585948442696e-01    7.488492211716173e-02
  outer loop
    vertex    3.815649077296257e-02    5.322870016098024e-01   -1.413432997651398e-03
    vertex    3.993663191795349e-02    5.315255522727967e-01    2.707793610637814e-20
    vertex    4.012806713581085e-02    5.314558148384095e-01    5.418309544610410e-20
  endloop
endfacet
facet normal    3.414233174526561e-01    9.369341602007424e-01    7.472949717850662e-02
  outer loop
    vertex    4.012806713581085e-02    5.314558148384095e-01    5.418309544610410e-20
    vertex    3.886887058615685e-02    5.321171879768373e-01   -2.539078006520867e-03
    vertex    3.815649077296257e-02    5.322870016098024e-01   -1.413432997651398e-03
  endloop
endfacet
facet normal   -5.208058555338650e-01   -8.536682049168576e-01   -3.443364004710985e-03
  outer loop
    vertex   -1.460084319114686e-02    5.194774270057679e-01    2.167833952582698e-19
    vertex   -1.593112945556642e-02    5.203016996383668e-01   -3.146476112306118e-03
    vertex   -1.271300017833711e-02    5.183420777320863e-01   -4.062341060489416e-03
  endloop
endfacet
facet normal   -9.921970701074109e-01    1.246699247437198e-01   -1.543999567652901e-03
  outer loop
    vertex   -1.642744056880476e-02    5.210912823677064e-01   -2.963363891467452e-03
    vertex   -1.643394678831102e-02    5.210762023925782e-01   -5.804493909964195e-23
    vertex   -1.627524755895140e-02    5.223392248153688e-01   -5.795787153968018e-23
  endloop
endfacet
facet normal   -6.010930047528346e-02    9.700143913707705e-01    2.354972452704395e-01
  outer loop
    vertex   -9.604829363524928e-03    5.279091000556947e-01   -1.994741978705861e-05
    vertex   -1.467593014240266e-02    5.276144146919252e-01   -1.005058002192527e-04
    vertex   -1.423311140388252e-02    5.276174545288087e-01   -5.683748921026987e-23
  endloop
endfacet
facet normal   -6.013294903441541e-02    9.703066951602934e-01    2.342838999323978e-01
  outer loop
    vertex   -1.423311140388252e-02    5.276174545288087e-01   -5.683748921026987e-23
    vertex   -9.686768054962172e-03    5.278992056846620e-01   -5.434321734620079e-23
    vertex   -9.604829363524928e-03    5.279091000556947e-01   -1.994741978705861e-05
  endloop
endfacet
facet normal   -2.638443980228738e-02    9.496295563777433e-01    3.122620165664242e-01
  outer loop
    vertex    1.586231053806841e-03    5.293772816658021e-01   -4.393149865791202e-04
    vertex    7.064989767968645e-04    5.292158126831056e-01   -2.259930079162586e-05
    vertex    7.551437593065192e-04    5.292097330093385e-01   -4.861444482591099e-23
  endloop
endfacet
facet normal   -2.611930277041582e-02    9.494894127628037e-01    3.127101486586797e-01
  outer loop
    vertex    7.551437593065192e-04    5.292097330093385e-01   -4.861444482591099e-23
    vertex    1.712846918962895e-03    5.292360782623292e-01    2.705696529442134e-20
    vertex    1.586231053806841e-03    5.293772816658021e-01   -4.393149865791202e-04
  endloop
endfacet
facet normal   -7.953887581804094e-01    5.251535843638794e-01    3.026060742780883e-01
  outer loop
    vertex   -1.471124496310951e-02    5.275030136108400e-01   -5.709980883562084e-23
    vertex   -1.467593014240266e-02    5.276144146919252e-01   -1.005058002192527e-04
    vertex   -1.516935974359514e-02    5.268836021423341e-01   -1.291883963858709e-04
  endloop
endfacet
facet normal   -7.954070898309374e-01    5.251905919402221e-01    3.024936422210530e-01
  outer loop
    vertex   -1.516935974359514e-02    5.268836021423341e-01   -1.291883963858709e-04
    vertex   -1.519720908254386e-02    5.267670154571534e-01    8.125779651185186e-20
    vertex   -1.471124496310951e-02    5.275030136108400e-01   -5.709980883562084e-23
  endloop
endfacet
facet normal    3.585603321550402e-01    9.312580884487942e-01    6.475230423363489e-02
  outer loop
    vertex    4.091019928455353e-02    5.312393903732301e-01   -1.218404970131814e-03
    vertex    3.886887058615685e-02    5.321171879768373e-01   -2.539078006520867e-03
    vertex    4.012806713581085e-02    5.314558148384095e-01    5.418309544610410e-20
  endloop
endfacet
facet normal    3.586824422466207e-01    9.312049523548731e-01    6.484012903872248e-02
  outer loop
    vertex    4.012806713581085e-02    5.314558148384095e-01    5.418309544610410e-20
    vertex    4.036467149853706e-02    5.313646793365480e-01   -2.688336932044240e-23
    vertex    4.091019928455353e-02    5.312393903732301e-01   -1.218404970131814e-03
  endloop
endfacet
facet normal   -8.120190359179978e-01    5.418540482804296e-01    2.168392853449647e-01
  outer loop
    vertex    2.683668024837970e-02    5.285958647727967e-01   -3.430526541628193e-23
    vertex    2.951378002762794e-02    5.326321125030519e-01   -6.088006921345368e-05
    vertex    2.899626083672046e-02    5.319939255714418e-01   -4.041354986838996e-04
  endloop
endfacet
facet normal   -8.120194205788666e-01    5.418541046685914e-01    2.168377039551953e-01
  outer loop
    vertex    2.899626083672046e-02    5.319939255714418e-01   -4.041354986838996e-04
    vertex    2.455176040530204e-02    5.251716971397401e-01    2.029323188732774e-20
    vertex    2.683668024837970e-02    5.285958647727967e-01   -3.430526541628193e-23
  endloop
endfacet
facet normal    9.840509608099900e-01   -1.714701509668126e-01   -4.734652950696740e-02
  outer loop
    vertex    4.159274324774742e-02    5.196512937545777e-01    2.168142248878953e-19
    vertex    4.186952859163284e-02    5.212501883506776e-01   -3.784467844525352e-05
    vertex    4.186614602804184e-02    5.212203264236451e-01   -2.605961154608807e-23
  endloop
endfacet
facet normal    9.840447633465829e-01   -1.714719674704013e-01   -4.746860122225419e-02
  outer loop
    vertex    4.186952859163284e-02    5.212501883506776e-01   -3.784467844525352e-05
    vertex    4.159274324774742e-02    5.196512937545777e-01    2.168142248878953e-19
    vertex    4.131092876195908e-02    5.189114212989808e-01   -3.169477917253971e-03
  endloop
endfacet
facet normal    6.450108573092485e-01   -7.635687318276705e-01    3.039384359160964e-02
  outer loop
    vertex    6.802672054618596e-03    5.224992036819459e-01   -1.871226006187499e-03
    vertex    6.908114999532699e-03    5.226627588272096e-01    2.167951957724682e-19
    vertex    6.558770313858985e-03    5.223676562309266e-01   -4.543038649218717e-23
  endloop
endfacet
facet normal    6.450082351819141e-01   -7.635709666724858e-01    3.039334470502022e-02
  outer loop
    vertex    6.558770313858985e-03    5.223676562309266e-01   -4.543038649218717e-23
    vertex    5.934948101639747e-03    5.217329263687135e-01   -2.707527950406075e-03
    vertex    6.802672054618596e-03    5.224992036819459e-01   -1.871226006187499e-03
  endloop
endfacet
facet normal   -2.597336040750499e-01    9.550276711745268e-01   -1.430405613983146e-01
  outer loop
    vertex    3.205938031896948e-03    5.297868251800538e-01   -6.460181903094053e-04
    vertex    1.586231053806841e-03    5.293772816658021e-01   -4.393149865791202e-04
    vertex    2.583221765235066e-03    5.297142267227174e-01   -4.761150176038054e-23
  endloop
endfacet
facet normal   -2.617731396788597e-01   -9.650870747751471e-01   -9.042203526908845e-03
  outer loop
    vertex    2.567381039261818e-02    5.199267864227296e-01   -7.489771815016866e-04
    vertex    2.430419065058231e-02    5.202912688255311e-01    1.351683248447242e-20
    vertex    2.394850924611091e-02    5.203889012336732e-01   -1.234142982866615e-04
  endloop
endfacet
facet normal    3.123211012754405e-01    9.491293002132138e-01   -4.011360336433237e-02
  outer loop
    vertex    3.228919208049774e-02    5.338571667671205e-01    1.352121331602566e-20
    vertex    3.194947913289070e-02    5.339639186859132e-01   -1.191154005937278e-04
    vertex    3.209447115659714e-02    5.339212417602540e-01   -3.142067027676611e-23
  endloop
endfacet
facet normal   -1.047197490724922e-01    7.901724623529834e-01    6.038718853310008e-01
  outer loop
    vertex   -9.313498623669161e-03    5.279324650764466e-01   -5.413842959289370e-23
    vertex   -9.604829363524928e-03    5.279091000556947e-01   -1.994741978705861e-05
    vertex   -9.532527998089804e-03    5.279034376144410e-01   -5.425859623322146e-23
  endloop
endfacet
facet normal   -1.047053500892396e-01    7.916860929136885e-01    6.018886275298350e-01
  outer loop
    vertex   -9.604829363524928e-03    5.279091000556947e-01   -1.994741978705861e-05
    vertex   -9.313498623669161e-03    5.279324650764466e-01   -5.413842959289370e-23
    vertex   -9.203984402120127e-03    5.279469490051271e-01    3.334053442488994e-21
  endloop
endfacet
facet normal   -2.564112723473829e-02   -9.996710268254512e-01    6.088677031566489e-04
  outer loop
    vertex    6.339651881717136e-04    5.211270451545716e-01   -4.868092733133392e-23
    vertex    4.573558398988089e-04    5.211315751075746e-01    4.336320911732364e-19
    vertex    4.848697863053522e-04    5.211277008056642e-01   -5.202343221753836e-03
  endloop
endfacet
facet normal    9.414487506555050e-01   -3.363447667050292e-01   -2.337622294829072e-02
  outer loop
    vertex    1.108422596007586e-02    5.345458984375001e-01    5.416716104997260e-20
    vertex    1.108937989920378e-02    5.345633029937745e-01   -4.285388058633544e-05
    vertex    1.110045239329338e-02    5.345913171768190e-01   -2.061465757839224e-21
  endloop
endfacet
facet normal    2.954686766712428e-01    9.552578659604292e-01    1.344137741718678e-02
  outer loop
    vertex    3.345639631152153e-02    5.334961414337159e-01   -3.067347383016026e-23
    vertex    3.194947913289070e-02    5.339639186859132e-01   -1.191154005937278e-04
    vertex    3.228919208049774e-02    5.338571667671205e-01    1.352121331602566e-20
  endloop
endfacet
facet normal    2.954686766712428e-01    9.552578659604292e-01    1.344137741718678e-02
  outer loop
    vertex    3.194947913289070e-02    5.339639186859132e-01   -1.191154005937278e-04
    vertex    3.345639631152153e-02    5.334961414337159e-01   -3.067347383016026e-23
    vertex    3.462360054254532e-02    5.331351161003114e-01   -3.580942310254134e-22
  endloop
endfacet
facet normal   -4.599368020241037e-01    6.954999147464457e-01    5.520308023394414e-01
  outer loop
    vertex   -1.467593014240266e-02    5.276144146919252e-01   -1.005058002192527e-04
    vertex   -1.469130907207729e-02    5.275244712829591e-01    9.481060122112440e-20
    vertex   -1.460829749703409e-02    5.275793671607972e-01   -5.704332850662804e-23
  endloop
endfacet
facet normal   -4.597889210089264e-01    6.956383473391944e-01    5.519795628722513e-01
  outer loop
    vertex   -1.460829749703409e-02    5.275793671607972e-01   -5.704332850662804e-23
    vertex   -1.458458043634893e-02    5.275950431823732e-01   -5.703031655556796e-23
    vertex   -1.467593014240266e-02    5.276144146919252e-01   -1.005058002192527e-04
  endloop
endfacet
facet normal    7.993104877805248e-01   -6.009182230247814e-01   -1.826493872689628e-04
  outer loop
    vertex    4.114342853426933e-02    5.184058547019960e-01    2.168139783792264e-19
    vertex    4.093600064516068e-02    5.181299448013307e-01   -2.656991956253609e-23
    vertex    4.101829975843430e-02    5.182397961616517e-01   -1.254533999599516e-03
  endloop
endfacet
facet normal    9.899401777525005e-01   -6.779291095685533e-02   -1.241876229555244e-01
  outer loop
    vertex    4.271438717842102e-02    5.285376310348512e-01   -1.357812139492537e-20
    vertex    4.206871986389160e-02    5.271729826927186e-01   -4.401876125484705e-03
    vertex    4.181618988513947e-02    5.279446840286256e-01   -6.836140062659979e-03
  endloop
endfacet
facet normal   -1.584763015182990e-01    7.721660846218074e-01   -6.153412058499812e-01
  outer loop
    vertex    3.083848953247070e-02    5.337492823600770e-01   -1.022822034428827e-04
    vertex    3.082440607249736e-02    5.338279008865358e-01    1.352040968676886e-20
    vertex    3.131695836782455e-02    5.339289903640748e-01   -3.184723908689751e-23
  endloop
endfacet
facet normal   -1.586109034750323e-01    7.723635988384585e-01   -6.150585764690537e-01
  outer loop
    vertex    3.131695836782455e-02    5.339289903640748e-01   -3.184723908689751e-23
    vertex    3.180950880050659e-02    5.340301394462587e-01   -3.157700989575401e-23
    vertex    3.083848953247070e-02    5.337492823600770e-01   -1.022822034428827e-04
  endloop
endfacet
facet normal   -1.584847110552277e-01    7.720722997181542e-01   -6.154567087697247e-01
  outer loop
    vertex    3.180950880050659e-02    5.340301394462587e-01   -3.157700989575401e-23
    vertex    3.194947913289070e-02    5.339639186859132e-01   -1.191154005937278e-04
    vertex    3.083848953247070e-02    5.337492823600770e-01   -1.022822034428827e-04
  endloop
endfacet
facet normal    2.972258928355703e-01   -9.547987492331564e-01   -4.014609681908883e-03
  outer loop
    vertex   -1.189150009304286e-02    5.182793736457826e-01   -4.605547990649939e-03
    vertex   -9.762161411345019e-03    5.189228653907777e-01   -2.168948190776942e-19
    vertex   -1.179176475852729e-02    5.182910561561586e-01   -5.549808701707183e-23
  endloop
endfacet
facet normal    2.972369975715654e-01   -9.547952686434612e-01   -4.020230180206459e-03
  outer loop
    vertex   -9.762161411345019e-03    5.189228653907777e-01   -2.168948190776942e-19
    vertex   -1.189150009304286e-02    5.182793736457826e-01   -4.605547990649939e-03
    vertex   -7.904946804046645e-03    5.195168852806092e-01   -3.764582099393010e-03
  endloop
endfacet
facet normal   -7.088478465157363e-01   -7.053545875266143e-01   -3.104246311610516e-03
  outer loop
    vertex   -1.617497578263285e-02    5.205329060554506e-01   -5.790285918095319e-23
    vertex   -1.630637049674990e-02    5.206822752952577e-01   -3.936355933547020e-03
    vertex   -1.593112945556642e-02    5.203016996383668e-01   -3.146476112306118e-03
  endloop
endfacet
facet normal    8.091239548622001e-02   -9.967181883799968e-01   -2.457073295354165e-03
  outer loop
    vertex    1.388762844726442e-03    5.211883187294007e-01    2.167921676763192e-19
    vertex    6.339651881717136e-04    5.211270451545716e-01   -4.868092733133392e-23
    vertex    1.644138013944029e-03    5.212147235870362e-01   -2.301594009622931e-03
  endloop
endfacet
facet normal    8.093909763697471e-02   -9.967160493929953e-01   -2.445272200115009e-03
  outer loop
    vertex    6.339651881717136e-04    5.211270451545716e-01   -4.868092733133392e-23
    vertex    4.848697863053522e-04    5.211277008056642e-01   -5.202343221753836e-03
    vertex    1.644138013944029e-03    5.212147235870362e-01   -2.301594009622931e-03
  endloop
endfacet
facet normal    1.286023670843939e-01   -9.916942019306304e-01    2.010233185715602e-03
  outer loop
    vertex   -1.931308186613024e-03    5.212647318840028e-01   -4.337309573139608e-19
    vertex   -2.509309910237790e-03    5.211803913116456e-01   -4.630142822861671e-03
    vertex   -1.452101045288146e-03    5.213174819946290e-01   -4.633887205272913e-03
  endloop
endfacet
facet normal    1.286378320871290e-01   -9.916896113371083e-01    2.005722308450385e-03
  outer loop
    vertex   -2.509309910237790e-03    5.211803913116456e-01   -4.630142822861671e-03
    vertex   -1.931308186613024e-03    5.212647318840028e-01   -4.337309573139608e-19
    vertex   -2.442733617499472e-03    5.211983919143678e-01   -5.036890438818552e-23
  endloop
endfacet
facet normal   -1.563374142266274e-01   -9.864119216985490e-01    5.049884794634091e-02
  outer loop
    vertex    3.726435080170631e-02    5.178595781326295e-01   -2.858430611375064e-23
    vertex    3.672771900892258e-02    5.179371833801271e-01   -1.454465964343399e-04
    vertex    3.752427920699120e-02    5.177296996116639e-01   -1.732261036522686e-03
  endloop
endfacet
facet normal    9.037218427181164e-01   -1.746721339469195e-01   -3.908663155307727e-01
  outer loop
    vertex    1.112801767885685e-02    5.346673130989076e-01   -4.292354874106931e-23
    vertex    1.108937989920378e-02    5.345633029937745e-01   -4.285388058633544e-05
    vertex    1.135922968387604e-02    5.362256169319154e-01   -1.617967936908826e-04
  endloop
endfacet
facet normal   -8.829542393579070e-01    4.404434484586851e-01    1.624850144158581e-01
  outer loop
    vertex    2.407771907746791e-02    5.247995257377626e-01   -5.275948205962777e-04
    vertex    2.341918647289276e-02    5.232847332954408e-01   -6.812443791714186e-21
    vertex    2.382316254079342e-02    5.240945816040040e-01   -3.595857926676036e-23
  endloop
endfacet
facet normal   -8.829766859239286e-01    4.404266117463282e-01    1.624086567287749e-01
  outer loop
    vertex    2.341918647289276e-02    5.232847332954408e-01   -6.812443791714186e-21
    vertex    2.407771907746791e-02    5.247995257377626e-01   -5.275948205962777e-04
    vertex    2.282590046525001e-02    5.221362113952638e-01   -1.109430013457313e-04
  endloop
endfacet
facet normal   -6.125379114132602e-01    7.893203884262444e-01   -4.207887232475981e-02
  outer loop
    vertex    3.329612780362367e-03    5.299172401428224e-01   -2.949465352912306e-21
    vertex    4.194132052361964e-03    5.305852293968202e-01   -5.449984018923715e-05
    vertex    3.205938031896948e-03    5.297868251800538e-01   -6.460181903094053e-04
  endloop
endfacet
facet normal   -6.125399149547307e-01    7.893109742095419e-01   -4.222604148668422e-02
  outer loop
    vertex    4.194132052361964e-03    5.305852293968202e-01   -5.449984018923715e-05
    vertex    3.329612780362367e-03    5.299172401428224e-01   -2.949465352912306e-21
    vertex    4.089298658072948e-03    5.305067896842958e-01   -4.678521898095059e-23
  endloop
endfacet
facet normal   -8.085374902894324e-02   -9.966997957435135e-01   -7.224156200077416e-03
  outer loop
    vertex   -1.208330597728492e-02    5.182615518569947e-01    1.552196880227197e-19
    vertex   -1.271300017833711e-02    5.183420777320863e-01   -4.062341060489416e-03
    vertex   -1.189150009304286e-02    5.182793736457826e-01   -4.605547990649939e-03
  endloop
endfacet
facet normal   -9.598804684061150e-01    2.804049256099854e-01    1.601270157006044e-03
  outer loop
    vertex   -1.609696075320246e-02    5.237234830856324e-01   -2.797784050926566e-03
    vertex   -1.608522422611715e-02    5.237476825714112e-01   -2.168982881156584e-19
    vertex   -1.516935974359514e-02    5.268836021423341e-01   -1.291883963858709e-04
  endloop
endfacet
facet normal   -9.598807853229004e-01    2.804039830948534e-01    1.576144800807712e-03
  outer loop
    vertex   -1.608522422611715e-02    5.237476825714112e-01   -2.168982881156584e-19
    vertex   -1.521365251392127e-02    5.267312526702882e-01   -5.737544596237277e-23
    vertex   -1.516935974359514e-02    5.268836021423341e-01   -1.291883963858709e-04
  endloop
endfacet
facet normal   -8.129293797823219e-02   -9.966455090527591e-01    9.443914433847428e-03
  outer loop
    vertex    3.878948837518692e-02    5.176429152488710e-01    1.083924696825257e-19
    vertex    3.846284374594688e-02    5.176695585250856e-01   -2.792677389482207e-23
    vertex    3.752427920699120e-02    5.177296996116639e-01   -1.732261036522686e-03
  endloop
endfacet
facet normal   -1.692033754337913e-01   -9.840642593557666e-01   -5.466032565214152e-02
  outer loop
    vertex    3.672771900892258e-02    5.179371833801271e-01   -1.454465964343399e-04
    vertex    3.676219657063484e-02    5.179231762886048e-01   -6.049426332903102e-22
    vertex    3.209001198410988e-02    5.187265276908876e-01   -3.142311672218011e-23
  endloop
endfacet
facet normal   -1.692117176256623e-01   -9.840409425278673e-01   -5.505286592939235e-02
  outer loop
    vertex    3.209001198410988e-02    5.187265276908876e-01   -3.142311672218011e-23
    vertex    3.053261525928974e-02    5.189943313598634e-01    2.707277675690651e-20
    vertex    3.672771900892258e-02    5.179371833801271e-01   -1.454465964343399e-04
  endloop
endfacet
facet normal   -1.906876282404505e-01   -9.816035409836400e-01   -9.628954481723719e-03
  outer loop
    vertex    2.567381039261818e-02    5.199267864227296e-01   -7.489771815016866e-04
    vertex    2.796235308051109e-02    5.194748640060426e-01    2.707136662745871e-20
    vertex    2.720050141215324e-02    5.196228623390199e-01   -3.410566128894608e-23
  endloop
endfacet
facet normal   -1.907247733840005e-01   -9.815970896722158e-01   -9.550621166050773e-03
  outer loop
    vertex    2.720050141215324e-02    5.196228623390199e-01   -3.410566128894608e-23
    vertex    2.567679807543754e-02    5.199189186096193e-01   -5.424505023878425e-20
    vertex    2.567381039261818e-02    5.199267864227296e-01   -7.489771815016866e-04
  endloop
endfacet
facet normal   -6.172253380936135e-01    7.850636630966176e-01    5.203774496022311e-02
  outer loop
    vertex    4.700909368693828e-03    5.309800505638124e-01   -7.720155058342181e-22
    vertex    1.135922968387604e-02    5.362256169319154e-01   -1.617967936908826e-04
    vertex    4.194132052361964e-03    5.305852293968202e-01   -5.449984018923715e-05
  endloop
endfacet
facet normal   -6.172344994899699e-01    7.850693040509154e-01    5.184361557971835e-02
  outer loop
    vertex    1.135922968387604e-02    5.362256169319154e-01   -1.617967936908826e-04
    vertex    4.700909368693828e-03    5.309800505638124e-01   -7.720155058342181e-22
    vertex    1.143930666148663e-02    5.362778902053834e-01   -4.275276547843271e-23
  endloop
endfacet
facet normal    9.874120475135540e-01   -1.139969446124078e-01   -1.096455427462816e-01
  outer loop
    vertex    4.217831417918205e-02    5.238884091377259e-01   -2.588834594311921e-23
    vertex    4.186952859163284e-02    5.212501883506776e-01   -3.784467844525352e-05
    vertex    4.206871986389160e-02    5.271729826927186e-01   -4.401876125484705e-03
  endloop
endfacet
facet normal   -5.208132494006937e-01   -8.536636750436167e-01   -3.448066083595931e-03
  outer loop
    vertex   -1.281502470374109e-02    5.183879137039186e-01   -4.337369284749138e-19
    vertex   -1.460084319114686e-02    5.194774270057679e-01    2.167833952582698e-19
    vertex   -1.271300017833711e-02    5.183420777320863e-01   -4.062341060489416e-03
  endloop
endfacet
facet normal   -9.921970461092670e-01    1.246701147288532e-01   -1.544080807376069e-03
  outer loop
    vertex   -1.627524755895140e-02    5.223392248153688e-01   -5.795787153968018e-23
    vertex   -1.609696075320246e-02    5.237234830856324e-01   -2.797784050926566e-03
    vertex   -1.642744056880476e-02    5.210912823677064e-01   -2.963363891467452e-03
  endloop
endfacet
facet normal    8.477823165135587e-01    5.243062586335224e-01    7.980031932656627e-02
  outer loop
    vertex    4.200885444879532e-02    5.305338501930238e-01    7.442997556368712e-21
    vertex    4.254738986492157e-02    5.296651721000672e-01   -1.387766042171279e-05
    vertex    4.201764985918999e-02    5.305433273315431e-01   -1.557076029712334e-04
  endloop
endfacet
facet normal    8.476790301073375e-01    5.242154478049040e-01    8.147653772091340e-02
  outer loop
    vertex    4.254738986492157e-02    5.296651721000672e-01   -1.387766042171279e-05
    vertex    4.200885444879532e-02    5.305338501930238e-01    7.442997556368712e-21
    vertex    4.209558665752411e-02    5.303936004638673e-01   -2.593373295350784e-23
  endloop
endfacet
facet normal    8.477404512127706e-01    5.242728792017042e-01    8.046163999772415e-02
  outer loop
    vertex    4.209558665752411e-02    5.303936004638673e-01   -2.593373295350784e-23
    vertex    4.254551976919174e-02    5.296660661697389e-01    1.405817823592028e-19
    vertex    4.254738986492157e-02    5.296651721000672e-01   -1.387766042171279e-05
  endloop
endfacet
facet normal    2.866995157127706e-01    9.464054214037508e-01    1.487284976984970e-01
  outer loop
    vertex    3.815649077296257e-02    5.322870016098024e-01   -1.413432997651398e-03
    vertex    3.462360054254532e-02    5.331351161003114e-01   -3.580942310254134e-22
    vertex    3.639461100101471e-02    5.325986146926881e-01   -2.906147366460489e-23
  endloop
endfacet
facet normal    2.867132859412976e-01    9.463983055814639e-01    1.487472314272700e-01
  outer loop
    vertex    3.639461100101471e-02    5.325986146926881e-01   -2.906147366460489e-23
    vertex    3.993663191795349e-02    5.315255522727967e-01    2.707793610637814e-20
    vertex    3.815649077296257e-02    5.322870016098024e-01   -1.413432997651398e-03
  endloop
endfacet
facet normal    2.866989950507839e-01    9.464058213598496e-01    1.487269563094021e-01
  outer loop
    vertex    3.462360054254532e-02    5.331351161003114e-01   -3.580942310254134e-22
    vertex    3.815649077296257e-02    5.322870016098024e-01   -1.413432997651398e-03
    vertex    3.194947913289070e-02    5.339639186859132e-01   -1.191154005937278e-04
  endloop
endfacet
facet normal   -2.597583592993551e-01    9.550171874597736e-01   -1.430656018424084e-01
  outer loop
    vertex    2.583221765235066e-03    5.297142267227174e-01   -4.761150176038054e-23
    vertex    3.329612780362367e-03    5.299172401428224e-01   -2.949465352912306e-21
    vertex    3.205938031896948e-03    5.297868251800538e-01   -6.460181903094053e-04
  endloop
endfacet
facet normal   -2.618189125051221e-01   -9.650741764777451e-01   -9.093456462613531e-03
  outer loop
    vertex    2.457871288061142e-02    5.202168226242067e-01   -3.554405977015017e-23
    vertex    2.567381039261818e-02    5.199267864227296e-01   -7.489771815016866e-04
    vertex    2.567679807543754e-02    5.199189186096193e-01   -5.424505023878425e-20
  endloop
endfacet
facet normal   -2.617208583599887e-01   -9.651022134625251e-01   -8.939232016532942e-03
  outer loop
    vertex    2.567381039261818e-02    5.199267864227296e-01   -7.489771815016866e-04
    vertex    2.457871288061142e-02    5.202168226242067e-01   -3.554405977015017e-23
    vertex    2.430419065058231e-02    5.202912688255311e-01    1.351683248447242e-20
  endloop
endfacet
facet normal   -6.680475001469728e-01   -7.425690803398455e-01    4.799685896615023e-02
  outer loop
    vertex    2.394850924611091e-02    5.203889012336732e-01   -1.234142982866615e-04
    vertex    2.375391125679016e-02    5.205719470977784e-01   -1.358852372884249e-20
    vertex    2.299329079687595e-02    5.212094783782960e-01   -7.233719225041568e-04
  endloop
endfacet
facet normal   -6.680507941623077e-01   -7.425657004416611e-01    4.800330141453885e-02
  outer loop
    vertex    2.375391125679016e-02    5.205719470977784e-01   -1.358852372884249e-20
    vertex    2.292939275503158e-02    5.213137269020082e-01   -3.644893044729313e-23
    vertex    2.299329079687595e-02    5.212094783782960e-01   -7.233719225041568e-04
  endloop
endfacet
endsolid Main.HumanModel.BodyModel.Trunk.Segments.C4Seg.BoneDraw
