solid Main.HumanModel.BodyModel.Trunk.Segments.C5Seg.BoneDraw
facet normal    8.357198272934657e-01    4.007266507761553e-01    3.754870458834833e-01
  outer loop
    vertex    2.316720969974994e-02    5.132253170013428e-01    1.848479919135571e-02
    vertex    2.063868939876556e-02    5.183854103088379e-01    1.860556937754154e-02
    vertex    2.133077941834926e-02    5.150787830352783e-01    2.059408091008663e-02
  endloop
endfacet
facet normal    5.459835806790672e-01   -1.346247488362636e-02    8.376877051735167e-01
  outer loop
    vertex    2.980756945908069e-02    5.082268118858337e-01    1.709428988397121e-02
    vertex    2.885773032903671e-02    5.071154832839966e-01    1.769551075994968e-02
    vertex    3.097908943891525e-02    5.043507218360901e-01    1.626843027770519e-02
  endloop
endfacet
facet normal    4.362125532273253e-01    8.954574953343275e-01   -8.873828067114305e-02
  outer loop
    vertex    2.835699915885925e-02    5.165281891822815e-01    5.349428858608007e-03
    vertex    3.534428030252457e-02    5.136123895645142e-01    1.027362979948521e-02
    vertex    3.689559176564217e-02    5.125761032104492e-01    7.442282978445292e-03
  endloop
endfacet
facet normal   -4.058672399193858e-01    8.299612067203055e-02   -9.101557160802835e-01
  outer loop
    vertex    2.066411077976226e-02    5.153334736824036e-01    1.167653966695070e-02
    vertex    2.284332923591137e-02    5.175918936729431e-01    1.091070007532835e-02
    vertex    2.315847948193550e-02    5.152031779289246e-01    1.055234018713236e-02
  endloop
endfacet
facet normal    7.575092308634872e-02    1.682118826979622e-01   -9.828359782643150e-01
  outer loop
    vertex    1.421711966395378e-02    5.089368224143982e-01    1.046430971473455e-02
    vertex    1.903879083693027e-02    5.088083148002625e-01    1.081394031643867e-02
    vertex    1.756390929222107e-02    5.055704116821289e-01    1.014610007405281e-02
  endloop
endfacet
facet normal   -9.945662614319634e-02    1.858723130922799e-01    9.775274230127450e-01
  outer loop
    vertex    2.030936069786548e-02    5.103585124015808e-01    2.998795919120312e-02
    vertex    1.828661002218723e-02    5.159763097763062e-01    2.871396020054817e-02
    vertex    1.963616907596588e-02    5.106220841407776e-01    2.986934967339039e-02
  endloop
endfacet
facet normal    2.178646363432144e-01   -9.758798739658289e-01    1.390941477837312e-02
  outer loop
    vertex    5.756276194006204e-03    5.076562762260437e-01    2.171416953206062e-02
    vertex    5.752814933657645e-03    5.076050162315369e-01    1.817199960350990e-02
    vertex    7.478817831724881e-03    5.080366134643555e-01    2.141815051436424e-02
  endloop
endfacet
facet normal   -7.866285334594165e-01    5.962641128166040e-01    1.602643382493937e-01
  outer loop
    vertex    4.937586840242147e-03    5.076498985290527e-01    1.771950908005238e-02
    vertex    3.865177975967526e-03    5.071604847908020e-01    1.427664980292320e-02
    vertex    5.756276194006204e-03    5.076562762260437e-01    2.171416953206062e-02
  endloop
endfacet
facet normal    3.755850383035367e-01   -1.898361865767325e-01    9.071373111434315e-01
  outer loop
    vertex    3.385047987103462e-02    5.008664727210999e-01    1.466809958219528e-02
    vertex    3.092627041041851e-02    5.027465820312500e-01    1.627226918935776e-02
    vertex    3.104053065180778e-02    5.016192197799683e-01    1.598903909325600e-02
  endloop
endfacet
facet normal    6.150783962564889e-01    7.880540610549200e-01    2.548260805714155e-02
  outer loop
    vertex    3.951914981007576e-02    5.109689831733704e-01    4.014066071249545e-04
    vertex    3.815213963389397e-02    5.120205879211426e-01    8.761239005252719e-04
    vertex    3.835314139723778e-02    5.116484761238098e-01    7.532129064202309e-03
  endloop
endfacet
facet normal    6.828148400582024e-01    3.732582499629173e-01    6.280463143995924e-01
  outer loop
    vertex    2.549012936651706e-02    5.114973783493042e-01    2.580641023814678e-02
    vertex    2.468690089881420e-02    5.106201767921448e-01    2.720101922750473e-02
    vertex    2.546265907585621e-02    5.103862285614014e-01    2.649665065109730e-02
  endloop
endfacet
facet normal   -5.847302429006997e-01    6.481345360198230e-01    4.878649057430319e-01
  outer loop
    vertex    2.279286086559295e-02    5.162096023559570e-01    1.332580018788576e-02
    vertex    2.825723029673099e-02    5.203620195388794e-01    1.435858011245728e-02
    vertex    2.493409067392349e-02    5.197749137878418e-01    1.115560997277498e-02
  endloop
endfacet
facet normal    3.955860573252232e-02    9.564756696900801e-01    2.891183321814990e-01
  outer loop
    vertex   -1.819851994514467e-02    5.187010169029236e-01    7.997457287274301e-04
    vertex   -6.008846219629064e-03    5.182480812072754e-01    6.303184782154858e-04
    vertex   -1.745495945215227e-02    5.188406109809875e-01    2.361960068810731e-04
  endloop
endfacet
facet normal   -2.940400532999484e-01   -3.687533678322247e-01    8.817944209212005e-01
  outer loop
    vertex    2.709550037980079e-02    5.058838725090027e-01    1.710681989789009e-02
    vertex    2.852552011609077e-02    5.018926262855530e-01    1.591458916664124e-02
    vertex    2.782735973596573e-02    5.066941976547241e-01    1.768972910940647e-02
  endloop
endfacet
facet normal   -4.721531883419527e-01   -5.051854353529952e-01    7.223981192152519e-01
  outer loop
    vertex    2.593321911990642e-02    5.063108205795288e-01    1.683220081031322e-02
    vertex    2.048286981880664e-02    5.043854713439941e-01    1.192346960306168e-02
    vertex    2.613605000078678e-02    5.050848126411438e-01    1.610740087926388e-02
  endloop
endfacet
facet normal   -5.991915450315087e-01    1.675024324678874e-01    7.828872380362925e-01
  outer loop
    vertex   -2.529012970626356e-02    5.155867934226990e-01    4.670877009630203e-03
    vertex   -2.558143064379694e-02    5.164235234260559e-01    4.268904216587543e-03
    vertex   -2.648363076150419e-02    5.117713212966919e-01    4.573755897581577e-03
  endloop
endfacet
facet normal   -5.150332800505277e-01    4.108803935556612e-01   -7.522752306383212e-01
  outer loop
    vertex    2.555865049362182e-02    5.154983997344971e-01    2.129002939909697e-03
    vertex    2.783616073429584e-02    5.146828293800354e-01    1.242906000697985e-04
    vertex    2.693446911871433e-02    5.141903162002563e-01    4.726168117485940e-04
  endloop
endfacet
facet normal    2.681570904524043e-01   -9.626108141010898e-01   -3.836919878936957e-02
  outer loop
    vertex    1.689209975302219e-02    5.109788775444031e-01    2.084890007972717e-02
    vertex    1.948300004005432e-02    5.117186903953552e-01    2.039583958685398e-02
    vertex    2.120908908545971e-02    5.121251940727234e-01    2.226082980632782e-02
  endloop
endfacet
facet normal   -3.846059476696341e-01   -6.469922921909756e-01    6.583914024822998e-01
  outer loop
    vertex    2.730407938361168e-02    5.074747800827026e-01    1.877680979669094e-02
    vertex    1.888353005051613e-02    5.053542852401733e-01    1.177407987415791e-02
    vertex    2.593321911990642e-02    5.063108205795288e-01    1.683220081031322e-02
  endloop
endfacet
facet normal   -8.340787463528651e-02   -8.280410933895184e-01    5.544286014511836e-01
  outer loop
    vertex    2.782735973596573e-02    5.066941976547241e-01    1.768972910940647e-02
    vertex    2.730407938361168e-02    5.074747800827026e-01    1.877680979669094e-02
    vertex    2.593321911990642e-02    5.063108205795288e-01    1.683220081031322e-02
  endloop
endfacet
facet normal    4.856859829319435e-01    1.123084647213890e-01    8.668886518667529e-01
  outer loop
    vertex    3.520777076482773e-02    5.108017921447754e-01    1.289832033216953e-02
    vertex    3.263878077268600e-02    5.046736001968384e-01    1.513156015425920e-02
    vertex    3.396080061793327e-02    5.022956728935242e-01    1.469894964247942e-02
  endloop
endfacet
facet normal    8.707621988888031e-03    8.980521222949870e-01    4.398028682952948e-01
  outer loop
    vertex    2.654070965945720e-02    5.120447278022766e-01    1.972408033907413e-02
    vertex    2.793890982866287e-02    5.105329751968384e-01    2.278330922126770e-02
    vertex    2.964068949222564e-02    5.128455162048340e-01    1.802754029631615e-02
  endloop
endfacet
facet normal   -8.346765407930652e-02    3.021222880904895e-01    9.496079579286731e-01
  outer loop
    vertex   -1.248050015419723e-02    5.107465982437134e-01    5.726390983909369e-03
    vertex   -1.250149961560966e-02    5.145694017410278e-01    4.508302081376314e-03
    vertex   -1.423982996493579e-02    5.151258707046509e-01    4.178464878350496e-03
  endloop
endfacet
facet normal   -3.860018413405062e-01    8.482055573732749e-01   -3.626980988685092e-01
  outer loop
    vertex    1.793944090604782e-02    5.167816281318665e-01    1.555291004478931e-02
    vertex    1.541842985898256e-02    5.175796151161194e-01    2.010207064449787e-02
    vertex    1.940719038248062e-02    5.188732147216797e-01    1.888223923742771e-02
  endloop
endfacet
facet normal    8.116928266419587e-02    3.075892712246572e-01    9.480508360732900e-01
  outer loop
    vertex   -2.501174993813040e-02    5.166527032852173e-01    4.301215056329966e-03
    vertex   -2.529012970626356e-02    5.155867934226990e-01    4.670877009630203e-03
    vertex   -1.929616928100588e-02    5.158373117446899e-01    4.076412878930569e-03
  endloop
endfacet
facet normal    2.431418271725340e-01   -9.643800453877472e-01   -1.041785963484265e-01
  outer loop
    vertex    9.347615763545036e-03    5.084565877914429e-01    2.331414073705673e-02
    vertex    9.931070730090141e-03    5.086988806724548e-01    2.243296056985855e-02
    vertex    1.931340992450714e-02    5.105149149894714e-01    2.751933969557285e-02
  endloop
endfacet
facet normal    8.412715572978134e-01    1.746537854413266e-01    5.116231250761899e-01
  outer loop
    vertex    3.617145866155624e-02    5.116397142410278e-01    1.200012955814600e-02
    vertex    3.861476853489876e-02    5.096095800399780e-01    8.675579912960529e-03
    vertex    3.884553909301758e-02    5.108528137207031e-01    7.871714420616627e-03
  endloop
endfacet
facet normal    4.975213676749513e-01    3.733798863205431e-01   -7.829814488211736e-01
  outer loop
    vertex    1.845036074519157e-02    5.159103870391846e-01    1.256251987069845e-02
    vertex    1.585113070905208e-02    5.186535716056824e-01    1.221906021237373e-02
    vertex    1.586068980395794e-02    5.195869207382202e-01    1.267021987587214e-02
  endloop
endfacet
facet normal   -1.254364643890747e-01   -9.033101101064382e-01    4.102396109361734e-01
  outer loop
    vertex    4.942369181662797e-03    5.081548094749451e-01    8.239997550845146e-03
    vertex    1.243246020749210e-03    5.085777044296265e-01    8.040115237236023e-03
    vertex   -3.668138058856131e-03    5.086184144020081e-01    6.628030911087990e-03
  endloop
endfacet
facet normal   -2.215830771826653e-01   -9.228919845265349e-01    3.149147897494420e-01
  outer loop
    vertex    2.230704994872212e-03    5.054957866668701e-01    3.487826092168689e-03
    vertex    1.232853974215685e-03    5.056130290031433e-01    3.129300894215703e-03
    vertex    2.743134042248129e-03    5.051230788230896e-01    2.756125060841441e-03
  endloop
endfacet
facet normal    9.329059282025034e-01    1.251859628560684e-02    3.599025060647169e-01
  outer loop
    vertex    2.274635992944240e-02    5.171573162078857e-01    2.795146964490414e-02
    vertex    2.257880009710788e-02    5.120173096656799e-01    2.856458909809589e-02
    vertex    2.362282946705818e-02    5.136423110961914e-01    2.580182999372482e-02
  endloop
endfacet
facet normal    9.869126076012534e-01   -1.609914966716983e-01   -9.232711254062524e-03
  outer loop
    vertex    3.962820023298264e-02    5.079143047332764e-01    6.228900747373700e-04
    vertex    3.887112811207771e-02    5.033090114593506e-01    2.707222707013756e-20
    vertex    3.925860300660133e-02    5.056843161582947e-01   -3.282506300241048e-23
  endloop
endfacet
facet normal   -1.465360669572827e-01   -8.252746828410058e-01    5.453887411217507e-01
  outer loop
    vertex    2.230704994872212e-03    5.054957866668701e-01    3.487826092168689e-03
    vertex    4.942369181662797e-03    5.081548094749451e-01    8.239997550845146e-03
    vertex   -3.668138058856131e-03    5.086184144020081e-01    6.628030911087990e-03
  endloop
endfacet
facet normal   -1.838308157183120e-01    9.000141663027685e-01   -3.951970795016994e-01
  outer loop
    vertex   -2.614882076159120e-03    5.181651115417480e-01    4.726410043076612e-05
    vertex   -2.473587170243264e-03    5.181732177734375e-01   -3.305974752712369e-23
    vertex   -2.580684144049884e-03    5.181513428688049e-01   -3.306034979606388e-23
  endloop
endfacet
facet normal    9.615871722437092e-01   -1.791346119231663e-01    2.079925503172741e-01
  outer loop
    vertex    3.846364095807076e-02    5.040658712387085e-01    5.595291033387184e-03
    vertex    3.907902911305428e-02    5.095481872558594e-01    7.471912074834108e-03
    vertex    3.716060891747475e-02    5.004010200500488e-01    8.463072590529919e-03
  endloop
endfacet
facet normal    6.544046123948785e-01    5.423227327988053e-02    7.541972313733358e-01
  outer loop
    vertex    3.456494957208633e-02    5.016670823097229e-01    1.421993970870972e-02
    vertex    3.595849126577377e-02    5.102950930595398e-01    1.239036954939365e-02
    vertex    3.396080061793327e-02    5.022956728935242e-01    1.469894964247942e-02
  endloop
endfacet
facet normal   -7.707560635102844e-01    5.832503871997867e-01   -2.564255767146281e-01
  outer loop
    vertex    2.553009986877441e-02    5.161752104759216e-01    2.762852935120463e-03
    vertex    2.500195987522602e-02    5.184034109115601e-01    9.418452158570290e-03
    vertex    2.611717022955417e-02    5.170075297355652e-01    2.891398966312408e-03
  endloop
endfacet
facet normal   -8.836958259678490e-01    4.342984001815869e-01   -1.745468039429987e-01
  outer loop
    vertex    2.023988030850887e-02    5.059673190116882e-01    3.634206950664520e-03
    vertex    2.044044062495231e-02    5.066905021667480e-01    4.418197087943554e-03
    vertex    2.419858053326606e-02    5.136718153953552e-01    2.762025920674205e-03
  endloop
endfacet
facet normal    7.746442915339068e-01   -2.392066053365361e-01   -5.854113268098785e-01
  outer loop
    vertex    1.062158029526472e-02    5.098829865455627e-01    9.878465905785561e-03
    vertex    1.013823971152306e-02    5.105525851249695e-01    8.965279906988144e-03
    vertex    1.441635005176067e-02    5.189620852470398e-01    1.119005028158426e-02
  endloop
endfacet
facet normal    9.096052850369772e-01   -4.154375611012819e-01   -5.464271133315561e-03
  outer loop
    vertex    4.368814174085855e-03    5.064924955368042e-01    2.332745934836566e-04
    vertex    5.132011137902736e-03    5.081382989883423e-01    2.151082037016749e-03
    vertex    4.329584073275327e-03    5.063800811767578e-01    2.249507000669837e-03
  endloop
endfacet
facet normal    8.314605425923178e-01   -4.009944159882758e-01   -3.845475841275176e-01
  outer loop
    vertex    5.132011137902736e-03    5.081382989883423e-01    2.151082037016749e-03
    vertex    5.723935086280107e-03    5.085613727569580e-01    2.989758970215917e-03
    vertex    4.329584073275327e-03    5.063800811767578e-01    2.249507000669837e-03
  endloop
endfacet
facet normal   -1.833073821041134e-01    7.930649368814028e-01    5.809013767890667e-01
  outer loop
    vertex   -4.735458176583053e-03    5.150011181831360e-01    4.853309132158756e-03
    vertex   -6.427546031773105e-03    5.143707990646362e-01    5.179890897125006e-03
    vertex   -4.501237068325282e-03    5.142948031425476e-01    5.891502834856510e-03
  endloop
endfacet
facet normal   -2.958636558942706e-01    9.510020499333833e-01    8.977637853789472e-02
  outer loop
    vertex    1.496329996734858e-02    5.198209881782532e-01    1.184086035937071e-02
    vertex    1.439278014004230e-02    5.195503234863281e-01    1.282783038914204e-02
    vertex    1.521954033523798e-02    5.197960138320923e-01    1.294986996799707e-02
  endloop
endfacet
facet normal   -1.778916377684321e-01   -2.431214859443358e-01    9.535441826597669e-01
  outer loop
    vertex   -1.196361985057594e-02    5.100011229515076e-01    5.672866012901068e-03
    vertex   -6.846194155514255e-03    5.094919204711914e-01    6.497735157608986e-03
    vertex   -7.358278147876277e-03    5.100666880607605e-01    6.548747885972261e-03
  endloop
endfacet
facet normal   -7.348849026209661e-01    3.387731146809175e-01    5.875176224328621e-01
  outer loop
    vertex    3.483273088932036e-03    5.082656145095825e-01    1.237145997583866e-02
    vertex    4.364395048469304e-03    5.082591176033020e-01    1.347734034061432e-02
    vertex    5.739157088100909e-03    5.137090086936951e-01    1.205443032085896e-02
  endloop
endfacet
facet normal   -7.951329798906817e-01    5.835984776208814e-01    1.648525438346480e-01
  outer loop
    vertex    1.031207013875246e-02    5.144624114036560e-01    2.020432054996490e-02
    vertex    1.167657040059566e-02    5.160611271858215e-01    2.112605981528759e-02
    vertex    4.364395048469304e-03    5.082591176033020e-01    1.347734034061432e-02
  endloop
endfacet
facet normal   -4.116482297914784e-01    8.721065569643613e-01    2.645295601805392e-01
  outer loop
    vertex    2.187651954591274e-02    5.211409926414490e-01    2.394264936447144e-02
    vertex    1.361104007810354e-02    5.176157951354980e-01    2.270225062966347e-02
    vertex    2.109736949205398e-02    5.202677249908447e-01    2.560918033123016e-02
  endloop
endfacet
facet normal    7.431250334300271e-02   -9.875917560273254e-01   -1.383480222979707e-01
  outer loop
    vertex    1.017952989786863e-02    5.086330771446228e-01    1.015275996178389e-02
    vertex    7.996380329132080e-03    5.084993243217468e-01    9.934888221323490e-03
    vertex    8.810545317828655e-03    5.086743831634521e-01    9.122559800744057e-03
  endloop
endfacet
facet normal   -3.870609737148938e-01   -8.420580620235758e-01    3.756621125532599e-01
  outer loop
    vertex    2.059151884168386e-03    5.079060792922974e-01    1.140076015144587e-02
    vertex   -4.085877910256387e-03    5.091775059700012e-01    7.919210940599442e-03
    vertex    2.597291953861713e-03    5.075830817222595e-01    1.123122032731771e-02
  endloop
endfacet
facet normal   -2.492698532995941e-01   -9.155058891585914e-01    3.157744561422529e-01
  outer loop
    vertex   -4.085877910256387e-03    5.091775059700012e-01    7.919210940599442e-03
    vertex   -6.664137821644559e-03    5.092095136642456e-01    5.976750981062651e-03
    vertex   -3.668138058856131e-03    5.086184144020081e-01    6.628030911087990e-03
  endloop
endfacet
facet normal    2.925378630264808e-01   -9.524378807992515e-01   -8.534448965534164e-02
  outer loop
    vertex    9.931070730090141e-03    5.086988806724548e-01    2.243296056985855e-02
    vertex    7.478817831724881e-03    5.080366134643555e-01    2.141815051436424e-02
    vertex    1.689209975302219e-02    5.109788775444031e-01    2.084890007972717e-02
  endloop
endfacet
facet normal   -1.393525126577881e-01    9.545773754466025e-01    2.633683950314414e-01
  outer loop
    vertex   -2.614882076159120e-03    5.181651115417480e-01    4.726410043076612e-05
    vertex   -9.181643254123638e-04    5.180597901344299e-01    1.326762023381889e-03
    vertex   -7.414012216031561e-04    5.184369087219238e-01    5.342590884538367e-05
  endloop
endfacet
facet normal    9.834952019306372e-01    1.304494922841678e-01   -1.253798936920023e-01
  outer loop
    vertex    2.133077941834926e-02    5.150787830352783e-01    2.059408091008663e-02
    vertex    2.063868939876556e-02    5.183854103088379e-01    1.860556937754154e-02
    vertex    2.068915963172912e-02    5.187873244285583e-01    1.941962912678719e-02
  endloop
endfacet
facet normal   -4.040982093765915e-01    2.811506111482178e-01   -8.704360809557565e-01
  outer loop
    vertex    1.923648081719875e-02    5.153871774673462e-01    1.235666032880545e-02
    vertex    2.066411077976226e-02    5.153334736824036e-01    1.167653966695070e-02
    vertex    1.939547993242740e-02    5.146015882492065e-01    1.202910020947456e-02
  endloop
endfacet
facet normal    1.087089889215594e-01    6.746610361897000e-01    7.300786546496840e-01
  outer loop
    vertex   -1.143386960029603e-02    5.164471864700317e-01    3.278969088569283e-03
    vertex   -4.379665944725276e-03    5.180718898773193e-01    7.272174116224051e-04
    vertex   -1.496342010796071e-02    5.171418190002441e-01    3.162615001201630e-03
  endloop
endfacet
facet normal   -2.546222601474064e-01    8.166633416066159e-01    5.179078017498310e-01
  outer loop
    vertex    4.220777191221713e-03    5.149564146995544e-01    9.136298671364784e-03
    vertex   -3.103961935266853e-03    5.150179266929626e-01    5.438196007162333e-03
    vertex   -4.501237068325282e-03    5.142948031425476e-01    5.891502834856510e-03
  endloop
endfacet
facet normal   -2.945210409056201e-01    7.561510289069888e-01    5.843740051942524e-01
  outer loop
    vertex    4.461480770260095e-03    5.139006972312927e-01    1.082576997578144e-02
    vertex    5.622204858809709e-03    5.147596001625061e-01    1.029939018189907e-02
    vertex    4.812190018128594e-04    5.142139196395874e-01    8.414447307586670e-03
  endloop
endfacet
facet normal   -5.344832263707928e-01    5.501227358816693e-01    6.416328047990807e-01
  outer loop
    vertex    5.739157088100909e-03    5.137090086936951e-01    1.205443032085896e-02
    vertex    4.461480770260095e-03    5.139006972312927e-01    1.082576997578144e-02
    vertex    4.201963078230619e-03    5.133985280990601e-01    1.104013994336128e-02
  endloop
endfacet
facet normal    3.146765408111833e-01   -9.243595877565598e-01    2.157267419343980e-01
  outer loop
    vertex    3.546908963471650e-03    5.053294897079468e-01    2.468116115778685e-03
    vertex    8.810545317828655e-03    5.086743831634521e-01    9.122559800744057e-03
    vertex    2.743134042248129e-03    5.051230788230896e-01    2.756125060841441e-03
  endloop
endfacet
facet normal   -3.327601001792386e-01   -9.416460150970093e-01   -5.072965582995918e-02
  outer loop
    vertex   -2.319715917110445e-02    5.091546177864075e-01    5.146796815097332e-03
    vertex   -2.352255024015905e-02    5.092999935150146e-01    4.582722205668688e-03
    vertex   -2.274028956890108e-02    5.090231895446777e-01    4.589546937495470e-03
  endloop
endfacet
facet normal   -6.106733565437537e-01   -7.760200925615679e-01    1.577050016591775e-01
  outer loop
    vertex    1.990550942718982e-02    5.032970905303955e-01    3.880989970639348e-03
    vertex    1.995912939310074e-02    5.026171207427979e-01    7.426879019476473e-04
    vertex    2.080786041915416e-02    5.025287270545959e-01    3.594228066504002e-03
  endloop
endfacet
facet normal   -5.662413478943582e-01   -8.242392753651386e-01   -5.940373149189202e-04
  outer loop
    vertex   -2.352255024015905e-02    5.092999935150146e-01    4.582722205668688e-03
    vertex   -2.516631595790388e-02    5.104325413703918e-01   -2.168736218591180e-19
    vertex   -2.358489669859411e-02    5.093461275100708e-01   -3.317846877113454e-23
  endloop
endfacet
facet normal   -2.557414932761810e-01    5.542979366400590e-02    9.651548200113984e-01
  outer loop
    vertex   -2.529012970626356e-02    5.155867934226990e-01    4.670877009630203e-03
    vertex   -2.648363076150419e-02    5.117713212966919e-01    4.573755897581577e-03
    vertex   -2.359084039926531e-02    5.099666118621826e-01    5.443918053060770e-03
  endloop
endfacet
facet normal    2.343219337434267e-01    9.539189778805162e-01   -1.874348286902208e-01
  outer loop
    vertex   -2.415608055889608e-02    5.203580856323242e-01    1.063633972080424e-04
    vertex   -2.235335111618044e-02    5.198943614959717e-01   -3.317154307160011e-23
    vertex   -2.402180619537832e-02    5.203042030334473e-01    2.707187338636683e-20
  endloop
endfacet
facet normal   -2.986025023280917e-01    5.925363839837640e-01    7.481558522519538e-01
  outer loop
    vertex    1.923648081719875e-02    5.153871774673462e-01    1.235666032880545e-02
    vertex    2.179875038564205e-02    5.156567096710205e-01    1.316583994776011e-02
    vertex    2.493409067392349e-02    5.197749137878418e-01    1.115560997277498e-02
  endloop
endfacet
facet normal    2.054745837045677e-02    7.007998400899692e-01    7.130619791325209e-01
  outer loop
    vertex   -1.143386960029603e-02    5.164471864700317e-01    3.278969088569283e-03
    vertex   -1.308766007423402e-02    5.159375071525574e-01    3.827539039775729e-03
    vertex   -6.188939791172758e-03    5.152472257614136e-01    4.307157825678587e-03
  endloop
endfacet
facet normal   -2.144021006537570e-02    5.961969584111169e-02    9.979908863612763e-01
  outer loop
    vertex   -1.946504972875120e-02    5.092713236808777e-01    5.505872890353203e-03
    vertex   -1.782372035086157e-02    5.101531147956848e-01    5.488456226885319e-03
    vertex   -2.223188988864424e-02    5.101125836372375e-01    5.396175198256969e-03
  endloop
endfacet
facet normal   -6.562098185831692e-01    6.608337131173063e-01    3.642629237276804e-01
  outer loop
    vertex    1.048765983432531e-02    5.136212706565857e-01    2.432229928672314e-02
    vertex    1.361104007810354e-02    5.176157951354980e-01    2.270225062966347e-02
    vertex    1.208360958844423e-02    5.161482095718384e-01    2.261307090520859e-02
  endloop
endfacet
facet normal   -5.934160899205895e-01    6.745004578500657e-01    4.392111981534745e-01
  outer loop
    vertex    1.048765983432531e-02    5.136212706565857e-01    2.432229928672314e-02
    vertex    1.734595000743866e-02    5.173031091690063e-01    2.793426997959614e-02
    vertex    1.558285020291805e-02    5.179011225700378e-01    2.463378012180328e-02
  endloop
endfacet
facet normal   -1.702325762791198e-01   -9.854021968519296e-01    1.838589884794540e-03
  outer loop
    vertex    3.637403994798660e-02    4.983487129211426e-01    2.453006105497479e-03
    vertex    3.505598008632660e-02    4.985876083374024e-01    8.452898822724819e-03
    vertex    3.402991965413094e-02    4.987544119358063e-01    2.850627992302179e-03
  endloop
endfacet
facet normal   -7.280762269353018e-01    4.994661202414870e-01   -4.695088950196489e-01
  outer loop
    vertex    1.983319036662578e-02    5.042805075645447e-01    2.825554984156042e-04
    vertex    2.295456081628799e-02    5.091158747673035e-01    5.860779201611876e-04
    vertex    2.231574058532714e-02    5.078207254409790e-01    1.989214943023399e-04
  endloop
endfacet
facet normal   -4.240872421833167e-01   -9.056100167968980e-01   -4.528630529304096e-03
  outer loop
    vertex    2.280024066567421e-02    5.115318894386292e-01    2.899553999304771e-02
    vertex    2.184757962822914e-02    5.120127797126770e-01    2.204252034425735e-02
    vertex    2.609086036682129e-02    5.100206732749939e-01    2.304730936884880e-02
  endloop
endfacet
facet normal   -8.694407661912503e-01    4.369024260567280e-01   -2.306274575815217e-01
  outer loop
    vertex    2.420255914330482e-02    5.175039768218994e-01    1.018287986516953e-02
    vertex    2.462990954518318e-02    5.151371955871582e-01    4.088166169822216e-03
    vertex    2.342423051595688e-02    5.149776935577393e-01    8.331284858286381e-03
  endloop
endfacet
facet normal    7.135114076597303e-01    6.685474167133511e-01    2.096325898932111e-01
  outer loop
    vertex    2.549012936651706e-02    5.114973783493042e-01    2.580641023814678e-02
    vertex    2.649761922657489e-02    5.112788081169128e-01    2.307434007525444e-02
    vertex    2.414307929575443e-02    5.132201910018921e-01    2.489697933197021e-02
  endloop
endfacet
facet normal    6.097692614645411e-01    1.256044279932739e-02    7.924794527618196e-01
  outer loop
    vertex    3.520777076482773e-02    5.108017921447754e-01    1.289832033216953e-02
    vertex    3.376809135079384e-02    5.140399932861328e-01    1.395475026220083e-02
    vertex    2.980756945908069e-02    5.082268118858337e-01    1.709428988397121e-02
  endloop
endfacet
facet normal    3.921249065074811e-02    8.744157763814944e-01    4.835901473273760e-01
  outer loop
    vertex   -1.819851994514467e-02    5.187010169029236e-01    7.997457287274301e-04
    vertex   -1.730315946042539e-02    5.173465013504028e-01    3.176345955580473e-03
    vertex   -6.008846219629064e-03    5.182480812072754e-01    6.303184782154858e-04
  endloop
endfacet
facet normal   -3.428449367474649e-02    6.690550944321878e-01    7.424216147902772e-01
  outer loop
    vertex    2.202685922384262e-02    5.179687738418579e-01    2.792401053011417e-02
    vertex    2.091114036738872e-02    5.198221206665039e-01    2.620228938758373e-02
    vertex    1.813058927655220e-02    5.173937082290649e-01    2.826232090592384e-02
  endloop
endfacet
facet normal   -8.748709778676865e-01    4.248374466466856e-01   -2.326239798721590e-01
  outer loop
    vertex    2.462990954518318e-02    5.151371955871582e-01    4.088166169822216e-03
    vertex    2.044044062495231e-02    5.066905021667480e-01    4.418197087943554e-03
    vertex    2.342423051595688e-02    5.149776935577393e-01    8.331284858286381e-03
  endloop
endfacet
facet normal   -2.267085208364593e-01    8.567200787009527e-01    4.632860383507992e-01
  outer loop
    vertex    9.479096159338951e-03    5.188338756561279e-01    4.539154004305601e-03
    vertex   -3.103961935266853e-03    5.150179266929626e-01    5.438196007162333e-03
    vertex    4.220777191221713e-03    5.149564146995544e-01    9.136298671364784e-03
  endloop
endfacet
facet normal   -7.433788177387733e-01    5.349840964613379e-01    4.014722280192605e-01
  outer loop
    vertex    1.983319036662578e-02    5.042805075645447e-01    2.825554984156042e-04
    vertex    2.081603370606899e-02    5.058582425117493e-01   -3.292877636023946e-23
    vertex    1.987602375447750e-02    5.045520663261414e-01   -3.293406258596527e-23
  endloop
endfacet
facet normal    8.397166222718661e-01   -5.424163884577065e-01    2.569933487128965e-02
  outer loop
    vertex    3.811885043978691e-02    4.998156130313874e-01    3.157248022034764e-03
    vertex    3.752981126308441e-02    4.988215863704682e-01    1.423725974746048e-03
    vertex    3.810074925422668e-02    4.997049868106843e-01    1.413794001564384e-03
  endloop
endfacet
facet normal    6.223238557741166e-01   -7.652451164570521e-01    1.646600445556527e-01
  outer loop
    vertex    3.725203126668930e-02    4.984861910343171e-01    2.564510097727180e-03
    vertex    3.777178004384041e-02    4.989860951900483e-01    2.923414111137390e-03
    vertex    3.586442023515701e-02    4.986557066440583e-01    8.596722967922688e-03
  endloop
endfacet
facet normal    2.449122505779259e-01   -5.208209515636606e-01    8.177796316423994e-01
  outer loop
    vertex    3.315842151641846e-02    5.005400180816650e-01    1.466745045036077e-02
    vertex    3.385047987103462e-02    5.008664727210999e-01    1.466809958219528e-02
    vertex    3.104053065180778e-02    5.016192197799683e-01    1.598903909325600e-02
  endloop
endfacet
facet normal    6.118953551128098e-01    7.812925861683432e-01   -1.231501895644108e-01
  outer loop
    vertex    3.602961823344231e-02    5.130072236061096e-01    1.104610040783882e-02
    vertex    3.446371108293533e-02    5.142139792442322e-01    1.092152018100023e-02
    vertex    3.399002179503441e-02    5.148819088935852e-01    1.280540041625500e-02
  endloop
endfacet
facet normal    4.193412022447183e-01    9.078221718214192e-01    3.443900317375904e-03
  outer loop
    vertex    3.689559176564217e-02    5.125761032104492e-01    7.442282978445292e-03
    vertex    3.815213963389397e-02    5.120205879211426e-01    8.761239005252719e-04
    vertex    2.835699915885925e-02    5.165281891822815e-01    5.349428858608007e-03
  endloop
endfacet
facet normal    5.975386665816644e-01    6.722521332722461e-01   -4.370636238017533e-01
  outer loop
    vertex    2.696930058300495e-02    5.171837210655212e-01    5.420833826065063e-03
    vertex    2.724340930581092e-02    5.179644823074341e-01    6.996483076363802e-03
    vertex    2.813467010855674e-02    5.171440243721008e-01    6.953029893338680e-03
  endloop
endfacet
facet normal    3.027327586444392e-01    9.170199817272634e-01    2.596675373558607e-01
  outer loop
    vertex    2.352211065590381e-02    5.159273147583008e-01    1.679679937660694e-02
    vertex    2.254647947847843e-02    5.162774920463562e-01    1.669757999479771e-02
    vertex    2.296975068747997e-02    5.160003900527954e-01    1.718270033597946e-02
  endloop
endfacet
facet normal    7.172238417618569e-01    3.371770174809165e-01    6.098373715106649e-01
  outer loop
    vertex    2.296975068747997e-02    5.160003900527954e-01    1.718270033597946e-02
    vertex    2.063868939876556e-02    5.183854103088379e-01    1.860556937754154e-02
    vertex    2.316720969974994e-02    5.132253170013428e-01    1.848479919135571e-02
  endloop
endfacet
facet normal   -7.833770856399374e-01    6.119865643237489e-01    1.085945983071537e-01
  outer loop
    vertex    1.869750022888183e-02    5.063130855560303e-01    1.008247025310993e-02
    vertex    2.115714922547340e-02    5.093023180961609e-01    1.097995974123478e-02
    vertex    2.150944061577320e-02    5.097879171371460e-01    1.078470982611179e-02
  endloop
endfacet
facet normal    8.654230525285553e-01   -5.496734011211599e-02   -4.980176017704155e-01
  outer loop
    vertex    9.347419254481792e-03    5.184615254402161e-01    2.231989987194538e-03
    vertex    1.381462998688221e-02    5.199031829833984e-01    9.835703298449516e-03
    vertex    1.496329996734858e-02    5.198209881782532e-01    1.184086035937071e-02
  endloop
endfacet
facet normal   -2.003599325156538e-01    8.578339454985653e-01    4.732618930282547e-01
  outer loop
    vertex   -9.181643254123638e-04    5.180597901344299e-01    1.326762023381889e-03
    vertex    4.948623944073915e-03    5.179244875907898e-01    4.055771976709366e-03
    vertex    7.671099156141280e-03    5.186747908592224e-01    3.848358988761902e-03
  endloop
endfacet
facet normal   -5.564614338468002e-01    8.151569607780645e-01    1.608409212117115e-01
  outer loop
    vertex    1.324552018195391e-02    5.190991163253784e-01    1.156807970255613e-02
    vertex    9.480349719524384e-03    5.159609913825989e-01    1.444603037089109e-02
    vertex    1.325101032853127e-02    5.187281966209412e-01    1.346693001687527e-02
  endloop
endfacet
facet normal   -8.311731302823830e-01    5.203090033516131e-01    1.960351206489182e-01
  outer loop
    vertex    3.865177975967526e-03    5.071604847908020e-01    1.427664980292320e-02
    vertex    4.819435067474841e-03    5.084279179573059e-01    1.495864987373352e-02
    vertex    4.364395048469304e-03    5.082591176033020e-01    1.347734034061432e-02
  endloop
endfacet
facet normal   -6.832823411543075e-01    6.981538311135083e-01    2.137907162816462e-01
  outer loop
    vertex    1.208360958844423e-02    5.161482095718384e-01    2.261307090520859e-02
    vertex    1.361104007810354e-02    5.176157951354980e-01    2.270225062966347e-02
    vertex    1.257750019431114e-02    5.170444846153259e-01    2.126469090580940e-02
  endloop
endfacet
facet normal   -2.423886885022793e-01    8.692458114726122e-01   -4.308821682588699e-01
  outer loop
    vertex    1.839685998857021e-02    5.160779953002930e-01    1.387611031532288e-02
    vertex    1.713564060628414e-02    5.166277885437012e-01    1.569472998380661e-02
    vertex    1.793944090604782e-02    5.167816281318665e-01    1.555291004478931e-02
  endloop
endfacet
facet normal   -1.878778836774546e-01   -9.467238354261530e-01    2.615642946980249e-01
  outer loop
    vertex    2.963542938232422e-02    5.015076994895935e-01    1.618601940572262e-02
    vertex    2.871029078960418e-02    5.014935135841370e-01    1.547016017138958e-02
    vertex    3.176501020789146e-02    5.004814863204956e-01    1.400132011622190e-02
  endloop
endfacet
facet normal   -4.397712129770309e-01   -1.403855338295818e-01   -8.870699984376059e-01
  outer loop
    vertex    2.249878086149692e-02    5.108107924461365e-01    2.925910986959934e-02
    vertex    2.189858071506023e-02    5.111845135688782e-01    2.949751913547516e-02
    vertex    2.280024066567421e-02    5.115318894386292e-01    2.899553999304771e-02
  endloop
endfacet
facet normal   -6.448954638794994e-01    4.927315420387672e-01   -5.842306634778288e-01
  outer loop
    vertex    2.231574058532714e-02    5.078207254409790e-01    1.989214943023399e-04
    vertex    2.295456081628799e-02    5.091158747673035e-01    5.860779201611876e-04
    vertex    2.693446911871433e-02    5.141903162002563e-01    4.726168117485940e-04
  endloop
endfacet
facet normal   -3.239252377535397e-01   -8.689130309133535e-01    3.742493621307623e-01
  outer loop
    vertex    1.017952989786863e-02    5.086330771446228e-01    1.015275996178389e-02
    vertex    1.183591969311237e-02    5.081623196601868e-01    1.049343962222338e-02
    vertex    1.134038995951414e-02    5.088201761245728e-01    1.159191969782114e-02
  endloop
endfacet
facet normal   -1.461158879871350e-01    9.538810691814067e-01    2.622232886969946e-01
  outer loop
    vertex   -7.414012216031561e-04    5.184369087219238e-01    5.342590884538367e-05
    vertex   -9.181643254123638e-04    5.180597901344299e-01    1.326762023381889e-03
    vertex    1.002159994095564e-02    5.189617276191711e-01    4.141661804169416e-03
  endloop
endfacet
facet normal    9.087217978866358e-01   -4.172393286338814e-01    1.166347661841652e-02
  outer loop
    vertex    3.810074925422668e-02    4.997049868106843e-01    1.413794001564384e-03
    vertex    3.804055601358414e-02    4.995343685150147e-01   -3.283191279227596e-23
    vertex    3.821516036987305e-02    4.999146461486817e-01   -3.283093088987344e-23
  endloop
endfacet
facet normal    5.189517932927331e-02   -9.986468722755547e-01   -3.363756328038931e-03
  outer loop
    vertex   -1.892279647290708e-02    5.089545845985413e-01   -3.315225105378369e-23
    vertex   -1.922171935439112e-02    5.089222788810730e-01    4.979358054697514e-03
    vertex   -1.956626586616041e-02    5.089211463928223e-01   -3.315586965866585e-23
  endloop
endfacet
facet normal    7.972590730010598e-01   -7.670237081665233e-04    6.036367965855973e-01
  outer loop
    vertex    3.595849126577377e-02    5.102950930595398e-01    1.239036954939365e-02
    vertex    3.456494957208633e-02    5.016670823097229e-01    1.421993970870972e-02
    vertex    3.690310940146446e-02    5.092357993125916e-01    1.114141009747982e-02
  endloop
endfacet
facet normal    2.705851478740902e-02    7.780054023695725e-01    6.276746216482384e-01
  outer loop
    vertex   -1.931234076619150e-02    5.169376730918884e-01    3.702297108247876e-03
    vertex   -2.368368953466417e-02    5.175381898880005e-01    3.146399045363069e-03
    vertex   -2.501174993813040e-02    5.166527032852173e-01    4.301215056329966e-03
  endloop
endfacet
facet normal    7.492909390851954e-02    5.688877633146115e-01    8.189947152680209e-01
  outer loop
    vertex   -1.308766007423402e-02    5.159375071525574e-01    3.827539039775729e-03
    vertex   -1.496342010796071e-02    5.171418190002441e-01    3.162615001201630e-03
    vertex   -1.931234076619150e-02    5.169376730918884e-01    3.702297108247876e-03
  endloop
endfacet
facet normal   -2.472709828235899e-01    8.613860102228761e-01    4.437017043530160e-01
  outer loop
    vertex    5.622204858809709e-03    5.147596001625061e-01    1.029939018189907e-02
    vertex    9.479096159338951e-03    5.188338756561279e-01    4.539154004305601e-03
    vertex    4.220777191221713e-03    5.149564146995544e-01    9.136298671364784e-03
  endloop
endfacet
facet normal   -2.262655189118740e-01   -9.723436456300569e-01    5.789429811640157e-02
  outer loop
    vertex    3.445696830749512e-02    4.986596107482911e-01    8.841619273880497e-05
    vertex    3.325212001800537e-02    4.989347159862519e-01   -3.285884096945847e-23
    vertex    3.443191200494766e-02    4.986601769924164e-01   -3.285220630878234e-23
  endloop
endfacet
facet normal    2.994080852678675e-02    9.160527729519963e-01   -3.999385767236271e-01
  outer loop
    vertex    1.839685998857021e-02    5.160779953002930e-01    1.387611031532288e-02
    vertex    2.179875038564205e-02    5.156567096710205e-01    1.316583994776011e-02
    vertex    1.923648081719875e-02    5.153871774673462e-01    1.235666032880545e-02
  endloop
endfacet
facet normal    5.720766317012874e-02    2.029659813526666e-01    9.775132191884477e-01
  outer loop
    vertex    2.189858071506023e-02    5.111845135688782e-01    2.949751913547516e-02
    vertex    2.202307060360908e-02    5.171329975128174e-01    2.825511991977692e-02
    vertex    1.828661002218723e-02    5.159763097763062e-01    2.871396020054817e-02
  endloop
endfacet
facet normal    3.384413386790580e-01    8.885041527635953e-01   -3.098674406822582e-01
  outer loop
    vertex    2.583310939371585e-02    5.125311017036438e-01    1.940595917403698e-02
    vertex    2.316720969974994e-02    5.132253170013428e-01    1.848479919135571e-02
    vertex    2.213444001972675e-02    5.143771171569824e-01    2.065942995250225e-02
  endloop
endfacet
facet normal   -6.841008417524710e-01    1.948833728582723e-02   -7.291270417584267e-01
  outer loop
    vertex    2.468690089881420e-02    5.106201767921448e-01    2.720101922750473e-02
    vertex    2.249878086149692e-02    5.108107924461365e-01    2.925910986959934e-02
    vertex    2.280024066567421e-02    5.115318894386292e-01    2.899553999304771e-02
  endloop
endfacet
facet normal    4.565611141342586e-01    8.806720576822757e-01   -1.263672262817802e-01
  outer loop
    vertex    3.534428030252457e-02    5.136123895645142e-01    1.027362979948521e-02
    vertex    2.835699915885925e-02    5.165281891822815e-01    5.349428858608007e-03
    vertex    2.921682037413120e-02    5.163341164588928e-01    7.103416137397289e-03
  endloop
endfacet
facet normal    6.149907314306717e-01    7.817056195931338e-01    1.035505893314094e-01
  outer loop
    vertex    2.814083918929100e-02    5.214725732803345e-01    1.198565959930420e-02
    vertex    2.892502024769783e-02    5.205361247062683e-01    1.439765002578497e-02
    vertex    3.020979091525077e-02    5.196682810783386e-01    1.331872027367353e-02
  endloop
endfacet
facet normal   -1.720453758188183e-01    4.229091988376702e-01    8.896899449796212e-01
  outer loop
    vertex    2.718753926455974e-02    5.192543268203735e-01    1.607733033597469e-02
    vertex    2.386845089495182e-02    5.138723254203796e-01    1.799380034208298e-02
    vertex    2.612774074077606e-02    5.133033990859985e-01    1.870113052427769e-02
  endloop
endfacet
facet normal    9.152978453692675e-01    3.878119777945485e-01   -1.087737290960327e-01
  outer loop
    vertex    2.147966064512729e-02    5.192720293998718e-01    2.526161074638367e-02
    vertex    2.260676026344299e-02    5.172097086906433e-01    2.739300020039082e-02
    vertex    2.247063070535659e-02    5.174130201339722e-01    2.697237953543663e-02
  endloop
endfacet
facet normal    1.236583626207589e-01    8.812759480480198e-01   -4.561373836313099e-01
  outer loop
    vertex    2.870390005409717e-02    5.152050852775574e-01    1.102628011722118e-04
    vertex    2.611717022955417e-02    5.170075297355652e-01    2.891398966312408e-03
    vertex    2.941320091485977e-02    5.151789188385010e-01    2.519988920539618e-04
  endloop
endfacet
facet normal   -8.248296422014594e-01    4.459653052269447e-01    3.475212337104747e-01
  outer loop
    vertex    6.447175983339547e-03    5.081468224525452e-01    2.272449061274529e-02
    vertex    8.948955684900284e-03    5.122972726821899e-01    2.333620935678482e-02
    vertex    5.756276194006204e-03    5.076562762260437e-01    2.171416953206062e-02
  endloop
endfacet
facet normal    2.485319690174365e-01    7.353309644035990e-01    6.304920563857954e-01
  outer loop
    vertex    2.091114036738872e-02    5.198221206665039e-01    2.620228938758373e-02
    vertex    2.202685922384262e-02    5.179687738418579e-01    2.792401053011417e-02
    vertex    2.109736949205398e-02    5.202677249908447e-01    2.560918033123016e-02
  endloop
endfacet
facet normal    8.366294104599356e-01   -5.244941962003696e-01   -1.579780608362721e-01
  outer loop
    vertex    1.002159994095564e-02    5.189617276191711e-01    4.141661804169416e-03
    vertex    9.347419254481792e-03    5.184615254402161e-01    2.231989987194538e-03
    vertex    9.359214454889297e-03    5.188853740692139e-01    8.872593753039837e-04
  endloop
endfacet
facet normal    5.488906413955430e-01    8.164413085838047e-01    1.792837232610754e-01
  outer loop
    vertex    2.649761922657489e-02    5.112788081169128e-01    2.307434007525444e-02
    vertex    2.583310939371585e-02    5.125311017036438e-01    1.940595917403698e-02
    vertex    2.171397954225540e-02    5.143473744392395e-01    2.374584972858429e-02
  endloop
endfacet
facet normal    4.736566127554890e-01    8.744629282491027e-01    1.047091223867421e-01
  outer loop
    vertex    2.793890982866287e-02    5.105329751968384e-01    2.278330922126770e-02
    vertex    2.649761922657489e-02    5.112788081169128e-01    2.307434007525444e-02
    vertex    2.549012936651706e-02    5.114973783493042e-01    2.580641023814678e-02
  endloop
endfacet
facet normal    2.875484274053924e-01   -9.518370629666620e-01   -1.064053920611367e-01
  outer loop
    vertex    2.120908908545971e-02    5.121251940727234e-01    2.226082980632782e-02
    vertex    9.931070730090141e-03    5.086988806724548e-01    2.243296056985855e-02
    vertex    1.689209975302219e-02    5.109788775444031e-01    2.084890007972717e-02
  endloop
endfacet
facet normal    2.769482544978003e-01   -9.608107018931017e-01   -1.193563816085898e-02
  outer loop
    vertex    1.412250008434057e-02    5.102024078369141e-01    1.908984966576099e-02
    vertex    1.559909991919994e-02    5.106400251388550e-01    1.812420040369034e-02
    vertex    1.689209975302219e-02    5.109788775444031e-01    2.084890007972717e-02
  endloop
endfacet
facet normal   -8.624836089343643e-01    4.484187022589981e-01   -2.346117895245474e-01
  outer loop
    vertex    2.420255914330482e-02    5.175039768218994e-01    1.018287986516953e-02
    vertex    2.553009986877441e-02    5.161752104759216e-01    2.762852935120463e-03
    vertex    2.462990954518318e-02    5.151371955871582e-01    4.088166169822216e-03
  endloop
endfacet
facet normal    3.333742170591431e-01    2.005386192868003e-01   -9.212197857052067e-01
  outer loop
    vertex    1.845036074519157e-02    5.159103870391846e-01    1.256251987069845e-02
    vertex    1.794460043311119e-02    5.147886276245117e-01    1.213529985398054e-02
    vertex    1.585113070905208e-02    5.186535716056824e-01    1.221906021237373e-02
  endloop
endfacet
facet normal   -2.632800354590502e-01    7.957180552677444e-01    5.454506388754167e-01
  outer loop
    vertex    4.812190018128594e-04    5.142139196395874e-01    8.414447307586670e-03
    vertex    4.220777191221713e-03    5.149564146995544e-01    9.136298671364784e-03
    vertex   -4.501237068325282e-03    5.142948031425476e-01    5.891502834856510e-03
  endloop
endfacet
facet normal    5.999921510769906e-03   -8.893402256121905e-01    4.572066972933825e-01
  outer loop
    vertex    2.743134042248129e-03    5.051230788230896e-01    2.756125060841441e-03
    vertex    6.941035855561494e-03    5.082967877388000e-01    8.874407969415188e-03
    vertex    2.230704994872212e-03    5.054957866668701e-01    3.487826092168689e-03
  endloop
endfacet
facet normal    2.293896862776134e-01   -9.708982287674506e-01    6.882587598923376e-02
  outer loop
    vertex    1.616224087774753e-02    5.107297897338867e-01    1.751358062028885e-02
    vertex    1.948300004005432e-02    5.117186903953552e-01    2.039583958685398e-02
    vertex    1.559909991919994e-02    5.106400251388550e-01    1.812420040369034e-02
  endloop
endfacet
facet normal    7.100111575254217e-01    6.067270589499018e-01    3.574443063295500e-01
  outer loop
    vertex    3.020979091525077e-02    5.196682810783386e-01    1.331872027367353e-02
    vertex    2.892502024769783e-02    5.205361247062683e-01    1.439765002578497e-02
    vertex    3.065467998385429e-02    5.188819169998169e-01    1.376978959888220e-02
  endloop
endfacet
facet normal   -2.954949367930713e-01   -9.510061388436069e-01    9.093990439533761e-02
  outer loop
    vertex    2.871029078960418e-02    5.014935135841370e-01    1.547016017138958e-02
    vertex    2.079840935766697e-02    5.035312175750732e-01    1.107108034193516e-02
    vertex    2.641477994620800e-02    5.019850134849548e-01    1.315112970769405e-02
  endloop
endfacet
facet normal    4.473768812829461e-01    5.402886070620554e-01   -7.127006013554981e-01
  outer loop
    vertex    2.493409067392349e-02    5.197749137878418e-01    1.115560997277498e-02
    vertex    2.801733091473579e-02    5.204228162765503e-01    1.358218956738710e-02
    vertex    2.489718049764633e-02    5.186095833778381e-01    1.024901960045099e-02
  endloop
endfacet
facet normal    4.100051368495277e-02    8.945023105574926e-01   -4.451792608431763e-01
  outer loop
    vertex   -2.614882076159120e-03    5.181651115417480e-01    4.726410043076612e-05
    vertex   -2.762662246823312e-03    5.181483626365662e-01   -3.306137316541093e-23
    vertex   -4.252904560416938e-03    5.182166695594788e-01    6.743193824364521e-21
  endloop
endfacet
facet normal    1.297189813502997e-01    9.904854969728824e-01    4.595069274584285e-02
  outer loop
    vertex    8.802643977105618e-03    5.189241766929626e-01    1.152562035713345e-04
    vertex    8.882156573235989e-03    5.189191102981567e-01   -3.299588753601232e-23
    vertex    8.836644701659679e-03    5.189250707626343e-01   -3.299614347589289e-23
  endloop
endfacet
facet normal    7.727795608843545e-01   -4.265708914407785e-01    4.699457679932908e-01
  outer loop
    vertex    3.385047987103462e-02    5.008664727210999e-01    1.466809958219528e-02
    vertex    3.678119927644730e-02    4.994775950908661e-01    8.588132448494434e-03
    vertex    3.456494957208633e-02    5.016670823097229e-01    1.421993970870972e-02
  endloop
endfacet
facet normal    2.589833720294921e-01   -3.329669454842564e-01    9.066755903999610e-01
  outer loop
    vertex    2.963542938232422e-02    5.015076994895935e-01    1.618601940572262e-02
    vertex    3.092627041041851e-02    5.027465820312500e-01    1.627226918935776e-02
    vertex    2.993699908256530e-02    5.027871131896973e-01    1.656972989439964e-02
  endloop
endfacet
facet normal    7.699248405516637e-01    5.718141827404487e-01    2.832742140018536e-01
  outer loop
    vertex    3.585769981145859e-02    5.127604007720947e-01    1.201159972697496e-02
    vertex    3.602961823344231e-02    5.130072236061096e-01    1.104610040783882e-02
    vertex    3.399002179503441e-02    5.148819088935852e-01    1.280540041625500e-02
  endloop
endfacet
facet normal    7.604295860473491e-01    5.881336859239805e-01    2.754008208871749e-01
  outer loop
    vertex    3.884553909301758e-02    5.108528137207031e-01    7.871714420616627e-03
    vertex    3.835314139723778e-02    5.116484761238098e-01    7.532129064202309e-03
    vertex    3.602961823344231e-02    5.130072236061096e-01    1.104610040783882e-02
  endloop
endfacet
facet normal    7.791591335477973e-01    4.948301262164173e-01   -3.847781059229984e-01
  outer loop
    vertex    3.399002179503441e-02    5.148819088935852e-01    1.280540041625500e-02
    vertex    3.310823068022728e-02    5.154039859771729e-01    1.169120986014605e-02
    vertex    3.326117992401123e-02    5.163329839706421e-01    1.319563016295433e-02
  endloop
endfacet
facet normal    8.245984842915464e-01   -1.878793414426423e-01    5.336091198275789e-01
  outer loop
    vertex    3.043003007769584e-02    5.123631954193115e-01    1.704729907214642e-02
    vertex    2.992214076220989e-02    5.122917890548706e-01    1.780701056122780e-02
    vertex    2.823504060506820e-02    5.070742964744568e-01    1.857708953320980e-02
  endloop
endfacet
facet normal    1.859482624387679e-01    7.128305725330415e-01    6.762365108142413e-01
  outer loop
    vertex    2.964068949222564e-02    5.128455162048340e-01    1.802754029631615e-02
    vertex    2.583310939371585e-02    5.125311017036438e-01    1.940595917403698e-02
    vertex    2.654070965945720e-02    5.120447278022766e-01    1.972408033907413e-02
  endloop
endfacet
facet normal    6.740847233585975e-02    6.584208760117618e-01    7.496252716452733e-01
  outer loop
    vertex    2.690847963094711e-02    5.133354067802429e-01    1.860281080007553e-02
    vertex    2.612774074077606e-02    5.133033990859985e-01    1.870113052427769e-02
    vertex    2.583310939371585e-02    5.125311017036438e-01    1.940595917403698e-02
  endloop
endfacet
facet normal   -7.236536516942751e-02    6.515156062917163e-01    7.551759190296210e-01
  outer loop
    vertex    2.612774074077606e-02    5.133033990859985e-01    1.870113052427769e-02
    vertex    2.386845089495182e-02    5.138723254203796e-01    1.799380034208298e-02
    vertex    2.316720969974994e-02    5.132253170013428e-01    1.848479919135571e-02
  endloop
endfacet
facet normal    1.195788464491061e-01    5.146835866692890e-01    8.490004152502738e-01
  outer loop
    vertex    2.386845089495182e-02    5.138723254203796e-01    1.799380034208298e-02
    vertex    2.352211065590381e-02    5.159273147583008e-01    1.679679937660694e-02
    vertex    2.316720969974994e-02    5.132253170013428e-01    1.848479919135571e-02
  endloop
endfacet
facet normal   -5.555079892891199e-01    6.640253187151662e-01    5.004810185623236e-01
  outer loop
    vertex    2.718753926455974e-02    5.192543268203735e-01    1.607733033597469e-02
    vertex    2.698398940265178e-02    5.195289254188538e-01    1.548707019537687e-02
    vertex    2.407185919582843e-02    5.162823796272278e-01    1.656218990683556e-02
  endloop
endfacet
facet normal    8.865506732824300e-01    1.722960053496445e-01    4.293506611652363e-01
  outer loop
    vertex    2.249878086149692e-02    5.108107924461365e-01    2.925910986959934e-02
    vertex    2.414307929575443e-02    5.132201910018921e-01    2.489697933197021e-02
    vertex    2.362282946705818e-02    5.136423110961914e-01    2.580182999372482e-02
  endloop
endfacet
facet normal    6.589439295699310e-01    7.361681232268718e-01   -1.544324837188180e-01
  outer loop
    vertex    2.296975068747997e-02    5.160003900527954e-01    1.718270033597946e-02
    vertex    2.254647947847843e-02    5.162774920463562e-01    1.669757999479771e-02
    vertex    2.063868939876556e-02    5.183854103088379e-01    1.860556937754154e-02
  endloop
endfacet
facet normal    3.907141644079433e-01    6.949179476606229e-01   -6.036816112406860e-01
  outer loop
    vertex    2.040502987802028e-02    5.192747712135315e-01    1.949252933263779e-02
    vertex    2.292291074991226e-02    5.215607285499573e-01    2.375359088182449e-02
    vertex    2.297431975603103e-02    5.209317803382874e-01    2.306286059319973e-02
  endloop
endfacet
facet normal   -7.862962019938678e-01    4.621099480920872e-01   -4.101130071143159e-01
  outer loop
    vertex    1.983319036662578e-02    5.042805075645447e-01    2.825554984156042e-04
    vertex    1.976766996085643e-02    5.046588778495789e-01    8.345182868652046e-04
    vertex    2.553009986877441e-02    5.161752104759216e-01    2.762852935120463e-03
  endloop
endfacet
facet normal   -8.966607796682108e-01   -4.356016721365673e-01    7.906092231072584e-02
  outer loop
    vertex    1.959276013076305e-02    5.033823251724243e-01    8.035951177589595e-04
    vertex    1.995912939310074e-02    5.026171207427979e-01    7.426879019476473e-04
    vertex    1.990550942718982e-02    5.032970905303955e-01    3.880989970639348e-03
  endloop
endfacet
facet normal   -9.279372854080354e-01    3.604082747916095e-01   -9.506981545844083e-02
  outer loop
    vertex    2.023988030850887e-02    5.059673190116882e-01    3.634206950664520e-03
    vertex    1.974599994719028e-02    5.048682093620300e-01    4.288061056286097e-03
    vertex    2.044044062495231e-02    5.066905021667480e-01    4.418197087943554e-03
  endloop
endfacet
facet normal   -8.791725419337598e-01    4.453648709764389e-01   -1.694277816943585e-01
  outer loop
    vertex    2.342423051595688e-02    5.149776935577393e-01    8.331284858286381e-03
    vertex    1.869750022888183e-02    5.063130855560303e-01    1.008247025310993e-02
    vertex    2.209624089300632e-02    5.129743814468384e-01    9.956326335668564e-03
  endloop
endfacet
facet normal   -8.893412294769532e-01    3.578727957249261e-01   -2.846036535823923e-01
  outer loop
    vertex    2.360356971621513e-02    5.159798860549927e-01    1.013816986232996e-02
    vertex    2.315847948193550e-02    5.152031779289246e-01    1.055234018713236e-02
    vertex    2.420255914330482e-02    5.175039768218994e-01    1.018287986516953e-02
  endloop
endfacet
facet normal   -8.136978132172163e-01    4.355243327521801e-01   -3.849862651397949e-01
  outer loop
    vertex    2.150944061577320e-02    5.097879171371460e-01    1.078470982611179e-02
    vertex    2.115714922547340e-02    5.093023180961609e-01    1.097995974123478e-02
    vertex    2.173269912600517e-02    5.103834271430969e-01    1.098651997745037e-02
  endloop
endfacet
facet normal    8.440529301934822e-01   -2.936342877649459e-01   -4.487243653743015e-01
  outer loop
    vertex    1.233275979757309e-02    5.166385769844055e-01    8.975292555987835e-03
    vertex    9.609719738364220e-03    5.176445841789246e-01    3.194933058694005e-03
    vertex    1.496329996734858e-02    5.198209881782532e-01    1.184086035937071e-02
  endloop
endfacet
facet normal    7.414849387038942e-01   -3.413913975406642e-01   -5.776261761386117e-01
  outer loop
    vertex    1.017952989786863e-02    5.086330771446228e-01    1.015275996178389e-02
    vertex    9.400553070008755e-03    5.094376802444458e-01    8.677265606820583e-03
    vertex    1.013823971152306e-02    5.105525851249695e-01    8.965279906988144e-03
  endloop
endfacet
facet normal   -5.561912093926574e-01   -8.188770805470521e-01   -1.417450723978440e-01
  outer loop
    vertex    1.870699971914291e-02    5.048571228981018e-01    9.781494736671448e-03
    vertex    1.884507015347480e-02    5.045930743217468e-01    1.076516043394804e-02
    vertex    1.756390929222107e-02    5.055704116821289e-01    1.014610007405281e-02
  endloop
endfacet
facet normal   -3.308286913841443e-01    7.397436354778871e-01    5.859451601703130e-01
  outer loop
    vertex   -2.415608055889608e-02    5.203580856323242e-01    1.063633972080424e-04
    vertex   -2.558143064379694e-02    5.164235234260559e-01    4.268904216587543e-03
    vertex   -2.501174993813040e-02    5.166527032852173e-01    4.301215056329966e-03
  endloop
endfacet
facet normal   -1.624580682772174e-01    8.256622307022345e-01    5.402677640239562e-01
  outer loop
    vertex   -9.181643254123638e-04    5.180597901344299e-01    1.326762023381889e-03
    vertex   -2.924483967944981e-03    5.178685188293457e-01    1.015773043036461e-03
    vertex   -4.735458176583053e-03    5.150011181831360e-01    4.853309132158756e-03
  endloop
endfacet
facet normal   -6.031808755345578e-01    4.926269177772004e-01    6.272890492194966e-01
  outer loop
    vertex    1.048765983432531e-02    5.136212706565857e-01    2.432229928672314e-02
    vertex    9.728330187499523e-03    5.127574801445007e-01    2.427051030099392e-02
    vertex    1.688545010983944e-02    5.165671110153198e-01    2.816076017916203e-02
  endloop
endfacet
facet normal   -4.508732140321822e-01   -2.874232531030976e-01    8.450450984674858e-01
  outer loop
    vertex    1.842927001416683e-02    5.109646916389465e-01    2.934193983674049e-02
    vertex    1.788284070789814e-02    5.102133750915527e-01    2.879484929144382e-02
    vertex    1.963616907596588e-02    5.106220841407776e-01    2.986934967339039e-02
  endloop
endfacet
facet normal   -3.798733811059200e-01    8.668610416188065e-01   -3.228748191648187e-01
  outer loop
    vertex    1.940719038248062e-02    5.188732147216797e-01    1.888223923742771e-02
    vertex    1.541842985898256e-02    5.175796151161194e-01    2.010207064449787e-02
    vertex    1.402300037443638e-02    5.177041292190552e-01    2.207813970744610e-02
  endloop
endfacet
facet normal    1.783963764977115e-01   -9.743434149551249e-01   -1.372211448213139e-01
  outer loop
    vertex    5.190392024815082e-03    5.075812935829163e-01    1.280543021857738e-02
    vertex    3.609081963077187e-03    5.073407292366028e-01    1.245776005089283e-02
    vertex    7.996380329132080e-03    5.084993243217468e-01    9.934888221323490e-03
  endloop
endfacet
facet normal   -2.600264497530086e-02   -9.996598197890439e-01    2.026611364919950e-03
  outer loop
    vertex   -1.956626586616041e-02    5.089211463928223e-01   -3.315586965866585e-23
    vertex   -1.922171935439112e-02    5.089222788810730e-01    4.979358054697514e-03
    vertex   -2.100989408791067e-02    5.089586973190308e-01   -3.316398802482024e-23
  endloop
endfacet
facet normal    9.992332383741921e-02   -8.074235247325573e-01    5.814486916846021e-01
  outer loop
    vertex   -1.922171935439112e-02    5.089222788810730e-01    4.979358054697514e-03
    vertex   -1.384092960506679e-02    5.097864866256714e-01    5.254731047898531e-03
    vertex   -1.946504972875120e-02    5.092713236808777e-01    5.505872890353203e-03
  endloop
endfacet
facet normal    8.000129806946791e-01   -5.997164804509567e-01   -1.787103230181111e-02
  outer loop
    vertex    4.368814174085855e-03    5.064924955368042e-01    2.332745934836566e-04
    vertex    4.329584073275327e-03    5.063800811767578e-01    2.249507000669837e-03
    vertex    3.546908963471650e-03    5.053294897079468e-01    2.468116115778685e-03
  endloop
endfacet
facet normal   -5.134086193196741e-01    4.047971709621399e-01   -7.566708927858360e-01
  outer loop
    vertex    2.231574058532714e-02    5.078207254409790e-01    1.989214943023399e-04
    vertex    2.693446911871433e-02    5.141903162002563e-01    4.726168117485940e-04
    vertex    2.783616073429584e-02    5.146828293800354e-01    1.242906000697985e-04
  endloop
endfacet
facet normal   -6.153257177170124e-01    5.248495570686607e-01   -5.881387621649116e-01
  outer loop
    vertex    2.555865049362182e-02    5.154983997344971e-01    2.129002939909697e-03
    vertex    2.553009986877441e-02    5.161752104759216e-01    2.762852935120463e-03
    vertex    2.611717022955417e-02    5.170075297355652e-01    2.891398966312408e-03
  endloop
endfacet
facet normal    4.604266829476155e-01    6.047281082173103e-01   -6.498547412782099e-01
  outer loop
    vertex    2.414307929575443e-02    5.132201910018921e-01    2.489697933197021e-02
    vertex    2.134235017001629e-02    5.147373080253601e-01    2.432440966367722e-02
    vertex    2.342342957854271e-02    5.141363143920898e-01    2.523960918188095e-02
  endloop
endfacet
facet normal   -4.769590017668497e-02   -9.660557348795967e-01    2.538925328019280e-01
  outer loop
    vertex    1.948300004005432e-02    5.117186903953552e-01    2.039583958685398e-02
    vertex    1.963049918413162e-02    5.114349126815796e-01    1.934378035366535e-02
    vertex    2.199484035372734e-02    5.117092132568359e-01    2.083165012300014e-02
  endloop
endfacet
facet normal   -3.557679267113500e-01   -7.085992580819590e-01    6.093572628345418e-01
  outer loop
    vertex    2.006302960216999e-02    5.108122825622559e-01    1.866495050489902e-02
    vertex    1.277625001966953e-02    5.084761977195740e-01    1.169408019632101e-02
    vertex    1.952325925230980e-02    5.098723173141479e-01    1.725675910711288e-02
  endloop
endfacet
facet normal    2.648919079596954e-01   -9.504828371236920e-01   -1.625258546532510e-01
  outer loop
    vertex    1.842146925628185e-02    5.101609826087952e-01    2.813548035919666e-02
    vertex    9.347615763545036e-03    5.084565877914429e-01    2.331414073705673e-02
    vertex    1.931340992450714e-02    5.105149149894714e-01    2.751933969557285e-02
  endloop
endfacet
facet normal    2.994776248259455e-01   -9.535512141882799e-01   -3.245356912062552e-02
  outer loop
    vertex    1.412250008434057e-02    5.102024078369141e-01    1.908984966576099e-02
    vertex    7.478817831724881e-03    5.080366134643555e-01    2.141815051436424e-02
    vertex    5.752814933657645e-03    5.076050162315369e-01    1.817199960350990e-02
  endloop
endfacet
facet normal   -3.390340021870206e-01   -7.062272493553585e-01    6.215295790459336e-01
  outer loop
    vertex    2.730407938361168e-02    5.074747800827026e-01    1.877680979669094e-02
    vertex    1.952325925230980e-02    5.098723173141479e-01    1.725675910711288e-02
    vertex    1.888353005051613e-02    5.053542852401733e-01    1.177407987415791e-02
  endloop
endfacet
facet normal   -3.415936408385653e-01   -7.209122131774705e-01    6.029920110832436e-01
  outer loop
    vertex    2.730407938361168e-02    5.074747800827026e-01    1.877680979669094e-02
    vertex    2.199484035372734e-02    5.117092132568359e-01    2.083165012300014e-02
    vertex    2.006302960216999e-02    5.108122825622559e-01    1.866495050489902e-02
  endloop
endfacet
facet normal    2.849162939018298e-01   -9.466305143590130e-01   -1.507095708760281e-01
  outer loop
    vertex    2.280024066567421e-02    5.115318894386292e-01    2.899553999304771e-02
    vertex    2.106473036110401e-02    5.117728114128113e-01    2.420129068195820e-02
    vertex    2.120908908545971e-02    5.121251940727234e-01    2.226082980632782e-02
  endloop
endfacet
facet normal   -4.263700137692170e-01   -9.045196003051856e-01    7.273515118906857e-03
  outer loop
    vertex    2.609086036682129e-02    5.100206732749939e-01    2.304730936884880e-02
    vertex    2.184757962822914e-02    5.120127797126770e-01    2.204252034425735e-02
    vertex    2.778968960046768e-02    5.092133879661560e-01    2.223950996994972e-02
  endloop
endfacet
facet normal   -9.927641844348495e-01   -1.200789046753021e-01   -5.751133695527739e-04
  outer loop
    vertex   -2.691883966326715e-02    5.120232105255127e-01    3.917626105248928e-03
    vertex   -2.693826332688333e-02    5.122025609016418e-01    2.168072371703866e-19
    vertex   -2.690095454454424e-02    5.118941068649292e-01    2.168072373801958e-19
  endloop
endfacet
facet normal   -4.756842806060196e-01    8.275282366030120e-01    2.981970536558721e-01
  outer loop
    vertex    1.057089027017355e-02    5.187929868698120e-01    6.394255906343460e-03
    vertex    9.479096159338951e-03    5.188338756561279e-01    4.539154004305601e-03
    vertex    9.518437087535858e-03    5.184429883956909e-01    5.686664022505283e-03
  endloop
endfacet
facet normal    9.324397305402821e-01    5.756567128674781e-02    3.567104461594479e-01
  outer loop
    vertex    3.884553909301758e-02    5.108528137207031e-01    7.871714420616627e-03
    vertex    3.861476853489876e-02    5.096095800399780e-01    8.675579912960529e-03
    vertex    3.907902911305428e-02    5.095481872558594e-01    7.471912074834108e-03
  endloop
endfacet
facet normal    9.571493790167428e-01    1.121738814624130e-01    2.669870531795878e-01
  outer loop
    vertex    3.399002179503441e-02    5.148819088935852e-01    1.280540041625500e-02
    vertex    3.365791961550713e-02    5.152698159217834e-01    1.383300963789225e-02
    vertex    3.376809135079384e-02    5.140399932861328e-01    1.395475026220083e-02
  endloop
endfacet
facet normal   -2.649428900337327e-01   -8.463297193412386e-01    4.620944396769492e-01
  outer loop
    vertex    2.778968960046768e-02    5.092133879661560e-01    2.223950996994972e-02
    vertex    2.730407938361168e-02    5.074747800827026e-01    1.877680979669094e-02
    vertex    2.823504060506820e-02    5.070742964744568e-01    1.857708953320980e-02
  endloop
endfacet
facet normal    9.398881818569208e-01   -6.446103474492219e-02   -3.353430789584089e-01
  outer loop
    vertex    2.260676026344299e-02    5.172097086906433e-01    2.739300020039082e-02
    vertex    2.134235017001629e-02    5.147373080253601e-01    2.432440966367722e-02
    vertex    2.247063070535659e-02    5.174130201339722e-01    2.697237953543663e-02
  endloop
endfacet
facet normal   -5.936976963716092e-01    8.008359626369017e-01   -7.864353927991542e-02
  outer loop
    vertex    2.698398940265178e-02    5.195289254188538e-01    1.548707019537687e-02
    vertex    2.825723029673099e-02    5.203620195388794e-01    1.435858011245728e-02
    vertex    2.279286086559295e-02    5.162096023559570e-01    1.332580018788576e-02
  endloop
endfacet
facet normal   -1.131403437610322e-01    8.466505052036940e-01   -5.199828695754941e-01
  outer loop
    vertex    1.793944090604782e-02    5.167816281318665e-01    1.555291004478931e-02
    vertex    2.026260085403919e-02    5.185946822166443e-01    1.799949072301388e-02
    vertex    1.893310993909835e-02    5.164800286293030e-01    1.484563015401363e-02
  endloop
endfacet
facet normal   -8.178785898904366e-01    5.229573525922162e-01   -2.399796232361646e-01
  outer loop
    vertex    2.420255914330482e-02    5.175039768218994e-01    1.018287986516953e-02
    vertex    2.500195987522602e-02    5.184034109115601e-01    9.418452158570290e-03
    vertex    2.553009986877441e-02    5.161752104759216e-01    2.762852935120463e-03
  endloop
endfacet
facet normal   -4.308232106141279e-01    3.211261081716308e-01   -8.433678816783793e-01
  outer loop
    vertex    2.284332923591137e-02    5.175918936729431e-01    1.091070007532835e-02
    vertex    2.489718049764633e-02    5.186095833778381e-01    1.024901960045099e-02
    vertex    2.420255914330482e-02    5.175039768218994e-01    1.018287986516953e-02
  endloop
endfacet
facet normal   -6.025471958410449e-03    3.582752097836819e-01   -9.335965765479954e-01
  outer loop
    vertex    1.794460043311119e-02    5.147886276245117e-01    1.213529985398054e-02
    vertex    1.845036074519157e-02    5.159103870391846e-01    1.256251987069845e-02
    vertex    1.923648081719875e-02    5.153871774673462e-01    1.235666032880545e-02
  endloop
endfacet
facet normal   -3.177328042161085e-02    4.343210638889242e-01    9.001975739323244e-01
  outer loop
    vertex   -1.250149961560966e-02    5.145694017410278e-01    4.508302081376314e-03
    vertex   -1.308766007423402e-02    5.159375071525574e-01    3.827539039775729e-03
    vertex   -1.423982996493579e-02    5.151258707046509e-01    4.178464878350496e-03
  endloop
endfacet
facet normal   -4.407016150141520e-01    3.024011943654851e-01    8.451837694668811e-01
  outer loop
    vertex    2.683663042262196e-03    5.123543143272400e-01    1.062207017093897e-02
    vertex    4.201963078230619e-03    5.133985280990601e-01    1.104013994336128e-02
    vertex   -5.095848813653007e-03    5.133427977561951e-01    6.211949978023767e-03
  endloop
endfacet
facet normal   -2.476014977246995e-01    8.204745839690226e-01    5.152814331851526e-01
  outer loop
    vertex    4.461480770260095e-03    5.139006972312927e-01    1.082576997578144e-02
    vertex    4.812190018128594e-04    5.142139196395874e-01    8.414447307586670e-03
    vertex   -4.501237068325282e-03    5.142948031425476e-01    5.891502834856510e-03
  endloop
endfacet
facet normal   -3.573612139115965e-01    8.923726073992777e-01   -2.756158419885271e-01
  outer loop
    vertex    1.940719038248062e-02    5.188732147216797e-01    1.888223923742771e-02
    vertex    1.402300037443638e-02    5.177041292190552e-01    2.207813970744610e-02
    vertex    1.939653977751732e-02    5.196928977966309e-01    2.154996991157532e-02
  endloop
endfacet
facet normal   -3.008200726973265e-01   -9.452549087511406e-01    1.264928509610241e-01
  outer loop
    vertex    2.183490060269832e-02    5.022218227386475e-01    5.170462187379599e-03
    vertex    3.373361006379128e-02    4.988031089305878e-01    7.920140400528908e-03
    vertex    3.165875002741814e-02    4.995625913143159e-01    8.661248721182346e-03
  endloop
endfacet
facet normal   -8.034133916667457e-02   -9.644830216250165e-01    2.516302251677711e-01
  outer loop
    vertex   -3.668138058856131e-03    5.086184144020081e-01    6.628030911087990e-03
    vertex    1.243246020749210e-03    5.085777044296265e-01    8.040115237236023e-03
    vertex   -3.029643092304469e-03    5.089172124862671e-01    7.977166213095188e-03
  endloop
endfacet
facet normal   -2.610731793447920e-02   -8.387136329567098e-01    5.439465505385853e-01
  outer loop
    vertex   -1.946504972875120e-02    5.092713236808777e-01    5.505872890353203e-03
    vertex   -2.319715917110445e-02    5.091546177864075e-01    5.146796815097332e-03
    vertex   -1.922171935439112e-02    5.089222788810730e-01    4.979358054697514e-03
  endloop
endfacet
facet normal   -3.037273810121586e-01   -9.436381798251402e-01    1.315167806775674e-01
  outer loop
    vertex   -5.248043220490232e-03    5.087845921516418e-01    6.198278162628412e-03
    vertex   -6.664137821644559e-03    5.092095136642456e-01    5.976750981062651e-03
    vertex   -5.088196136057392e-03    5.085800886154175e-01    5.100111011415720e-03
  endloop
endfacet
facet normal   -7.443266348950892e-01   -6.649167515752369e-01   -6.215765488165894e-02
  outer loop
    vertex    2.062156982719898e-02    5.020624995231628e-01    8.801474905340001e-05
    vertex    2.041103877127170e-02    5.023064017295837e-01   -3.293105388311276e-23
    vertex    2.059766463935375e-02    5.020974874496460e-01    1.354923415563114e-19
  endloop
endfacet
facet normal   -2.639479098548525e-01   -9.642257705819928e-01    2.449824950515573e-02
  outer loop
    vertex    2.502463012933731e-02    5.012608170509338e-01    4.475766792893410e-03
    vertex    2.279775962233543e-02    5.018467903137207e-01    3.546423045918345e-03
    vertex    3.402991965413094e-02    4.987544119358063e-01    2.850627992302179e-03
  endloop
endfacet
facet normal   -2.532939319320920e-01   -9.548913717454319e-01    1.549988781008044e-01
  outer loop
    vertex    2.279775962233543e-02    5.018467903137207e-01    3.546423045918345e-03
    vertex    2.247931994497776e-02    5.014613866806030e-01    6.517089204862714e-04
    vertex    3.402991965413094e-02    4.987544119358063e-01    2.850627992302179e-03
  endloop
endfacet
facet normal    2.682676710599451e-01   -9.633393849129623e-01   -3.112256350076324e-03
  outer loop
    vertex    5.190392024815082e-03    5.075812935829163e-01    1.280543021857738e-02
    vertex    8.077053353190422e-03    5.083801150321960e-01    1.436755992472172e-02
    vertex    7.324838079512118e-03    5.081685185432434e-01    1.502437982708216e-02
  endloop
endfacet
facet normal   -4.094771174605712e-02   -9.326749578570411e-01    3.583862551621204e-01
  outer loop
    vertex    1.134038995951414e-02    5.088201761245728e-01    1.159191969782114e-02
    vertex    1.963049918413162e-02    5.114349126815796e-01    1.934378035366535e-02
    vertex    1.803738996386528e-02    5.111879706382751e-01    1.851910911500454e-02
  endloop
endfacet
facet normal    1.383444590384087e-02   -9.649115354871383e-01    2.622104818469067e-01
  outer loop
    vertex    1.803738996386528e-02    5.111879706382751e-01    1.851910911500454e-02
    vertex    1.963049918413162e-02    5.114349126815796e-01    1.934378035366535e-02
    vertex    1.948300004005432e-02    5.117186903953552e-01    2.039583958685398e-02
  endloop
endfacet
facet normal   -6.773608441268806e-01    6.910889137166900e-01    2.521475761961740e-01
  outer loop
    vertex    2.407185919582843e-02    5.162823796272278e-01    1.656218990683556e-02
    vertex    2.698398940265178e-02    5.195289254188538e-01    1.548707019537687e-02
    vertex    2.279286086559295e-02    5.162096023559570e-01    1.332580018788576e-02
  endloop
endfacet
facet normal    8.313617474502937e-01   -2.990062760291124e-01   -4.684366464865833e-01
  outer loop
    vertex    1.013823971152306e-02    5.105525851249695e-01    8.965279906988144e-03
    vertex    1.233275979757309e-02    5.166385769844055e-01    8.975292555987835e-03
    vertex    1.441635005176067e-02    5.189620852470398e-01    1.119005028158426e-02
  endloop
endfacet
facet normal   -1.458873945217620e-01   -2.702583289032474e-01   -9.516707959048003e-01
  outer loop
    vertex    1.653381064534187e-02    5.057209134101868e-01    1.026127021759748e-02
    vertex    1.122988015413284e-02    5.087721943855286e-01    1.020782999694347e-02
    vertex    1.756390929222107e-02    5.055704116821289e-01    1.014610007405281e-02
  endloop
endfacet
facet normal    1.294595047903313e-01    7.093898417237369e-01    6.928248617642222e-01
  outer loop
    vertex   -2.501174993813040e-02    5.166527032852173e-01    4.301215056329966e-03
    vertex   -2.368368953466417e-02    5.175381898880005e-01    3.146399045363069e-03
    vertex   -2.366534993052484e-02    5.199447274208069e-01    6.788959144614637e-04
  endloop
endfacet
facet normal   -8.166639234863375e-01    4.167029168498664e-01    3.992727328089348e-01
  outer loop
    vertex    9.201891720294952e-03    5.138096213340759e-01    1.806961931288242e-02
    vertex    1.083584968000650e-02    5.158203840255737e-01    1.931313984096050e-02
    vertex    7.860910147428513e-03    5.138102769851685e-01    1.532611995935440e-02
  endloop
endfacet
facet normal   -2.997360730349329e-01    8.954647564332094e-01    3.290914105649224e-01
  outer loop
    vertex    2.187651954591274e-02    5.211409926414490e-01    2.394264936447144e-02
    vertex    2.109736949205398e-02    5.202677249908447e-01    2.560918033123016e-02
    vertex    2.292291074991226e-02    5.215607285499573e-01    2.375359088182449e-02
  endloop
endfacet
facet normal   -5.644071157988657e-02    9.981965224224457e-01    2.044868455651740e-02
  outer loop
    vertex   -7.414012216031561e-04    5.184369087219238e-01    5.342590884538367e-05
    vertex    1.002159994095564e-02    5.189617276191711e-01    4.141661804169416e-03
    vertex    5.652949213981628e-03    5.187873840332031e-01    5.942162824794650e-04
  endloop
endfacet
facet normal    3.503252219459194e-01    9.366171458041915e-01   -4.534429859659169e-03
  outer loop
    vertex    2.941320091485977e-02    5.151789188385010e-01    2.519988920539618e-04
    vertex    3.312677890062332e-02    5.137887001037598e-01   -2.713791385797604e-20
    vertex    2.981263399124145e-02    5.150282979011536e-01   -3.287818321454763e-23
  endloop
endfacet
facet normal    8.161583961278563e-01    3.806773221216168e-02    5.765729096950604e-01
  outer loop
    vertex    3.595849126577377e-02    5.102950930595398e-01    1.239036954939365e-02
    vertex    3.861476853489876e-02    5.096095800399780e-01    8.675579912960529e-03
    vertex    3.617145866155624e-02    5.116397142410278e-01    1.200012955814600e-02
  endloop
endfacet
facet normal   -1.092652718831284e-01   -8.395838004436844e-01    5.321279379931537e-01
  outer loop
    vertex    6.941035855561494e-03    5.082967877388000e-01    8.874407969415188e-03
    vertex    4.942369181662797e-03    5.081548094749451e-01    8.239997550845146e-03
    vertex    2.230704994872212e-03    5.054957866668701e-01    3.487826092168689e-03
  endloop
endfacet
facet normal   -4.925935484725998e-02   -9.803845759886841e-01    1.908391970312175e-01
  outer loop
    vertex   -2.274028956890108e-02    5.090231895446777e-01    4.589546937495470e-03
    vertex   -1.922171935439112e-02    5.089222788810730e-01    4.979358054697514e-03
    vertex   -2.319715917110445e-02    5.091546177864075e-01    5.146796815097332e-03
  endloop
endfacet
facet normal   -3.434100602440212e-01   -9.284342816811407e-01    1.417015000711778e-01
  outer loop
    vertex    2.062156982719898e-02    5.020624995231628e-01    8.801474905340001e-05
    vertex    2.247931994497776e-02    5.014613866806030e-01    6.517089204862714e-04
    vertex    2.080786041915416e-02    5.025287270545959e-01    3.594228066504002e-03
  endloop
endfacet
facet normal    9.149680809111183e-01   -3.483505495162745e-01    2.036794186105579e-01
  outer loop
    vertex    3.811885043978691e-02    4.998156130313874e-01    3.157248022034764e-03
    vertex    3.716060891747475e-02    5.004010200500488e-01    8.463072590529919e-03
    vertex    3.678119927644730e-02    4.994775950908661e-01    8.588132448494434e-03
  endloop
endfacet
facet normal   -5.510996042866957e-01    4.016622638912367e-01   -7.314073091792384e-01
  outer loop
    vertex    1.983319036662578e-02    5.042805075645447e-01    2.825554984156042e-04
    vertex    2.555865049362182e-02    5.154983997344971e-01    2.129002939909697e-03
    vertex    2.295456081628799e-02    5.091158747673035e-01    5.860779201611876e-04
  endloop
endfacet
facet normal    8.465282558046943e-01   -5.322265835559958e-01    1.117031246539814e-02
  outer loop
    vertex    4.368814174085855e-03    5.064924955368042e-01    2.332745934836566e-04
    vertex    4.311296157538890e-03    5.063961148262024e-01   -3.302159215637667e-23
    vertex    4.348395857959985e-03    5.064551234245300e-01   -3.302138352306446e-23
  endloop
endfacet
facet normal   -5.073499511949358e-01    4.190594773696926e-01    7.529841840630760e-01
  outer loop
    vertex    2.783616073429584e-02    5.146828293800354e-01    1.242906000697985e-04
    vertex    2.770722843706607e-02    5.147500634193420e-01   -3.289002314178991e-23
    vertex    2.745437249541282e-02    5.144439339637756e-01   -3.289144509864049e-23
  endloop
endfacet
facet normal    6.138908774550378e-01    1.287983986576320e-01    7.788125339776661e-01
  outer loop
    vertex    3.595849126577377e-02    5.102950930595398e-01    1.239036954939365e-02
    vertex    3.617145866155624e-02    5.116397142410278e-01    1.200012955814600e-02
    vertex    3.520777076482773e-02    5.108017921447754e-01    1.289832033216953e-02
  endloop
endfacet
facet normal    4.705292245704399e-01    8.667615684208638e-01   -1.653076898808548e-01
  outer loop
    vertex    3.534428030252457e-02    5.136123895645142e-01    1.027362979948521e-02
    vertex    2.921682037413120e-02    5.163341164588928e-01    7.103416137397289e-03
    vertex    3.446371108293533e-02    5.142139792442322e-01    1.092152018100023e-02
  endloop
endfacet
facet normal    5.798887788072643e-01    6.962653655888807e-01   -4.230171921976718e-01
  outer loop
    vertex    2.921682037413120e-02    5.163341164588928e-01    7.103416137397289e-03
    vertex    2.696930058300495e-02    5.171837210655212e-01    5.420833826065063e-03
    vertex    2.813467010855674e-02    5.171440243721008e-01    6.953029893338680e-03
  endloop
endfacet
facet normal    8.341381644468698e-01    1.334499990109332e-01    5.351678431830414e-01
  outer loop
    vertex    2.165465056896209e-02    5.197625756263733e-01    2.486653998494148e-02
    vertex    2.109736949205398e-02    5.202677249908447e-01    2.560918033123016e-02
    vertex    2.147966064512729e-02    5.192720293998718e-01    2.526161074638367e-02
  endloop
endfacet
facet normal    9.118396854083768e-01    3.923209240294733e-01   -1.209656177722111e-01
  outer loop
    vertex    2.109736949205398e-02    5.202677249908447e-01    2.560918033123016e-02
    vertex    2.274635992944240e-02    5.171573162078857e-01    2.795146964490414e-02
    vertex    2.147966064512729e-02    5.192720293998718e-01    2.526161074638367e-02
  endloop
endfacet
facet normal   -5.000286468570317e-01    8.474022064710149e-01    1.785521010528337e-01
  outer loop
    vertex    2.179875038564205e-02    5.156567096710205e-01    1.316583994776011e-02
    vertex    2.407185919582843e-02    5.162823796272278e-01    1.656218990683556e-02
    vertex    2.279286086559295e-02    5.162096023559570e-01    1.332580018788576e-02
  endloop
endfacet
facet normal   -8.708723228048408e-01    4.632585442659445e-01   -1.642343403101156e-01
  outer loop
    vertex    1.976766996085643e-02    5.046588778495789e-01    8.345182868652046e-04
    vertex    2.419858053326606e-02    5.136718153953552e-01    2.762025920674205e-03
    vertex    2.553009986877441e-02    5.161752104759216e-01    2.762852935120463e-03
  endloop
endfacet
facet normal   -1.149497779078779e-01    7.560289463649296e-01    6.443654093891632e-01
  outer loop
    vertex   -2.415608055889608e-02    5.203580856323242e-01    1.063633972080424e-04
    vertex   -2.501174993813040e-02    5.166527032852173e-01    4.301215056329966e-03
    vertex   -2.366534993052484e-02    5.199447274208069e-01    6.788959144614637e-04
  endloop
endfacet
facet normal   -7.098463865546708e-01    6.159966729318240e-01    3.415643518170484e-01
  outer loop
    vertex    6.727925036102532e-03    5.144317746162415e-01    1.201520022004843e-02
    vertex    6.683453917503356e-03    5.137400031089783e-01    1.317035965621471e-02
    vertex    8.306226693093777e-03    5.150607228279114e-01    1.416097953915596e-02
  endloop
endfacet
facet normal   -5.633025825846335e-01    4.725138097121898e-04    8.262505535152045e-01
  outer loop
    vertex    2.059151884168386e-03    5.079060792922974e-01    1.140076015144587e-02
    vertex    3.609081963077187e-03    5.073407292366028e-01    1.245776005089283e-02
    vertex    3.483273088932036e-03    5.082656145095825e-01    1.237145997583866e-02
  endloop
endfacet
facet normal   -8.450854003786165e-01    5.071370421232697e-01    1.692415036962698e-01
  outer loop
    vertex    3.865177975967526e-03    5.071604847908020e-01    1.427664980292320e-02
    vertex    4.364395048469304e-03    5.082591176033020e-01    1.347734034061432e-02
    vertex    3.609081963077187e-03    5.073407292366028e-01    1.245776005089283e-02
  endloop
endfacet
facet normal   -3.194526919553243e-01    1.222547171227508e-01    9.396827984717678e-01
  outer loop
    vertex    1.963616907596588e-02    5.106220841407776e-01    2.986934967339039e-02
    vertex    1.828661002218723e-02    5.159763097763062e-01    2.871396020054817e-02
    vertex    1.688545010983944e-02    5.165671110153198e-01    2.816076017916203e-02
  endloop
endfacet
facet normal    3.537601842325863e-01    3.431154980228646e-01    8.701295806190295e-01
  outer loop
    vertex    2.202685922384262e-02    5.179687738418579e-01    2.792401053011417e-02
    vertex    2.202307060360908e-02    5.171329975128174e-01    2.825511991977692e-02
    vertex    2.274635992944240e-02    5.171573162078857e-01    2.795146964490414e-02
  endloop
endfacet
facet normal    4.219834942646509e-01    8.409626992618787e-01    3.386911115136773e-01
  outer loop
    vertex    1.345933973789215e-02    5.174612998962402e-01    2.093999087810516e-02
    vertex    1.586068980395794e-02    5.195869207382202e-01    1.267021987587214e-02
    vertex    1.521954033523798e-02    5.197960138320923e-01    1.294986996799707e-02
  endloop
endfacet
facet normal   -1.735073540229668e-01    9.465209151396980e-01   -2.720171967046522e-01
  outer loop
    vertex    1.713564060628414e-02    5.166277885437012e-01    1.569472998380661e-02
    vertex    1.345933973789215e-02    5.174612998962402e-01    2.093999087810516e-02
    vertex    1.541842985898256e-02    5.175796151161194e-01    2.010207064449787e-02
  endloop
endfacet
facet normal   -3.395985897749431e-01   -3.691987342839692e-01    8.650809744908191e-01
  outer loop
    vertex    2.782735973596573e-02    5.066941976547241e-01    1.768972910940647e-02
    vertex    2.852552011609077e-02    5.018926262855530e-01    1.591458916664124e-02
    vertex    2.963542938232422e-02    5.015076994895935e-01    1.618601940572262e-02
  endloop
endfacet
facet normal    7.862845649949284e-01    4.784768964931876e-02    6.160090757821339e-01
  outer loop
    vertex    2.274635992944240e-02    5.171573162078857e-01    2.795146964490414e-02
    vertex    2.189858071506023e-02    5.111845135688782e-01    2.949751913547516e-02
    vertex    2.257880009710788e-02    5.120173096656799e-01    2.856458909809589e-02
  endloop
endfacet
facet normal   -3.645326929120253e-01   -6.973069017910756e-01    6.171539520353397e-01
  outer loop
    vertex    1.277625001966953e-02    5.084761977195740e-01    1.169408019632101e-02
    vertex    1.888353005051613e-02    5.053542852401733e-01    1.177407987415791e-02
    vertex    1.952325925230980e-02    5.098723173141479e-01    1.725675910711288e-02
  endloop
endfacet
facet normal   -4.804396048701764e-01    8.209738960556885e-01    3.085119901516509e-01
  outer loop
    vertex    9.518437087535858e-03    5.184429883956909e-01    5.686664022505283e-03
    vertex    6.727925036102532e-03    5.144317746162415e-01    1.201520022004843e-02
    vertex    1.057089027017355e-02    5.187929868698120e-01    6.394255906343460e-03
  endloop
endfacet
facet normal    3.239477057677560e-01    9.455791138057432e-01   -3.062716869305206e-02
  outer loop
    vertex    2.941320091485977e-02    5.151789188385010e-01    2.519988920539618e-04
    vertex    2.970845811069011e-02    5.150696039199829e-01   -3.287876905648361e-23
    vertex    2.883942052721977e-02    5.153673291206360e-01   -3.288365616333417e-23
  endloop
endfacet
facet normal    6.021898270266665e-01    7.979015208103331e-01   -2.684353393559053e-02
  outer loop
    vertex    3.951914981007576e-02    5.109689831733704e-01    4.014066071249545e-04
    vertex    3.945710882544518e-02    5.110023021697998e-01   -9.677846824285289e-21
    vertex    3.940458968281746e-02    5.110419392585754e-01   -3.282424203483872e-23
  endloop
endfacet
facet normal   -6.236475067152619e-01   -7.131889731584896e-01    3.200394912084701e-01
  outer loop
    vertex   -2.319715917110445e-02    5.091546177864075e-01    5.146796815097332e-03
    vertex   -2.648363076150419e-02    5.117713212966919e-01    4.573755897581577e-03
    vertex   -2.662382088601591e-02    5.114446878433228e-01    3.572690067812800e-03
  endloop
endfacet
facet normal    9.948903869219377e-01   -1.176142749659806e-02    1.002735599924491e-01
  outer loop
    vertex    3.983663395047188e-02    5.099306702613831e-01   -3.282181239693424e-23
    vertex    3.907902911305428e-02    5.095481872558594e-01    7.471912074834108e-03
    vertex    3.982373699545860e-02    5.088397264480591e-01   -3.282188492387242e-23
  endloop
endfacet
facet normal    8.229114214156433e-01   -2.331229664875859e-02    5.676912271020628e-01
  outer loop
    vertex    3.690310940146446e-02    5.092357993125916e-01    1.114141009747982e-02
    vertex    3.456494957208633e-02    5.016670823097229e-01    1.421993970870972e-02
    vertex    3.861476853489876e-02    5.096095800399780e-01    8.675579912960529e-03
  endloop
endfacet
facet normal    8.363426920939646e-01    2.290534084974776e-01    4.980616803536562e-01
  outer loop
    vertex    3.585769981145859e-02    5.127604007720947e-01    1.201159972697496e-02
    vertex    3.617145866155624e-02    5.116397142410278e-01    1.200012955814600e-02
    vertex    3.884553909301758e-02    5.108528137207031e-01    7.871714420616627e-03
  endloop
endfacet
facet normal    3.685562391061555e-01    9.216109061707156e-01   -1.216537555652056e-01
  outer loop
    vertex    2.885477989912033e-02    5.161361098289490e-01    3.887210041284561e-03
    vertex    2.835699915885925e-02    5.165281891822815e-01    5.349428858608007e-03
    vertex    3.815213963389397e-02    5.120205879211426e-01    8.761239005252719e-04
  endloop
endfacet
facet normal   -2.526223881477443e-01    8.774410559529292e-01    4.077733712918719e-01
  outer loop
    vertex    2.789106033742427e-02    5.195267796516418e-01    1.592898927628994e-02
    vertex    2.892502024769783e-02    5.205361247062683e-01    1.439765002578497e-02
    vertex    2.825723029673099e-02    5.203620195388794e-01    1.435858011245728e-02
  endloop
endfacet
facet normal    1.339022779265889e-01   -9.142542400638702e-01    3.823733313024143e-01
  outer loop
    vertex    2.743134042248129e-03    5.051230788230896e-01    2.756125060841441e-03
    vertex    8.810545317828655e-03    5.086743831634521e-01    9.122559800744057e-03
    vertex    6.941035855561494e-03    5.082967877388000e-01    8.874407969415188e-03
  endloop
endfacet
facet normal    1.440802011209076e-01   -9.895635027734923e-01    2.229265263598514e-03
  outer loop
    vertex   -1.922171935439112e-02    5.089222788810730e-01    4.979358054697514e-03
    vertex   -1.892279647290708e-02    5.089545845985413e-01   -3.315225105378369e-23
    vertex   -1.759806461632253e-02    5.091474652290344e-01    1.351938235475731e-20
  endloop
endfacet
facet normal    9.286225662314016e-01    2.202313769285348e-01   -2.985938212722559e-01
  outer loop
    vertex    2.147966064512729e-02    5.192720293998718e-01    2.526161074638367e-02
    vertex    2.247063070535659e-02    5.174130201339722e-01    2.697237953543663e-02
    vertex    2.132873982191085e-02    5.153378248214722e-01    2.189053036272526e-02
  endloop
endfacet
facet normal    1.650272898557693e-01   -9.862867924834263e-01    2.087241149175039e-03
  outer loop
    vertex   -1.346882525831462e-02    5.098376274108887e-01   -3.312158018271277e-23
    vertex   -1.384092960506679e-02    5.097864866256714e-01    5.254731047898531e-03
    vertex   -1.749775931239130e-02    5.091634988784790e-01    2.574648717280712e-19
  endloop
endfacet
facet normal    8.249532234872843e-01   -5.321543984819161e-01    1.904307623108427e-01
  outer loop
    vertex    3.777178004384041e-02    4.989860951900483e-01    2.923414111137390e-03
    vertex    3.678119927644730e-02    4.994775950908661e-01    8.588132448494434e-03
    vertex    3.648447990417480e-02    4.990251958370209e-01    8.609312586486340e-03
  endloop
endfacet
facet normal    8.850248215648827e-01   -4.242985002509082e-01    1.915772635227821e-01
  outer loop
    vertex    3.777178004384041e-02    4.989860951900483e-01    2.923414111137390e-03
    vertex    3.811885043978691e-02    4.998156130313874e-01    3.157248022034764e-03
    vertex    3.678119927644730e-02    4.994775950908661e-01    8.588132448494434e-03
  endloop
endfacet
facet normal    7.488007364140983e-01   -4.692065541986297e-01    4.681267634335303e-01
  outer loop
    vertex    3.648447990417480e-02    4.990251958370209e-01    8.609312586486340e-03
    vertex    3.678119927644730e-02    4.994775950908661e-01    8.588132448494434e-03
    vertex    3.385047987103462e-02    5.008664727210999e-01    1.466809958219528e-02
  endloop
endfacet
facet normal   -5.158851436441186e-01    7.153779853959580e-01   -4.712715316864657e-01
  outer loop
    vertex    2.670178934931755e-02    5.181788802146912e-01    7.216874044388533e-03
    vertex    2.500195987522602e-02    5.184034109115601e-01    9.418452158570290e-03
    vertex    2.734722010791301e-02    5.215693116188049e-01    1.165692973881960e-02
  endloop
endfacet
facet normal    4.867617613366972e-01    6.739556960246557e-01    5.557397839783634e-01
  outer loop
    vertex    2.549012936651706e-02    5.114973783493042e-01    2.580641023814678e-02
    vertex    2.414307929575443e-02    5.132201910018921e-01    2.489697933197021e-02
    vertex    2.249878086149692e-02    5.108107924461365e-01    2.925910986959934e-02
  endloop
endfacet
facet normal   -4.928379420325605e-01    8.573383037007352e-01    1.485994478477513e-01
  outer loop
    vertex    1.439278014004230e-02    5.195503234863281e-01    1.282783038914204e-02
    vertex    1.222412008792162e-02    5.174180269241333e-01    1.793755032122135e-02
    vertex    1.257750019431114e-02    5.170444846153259e-01    2.126469090580940e-02
  endloop
endfacet
facet normal   -5.831535182694166e-02    1.281006156444912e-01    9.900452272562109e-01
  outer loop
    vertex   -1.946504972875120e-02    5.092713236808777e-01    5.505872890353203e-03
    vertex   -1.248050015419723e-02    5.107465982437134e-01    5.726390983909369e-03
    vertex   -1.782372035086157e-02    5.101531147956848e-01    5.488456226885319e-03
  endloop
endfacet
facet normal   -8.266916737789937e-01    3.505559997383061e-01    4.401038145164872e-01
  outer loop
    vertex    7.860910147428513e-03    5.138102769851685e-01    1.532611995935440e-02
    vertex    1.083584968000650e-02    5.158203840255737e-01    1.931313984096050e-02
    vertex    6.683453917503356e-03    5.137400031089783e-01    1.317035965621471e-02
  endloop
endfacet
facet normal   -7.755684300855212e-01    6.242278313895451e-01    9.398523699701815e-02
  outer loop
    vertex    8.948955684900284e-03    5.122972726821899e-01    2.333620935678482e-02
    vertex    1.031207013875246e-02    5.144624114036560e-01    2.020432054996490e-02
    vertex    4.819435067474841e-03    5.084279179573059e-01    1.495864987373352e-02
  endloop
endfacet
facet normal   -8.280434878303025e-01    5.373564852784685e-01    1.599749667635491e-01
  outer loop
    vertex    8.948955684900284e-03    5.122972726821899e-01    2.333620935678482e-02
    vertex    4.819435067474841e-03    5.084279179573059e-01    1.495864987373352e-02
    vertex    3.865177975967526e-03    5.071604847908020e-01    1.427664980292320e-02
  endloop
endfacet
facet normal   -5.290838812657863e-01    1.309032817098181e-01    8.384119377861524e-01
  outer loop
    vertex    7.917420938611031e-03    5.093032121658325e-01    2.366705052554607e-02
    vertex    1.370809972286224e-02    5.140106081962585e-01    2.658630907535553e-02
    vertex    9.728330187499523e-03    5.127574801445007e-01    2.427051030099392e-02
  endloop
endfacet
facet normal   -3.932197616187621e-01   -3.369511500046249e-01    8.554777271110245e-01
  outer loop
    vertex    6.447175983339547e-03    5.081468224525452e-01    2.272449061274529e-02
    vertex    1.788284070789814e-02    5.102133750915527e-01    2.879484929144382e-02
    vertex    1.842927001416683e-02    5.109646916389465e-01    2.934193983674049e-02
  endloop
endfacet
facet normal   -2.290007270228810e-01    9.292529868730354e-01   -2.899095607435778e-01
  outer loop
    vertex    1.713564060628414e-02    5.166277885437012e-01    1.569472998380661e-02
    vertex    1.541842985898256e-02    5.175796151161194e-01    2.010207064449787e-02
    vertex    1.793944090604782e-02    5.167816281318665e-01    1.555291004478931e-02
  endloop
endfacet
facet normal   -3.074571951201888e-01   -9.379765289191374e-01    1.602189263652470e-01
  outer loop
    vertex    3.051885962486267e-02    5.006440281867981e-01    1.282185036689043e-02
    vertex    2.079840935766697e-02    5.035312175750732e-01    1.107108034193516e-02
    vertex    2.306563034653663e-02    5.023136734962463e-01    8.293915539979935e-03
  endloop
endfacet
facet normal   -4.161080329068327e-01   -8.341554145654045e-01    3.619928857058168e-01
  outer loop
    vertex    2.871029078960418e-02    5.014935135841370e-01    1.547016017138958e-02
    vertex    1.958180963993072e-02    5.040801167488098e-01    1.093745976686478e-02
    vertex    2.079840935766697e-02    5.035312175750732e-01    1.107108034193516e-02
  endloop
endfacet
facet normal   -6.400233755590840e-02   -9.977218357023411e-01    2.132696298421577e-02
  outer loop
    vertex    4.636384081095456e-03    5.084586143493652e-01    9.528736583888531e-03
    vertex   -3.029643092304469e-03    5.089172124862671e-01    7.977166213095188e-03
    vertex    6.941035855561494e-03    5.082967877388000e-01    8.874407969415188e-03
  endloop
endfacet
facet normal    3.243406725095185e-01   -9.284995309515837e-01   -1.808085981881463e-01
  outer loop
    vertex    2.106473036110401e-02    5.117728114128113e-01    2.420129068195820e-02
    vertex    1.931340992450714e-02    5.105149149894714e-01    2.751933969557285e-02
    vertex    2.000913955271244e-02    5.116518139839172e-01    2.292908914387226e-02
  endloop
endfacet
facet normal   -4.245279850630781e-01   -8.890700006167501e-01    1.712615657455433e-01
  outer loop
    vertex    2.199484035372734e-02    5.117092132568359e-01    2.083165012300014e-02
    vertex    2.778968960046768e-02    5.092133879661560e-01    2.223950996994972e-02
    vertex    2.184757962822914e-02    5.120127797126770e-01    2.204252034425735e-02
  endloop
endfacet
facet normal    9.821249201681782e-01   -1.790211615101532e-01    5.815552352275077e-02
  outer loop
    vertex    3.962820023298264e-02    5.079143047332764e-01    6.228900747373700e-04
    vertex    3.925860300660133e-02    5.056843161582947e-01   -3.282506300241048e-23
    vertex    3.979462385177612e-02    5.086249709129333e-01   -3.282204864407668e-23
  endloop
endfacet
facet normal    9.754480618318108e-01   -2.151488587923340e-01    4.703240615703407e-02
  outer loop
    vertex    3.810074925422668e-02    4.997049868106843e-01    1.413794001564384e-03
    vertex    3.821516036987305e-02    4.999146461486817e-01   -3.283093088987344e-23
    vertex    3.849393501877785e-02    5.011785626411438e-01   -3.282936317714077e-23
  endloop
endfacet
facet normal   -1.822798847562951e-01    7.650247888364751e-01   -6.176658611894771e-01
  outer loop
    vertex   -2.418015711009504e-02    5.202664732933044e-01    1.354920897444174e-19
    vertex   -2.415608055889608e-02    5.203580856323242e-01    1.063633972080424e-04
    vertex   -2.402180619537832e-02    5.203042030334473e-01    2.707187338636683e-20
  endloop
endfacet
facet normal   -3.986782994828379e-01    5.063806486162452e-01    7.646137928578475e-01
  outer loop
    vertex    4.461480770260095e-03    5.139006972312927e-01    1.082576997578144e-02
    vertex   -4.501237068325282e-03    5.142948031425476e-01    5.891502834856510e-03
    vertex   -5.095848813653007e-03    5.133427977561951e-01    6.211949978023767e-03
  endloop
endfacet
facet normal   -3.317426738192417e-01    9.013903806836608e-01   -2.782843509402301e-01
  outer loop
    vertex    1.940719038248062e-02    5.188732147216797e-01    1.888223923742771e-02
    vertex    1.939653977751732e-02    5.196928977966309e-01    2.154996991157532e-02
    vertex    2.190062962472438e-02    5.211616754531860e-01    2.332236059010029e-02
  endloop
endfacet
facet normal   -5.814389517554748e-01   -8.102092828400023e-01    7.409226262831879e-02
  outer loop
    vertex    2.080786041915416e-02    5.025287270545959e-01    3.594228066504002e-03
    vertex    1.958180963993072e-02    5.040801167488098e-01    1.093745976686478e-02
    vertex    1.884507015347480e-02    5.045930743217468e-01    1.076516043394804e-02
  endloop
endfacet
facet normal   -5.515860109360415e-01   -8.225092789034063e-01    1.386771742481933e-01
  outer loop
    vertex    2.080786041915416e-02    5.025287270545959e-01    3.594228066504002e-03
    vertex    1.995912939310074e-02    5.026171207427979e-01    7.426879019476473e-04
    vertex    2.062156982719898e-02    5.020624995231628e-01    8.801474905340001e-05
  endloop
endfacet
facet normal    1.228919814450791e-01   -9.693934062100188e-01    2.125417250636676e-01
  outer loop
    vertex    1.134038995951414e-02    5.088201761245728e-01    1.159191969782114e-02
    vertex    1.803738996386528e-02    5.111879706382751e-01    1.851910911500454e-02
    vertex    1.616224087774753e-02    5.107297897338867e-01    1.751358062028885e-02
  endloop
endfacet
facet normal    6.004518973706386e-01    7.946045731113140e-01    8.978358054001992e-02
  outer loop
    vertex    3.835314139723778e-02    5.116484761238098e-01    7.532129064202309e-03
    vertex    3.534428030252457e-02    5.136123895645142e-01    1.027362979948521e-02
    vertex    3.602961823344231e-02    5.130072236061096e-01    1.104610040783882e-02
  endloop
endfacet
facet normal   -3.094818810331285e-01    7.958451849058817e-01    5.204338641694248e-01
  outer loop
    vertex    2.091114036738872e-02    5.198221206665039e-01    2.620228938758373e-02
    vertex    1.734595000743866e-02    5.173031091690063e-01    2.793426997959614e-02
    vertex    1.813058927655220e-02    5.173937082290649e-01    2.826232090592384e-02
  endloop
endfacet
facet normal    5.936155913402420e-02   -9.148596362727323e-01   -3.993845906092295e-01
  outer loop
    vertex    2.597291953861713e-03    5.075830817222595e-01    1.123122032731771e-02
    vertex    4.636384081095456e-03    5.084586143493652e-01    9.528736583888531e-03
    vertex    7.996380329132080e-03    5.084993243217468e-01    9.934888221323490e-03
  endloop
endfacet
facet normal   -4.515172357963310e-01   -8.922578790188577e-01   -2.839561164995747e-03
  outer loop
    vertex   -2.352255024015905e-02    5.092999935150146e-01    4.582722205668688e-03
    vertex   -2.358489669859411e-02    5.093461275100708e-01   -3.317846877113454e-23
    vertex   -2.334308065474035e-02    5.092237591743469e-01   -3.317710889801418e-23
  endloop
endfacet
facet normal   -1.452530371829771e-01   -9.887812528739649e-01    3.483086496360349e-02
  outer loop
    vertex    3.445696830749512e-02    4.986596107482911e-01    8.841619273880497e-05
    vertex    3.443191200494766e-02    4.986601769924164e-01   -3.285220630878234e-23
    vertex    3.453679755330086e-02    4.986447691917420e-01   -3.285161647597200e-23
  endloop
endfacet
facet normal    9.807766673942490e-01   -1.506825158367123e-01    1.239834993704798e-01
  outer loop
    vertex    3.846364095807076e-02    5.040658712387085e-01    5.595291033387184e-03
    vertex    3.811885043978691e-02    4.998156130313874e-01    3.157248022034764e-03
    vertex    3.915327042341232e-02    5.083509087562561e-01    5.347739905118942e-03
  endloop
endfacet
facet normal    5.794904043996104e-01   -6.227151944828857e-02    8.125965352340467e-01
  outer loop
    vertex    3.385047987103462e-02    5.008664727210999e-01    1.466809958219528e-02
    vertex    3.456494957208633e-02    5.016670823097229e-01    1.421993970870972e-02
    vertex    3.396080061793327e-02    5.022956728935242e-01    1.469894964247942e-02
  endloop
endfacet
facet normal    2.767775167342255e-01   -1.766590163690813e-01    9.445558735013743e-01
  outer loop
    vertex    2.993699908256530e-02    5.027871131896973e-01    1.656972989439964e-02
    vertex    3.092627041041851e-02    5.027465820312500e-01    1.627226918935776e-02
    vertex    2.885773032903671e-02    5.071154832839966e-01    1.769551075994968e-02
  endloop
endfacet
facet normal    5.541626920698742e-01    6.307535462000432e-01   -5.431884338550846e-01
  outer loop
    vertex    2.813467010855674e-02    5.171440243721008e-01    6.953029893338680e-03
    vertex    2.724340930581092e-02    5.179644823074341e-01    6.996483076363802e-03
    vertex    2.814083918929100e-02    5.214725732803345e-01    1.198565959930420e-02
  endloop
endfacet
facet normal    3.315326853679192e-01    7.426676167921943e-01   -5.818340738569192e-01
  outer loop
    vertex    2.724340930581092e-02    5.179644823074341e-01    6.996483076363802e-03
    vertex    2.734722010791301e-02    5.215693116188049e-01    1.165692973881960e-02
    vertex    2.814083918929100e-02    5.214725732803345e-01    1.198565959930420e-02
  endloop
endfacet
facet normal    3.683120643730851e-01   -9.037998674877262e-01    2.179266453795975e-01
  outer loop
    vertex    2.885773032903671e-02    5.071154832839966e-01    1.769551075994968e-02
    vertex    2.823504060506820e-02    5.070742964744568e-01    1.857708953320980e-02
    vertex    2.782735973596573e-02    5.066941976547241e-01    1.768972910940647e-02
  endloop
endfacet
facet normal    2.646891227801929e-01    5.308021567150651e-01    8.051016946376944e-01
  outer loop
    vertex    2.969129011034965e-02    5.139409899711609e-01    1.728866063058376e-02
    vertex    2.690847963094711e-02    5.133354067802429e-01    1.860281080007553e-02
    vertex    2.964068949222564e-02    5.128455162048340e-01    1.802754029631615e-02
  endloop
endfacet
facet normal    1.001247371395933e-01    3.810433379468288e-01    9.191196938479048e-01
  outer loop
    vertex    2.690847963094711e-02    5.133354067802429e-01    1.860281080007553e-02
    vertex    2.789106033742427e-02    5.195267796516418e-01    1.592898927628994e-02
    vertex    2.612774074077606e-02    5.133033990859985e-01    1.870113052427769e-02
  endloop
endfacet
facet normal    3.949544583196075e-02    3.972210194453893e-01    9.168727127956749e-01
  outer loop
    vertex    2.789106033742427e-02    5.195267796516418e-01    1.592898927628994e-02
    vertex    2.718753926455974e-02    5.192543268203735e-01    1.607733033597469e-02
    vertex    2.612774074077606e-02    5.133033990859985e-01    1.870113052427769e-02
  endloop
endfacet
facet normal    3.922963931142064e-02    5.078651413638848e-01    8.605428714404280e-01
  outer loop
    vertex    2.386845089495182e-02    5.138723254203796e-01    1.799380034208298e-02
    vertex    2.407185919582843e-02    5.162823796272278e-01    1.656218990683556e-02
    vertex    2.352211065590381e-02    5.159273147583008e-01    1.679679937660694e-02
  endloop
endfacet
facet normal    6.105414316674426e-01    4.530341311556510e-01   -6.496146828894140e-01
  outer loop
    vertex    2.068915963172912e-02    5.187873244285583e-01    1.941962912678719e-02
    vertex    2.040502987802028e-02    5.192747712135315e-01    1.949252933263779e-02
    vertex    2.297431975603103e-02    5.209317803382874e-01    2.306286059319973e-02
  endloop
endfacet
facet normal    9.692319281537762e-01   -1.578878967396230e-01   -1.888408894028283e-01
  outer loop
    vertex    2.131555043160915e-02    5.162631273269653e-01    2.104919962584972e-02
    vertex    2.143494971096515e-02    5.161905288696289e-01    2.172271907329559e-02
    vertex    2.132873982191085e-02    5.153378248214722e-01    2.189053036272526e-02
  endloop
endfacet
facet normal    9.635053402271424e-01   -2.077908563366665e-01    1.687614273957571e-01
  outer loop
    vertex    2.165465056896209e-02    5.197625756263733e-01    2.486653998494148e-02
    vertex    2.147966064512729e-02    5.192720293998718e-01    2.526161074638367e-02
    vertex    2.143494971096515e-02    5.161905288696289e-01    2.172271907329559e-02
  endloop
endfacet
facet normal    7.235903675318995e-01   -1.809702320169949e-01    6.660831443136552e-01
  outer loop
    vertex    2.305487915873527e-02    5.210747122764587e-01    2.370191924273968e-02
    vertex    2.109736949205398e-02    5.202677249908447e-01    2.560918033123016e-02
    vertex    2.165465056896209e-02    5.197625756263733e-01    2.486653998494148e-02
  endloop
endfacet
facet normal    2.698133313931142e-01    9.500155242477787e-01   -1.570709072068023e-01
  outer loop
    vertex    2.696930058300495e-02    5.171837210655212e-01    5.420833826065063e-03
    vertex    2.611717022955417e-02    5.170075297355652e-01    2.891398966312408e-03
    vertex    2.500195987522602e-02    5.184034109115601e-01    9.418452158570290e-03
  endloop
endfacet
facet normal   -8.905959605406122e-01    4.507599162734271e-01   -6.045107898058844e-02
  outer loop
    vertex    1.976766996085643e-02    5.046588778495789e-01    8.345182868652046e-04
    vertex    2.023988030850887e-02    5.059673190116882e-01    3.634206950664520e-03
    vertex    2.419858053326606e-02    5.136718153953552e-01    2.762025920674205e-03
  endloop
endfacet
facet normal   -9.873725922376614e-01   -1.253434704475107e-01    9.687300198742248e-02
  outer loop
    vertex    1.959276013076305e-02    5.033823251724243e-01    8.035951177589595e-04
    vertex    1.990550942718982e-02    5.032970905303955e-01    3.880989970639348e-03
    vertex    1.974599994719028e-02    5.048682093620300e-01    4.288061056286097e-03
  endloop
endfacet
facet normal   -6.779488415592688e-01    2.993857983536479e-01    6.713817930005209e-01
  outer loop
    vertex    2.209624089300632e-02    5.129743814468384e-01    9.956326335668564e-03
    vertex    2.150944061577320e-02    5.097879171371460e-01    1.078470982611179e-02
    vertex    2.360356971621513e-02    5.159798860549927e-01    1.013816986232996e-02
  endloop
endfacet
facet normal   -1.836662930821203e-01    1.978459705564722e-01   -9.628726108473749e-01
  outer loop
    vertex    1.870699971914291e-02    5.048571228981018e-01    9.781494736671448e-03
    vertex    1.756390929222107e-02    5.055704116821289e-01    1.014610007405281e-02
    vertex    1.869750022888183e-02    5.063130855560303e-01    1.008247025310993e-02
  endloop
endfacet
facet normal    4.850805493752729e-01   -4.647915137189750e-02   -8.732333875348168e-01
  outer loop
    vertex    1.112576015293598e-02    5.091301202774048e-01    1.019860990345478e-02
    vertex    1.062158029526472e-02    5.098829865455627e-01    9.878465905785561e-03
    vertex    1.508282031863928e-02    5.190511941909790e-01    1.186869014054537e-02
  endloop
endfacet
facet normal    6.877796664976257e-01    8.070565455429284e-02   -7.214192454290209e-01
  outer loop
    vertex    1.508282031863928e-02    5.190511941909790e-01    1.186869014054537e-02
    vertex    1.496329996734858e-02    5.198209881782532e-01    1.184086035937071e-02
    vertex    1.586068980395794e-02    5.195869207382202e-01    1.267021987587214e-02
  endloop
endfacet
facet normal    7.054072358020151e-01    8.407961712074667e-02   -7.037977334881015e-01
  outer loop
    vertex    1.508282031863928e-02    5.190511941909790e-01    1.186869014054537e-02
    vertex    1.441635005176067e-02    5.189620852470398e-01    1.119005028158426e-02
    vertex    1.496329996734858e-02    5.198209881782532e-01    1.184086035937071e-02
  endloop
endfacet
facet normal    6.746858216578628e-01   -3.777686079610820e-01   -6.341056070505927e-01
  outer loop
    vertex    1.062158029526472e-02    5.098829865455627e-01    9.878465905785561e-03
    vertex    1.017952989786863e-02    5.086330771446228e-01    1.015275996178389e-02
    vertex    1.013823971152306e-02    5.105525851249695e-01    8.965279906988144e-03
  endloop
endfacet
facet normal    8.503543672388150e-01   -2.637126714238400e-01   -4.553603815093891e-01
  outer loop
    vertex    9.609719738364220e-03    5.176445841789246e-01    3.194933058694005e-03
    vertex    8.712902665138245e-03    5.172392129898071e-01    1.754950964823365e-03
    vertex    9.347419254481792e-03    5.184615254402161e-01    2.231989987194538e-03
  endloop
endfacet
facet normal    4.282765918066209e-01   -6.789397419518458e-01   -5.963388195555158e-01
  outer loop
    vertex    8.810545317828655e-03    5.086743831634521e-01    9.122559800744057e-03
    vertex    9.400553070008755e-03    5.094376802444458e-01    8.677265606820583e-03
    vertex    1.017952989786863e-02    5.086330771446228e-01    1.015275996178389e-02
  endloop
endfacet
facet normal    8.043169859964406e-01   -3.564934581503243e-01   -4.753804795462519e-01
  outer loop
    vertex    5.723935086280107e-03    5.085613727569580e-01    2.989758970215917e-03
    vertex    8.495161309838295e-03    5.108014941215515e-01    5.998624023050070e-03
    vertex    1.013823971152306e-02    5.105525851249695e-01    8.965279906988144e-03
  endloop
endfacet
facet normal    7.938110556695452e-01   -4.089469294380432e-01   -4.501404411958542e-01
  outer loop
    vertex    9.400553070008755e-03    5.094376802444458e-01    8.677265606820583e-03
    vertex    5.723935086280107e-03    5.085613727569580e-01    2.989758970215917e-03
    vertex    1.013823971152306e-02    5.105525851249695e-01    8.965279906988144e-03
  endloop
endfacet
facet normal    9.699677405315955e-02    2.156672804601004e-01   -9.716374066297698e-01
  outer loop
    vertex    1.794460043311119e-02    5.147886276245117e-01    1.213529985398054e-02
    vertex    1.421711966395378e-02    5.089368224143982e-01    1.046430971473455e-02
    vertex    1.112576015293598e-02    5.091301202774048e-01    1.019860990345478e-02
  endloop
endfacet
facet normal   -4.895033270070656e-02    1.782921407255535e-01   -9.827592673101534e-01
  outer loop
    vertex    1.939547993242740e-02    5.146015882492065e-01    1.202910020947456e-02
    vertex    2.115714922547340e-02    5.093023180961609e-01    1.097995974123478e-02
    vertex    1.794460043311119e-02    5.147886276245117e-01    1.213529985398054e-02
  endloop
endfacet
facet normal   -4.015864778031239e-01    5.502440227765947e-01   -7.320927647807423e-01
  outer loop
    vertex    1.869750022888183e-02    5.063130855560303e-01    1.008247025310993e-02
    vertex    1.756390929222107e-02    5.055704116821289e-01    1.014610007405281e-02
    vertex    2.115714922547340e-02    5.093023180961609e-01    1.097995974123478e-02
  endloop
endfacet
facet normal    2.214765633084685e-01    8.708206913424200e-01    4.388843303593554e-01
  outer loop
    vertex   -2.415608055889608e-02    5.203580856323242e-01    1.063633972080424e-04
    vertex   -2.366534993052484e-02    5.199447274208069e-01    6.788959144614637e-04
    vertex   -1.948981918394567e-02    5.189021825790405e-01    6.403605220839381e-04
  endloop
endfacet
facet normal    8.118198016197847e-02    9.372066924293793e-01    3.391947843976423e-01
  outer loop
    vertex   -2.614882076159120e-03    5.181651115417480e-01    4.726410043076612e-05
    vertex   -6.008846219629064e-03    5.182480812072754e-01    6.303184782154858e-04
    vertex   -4.379665944725276e-03    5.180718898773193e-01    7.272174116224051e-04
  endloop
endfacet
facet normal    2.391794642289065e-02    8.724015923029860e-01    4.882042539615221e-01
  outer loop
    vertex   -1.819851994514467e-02    5.187010169029236e-01    7.997457287274301e-04
    vertex   -2.368368953466417e-02    5.175381898880005e-01    3.146399045363069e-03
    vertex   -1.730315946042539e-02    5.173465013504028e-01    3.176345955580473e-03
  endloop
endfacet
facet normal   -7.722126040556639e-02    8.158150320326573e-01    5.731341120984949e-01
  outer loop
    vertex   -4.735458176583053e-03    5.150011181831360e-01    4.853309132158756e-03
    vertex   -2.924483967944981e-03    5.178685188293457e-01    1.015773043036461e-03
    vertex   -6.188939791172758e-03    5.152472257614136e-01    4.307157825678587e-03
  endloop
endfacet
facet normal   -1.932596911835433e-01    8.350680008019161e-01    5.150845812100499e-01
  outer loop
    vertex   -9.181643254123638e-04    5.180597901344299e-01    1.326762023381889e-03
    vertex   -4.735458176583053e-03    5.150011181831360e-01    4.853309132158756e-03
    vertex   -3.103961935266853e-03    5.150179266929626e-01    5.438196007162333e-03
  endloop
endfacet
facet normal   -3.600839046685019e-01    9.126149847354920e-01    1.935806582149236e-01
  outer loop
    vertex    1.345933973789215e-02    5.174612998962402e-01    2.093999087810516e-02
    vertex    1.439278014004230e-02    5.195503234863281e-01    1.282783038914204e-02
    vertex    1.257750019431114e-02    5.170444846153259e-01    2.126469090580940e-02
  endloop
endfacet
facet normal   -6.266975960429602e-01    7.400639185425343e-01    2.440399958724878e-01
  outer loop
    vertex    9.480349719524384e-03    5.159609913825989e-01    1.444603037089109e-02
    vertex    6.727925036102532e-03    5.144317746162415e-01    1.201520022004843e-02
    vertex    8.306226693093777e-03    5.150607228279114e-01    1.416097953915596e-02
  endloop
endfacet
facet normal   -2.932191735029594e-01    2.924775052088780e-01    9.102084515302152e-01
  outer loop
    vertex   -6.888906937092557e-03    5.137267112731934e-01    5.510962102562189e-03
    vertex   -5.747491028159872e-03    5.102850794792175e-01    6.984564010053873e-03
    vertex   -5.095848813653007e-03    5.133427977561951e-01    6.211949978023767e-03
  endloop
endfacet
facet normal   -1.806006289995184e-01   -1.944460174210557e-01    9.641442626049634e-01
  outer loop
    vertex   -1.248050015419723e-02    5.107465982437134e-01    5.726390983909369e-03
    vertex   -1.196361985057594e-02    5.100011229515076e-01    5.672866012901068e-03
    vertex   -7.358278147876277e-03    5.100666880607605e-01    6.548747885972261e-03
  endloop
endfacet
facet normal   -7.226608246323178e-01    3.394928349125116e-01    6.020846681196962e-01
  outer loop
    vertex    5.739157088100909e-03    5.137090086936951e-01    1.205443032085896e-02
    vertex    4.364395048469304e-03    5.082591176033020e-01    1.347734034061432e-02
    vertex    6.683453917503356e-03    5.137400031089783e-01    1.317035965621471e-02
  endloop
endfacet
facet normal   -8.284139943205642e-01    3.869083454433763e-01    4.050088718042081e-01
  outer loop
    vertex    4.364395048469304e-03    5.082591176033020e-01    1.347734034061432e-02
    vertex    9.201891720294952e-03    5.138096213340759e-01    1.806961931288242e-02
    vertex    7.860910147428513e-03    5.138102769851685e-01    1.532611995935440e-02
  endloop
endfacet
facet normal   -2.538345599087385e-01    2.681793101501340e-01    9.293265700513115e-01
  outer loop
    vertex    1.688545010983944e-02    5.165671110153198e-01    2.816076017916203e-02
    vertex    1.828661002218723e-02    5.159763097763062e-01    2.871396020054817e-02
    vertex    1.813058927655220e-02    5.173937082290649e-01    2.826232090592384e-02
  endloop
endfacet
facet normal    5.025808406696342e-01    8.555033401791819e-01    1.246055116520401e-01
  outer loop
    vertex    1.456231996417046e-02    5.177062749862671e-01    1.866934075951576e-02
    vertex    1.713564060628414e-02    5.166277885437012e-01    1.569472998380661e-02
    vertex    1.754727959632873e-02    5.166566967964172e-01    1.383596006780863e-02
  endloop
endfacet
facet normal   -1.227935343391050e-01    9.812527609325132e-01   -1.485421390947064e-01
  outer loop
    vertex    1.541842985898256e-02    5.175796151161194e-01    2.010207064449787e-02
    vertex    1.345933973789215e-02    5.174612998962402e-01    2.093999087810516e-02
    vertex    1.402300037443638e-02    5.177041292190552e-01    2.207813970744610e-02
  endloop
endfacet
facet normal   -4.205928557263379e-01    8.551417539262408e-01    3.030416314698635e-01
  outer loop
    vertex    2.109736949205398e-02    5.202677249908447e-01    2.560918033123016e-02
    vertex    1.361104007810354e-02    5.176157951354980e-01    2.270225062966347e-02
    vertex    1.558285020291805e-02    5.179011225700378e-01    2.463378012180328e-02
  endloop
endfacet
facet normal   -4.190655249313042e-01   -5.846907213875506e-01    6.946372046884302e-01
  outer loop
    vertex    2.593321911990642e-02    5.063108205795288e-01    1.683220081031322e-02
    vertex    1.888353005051613e-02    5.053542852401733e-01    1.177407987415791e-02
    vertex    2.048286981880664e-02    5.043854713439941e-01    1.192346960306168e-02
  endloop
endfacet
facet normal   -5.299425728553114e-01   -5.420777771136016e-01    6.521599136983732e-01
  outer loop
    vertex    2.048286981880664e-02    5.043854713439941e-01    1.192346960306168e-02
    vertex    1.884507015347480e-02    5.045930743217468e-01    1.076516043394804e-02
    vertex    1.958180963993072e-02    5.040801167488098e-01    1.093745976686478e-02
  endloop
endfacet
facet normal    4.143998276824860e-01   -8.950739337741557e-01   -1.646676528489567e-01
  outer loop
    vertex    2.189858071506023e-02    5.111845135688782e-01    2.949751913547516e-02
    vertex    2.030936069786548e-02    5.103585124015808e-01    2.998795919120312e-02
    vertex    2.106473036110401e-02    5.117728114128113e-01    2.420129068195820e-02
  endloop
endfacet
facet normal   -8.047820401553483e-02   -9.716120409684507e-01    2.224708981497482e-01
  outer loop
    vertex    6.941035855561494e-03    5.082967877388000e-01    8.874407969415188e-03
    vertex   -3.029643092304469e-03    5.089172124862671e-01    7.977166213095188e-03
    vertex    1.243246020749210e-03    5.085777044296265e-01    8.040115237236023e-03
  endloop
endfacet
facet normal   -2.401363650251031e-01   -9.705847248023313e-01    1.731525838425093e-02
  outer loop
    vertex    2.597291953861713e-03    5.075830817222595e-01    1.123122032731771e-02
    vertex   -4.085877910256387e-03    5.091775059700012e-01    7.919210940599442e-03
    vertex   -3.029643092304469e-03    5.089172124862671e-01    7.977166213095188e-03
  endloop
endfacet
facet normal   -2.930406628155966e-01   -8.797189703525639e-01    3.744618847605465e-01
  outer loop
    vertex   -4.085877910256387e-03    5.091775059700012e-01    7.919210940599442e-03
    vertex   -6.846194155514255e-03    5.094919204711914e-01    6.497735157608986e-03
    vertex   -6.664137821644559e-03    5.092095136642456e-01    5.976750981062651e-03
  endloop
endfacet
facet normal   -2.764095343894500e-01   -4.902224051886520e-01    8.266073812576685e-01
  outer loop
    vertex   -3.668138058856131e-03    5.086184144020081e-01    6.628030911087990e-03
    vertex   -6.664137821644559e-03    5.092095136642456e-01    5.976750981062651e-03
    vertex   -5.248043220490232e-03    5.087845921516418e-01    6.198278162628412e-03
  endloop
endfacet
facet normal    4.830418819586055e-01   -8.754936168474926e-01   -1.347097372815086e-02
  outer loop
    vertex    3.684309776872396e-03    5.054432749748230e-01   -3.302511806747837e-23
    vertex    3.546908963471650e-03    5.053294897079468e-01    2.468116115778685e-03
    vertex    3.272387664765119e-03    5.052160024642944e-01    2.168074070625544e-19
  endloop
endfacet
facet normal   -2.764698327852086e-01   -9.592941326790386e-01    5.761248620993411e-02
  outer loop
    vertex    2.279775962233543e-02    5.018467903137207e-01    3.546423045918345e-03
    vertex    2.502463012933731e-02    5.012608170509338e-01    4.475766792893410e-03
    vertex    2.183490060269832e-02    5.022218227386475e-01    5.170462187379599e-03
  endloop
endfacet
facet normal   -3.235032249105368e-01   -9.458524522450199e-01    2.662333665349004e-02
  outer loop
    vertex    2.279775962233543e-02    5.018467903137207e-01    3.546423045918345e-03
    vertex    2.183490060269832e-02    5.022218227386475e-01    5.170462187379599e-03
    vertex    2.080786041915416e-02    5.025287270545959e-01    3.594228066504002e-03
  endloop
endfacet
facet normal   -1.608741145992873e-01   -9.869749303839277e-01    7.775304791868704e-05
  outer loop
    vertex    3.402991965413094e-02    4.987544119358063e-01    2.850627992302179e-03
    vertex    3.505598008632660e-02    4.985876083374024e-01    8.452898822724819e-03
    vertex    3.373361006379128e-02    4.988031089305878e-01    7.920140400528908e-03
  endloop
endfacet
facet normal   -7.241308274991654e-01    4.549072955943789e-01   -5.183569205483636e-01
  outer loop
    vertex    1.983319036662578e-02    5.042805075645447e-01    2.825554984156042e-04
    vertex    2.553009986877441e-02    5.161752104759216e-01    2.762852935120463e-03
    vertex    2.555865049362182e-02    5.154983997344971e-01    2.129002939909697e-03
  endloop
endfacet
facet normal    1.473603127271480e-02   -9.957275272931493e-01    9.115668254714102e-02
  outer loop
    vertex    2.030936069786548e-02    5.103585124015808e-01    2.998795919120312e-02
    vertex    1.788284070789814e-02    5.102133750915527e-01    2.879484929144382e-02
    vertex    1.842146925628185e-02    5.101609826087952e-01    2.813548035919666e-02
  endloop
endfacet
facet normal    2.877353882890224e-01   -9.549942901732280e-01   -7.207115971522814e-02
  outer loop
    vertex    9.931070730090141e-03    5.086988806724548e-01    2.243296056985855e-02
    vertex    9.347615763545036e-03    5.084565877914429e-01    2.331414073705673e-02
    vertex    7.478817831724881e-03    5.080366134643555e-01    2.141815051436424e-02
  endloop
endfacet
facet normal    2.854558531307956e-01   -9.583894006686028e-01    2.170852239571233e-03
  outer loop
    vertex    1.412250008434057e-02    5.102024078369141e-01    1.908984966576099e-02
    vertex    7.324838079512118e-03    5.081685185432434e-01    1.502437982708216e-02
    vertex    1.559909991919994e-02    5.106400251388550e-01    1.812420040369034e-02
  endloop
endfacet
facet normal   -4.491749889107759e-02   -9.702781626494870e-01    2.377871009514725e-01
  outer loop
    vertex    2.199484035372734e-02    5.117092132568359e-01    2.083165012300014e-02
    vertex    2.184757962822914e-02    5.120127797126770e-01    2.204252034425735e-02
    vertex    1.948300004005432e-02    5.117186903953552e-01    2.039583958685398e-02
  endloop
endfacet
facet normal   -7.388767438756355e-02   -9.579701334953312e-01    2.771891680865882e-01
  outer loop
    vertex    1.948300004005432e-02    5.117186903953552e-01    2.039583958685398e-02
    vertex    2.184757962822914e-02    5.120127797126770e-01    2.204252034425735e-02
    vertex    2.120908908545971e-02    5.121251940727234e-01    2.226082980632782e-02
  endloop
endfacet
facet normal   -5.416399208730638e-01    8.162465962029016e-01    2.009171229731271e-01
  outer loop
    vertex    1.381462998688221e-02    5.199031829833984e-01    9.835703298449516e-03
    vertex    1.324552018195391e-02    5.190991163253784e-01    1.156807970255613e-02
    vertex    1.439278014004230e-02    5.195503234863281e-01    1.282783038914204e-02
  endloop
endfacet
facet normal   -1.361259460998133e-01    9.821111132072772e-01    1.301056805569743e-01
  outer loop
    vertex    9.479096159338951e-03    5.188338756561279e-01    4.539154004305601e-03
    vertex    1.002159994095564e-02    5.189617276191711e-01    4.141661804169416e-03
    vertex    7.671099156141280e-03    5.186747908592224e-01    3.848358988761902e-03
  endloop
endfacet
facet normal    3.120121613212153e-01    9.473850465981675e-01   -7.148415677513416e-02
  outer loop
    vertex    3.815213963389397e-02    5.120205879211426e-01    8.761239005252719e-04
    vertex    3.823627904057503e-02    5.119267702102661e-01   -3.283081212928935e-23
    vertex    3.775486722588539e-02    5.120853185653687e-01   -3.283351938962114e-23
  endloop
endfacet
facet normal    9.799442331162378e-01   -1.727639707859399e-01    9.930715170874346e-02
  outer loop
    vertex    3.962820023298264e-02    5.079143047332764e-01    6.228900747373700e-04
    vertex    3.857240825891495e-02    5.031980276107788e-01    2.836371073499322e-03
    vertex    3.810074925422668e-02    4.997049868106843e-01    1.413794001564384e-03
  endloop
endfacet
facet normal    9.795587926710922e-01   -1.658799942005411e-01    1.137910331475231e-01
  outer loop
    vertex    3.962820023298264e-02    5.079143047332764e-01    6.228900747373700e-04
    vertex    3.915327042341232e-02    5.083509087562561e-01    5.347739905118942e-03
    vertex    3.857240825891495e-02    5.031980276107788e-01    2.836371073499322e-03
  endloop
endfacet
facet normal    4.941451254280180e-01    3.526823594505775e-01    7.946293150570913e-01
  outer loop
    vertex    2.789106033742427e-02    5.195267796516418e-01    1.592898927628994e-02
    vertex    2.969129011034965e-02    5.139409899711609e-01    1.728866063058376e-02
    vertex    3.047709912061691e-02    5.136064291000366e-01    1.694848947227001e-02
  endloop
endfacet
facet normal   -2.036518587160982e-01    8.832833315868410e-01    4.222990369185430e-01
  outer loop
    vertex    2.698398940265178e-02    5.195289254188538e-01    1.548707019537687e-02
    vertex    2.789106033742427e-02    5.195267796516418e-01    1.592898927628994e-02
    vertex    2.825723029673099e-02    5.203620195388794e-01    1.435858011245728e-02
  endloop
endfacet
facet normal    3.033026429654865e-01    8.091407849670914e-01   -5.032878866742074e-01
  outer loop
    vertex    1.893310993909835e-02    5.164800286293030e-01    1.484563015401363e-02
    vertex    2.254647947847843e-02    5.162774920463562e-01    1.669757999479771e-02
    vertex    1.839685998857021e-02    5.160779953002930e-01    1.387611031532288e-02
  endloop
endfacet
facet normal   -8.827055913762701e-01    4.304457966540305e-01   -1.885397971144186e-01
  outer loop
    vertex    2.044044062495231e-02    5.066905021667480e-01    4.418197087943554e-03
    vertex    2.462990954518318e-02    5.151371955871582e-01    4.088166169822216e-03
    vertex    2.419858053326606e-02    5.136718153953552e-01    2.762025920674205e-03
  endloop
endfacet
facet normal   -4.245136942857781e-01    1.046518442477751e-01   -8.993531647019319e-01
  outer loop
    vertex    1.923648081719875e-02    5.153871774673462e-01    1.235666032880545e-02
    vertex    2.284332923591137e-02    5.175918936729431e-01    1.091070007532835e-02
    vertex    2.066411077976226e-02    5.153334736824036e-01    1.167653966695070e-02
  endloop
endfacet
facet normal    7.968930639326028e-01    5.542751605241306e-01    2.402925114980858e-01
  outer loop
    vertex    1.586068980395794e-02    5.195869207382202e-01    1.267021987587214e-02
    vertex    1.754727959632873e-02    5.166566967964172e-01    1.383596006780863e-02
    vertex    1.845036074519157e-02    5.159103870391846e-01    1.256251987069845e-02
  endloop
endfacet
facet normal    5.637158181018872e-01    8.218972320125280e-01   -8.191102753515322e-02
  outer loop
    vertex    1.754727959632873e-02    5.166566967964172e-01    1.383596006780863e-02
    vertex    1.839685998857021e-02    5.160779953002930e-01    1.387611031532288e-02
    vertex    1.845036074519157e-02    5.159103870391846e-01    1.256251987069845e-02
  endloop
endfacet
facet normal    9.982298197122948e-02    9.270718546159631e-01    3.613490675915605e-01
  outer loop
    vertex   -1.819851994514467e-02    5.187010169029236e-01    7.997457287274301e-04
    vertex   -1.745495945215227e-02    5.188406109809875e-01    2.361960068810731e-04
    vertex   -1.948981918394567e-02    5.189021825790405e-01    6.403605220839381e-04
  endloop
endfacet
facet normal    7.233658383023561e-02    7.856680820811481e-01    6.144046577286841e-01
  outer loop
    vertex   -1.496342010796071e-02    5.171418190002441e-01    3.162615001201630e-03
    vertex   -4.379665944725276e-03    5.180718898773193e-01    7.272174116224051e-04
    vertex   -1.730315946042539e-02    5.173465013504028e-01    3.176345955580473e-03
  endloop
endfacet
facet normal   -4.402946878726075e-01    8.451823106513593e-01    3.029974415621232e-01
  outer loop
    vertex    5.622204858809709e-03    5.147596001625061e-01    1.029939018189907e-02
    vertex    9.518437087535858e-03    5.184429883956909e-01    5.686664022505283e-03
    vertex    9.479096159338951e-03    5.188338756561279e-01    4.539154004305601e-03
  endloop
endfacet
facet normal   -1.007802881099650e-01    4.082781249357308e-01    9.072774141503999e-01
  outer loop
    vertex   -6.888906937092557e-03    5.137267112731934e-01    5.510962102562189e-03
    vertex   -1.308766007423402e-02    5.159375071525574e-01    3.827539039775729e-03
    vertex   -1.250149961560966e-02    5.145694017410278e-01    4.508302081376314e-03
  endloop
endfacet
facet normal   -4.495814410876695e-01    7.653048435456471e-02    8.899548375024376e-01
  outer loop
    vertex   -4.085877910256387e-03    5.091775059700012e-01    7.919210940599442e-03
    vertex   -5.747491028159872e-03    5.102850794792175e-01    6.984564010053873e-03
    vertex   -6.846194155514255e-03    5.094919204711914e-01    6.497735157608986e-03
  endloop
endfacet
facet normal   -3.825169453029030e-01    9.157408617812229e-01   -1.228798625500502e-01
  outer loop
    vertex    2.190062962472438e-02    5.211616754531860e-01    2.332236059010029e-02
    vertex    1.402300037443638e-02    5.177041292190552e-01    2.207813970744610e-02
    vertex    1.361104007810354e-02    5.176157951354980e-01    2.270225062966347e-02
  endloop
endfacet
facet normal   -4.194358025370831e-01   -8.990228816204895e-01    1.258231531669123e-01
  outer loop
    vertex    1.958180963993072e-02    5.040801167488098e-01    1.093745976686478e-02
    vertex    2.183490060269832e-02    5.022218227386475e-01    5.170462187379599e-03
    vertex    2.079840935766697e-02    5.035312175750732e-01    1.107108034193516e-02
  endloop
endfacet
facet normal   -3.163953365932944e-01   -9.363375949633669e-01    1.522034797244584e-01
  outer loop
    vertex    2.079840935766697e-02    5.035312175750732e-01    1.107108034193516e-02
    vertex    2.183490060269832e-02    5.022218227386475e-01    5.170462187379599e-03
    vertex    2.306563034653663e-02    5.023136734962463e-01    8.293915539979935e-03
  endloop
endfacet
facet normal   -2.482366420338100e-01   -9.686984525978650e-01   -1.370213954102974e-03
  outer loop
    vertex   -2.274028956890108e-02    5.090231895446777e-01    4.589546937495470e-03
    vertex   -2.293731831014158e-02    5.090801715850830e-01   -3.317482705896540e-23
    vertex   -2.264889888465406e-02    5.090062618255615e-01   -3.317320510777104e-23
  endloop
endfacet
facet normal   -3.645802711161028e-01   -8.660682032383387e-01    3.420629960291300e-01
  outer loop
    vertex   -6.846194155514255e-03    5.094919204711914e-01    6.497735157608986e-03
    vertex   -7.880637422204032e-03    5.094590187072754e-01    5.311892833560705e-03
    vertex   -6.664137821644559e-03    5.092095136642456e-01    5.976750981062651e-03
  endloop
endfacet
facet normal   -6.103221415070311e-01   -7.789744932768073e-01   -1.438944835996598e-01
  outer loop
    vertex    2.062156982719898e-02    5.020624995231628e-01    8.801474905340001e-05
    vertex    2.059766463935375e-02    5.020974874496460e-01    1.354923415563114e-19
    vertex    2.062619291245937e-02    5.020751357078552e-01    1.354923417167426e-19
  endloop
endfacet
facet normal   -9.316563055139822e-01    2.631636853132018e-01    2.505222607442537e-01
  outer loop
    vertex   -2.558143064379694e-02    5.164235234260559e-01    4.268904216587543e-03
    vertex   -2.578677050769331e-02    5.165225863456726e-01    3.401213092729449e-03
    vertex   -2.691883966326715e-02    5.120232105255127e-01    3.917626105248928e-03
  endloop
endfacet
facet normal    7.809381127370906e-01   -4.390429656086646e-01    4.442712442013102e-01
  outer loop
    vertex    2.305487915873527e-02    5.210747122764587e-01    2.370191924273968e-02
    vertex    2.165465056896209e-02    5.197625756263733e-01    2.486653998494148e-02
    vertex    2.143494971096515e-02    5.161905288696289e-01    2.172271907329559e-02
  endloop
endfacet
facet normal    6.238374751648683e-01    3.892057741820357e-01    6.777504481173617e-01
  outer loop
    vertex    3.047709912061691e-02    5.136064291000366e-01    1.694848947227001e-02
    vertex    2.892502024769783e-02    5.205361247062683e-01    1.439765002578497e-02
    vertex    2.789106033742427e-02    5.195267796516418e-01    1.592898927628994e-02
  endloop
endfacet
facet normal   -4.227061391940271e-01   -9.062651886454973e-01   -1.711063125932274e-03
  outer loop
    vertex    1.232853974215685e-03    5.056130290031433e-01    3.129300894215703e-03
    vertex   -1.381841255351902e-03    5.068385004997253e-01    2.168073808891017e-19
    vertex    1.532281748950481e-03    5.054792761802673e-01   -3.303722018022254e-23
  endloop
endfacet
facet normal    9.024476458943816e-01   -4.306836475928914e-01   -9.992102670157184e-03
  outer loop
    vertex    4.368814174085855e-03    5.064924955368042e-01    2.332745934836566e-04
    vertex    4.348395857959985e-03    5.064551234245300e-01   -3.302138352306446e-23
    vertex    4.421927966177463e-03    5.066092014312744e-01   -3.302097000902306e-23
  endloop
endfacet
facet normal    8.476916039040141e-01   -2.879538959141595e-01    4.455350698861960e-01
  outer loop
    vertex    3.678119927644730e-02    4.994775950908661e-01    8.588132448494434e-03
    vertex    3.716060891747475e-02    5.004010200500488e-01    8.463072590529919e-03
    vertex    3.456494957208633e-02    5.016670823097229e-01    1.421993970870972e-02
  endloop
endfacet
facet normal    6.585048398063756e-01    4.774033776763805e-02    7.510607406204982e-01
  outer loop
    vertex    3.520777076482773e-02    5.108017921447754e-01    1.289832033216953e-02
    vertex    3.617145866155624e-02    5.116397142410278e-01    1.200012955814600e-02
    vertex    3.376809135079384e-02    5.140399932861328e-01    1.395475026220083e-02
  endloop
endfacet
facet normal    5.352945434975775e-01    8.440954918541398e-01    3.102502753001374e-02
  outer loop
    vertex    3.835314139723778e-02    5.116484761238098e-01    7.532129064202309e-03
    vertex    3.815213963389397e-02    5.120205879211426e-01    8.761239005252719e-04
    vertex    3.689559176564217e-02    5.125761032104492e-01    7.442282978445292e-03
  endloop
endfacet
facet normal   -9.407619238702056e-01    2.473548298683542e-01   -2.319107387268364e-01
  outer loop
    vertex    1.974599994719028e-02    5.048682093620300e-01    4.288061056286097e-03
    vertex    1.863886043429374e-02    5.056021809577942e-01    9.562099352478981e-03
    vertex    1.869750022888183e-02    5.063130855560303e-01    1.008247025310993e-02
  endloop
endfacet
facet normal    8.083050778127217e-01   -3.580942048840003e-01   -4.673450990549334e-01
  outer loop
    vertex    4.329584073275327e-03    5.063800811767578e-01    2.249507000669837e-03
    vertex    5.723935086280107e-03    5.085613727569580e-01    2.989758970215917e-03
    vertex    9.400553070008755e-03    5.094376802444458e-01    8.677265606820583e-03
  endloop
endfacet
facet normal    9.218284972823086e-01   -3.680035257543351e-01   -1.216783737178430e-01
  outer loop
    vertex    6.723687052726745e-03    5.122662782669067e-01    1.724887057207525e-03
    vertex    8.712902665138245e-03    5.172392129898071e-01    1.754950964823365e-03
    vertex    5.132011137902736e-03    5.081382989883423e-01    2.151082037016749e-03
  endloop
endfacet
facet normal   -6.075016821701805e-01    7.796290355477342e-01    1.520535204831198e-01
  outer loop
    vertex    1.222412008792162e-02    5.174180269241333e-01    1.793755032122135e-02
    vertex    9.480349719524384e-03    5.159609913825989e-01    1.444603037089109e-02
    vertex    1.257750019431114e-02    5.170444846153259e-01    2.126469090580940e-02
  endloop
endfacet
facet normal   -4.541633371680135e-01    2.387768982737403e-01    8.583246798404349e-01
  outer loop
    vertex    2.683663042262196e-03    5.123543143272400e-01    1.062207017093897e-02
    vertex    2.412104047834872e-03    5.087335109710693e-01    1.148565020412207e-02
    vertex    4.364319145679473e-03    5.129449963569641e-01    1.134703028947115e-02
  endloop
endfacet
facet normal   -8.004760919060656e-01    5.714521384231199e-01    1.807774316070329e-01
  outer loop
    vertex    4.819435067474841e-03    5.084279179573059e-01    1.495864987373352e-02
    vertex    1.031207013875246e-02    5.144624114036560e-01    2.020432054996490e-02
    vertex    4.364395048469304e-03    5.082591176033020e-01    1.347734034061432e-02
  endloop
endfacet
facet normal   -7.975774702023386e-01    5.742466162866514e-01    1.846916422282532e-01
  outer loop
    vertex    1.208360958844423e-02    5.161482095718384e-01    2.261307090520859e-02
    vertex    1.167657040059566e-02    5.160611271858215e-01    2.112605981528759e-02
    vertex    1.031207013875246e-02    5.144624114036560e-01    2.020432054996490e-02
  endloop
endfacet
facet normal   -5.316648383633572e-01    1.471005951137035e-01    8.340826784949196e-01
  outer loop
    vertex    1.370809972286224e-02    5.140106081962585e-01    2.658630907535553e-02
    vertex    1.688545010983944e-02    5.165671110153198e-01    2.816076017916203e-02
    vertex    9.728330187499523e-03    5.127574801445007e-01    2.427051030099392e-02
  endloop
endfacet
facet normal   -4.528042749659466e-01   -1.417926133523371e-01    8.802631103092291e-01
  outer loop
    vertex    6.447175983339547e-03    5.081468224525452e-01    2.272449061274529e-02
    vertex    1.842927001416683e-02    5.109646916389465e-01    2.934193983674049e-02
    vertex    7.917420938611031e-03    5.093032121658325e-01    2.366705052554607e-02
  endloop
endfacet
facet normal   -2.314709940607867e-01   -9.544088426423243e-01    1.884806090680159e-01
  outer loop
    vertex    3.176501020789146e-02    5.004814863204956e-01    1.400132011622190e-02
    vertex    3.373361006379128e-02    4.988031089305878e-01    7.920140400528908e-03
    vertex    3.505598008632660e-02    4.985876083374024e-01    8.452898822724819e-03
  endloop
endfacet
facet normal   -2.853628523841448e-01   -9.435726058181153e-01    1.680439824236393e-01
  outer loop
    vertex    3.176501020789146e-02    5.004814863204956e-01    1.400132011622190e-02
    vertex    3.165875002741814e-02    4.995625913143159e-01    8.661248721182346e-03
    vertex    3.373361006379128e-02    4.988031089305878e-01    7.920140400528908e-03
  endloop
endfacet
facet normal    8.963625345293462e-02    1.798670854825520e-01    9.795984757169305e-01
  outer loop
    vertex   -1.929616928100588e-02    5.158373117446899e-01    4.076412878930569e-03
    vertex   -2.529012970626356e-02    5.155867934226990e-01    4.670877009630203e-03
    vertex   -2.223188988864424e-02    5.101125836372375e-01    5.396175198256969e-03
  endloop
endfacet
facet normal   -1.146265181335174e-01   -9.931154991720578e-01   -2.413227392561446e-02
  outer loop
    vertex    3.637816011905670e-02    4.983868002891541e-01    8.660260937176645e-04
    vertex    3.637403994798660e-02    4.983487129211426e-01    2.453006105497479e-03
    vertex    3.429052978754044e-02    4.986037909984589e-01    1.852296991273761e-03
  endloop
endfacet
facet normal    2.956048327006432e-01   -9.542877303520656e-01   -4.418948498826696e-02
  outer loop
    vertex    7.478817831724881e-03    5.080366134643555e-01    2.141815051436424e-02
    vertex    1.412250008434057e-02    5.102024078369141e-01    1.908984966576099e-02
    vertex    1.689209975302219e-02    5.109788775444031e-01    2.084890007972717e-02
  endloop
endfacet
facet normal   -5.279040136658154e-01    8.068653104131291e-01    2.651145473327468e-01
  outer loop
    vertex    1.057089027017355e-02    5.187929868698120e-01    6.394255906343460e-03
    vertex    6.727925036102532e-03    5.144317746162415e-01    1.201520022004843e-02
    vertex    8.815555833280087e-03    5.163542032241821e-01    1.032132003456354e-02
  endloop
endfacet
facet normal   -4.400380041460514e-01    3.070042169011239e-01    8.438690453572090e-01
  outer loop
    vertex   -3.476100042462350e-03    5.117623209953308e-01    7.631558924913406e-03
    vertex   -5.095848813653007e-03    5.133427977561951e-01    6.211949978023767e-03
    vertex   -5.747491028159872e-03    5.102850794792175e-01    6.984564010053873e-03
  endloop
endfacet
facet normal   -3.072748024652510e-01   -9.399286919169059e-01    1.487153316955430e-01
  outer loop
    vertex    2.183490060269832e-02    5.022218227386475e-01    5.170462187379599e-03
    vertex    3.165875002741814e-02    4.995625913143159e-01    8.661248721182346e-03
    vertex    2.306563034653663e-02    5.023136734962463e-01    8.293915539979935e-03
  endloop
endfacet
facet normal   -2.487303928166980e-01   -9.685727537176639e-01   -1.115573060239123e-04
  outer loop
    vertex    2.743134042248129e-03    5.051230788230896e-01    2.756125060841441e-03
    vertex    2.227473538368939e-03    5.052558183670044e-01   -3.303331071000058e-23
    vertex    2.832569880411028e-03    5.051004290580750e-01   -3.302990789918096e-23
  endloop
endfacet
facet normal    8.785536436220781e-01    2.361790804388804e-01    4.151661561849849e-01
  outer loop
    vertex    2.546265907585621e-02    5.103862285614014e-01    2.649665065109730e-02
    vertex    2.778968960046768e-02    5.092133879661560e-01    2.223950996994972e-02
    vertex    2.549012936651706e-02    5.114973783493042e-01    2.580641023814678e-02
  endloop
endfacet
facet normal    1.369376628192276e-01   -9.772821740228201e-01    1.617641148055947e-01
  outer loop
    vertex    1.134038995951414e-02    5.088201761245728e-01    1.159191969782114e-02
    vertex    1.086242031306028e-02    5.089982151985168e-01    1.307213958352804e-02
    vertex    9.059295989573002e-03    5.084668993949890e-01    1.138863991945982e-02
  endloop
endfacet
facet normal   -4.774894027183207e-01    5.332658438064995e-02    8.770177567700639e-01
  outer loop
    vertex    1.370809972286224e-02    5.140106081962585e-01    2.658630907535553e-02
    vertex    1.842927001416683e-02    5.109646916389465e-01    2.934193983674049e-02
    vertex    1.688545010983944e-02    5.165671110153198e-01    2.816076017916203e-02
  endloop
endfacet
facet normal    2.405812487038203e-01   -9.692835297230304e-01    5.108915520708677e-02
  outer loop
    vertex    9.059295989573002e-03    5.084668993949890e-01    1.138863991945982e-02
    vertex    8.077053353190422e-03    5.083801150321960e-01    1.436755992472172e-02
    vertex    5.190392024815082e-03    5.075812935829163e-01    1.280543021857738e-02
  endloop
endfacet
facet normal    4.532500897664551e-01   -5.419202615823531e-02    8.897345561613111e-01
  outer loop
    vertex    3.385047987103462e-02    5.008664727210999e-01    1.466809958219528e-02
    vertex    3.396080061793327e-02    5.022956728935242e-01    1.469894964247942e-02
    vertex    3.092627041041851e-02    5.027465820312500e-01    1.627226918935776e-02
  endloop
endfacet
facet normal    5.957943295380270e-01    8.178773281954993e-02    7.989617535593120e-01
  outer loop
    vertex    3.396080061793327e-02    5.022956728935242e-01    1.469894964247942e-02
    vertex    3.595849126577377e-02    5.102950930595398e-01    1.239036954939365e-02
    vertex    3.520777076482773e-02    5.108017921447754e-01    1.289832033216953e-02
  endloop
endfacet
facet normal    5.544709465585044e-01    6.976553069088580e-02    8.292736220029764e-01
  outer loop
    vertex    3.097908943891525e-02    5.043507218360901e-01    1.626843027770519e-02
    vertex    3.263878077268600e-02    5.046736001968384e-01    1.513156015425920e-02
    vertex    3.520777076482773e-02    5.108017921447754e-01    1.289832033216953e-02
  endloop
endfacet
facet normal    6.149569727211576e-01    7.791266506109096e-01   -1.216124336137363e-01
  outer loop
    vertex    3.399002179503441e-02    5.148819088935852e-01    1.280540041625500e-02
    vertex    3.446371108293533e-02    5.142139792442322e-01    1.092152018100023e-02
    vertex    3.310823068022728e-02    5.154039859771729e-01    1.169120986014605e-02
  endloop
endfacet
facet normal    4.202323867170061e-01    9.011698310031053e-01   -1.062905303588371e-01
  outer loop
    vertex    2.835699915885925e-02    5.165281891822815e-01    5.349428858608007e-03
    vertex    2.696930058300495e-02    5.171837210655212e-01    5.420833826065063e-03
    vertex    2.921682037413120e-02    5.163341164588928e-01    7.103416137397289e-03
  endloop
endfacet
facet normal    7.023266931991770e-01   -9.767868014869785e-02    7.051213310234753e-01
  outer loop
    vertex    2.980756945908069e-02    5.082268118858337e-01    1.709428988397121e-02
    vertex    3.376809135079384e-02    5.140399932861328e-01    1.395475026220083e-02
    vertex    3.043003007769584e-02    5.123631954193115e-01    1.704729907214642e-02
  endloop
endfacet
facet normal    8.307114910687560e-01    1.278305064773724e-02    5.565563872802664e-01
  outer loop
    vertex    3.043003007769584e-02    5.123631954193115e-01    1.704729907214642e-02
    vertex    3.047709912061691e-02    5.136064291000366e-01    1.694848947227001e-02
    vertex    2.992214076220989e-02    5.122917890548706e-01    1.780701056122780e-02
  endloop
endfacet
facet normal    7.438029895679928e-01    1.158968696999422e-01    6.582742804511438e-01
  outer loop
    vertex    3.047709912061691e-02    5.136064291000366e-01    1.694848947227001e-02
    vertex    2.964068949222564e-02    5.128455162048340e-01    1.802754029631615e-02
    vertex    2.992214076220989e-02    5.122917890548706e-01    1.780701056122780e-02
  endloop
endfacet
facet normal   -5.751733729926518e-01    5.991262522879012e-01    5.569769517849997e-01
  outer loop
    vertex    2.892502024769783e-02    5.205361247062683e-01    1.439765002578497e-02
    vertex    2.734722010791301e-02    5.215693116188049e-01    1.165692973881960e-02
    vertex    2.801733091473579e-02    5.204228162765503e-01    1.358218956738710e-02
  endloop
endfacet
facet normal    8.054624296718869e-01    5.566387799198566e-01    2.034294547905839e-01
  outer loop
    vertex    2.414307929575443e-02    5.132201910018921e-01    2.489697933197021e-02
    vertex    2.342342957854271e-02    5.141363143920898e-01    2.523960918188095e-02
    vertex    2.362282946705818e-02    5.136423110961914e-01    2.580182999372482e-02
  endloop
endfacet
facet normal    5.624551695482264e-01    3.836801216265395e-01    7.324163751017041e-01
  outer loop
    vertex    2.352211065590381e-02    5.159273147583008e-01    1.679679937660694e-02
    vertex    2.296975068747997e-02    5.160003900527954e-01    1.718270033597946e-02
    vertex    2.316720969974994e-02    5.132253170013428e-01    1.848479919135571e-02
  endloop
endfacet
facet normal    7.916129464850837e-01    5.269808781893585e-01   -3.092573313277737e-01
  outer loop
    vertex    2.063868939876556e-02    5.183854103088379e-01    1.860556937754154e-02
    vertex    2.026260085403919e-02    5.185946822166443e-01    1.799949072301388e-02
    vertex    2.068915963172912e-02    5.187873244285583e-01    1.941962912678719e-02
  endloop
endfacet
facet normal    8.004769550008140e-01    5.129578653578681e-01   -3.100175364074172e-01
  outer loop
    vertex    2.026260085403919e-02    5.185946822166443e-01    1.799949072301388e-02
    vertex    2.040502987802028e-02    5.192747712135315e-01    1.949252933263779e-02
    vertex    2.068915963172912e-02    5.187873244285583e-01    1.941962912678719e-02
  endloop
endfacet
facet normal   -3.656731709875561e-01    5.881990695606919e-01   -7.213216942445596e-01
  outer loop
    vertex    2.870390005409717e-02    5.152050852775574e-01    1.102628011722118e-04
    vertex    2.783616073429584e-02    5.146828293800354e-01    1.242906000697985e-04
    vertex    2.611717022955417e-02    5.170075297355652e-01    2.891398966312408e-03
  endloop
endfacet
facet normal   -4.673239085698829e-01    7.055393351153447e-02   -8.812664222271366e-01
  outer loop
    vertex    2.315847948193550e-02    5.152031779289246e-01    1.055234018713236e-02
    vertex    2.284332923591137e-02    5.175918936729431e-01    1.091070007532835e-02
    vertex    2.420255914330482e-02    5.175039768218994e-01    1.018287986516953e-02
  endloop
endfacet
facet normal   -4.088953259551242e-01    3.882551904535251e-02   -9.117550062834378e-01
  outer loop
    vertex    2.315847948193550e-02    5.152031779289246e-01    1.055234018713236e-02
    vertex    2.173269912600517e-02    5.103834271430969e-01    1.098651997745037e-02
    vertex    2.066411077976226e-02    5.153334736824036e-01    1.167653966695070e-02
  endloop
endfacet
facet normal   -4.577503426957805e-01    6.464499372920310e-01    6.103827506876521e-01
  outer loop
    vertex    2.493409067392349e-02    5.197749137878418e-01    1.115560997277498e-02
    vertex    2.179875038564205e-02    5.156567096710205e-01    1.316583994776011e-02
    vertex    2.279286086559295e-02    5.162096023559570e-01    1.332580018788576e-02
  endloop
endfacet
facet normal    8.230924389246904e-01   -3.202541233846579e-01   -4.689948117411634e-01
  outer loop
    vertex    1.013823971152306e-02    5.105525851249695e-01    8.965279906988144e-03
    vertex    8.848845958709717e-03    5.152283906936646e-01    3.509491914883256e-03
    vertex    9.609719738364220e-03    5.176445841789246e-01    3.194933058694005e-03
  endloop
endfacet
facet normal    8.125073960443743e-01   -3.336838484520639e-01   -4.780029504672649e-01
  outer loop
    vertex    8.495161309838295e-03    5.108014941215515e-01    5.998624023050070e-03
    vertex    8.848845958709717e-03    5.152283906936646e-01    3.509491914883256e-03
    vertex    1.013823971152306e-02    5.105525851249695e-01    8.965279906988144e-03
  endloop
endfacet
facet normal    7.057044202040652e-01   -6.736099570591811e-01   -2.196153388431066e-01
  outer loop
    vertex    8.810545317828655e-03    5.086743831634521e-01    9.122559800744057e-03
    vertex    3.546908963471650e-03    5.053294897079468e-01    2.468116115778685e-03
    vertex    9.400553070008755e-03    5.094376802444458e-01    8.677265606820583e-03
  endloop
endfacet
facet normal    7.370692239357395e-01   -6.097485156414482e-01   -2.914373119554489e-01
  outer loop
    vertex    3.546908963471650e-03    5.053294897079468e-01    2.468116115778685e-03
    vertex    4.329584073275327e-03    5.063800811767578e-01    2.249507000669837e-03
    vertex    9.400553070008755e-03    5.094376802444458e-01    8.677265606820583e-03
  endloop
endfacet
facet normal    8.558573496501000e-02   -7.685212378458851e-04   -9.963305131057696e-01
  outer loop
    vertex    1.421711966395378e-02    5.089368224143982e-01    1.046430971473455e-02
    vertex    1.122988015413284e-02    5.087721943855286e-01    1.020782999694347e-02
    vertex    1.112576015293598e-02    5.091301202774048e-01    1.019860990345478e-02
  endloop
endfacet
facet normal   -3.820555891259062e-01   -6.751649987258203e-01   -6.310196124632100e-01
  outer loop
    vertex    1.653381064534187e-02    5.057209134101868e-01    1.026127021759748e-02
    vertex    1.183591969311237e-02    5.081623196601868e-01    1.049343962222338e-02
    vertex    1.122988015413284e-02    5.087721943855286e-01    1.020782999694347e-02
  endloop
endfacet
facet normal   -1.353274277782124e-01    7.173775081805196e-01    6.834149530465669e-01
  outer loop
    vertex   -4.735458176583053e-03    5.150011181831360e-01    4.853309132158756e-03
    vertex   -6.188939791172758e-03    5.152472257614136e-01    4.307157825678587e-03
    vertex   -6.427546031773105e-03    5.143707990646362e-01    5.179890897125006e-03
  endloop
endfacet
facet normal   -1.196236902800533e-02    7.879287796131312e-01    6.156501766300401e-01
  outer loop
    vertex   -2.924483967944981e-03    5.178685188293457e-01    1.015773043036461e-03
    vertex   -4.379665944725276e-03    5.180718898773193e-01    7.272174116224051e-04
    vertex   -6.188939791172758e-03    5.152472257614136e-01    4.307157825678587e-03
  endloop
endfacet
facet normal    5.199023626518186e-02    7.710475634953674e-01    6.346516132185814e-01
  outer loop
    vertex   -4.379665944725276e-03    5.180718898773193e-01    7.272174116224051e-04
    vertex   -1.143386960029603e-02    5.164471864700317e-01    3.278969088569283e-03
    vertex   -6.188939791172758e-03    5.152472257614136e-01    4.307157825678587e-03
  endloop
endfacet
facet normal   -1.966774372913240e-01    5.559911024403555e-01    8.075839768517422e-01
  outer loop
    vertex   -6.427546031773105e-03    5.143707990646362e-01    5.179890897125006e-03
    vertex   -6.888906937092557e-03    5.137267112731934e-01    5.510962102562189e-03
    vertex   -5.095848813653007e-03    5.133427977561951e-01    6.211949978023767e-03
  endloop
endfacet
facet normal   -2.909217538881707e-01    4.634453055346694e-01    8.370083523433368e-01
  outer loop
    vertex   -6.427546031773105e-03    5.143707990646362e-01    5.179890897125006e-03
    vertex   -5.095848813653007e-03    5.133427977561951e-01    6.211949978023767e-03
    vertex   -4.501237068325282e-03    5.142948031425476e-01    5.891502834856510e-03
  endloop
endfacet
facet normal   -2.160565872072973e-01   -2.756265049258677e-01    9.366694085464125e-01
  outer loop
    vertex   -7.358278147876277e-03    5.100666880607605e-01    6.548747885972261e-03
    vertex   -6.846194155514255e-03    5.094919204711914e-01    6.497735157608986e-03
    vertex   -5.747491028159872e-03    5.102850794792175e-01    6.984564010053873e-03
  endloop
endfacet
facet normal   -5.589404576515372e-01    2.847280330658359e-01    7.787910579781655e-01
  outer loop
    vertex    4.364319145679473e-03    5.129449963569641e-01    1.134703028947115e-02
    vertex    2.412104047834872e-03    5.087335109710693e-01    1.148565020412207e-02
    vertex    5.739157088100909e-03    5.137090086936951e-01    1.205443032085896e-02
  endloop
endfacet
facet normal   -5.837894785049678e-01    1.675184926299355e-01    7.944352707514263e-01
  outer loop
    vertex    2.412104047834872e-03    5.087335109710693e-01    1.148565020412207e-02
    vertex    2.059151884168386e-03    5.079060792922974e-01    1.140076015144587e-02
    vertex    3.483273088932036e-03    5.082656145095825e-01    1.237145997583866e-02
  endloop
endfacet
facet normal   -7.381632259234092e-01    6.176408398053266e-01    2.713574117265211e-01
  outer loop
    vertex    1.083584968000650e-02    5.158203840255737e-01    1.931313984096050e-02
    vertex    1.257750019431114e-02    5.170444846153259e-01    2.126469090580940e-02
    vertex    8.306226693093777e-03    5.150607228279114e-01    1.416097953915596e-02
  endloop
endfacet
facet normal   -8.386349566400696e-01    5.171398180197848e-01    1.710491687199105e-01
  outer loop
    vertex    5.756276194006204e-03    5.076562762260437e-01    2.171416953206062e-02
    vertex    8.948955684900284e-03    5.122972726821899e-01    2.333620935678482e-02
    vertex    4.937586840242147e-03    5.076498985290527e-01    1.771950908005238e-02
  endloop
endfacet
facet normal   -7.387613004910601e-01    6.537248947108183e-01    1.639374970288588e-01
  outer loop
    vertex    1.167657040059566e-02    5.160611271858215e-01    2.112605981528759e-02
    vertex    1.208360958844423e-02    5.161482095718384e-01    2.261307090520859e-02
    vertex    1.257750019431114e-02    5.170444846153259e-01    2.126469090580940e-02
  endloop
endfacet
facet normal   -7.214947773478003e-01    6.378772695862052e-01    2.693656904750413e-01
  outer loop
    vertex    8.948955684900284e-03    5.122972726821899e-01    2.333620935678482e-02
    vertex    1.048765983432531e-02    5.136212706565857e-01    2.432229928672314e-02
    vertex    1.208360958844423e-02    5.161482095718384e-01    2.261307090520859e-02
  endloop
endfacet
facet normal   -6.370695931255854e-01    2.041338371075084e-01    7.432844072510647e-01
  outer loop
    vertex    6.447175983339547e-03    5.081468224525452e-01    2.272449061274529e-02
    vertex    7.917420938611031e-03    5.093032121658325e-01    2.366705052554607e-02
    vertex    9.728330187499523e-03    5.127574801445007e-01    2.427051030099392e-02
  endloop
endfacet
facet normal   -3.696545947365177e-01    9.290207869290102e-01    1.660897480230693e-02
  outer loop
    vertex    2.187651954591274e-02    5.211409926414490e-01    2.394264936447144e-02
    vertex    2.292291074991226e-02    5.215607285499573e-01    2.375359088182449e-02
    vertex    2.190062962472438e-02    5.211616754531860e-01    2.332236059010029e-02
  endloop
endfacet
facet normal    6.545053780390453e-01    5.532008264217965e-01    5.153557565063265e-01
  outer loop
    vertex    3.326117992401123e-02    5.163329839706421e-01    1.319563016295433e-02
    vertex    3.065467998385429e-02    5.188819169998169e-01    1.376978959888220e-02
    vertex    3.365791961550713e-02    5.152698159217834e-01    1.383300963789225e-02
  endloop
endfacet
facet normal   -3.234513783869166e-01    8.025045324447991e-01    5.013638212168464e-01
  outer loop
    vertex    2.091114036738872e-02    5.198221206665039e-01    2.620228938758373e-02
    vertex    2.109736949205398e-02    5.202677249908447e-01    2.560918033123016e-02
    vertex    1.734595000743866e-02    5.173031091690063e-01    2.793426997959614e-02
  endloop
endfacet
facet normal    3.938421046177034e-01   -8.356756881670551e-01    3.827983030746307e-01
  outer loop
    vertex    3.385047987103462e-02    5.008664727210999e-01    1.466809958219528e-02
    vertex    3.315842151641846e-02    5.005400180816650e-01    1.466745045036077e-02
    vertex    3.505598008632660e-02    4.985876083374024e-01    8.452898822724819e-03
  endloop
endfacet
facet normal   -9.040861986658910e-02   -9.576803723245714e-01    2.732665107877085e-01
  outer loop
    vertex    3.315842151641846e-02    5.005400180816650e-01    1.466745045036077e-02
    vertex    3.176501020789146e-02    5.004814863204956e-01    1.400132011622190e-02
    vertex    3.505598008632660e-02    4.985876083374024e-01    8.452898822724819e-03
  endloop
endfacet
facet normal   -2.924878273990886e-01   -9.392549884123843e-01    1.795854603407889e-01
  outer loop
    vertex    3.176501020789146e-02    5.004814863204956e-01    1.400132011622190e-02
    vertex    2.641477994620800e-02    5.019850134849548e-01    1.315112970769405e-02
    vertex    3.051885962486267e-02    5.006440281867981e-01    1.282185036689043e-02
  endloop
endfacet
facet normal    1.567428745422697e-01   -6.269372412302517e-01    7.631391529982113e-01
  outer loop
    vertex    3.104053065180778e-02    5.016192197799683e-01    1.598903909325600e-02
    vertex    2.963542938232422e-02    5.015076994895935e-01    1.618601940572262e-02
    vertex    3.315842151641846e-02    5.005400180816650e-01    1.466745045036077e-02
  endloop
endfacet
facet normal   -1.167880566638142e-01   -9.378821053387171e-01    3.267073710617888e-01
  outer loop
    vertex    3.315842151641846e-02    5.005400180816650e-01    1.466745045036077e-02
    vertex    2.963542938232422e-02    5.015076994895935e-01    1.618601940572262e-02
    vertex    3.176501020789146e-02    5.004814863204956e-01    1.400132011622190e-02
  endloop
endfacet
facet normal   -1.638126461739009e-02   -2.836867592841802e-01    9.587770735558786e-01
  outer loop
    vertex    2.993699908256530e-02    5.027871131896973e-01    1.656972989439964e-02
    vertex    2.782735973596573e-02    5.066941976547241e-01    1.768972910940647e-02
    vertex    2.963542938232422e-02    5.015076994895935e-01    1.618601940572262e-02
  endloop
endfacet
facet normal   -5.046022988420468e-01   -4.231674253344364e-01    7.525329561814194e-01
  outer loop
    vertex    2.852552011609077e-02    5.018926262855530e-01    1.591458916664124e-02
    vertex    2.613605000078678e-02    5.050848126411438e-01    1.610740087926388e-02
    vertex    2.048286981880664e-02    5.043854713439941e-01    1.192346960306168e-02
  endloop
endfacet
facet normal   -4.717492007655735e-01   -6.951298555115132e-01    5.424455507731493e-01
  outer loop
    vertex    2.048286981880664e-02    5.043854713439941e-01    1.192346960306168e-02
    vertex    1.888353005051613e-02    5.053542852401733e-01    1.177407987415791e-02
    vertex    1.884507015347480e-02    5.045930743217468e-01    1.076516043394804e-02
  endloop
endfacet
facet normal    2.818143412944334e-01   -9.477278119149324e-01   -1.496418108809134e-01
  outer loop
    vertex    2.280024066567421e-02    5.115318894386292e-01    2.899553999304771e-02
    vertex    2.189858071506023e-02    5.111845135688782e-01    2.949751913547516e-02
    vertex    2.106473036110401e-02    5.117728114128113e-01    2.420129068195820e-02
  endloop
endfacet
facet normal    9.775387779518090e-02   -9.579099573688868e-01   -2.699123801338912e-01
  outer loop
    vertex    3.609081963077187e-03    5.073407292366028e-01    1.245776005089283e-02
    vertex    2.597291953861713e-03    5.075830817222595e-01    1.123122032731771e-02
    vertex    7.996380329132080e-03    5.084993243217468e-01    9.934888221323490e-03
  endloop
endfacet
facet normal   -2.432672720927115e-01   -9.163251221049207e-01    3.180712261867973e-01
  outer loop
    vertex   -3.029643092304469e-03    5.089172124862671e-01    7.977166213095188e-03
    vertex   -4.085877910256387e-03    5.091775059700012e-01    7.919210940599442e-03
    vertex   -3.668138058856131e-03    5.086184144020081e-01    6.628030911087990e-03
  endloop
endfacet
facet normal    2.161356211643441e-01   -9.763579953033438e-01    3.233925036084281e-03
  outer loop
    vertex    9.347615763545036e-03    5.084565877914429e-01    2.331414073705673e-02
    vertex    5.756276194006204e-03    5.076562762260437e-01    2.171416953206062e-02
    vertex    7.478817831724881e-03    5.080366134643555e-01    2.141815051436424e-02
  endloop
endfacet
facet normal    1.951346181243776e-02    1.420265377564594e-01    9.896704943469861e-01
  outer loop
    vertex   -2.223188988864424e-02    5.101125836372375e-01    5.396175198256969e-03
    vertex   -2.529012970626356e-02    5.155867934226990e-01    4.670877009630203e-03
    vertex   -2.359084039926531e-02    5.099666118621826e-01    5.443918053060770e-03
  endloop
endfacet
facet normal    8.996550740609565e-01   -4.186074606454364e-01   -1.240505606934297e-01
  outer loop
    vertex    9.359214454889297e-03    5.188853740692139e-01    8.872593753039837e-04
    vertex    9.347419254481792e-03    5.184615254402161e-01    2.231989987194538e-03
    vertex    8.712902665138245e-03    5.172392129898071e-01    1.754950964823365e-03
  endloop
endfacet
facet normal    6.592422031821237e-01    7.473626368263787e-01   -8.275751699695853e-02
  outer loop
    vertex    2.213444001972675e-02    5.143771171569824e-01    2.065942995250225e-02
    vertex    2.316720969974994e-02    5.132253170013428e-01    1.848479919135571e-02
    vertex    2.133077941834926e-02    5.150787830352783e-01    2.059408091008663e-02
  endloop
endfacet
facet normal   -2.422753372817120e-01   -9.666848832756663e-01    8.260143698110842e-02
  outer loop
    vertex    2.247931994497776e-02    5.014613866806030e-01    6.517089204862714e-04
    vertex    3.429052978754044e-02    4.986037909984589e-01    1.852296991273761e-03
    vertex    3.402991965413094e-02    4.987544119358063e-01    2.850627992302179e-03
  endloop
endfacet
facet normal    3.621829453226973e-01   -9.318607810705382e-01   -2.142425774635987e-02
  outer loop
    vertex    3.637816011905670e-02    4.983868002891541e-01    8.660260937176645e-04
    vertex    3.752981126308441e-02    4.988215863704682e-01    1.423725974746048e-03
    vertex    3.637403994798660e-02    4.983487129211426e-01    2.453006105497479e-03
  endloop
endfacet
facet normal   -3.810857980754637e-01   -7.309986231023442e-01    5.660517887328540e-01
  outer loop
    vertex    1.277625001966953e-02    5.084761977195740e-01    1.169408019632101e-02
    vertex    1.884507015347480e-02    5.045930743217468e-01    1.076516043394804e-02
    vertex    1.888353005051613e-02    5.053542852401733e-01    1.177407987415791e-02
  endloop
endfacet
facet normal    2.846682516734424e-01   -9.396905540721848e-01   -1.895933782511821e-01
  outer loop
    vertex    2.000913955271244e-02    5.116518139839172e-01    2.292908914387226e-02
    vertex    1.931340992450714e-02    5.105149149894714e-01    2.751933969557285e-02
    vertex    9.931070730090141e-03    5.086988806724548e-01    2.243296056985855e-02
  endloop
endfacet
facet normal    8.436015677629562e-02   -9.908283007195385e-01    1.055587156132094e-01
  outer loop
    vertex    9.959228336811066e-03    5.085967779159546e-01    2.414125017821789e-02
    vertex    6.447175983339547e-03    5.081468224525452e-01    2.272449061274529e-02
    vertex    9.347615763545036e-03    5.084565877914429e-01    2.331414073705673e-02
  endloop
endfacet
facet normal   -3.314693576642060e-01   -3.350689428579683e-01    8.819619427513424e-01
  outer loop
    vertex    2.709550037980079e-02    5.058838725090027e-01    1.710681989789009e-02
    vertex    2.782735973596573e-02    5.066941976547241e-01    1.768972910940647e-02
    vertex    2.593321911990642e-02    5.063108205795288e-01    1.683220081031322e-02
  endloop
endfacet
facet normal   -3.398240006764479e-01   -7.168790584917889e-01    6.087725881313808e-01
  outer loop
    vertex    1.952325925230980e-02    5.098723173141479e-01    1.725675910711288e-02
    vertex    2.730407938361168e-02    5.074747800827026e-01    1.877680979669094e-02
    vertex    2.006302960216999e-02    5.108122825622559e-01    1.866495050489902e-02
  endloop
endfacet
facet normal    2.624438705610881e-01   -9.505432851772957e-01   -1.661044183917736e-01
  outer loop
    vertex    1.931340992450714e-02    5.105149149894714e-01    2.751933969557285e-02
    vertex    2.030936069786548e-02    5.103585124015808e-01    2.998795919120312e-02
    vertex    1.842146925628185e-02    5.101609826087952e-01    2.813548035919666e-02
  endloop
endfacet
facet normal   -2.584589547044684e-01   -8.393217362477605e-01    4.782656079994866e-01
  outer loop
    vertex    2.730407938361168e-02    5.074747800827026e-01    1.877680979669094e-02
    vertex    2.782735973596573e-02    5.066941976547241e-01    1.768972910940647e-02
    vertex    2.823504060506820e-02    5.070742964744568e-01    1.857708953320980e-02
  endloop
endfacet
facet normal   -1.872266001383890e-01   -9.814088381462587e-01   -4.222431300838672e-02
  outer loop
    vertex    2.184757962822914e-02    5.120127797126770e-01    2.204252034425735e-02
    vertex    2.280024066567421e-02    5.115318894386292e-01    2.899553999304771e-02
    vertex    2.120908908545971e-02    5.121251940727234e-01    2.226082980632782e-02
  endloop
endfacet
facet normal   -5.933444967890787e-01   -7.930507075075618e-01    1.378872127931750e-01
  outer loop
    vertex   -2.352255024015905e-02    5.092999935150146e-01    4.582722205668688e-03
    vertex   -2.319715917110445e-02    5.091546177864075e-01    5.146796815097332e-03
    vertex   -2.662382088601591e-02    5.114446878433228e-01    3.572690067812800e-03
  endloop
endfacet
facet normal    7.297072433665354e-01    1.975966399646245e-01    6.545860576372694e-01
  outer loop
    vertex    3.585769981145859e-02    5.127604007720947e-01    1.201159972697496e-02
    vertex    3.376809135079384e-02    5.140399932861328e-01    1.395475026220083e-02
    vertex    3.617145866155624e-02    5.116397142410278e-01    1.200012955814600e-02
  endloop
endfacet
facet normal    4.209029197102149e-01    9.017413009973888e-01   -9.850562549901856e-02
  outer loop
    vertex    2.885477989912033e-02    5.161361098289490e-01    3.887210041284561e-03
    vertex    2.696930058300495e-02    5.171837210655212e-01    5.420833826065063e-03
    vertex    2.835699915885925e-02    5.165281891822815e-01    5.349428858608007e-03
  endloop
endfacet
facet normal   -2.577071477038410e-01    9.538198114261953e-01    1.543204242906549e-01
  outer loop
    vertex    2.801733091473579e-02    5.204228162765503e-01    1.358218956738710e-02
    vertex    2.825723029673099e-02    5.203620195388794e-01    1.435858011245728e-02
    vertex    2.892502024769783e-02    5.205361247062683e-01    1.439765002578497e-02
  endloop
endfacet
facet normal    5.536214679840710e-03    9.226282143929619e-01   -3.856507854692809e-01
  outer loop
    vertex    1.793944090604782e-02    5.167816281318665e-01    1.555291004478931e-02
    vertex    1.893310993909835e-02    5.164800286293030e-01    1.484563015401363e-02
    vertex    1.839685998857021e-02    5.160779953002930e-01    1.387611031532288e-02
  endloop
endfacet
facet normal   -4.893939526856259e-01    5.450803192018044e-01   -6.807209448030805e-01
  outer loop
    vertex    2.493409067392349e-02    5.197749137878418e-01    1.115560997277498e-02
    vertex    2.489718049764633e-02    5.186095833778381e-01    1.024901960045099e-02
    vertex    2.284332923591137e-02    5.175918936729431e-01    1.091070007532835e-02
  endloop
endfacet
facet normal    1.949704728009985e-02    7.519246344675931e-01    6.589607038573196e-01
  outer loop
    vertex   -1.931234076619150e-02    5.169376730918884e-01    3.702297108247876e-03
    vertex   -1.730315946042539e-02    5.173465013504028e-01    3.176345955580473e-03
    vertex   -2.368368953466417e-02    5.175381898880005e-01    3.146399045363069e-03
  endloop
endfacet
facet normal    6.206124360697833e-02    6.591507817737230e-01    7.494455610176400e-01
  outer loop
    vertex   -1.931234076619150e-02    5.169376730918884e-01    3.702297108247876e-03
    vertex   -1.496342010796071e-02    5.171418190002441e-01    3.162615001201630e-03
    vertex   -1.730315946042539e-02    5.173465013504028e-01    3.176345955580473e-03
  endloop
endfacet
facet normal    8.814732793452455e-02    5.831619788800464e-01    8.075593816969200e-01
  outer loop
    vertex   -1.308766007423402e-02    5.159375071525574e-01    3.827539039775729e-03
    vertex   -1.143386960029603e-02    5.164471864700317e-01    3.278969088569283e-03
    vertex   -1.496342010796071e-02    5.171418190002441e-01    3.162615001201630e-03
  endloop
endfacet
facet normal   -3.592574636835341e-01    7.899903204850215e-01    4.968393788012855e-01
  outer loop
    vertex    4.461480770260095e-03    5.139006972312927e-01    1.082576997578144e-02
    vertex    5.739157088100909e-03    5.137090086936951e-01    1.205443032085896e-02
    vertex    5.622204858809709e-03    5.147596001625061e-01    1.029939018189907e-02
  endloop
endfacet
facet normal   -2.215471729739185e-01    8.451565137813059e-01    4.864435397456667e-01
  outer loop
    vertex   -3.103961935266853e-03    5.150179266929626e-01    5.438196007162333e-03
    vertex    9.479096159338951e-03    5.188338756561279e-01    4.539154004305601e-03
    vertex    4.948623944073915e-03    5.179244875907898e-01    4.055771976709366e-03
  endloop
endfacet
facet normal   -1.237987483066590e-01    3.006450612333832e-01    9.456671809223791e-01
  outer loop
    vertex   -6.888906937092557e-03    5.137267112731934e-01    5.510962102562189e-03
    vertex   -1.250149961560966e-02    5.145694017410278e-01    4.508302081376314e-03
    vertex   -1.248050015419723e-02    5.107465982437134e-01    5.726390983909369e-03
  endloop
endfacet
facet normal   -6.110181257281649e-02    4.905769629070703e-01    8.692530195318228e-01
  outer loop
    vertex   -6.888906937092557e-03    5.137267112731934e-01    5.510962102562189e-03
    vertex   -6.427546031773105e-03    5.143707990646362e-01    5.179890897125006e-03
    vertex   -1.308766007423402e-02    5.159375071525574e-01    3.827539039775729e-03
  endloop
endfacet
facet normal   -3.945306499940807e-01    5.256337646371192e-01    7.536940438192793e-01
  outer loop
    vertex    4.201963078230619e-03    5.133985280990601e-01    1.104013994336128e-02
    vertex    4.461480770260095e-03    5.139006972312927e-01    1.082576997578144e-02
    vertex   -5.095848813653007e-03    5.133427977561951e-01    6.211949978023767e-03
  endloop
endfacet
facet normal   -2.067077279121068e-01    9.121070014116237e-01   -3.540236336705653e-01
  outer loop
    vertex    2.292291074991226e-02    5.215607285499573e-01    2.375359088182449e-02
    vertex    1.940719038248062e-02    5.188732147216797e-01    1.888223923742771e-02
    vertex    2.190062962472438e-02    5.211616754531860e-01    2.332236059010029e-02
  endloop
endfacet
facet normal   -3.576092817588933e-01    9.019225813926852e-01   -2.421802196172173e-01
  outer loop
    vertex    1.939653977751732e-02    5.196928977966309e-01    2.154996991157532e-02
    vertex    1.402300037443638e-02    5.177041292190552e-01    2.207813970744610e-02
    vertex    2.190062962472438e-02    5.211616754531860e-01    2.332236059010029e-02
  endloop
endfacet
facet normal    6.531113249970454e-01    7.542901583925592e-01    6.702204199166101e-02
  outer loop
    vertex    2.133077941834926e-02    5.150787830352783e-01    2.059408091008663e-02
    vertex    2.134235017001629e-02    5.147373080253601e-01    2.432440966367722e-02
    vertex    2.213444001972675e-02    5.143771171569824e-01    2.065942995250225e-02
  endloop
endfacet
facet normal    1.540650029202143e-01   -9.754782874126101e-01    1.571816963318429e-01
  outer loop
    vertex    1.616224087774753e-02    5.107297897338867e-01    1.751358062028885e-02
    vertex    1.803738996386528e-02    5.111879706382751e-01    1.851910911500454e-02
    vertex    1.948300004005432e-02    5.117186903953552e-01    2.039583958685398e-02
  endloop
endfacet
facet normal    8.884592357539008e-01   -1.503073507019331e-01    4.336448855095154e-01
  outer loop
    vertex    3.716060891747475e-02    5.004010200500488e-01    8.463072590529919e-03
    vertex    3.861476853489876e-02    5.096095800399780e-01    8.675579912960529e-03
    vertex    3.456494957208633e-02    5.016670823097229e-01    1.421993970870972e-02
  endloop
endfacet
facet normal    4.618386120589990e-01    5.879941294169357e-01   -6.640542147917121e-01
  outer loop
    vertex    2.134235017001629e-02    5.147373080253601e-01    2.432440966367722e-02
    vertex    2.260676026344299e-02    5.172097086906433e-01    2.739300020039082e-02
    vertex    2.342342957854271e-02    5.141363143920898e-01    2.523960918188095e-02
  endloop
endfacet
facet normal    8.681174641882236e-01   -9.862297700025488e-02   -4.864623076652657e-01
  outer loop
    vertex    2.068915963172912e-02    5.187873244285583e-01    1.941962912678719e-02
    vertex    2.297431975603103e-02    5.209317803382874e-01    2.306286059319973e-02
    vertex    2.131555043160915e-02    5.162631273269653e-01    2.104919962584972e-02
  endloop
endfacet
facet normal    1.819350063650116e-01    7.032712945602304e-01    6.872475097856237e-01
  outer loop
    vertex   -2.366534993052484e-02    5.199447274208069e-01    6.788959144614637e-04
    vertex   -2.368368953466417e-02    5.175381898880005e-01    3.146399045363069e-03
    vertex   -1.948981918394567e-02    5.189021825790405e-01    6.403605220839381e-04
  endloop
endfacet
facet normal   -5.698450362631592e-01    8.146441782275716e-01    1.078494206111613e-01
  outer loop
    vertex    1.325101032853127e-02    5.187281966209412e-01    1.346693001687527e-02
    vertex    9.480349719524384e-03    5.159609913825989e-01    1.444603037089109e-02
    vertex    1.222412008792162e-02    5.174180269241333e-01    1.793755032122135e-02
  endloop
endfacet
facet normal    1.115085398907443e-02    2.191975650992949e-01    9.756167720523541e-01
  outer loop
    vertex   -2.223188988864424e-02    5.101125836372375e-01    5.396175198256969e-03
    vertex   -1.423982996493579e-02    5.151258707046509e-01    4.178464878350496e-03
    vertex   -1.929616928100588e-02    5.158373117446899e-01    4.076412878930569e-03
  endloop
endfacet
facet normal    3.220672153945234e-02   -9.039977311619448e-01   -4.263224473819508e-01
  outer loop
    vertex    2.597291953861713e-03    5.075830817222595e-01    1.123122032731771e-02
    vertex   -3.029643092304469e-03    5.089172124862671e-01    7.977166213095188e-03
    vertex    4.636384081095456e-03    5.084586143493652e-01    9.528736583888531e-03
  endloop
endfacet
facet normal   -4.432276023405606e-01   -7.746345687712929e-01    4.510992988111941e-01
  outer loop
    vertex    2.199484035372734e-02    5.117092132568359e-01    2.083165012300014e-02
    vertex    2.730407938361168e-02    5.074747800827026e-01    1.877680979669094e-02
    vertex    2.778968960046768e-02    5.092133879661560e-01    2.223950996994972e-02
  endloop
endfacet
facet normal   -1.181781644378203e-01   -9.929923216483796e-01    4.130344642221556e-04
  outer loop
    vertex   -7.607219740748420e-03    5.094242691993713e-01    4.336477803772565e-19
    vertex   -7.880637422204032e-03    5.094590187072754e-01    5.311892833560705e-03
    vertex   -9.739245288074030e-03    5.096780061721802e-01    4.336477683876294e-19
  endloop
endfacet
facet normal    3.566271309837353e-01    6.994671090398742e-01   -6.193245133350611e-01
  outer loop
    vertex    2.026260085403919e-02    5.185946822166443e-01    1.799949072301388e-02
    vertex    2.254647947847843e-02    5.162774920463562e-01    1.669757999479771e-02
    vertex    1.893310993909835e-02    5.164800286293030e-01    1.484563015401363e-02
  endloop
endfacet
facet normal   -8.756630288836422e-01    4.242328408189032e-01   -2.307395861508131e-01
  outer loop
    vertex    2.342423051595688e-02    5.149776935577393e-01    8.331284858286381e-03
    vertex    2.044044062495231e-02    5.066905021667480e-01    4.418197087943554e-03
    vertex    2.059308066964149e-02    5.078275203704834e-01    5.929421167820692e-03
  endloop
endfacet
facet normal    9.349790737971629e-01    3.446453006716469e-01   -8.386744473482760e-02
  outer loop
    vertex    3.948802128434181e-02    5.109557509422302e-01   -3.282377285010137e-23
    vertex    3.951914981007576e-02    5.109689831733704e-01    4.014066071249545e-04
    vertex    3.976536169648170e-02    5.102033615112305e-01   -2.713787652534018e-20
  endloop
endfacet
facet normal   -2.451001883982206e-01   -9.690436609437409e-01   -2.966952699165618e-02
  outer loop
    vertex    2.247931994497776e-02    5.014613866806030e-01    6.517089204862714e-04
    vertex    2.250188775360584e-02    5.014756321907043e-01   -3.291929581580203e-23
    vertex    2.484737895429134e-02    5.008823871612549e-01   -3.290610574634250e-23
  endloop
endfacet
facet normal    2.193472677373499e-01   -9.755534472192632e-01    1.349991684314449e-02
  outer loop
    vertex    3.637816011905670e-02    4.983868002891541e-01    8.660260937176645e-04
    vertex    3.634358197450638e-02    4.983670413494111e-01   -1.230484778726696e-20
    vertex    3.664671629667282e-02    4.984351992607117e-01   -3.283975116836723e-23
  endloop
endfacet
facet normal    9.911042265462395e-01   -1.330751821631519e-01   -1.846080828263205e-03
  outer loop
    vertex    3.811885043978691e-02    4.998156130313874e-01    3.157248022034764e-03
    vertex    3.810074925422668e-02    4.997049868106843e-01    1.413794001564384e-03
    vertex    3.857240825891495e-02    5.031980276107788e-01    2.836371073499322e-03
  endloop
endfacet
facet normal    5.063614851209663e-01   -8.538586667494767e-01    1.205131677572846e-01
  outer loop
    vertex    3.586442023515701e-02    4.986557066440583e-01    8.596722967922688e-03
    vertex    3.777178004384041e-02    4.989860951900483e-01    2.923414111137390e-03
    vertex    3.648447990417480e-02    4.990251958370209e-01    8.609312586486340e-03
  endloop
endfacet
facet normal    9.623229536928206e-01   -1.897702467946402e-01    1.947351694672200e-01
  outer loop
    vertex    3.811885043978691e-02    4.998156130313874e-01    3.157248022034764e-03
    vertex    3.846364095807076e-02    5.040658712387085e-01    5.595291033387184e-03
    vertex    3.716060891747475e-02    5.004010200500488e-01    8.463072590529919e-03
  endloop
endfacet
facet normal    9.192881974344639e-01   -1.535316541726046e-01    3.624048029824076e-01
  outer loop
    vertex    3.716060891747475e-02    5.004010200500488e-01    8.463072590529919e-03
    vertex    3.907902911305428e-02    5.095481872558594e-01    7.471912074834108e-03
    vertex    3.861476853489876e-02    5.096095800399780e-01    8.675579912960529e-03
  endloop
endfacet
facet normal    8.859340682568831e-02   -2.299802002663336e-01    9.691544333863800e-01
  outer loop
    vertex    2.782735973596573e-02    5.066941976547241e-01    1.768972910940647e-02
    vertex    2.993699908256530e-02    5.027871131896973e-01    1.656972989439964e-02
    vertex    2.885773032903671e-02    5.071154832839966e-01    1.769551075994968e-02
  endloop
endfacet
facet normal    6.039517664224946e-01    7.924743675447531e-01    8.500965015627591e-02
  outer loop
    vertex    3.602961823344231e-02    5.130072236061096e-01    1.104610040783882e-02
    vertex    3.534428030252457e-02    5.136123895645142e-01    1.027362979948521e-02
    vertex    3.446371108293533e-02    5.142139792442322e-01    1.092152018100023e-02
  endloop
endfacet
facet normal    5.913235697507589e-01    7.242222762254732e-01   -3.547372696461619e-01
  outer loop
    vertex    3.310823068022728e-02    5.154039859771729e-01    1.169120986014605e-02
    vertex    2.921682037413120e-02    5.163341164588928e-01    7.103416137397289e-03
    vertex    2.813467010855674e-02    5.171440243721008e-01    6.953029893338680e-03
  endloop
endfacet
facet normal    6.439712708445461e-01    6.199459467099458e-01   -4.482945744538619e-01
  outer loop
    vertex    3.310823068022728e-02    5.154039859771729e-01    1.169120986014605e-02
    vertex    2.813467010855674e-02    5.171440243721008e-01    6.953029893338680e-03
    vertex    3.326117992401123e-02    5.163329839706421e-01    1.319563016295433e-02
  endloop
endfacet
facet normal    6.339230191381799e-02    7.887165428847596e-01   -6.114798696915384e-01
  outer loop
    vertex    2.724340930581092e-02    5.179644823074341e-01    6.996483076363802e-03
    vertex    2.670178934931755e-02    5.181788802146912e-01    7.216874044388533e-03
    vertex    2.734722010791301e-02    5.215693116188049e-01    1.165692973881960e-02
  endloop
endfacet
facet normal   -5.175850560397668e-01    7.134138609923645e-01   -4.723837134240327e-01
  outer loop
    vertex    2.696930058300495e-02    5.171837210655212e-01    5.420833826065063e-03
    vertex    2.500195987522602e-02    5.184034109115601e-01    9.418452158570290e-03
    vertex    2.670178934931755e-02    5.181788802146912e-01    7.216874044388533e-03
  endloop
endfacet
facet normal    8.083104782704904e-01   -1.726555313431056e-01    5.628714224534418e-01
  outer loop
    vertex    2.885773032903671e-02    5.071154832839966e-01    1.769551075994968e-02
    vertex    3.043003007769584e-02    5.123631954193115e-01    1.704729907214642e-02
    vertex    2.823504060506820e-02    5.070742964744568e-01    1.857708953320980e-02
  endloop
endfacet
facet normal   -4.168573273229497e-02    9.267492476589956e-01    3.733605919885727e-01
  outer loop
    vertex    2.814083918929100e-02    5.214725732803345e-01    1.198565959930420e-02
    vertex    2.734722010791301e-02    5.215693116188049e-01    1.165692973881960e-02
    vertex    2.892502024769783e-02    5.205361247062683e-01    1.439765002578497e-02
  endloop
endfacet
facet normal    9.069521537273667e-01    3.751812714056781e-01   -1.915118911078627e-01
  outer loop
    vertex    2.342342957854271e-02    5.141363143920898e-01    2.523960918188095e-02
    vertex    2.260676026344299e-02    5.172097086906433e-01    2.739300020039082e-02
    vertex    2.274635992944240e-02    5.171573162078857e-01    2.795146964490414e-02
  endloop
endfacet
facet normal    9.702191914175011e-01    9.765870337549176e-02   -2.216697955522763e-01
  outer loop
    vertex    2.133077941834926e-02    5.150787830352783e-01    2.059408091008663e-02
    vertex    2.068915963172912e-02    5.187873244285583e-01    1.941962912678719e-02
    vertex    2.131555043160915e-02    5.162631273269653e-01    2.104919962584972e-02
  endloop
endfacet
facet normal    9.324028895273531e-01    2.975492404594293e-01   -2.051567720136469e-01
  outer loop
    vertex    2.147966064512729e-02    5.192720293998718e-01    2.526161074638367e-02
    vertex    2.274635992944240e-02    5.171573162078857e-01    2.795146964490414e-02
    vertex    2.260676026344299e-02    5.172097086906433e-01    2.739300020039082e-02
  endloop
endfacet
facet normal    9.733474143303186e-02    9.880113023472565e-01   -1.198316091198106e-01
  outer loop
    vertex    2.179875038564205e-02    5.156567096710205e-01    1.316583994776011e-02
    vertex    1.839685998857021e-02    5.160779953002930e-01    1.387611031532288e-02
    vertex    2.352211065590381e-02    5.159273147583008e-01    1.679679937660694e-02
  endloop
endfacet
facet normal   -9.905924407344541e-01    1.360786972289894e-01   -1.446390404483366e-02
  outer loop
    vertex    1.976766996085643e-02    5.046588778495789e-01    8.345182868652046e-04
    vertex    1.959276013076305e-02    5.033823251724243e-01    8.035951177589595e-04
    vertex    1.974599994719028e-02    5.048682093620300e-01    4.288061056286097e-03
  endloop
endfacet
facet normal   -5.663943099301976e-01    3.034966349464530e-01    7.662162085566153e-01
  outer loop
    vertex    2.209624089300632e-02    5.129743814468384e-01    9.956326335668564e-03
    vertex    1.869750022888183e-02    5.063130855560303e-01    1.008247025310993e-02
    vertex    2.150944061577320e-02    5.097879171371460e-01    1.078470982611179e-02
  endloop
endfacet
facet normal   -9.419066711535279e-01    3.266962965783587e-01    7.798302788725735e-02
  outer loop
    vertex    2.360356971621513e-02    5.159798860549927e-01    1.013816986232996e-02
    vertex    2.150944061577320e-02    5.097879171371460e-01    1.078470982611179e-02
    vertex    2.173269912600517e-02    5.103834271430969e-01    1.098651997745037e-02
  endloop
endfacet
facet normal   -3.029169446514236e-01    6.712537538917199e-02   -9.506500452963274e-01
  outer loop
    vertex    2.173269912600517e-02    5.103834271430969e-01    1.098651997745037e-02
    vertex    1.939547993242740e-02    5.146015882492065e-01    1.202910020947456e-02
    vertex    2.066411077976226e-02    5.153334736824036e-01    1.167653966695070e-02
  endloop
endfacet
facet normal    5.866221249199347e-01    2.175362667442360e-01   -7.800977215742918e-01
  outer loop
    vertex    1.441635005176067e-02    5.189620852470398e-01    1.119005028158426e-02
    vertex    1.233275979757309e-02    5.166385769844055e-01    8.975292555987835e-03
    vertex    1.496329996734858e-02    5.198209881782532e-01    1.184086035937071e-02
  endloop
endfacet
facet normal    8.408967969445050e-01   -3.024768208868115e-01   -4.487765030777341e-01
  outer loop
    vertex    1.233275979757309e-02    5.166385769844055e-01    8.975292555987835e-03
    vertex    1.013823971152306e-02    5.105525851249695e-01    8.965279906988144e-03
    vertex    9.609719738364220e-03    5.176445841789246e-01    3.194933058694005e-03
  endloop
endfacet
facet normal    2.778543288743688e-01    9.006855687695621e-01   -3.340096976676342e-01
  outer loop
    vertex    9.347419254481792e-03    5.184615254402161e-01    2.231989987194538e-03
    vertex    1.002159994095564e-02    5.189617276191711e-01    4.141661804169416e-03
    vertex    1.381462998688221e-02    5.199031829833984e-01    9.835703298449516e-03
  endloop
endfacet
facet normal    9.284239302384513e-01   -3.712995535230927e-01   -1.287040458336126e-02
  outer loop
    vertex    9.359214454889297e-03    5.188853740692139e-01    8.872593753039837e-04
    vertex    8.712902665138245e-03    5.172392129898071e-01    1.754950964823365e-03
    vertex    6.723687052726745e-03    5.122662782669067e-01    1.724887057207525e-03
  endloop
endfacet
facet normal    4.674519327238515e-02    9.902546602646939e-01    1.311891562972451e-01
  outer loop
    vertex   -2.614882076159120e-03    5.181651115417480e-01    4.726410043076612e-05
    vertex   -1.745495945215227e-02    5.188406109809875e-01    2.361960068810731e-04
    vertex   -6.008846219629064e-03    5.182480812072754e-01    6.303184782154858e-04
  endloop
endfacet
facet normal   -2.206135658260894e-01    9.026492838669031e-01    3.695320350227632e-01
  outer loop
    vertex    7.671099156141280e-03    5.186747908592224e-01    3.848358988761902e-03
    vertex    4.948623944073915e-03    5.179244875907898e-01    4.055771976709366e-03
    vertex    9.479096159338951e-03    5.188338756561279e-01    4.539154004305601e-03
  endloop
endfacet
facet normal   -5.133658105120438e-01    8.419707713729021e-01    1.659541043512707e-01
  outer loop
    vertex    1.439278014004230e-02    5.195503234863281e-01    1.282783038914204e-02
    vertex    1.324552018195391e-02    5.190991163253784e-01    1.156807970255613e-02
    vertex    1.325101032853127e-02    5.187281966209412e-01    1.346693001687527e-02
  endloop
endfacet
facet normal   -5.338249578702146e-01    8.366636054955822e-01    1.225762032125192e-01
  outer loop
    vertex    1.439278014004230e-02    5.195503234863281e-01    1.282783038914204e-02
    vertex    1.325101032853127e-02    5.187281966209412e-01    1.346693001687527e-02
    vertex    1.222412008792162e-02    5.174180269241333e-01    1.793755032122135e-02
  endloop
endfacet
facet normal    2.622508317895685e-02    3.221320146919455e-01    9.463314483428970e-01
  outer loop
    vertex   -1.929616928100588e-02    5.158373117446899e-01    4.076412878930569e-03
    vertex   -1.423982996493579e-02    5.151258707046509e-01    4.178464878350496e-03
    vertex   -1.931234076619150e-02    5.169376730918884e-01    3.702297108247876e-03
  endloop
endfacet
facet normal   -7.614589848217630e-02    3.049605354641640e-01    9.493160032116558e-01
  outer loop
    vertex   -1.423982996493579e-02    5.151258707046509e-01    4.178464878350496e-03
    vertex   -1.782372035086157e-02    5.101531147956848e-01    5.488456226885319e-03
    vertex   -1.248050015419723e-02    5.107465982437134e-01    5.726390983909369e-03
  endloop
endfacet
facet normal   -2.866204639109200e-01    2.951905463475297e-01    9.114336240311390e-01
  outer loop
    vertex   -6.888906937092557e-03    5.137267112731934e-01    5.510962102562189e-03
    vertex   -7.358278147876277e-03    5.100666880607605e-01    6.548747885972261e-03
    vertex   -5.747491028159872e-03    5.102850794792175e-01    6.984564010053873e-03
  endloop
endfacet
facet normal   -4.941350694408513e-01   -7.697006822894561e-03    8.693510736374882e-01
  outer loop
    vertex   -5.747491028159872e-03    5.102850794792175e-01    6.984564010053873e-03
    vertex   -4.085877910256387e-03    5.091775059700012e-01    7.919210940599442e-03
    vertex    2.059151884168386e-03    5.079060792922974e-01    1.140076015144587e-02
  endloop
endfacet
facet normal   -4.643847689272266e-01    1.079052805602244e-01    8.790354013437830e-01
  outer loop
    vertex   -5.747491028159872e-03    5.102850794792175e-01    6.984564010053873e-03
    vertex    2.059151884168386e-03    5.079060792922974e-01    1.140076015144587e-02
    vertex    2.412104047834872e-03    5.087335109710693e-01    1.148565020412207e-02
  endloop
endfacet
facet normal   -7.603721120788995e-01    6.398614769219251e-01    1.114070981758619e-01
  outer loop
    vertex    1.031207013875246e-02    5.144624114036560e-01    2.020432054996490e-02
    vertex    8.948955684900284e-03    5.122972726821899e-01    2.333620935678482e-02
    vertex    1.208360958844423e-02    5.161482095718384e-01    2.261307090520859e-02
  endloop
endfacet
facet normal   -6.008699415662418e-01    5.534417468645680e-01    5.767647233921961e-01
  outer loop
    vertex    1.048765983432531e-02    5.136212706565857e-01    2.432229928672314e-02
    vertex    1.688545010983944e-02    5.165671110153198e-01    2.816076017916203e-02
    vertex    1.734595000743866e-02    5.173031091690063e-01    2.793426997959614e-02
  endloop
endfacet
facet normal    2.223917706180841e-02    3.057461547821752e-01    9.518533016381924e-01
  outer loop
    vertex    1.813058927655220e-02    5.173937082290649e-01    2.826232090592384e-02
    vertex    1.828661002218723e-02    5.159763097763062e-01    2.871396020054817e-02
    vertex    2.202307060360908e-02    5.171329975128174e-01    2.825511991977692e-02
  endloop
endfacet
facet normal    5.671160812395132e-01    7.429042931681139e-01    3.556298097627965e-01
  outer loop
    vertex    1.345933973789215e-02    5.174612998962402e-01    2.093999087810516e-02
    vertex    1.456231996417046e-02    5.177062749862671e-01    1.866934075951576e-02
    vertex    1.586068980395794e-02    5.195869207382202e-01    1.267021987587214e-02
  endloop
endfacet
facet normal   -1.922771420911832e-01    8.669236676381001e-01   -4.598617782748983e-01
  outer loop
    vertex    2.026260085403919e-02    5.185946822166443e-01    1.799949072301388e-02
    vertex    1.793944090604782e-02    5.167816281318665e-01    1.555291004478931e-02
    vertex    1.940719038248062e-02    5.188732147216797e-01    1.888223923742771e-02
  endloop
endfacet
facet normal   -2.823323891684165e-01   -9.444671340304276e-01    1.681376066286310e-01
  outer loop
    vertex    3.176501020789146e-02    5.004814863204956e-01    1.400132011622190e-02
    vertex    3.051885962486267e-02    5.006440281867981e-01    1.282185036689043e-02
    vertex    3.165875002741814e-02    4.995625913143159e-01    8.661248721182346e-03
  endloop
endfacet
facet normal   -3.906095039781083e-01   -7.597182219121215e-01    5.198580947688136e-01
  outer loop
    vertex    2.963542938232422e-02    5.015076994895935e-01    1.618601940572262e-02
    vertex    2.852552011609077e-02    5.018926262855530e-01    1.591458916664124e-02
    vertex    2.871029078960418e-02    5.014935135841370e-01    1.547016017138958e-02
  endloop
endfacet
facet normal   -3.720969656944608e-01   -5.172101872212264e-01    7.707382631967608e-01
  outer loop
    vertex    2.709550037980079e-02    5.058838725090027e-01    1.710681989789009e-02
    vertex    2.593321911990642e-02    5.063108205795288e-01    1.683220081031322e-02
    vertex    2.613605000078678e-02    5.050848126411438e-01    1.610740087926388e-02
  endloop
endfacet
facet normal   -1.221895750766108e-02   -9.798624395898750e-01    1.992995146968617e-01
  outer loop
    vertex    7.996380329132080e-03    5.084993243217468e-01    9.934888221323490e-03
    vertex    4.636384081095456e-03    5.084586143493652e-01    9.528736583888531e-03
    vertex    6.941035855561494e-03    5.082967877388000e-01    8.874407969415188e-03
  endloop
endfacet
facet normal   -4.555505019784077e-01   -8.663785376092330e-01    2.046019787717301e-01
  outer loop
    vertex    3.609081963077187e-03    5.073407292366028e-01    1.245776005089283e-02
    vertex    2.059151884168386e-03    5.079060792922974e-01    1.140076015144587e-02
    vertex    2.597291953861713e-03    5.075830817222595e-01    1.123122032731771e-02
  endloop
endfacet
facet normal    4.712212507597721e-02   -9.988687321602562e-01   -6.384453060849980e-03
  outer loop
    vertex   -1.384092960506679e-02    5.097864866256714e-01    5.254731047898531e-03
    vertex   -1.346882525831462e-02    5.098376274108887e-01   -3.312158018271277e-23
    vertex   -1.295080408453943e-02    5.098620653152466e-01    4.336477503271552e-19
  endloop
endfacet
facet normal    9.289176341441197e-01   -3.702725734723530e-01   -3.201610571631085e-03
  outer loop
    vertex    8.708874695003033e-03    5.172603726387024e-01    1.318240974796936e-04
    vertex    9.359214454889297e-03    5.188853740692139e-01    8.872593753039837e-04
    vertex    6.723687052726745e-03    5.122662782669067e-01    1.724887057207525e-03
  endloop
endfacet
facet normal   -7.827741970710717e-01    1.906216787471324e-01    5.923917048637364e-01
  outer loop
    vertex   -2.648363076150419e-02    5.117713212966919e-01    4.573755897581577e-03
    vertex   -2.558143064379694e-02    5.164235234260559e-01    4.268904216587543e-03
    vertex   -2.691883966326715e-02    5.120232105255127e-01    3.917626105248928e-03
  endloop
endfacet
facet normal    4.998470875728792e-01    8.322437037444329e-01   -2.398401689097537e-01
  outer loop
    vertex    2.414307929575443e-02    5.132201910018921e-01    2.489697933197021e-02
    vertex    2.171397954225540e-02    5.143473744392395e-01    2.374584972858429e-02
    vertex    2.134235017001629e-02    5.147373080253601e-01    2.432440966367722e-02
  endloop
endfacet
facet normal   -1.233724501619853e-01   -9.914276869884779e-01   -4.301604367796916e-02
  outer loop
    vertex    3.445696830749512e-02    4.986596107482911e-01    8.841619273880497e-05
    vertex    3.637816011905670e-02    4.983868002891541e-01    8.660260937176645e-04
    vertex    3.429052978754044e-02    4.986037909984589e-01    1.852296991273761e-03
  endloop
endfacet
facet normal   -2.730710285347862e-01   -7.892922072418990e-01    5.499545662708558e-01
  outer loop
    vertex    1.963049918413162e-02    5.114349126815796e-01    1.934378035366535e-02
    vertex    1.277625001966953e-02    5.084761977195740e-01    1.169408019632101e-02
    vertex    2.006302960216999e-02    5.108122825622559e-01    1.866495050489902e-02
  endloop
endfacet
facet normal   -2.397032857546168e-01   -8.767572801917970e-01    4.169400513612516e-01
  outer loop
    vertex    1.134038995951414e-02    5.088201761245728e-01    1.159191969782114e-02
    vertex    1.183591969311237e-02    5.081623196601868e-01    1.049343962222338e-02
    vertex    1.277625001966953e-02    5.084761977195740e-01    1.169408019632101e-02
  endloop
endfacet
facet normal    1.043253029354624e-01   -9.810656905099964e-01    1.631758011212686e-01
  outer loop
    vertex    1.842146925628185e-02    5.101609826087952e-01    2.813548035919666e-02
    vertex    1.788284070789814e-02    5.102133750915527e-01    2.879484929144382e-02
    vertex    9.959228336811066e-03    5.085967779159546e-01    2.414125017821789e-02
  endloop
endfacet
facet normal    1.588106782481769e-01   -9.860574881159317e-01    4.969706837282399e-02
  outer loop
    vertex    1.842146925628185e-02    5.101609826087952e-01    2.813548035919666e-02
    vertex    9.959228336811066e-03    5.085967779159546e-01    2.414125017821789e-02
    vertex    9.347615763545036e-03    5.084565877914429e-01    2.331414073705673e-02
  endloop
endfacet
facet normal    2.984931524462424e-01   -9.541640968128823e-01   -2.174199383591127e-02
  outer loop
    vertex    1.412250008434057e-02    5.102024078369141e-01    1.908984966576099e-02
    vertex    5.752814933657645e-03    5.076050162315369e-01    1.817199960350990e-02
    vertex    7.324838079512118e-03    5.081685185432434e-01    1.502437982708216e-02
  endloop
endfacet
facet normal    2.904069216161165e-01   -9.565443178469216e-01   -2.620663794190370e-02
  outer loop
    vertex    5.752814933657645e-03    5.076050162315369e-01    1.817199960350990e-02
    vertex    5.190392024815082e-03    5.075812935829163e-01    1.280543021857738e-02
    vertex    7.324838079512118e-03    5.081685185432434e-01    1.502437982708216e-02
  endloop
endfacet
facet normal    2.893304069625096e-01   -9.453791355335595e-01   -1.501539400239903e-01
  outer loop
    vertex    2.120908908545971e-02    5.121251940727234e-01    2.226082980632782e-02
    vertex    2.106473036110401e-02    5.117728114128113e-01    2.420129068195820e-02
    vertex    2.000913955271244e-02    5.116518139839172e-01    2.292908914387226e-02
  endloop
endfacet
facet normal   -4.216282834408210e-01   -9.065635966875858e-01    1.928822862823047e-02
  outer loop
    vertex    2.609086036682129e-02    5.100206732749939e-01    2.304730936884880e-02
    vertex    2.778968960046768e-02    5.092133879661560e-01    2.223950996994972e-02
    vertex    2.546265907585621e-02    5.103862285614014e-01    2.649665065109730e-02
  endloop
endfacet
facet normal   -4.541041035219511e-01   -8.905992730739246e-01   -2.494790501670038e-02
  outer loop
    vertex    2.609086036682129e-02    5.100206732749939e-01    2.304730936884880e-02
    vertex    2.468690089881420e-02    5.106201767921448e-01    2.720101922750473e-02
    vertex    2.280024066567421e-02    5.115318894386292e-01    2.899553999304771e-02
  endloop
endfacet
facet normal    3.684356046756995e-01    9.292133357642135e-01    2.859688523589154e-02
  outer loop
    vertex    2.941320091485977e-02    5.151789188385010e-01    2.519988920539618e-04
    vertex    2.981263399124145e-02    5.150282979011536e-01   -3.287818321454763e-23
    vertex    2.970845811069011e-02    5.150696039199829e-01   -3.287876905648361e-23
  endloop
endfacet
facet normal    8.167988612245130e-01    5.079666635013103e-02    5.746819285396508e-01
  outer loop
    vertex    3.861476853489876e-02    5.096095800399780e-01    8.675579912960529e-03
    vertex    3.595849126577377e-02    5.102950930595398e-01    1.239036954939365e-02
    vertex    3.690310940146446e-02    5.092357993125916e-01    1.114141009747982e-02
  endloop
endfacet
facet normal    4.819266419075134e-01    8.528072249279511e-01    2.011629909561756e-01
  outer loop
    vertex    2.654070965945720e-02    5.120447278022766e-01    1.972408033907413e-02
    vertex    2.649761922657489e-02    5.112788081169128e-01    2.307434007525444e-02
    vertex    2.793890982866287e-02    5.105329751968384e-01    2.278330922126770e-02
  endloop
endfacet
facet normal   -3.327252724648073e-01    9.265744990971311e-01    1.753670170987706e-01
  outer loop
    vertex    2.493409067392349e-02    5.197749137878418e-01    1.115560997277498e-02
    vertex    2.825723029673099e-02    5.203620195388794e-01    1.435858011245728e-02
    vertex    2.801733091473579e-02    5.204228162765503e-01    1.358218956738710e-02
  endloop
endfacet
facet normal   -2.570301349385185e-01    8.530928753230251e-01    4.540573265641473e-01
  outer loop
    vertex    4.812190018128594e-04    5.142139196395874e-01    8.414447307586670e-03
    vertex    5.622204858809709e-03    5.147596001625061e-01    1.029939018189907e-02
    vertex    4.220777191221713e-03    5.149564146995544e-01    9.136298671364784e-03
  endloop
endfacet
facet normal   -4.414123490253492e-01   -8.899912834081506e-01    1.143269591366635e-01
  outer loop
    vertex    2.080786041915416e-02    5.025287270545959e-01    3.594228066504002e-03
    vertex    2.183490060269832e-02    5.022218227386475e-01    5.170462187379599e-03
    vertex    1.958180963993072e-02    5.040801167488098e-01    1.093745976686478e-02
  endloop
endfacet
facet normal    1.994065343384054e-01   -9.798516584928945e-01   -1.130315937561884e-02
  outer loop
    vertex    6.941035855561494e-03    5.082967877388000e-01    8.874407969415188e-03
    vertex    8.810545317828655e-03    5.086743831634521e-01    9.122559800744057e-03
    vertex    7.996380329132080e-03    5.084993243217468e-01    9.934888221323490e-03
  endloop
endfacet
facet normal   -2.459799516044359e-01   -8.850528102241167e-01    3.951903168387013e-01
  outer loop
    vertex    1.232853974215685e-03    5.056130290031433e-01    3.129300894215703e-03
    vertex    2.230704994872212e-03    5.054957866668701e-01    3.487826092168689e-03
    vertex   -5.248043220490232e-03    5.087845921516418e-01    6.198278162628412e-03
  endloop
endfacet
facet normal   -3.931939682250810e-01   -9.125224762229992e-01    1.126997503957293e-01
  outer loop
    vertex    1.232853974215685e-03    5.056130290031433e-01    3.129300894215703e-03
    vertex   -5.248043220490232e-03    5.087845921516418e-01    6.198278162628412e-03
    vertex   -5.088196136057392e-03    5.085800886154175e-01    5.100111011415720e-03
  endloop
endfacet
facet normal    7.984271490123930e-01    5.911106142464891e-01    1.144654071983329e-01
  outer loop
    vertex    2.213444001972675e-02    5.143771171569824e-01    2.065942995250225e-02
    vertex    2.134235017001629e-02    5.147373080253601e-01    2.432440966367722e-02
    vertex    2.171397954225540e-02    5.143473744392395e-01    2.374584972858429e-02
  endloop
endfacet
facet normal   -3.166217974250797e-01   -9.350751436669145e-01    1.593270632742946e-01
  outer loop
    vertex    2.279775962233543e-02    5.018467903137207e-01    3.546423045918345e-03
    vertex    2.080786041915416e-02    5.025287270545959e-01    3.594228066504002e-03
    vertex    2.247931994497776e-02    5.014613866806030e-01    6.517089204862714e-04
  endloop
endfacet
facet normal    1.724440873086496e-01   -9.698270515108478e-01    1.723326054757544e-01
  outer loop
    vertex    1.086242031306028e-02    5.089982151985168e-01    1.307213958352804e-02
    vertex    1.134038995951414e-02    5.088201761245728e-01    1.159191969782114e-02
    vertex    1.616224087774753e-02    5.107297897338867e-01    1.751358062028885e-02
  endloop
endfacet
facet normal    2.451112644625254e-01   -9.658431628128290e-01    8.406814427173383e-02
  outer loop
    vertex    1.086242031306028e-02    5.089982151985168e-01    1.307213958352804e-02
    vertex    1.616224087774753e-02    5.107297897338867e-01    1.751358062028885e-02
    vertex    1.559909991919994e-02    5.106400251388550e-01    1.812420040369034e-02
  endloop
endfacet
facet normal   -9.556044867862753e-01    2.569810152647354e-01    1.441555501097517e-01
  outer loop
    vertex   -2.691883966326715e-02    5.120232105255127e-01    3.917626105248928e-03
    vertex   -2.578677050769331e-02    5.165225863456726e-01    3.401213092729449e-03
    vertex   -2.691306918859484e-02    5.124875903129578e-01    3.128045005723834e-03
  endloop
endfacet
facet normal    4.697619764213727e-01    1.016297977265395e-01    8.769236396190653e-01
  outer loop
    vertex    3.092627041041851e-02    5.027465820312500e-01    1.627226918935776e-02
    vertex    3.396080061793327e-02    5.022956728935242e-01    1.469894964247942e-02
    vertex    3.263878077268600e-02    5.046736001968384e-01    1.513156015425920e-02
  endloop
endfacet
facet normal    5.327045515998969e-01    7.948055677681709e-01   -2.907059857475733e-01
  outer loop
    vertex    3.446371108293533e-02    5.142139792442322e-01    1.092152018100023e-02
    vertex    2.921682037413120e-02    5.163341164588928e-01    7.103416137397289e-03
    vertex    3.310823068022728e-02    5.154039859771729e-01    1.169120986014605e-02
  endloop
endfacet
facet normal    5.374803207625216e-01    8.431582153710820e-01   -1.411129495365127e-02
  outer loop
    vertex    3.835314139723778e-02    5.116484761238098e-01    7.532129064202309e-03
    vertex    3.689559176564217e-02    5.125761032104492e-01    7.442282978445292e-03
    vertex    3.534428030252457e-02    5.136123895645142e-01    1.027362979948521e-02
  endloop
endfacet
facet normal    6.701078326065529e-01    3.356282597372667e-02    7.415045713898232e-01
  outer loop
    vertex    3.376809135079384e-02    5.140399932861328e-01    1.395475026220083e-02
    vertex    3.047709912061691e-02    5.136064291000366e-01    1.694848947227001e-02
    vertex    3.043003007769584e-02    5.123631954193115e-01    1.704729907214642e-02
  endloop
endfacet
facet normal   -7.679133269121682e-01    3.962752388299395e-01    5.032644011262468e-01
  outer loop
    vertex    2.801733091473579e-02    5.204228162765503e-01    1.358218956738710e-02
    vertex    2.734722010791301e-02    5.215693116188049e-01    1.165692973881960e-02
    vertex    2.489718049764633e-02    5.186095833778381e-01    1.024901960045099e-02
  endloop
endfacet
facet normal    3.449290400165124e-01    3.254684865288288e-01    8.803943557462875e-01
  outer loop
    vertex    2.789106033742427e-02    5.195267796516418e-01    1.592898927628994e-02
    vertex    2.690847963094711e-02    5.133354067802429e-01    1.860281080007553e-02
    vertex    2.969129011034965e-02    5.139409899711609e-01    1.728866063058376e-02
  endloop
endfacet
facet normal   -3.534902842564077e-01    4.996089172048251e-01    7.908448323064053e-01
  outer loop
    vertex    2.386845089495182e-02    5.138723254203796e-01    1.799380034208298e-02
    vertex    2.718753926455974e-02    5.192543268203735e-01    1.607733033597469e-02
    vertex    2.407185919582843e-02    5.162823796272278e-01    1.656218990683556e-02
  endloop
endfacet
facet normal    3.571551530206381e-01    9.153084994599042e-01   -1.861465752767505e-01
  outer loop
    vertex    2.885477989912033e-02    5.161361098289490e-01    3.887210041284561e-03
    vertex    2.941320091485977e-02    5.151789188385010e-01    2.519988920539618e-04
    vertex    2.696930058300495e-02    5.171837210655212e-01    5.420833826065063e-03
  endloop
endfacet
facet normal   -9.182292387669119e-01    3.949341405887637e-01   -2.969999446046801e-02
  outer loop
    vertex    1.976766996085643e-02    5.046588778495789e-01    8.345182868652046e-04
    vertex    1.974599994719028e-02    5.048682093620300e-01    4.288061056286097e-03
    vertex    2.023988030850887e-02    5.059673190116882e-01    3.634206950664520e-03
  endloop
endfacet
facet normal   -9.788654928481810e-01   -4.786561664424342e-02   -1.988246203425375e-01
  outer loop
    vertex    1.974599994719028e-02    5.048682093620300e-01    4.288061056286097e-03
    vertex    1.990550942718982e-02    5.032970905303955e-01    3.880989970639348e-03
    vertex    1.863886043429374e-02    5.056021809577942e-01    9.562099352478981e-03
  endloop
endfacet
facet normal    8.041601902948584e-01   -3.388479311893705e-01   -4.883732874283980e-01
  outer loop
    vertex    8.495161309838295e-03    5.108014941215515e-01    5.998624023050070e-03
    vertex    5.723935086280107e-03    5.085613727569580e-01    2.989758970215917e-03
    vertex    8.848845958709717e-03    5.152283906936646e-01    3.509491914883256e-03
  endloop
endfacet
facet normal    7.515858191332768e-02    1.676365827777308e-01   -9.829797371662259e-01
  outer loop
    vertex    1.756390929222107e-02    5.055704116821289e-01    1.014610007405281e-02
    vertex    1.122988015413284e-02    5.087721943855286e-01    1.020782999694347e-02
    vertex    1.421711966395378e-02    5.089368224143982e-01    1.046430971473455e-02
  endloop
endfacet
facet normal   -2.263323201653016e-02    2.698990844799689e-01    9.626225745355033e-01
  outer loop
    vertex   -2.223188988864424e-02    5.101125836372375e-01    5.396175198256969e-03
    vertex   -1.782372035086157e-02    5.101531147956848e-01    5.488456226885319e-03
    vertex   -1.423982996493579e-02    5.151258707046509e-01    4.178464878350496e-03
  endloop
endfacet
facet normal    5.049756147597169e-01    4.329252589242806e-01    7.467096816590704e-01
  outer loop
    vertex    3.065467998385429e-02    5.188819169998169e-01    1.376978959888220e-02
    vertex    3.047709912061691e-02    5.136064291000366e-01    1.694848947227001e-02
    vertex    3.365791961550713e-02    5.152698159217834e-01    1.383300963789225e-02
  endloop
endfacet
facet normal   -3.071771873082115e-01   -9.381582812585365e-01    1.596909981916476e-01
  outer loop
    vertex    3.165875002741814e-02    4.995625913143159e-01    8.661248721182346e-03
    vertex    3.051885962486267e-02    5.006440281867981e-01    1.282185036689043e-02
    vertex    2.306563034653663e-02    5.023136734962463e-01    8.293915539979935e-03
  endloop
endfacet
facet normal   -2.808320119822125e-01   -9.568066123395585e-01    7.519632723292061e-02
  outer loop
    vertex    3.176501020789146e-02    5.004814863204956e-01    1.400132011622190e-02
    vertex    2.871029078960418e-02    5.014935135841370e-01    1.547016017138958e-02
    vertex    2.641477994620800e-02    5.019850134849548e-01    1.315112970769405e-02
  endloop
endfacet
facet normal   -4.767431259998281e-01   -4.040149439639784e-01    7.806970711266281e-01
  outer loop
    vertex    2.709550037980079e-02    5.058838725090027e-01    1.710681989789009e-02
    vertex    2.613605000078678e-02    5.050848126411438e-01    1.610740087926388e-02
    vertex    2.852552011609077e-02    5.018926262855530e-01    1.591458916664124e-02
  endloop
endfacet
facet normal   -2.692142998706448e-01   -9.630584682948311e-01   -6.484395945076854e-03
  outer loop
    vertex    3.402991965413094e-02    4.987544119358063e-01    2.850627992302179e-03
    vertex    3.373361006379128e-02    4.988031089305878e-01    7.920140400528908e-03
    vertex    2.502463012933731e-02    5.012608170509338e-01    4.475766792893410e-03
  endloop
endfacet
facet normal    9.450648600776731e-01   -3.160972545000243e-01   -8.327626278787324e-02
  outer loop
    vertex    2.134235017001629e-02    5.147373080253601e-01    2.432440966367722e-02
    vertex    2.132873982191085e-02    5.153378248214722e-01    2.189053036272526e-02
    vertex    2.247063070535659e-02    5.174130201339722e-01    2.697237953543663e-02
  endloop
endfacet
facet normal   -4.393136042309020e-01    3.078190164229105e-01    8.439496491296661e-01
  outer loop
    vertex    2.683663042262196e-03    5.123543143272400e-01    1.062207017093897e-02
    vertex   -5.095848813653007e-03    5.133427977561951e-01    6.211949978023767e-03
    vertex   -3.476100042462350e-03    5.117623209953308e-01    7.631558924913406e-03
  endloop
endfacet
facet normal    2.386660515720995e-01   -9.697907154378744e-01    5.044287935357822e-02
  outer loop
    vertex    9.059295989573002e-03    5.084668993949890e-01    1.138863991945982e-02
    vertex    1.086242031306028e-02    5.089982151985168e-01    1.307213958352804e-02
    vertex    8.077053353190422e-03    5.083801150321960e-01    1.436755992472172e-02
  endloop
endfacet
facet normal   -4.054053125927896e-01    5.592813435391970e-01    7.230843044144530e-01
  outer loop
    vertex    2.783616073429584e-02    5.146828293800354e-01    1.242906000697985e-04
    vertex    2.807174623012542e-02    5.150142908096313e-01    1.351963918282380e-20
    vertex    2.770722843706607e-02    5.147500634193420e-01   -3.289002314178991e-23
  endloop
endfacet
facet normal   -2.515058945147628e-02    9.644334106067414e-01   -2.631266697917409e-01
  outer loop
    vertex   -2.614882076159120e-03    5.181651115417480e-01    4.726410043076612e-05
    vertex   -2.618668135255576e-03    5.181521177291870e-01    2.029573017070093e-20
    vertex   -2.762662246823312e-03    5.181483626365662e-01   -3.306137316541093e-23
  endloop
endfacet
facet normal   -9.587719473981150e-01    2.630655172809719e-01    1.074843546760222e-01
  outer loop
    vertex    1.969308592379093e-02    5.038853287696838e-01   -3.293509135230937e-23
    vertex    1.983319036662578e-02    5.042805075645447e-01    2.825554984156042e-04
    vertex    1.987602375447750e-02    5.045520663261414e-01   -3.293406258596527e-23
  endloop
endfacet
facet normal   -7.552503755396246e-01    5.434043303203819e-01    3.664813829327670e-01
  outer loop
    vertex    2.180553972721100e-02    5.072457790374756e-01   -3.292321178916560e-23
    vertex    2.231574058532714e-02    5.078207254409790e-01    1.989214943023399e-04
    vertex    2.364593558013439e-02    5.098036527633667e-01   -3.291286216691705e-23
  endloop
endfacet
facet normal    9.812892112297056e-01   -1.510284604598947e-01    1.194231470666235e-01
  outer loop
    vertex    3.907902911305428e-02    5.095481872558594e-01    7.471912074834108e-03
    vertex    3.846364095807076e-02    5.040658712387085e-01    5.595291033387184e-03
    vertex    3.915327042341232e-02    5.083509087562561e-01    5.347739905118942e-03
  endloop
endfacet
facet normal    7.056406263117339e-01   -7.076432001922431e-01   -3.622716825898535e-02
  outer loop
    vertex    3.777178004384041e-02    4.989860951900483e-01    2.923414111137390e-03
    vertex    3.725203126668930e-02    4.984861910343171e-01    2.564510097727180e-03
    vertex    3.752981126308441e-02    4.988215863704682e-01    1.423725974746048e-03
  endloop
endfacet
facet normal    9.275666582411883e-01   -3.569438723621003e-01   -1.105041469919707e-01
  outer loop
    vertex    3.811885043978691e-02    4.998156130313874e-01    3.157248022034764e-03
    vertex    3.777178004384041e-02    4.989860951900483e-01    2.923414111137390e-03
    vertex    3.752981126308441e-02    4.988215863704682e-01    1.423725974746048e-03
  endloop
endfacet
facet normal    9.909220620730262e-01   -1.294257892230752e-01    3.636525788339270e-02
  outer loop
    vertex    3.915327042341232e-02    5.083509087562561e-01    5.347739905118942e-03
    vertex    3.811885043978691e-02    4.998156130313874e-01    3.157248022034764e-03
    vertex    3.857240825891495e-02    5.031980276107788e-01    2.836371073499322e-03
  endloop
endfacet
facet normal    4.546522570658132e-01   -7.777647599166251e-01    4.340199343080869e-01
  outer loop
    vertex    3.385047987103462e-02    5.008664727210999e-01    1.466809958219528e-02
    vertex    3.586442023515701e-02    4.986557066440583e-01    8.596722967922688e-03
    vertex    3.648447990417480e-02    4.990251958370209e-01    8.609312586486340e-03
  endloop
endfacet
facet normal    1.528180133709071e-01   -2.262019424492450e-01    9.620183657402585e-01
  outer loop
    vertex    2.963542938232422e-02    5.015076994895935e-01    1.618601940572262e-02
    vertex    3.104053065180778e-02    5.016192197799683e-01    1.598903909325600e-02
    vertex    3.092627041041851e-02    5.027465820312500e-01    1.627226918935776e-02
  endloop
endfacet
facet normal    5.437567871274550e-01   -1.589606092106084e-02    8.390922903352298e-01
  outer loop
    vertex    2.885773032903671e-02    5.071154832839966e-01    1.769551075994968e-02
    vertex    3.092627041041851e-02    5.027465820312500e-01    1.627226918935776e-02
    vertex    3.097908943891525e-02    5.043507218360901e-01    1.626843027770519e-02
  endloop
endfacet
facet normal    6.089910181229675e-01    1.509532603527657e-02    7.930334614487841e-01
  outer loop
    vertex    2.980756945908069e-02    5.082268118858337e-01    1.709428988397121e-02
    vertex    3.097908943891525e-02    5.043507218360901e-01    1.626843027770519e-02
    vertex    3.520777076482773e-02    5.108017921447754e-01    1.289832033216953e-02
  endloop
endfacet
facet normal    5.672525704738963e-01   -1.670731445085041e-02    8.233743905020351e-01
  outer loop
    vertex    3.097908943891525e-02    5.043507218360901e-01    1.626843027770519e-02
    vertex    3.092627041041851e-02    5.027465820312500e-01    1.627226918935776e-02
    vertex    3.263878077268600e-02    5.046736001968384e-01    1.513156015425920e-02
  endloop
endfacet
facet normal    7.637644549121579e-01    5.795819323317150e-01    2.841630537690811e-01
  outer loop
    vertex    3.585769981145859e-02    5.127604007720947e-01    1.201159972697496e-02
    vertex    3.884553909301758e-02    5.108528137207031e-01    7.871714420616627e-03
    vertex    3.602961823344231e-02    5.130072236061096e-01    1.104610040783882e-02
  endloop
endfacet
facet normal    8.310343134584077e-01    5.499198152200689e-01    8.348752411611053e-02
  outer loop
    vertex    3.835314139723778e-02    5.116484761238098e-01    7.532129064202309e-03
    vertex    3.884553909301758e-02    5.108528137207031e-01    7.871714420616627e-03
    vertex    3.951914981007576e-02    5.109689831733704e-01    4.014066071249545e-04
  endloop
endfacet
facet normal    6.749299502152264e-01    5.590150618870008e-01   -4.816344286758835e-01
  outer loop
    vertex    3.326117992401123e-02    5.163329839706421e-01    1.319563016295433e-02
    vertex    2.813467010855674e-02    5.171440243721008e-01    6.953029893338680e-03
    vertex    2.814083918929100e-02    5.214725732803345e-01    1.198565959930420e-02
  endloop
endfacet
facet normal    1.584258816442916e-01    8.734707414566076e-01   -4.603803903778624e-01
  outer loop
    vertex    2.724340930581092e-02    5.179644823074341e-01    6.996483076363802e-03
    vertex    2.696930058300495e-02    5.171837210655212e-01    5.420833826065063e-03
    vertex    2.670178934931755e-02    5.181788802146912e-01    7.216874044388533e-03
  endloop
endfacet
facet normal    5.990940697956390e-01   -8.110501566915017e-02    7.965602751637850e-01
  outer loop
    vertex    2.885773032903671e-02    5.071154832839966e-01    1.769551075994968e-02
    vertex    2.980756945908069e-02    5.082268118858337e-01    1.709428988397121e-02
    vertex    3.043003007769584e-02    5.123631954193115e-01    1.704729907214642e-02
  endloop
endfacet
facet normal    6.573969321357972e-01    1.323264007009580e-01    7.418348854670905e-01
  outer loop
    vertex    3.376809135079384e-02    5.140399932861328e-01    1.395475026220083e-02
    vertex    3.365791961550713e-02    5.152698159217834e-01    1.383300963789225e-02
    vertex    3.047709912061691e-02    5.136064291000366e-01    1.694848947227001e-02
  endloop
endfacet
facet normal    9.281769060367698e-01   -2.609742659985055e-01    2.652924114756219e-01
  outer loop
    vertex    2.823504060506820e-02    5.070742964744568e-01    1.857708953320980e-02
    vertex    2.992214076220989e-02    5.122917890548706e-01    1.780701056122780e-02
    vertex    2.778968960046768e-02    5.092133879661560e-01    2.223950996994972e-02
  endloop
endfacet
facet normal    8.604129215965469e-01    2.636556493695878e-01    4.360909342157841e-01
  outer loop
    vertex    2.992214076220989e-02    5.122917890548706e-01    1.780701056122780e-02
    vertex    2.964068949222564e-02    5.128455162048340e-01    1.802754029631615e-02
    vertex    2.793890982866287e-02    5.105329751968384e-01    2.278330922126770e-02
  endloop
endfacet
facet normal    9.298601212522046e-01   -2.250821745820609e-01    2.910294995189426e-01
  outer loop
    vertex    2.778968960046768e-02    5.092133879661560e-01    2.223950996994972e-02
    vertex    2.992214076220989e-02    5.122917890548706e-01    1.780701056122780e-02
    vertex    2.793890982866287e-02    5.105329751968384e-01    2.278330922126770e-02
  endloop
endfacet
facet normal   -6.812355784852662e-01    6.857797447121277e-01   -2.561722630348843e-01
  outer loop
    vertex    2.489718049764633e-02    5.186095833778381e-01    1.024901960045099e-02
    vertex    2.734722010791301e-02    5.215693116188049e-01    1.165692973881960e-02
    vertex    2.500195987522602e-02    5.184034109115601e-01    9.418452158570290e-03
  endloop
endfacet
facet normal    6.198511517625666e-01    3.895774609151162e-01    6.811856953911692e-01
  outer loop
    vertex    3.065467998385429e-02    5.188819169998169e-01    1.376978959888220e-02
    vertex    2.892502024769783e-02    5.205361247062683e-01    1.439765002578497e-02
    vertex    3.047709912061691e-02    5.136064291000366e-01    1.694848947227001e-02
  endloop
endfacet
facet normal    2.624936286117244e-01    4.831198585745940e-01    8.352797718064974e-01
  outer loop
    vertex    2.964068949222564e-02    5.128455162048340e-01    1.802754029631615e-02
    vertex    2.690847963094711e-02    5.133354067802429e-01    1.860281080007553e-02
    vertex    2.583310939371585e-02    5.125311017036438e-01    1.940595917403698e-02
  endloop
endfacet
facet normal   -7.096175490338844e-02    6.870417640522026e-01    7.231445524852337e-01
  outer loop
    vertex    2.583310939371585e-02    5.125311017036438e-01    1.940595917403698e-02
    vertex    2.612774074077606e-02    5.133033990859985e-01    1.870113052427769e-02
    vertex    2.316720969974994e-02    5.132253170013428e-01    1.848479919135571e-02
  endloop
endfacet
facet normal    5.401567997833738e-01    3.926528416584739e-01    7.443482905101009e-01
  outer loop
    vertex    2.189858071506023e-02    5.111845135688782e-01    2.949751913547516e-02
    vertex    2.249878086149692e-02    5.108107924461365e-01    2.925910986959934e-02
    vertex    2.257880009710788e-02    5.120173096656799e-01    2.856458909809589e-02
  endloop
endfacet
facet normal    6.379431304786278e-01    4.307343577206498e-01    6.383545060184880e-01
  outer loop
    vertex    2.468690089881420e-02    5.106201767921448e-01    2.720101922750473e-02
    vertex    2.549012936651706e-02    5.114973783493042e-01    2.580641023814678e-02
    vertex    2.249878086149692e-02    5.108107924461365e-01    2.925910986959934e-02
  endloop
endfacet
facet normal    9.535687024748123e-01    2.891985667893642e-01   -8.408875446503310e-02
  outer loop
    vertex    2.362282946705818e-02    5.136423110961914e-01    2.580182999372482e-02
    vertex    2.342342957854271e-02    5.141363143920898e-01    2.523960918188095e-02
    vertex    2.274635992944240e-02    5.171573162078857e-01    2.795146964490414e-02
  endloop
endfacet
facet normal    6.588326196148619e-01    7.362300285525876e-01   -1.546121741289302e-01
  outer loop
    vertex    2.063868939876556e-02    5.183854103088379e-01    1.860556937754154e-02
    vertex    2.254647947847843e-02    5.162774920463562e-01    1.669757999479771e-02
    vertex    2.026260085403919e-02    5.185946822166443e-01    1.799949072301388e-02
  endloop
endfacet
facet normal    9.476947909248619e-01   -2.525129191102277e-01   -1.952224601225846e-01
  outer loop
    vertex    2.143494971096515e-02    5.161905288696289e-01    2.172271907329559e-02
    vertex    2.131555043160915e-02    5.162631273269653e-01    2.104919962584972e-02
    vertex    2.297431975603103e-02    5.209317803382874e-01    2.306286059319973e-02
  endloop
endfacet
facet normal    9.999113412755840e-01    1.327199380130775e-02   -1.078781257077619e-03
  outer loop
    vertex    2.133077941834926e-02    5.150787830352783e-01    2.059408091008663e-02
    vertex    2.131555043160915e-02    5.162631273269653e-01    2.104919962584972e-02
    vertex    2.132873982191085e-02    5.153378248214722e-01    2.189053036272526e-02
  endloop
endfacet
facet normal    9.908982289845409e-01   -1.074701941225228e-01    8.106082389519227e-02
  outer loop
    vertex    2.132873982191085e-02    5.153378248214722e-01    2.189053036272526e-02
    vertex    2.143494971096515e-02    5.161905288696289e-01    2.172271907329559e-02
    vertex    2.147966064512729e-02    5.192720293998718e-01    2.526161074638367e-02
  endloop
endfacet
facet normal    9.541315383150926e-01   -2.943979239361004e-01   -5.443225123572440e-02
  outer loop
    vertex    2.143494971096515e-02    5.161905288696289e-01    2.172271907329559e-02
    vertex    2.297431975603103e-02    5.209317803382874e-01    2.306286059319973e-02
    vertex    2.305487915873527e-02    5.210747122764587e-01    2.370191924273968e-02
  endloop
endfacet
facet normal    9.441523315583021e-01    2.755730190265391e-01   -1.806540505984315e-01
  outer loop
    vertex    2.297431975603103e-02    5.209317803382874e-01    2.306286059319973e-02
    vertex    2.292291074991226e-02    5.215607285499573e-01    2.375359088182449e-02
    vertex    2.305487915873527e-02    5.210747122764587e-01    2.370191924273968e-02
  endloop
endfacet
facet normal   -2.291266052840871e-01    8.499535295556818e-01    4.744259650849950e-01
  outer loop
    vertex    2.789106033742427e-02    5.195267796516418e-01    1.592898927628994e-02
    vertex    2.698398940265178e-02    5.195289254188538e-01    1.548707019537687e-02
    vertex    2.718753926455974e-02    5.192543268203735e-01    1.607733033597469e-02
  endloop
endfacet
facet normal   -4.841502250493963e-01    8.591398524180931e-01    1.657627025951138e-01
  outer loop
    vertex    2.407185919582843e-02    5.162823796272278e-01    1.656218990683556e-02
    vertex    2.179875038564205e-02    5.156567096710205e-01    1.316583994776011e-02
    vertex    2.352211065590381e-02    5.159273147583008e-01    1.679679937660694e-02
  endloop
endfacet
facet normal    3.594618864927698e-01    9.146760057108835e-01   -1.848105969251846e-01
  outer loop
    vertex    2.696930058300495e-02    5.171837210655212e-01    5.420833826065063e-03
    vertex    2.941320091485977e-02    5.151789188385010e-01    2.519988920539618e-04
    vertex    2.611717022955417e-02    5.170075297355652e-01    2.891398966312408e-03
  endloop
endfacet
facet normal   -4.456719363385403e-01    5.295655156506056e-01   -7.217595789416059e-01
  outer loop
    vertex    2.611717022955417e-02    5.170075297355652e-01    2.891398966312408e-03
    vertex    2.783616073429584e-02    5.146828293800354e-01    1.242906000697985e-04
    vertex    2.555865049362182e-02    5.154983997344971e-01    2.129002939909697e-03
  endloop
endfacet
facet normal   -8.600450775451320e-01    4.575200380179692e-01   -2.258271006819680e-01
  outer loop
    vertex    2.553009986877441e-02    5.161752104759216e-01    2.762852935120463e-03
    vertex    2.419858053326606e-02    5.136718153953552e-01    2.762025920674205e-03
    vertex    2.462990954518318e-02    5.151371955871582e-01    4.088166169822216e-03
  endloop
endfacet
facet normal   -8.839332874698959e-01    4.211987756544691e-01   -2.031096617343419e-01
  outer loop
    vertex    2.420255914330482e-02    5.175039768218994e-01    1.018287986516953e-02
    vertex    2.342423051595688e-02    5.149776935577393e-01    8.331284858286381e-03
    vertex    2.209624089300632e-02    5.129743814468384e-01    9.956326335668564e-03
  endloop
endfacet
facet normal   -8.714683427039539e-01    4.264420000921901e-01   -2.422604966192312e-01
  outer loop
    vertex    2.342423051595688e-02    5.149776935577393e-01    8.331284858286381e-03
    vertex    2.059308066964149e-02    5.078275203704834e-01    5.929421167820692e-03
    vertex    1.869750022888183e-02    5.063130855560303e-01    1.008247025310993e-02
  endloop
endfacet
facet normal   -8.814630039601682e-01    3.954738564472776e-01   -2.581150935459499e-01
  outer loop
    vertex    2.059308066964149e-02    5.078275203704834e-01    5.929421167820692e-03
    vertex    1.974599994719028e-02    5.048682093620300e-01    4.288061056286097e-03
    vertex    1.869750022888183e-02    5.063130855560303e-01    1.008247025310993e-02
  endloop
endfacet
facet normal   -9.771774554578474e-01   -1.371381222600595e-01   -1.622262493183869e-01
  outer loop
    vertex    1.863886043429374e-02    5.056021809577942e-01    9.562099352478981e-03
    vertex    1.990550942718982e-02    5.032970905303955e-01    3.880989970639348e-03
    vertex    1.870699971914291e-02    5.048571228981018e-01    9.781494736671448e-03
  endloop
endfacet
facet normal   -2.751906863618506e-01    8.004893066110852e-02    9.580512798591246e-01
  outer loop
    vertex    2.420255914330482e-02    5.175039768218994e-01    1.018287986516953e-02
    vertex    2.209624089300632e-02    5.129743814468384e-01    9.956326335668564e-03
    vertex    2.360356971621513e-02    5.159798860549927e-01    1.013816986232996e-02
  endloop
endfacet
facet normal   -9.851174225946164e-01   -4.093647508975116e-02    1.669367206691383e-01
  outer loop
    vertex    1.863886043429374e-02    5.056021809577942e-01    9.562099352478981e-03
    vertex    1.870699971914291e-02    5.048571228981018e-01    9.781494736671448e-03
    vertex    1.869750022888183e-02    5.063130855560303e-01    1.008247025310993e-02
  endloop
endfacet
facet normal   -8.308305546277232e-01    1.989559652093164e-01   -5.197471629596635e-01
  outer loop
    vertex    2.360356971621513e-02    5.159798860549927e-01    1.013816986232996e-02
    vertex    2.173269912600517e-02    5.103834271430969e-01    1.098651997745037e-02
    vertex    2.315847948193550e-02    5.152031779289246e-01    1.055234018713236e-02
  endloop
endfacet
facet normal   -2.150658608571525e-01    1.203754644643965e-01   -9.691524250853180e-01
  outer loop
    vertex    2.173269912600517e-02    5.103834271430969e-01    1.098651997745037e-02
    vertex    2.115714922547340e-02    5.093023180961609e-01    1.097995974123478e-02
    vertex    1.939547993242740e-02    5.146015882492065e-01    1.202910020947456e-02
  endloop
endfacet
facet normal    1.895985571346424e-01   -2.739673480572283e-01   -9.428649316476625e-01
  outer loop
    vertex    1.112576015293598e-02    5.091301202774048e-01    1.019860990345478e-02
    vertex    1.017952989786863e-02    5.086330771446228e-01    1.015275996178389e-02
    vertex    1.062158029526472e-02    5.098829865455627e-01    9.878465905785561e-03
  endloop
endfacet
facet normal    4.105049829554233e-01   -1.024207314095578e-02   -9.118008329161269e-01
  outer loop
    vertex    1.585113070905208e-02    5.186535716056824e-01    1.221906021237373e-02
    vertex    1.112576015293598e-02    5.091301202774048e-01    1.019860990345478e-02
    vertex    1.508282031863928e-02    5.190511941909790e-01    1.186869014054537e-02
  endloop
endfacet
facet normal    1.792563932176308e-01    1.182614646944791e-01   -9.766685064334381e-01
  outer loop
    vertex    1.794460043311119e-02    5.147886276245117e-01    1.213529985398054e-02
    vertex    1.112576015293598e-02    5.091301202774048e-01    1.019860990345478e-02
    vertex    1.585113070905208e-02    5.186535716056824e-01    1.221906021237373e-02
  endloop
endfacet
facet normal    7.120286660108907e-01   -2.003895581137056e-01   -6.729481434536729e-01
  outer loop
    vertex    1.508282031863928e-02    5.190511941909790e-01    1.186869014054537e-02
    vertex    1.062158029526472e-02    5.098829865455627e-01    9.878465905785561e-03
    vertex    1.441635005176067e-02    5.189620852470398e-01    1.119005028158426e-02
  endloop
endfacet
facet normal    8.479400390978373e-01   -2.673128605306264e-01   -4.577570585907900e-01
  outer loop
    vertex    1.496329996734858e-02    5.198209881782532e-01    1.184086035937071e-02
    vertex    9.609719738364220e-03    5.176445841789246e-01    3.194933058694005e-03
    vertex    9.347419254481792e-03    5.184615254402161e-01    2.231989987194538e-03
  endloop
endfacet
facet normal    8.417309245485908e-01   -3.215302872148564e-01   -4.337134135141619e-01
  outer loop
    vertex    9.609719738364220e-03    5.176445841789246e-01    3.194933058694005e-03
    vertex    8.848845958709717e-03    5.152283906936646e-01    3.509491914883256e-03
    vertex    8.712902665138245e-03    5.172392129898071e-01    1.754950964823365e-03
  endloop
endfacet
facet normal    8.168330322258156e-01   -3.469300067177599e-01   -4.608940961908655e-01
  outer loop
    vertex    8.848845958709717e-03    5.152283906936646e-01    3.509491914883256e-03
    vertex    5.723935086280107e-03    5.085613727569580e-01    2.989758970215917e-03
    vertex    8.712902665138245e-03    5.172392129898071e-01    1.754950964823365e-03
  endloop
endfacet
facet normal   -5.138171878878479e-01    8.301317943423927e-01    2.165019663950034e-01
  outer loop
    vertex    1.324552018195391e-02    5.190991163253784e-01    1.156807970255613e-02
    vertex    1.381462998688221e-02    5.199031829833984e-01    9.835703298449516e-03
    vertex    1.057089027017355e-02    5.187929868698120e-01    6.394255906343460e-03
  endloop
endfacet
facet normal   -2.331690900786801e-01    9.724208936671475e-01   -5.457196300915262e-03
  outer loop
    vertex    1.381462998688221e-02    5.199031829833984e-01    9.835703298449516e-03
    vertex    1.002159994095564e-02    5.189617276191711e-01    4.141661804169416e-03
    vertex    9.479096159338951e-03    5.188338756561279e-01    4.539154004305601e-03
  endloop
endfacet
facet normal   -6.416718311875163e-01    6.591327620778235e-01    3.921750412967646e-01
  outer loop
    vertex    1.381462998688221e-02    5.199031829833984e-01    9.835703298449516e-03
    vertex    9.479096159338951e-03    5.188338756561279e-01    4.539154004305601e-03
    vertex    1.057089027017355e-02    5.187929868698120e-01    6.394255906343460e-03
  endloop
endfacet
facet normal    9.295136350227998e-01   -3.643156790206051e-01   -5.725808524965469e-02
  outer loop
    vertex    5.132011137902736e-03    5.081382989883423e-01    2.151082037016749e-03
    vertex    4.368814174085855e-03    5.064924955368042e-01    2.332745934836566e-04
    vertex    6.723687052726745e-03    5.122662782669067e-01    1.724887057207525e-03
  endloop
endfacet
facet normal    8.088705185160666e-01   -5.141926992993834e-02   -5.857341913832771e-01
  outer loop
    vertex    8.708874695003033e-03    5.172603726387024e-01    1.318240974796936e-04
    vertex    8.802643977105618e-03    5.189241766929626e-01    1.152562035713345e-04
    vertex    9.359214454889297e-03    5.188853740692139e-01    8.872593753039837e-04
  endloop
endfacet
facet normal    8.395669470952425e-01   -3.484803504175968e-01   -4.167598669713812e-01
  outer loop
    vertex    5.723935086280107e-03    5.085613727569580e-01    2.989758970215917e-03
    vertex    5.132011137902736e-03    5.081382989883423e-01    2.151082037016749e-03
    vertex    8.712902665138245e-03    5.172392129898071e-01    1.754950964823365e-03
  endloop
endfacet
facet normal   -1.845086005234824e-02    3.815978314797951e-01   -9.241442856898735e-01
  outer loop
    vertex    1.923648081719875e-02    5.153871774673462e-01    1.235666032880545e-02
    vertex    1.939547993242740e-02    5.146015882492065e-01    1.202910020947456e-02
    vertex    1.794460043311119e-02    5.147886276245117e-01    1.213529985398054e-02
  endloop
endfacet
facet normal    7.646523402988487e-02    2.284353900374069e-01   -9.705515651232616e-01
  outer loop
    vertex    1.794460043311119e-02    5.147886276245117e-01    1.213529985398054e-02
    vertex    1.903879083693027e-02    5.088083148002625e-01    1.081394031643867e-02
    vertex    1.421711966395378e-02    5.089368224143982e-01    1.046430971473455e-02
  endloop
endfacet
facet normal    2.510757844955187e-02    2.200577677985842e-01   -9.751636725883014e-01
  outer loop
    vertex    1.794460043311119e-02    5.147886276245117e-01    1.213529985398054e-02
    vertex    2.115714922547340e-02    5.093023180961609e-01    1.097995974123478e-02
    vertex    1.903879083693027e-02    5.088083148002625e-01    1.081394031643867e-02
  endloop
endfacet
facet normal    5.368998613345793e-02   -1.010299151410851e-02   -9.985065422677284e-01
  outer loop
    vertex    1.112576015293598e-02    5.091301202774048e-01    1.019860990345478e-02
    vertex    1.122988015413284e-02    5.087721943855286e-01    1.020782999694347e-02
    vertex    1.017952989786863e-02    5.086330771446228e-01    1.015275996178389e-02
  endloop
endfacet
facet normal    3.325147982362231e-02    1.873428198154541e-01   -9.817316369319741e-01
  outer loop
    vertex    2.115714922547340e-02    5.093023180961609e-01    1.097995974123478e-02
    vertex    1.756390929222107e-02    5.055704116821289e-01    1.014610007405281e-02
    vertex    1.903879083693027e-02    5.088083148002625e-01    1.081394031643867e-02
  endloop
endfacet
facet normal   -1.789680152691178e-01   -6.830985654997603e-01   -7.080584716835202e-01
  outer loop
    vertex    1.653381064534187e-02    5.057209134101868e-01    1.026127021759748e-02
    vertex    1.756390929222107e-02    5.055704116821289e-01    1.014610007405281e-02
    vertex    1.884507015347480e-02    5.045930743217468e-01    1.076516043394804e-02
  endloop
endfacet
facet normal   -4.545022257758226e-01   -8.845511474495104e-01    1.048665547759520e-01
  outer loop
    vertex    1.653381064534187e-02    5.057209134101868e-01    1.026127021759748e-02
    vertex    1.884507015347480e-02    5.045930743217468e-01    1.076516043394804e-02
    vertex    1.183591969311237e-02    5.081623196601868e-01    1.049343962222338e-02
  endloop
endfacet
facet normal    9.450270268812364e-02   -3.436472395738345e-01   -9.343317472492967e-01
  outer loop
    vertex    1.122988015413284e-02    5.087721943855286e-01    1.020782999694347e-02
    vertex    1.183591969311237e-02    5.081623196601868e-01    1.049343962222338e-02
    vertex    1.017952989786863e-02    5.086330771446228e-01    1.015275996178389e-02
  endloop
endfacet
facet normal    5.742000573779913e-02    8.333165183058316e-01    5.498058959848627e-01
  outer loop
    vertex   -4.379665944725276e-03    5.180718898773193e-01    7.272174116224051e-04
    vertex   -6.008846219629064e-03    5.182480812072754e-01    6.303184782154858e-04
    vertex   -1.730315946042539e-02    5.173465013504028e-01    3.176345955580473e-03
  endloop
endfacet
facet normal    2.085192508999861e-02    7.026024681594739e-01    7.112769987538305e-01
  outer loop
    vertex   -6.427546031773105e-03    5.143707990646362e-01    5.179890897125006e-03
    vertex   -6.188939791172758e-03    5.152472257614136e-01    4.307157825678587e-03
    vertex   -1.308766007423402e-02    5.159375071525574e-01    3.827539039775729e-03
  endloop
endfacet
facet normal   -1.673143892657547e-01    1.785460969056159e-01    9.696015606548899e-01
  outer loop
    vertex   -2.924483967944981e-03    5.178685188293457e-01    1.015773043036461e-03
    vertex   -9.181643254123638e-04    5.180597901344299e-01    1.326762023381889e-03
    vertex   -4.379665944725276e-03    5.180718898773193e-01    7.272174116224051e-04
  endloop
endfacet
facet normal   -1.389859467123513e-02    9.948579391680189e-01    1.003220311822249e-01
  outer loop
    vertex   -9.181643254123638e-04    5.180597901344299e-01    1.326762023381889e-03
    vertex   -2.614882076159120e-03    5.181651115417480e-01    4.726410043076612e-05
    vertex   -4.379665944725276e-03    5.180718898773193e-01    7.272174116224051e-04
  endloop
endfacet
facet normal   -2.152820836210243e-01    8.362790893748883e-01    5.042726535775047e-01
  outer loop
    vertex    4.948623944073915e-03    5.179244875907898e-01    4.055771976709366e-03
    vertex   -9.181643254123638e-04    5.180597901344299e-01    1.326762023381889e-03
    vertex   -3.103961935266853e-03    5.150179266929626e-01    5.438196007162333e-03
  endloop
endfacet
facet normal   -2.167487441439648e-01    7.837099187191017e-01    5.820813905402860e-01
  outer loop
    vertex   -3.103961935266853e-03    5.150179266929626e-01    5.438196007162333e-03
    vertex   -4.735458176583053e-03    5.150011181831360e-01    4.853309132158756e-03
    vertex   -4.501237068325282e-03    5.142948031425476e-01    5.891502834856510e-03
  endloop
endfacet
facet normal   -3.064303346505179e-01    9.297404490646819e-01    2.041645105765821e-01
  outer loop
    vertex    1.345933973789215e-02    5.174612998962402e-01    2.093999087810516e-02
    vertex    1.521954033523798e-02    5.197960138320923e-01    1.294986996799707e-02
    vertex    1.439278014004230e-02    5.195503234863281e-01    1.282783038914204e-02
  endloop
endfacet
facet normal   -6.249332953876421e-01    7.635737199674427e-01    1.625224614969371e-01
  outer loop
    vertex    1.257750019431114e-02    5.170444846153259e-01    2.126469090580940e-02
    vertex    9.480349719524384e-03    5.159609913825989e-01    1.444603037089109e-02
    vertex    8.306226693093777e-03    5.150607228279114e-01    1.416097953915596e-02
  endloop
endfacet
facet normal   -5.705548574347500e-01    8.098219400854499e-01    1.365854311918006e-01
  outer loop
    vertex    9.480349719524384e-03    5.159609913825989e-01    1.444603037089109e-02
    vertex    1.324552018195391e-02    5.190991163253784e-01    1.156807970255613e-02
    vertex    6.727925036102532e-03    5.144317746162415e-01    1.201520022004843e-02
  endloop
endfacet
facet normal   -5.238186184399891e-01    7.395453219520024e-01    4.227135812279164e-01
  outer loop
    vertex    6.683453917503356e-03    5.137400031089783e-01    1.317035965621471e-02
    vertex    6.727925036102532e-03    5.144317746162415e-01    1.201520022004843e-02
    vertex    5.739157088100909e-03    5.137090086936951e-01    1.205443032085896e-02
  endloop
endfacet
facet normal    3.759636952724790e-02    3.511394775668964e-01    9.355680521973897e-01
  outer loop
    vertex   -1.931234076619150e-02    5.169376730918884e-01    3.702297108247876e-03
    vertex   -1.423982996493579e-02    5.151258707046509e-01    4.178464878350496e-03
    vertex   -1.308766007423402e-02    5.159375071525574e-01    3.827539039775729e-03
  endloop
endfacet
facet normal   -1.426189910738282e-02   -8.144253279652111e-02    9.965759941346863e-01
  outer loop
    vertex   -1.248050015419723e-02    5.107465982437134e-01    5.726390983909369e-03
    vertex   -1.946504972875120e-02    5.092713236808777e-01    5.505872890353203e-03
    vertex   -1.196361985057594e-02    5.100011229515076e-01    5.672866012901068e-03
  endloop
endfacet
facet normal   -1.150176876854952e-01    2.846066504275788e-01    9.517194891625768e-01
  outer loop
    vertex   -6.888906937092557e-03    5.137267112731934e-01    5.510962102562189e-03
    vertex   -1.248050015419723e-02    5.107465982437134e-01    5.726390983909369e-03
    vertex   -7.358278147876277e-03    5.100666880607605e-01    6.548747885972261e-03
  endloop
endfacet
facet normal   -5.662999403833061e-01    3.131586732874185e-01    7.623883674786283e-01
  outer loop
    vertex    4.201963078230619e-03    5.133985280990601e-01    1.104013994336128e-02
    vertex    4.364319145679473e-03    5.129449963569641e-01    1.134703028947115e-02
    vertex    5.739157088100909e-03    5.137090086936951e-01    1.205443032085896e-02
  endloop
endfacet
facet normal   -5.406262557873877e-01    2.704448973842964e-01    7.966070606215511e-01
  outer loop
    vertex    5.739157088100909e-03    5.137090086936951e-01    1.205443032085896e-02
    vertex    2.412104047834872e-03    5.087335109710693e-01    1.148565020412207e-02
    vertex    3.483273088932036e-03    5.082656145095825e-01    1.237145997583866e-02
  endloop
endfacet
facet normal   -4.335926477057622e-01    2.396954652576900e-01    8.686446337774766e-01
  outer loop
    vertex    2.683663042262196e-03    5.123543143272400e-01    1.062207017093897e-02
    vertex   -5.747491028159872e-03    5.102850794792175e-01    6.984564010053873e-03
    vertex    2.412104047834872e-03    5.087335109710693e-01    1.148565020412207e-02
  endloop
endfacet
facet normal   -6.971975459678061e-01    6.744876164796347e-01    2.428621771953999e-01
  outer loop
    vertex    6.683453917503356e-03    5.137400031089783e-01    1.317035965621471e-02
    vertex    1.083584968000650e-02    5.158203840255737e-01    1.931313984096050e-02
    vertex    8.306226693093777e-03    5.150607228279114e-01    1.416097953915596e-02
  endloop
endfacet
facet normal   -8.199151670956080e-01    3.713251907506152e-01    4.357255116246932e-01
  outer loop
    vertex    6.683453917503356e-03    5.137400031089783e-01    1.317035965621471e-02
    vertex    4.364395048469304e-03    5.082591176033020e-01    1.347734034061432e-02
    vertex    7.860910147428513e-03    5.138102769851685e-01    1.532611995935440e-02
  endloop
endfacet
facet normal   -7.813313865232133e-01   -4.822017516564990e-02    6.222508169064200e-01
  outer loop
    vertex    3.483273088932036e-03    5.082656145095825e-01    1.237145997583866e-02
    vertex    3.609081963077187e-03    5.073407292366028e-01    1.245776005089283e-02
    vertex    4.364395048469304e-03    5.082591176033020e-01    1.347734034061432e-02
  endloop
endfacet
facet normal   -8.301911668086840e-01    4.286895686174279e-01    3.563816497961690e-01
  outer loop
    vertex    9.201891720294952e-03    5.138096213340759e-01    1.806961931288242e-02
    vertex    4.364395048469304e-03    5.082591176033020e-01    1.347734034061432e-02
    vertex    1.167657040059566e-02    5.160611271858215e-01    2.112605981528759e-02
  endloop
endfacet
facet normal   -7.306341302357650e-01    6.334833757690405e-01    2.547009626186911e-01
  outer loop
    vertex    1.257750019431114e-02    5.170444846153259e-01    2.126469090580940e-02
    vertex    1.083584968000650e-02    5.158203840255737e-01    1.931313984096050e-02
    vertex    1.167657040059566e-02    5.160611271858215e-01    2.112605981528759e-02
  endloop
endfacet
facet normal   -8.224244377959136e-01    4.711345180475737e-01    3.188264575284742e-01
  outer loop
    vertex    1.083584968000650e-02    5.158203840255737e-01    1.931313984096050e-02
    vertex    9.201891720294952e-03    5.138096213340759e-01    1.806961931288242e-02
    vertex    1.167657040059566e-02    5.160611271858215e-01    2.112605981528759e-02
  endloop
endfacet
facet normal   -7.897520318172844e-01    4.086081136169206e-01    4.575271988930195e-01
  outer loop
    vertex    8.948955684900284e-03    5.122972726821899e-01    2.333620935678482e-02
    vertex    6.447175983339547e-03    5.081468224525452e-01    2.272449061274529e-02
    vertex    9.728330187499523e-03    5.127574801445007e-01    2.427051030099392e-02
  endloop
endfacet
facet normal   -5.770841783910796e-01    6.511475964709506e-01    4.929306834239444e-01
  outer loop
    vertex    1.361104007810354e-02    5.176157951354980e-01    2.270225062966347e-02
    vertex    1.048765983432531e-02    5.136212706565857e-01    2.432229928672314e-02
    vertex    1.558285020291805e-02    5.179011225700378e-01    2.463378012180328e-02
  endloop
endfacet
facet normal   -7.253452414258494e-01    6.196494566472502e-01    2.998480141965983e-01
  outer loop
    vertex    1.048765983432531e-02    5.136212706565857e-01    2.432229928672314e-02
    vertex    8.948955684900284e-03    5.122972726821899e-01    2.333620935678482e-02
    vertex    9.728330187499523e-03    5.127574801445007e-01    2.427051030099392e-02
  endloop
endfacet
facet normal   -4.803454756283900e-01    4.777726796333688e-02    8.757771158858257e-01
  outer loop
    vertex    1.370809972286224e-02    5.140106081962585e-01    2.658630907535553e-02
    vertex    7.917420938611031e-03    5.093032121658325e-01    2.366705052554607e-02
    vertex    1.842927001416683e-02    5.109646916389465e-01    2.934193983674049e-02
  endloop
endfacet
facet normal   -3.459561016042706e-01   -5.375585940369764e-01    7.689896837668012e-01
  outer loop
    vertex    1.963616907596588e-02    5.106220841407776e-01    2.986934967339039e-02
    vertex    1.788284070789814e-02    5.102133750915527e-01    2.879484929144382e-02
    vertex    2.030936069786548e-02    5.103585124015808e-01    2.998795919120312e-02
  endloop
endfacet
facet normal    1.527172069137346e-01    2.705449558461200e-01    9.505171653256392e-01
  outer loop
    vertex    1.828661002218723e-02    5.159763097763062e-01    2.871396020054817e-02
    vertex    2.030936069786548e-02    5.103585124015808e-01    2.998795919120312e-02
    vertex    2.189858071506023e-02    5.111845135688782e-01    2.949751913547516e-02
  endloop
endfacet
facet normal   -3.771300376319471e-01    9.041023013109047e-02    9.217369066080459e-01
  outer loop
    vertex    1.688545010983944e-02    5.165671110153198e-01    2.816076017916203e-02
    vertex    1.842927001416683e-02    5.109646916389465e-01    2.934193983674049e-02
    vertex    1.963616907596588e-02    5.106220841407776e-01    2.986934967339039e-02
  endloop
endfacet
facet normal    3.754207900542981e-01    1.819587555569616e-01    9.088180465149053e-01
  outer loop
    vertex    2.274635992944240e-02    5.171573162078857e-01    2.795146964490414e-02
    vertex    2.202307060360908e-02    5.171329975128174e-01    2.825511991977692e-02
    vertex    2.189858071506023e-02    5.111845135688782e-01    2.949751913547516e-02
  endloop
endfacet
facet normal    6.964017431445833e-01    6.291652388330589e-01    3.452183575497196e-01
  outer loop
    vertex    2.109736949205398e-02    5.202677249908447e-01    2.560918033123016e-02
    vertex    2.202685922384262e-02    5.179687738418579e-01    2.792401053011417e-02
    vertex    2.274635992944240e-02    5.171573162078857e-01    2.795146964490414e-02
  endloop
endfacet
facet normal    2.637316905876331e-02    3.680874730300908e-01    9.294170582424879e-01
  outer loop
    vertex    2.202685922384262e-02    5.179687738418579e-01    2.792401053011417e-02
    vertex    1.813058927655220e-02    5.173937082290649e-01    2.826232090592384e-02
    vertex    2.202307060360908e-02    5.171329975128174e-01    2.825511991977692e-02
  endloop
endfacet
facet normal    7.501498203409692e-01    5.670880064120506e-01    3.401270939311035e-01
  outer loop
    vertex    1.586068980395794e-02    5.195869207382202e-01    1.267021987587214e-02
    vertex    1.456231996417046e-02    5.177062749862671e-01    1.866934075951576e-02
    vertex    1.754727959632873e-02    5.166566967964172e-01    1.383596006780863e-02
  endloop
endfacet
facet normal    7.109904317767983e-01    5.732936312679425e-01    4.072186369377735e-01
  outer loop
    vertex    1.456231996417046e-02    5.177062749862671e-01    1.866934075951576e-02
    vertex    1.345933973789215e-02    5.174612998962402e-01    2.093999087810516e-02
    vertex    1.713564060628414e-02    5.166277885437012e-01    1.569472998380661e-02
  endloop
endfacet
facet normal    5.534098723106918e-01    8.218400191649193e-01    1.353384502943228e-01
  outer loop
    vertex    1.754727959632873e-02    5.166566967964172e-01    1.383596006780863e-02
    vertex    1.713564060628414e-02    5.166277885437012e-01    1.569472998380661e-02
    vertex    1.839685998857021e-02    5.160779953002930e-01    1.387611031532288e-02
  endloop
endfacet
facet normal   -3.618864789404316e-01    9.259665899286800e-01   -1.078148908822357e-01
  outer loop
    vertex    1.257750019431114e-02    5.170444846153259e-01    2.126469090580940e-02
    vertex    1.361104007810354e-02    5.176157951354980e-01    2.270225062966347e-02
    vertex    1.402300037443638e-02    5.177041292190552e-01    2.207813970744610e-02
  endloop
endfacet
facet normal   -3.942041776463422e-01    9.188952344401055e-01    1.531712928177014e-02
  outer loop
    vertex    1.361104007810354e-02    5.176157951354980e-01    2.270225062966347e-02
    vertex    2.187651954591274e-02    5.211409926414490e-01    2.394264936447144e-02
    vertex    2.190062962472438e-02    5.211616754531860e-01    2.332236059010029e-02
  endloop
endfacet
facet normal   -1.193775193562120e-01    9.077757014757291e-01   -4.021097905828769e-01
  outer loop
    vertex    2.040502987802028e-02    5.192747712135315e-01    1.949252933263779e-02
    vertex    2.026260085403919e-02    5.185946822166443e-01    1.799949072301388e-02
    vertex    1.940719038248062e-02    5.188732147216797e-01    1.888223923742771e-02
  endloop
endfacet
facet normal   -4.224922013083306e-01    9.062272839408125e-01    1.588866498164930e-02
  outer loop
    vertex    1.402300037443638e-02    5.177041292190552e-01    2.207813970744610e-02
    vertex    1.345933973789215e-02    5.174612998962402e-01    2.093999087810516e-02
    vertex    1.257750019431114e-02    5.170444846153259e-01    2.126469090580940e-02
  endloop
endfacet
facet normal    6.716322138413486e-01    1.043861934489401e-01    7.334941662670600e-01
  outer loop
    vertex    2.109736949205398e-02    5.202677249908447e-01    2.560918033123016e-02
    vertex    2.305487915873527e-02    5.210747122764587e-01    2.370191924273968e-02
    vertex    2.292291074991226e-02    5.215607285499573e-01    2.375359088182449e-02
  endloop
endfacet
facet normal   -3.846710904084691e-01    4.827840318825928e-01    7.867323120116188e-01
  outer loop
    vertex    1.688545010983944e-02    5.165671110153198e-01    2.816076017916203e-02
    vertex    1.813058927655220e-02    5.173937082290649e-01    2.826232090592384e-02
    vertex    1.734595000743866e-02    5.173031091690063e-01    2.793426997959614e-02
  endloop
endfacet
facet normal   -4.208245949619134e-01    8.262278208599867e-01    3.745053381623539e-01
  outer loop
    vertex    1.734595000743866e-02    5.173031091690063e-01    2.793426997959614e-02
    vertex    2.109736949205398e-02    5.202677249908447e-01    2.560918033123016e-02
    vertex    1.558285020291805e-02    5.179011225700378e-01    2.463378012180328e-02
  endloop
endfacet
facet normal    1.722502346163329e-02   -9.376546542320174e-01    3.471412507377684e-01
  outer loop
    vertex    3.586442023515701e-02    4.986557066440583e-01    8.596722967922688e-03
    vertex    3.385047987103462e-02    5.008664727210999e-01    1.466809958219528e-02
    vertex    3.505598008632660e-02    4.985876083374024e-01    8.452898822724819e-03
  endloop
endfacet
facet normal   -3.009107628614979e-01   -9.474975858487997e-01    1.081713344875059e-01
  outer loop
    vertex    3.051885962486267e-02    5.006440281867981e-01    1.282185036689043e-02
    vertex    2.641477994620800e-02    5.019850134849548e-01    1.315112970769405e-02
    vertex    2.079840935766697e-02    5.035312175750732e-01    1.107108034193516e-02
  endloop
endfacet
facet normal   -4.526147667901744e-01   -7.487647639517246e-01    4.842429154337669e-01
  outer loop
    vertex    2.871029078960418e-02    5.014935135841370e-01    1.547016017138958e-02
    vertex    2.852552011609077e-02    5.018926262855530e-01    1.591458916664124e-02
    vertex    1.958180963993072e-02    5.040801167488098e-01    1.093745976686478e-02
  endloop
endfacet
facet normal   -4.984437024915654e-01   -5.875420100644428e-01    6.374545174802152e-01
  outer loop
    vertex    2.852552011609077e-02    5.018926262855530e-01    1.591458916664124e-02
    vertex    2.048286981880664e-02    5.043854713439941e-01    1.192346960306168e-02
    vertex    1.958180963993072e-02    5.040801167488098e-01    1.093745976686478e-02
  endloop
endfacet
facet normal    6.815182193052513e-02   -9.950718047857644e-01   -7.202383277743207e-02
  outer loop
    vertex    1.017952989786863e-02    5.086330771446228e-01    1.015275996178389e-02
    vertex    9.059295989573002e-03    5.084668993949890e-01    1.138863991945982e-02
    vertex    7.996380329132080e-03    5.084993243217468e-01    9.934888221323490e-03
  endloop
endfacet
facet normal    1.697021835733803e-01   -9.746478925693612e-01   -1.458171951469698e-01
  outer loop
    vertex    9.059295989573002e-03    5.084668993949890e-01    1.138863991945982e-02
    vertex    5.190392024815082e-03    5.075812935829163e-01    1.280543021857738e-02
    vertex    7.996380329132080e-03    5.084993243217468e-01    9.934888221323490e-03
  endloop
endfacet
facet normal    2.774122343098386e-01   -9.604301340704813e-01   -2.482760207069131e-02
  outer loop
    vertex    5.190392024815082e-03    5.075812935829163e-01    1.280543021857738e-02
    vertex    5.752814933657645e-03    5.076050162315369e-01    1.817199960350990e-02
    vertex    3.865177975967526e-03    5.071604847908020e-01    1.427664980292320e-02
  endloop
endfacet
facet normal   -8.459717282017635e-01    4.971362226192038e-01    1.928403776267586e-01
  outer loop
    vertex    8.948955684900284e-03    5.122972726821899e-01    2.333620935678482e-02
    vertex    3.865177975967526e-03    5.071604847908020e-01    1.427664980292320e-02
    vertex    4.937586840242147e-03    5.076498985290527e-01    1.771950908005238e-02
  endloop
endfacet
facet normal    2.017893162604880e-01   -9.793292449941153e-01    1.397503997779709e-02
  outer loop
    vertex    3.865177975967526e-03    5.071604847908020e-01    1.427664980292320e-02
    vertex    5.752814933657645e-03    5.076050162315369e-01    1.817199960350990e-02
    vertex    5.756276194006204e-03    5.076562762260437e-01    2.171416953206062e-02
  endloop
endfacet
facet normal    1.535723437315451e-02    1.787890225378405e-01    9.837675745684911e-01
  outer loop
    vertex   -1.946504972875120e-02    5.092713236808777e-01    5.505872890353203e-03
    vertex   -2.223188988864424e-02    5.101125836372375e-01    5.396175198256969e-03
    vertex   -2.359084039926531e-02    5.099666118621826e-01    5.443918053060770e-03
  endloop
endfacet
facet normal    8.301457635489323e-02    3.218795785171706e-01    9.431341988530721e-01
  outer loop
    vertex   -1.929616928100588e-02    5.158373117446899e-01    4.076412878930569e-03
    vertex   -1.931234076619150e-02    5.169376730918884e-01    3.702297108247876e-03
    vertex   -2.501174993813040e-02    5.166527032852173e-01    4.301215056329966e-03
  endloop
endfacet
facet normal   -1.992279059883028e-01    3.671318488149714e-01    9.085826583537775e-01
  outer loop
    vertex   -2.529012970626356e-02    5.155867934226990e-01    4.670877009630203e-03
    vertex   -2.501174993813040e-02    5.166527032852173e-01    4.301215056329966e-03
    vertex   -2.558143064379694e-02    5.164235234260559e-01    4.268904216587543e-03
  endloop
endfacet
facet normal   -2.823839191263110e-01   -9.588376910408721e-01    2.982623774923910e-02
  outer loop
    vertex    2.183490060269832e-02    5.022218227386475e-01    5.170462187379599e-03
    vertex    2.502463012933731e-02    5.012608170509338e-01    4.475766792893410e-03
    vertex    3.373361006379128e-02    4.988031089305878e-01    7.920140400528908e-03
  endloop
endfacet
facet normal    1.467756910383018e-01   -9.872556890918838e-01    6.150691730154198e-02
  outer loop
    vertex    3.637403994798660e-02    4.983487129211426e-01    2.453006105497479e-03
    vertex    3.725203126668930e-02    4.984861910343171e-01    2.564510097727180e-03
    vertex    3.586442023515701e-02    4.986557066440583e-01    8.596722967922688e-03
  endloop
endfacet
facet normal    7.392936101764895e-02   -9.956963358512512e-01    5.588610159882926e-02
  outer loop
    vertex    3.505598008632660e-02    4.985876083374024e-01    8.452898822724819e-03
    vertex    3.637403994798660e-02    4.983487129211426e-01    2.453006105497479e-03
    vertex    3.586442023515701e-02    4.986557066440583e-01    8.596722967922688e-03
  endloop
endfacet
facet normal    8.721158757061881e-01    1.993765300929102e-01    4.468365457181626e-01
  outer loop
    vertex    2.362282946705818e-02    5.136423110961914e-01    2.580182999372482e-02
    vertex    2.257880009710788e-02    5.120173096656799e-01    2.856458909809589e-02
    vertex    2.249878086149692e-02    5.108107924461365e-01    2.925910986959934e-02
  endloop
endfacet
facet normal   -5.273145718539123e-01    3.967758952484939e-01   -7.513376280077295e-01
  outer loop
    vertex    2.693446911871433e-02    5.141903162002563e-01    4.726168117485940e-04
    vertex    2.295456081628799e-02    5.091158747673035e-01    5.860779201611876e-04
    vertex    2.555865049362182e-02    5.154983997344971e-01    2.129002939909697e-03
  endloop
endfacet
facet normal    6.721044483163161e-01   -3.458193204113654e-01    6.547401073583637e-01
  outer loop
    vertex    2.778968960046768e-02    5.092133879661560e-01    2.223950996994972e-02
    vertex    2.793890982866287e-02    5.105329751968384e-01    2.278330922126770e-02
    vertex    2.549012936651706e-02    5.114973783493042e-01    2.580641023814678e-02
  endloop
endfacet
facet normal    4.999794047097206e-01    8.320206301789855e-01   -2.403378160479061e-01
  outer loop
    vertex    2.414307929575443e-02    5.132201910018921e-01    2.489697933197021e-02
    vertex    2.649761922657489e-02    5.112788081169128e-01    2.307434007525444e-02
    vertex    2.171397954225540e-02    5.143473744392395e-01    2.374584972858429e-02
  endloop
endfacet
facet normal    1.795961074240469e-01   -9.547711635175727e-01   -2.369752381862514e-01
  outer loop
    vertex    3.637403994798660e-02    4.983487129211426e-01    2.453006105497479e-03
    vertex    3.752981126308441e-02    4.988215863704682e-01    1.423725974746048e-03
    vertex    3.725203126668930e-02    4.984861910343171e-01    2.564510097727180e-03
  endloop
endfacet
facet normal   -2.595273090581896e-01   -7.883877823449217e-01    5.577546777054150e-01
  outer loop
    vertex    2.199484035372734e-02    5.117092132568359e-01    2.083165012300014e-02
    vertex    1.963049918413162e-02    5.114349126815796e-01    1.934378035366535e-02
    vertex    2.006302960216999e-02    5.108122825622559e-01    1.866495050489902e-02
  endloop
endfacet
facet normal   -2.333849272951241e-01   -8.181266104983443e-01    5.255476428507123e-01
  outer loop
    vertex    1.963049918413162e-02    5.114349126815796e-01    1.934378035366535e-02
    vertex    1.134038995951414e-02    5.088201761245728e-01    1.159191969782114e-02
    vertex    1.277625001966953e-02    5.084761977195740e-01    1.169408019632101e-02
  endloop
endfacet
facet normal   -4.048302035136155e-01   -7.558111363945417e-01    5.146474836479007e-01
  outer loop
    vertex    1.277625001966953e-02    5.084761977195740e-01    1.169408019632101e-02
    vertex    1.183591969311237e-02    5.081623196601868e-01    1.049343962222338e-02
    vertex    1.884507015347480e-02    5.045930743217468e-01    1.076516043394804e-02
  endloop
endfacet
facet normal   -3.545379550734044e-02   -9.237812811165972e-01    3.812757178771056e-01
  outer loop
    vertex    9.959228336811066e-03    5.085967779159546e-01    2.414125017821789e-02
    vertex    1.788284070789814e-02    5.102133750915527e-01    2.879484929144382e-02
    vertex    6.447175983339547e-03    5.081468224525452e-01    2.272449061274529e-02
  endloop
endfacet
facet normal    2.848075402934226e-01   -9.454225701775086e-01   -1.583061236685573e-01
  outer loop
    vertex    2.120908908545971e-02    5.121251940727234e-01    2.226082980632782e-02
    vertex    2.000913955271244e-02    5.116518139839172e-01    2.292908914387226e-02
    vertex    9.931070730090141e-03    5.086988806724548e-01    2.243296056985855e-02
  endloop
endfacet
facet normal    8.475436249076559e-03   -9.018042458993899e-01    4.320616496036424e-01
  outer loop
    vertex    9.347615763545036e-03    5.084565877914429e-01    2.331414073705673e-02
    vertex    6.447175983339547e-03    5.081468224525452e-01    2.272449061274529e-02
    vertex    5.756276194006204e-03    5.076562762260437e-01    2.171416953206062e-02
  endloop
endfacet
facet normal    2.729548617408856e-01   -9.619759452164915e-01   -9.895669600969124e-03
  outer loop
    vertex    1.948300004005432e-02    5.117186903953552e-01    2.039583958685398e-02
    vertex    1.689209975302219e-02    5.109788775444031e-01    2.084890007972717e-02
    vertex    1.559909991919994e-02    5.106400251388550e-01    1.812420040369034e-02
  endloop
endfacet
facet normal    2.815726346019551e-01   -9.594466371819430e-01    1.337915705772050e-02
  outer loop
    vertex    1.559909991919994e-02    5.106400251388550e-01    1.812420040369034e-02
    vertex    7.324838079512118e-03    5.081685185432434e-01    1.502437982708216e-02
    vertex    8.077053353190422e-03    5.083801150321960e-01    1.436755992472172e-02
  endloop
endfacet
facet normal    1.753417522907485e-01   -9.769812672452556e-01   -1.215025652217440e-01
  outer loop
    vertex    5.190392024815082e-03    5.075812935829163e-01    1.280543021857738e-02
    vertex    3.865177975967526e-03    5.071604847908020e-01    1.427664980292320e-02
    vertex    3.609081963077187e-03    5.073407292366028e-01    1.245776005089283e-02
  endloop
endfacet
facet normal    3.154850797533196e-01   -9.304766059557610e-01   -1.862322480723700e-01
  outer loop
    vertex    2.106473036110401e-02    5.117728114128113e-01    2.420129068195820e-02
    vertex    2.030936069786548e-02    5.103585124015808e-01    2.998795919120312e-02
    vertex    1.931340992450714e-02    5.105149149894714e-01    2.751933969557285e-02
  endloop
endfacet
facet normal   -2.384876618361266e-01   -9.693336903403189e-01    5.929445103174718e-02
  outer loop
    vertex    2.468690089881420e-02    5.106201767921448e-01    2.720101922750473e-02
    vertex    2.609086036682129e-02    5.100206732749939e-01    2.304730936884880e-02
    vertex    2.546265907585621e-02    5.103862285614014e-01    2.649665065109730e-02
  endloop
endfacet
facet normal   -9.629043025021516e-01    2.698429978543453e-01   -2.464382780611260e-04
  outer loop
    vertex   -2.691306918859484e-02    5.124875903129578e-01    3.128045005723834e-03
    vertex   -2.637560106813909e-02    5.144026279449463e-01    2.168072403345653e-19
    vertex   -2.693353220820429e-02    5.124117136001587e-01   -3.319730010843925e-23
  endloop
endfacet
facet normal   -7.000180712185258e-01    6.117390298612029e-01   -3.684427490288950e-01
  outer loop
    vertex   -2.415608055889608e-02    5.203580856323242e-01    1.063633972080424e-04
    vertex   -2.418015711009504e-02    5.202664732933044e-01    1.354920897444174e-19
    vertex   -2.437965385615827e-02    5.200381875038147e-01    1.351934421791130e-20
  endloop
endfacet
facet normal   -7.941770814146044e-01    5.533726746373475e-01    2.511203821287493e-01
  outer loop
    vertex   -2.415608055889608e-02    5.203580856323242e-01    1.063633972080424e-04
    vertex   -2.578677050769331e-02    5.165225863456726e-01    3.401213092729449e-03
    vertex   -2.558143064379694e-02    5.164235234260559e-01    4.268904216587543e-03
  endloop
endfacet
facet normal   -9.480803363163680e-01    3.180236019444607e-01   -2.159744548295052e-03
  outer loop
    vertex   -2.578677050769331e-02    5.165225863456726e-01    3.401213092729449e-03
    vertex   -2.485693059861662e-02    5.192714929580688e-01   -3.318562216375119e-23
    vertex   -2.580701373517515e-02    5.164391398429871e-01   -3.319096503663293e-23
  endloop
endfacet
facet normal   -1.963116480667779e-01    9.686626375190294e-01    1.521658026889852e-01
  outer loop
    vertex    1.496329996734858e-02    5.198209881782532e-01    1.184086035937071e-02
    vertex    1.381462998688221e-02    5.199031829833984e-01    9.835703298449516e-03
    vertex    1.439278014004230e-02    5.195503234863281e-01    1.282783038914204e-02
  endloop
endfacet
facet normal   -5.593729025536827e-01    7.927227237141773e-01    2.422656376703973e-01
  outer loop
    vertex    1.324552018195391e-02    5.190991163253784e-01    1.156807970255613e-02
    vertex    1.057089027017355e-02    5.187929868698120e-01    6.394255906343460e-03
    vertex    8.815555833280087e-03    5.163542032241821e-01    1.032132003456354e-02
  endloop
endfacet
facet normal   -5.578382527643303e-01    8.001080423854710e-01    2.205529511544303e-01
  outer loop
    vertex    1.324552018195391e-02    5.190991163253784e-01    1.156807970255613e-02
    vertex    8.815555833280087e-03    5.163542032241821e-01    1.032132003456354e-02
    vertex    6.727925036102532e-03    5.144317746162415e-01    1.201520022004843e-02
  endloop
endfacet
facet normal   -1.157310835686184e-01    9.747130832281408e-01   -1.911562755441868e-01
  outer loop
    vertex   -7.414012216031561e-04    5.184369087219238e-01    5.342590884538367e-05
    vertex   -5.924137076362977e-04    5.184441208839417e-01    5.417705945568710e-20
    vertex   -6.064698100090037e-04    5.184424519538879e-01    6.743214330400588e-21
  endloop
endfacet
facet normal   -4.283519666861026e-02    9.990754828710897e-01    3.650404396839185e-03
  outer loop
    vertex    1.002159994095564e-02    5.189617276191711e-01    4.141661804169416e-03
    vertex    8.802643977105618e-03    5.189241766929626e-01    1.152562035713345e-04
    vertex    5.652949213981628e-03    5.187873840332031e-01    5.942162824794650e-04
  endloop
endfacet
facet normal    1.408722785836576e-01    9.886681386816499e-01   -5.186822420721733e-02
  outer loop
    vertex    1.002159994095564e-02    5.189617276191711e-01    4.141661804169416e-03
    vertex    9.359214454889297e-03    5.188853740692139e-01    8.872593753039837e-04
    vertex    8.802643977105618e-03    5.189241766929626e-01    1.152562035713345e-04
  endloop
endfacet
facet normal   -1.509571931239503e-01    9.471028831316098e-01    2.832102657177712e-01
  outer loop
    vertex    7.671099156141280e-03    5.186747908592224e-01    3.848358988761902e-03
    vertex    1.002159994095564e-02    5.189617276191711e-01    4.141661804169416e-03
    vertex   -9.181643254123638e-04    5.180597901344299e-01    1.326762023381889e-03
  endloop
endfacet
facet normal    7.456872164647392e-01   -6.662636926978357e-01    6.577765100186599e-03
  outer loop
    vertex    3.767878562211990e-02    4.989742636680604e-01   -3.283394723876119e-23
    vertex    3.752981126308441e-02    4.988215863704682e-01    1.423725974746048e-03
    vertex    3.744943812489510e-02    4.987175762653351e-01    1.083873820115566e-19
  endloop
endfacet
facet normal    8.302104066575721e-01    5.513032934094537e-01   -8.255518974212681e-02
  outer loop
    vertex    3.945710882544518e-02    5.110023021697998e-01   -9.677846824285289e-21
    vertex    3.951914981007576e-02    5.109689831733704e-01    4.014066071249545e-04
    vertex    3.948802128434181e-02    5.109557509422302e-01   -3.282377285010137e-23
  endloop
endfacet
facet normal    1.323313012140410e-01    9.809865428426594e-01   -1.419641837950894e-01
  outer loop
    vertex   -1.745495945215227e-02    5.188406109809875e-01    2.361960068810731e-04
    vertex   -1.696868240833284e-02    5.187408328056335e-01   -9.151710576774088e-22
    vertex   -1.804548501968386e-02    5.188860893249512e-01   -3.314731741986451e-23
  endloop
endfacet
facet normal   -5.217356793813955e-01   -5.046459474275553e-01    6.878403511029131e-01
  outer loop
    vertex   -2.319715917110445e-02    5.091546177864075e-01    5.146796815097332e-03
    vertex   -2.359084039926531e-02    5.099666118621826e-01    5.443918053060770e-03
    vertex   -2.648363076150419e-02    5.117713212966919e-01    4.573755897581577e-03
  endloop
endfacet
facet normal   -7.697795596475488e-01   -5.671629173094114e-01    2.928577381219482e-01
  outer loop
    vertex   -2.662382088601591e-02    5.114446878433228e-01    3.572690067812800e-03
    vertex   -2.648363076150419e-02    5.117713212966919e-01    4.573755897581577e-03
    vertex   -2.691883966326715e-02    5.120232105255127e-01    3.917626105248928e-03
  endloop
endfacet
facet normal   -3.054357928642106e-01   -9.522079793873601e-01    2.990054924516049e-03
  outer loop
    vertex   -6.664137821644559e-03    5.092095136642456e-01    5.976750981062651e-03
    vertex   -7.021631114184871e-03    5.093054175376892e-01   -3.308532383774005e-23
    vertex   -6.158312316983953e-03    5.090284943580627e-01   -3.308046889097424e-23
  endloop
endfacet
facet normal    7.382417856941124e-01    4.682399711487606e-01    4.855413424969868e-01
  outer loop
    vertex    3.585769981145859e-02    5.127604007720947e-01    1.201159972697496e-02
    vertex    3.399002179503441e-02    5.148819088935852e-01    1.280540041625500e-02
    vertex    3.376809135079384e-02    5.140399932861328e-01    1.395475026220083e-02
  endloop
endfacet
facet normal    8.995437845949519e-01    4.158557308117100e-01    1.337347776296405e-01
  outer loop
    vertex    3.399002179503441e-02    5.148819088935852e-01    1.280540041625500e-02
    vertex    3.326117992401123e-02    5.163329839706421e-01    1.319563016295433e-02
    vertex    3.365791961550713e-02    5.152698159217834e-01    1.383300963789225e-02
  endloop
endfacet
facet normal    3.456775022744163e-01    9.191392224122069e-01   -1.889183798490892e-01
  outer loop
    vertex    3.815213963389397e-02    5.120205879211426e-01    8.761239005252719e-04
    vertex    2.941320091485977e-02    5.151789188385010e-01    2.519988920539618e-04
    vertex    2.885477989912033e-02    5.161361098289490e-01    3.887210041284561e-03
  endloop
endfacet
facet normal    7.167407674221221e-01    6.636344410699769e-01   -2.141774986801525e-01
  outer loop
    vertex    2.814083918929100e-02    5.214725732803345e-01    1.198565959930420e-02
    vertex    3.020979091525077e-02    5.196682810783386e-01    1.331872027367353e-02
    vertex    3.326117992401123e-02    5.163329839706421e-01    1.319563016295433e-02
  endloop
endfacet
facet normal    6.858588851276679e-01    6.130025387624362e-01    3.922059116870122e-01
  outer loop
    vertex    3.020979091525077e-02    5.196682810783386e-01    1.331872027367353e-02
    vertex    3.065467998385429e-02    5.188819169998169e-01    1.376978959888220e-02
    vertex    3.326117992401123e-02    5.163329839706421e-01    1.319563016295433e-02
  endloop
endfacet
facet normal    4.923524435312809e-01    8.471076890343134e-01    1.999940862318732e-01
  outer loop
    vertex    2.583310939371585e-02    5.125311017036438e-01    1.940595917403698e-02
    vertex    2.649761922657489e-02    5.112788081169128e-01    2.307434007525444e-02
    vertex    2.654070965945720e-02    5.120447278022766e-01    1.972408033907413e-02
  endloop
endfacet
facet normal    5.108770973054070e-01    4.643566745581006e-01    7.234483189849459e-01
  outer loop
    vertex    3.047709912061691e-02    5.136064291000366e-01    1.694848947227001e-02
    vertex    2.969129011034965e-02    5.139409899711609e-01    1.728866063058376e-02
    vertex    2.964068949222564e-02    5.128455162048340e-01    1.802754029631615e-02
  endloop
endfacet
facet normal    9.998699529367148e-01    1.604404621559232e-02   -1.632726359114678e-03
  outer loop
    vertex    2.132873982191085e-02    5.153378248214722e-01    2.189053036272526e-02
    vertex    2.134235017001629e-02    5.147373080253601e-01    2.432440966367722e-02
    vertex    2.133077941834926e-02    5.150787830352783e-01    2.059408091008663e-02
  endloop
endfacet
facet normal    3.320669525240962e-01    7.713427181536450e-01   -5.429198377225740e-01
  outer loop
    vertex    1.839685998857021e-02    5.160779953002930e-01    1.387611031532288e-02
    vertex    2.254647947847843e-02    5.162774920463562e-01    1.669757999479771e-02
    vertex    2.352211065590381e-02    5.159273147583008e-01    1.679679937660694e-02
  endloop
endfacet
facet normal   -9.149246793665863e-01    3.614833171681362e-01   -1.795623638045285e-01
  outer loop
    vertex    1.974599994719028e-02    5.048682093620300e-01    4.288061056286097e-03
    vertex    2.059308066964149e-02    5.078275203704834e-01    5.929421167820692e-03
    vertex    2.044044062495231e-02    5.066905021667480e-01    4.418197087943554e-03
  endloop
endfacet
facet normal   -5.875588102171214e-01    6.209371580550463e-01   -5.188561364027250e-01
  outer loop
    vertex    1.923648081719875e-02    5.153871774673462e-01    1.235666032880545e-02
    vertex    2.493409067392349e-02    5.197749137878418e-01    1.115560997277498e-02
    vertex    2.284332923591137e-02    5.175918936729431e-01    1.091070007532835e-02
  endloop
endfacet
facet normal   -8.168920165028553e-01    5.272242079369013e-01   -2.339274843604444e-01
  outer loop
    vertex    2.420255914330482e-02    5.175039768218994e-01    1.018287986516953e-02
    vertex    2.489718049764633e-02    5.186095833778381e-01    1.024901960045099e-02
    vertex    2.500195987522602e-02    5.184034109115601e-01    9.418452158570290e-03
  endloop
endfacet
facet normal    2.915900550361003e-01    9.554435615178387e-01   -4.585673950633624e-02
  outer loop
    vertex    1.496329996734858e-02    5.198209881782532e-01    1.184086035937071e-02
    vertex    1.521954033523798e-02    5.197960138320923e-01    1.294986996799707e-02
    vertex    1.586068980395794e-02    5.195869207382202e-01    1.267021987587214e-02
  endloop
endfacet
facet normal    5.355922464597350e-01    3.630640871530990e-01   -7.624469910439029e-01
  outer loop
    vertex    1.508282031863928e-02    5.190511941909790e-01    1.186869014054537e-02
    vertex    1.586068980395794e-02    5.195869207382202e-01    1.267021987587214e-02
    vertex    1.585113070905208e-02    5.186535716056824e-01    1.221906021237373e-02
  endloop
endfacet
facet normal    5.364709944733080e-01    8.395988975260089e-01   -8.527932552459742e-02
  outer loop
    vertex    1.845036074519157e-02    5.159103870391846e-01    1.256251987069845e-02
    vertex    1.839685998857021e-02    5.160779953002930e-01    1.387611031532288e-02
    vertex    1.923648081719875e-02    5.153871774673462e-01    1.235666032880545e-02
  endloop
endfacet
facet normal    6.097412151956060e-02    8.303063322857059e-01    5.539616873676164e-01
  outer loop
    vertex   -1.948981918394567e-02    5.189021825790405e-01    6.403605220839381e-04
    vertex   -2.368368953466417e-02    5.175381898880005e-01    3.146399045363069e-03
    vertex   -1.819851994514467e-02    5.187010169029236e-01    7.997457287274301e-04
  endloop
endfacet
facet normal   -5.098002161472217e-01    7.227508612510326e-01    4.666207584078709e-01
  outer loop
    vertex    5.622204858809709e-03    5.147596001625061e-01    1.029939018189907e-02
    vertex    5.739157088100909e-03    5.137090086936951e-01    1.205443032085896e-02
    vertex    6.727925036102532e-03    5.144317746162415e-01    1.201520022004843e-02
  endloop
endfacet
facet normal   -3.482117672923908e-01    8.535828945230765e-01    3.874852349402700e-01
  outer loop
    vertex    5.622204858809709e-03    5.147596001625061e-01    1.029939018189907e-02
    vertex    6.727925036102532e-03    5.144317746162415e-01    1.201520022004843e-02
    vertex    9.518437087535858e-03    5.184429883956909e-01    5.686664022505283e-03
  endloop
endfacet
facet normal   -4.394455756947509e-01    3.057604710722827e-01    8.446289838337095e-01
  outer loop
    vertex   -5.747491028159872e-03    5.102850794792175e-01    6.984564010053873e-03
    vertex    2.683663042262196e-03    5.123543143272400e-01    1.062207017093897e-02
    vertex   -3.476100042462350e-03    5.117623209953308e-01    7.631558924913406e-03
  endloop
endfacet
facet normal   -4.746047080561924e-01    3.703993261342146e-01    7.984702313112343e-01
  outer loop
    vertex    2.683663042262196e-03    5.123543143272400e-01    1.062207017093897e-02
    vertex    4.364319145679473e-03    5.129449963569641e-01    1.134703028947115e-02
    vertex    4.201963078230619e-03    5.133985280990601e-01    1.104013994336128e-02
  endloop
endfacet
facet normal   -1.048260655801080e-01    9.008284845071721e-01   -4.213306747383891e-01
  outer loop
    vertex    2.292291074991226e-02    5.215607285499573e-01    2.375359088182449e-02
    vertex    2.040502987802028e-02    5.192747712135315e-01    1.949252933263779e-02
    vertex    1.940719038248062e-02    5.188732147216797e-01    1.888223923742771e-02
  endloop
endfacet
facet normal   -8.401763445881821e-01   -5.416177129557614e-01   -2.745838682462585e-02
  outer loop
    vertex    1.870699971914291e-02    5.048571228981018e-01    9.781494736671448e-03
    vertex    1.990550942718982e-02    5.032970905303955e-01    3.880989970639348e-03
    vertex    1.884507015347480e-02    5.045930743217468e-01    1.076516043394804e-02
  endloop
endfacet
facet normal   -6.390978473351551e-01   -7.677435064616822e-01    4.608524511697816e-02
  outer loop
    vertex    1.884507015347480e-02    5.045930743217468e-01    1.076516043394804e-02
    vertex    1.990550942718982e-02    5.032970905303955e-01    3.880989970639348e-03
    vertex    2.080786041915416e-02    5.025287270545959e-01    3.594228066504002e-03
  endloop
endfacet
facet normal   -2.147891320347686e-01   -8.638941450934551e-01    4.555793397784835e-01
  outer loop
    vertex   -5.248043220490232e-03    5.087845921516418e-01    6.198278162628412e-03
    vertex    2.230704994872212e-03    5.054957866668701e-01    3.487826092168689e-03
    vertex   -3.668138058856131e-03    5.086184144020081e-01    6.628030911087990e-03
  endloop
endfacet
facet normal   -1.236341293918494e-01   -8.115077533054563e-01    5.711127457644858e-01
  outer loop
    vertex    1.243246020749210e-03    5.085777044296265e-01    8.040115237236023e-03
    vertex    4.942369181662797e-03    5.081548094749451e-01    8.239997550845146e-03
    vertex    6.941035855561494e-03    5.082967877388000e-01    8.874407969415188e-03
  endloop
endfacet
facet normal   -7.712929329012676e-02   -3.753756223592538e-01    9.236580613273336e-01
  outer loop
    vertex   -1.946504972875120e-02    5.092713236808777e-01    5.505872890353203e-03
    vertex   -2.359084039926531e-02    5.099666118621826e-01    5.443918053060770e-03
    vertex   -2.319715917110445e-02    5.091546177864075e-01    5.146796815097332e-03
  endloop
endfacet
facet normal    9.462592863175649e-02   -9.919343340200194e-01    8.433392332174641e-02
  outer loop
    vertex   -1.196361985057594e-02    5.100011229515076e-01    5.672866012901068e-03
    vertex   -1.946504972875120e-02    5.092713236808777e-01    5.505872890353203e-03
    vertex   -1.384092960506679e-02    5.097864866256714e-01    5.254731047898531e-03
  endloop
endfacet
facet normal   -1.132443946125097e-01   -9.893131104591911e-01    9.184376169564482e-02
  outer loop
    vertex   -6.846194155514255e-03    5.094919204711914e-01    6.497735157608986e-03
    vertex   -1.196361985057594e-02    5.100011229515076e-01    5.672866012901068e-03
    vertex   -1.154720038175584e-02    5.098934173583984e-01    5.026143975555897e-03
  endloop
endfacet
facet normal   -1.271358279229124e-01   -9.822165485557451e-01    1.381561906017797e-01
  outer loop
    vertex   -6.846194155514255e-03    5.094919204711914e-01    6.497735157608986e-03
    vertex   -1.154720038175584e-02    5.098934173583984e-01    5.026143975555897e-03
    vertex   -7.880637422204032e-03    5.094590187072754e-01    5.311892833560705e-03
  endloop
endfacet
facet normal    4.647981981912775e-01    8.824987440114481e-01    7.182340688353923e-02
  outer loop
    vertex    2.583310939371585e-02    5.125311017036438e-01    1.940595917403698e-02
    vertex    2.213444001972675e-02    5.143771171569824e-01    2.065942995250225e-02
    vertex    2.171397954225540e-02    5.143473744392395e-01    2.374584972858429e-02
  endloop
endfacet
facet normal   -1.516041065729016e-01   -9.824517620458708e-01    1.086495748873235e-01
  outer loop
    vertex    3.637403994798660e-02    4.983487129211426e-01    2.453006105497479e-03
    vertex    3.402991965413094e-02    4.987544119358063e-01    2.850627992302179e-03
    vertex    3.429052978754044e-02    4.986037909984589e-01    1.852296991273761e-03
  endloop
endfacet
facet normal    1.525738086537244e-01   -9.882772599140459e-01    5.412065195657128e-03
  outer loop
    vertex    9.059295989573002e-03    5.084668993949890e-01    1.138863991945982e-02
    vertex    1.017952989786863e-02    5.086330771446228e-01    1.015275996178389e-02
    vertex    1.134038995951414e-02    5.088201761245728e-01    1.159191969782114e-02
  endloop
endfacet
facet normal    2.506538429604224e-01   -9.648839322386824e-01    7.855983908327140e-02
  outer loop
    vertex    8.077053353190422e-03    5.083801150321960e-01    1.436755992472172e-02
    vertex    1.086242031306028e-02    5.089982151985168e-01    1.307213958352804e-02
    vertex    1.559909991919994e-02    5.106400251388550e-01    1.812420040369034e-02
  endloop
endfacet
facet normal    9.844842663155281e-01   -1.358979876650892e-01    1.110066048744656e-01
  outer loop
    vertex    3.915327042341232e-02    5.083509087562561e-01    5.347739905118942e-03
    vertex    3.982373699545860e-02    5.088397264480591e-01   -3.282188492387242e-23
    vertex    3.907902911305428e-02    5.095481872558594e-01    7.471912074834108e-03
  endloop
endfacet
facet normal    9.844629832419739e-01   -1.360668480409446e-01    1.109885016139763e-01
  outer loop
    vertex    3.982373699545860e-02    5.088397264480591e-01   -3.282188492387242e-23
    vertex    3.915327042341232e-02    5.083509087562561e-01    5.347739905118942e-03
    vertex    3.981941193342209e-02    5.088084340095520e-01   -1.084530391577967e-19
  endloop
endfacet
facet normal    9.848366923403121e-01   -1.330633396449081e-01    1.113141368503446e-01
  outer loop
    vertex    3.981941193342209e-02    5.088084340095520e-01   -1.084530391577967e-19
    vertex    3.962820023298264e-02    5.079143047332764e-01    6.228900747373700e-04
    vertex    3.979462385177612e-02    5.086249709129333e-01   -3.282204864407668e-23
  endloop
endfacet
facet normal   -5.059391035813109e-01    4.152400817391213e-01    7.560431852643256e-01
  outer loop
    vertex    2.783616073429584e-02    5.146828293800354e-01    1.242906000697985e-04
    vertex    2.364593558013439e-02    5.098036527633667e-01   -3.291286216691705e-23
    vertex    2.231574058532714e-02    5.078207254409790e-01    1.989214943023399e-04
  endloop
endfacet
facet normal   -5.059595694424482e-01    4.152582610151274e-01    7.560195042115678e-01
  outer loop
    vertex    2.364593558013439e-02    5.098036527633667e-01   -3.291286216691705e-23
    vertex    2.783616073429584e-02    5.146828293800354e-01    1.242906000697985e-04
    vertex    2.745437249541282e-02    5.144439339637756e-01   -3.289144509864049e-23
  endloop
endfacet
facet normal   -2.332917386506380e-01   -9.723372306365842e-01    1.163076073783586e-02
  outer loop
    vertex   -1.187354885041715e-02    5.099115967750549e-01   -4.337139816032119e-19
    vertex   -1.154720038175584e-02    5.098934173583984e-01    5.026143975555897e-03
    vertex   -1.207874901592733e-02    5.099608302116394e-01   -3.311376297069861e-23
  endloop
endfacet
facet normal   -7.533060262665833e-01    5.372125565729056e-01    3.793846331242906e-01
  outer loop
    vertex    2.231574058532714e-02    5.078207254409790e-01    1.989214943023399e-04
    vertex    2.081603370606899e-02    5.058582425117493e-01   -3.292877636023946e-23
    vertex    1.983319036662578e-02    5.042805075645447e-01    2.825554984156042e-04
  endloop
endfacet
facet normal   -7.533039455053688e-01    5.372102110518542e-01    3.793920858790633e-01
  outer loop
    vertex    2.081603370606899e-02    5.058582425117493e-01   -3.292877636023946e-23
    vertex    2.231574058532714e-02    5.078207254409790e-01    1.989214943023399e-04
    vertex    2.180553972721100e-02    5.072457790374756e-01   -3.292321178916560e-23
  endloop
endfacet
facet normal   -6.672456678823199e-01    5.750453806061613e-01   -4.733983829036512e-01
  outer loop
    vertex    1.983319036662578e-02    5.042805075645447e-01    2.825554984156042e-04
    vertex    1.958721503615379e-02    5.037624835968018e-01   -3.293568672623698e-23
    vertex    1.976766996085643e-02    5.046588778495789e-01    8.345182868652046e-04
  endloop
endfacet
facet normal   -6.672429879587947e-01    5.750458544485372e-01   -4.734015845995570e-01
  outer loop
    vertex    1.958721503615379e-02    5.037624835968018e-01   -3.293568672623698e-23
    vertex    1.983319036662578e-02    5.042805075645447e-01    2.825554984156042e-04
    vertex    1.969308592379093e-02    5.038853287696838e-01   -3.293509135230937e-23
  endloop
endfacet
facet normal    4.558432066632720e-02    9.959268636594233e-01    7.779300708221788e-02
  outer loop
    vertex   -1.882813312113287e-02    5.189219117164612e-01    2.707190259342954e-20
    vertex   -1.745495945215227e-02    5.188406109809875e-01    2.361960068810731e-04
    vertex   -1.804548501968386e-02    5.188860893249512e-01   -3.314731741986451e-23
  endloop
endfacet
facet normal    4.558531561526657e-02    9.959272592876209e-01    7.778735892228623e-02
  outer loop
    vertex   -1.745495945215227e-02    5.188406109809875e-01    2.361960068810731e-04
    vertex   -1.882813312113287e-02    5.189219117164612e-01    2.707190259342954e-20
    vertex   -1.948981918394567e-02    5.189021825790405e-01    6.403605220839381e-04
  endloop
endfacet
facet normal   -8.332498867257133e-01    5.187082571499890e-01    1.914062962287467e-01
  outer loop
    vertex   -2.485693059861662e-02    5.192714929580688e-01   -3.318562216375119e-23
    vertex   -2.415608055889608e-02    5.203580856323242e-01    1.063633972080424e-04
    vertex   -2.437965385615827e-02    5.200381875038147e-01    1.351934421791130e-20
  endloop
endfacet
facet normal   -8.332473975803355e-01    5.187046284780561e-01    1.914269647177223e-01
  outer loop
    vertex   -2.415608055889608e-02    5.203580856323242e-01    1.063633972080424e-04
    vertex   -2.485693059861662e-02    5.192714929580688e-01   -3.318562216375119e-23
    vertex   -2.578677050769331e-02    5.165225863456726e-01    3.401213092729449e-03
  endloop
endfacet
facet normal   -2.901154258278284e-02   -9.995742454008699e-01    3.107785103352835e-03
  outer loop
    vertex   -1.922171935439112e-02    5.089222788810730e-01    4.979358054697514e-03
    vertex   -2.274028956890108e-02    5.090231895446777e-01    4.589546937495470e-03
    vertex   -2.100989408791067e-02    5.089586973190308e-01   -3.316398802482024e-23
  endloop
endfacet
facet normal   -2.900800565247029e-02   -9.995743438988404e-01    3.109120015200606e-03
  outer loop
    vertex   -2.264889888465406e-02    5.090062618255615e-01   -3.317320510777104e-23
    vertex   -2.100989408791067e-02    5.089586973190308e-01   -3.316398802482024e-23
    vertex   -2.274028956890108e-02    5.090231895446777e-01    4.589546937495470e-03
  endloop
endfacet
facet normal   -3.725573065931340e-01   -9.280028863728856e-01   -3.419968956403126e-03
  outer loop
    vertex   -5.400822497904315e-03    5.087243914604187e-01   -3.307620908246760e-23
    vertex   -5.088196136057392e-03    5.085800886154175e-01    5.100111011415720e-03
    vertex   -6.158312316983953e-03    5.090284943580627e-01   -3.308046889097424e-23
  endloop
endfacet
facet normal   -3.725464169205688e-01   -9.280072482439010e-01   -3.422637349855426e-03
  outer loop
    vertex   -6.664137821644559e-03    5.092095136642456e-01    5.976750981062651e-03
    vertex   -6.158312316983953e-03    5.090284943580627e-01   -3.308046889097424e-23
    vertex   -5.088196136057392e-03    5.085800886154175e-01    5.100111011415720e-03
  endloop
endfacet
facet normal   -9.885308417267952e-01    1.337633542147621e-01    7.010092741276432e-02
  outer loop
    vertex    1.953333802521228e-02    5.033643245697021e-01   -3.293598970812477e-23
    vertex    1.959276013076305e-02    5.033823251724243e-01    8.035951177589595e-04
    vertex    1.958721503615379e-02    5.037624835968018e-01   -3.293568672623698e-23
  endloop
endfacet
facet normal   -9.885333910780455e-01    1.337482488025396e-01    7.009379905522503e-02
  outer loop
    vertex    1.976766996085643e-02    5.046588778495789e-01    8.345182868652046e-04
    vertex    1.958721503615379e-02    5.037624835968018e-01   -3.293568672623698e-23
    vertex    1.959276013076305e-02    5.033823251724243e-01    8.035951177589595e-04
  endloop
endfacet
facet normal   -9.997263124760001e-01    2.261421375114919e-02    5.991450538599659e-03
  outer loop
    vertex   -2.693826332688333e-02    5.122025609016418e-01    2.168072371703866e-19
    vertex   -2.691306918859484e-02    5.124875903129578e-01    3.128045005723834e-03
    vertex   -2.693353220820429e-02    5.124117136001587e-01   -3.319730010843925e-23
  endloop
endfacet
facet normal   -9.997263927789569e-01    2.261057542631744e-02    5.991782711809083e-03
  outer loop
    vertex   -2.691306918859484e-02    5.124875903129578e-01    3.128045005723834e-03
    vertex   -2.693826332688333e-02    5.122025609016418e-01    2.168072371703866e-19
    vertex   -2.691883966326715e-02    5.120232105255127e-01    3.917626105248928e-03
  endloop
endfacet
facet normal   -2.952797953937187e-01    5.122753079442826e-01    8.064637941673726e-01
  outer loop
    vertex    2.870390005409717e-02    5.152050852775574e-01    1.102628011722118e-04
    vertex    2.807174623012542e-02    5.150142908096313e-01    1.351963918282380e-20
    vertex    2.783616073429584e-02    5.146828293800354e-01    1.242906000697985e-04
  endloop
endfacet
facet normal   -2.952862522393590e-01    5.123112696530647e-01    8.064385855258281e-01
  outer loop
    vertex    2.807174623012542e-02    5.150142908096313e-01    1.351963918282380e-20
    vertex    2.870390005409717e-02    5.152050852775574e-01    1.102628011722118e-04
    vertex    2.859769947826862e-02    5.153174400329590e-01   -3.288501550221327e-23
  endloop
endfacet
facet normal   -2.357890288340991e-01   -9.717818797978474e-01    6.596360969086799e-03
  outer loop
    vertex    2.821407839655876e-02    5.000655055046082e-01   -3.288717282541249e-23
    vertex    2.247931994497776e-02    5.014613866806030e-01    6.517089204862714e-04
    vertex    2.484737895429134e-02    5.008823871612549e-01   -3.290610574634250e-23
  endloop
endfacet
facet normal   -2.357858395532678e-01   -9.717824543336044e-01    6.625655855576225e-03
  outer loop
    vertex    2.247931994497776e-02    5.014613866806030e-01    6.517089204862714e-04
    vertex    2.821407839655876e-02    5.000655055046082e-01   -3.288717282541249e-23
    vertex    3.429052978754044e-02    4.986037909984589e-01    1.852296991273761e-03
  endloop
endfacet
facet normal   -1.299036363984875e-01    6.292647318948632e-01    7.662577519632251e-01
  outer loop
    vertex    2.941320091485977e-02    5.151789188385010e-01    2.519988920539618e-04
    vertex    2.883942052721977e-02    5.153673291206360e-01   -3.288365616333417e-23
    vertex    2.870390005409717e-02    5.152050852775574e-01    1.102628011722118e-04
  endloop
endfacet
facet normal   -1.298716244467693e-01    6.292499372509928e-01    7.662753275639109e-01
  outer loop
    vertex    2.859769947826862e-02    5.153174400329590e-01   -3.288501550221327e-23
    vertex    2.870390005409717e-02    5.152050852775574e-01    1.102628011722118e-04
    vertex    2.883942052721977e-02    5.153673291206360e-01   -3.288365616333417e-23
  endloop
endfacet
facet normal    9.839112085565872e-01    1.430103500808993e-01    1.070830212800076e-01
  outer loop
    vertex    3.983328118920326e-02    5.099537372589111e-01   -3.282183125147646e-23
    vertex    3.907902911305428e-02    5.095481872558594e-01    7.471912074834108e-03
    vertex    3.983663395047188e-02    5.099306702613831e-01   -3.282181239693424e-23
  endloop
endfacet
facet normal    9.838729432963214e-01    1.432658882328574e-01    1.070930283365090e-01
  outer loop
    vertex    3.907902911305428e-02    5.095481872558594e-01    7.471912074834108e-03
    vertex    3.983328118920326e-02    5.099537372589111e-01   -3.282183125147646e-23
    vertex    3.884553909301758e-02    5.108528137207031e-01    7.871714420616627e-03
  endloop
endfacet
facet normal   -5.350599477803614e-02    9.984633394863350e-01   -1.442457017066873e-02
  outer loop
    vertex    5.652949213981628e-03    5.187873840332031e-01    5.942162824794650e-04
    vertex   -5.924137076362977e-04    5.184441208839417e-01    5.417705945568710e-20
    vertex   -7.414012216031561e-04    5.184369087219238e-01    5.342590884538367e-05
  endloop
endfacet
facet normal   -5.349808042358116e-02    9.984625648991733e-01   -1.450730457240554e-02
  outer loop
    vertex   -5.924137076362977e-04    5.184441208839417e-01    5.417705945568710e-20
    vertex    5.652949213981628e-03    5.187873840332031e-01    5.942162824794650e-04
    vertex    6.236809771507978e-03    5.188100337982178e-01   -3.301076386883437e-23
  endloop
endfacet
facet normal   -1.989041243268110e-01   -9.800114809827393e-01   -3.827070394282807e-03
  outer loop
    vertex   -7.021631114184871e-03    5.093054175376892e-01   -3.308532383774005e-23
    vertex   -7.880637422204032e-03    5.094590187072754e-01    5.311892833560705e-03
    vertex   -7.607219740748420e-03    5.094242691993713e-01    4.336477803772565e-19
  endloop
endfacet
facet normal   -1.989088823171295e-01   -9.800105121697102e-01   -3.827867841566526e-03
  outer loop
    vertex   -7.880637422204032e-03    5.094590187072754e-01    5.311892833560705e-03
    vertex   -7.021631114184871e-03    5.093054175376892e-01   -3.308532383774005e-23
    vertex   -6.664137821644559e-03    5.092095136642456e-01    5.976750981062651e-03
  endloop
endfacet
facet normal    8.396442000847150e-01   -5.423241962769157e-01    2.969988883306076e-02
  outer loop
    vertex    3.810074925422668e-02    4.997049868106843e-01    1.413794001564384e-03
    vertex    3.767878562211990e-02    4.989742636680604e-01   -3.283394723876119e-23
    vertex    3.804055601358414e-02    4.995343685150147e-01   -3.283191279227596e-23
  endloop
endfacet
facet normal    8.396440100308684e-01   -5.423244794040697e-01    2.970009189190435e-02
  outer loop
    vertex    3.767878562211990e-02    4.989742636680604e-01   -3.283394723876119e-23
    vertex    3.810074925422668e-02    4.997049868106843e-01    1.413794001564384e-03
    vertex    3.752981126308441e-02    4.988215863704682e-01    1.423725974746048e-03
  endloop
endfacet
facet normal    6.035144682827557e-01    7.968820461081987e-01   -2.737318329667688e-02
  outer loop
    vertex    3.815213963389397e-02    5.120205879211426e-01    8.761239005252719e-04
    vertex    3.951914981007576e-02    5.109689831733704e-01    4.014066071249545e-04
    vertex    3.823627904057503e-02    5.119267702102661e-01   -3.283081212928935e-23
  endloop
endfacet
facet normal    9.291808524384434e-01   -3.696244518146897e-01   -8.414763561298056e-04
  outer loop
    vertex    8.426292799413204e-03    5.165503025054932e-01   -2.713805276326194e-20
    vertex    6.723687052726745e-03    5.122662782669067e-01    1.724887057207525e-03
    vertex    5.754879210144281e-03    5.098347663879395e-01   -3.301347404481474e-23
  endloop
endfacet
facet normal    3.902318156768678e-02    9.467174750730440e-01   -3.196923735275142e-01
  outer loop
    vertex   -4.252904560416938e-03    5.182166695594788e-01    6.743193824364521e-21
    vertex   -1.745495945215227e-02    5.188406109809875e-01    2.361960068810731e-04
    vertex   -2.614882076159120e-03    5.181651115417480e-01    4.726410043076612e-05
  endloop
endfacet
facet normal   -4.420117764312594e-02    9.990083163030694e-01   -5.351621461504700e-03
  outer loop
    vertex    5.652949213981628e-03    5.187873840332031e-01    5.942162824794650e-04
    vertex    8.802643977105618e-03    5.189241766929626e-01    1.152562035713345e-04
    vertex    6.236809771507978e-03    5.188100337982178e-01   -3.301076386883437e-23
  endloop
endfacet
facet normal    3.440929272622678e-01    9.349006218371378e-01   -8.695334781718803e-02
  outer loop
    vertex    3.312677890062332e-02    5.137887001037598e-01   -2.713791385797604e-20
    vertex    3.815213963389397e-02    5.120205879211426e-01    8.761239005252719e-04
    vertex    3.775486722588539e-02    5.120853185653687e-01   -3.283351938962114e-23
  endloop
endfacet
facet normal   -2.187112112676725e-01   -9.744308446060244e-01   -5.147752078546115e-02
  outer loop
    vertex    3.325212001800537e-02    4.989347159862519e-01   -3.285884096945847e-23
    vertex    3.429052978754044e-02    4.986037909984589e-01    1.852296991273761e-03
    vertex    2.821407839655876e-02    5.000655055046082e-01   -3.288717282541249e-23
  endloop
endfacet
facet normal   -2.187159852155796e-01   -9.744299231575689e-01   -5.147467985633928e-02
  outer loop
    vertex    3.429052978754044e-02    4.986037909984589e-01    1.852296991273761e-03
    vertex    3.325212001800537e-02    4.989347159862519e-01   -3.285884096945847e-23
    vertex    3.445696830749512e-02    4.986596107482911e-01    8.841619273880497e-05
  endloop
endfacet
facet normal    1.582270341672219e-01   -9.873783047473571e-01    6.949026757753099e-03
  outer loop
    vertex   -1.384092960506679e-02    5.097864866256714e-01    5.254731047898531e-03
    vertex   -1.922171935439112e-02    5.089222788810730e-01    4.979358054697514e-03
    vertex   -1.749775931239130e-02    5.091634988784790e-01    2.574648717280712e-19
  endloop
endfacet
facet normal    1.578409420051153e-01   -9.874410511056536e-01    6.812313725890606e-03
  outer loop
    vertex   -1.759806461632253e-02    5.091474652290344e-01    1.351938235475731e-20
    vertex   -1.749775931239130e-02    5.091634988784790e-01    2.574648717280712e-19
    vertex   -1.922171935439112e-02    5.089222788810730e-01    4.979358054697514e-03
  endloop
endfacet
facet normal   -3.059933959445724e-01   -9.519653547608515e-01    1.140197234491495e-02
  outer loop
    vertex    2.743134042248129e-03    5.051230788230896e-01    2.756125060841441e-03
    vertex    1.532281748950481e-03    5.054792761802673e-01   -3.303722018022254e-23
    vertex    2.227473538368939e-03    5.052558183670044e-01   -3.303331071000058e-23
  endloop
endfacet
facet normal   -3.060068690252900e-01   -9.519609462164613e-01    1.140846124587216e-02
  outer loop
    vertex    1.532281748950481e-03    5.054792761802673e-01   -3.303722018022254e-23
    vertex    2.743134042248129e-03    5.051230788230896e-01    2.756125060841441e-03
    vertex    1.232853974215685e-03    5.056130290031433e-01    3.129300894215703e-03
  endloop
endfacet
facet normal   -4.248019524172195e-01   -9.052862090906674e-01    4.252678760633767e-04
  outer loop
    vertex   -1.381841255351902e-03    5.068385004997253e-01    2.168073808891017e-19
    vertex   -5.088196136057392e-03    5.085800886154175e-01    5.100111011415720e-03
    vertex   -5.400822497904315e-03    5.087243914604187e-01   -3.307620908246760e-23
  endloop
endfacet
facet normal   -4.248028910169949e-01   -9.052857690464934e-01    4.244355099535932e-04
  outer loop
    vertex   -5.088196136057392e-03    5.085800886154175e-01    5.100111011415720e-03
    vertex   -1.381841255351902e-03    5.068385004997253e-01    2.168073808891017e-19
    vertex    1.232853974215685e-03    5.056130290031433e-01    3.129300894215703e-03
  endloop
endfacet
facet normal   -2.991200353200831e-01   -9.537051220571481e-01   -3.120488154235938e-02
  outer loop
    vertex    2.250188775360584e-02    5.014756321907043e-01   -3.291929581580203e-23
    vertex    2.247931994497776e-02    5.014613866806030e-01    6.517089204862714e-04
    vertex    2.084168419241905e-02    5.019963383674622e-01   -3.292863211188912e-23
  endloop
endfacet
facet normal   -1.518667710461304e-01   -9.879834651146645e-01    2.872553762844089e-02
  outer loop
    vertex    3.634358197450638e-02    4.983670413494111e-01   -1.230484778726696e-20
    vertex    3.445696830749512e-02    4.986596107482911e-01    8.841619273880497e-05
    vertex    3.453679755330086e-02    4.986447691917420e-01   -3.285161647597200e-23
  endloop
endfacet
facet normal    3.314220190231965e-01   -9.421504814432253e-01    5.011901458415422e-02
  outer loop
    vertex    3.637816011905670e-02    4.983868002891541e-01    8.660260937176645e-04
    vertex    3.744943812489510e-02    4.987175762653351e-01    1.083873820115566e-19
    vertex    3.752981126308441e-02    4.988215863704682e-01    1.423725974746048e-03
  endloop
endfacet
facet normal    8.216114199239212e-01   -4.064215348669122e-02    5.685973003897945e-01
  outer loop
    vertex    8.882156573235989e-03    5.189191102981567e-01   -3.299588753601232e-23
    vertex    8.802643977105618e-03    5.189241766929626e-01    1.152562035713345e-04
    vertex    8.811827749013901e-03    5.174973607063293e-01   -7.895143455267295e-22
  endloop
endfacet
facet normal   -8.969609590141751e-01   -4.355101168853150e-01    7.610503330864990e-02
  outer loop
    vertex    1.959276013076305e-02    5.033823251724243e-01    8.035951177589595e-04
    vertex    1.965857110917568e-02    5.031063556671143e-01   -3.293528544917668e-23
    vertex    1.995912939310074e-02    5.026171207427979e-01    7.426879019476473e-04
  endloop
endfacet
facet normal   -8.969912627929725e-01   -4.354516416547966e-01    7.608247007827353e-02
  outer loop
    vertex    1.965857110917568e-02    5.031063556671143e-01   -3.293528544917668e-23
    vertex    1.959276013076305e-02    5.033823251724243e-01    8.035951177589595e-04
    vertex    1.953333802521228e-02    5.033643245697021e-01   -3.293598970812477e-23
  endloop
endfacet
facet normal    2.543921701483701e-01    9.221945183201681e-01    2.912763192355942e-01
  outer loop
    vertex   -2.235335111618044e-02    5.198943614959717e-01   -3.317154307160011e-23
    vertex   -1.948981918394567e-02    5.189021825790405e-01    6.403605220839381e-04
    vertex   -1.882813312113287e-02    5.189219117164612e-01    2.707190259342954e-20
  endloop
endfacet
facet normal    2.544059241446652e-01    9.222050131881138e-01    2.912310756269145e-01
  outer loop
    vertex   -1.948981918394567e-02    5.189021825790405e-01    6.403605220839381e-04
    vertex   -2.235335111618044e-02    5.198943614959717e-01   -3.317154307160011e-23
    vertex   -2.415608055889608e-02    5.203580856323242e-01    1.063633972080424e-04
  endloop
endfacet
facet normal    8.351830173517776e-01   -5.495659910586702e-01    2.113170600973616e-02
  outer loop
    vertex    4.311296157538890e-03    5.063961148262024e-01   -3.302159215637667e-23
    vertex    4.368814174085855e-03    5.064924955368042e-01    2.332745934836566e-04
    vertex    3.684309776872396e-03    5.054432749748230e-01   -3.302511806747837e-23
  endloop
endfacet
facet normal    8.351798099003133e-01   -5.495698376423314e-01    2.115841886006779e-02
  outer loop
    vertex    3.546908963471650e-03    5.053294897079468e-01    2.468116115778685e-03
    vertex    3.684309776872396e-03    5.054432749748230e-01   -3.302511806747837e-23
    vertex    4.368814174085855e-03    5.064924955368042e-01    2.332745934836566e-04
  endloop
endfacet
facet normal   -1.382531174136271e-01    9.586126029252297e-01   -2.488934572027348e-01
  outer loop
    vertex   -2.614882076159120e-03    5.181651115417480e-01    4.726410043076612e-05
    vertex   -7.414012216031561e-04    5.184369087219238e-01    5.342590884538367e-05
    vertex   -2.473587170243264e-03    5.181732177734375e-01   -3.305974752712369e-23
  endloop
endfacet
facet normal   -1.382042249422261e-01    9.584351705107950e-01   -2.496029169221827e-01
  outer loop
    vertex   -6.064698100090037e-04    5.184424519538879e-01    6.743214330400588e-21
    vertex   -2.473587170243264e-03    5.181732177734375e-01   -3.305974752712369e-23
    vertex   -7.414012216031561e-04    5.184369087219238e-01    5.342590884538367e-05
  endloop
endfacet
facet normal    9.805326061127519e-01   -1.736013519127959e-01    9.175172458207198e-02
  outer loop
    vertex    3.962820023298264e-02    5.079143047332764e-01    6.228900747373700e-04
    vertex    3.810074925422668e-02    4.997049868106843e-01    1.413794001564384e-03
    vertex    3.887112811207771e-02    5.033090114593506e-01    2.707222707013756e-20
  endloop
endfacet
facet normal    9.805326430659190e-01   -1.736019835627088e-01    9.175013452445785e-02
  outer loop
    vertex    3.849393501877785e-02    5.011785626411438e-01   -3.282936317714077e-23
    vertex    3.887112811207771e-02    5.033090114593506e-01    2.707222707013756e-20
    vertex    3.810074925422668e-02    4.997049868106843e-01    1.413794001564384e-03
  endloop
endfacet
facet normal   -5.689568903086549e-01   -8.223668919130153e-01    8.672114115535677e-04
  outer loop
    vertex   -2.516631595790388e-02    5.104325413703918e-01   -2.168736218591180e-19
    vertex   -2.662382088601591e-02    5.114446878433228e-01    3.572690067812800e-03
    vertex   -2.648720145225527e-02    5.113463997840881e-01   -3.319479012924796e-23
  endloop
endfacet
facet normal   -8.881087125747481e-01   -4.594996764867619e-01    1.108882128021195e-02
  outer loop
    vertex   -2.662382088601591e-02    5.114446878433228e-01    3.572690067812800e-03
    vertex   -2.690095454454424e-02    5.118941068649292e-01    2.168072373801958e-19
    vertex   -2.674817852675916e-02    5.115988254547119e-01    4.336476727364457e-19
  endloop
endfacet
facet normal   -8.881069493993816e-01   -4.595030979757148e-01    1.108825411165854e-02
  outer loop
    vertex   -2.690095454454424e-02    5.118941068649292e-01    2.168072373801958e-19
    vertex   -2.662382088601591e-02    5.114446878433228e-01    3.572690067812800e-03
    vertex   -2.691883966326715e-02    5.120232105255127e-01    3.917626105248928e-03
  endloop
endfacet
facet normal    9.609414216388331e-01    2.614617436582204e-01    9.071571408494480e-02
  outer loop
    vertex    3.884553909301758e-02    5.108528137207031e-01    7.871714420616627e-03
    vertex    3.983328118920326e-02    5.099537372589111e-01   -3.282183125147646e-23
    vertex    3.951914981007576e-02    5.109689831733704e-01    4.014066071249545e-04
  endloop
endfacet
facet normal   -3.336021277615853e-01   -9.427103323641846e-01    2.617175338297805e-03
  outer loop
    vertex   -2.274028956890108e-02    5.090231895446777e-01    4.589546937495470e-03
    vertex   -2.352255024015905e-02    5.092999935150146e-01    4.582722205668688e-03
    vertex   -2.293731831014158e-02    5.090801715850830e-01   -3.317482705896540e-23
  endloop
endfacet
facet normal   -1.176707759579877e-01   -9.930526341485818e-01    2.330150377856334e-04
  outer loop
    vertex   -7.880637422204032e-03    5.094590187072754e-01    5.311892833560705e-03
    vertex   -1.154720038175584e-02    5.098934173583984e-01    5.026143975555897e-03
    vertex   -9.739245288074030e-03    5.096780061721802e-01    4.336477683876294e-19
  endloop
endfacet
facet normal   -1.176701817002884e-01   -9.930527045134825e-01    2.332318140313174e-04
  outer loop
    vertex   -1.149629708379508e-02    5.098862051963806e-01    4.336477585066991e-19
    vertex   -9.739245288074030e-03    5.096780061721802e-01    4.336477683876294e-19
    vertex   -1.154720038175584e-02    5.098934173583984e-01    5.026143975555897e-03
  endloop
endfacet
facet normal   -7.196005228123669e-01   -6.769489395370825e-01   -1.546454681773371e-01
  outer loop
    vertex    2.062156982719898e-02    5.020624995231628e-01    8.801474905340001e-05
    vertex    1.995912939310074e-02    5.026171207427979e-01    7.426879019476473e-04
    vertex    2.041103877127170e-02    5.023064017295837e-01   -3.293105388311276e-23
  endloop
endfacet
facet normal   -7.196290773169166e-01   -6.769109869708231e-01   -1.546787212197892e-01
  outer loop
    vertex    1.965857110917568e-02    5.031063556671143e-01   -3.293528544917668e-23
    vertex    2.041103877127170e-02    5.023064017295837e-01   -3.293105388311276e-23
    vertex    1.995912939310074e-02    5.026171207427979e-01    7.426879019476473e-04
  endloop
endfacet
facet normal   -9.631651574209371e-01    2.689091571736175e-01   -8.629707273251509e-04
  outer loop
    vertex   -2.691306918859484e-02    5.124875903129578e-01    3.128045005723834e-03
    vertex   -2.578677050769331e-02    5.165225863456726e-01    3.401213092729449e-03
    vertex   -2.637560106813909e-02    5.144026279449463e-01    2.168072403345653e-19
  endloop
endfacet
facet normal   -9.631642895870992e-01    2.689122588231871e-01   -8.650542119388375e-04
  outer loop
    vertex   -2.580701373517515e-02    5.164391398429871e-01   -3.319096503663293e-23
    vertex   -2.637560106813909e-02    5.144026279449463e-01    2.168072403345653e-19
    vertex   -2.578677050769331e-02    5.165225863456726e-01    3.401213092729449e-03
  endloop
endfacet
facet normal    9.278534457681018e-01   -3.725286538523566e-01    1.761775340987642e-02
  outer loop
    vertex    8.708874695003033e-03    5.172603726387024e-01    1.318240974796936e-04
    vertex    8.516005240380764e-03    5.167737603187561e-01   -3.299794661882730e-23
    vertex    8.740286342799664e-03    5.173323750495911e-01    6.772963909498897e-20
  endloop
endfacet
facet normal    9.278615117085895e-01   -3.725120186210699e-01    1.754454538329661e-02
  outer loop
    vertex    8.516005240380764e-03    5.167737603187561e-01   -3.299794661882730e-23
    vertex    8.708874695003033e-03    5.172603726387024e-01    1.318240974796936e-04
    vertex    8.426292799413204e-03    5.165503025054932e-01   -2.713805276326194e-20
  endloop
endfacet
facet normal    9.174581854876619e-01   -3.978300297744634e-01    1.321094749219237e-03
  outer loop
    vertex    8.708874695003033e-03    5.172603726387024e-01    1.318240974796936e-04
    vertex    8.740286342799664e-03    5.173323750495911e-01    6.772963909498897e-20
    vertex    8.811827749013901e-03    5.174973607063293e-01   -7.895143455267295e-22
  endloop
endfacet
facet normal    1.965783070913618e-02    9.636353671539971e-01   -2.664966207324064e-01
  outer loop
    vertex   -2.614882076159120e-03    5.181651115417480e-01    4.726410043076612e-05
    vertex   -2.580684144049884e-03    5.181513428688049e-01   -3.306034979606388e-23
    vertex   -2.618668135255576e-03    5.181521177291870e-01    2.029573017070093e-20
  endloop
endfacet
facet normal   -6.715475988537017e-02   -9.977422880548262e-01    7.515662702714630e-04
  outer loop
    vertex   -1.154720038175584e-02    5.098934173583984e-01    5.026143975555897e-03
    vertex   -1.187354885041715e-02    5.099115967750549e-01   -4.337139816032119e-19
    vertex   -1.149629708379508e-02    5.098862051963806e-01    4.336477585066991e-19
  endloop
endfacet
facet normal   -3.390889269028936e-01   -9.287375978042035e-01   -1.498838686340913e-01
  outer loop
    vertex    2.062156982719898e-02    5.020624995231628e-01    8.801474905340001e-05
    vertex    2.080576866865158e-02    5.020094513893127e-01   -3.292883408590145e-23
    vertex    2.084168419241905e-02    5.019963383674622e-01   -3.292863211188912e-23
  endloop
endfacet
facet normal   -3.395712116620570e-01   -9.283609614657226e-01   -1.511202085652395e-01
  outer loop
    vertex    2.080576866865158e-02    5.020094513893127e-01   -3.292883408590145e-23
    vertex    2.062156982719898e-02    5.020624995231628e-01    8.801474905340001e-05
    vertex    2.062619291245937e-02    5.020751357078552e-01    1.354923417167426e-19
  endloop
endfacet
facet normal   -6.952164197669909e-01   -7.187682097843333e-01   -6.811041755245561e-03
  outer loop
    vertex   -2.662382088601591e-02    5.114446878433228e-01    3.572690067812800e-03
    vertex   -2.674817852675916e-02    5.115988254547119e-01    4.336476727364457e-19
    vertex   -2.648720145225527e-02    5.113463997840881e-01   -3.319479012924796e-23
  endloop
endfacet
facet normal    9.848371231750433e-01   -1.330797837972389e-01    1.112906643020187e-01
  outer loop
    vertex    3.962820023298264e-02    5.079143047332764e-01    6.228900747373700e-04
    vertex    3.981941193342209e-02    5.088084340095520e-01   -1.084530391577967e-19
    vertex    3.915327042341232e-02    5.083509087562561e-01    5.347739905118942e-03
  endloop
endfacet
facet normal   -2.334030027570094e-01   -9.723103832977985e-01    1.164288775603906e-02
  outer loop
    vertex   -1.196361985057594e-02    5.100011229515076e-01    5.672866012901068e-03
    vertex   -1.207874901592733e-02    5.099608302116394e-01   -3.311376297069861e-23
    vertex   -1.154720038175584e-02    5.098934173583984e-01    5.026143975555897e-03
  endloop
endfacet
facet normal    1.125346259609002e-01   -9.936363480122248e-01    4.771359216144571e-03
  outer loop
    vertex   -1.295080408453943e-02    5.098620653152466e-01    4.336477503271552e-19
    vertex   -1.207874901592733e-02    5.099608302116394e-01   -3.311376297069861e-23
    vertex   -1.384092960506679e-02    5.097864866256714e-01    5.254731047898531e-03
  endloop
endfacet
facet normal    1.125410022691355e-01   -9.936356154534984e-01    4.773521824166626e-03
  outer loop
    vertex   -1.384092960506679e-02    5.097864866256714e-01    5.254731047898531e-03
    vertex   -1.207874901592733e-02    5.099608302116394e-01   -3.311376297069861e-23
    vertex   -1.196361985057594e-02    5.100011229515076e-01    5.672866012901068e-03
  endloop
endfacet
facet normal    9.240219544088462e-01   -3.818523232658694e-01    1.929328864953454e-02
  outer loop
    vertex    4.368814174085855e-03    5.064924955368042e-01    2.332745934836566e-04
    vertex    5.754879210144281e-03    5.098347663879395e-01   -3.301347404481474e-23
    vertex    6.723687052726745e-03    5.122662782669067e-01    1.724887057207525e-03
  endloop
endfacet
facet normal    9.240223532328828e-01   -3.818483774911688e-01    1.935219195149478e-02
  outer loop
    vertex    5.754879210144281e-03    5.098347663879395e-01   -3.301347404481474e-23
    vertex    4.368814174085855e-03    5.064924955368042e-01    2.332745934836566e-04
    vertex    4.421927966177463e-03    5.066092014312744e-01   -3.302097000902306e-23
  endloop
endfacet
facet normal    2.541141803041313e-01   -9.670385204540133e-01    1.620133718162407e-02
  outer loop
    vertex    3.546908963471650e-03    5.053294897079468e-01    2.468116115778685e-03
    vertex    2.832569880411028e-03    5.051004290580750e-01   -3.302990789918096e-23
    vertex    3.272387664765119e-03    5.052160024642944e-01    2.168074070625544e-19
  endloop
endfacet
facet normal    2.541382534246974e-01   -9.670323206438000e-01    1.619379438276257e-02
  outer loop
    vertex    2.743134042248129e-03    5.051230788230896e-01    2.756125060841441e-03
    vertex    2.832569880411028e-03    5.051004290580750e-01   -3.302990789918096e-23
    vertex    3.546908963471650e-03    5.053294897079468e-01    2.468116115778685e-03
  endloop
endfacet
facet normal    6.035212157101981e-01    7.968756718851865e-01   -2.740995704515186e-02
  outer loop
    vertex    3.940458968281746e-02    5.110419392585754e-01   -3.282424203483872e-23
    vertex    3.823627904057503e-02    5.119267702102661e-01   -3.283081212928935e-23
    vertex    3.951914981007576e-02    5.109689831733704e-01    4.014066071249545e-04
  endloop
endfacet
facet normal    9.291810268747143e-01   -3.696240161607129e-01   -8.402221590006906e-04
  outer loop
    vertex    6.723687052726745e-03    5.122662782669067e-01    1.724887057207525e-03
    vertex    8.426292799413204e-03    5.165503025054932e-01   -2.713805276326194e-20
    vertex    8.708874695003033e-03    5.172603726387024e-01    1.318240974796936e-04
  endloop
endfacet
facet normal    3.902529884105869e-02    9.467492080271650e-01   -3.195981275763390e-01
  outer loop
    vertex   -1.745495945215227e-02    5.188406109809875e-01    2.361960068810731e-04
    vertex   -6.796060130000129e-03    5.183215141296387e-01   -3.308405532165132e-23
    vertex   -1.696868240833284e-02    5.187408328056335e-01   -9.151710576774088e-22
  endloop
endfacet
facet normal    3.903395957437322e-02    9.468247286725833e-01   -3.193732662168752e-01
  outer loop
    vertex   -6.796060130000129e-03    5.183215141296387e-01   -3.308405532165132e-23
    vertex   -1.745495945215227e-02    5.188406109809875e-01    2.361960068810731e-04
    vertex   -4.252904560416938e-03    5.182166695594788e-01    6.743193824364521e-21
  endloop
endfacet
facet normal   -4.420392470603807e-02    9.990085194221801e-01   -5.290667489710132e-03
  outer loop
    vertex    8.836644701659679e-03    5.189250707626343e-01   -3.299614347589289e-23
    vertex    6.236809771507978e-03    5.188100337982178e-01   -3.301076386883437e-23
    vertex    8.802643977105618e-03    5.189241766929626e-01    1.152562035713345e-04
  endloop
endfacet
facet normal    3.440913160562745e-01    9.349024099367519e-01   -8.694049752051548e-02
  outer loop
    vertex    3.815213963389397e-02    5.120205879211426e-01    8.761239005252719e-04
    vertex    3.312677890062332e-02    5.137887001037598e-01   -2.713791385797604e-20
    vertex    2.941320091485977e-02    5.151789188385010e-01    2.519988920539618e-04
  endloop
endfacet
facet normal   -2.991287260689396e-01   -9.537031631183464e-01   -3.118143515674140e-02
  outer loop
    vertex    2.062156982719898e-02    5.020624995231628e-01    8.801474905340001e-05
    vertex    2.084168419241905e-02    5.019963383674622e-01   -3.292863211188912e-23
    vertex    2.247931994497776e-02    5.014613866806030e-01    6.517089204862714e-04
  endloop
endfacet
facet normal   -1.518727974174613e-01   -9.879860240075409e-01    2.860541505320039e-02
  outer loop
    vertex    3.445696830749512e-02    4.986596107482911e-01    8.841619273880497e-05
    vertex    3.634358197450638e-02    4.983670413494111e-01   -1.230484778726696e-20
    vertex    3.637816011905670e-02    4.983868002891541e-01    8.660260937176645e-04
  endloop
endfacet
facet normal    3.314241226614669e-01   -9.421495847885255e-01    5.012195926822728e-02
  outer loop
    vertex    3.664671629667282e-02    4.984351992607117e-01   -3.283975116836723e-23
    vertex    3.744943812489510e-02    4.987175762653351e-01    1.083873820115566e-19
    vertex    3.637816011905670e-02    4.983868002891541e-01    8.660260937176645e-04
  endloop
endfacet
facet normal    8.216087012310975e-01   -4.064248639702408e-02    5.686012050293394e-01
  outer loop
    vertex    8.708874695003033e-03    5.172603726387024e-01    1.318240974796936e-04
    vertex    8.811827749013901e-03    5.174973607063293e-01   -7.895143455267295e-22
    vertex    8.802643977105618e-03    5.189241766929626e-01    1.152562035713345e-04
  endloop
endfacet
facet normal   -5.689784971528398e-01   -8.223519563903305e-01    8.541654944428975e-04
  outer loop
    vertex   -2.662382088601591e-02    5.114446878433228e-01    3.572690067812800e-03
    vertex   -2.516631595790388e-02    5.104325413703918e-01   -2.168736218591180e-19
    vertex   -2.352255024015905e-02    5.092999935150146e-01    4.582722205668688e-03
  endloop
endfacet
facet normal    9.609414879876743e-01    2.614596049574868e-01    9.072117525423307e-02
  outer loop
    vertex    3.976536169648170e-02    5.102033615112305e-01   -2.713787652534018e-20
    vertex    3.951914981007576e-02    5.109689831733704e-01    4.014066071249545e-04
    vertex    3.983328118920326e-02    5.099537372589111e-01   -3.282183125147646e-23
  endloop
endfacet
facet normal   -3.335984531400911e-01   -9.427116312388921e-01    2.617706905969767e-03
  outer loop
    vertex   -2.334308065474035e-02    5.092237591743469e-01   -3.317710889801418e-23
    vertex   -2.293731831014158e-02    5.090801715850830e-01   -3.317482705896540e-23
    vertex   -2.352255024015905e-02    5.092999935150146e-01    4.582722205668688e-03
  endloop
endfacet
facet normal    8.357198272934657e-01    4.007266507761553e-01   -3.754870458834833e-01
  outer loop
    vertex    2.063868939876556e-02    5.183854103088379e-01   -1.860556937754154e-02
    vertex    2.316720969974994e-02    5.132253170013428e-01   -1.848479919135571e-02
    vertex    2.133077941834926e-02    5.150787830352783e-01   -2.059408091008663e-02
  endloop
endfacet
facet normal    5.459835806790672e-01   -1.346247488362636e-02   -8.376877051735167e-01
  outer loop
    vertex    2.885773032903671e-02    5.071154832839966e-01   -1.769551075994968e-02
    vertex    2.980756945908069e-02    5.082268118858337e-01   -1.709428988397121e-02
    vertex    3.097908943891525e-02    5.043507218360901e-01   -1.626843027770519e-02
  endloop
endfacet
facet normal    4.362125532273254e-01    8.954574953343276e-01    8.873828067114307e-02
  outer loop
    vertex    3.534428030252457e-02    5.136123895645142e-01   -1.027362979948521e-02
    vertex    2.835699915885925e-02    5.165281891822815e-01   -5.349428858608007e-03
    vertex    3.689559176564217e-02    5.125761032104492e-01   -7.442282978445292e-03
  endloop
endfacet
facet normal   -4.058672399193858e-01    8.299612067203055e-02    9.101557160802835e-01
  outer loop
    vertex    2.284332923591137e-02    5.175918936729431e-01   -1.091070007532835e-02
    vertex    2.066411077976226e-02    5.153334736824036e-01   -1.167653966695070e-02
    vertex    2.315847948193550e-02    5.152031779289246e-01   -1.055234018713236e-02
  endloop
endfacet
facet normal    7.575092308634872e-02    1.682118826979622e-01    9.828359782643150e-01
  outer loop
    vertex    1.903879083693027e-02    5.088083148002625e-01   -1.081394031643867e-02
    vertex    1.421711966395378e-02    5.089368224143982e-01   -1.046430971473455e-02
    vertex    1.756390929222107e-02    5.055704116821289e-01   -1.014610007405281e-02
  endloop
endfacet
facet normal   -9.945662614319634e-02    1.858723130922799e-01   -9.775274230127450e-01
  outer loop
    vertex    1.828661002218723e-02    5.159763097763062e-01   -2.871396020054817e-02
    vertex    2.030936069786548e-02    5.103585124015808e-01   -2.998795919120312e-02
    vertex    1.963616907596588e-02    5.106220841407776e-01   -2.986934967339039e-02
  endloop
endfacet
facet normal    2.178646363432144e-01   -9.758798739658289e-01   -1.390941477837312e-02
  outer loop
    vertex    5.752814933657645e-03    5.076050162315369e-01   -1.817199960350990e-02
    vertex    5.756276194006204e-03    5.076562762260437e-01   -2.171416953206062e-02
    vertex    7.478817831724881e-03    5.080366134643555e-01   -2.141815051436424e-02
  endloop
endfacet
facet normal   -7.866285334594165e-01    5.962641128166040e-01   -1.602643382493937e-01
  outer loop
    vertex    3.865177975967526e-03    5.071604847908020e-01   -1.427664980292320e-02
    vertex    4.937586840242147e-03    5.076498985290527e-01   -1.771950908005238e-02
    vertex    5.756276194006204e-03    5.076562762260437e-01   -2.171416953206062e-02
  endloop
endfacet
facet normal    3.755850383035368e-01   -1.898361865767323e-01   -9.071373111434315e-01
  outer loop
    vertex    3.092627041041851e-02    5.027465820312500e-01   -1.627226918935776e-02
    vertex    3.385047987103462e-02    5.008664727210999e-01   -1.466809958219528e-02
    vertex    3.104053065180778e-02    5.016192197799683e-01   -1.598903909325600e-02
  endloop
endfacet
facet normal    6.150783962564889e-01    7.880540610549200e-01   -2.548260805714155e-02
  outer loop
    vertex    3.815213963389397e-02    5.120205879211426e-01   -8.761239005252719e-04
    vertex    3.951914981007576e-02    5.109689831733704e-01   -4.014066071249545e-04
    vertex    3.835314139723778e-02    5.116484761238098e-01   -7.532129064202309e-03
  endloop
endfacet
facet normal    6.828148400582024e-01    3.732582499629173e-01   -6.280463143995924e-01
  outer loop
    vertex    2.468690089881420e-02    5.106201767921448e-01   -2.720101922750473e-02
    vertex    2.549012936651706e-02    5.114973783493042e-01   -2.580641023814678e-02
    vertex    2.546265907585621e-02    5.103862285614014e-01   -2.649665065109730e-02
  endloop
endfacet
facet normal   -5.847302429006997e-01    6.481345360198230e-01   -4.878649057430319e-01
  outer loop
    vertex    2.825723029673099e-02    5.203620195388794e-01   -1.435858011245728e-02
    vertex    2.279286086559295e-02    5.162096023559570e-01   -1.332580018788576e-02
    vertex    2.493409067392349e-02    5.197749137878418e-01   -1.115560997277498e-02
  endloop
endfacet
facet normal    3.955860573252232e-02    9.564756696900801e-01   -2.891183321814990e-01
  outer loop
    vertex   -6.008846219629064e-03    5.182480812072754e-01   -6.303184782154858e-04
    vertex   -1.819851994514467e-02    5.187010169029236e-01   -7.997457287274301e-04
    vertex   -1.745495945215227e-02    5.188406109809875e-01   -2.361960068810731e-04
  endloop
endfacet
facet normal   -2.940400532999484e-01   -3.687533678322247e-01   -8.817944209212005e-01
  outer loop
    vertex    2.852552011609077e-02    5.018926262855530e-01   -1.591458916664124e-02
    vertex    2.709550037980079e-02    5.058838725090027e-01   -1.710681989789009e-02
    vertex    2.782735973596573e-02    5.066941976547241e-01   -1.768972910940647e-02
  endloop
endfacet
facet normal   -4.721531883419527e-01   -5.051854353529952e-01   -7.223981192152519e-01
  outer loop
    vertex    2.048286981880664e-02    5.043854713439941e-01   -1.192346960306168e-02
    vertex    2.593321911990642e-02    5.063108205795288e-01   -1.683220081031322e-02
    vertex    2.613605000078678e-02    5.050848126411438e-01   -1.610740087926388e-02
  endloop
endfacet
facet normal   -5.991915450315087e-01    1.675024324678874e-01   -7.828872380362925e-01
  outer loop
    vertex   -2.558143064379694e-02    5.164235234260559e-01   -4.268904216587543e-03
    vertex   -2.529012970626356e-02    5.155867934226990e-01   -4.670877009630203e-03
    vertex   -2.648363076150419e-02    5.117713212966919e-01   -4.573755897581577e-03
  endloop
endfacet
facet normal   -5.150332800505277e-01    4.108803935556612e-01    7.522752306383212e-01
  outer loop
    vertex    2.783616073429584e-02    5.146828293800354e-01   -1.242906000697985e-04
    vertex    2.555865049362182e-02    5.154983997344971e-01   -2.129002939909697e-03
    vertex    2.693446911871433e-02    5.141903162002563e-01   -4.726168117485940e-04
  endloop
endfacet
facet normal    2.681570904524043e-01   -9.626108141010898e-01    3.836919878936957e-02
  outer loop
    vertex    1.948300004005432e-02    5.117186903953552e-01   -2.039583958685398e-02
    vertex    1.689209975302219e-02    5.109788775444031e-01   -2.084890007972717e-02
    vertex    2.120908908545971e-02    5.121251940727234e-01   -2.226082980632782e-02
  endloop
endfacet
facet normal   -3.846059476696341e-01   -6.469922921909756e-01   -6.583914024822998e-01
  outer loop
    vertex    1.888353005051613e-02    5.053542852401733e-01   -1.177407987415791e-02
    vertex    2.730407938361168e-02    5.074747800827026e-01   -1.877680979669094e-02
    vertex    2.593321911990642e-02    5.063108205795288e-01   -1.683220081031322e-02
  endloop
endfacet
facet normal   -8.340787463528651e-02   -8.280410933895184e-01   -5.544286014511836e-01
  outer loop
    vertex    2.730407938361168e-02    5.074747800827026e-01   -1.877680979669094e-02
    vertex    2.782735973596573e-02    5.066941976547241e-01   -1.768972910940647e-02
    vertex    2.593321911990642e-02    5.063108205795288e-01   -1.683220081031322e-02
  endloop
endfacet
facet normal    4.856859829319435e-01    1.123084647213890e-01   -8.668886518667529e-01
  outer loop
    vertex    3.263878077268600e-02    5.046736001968384e-01   -1.513156015425920e-02
    vertex    3.520777076482773e-02    5.108017921447754e-01   -1.289832033216953e-02
    vertex    3.396080061793327e-02    5.022956728935242e-01   -1.469894964247942e-02
  endloop
endfacet
facet normal    8.707621988888031e-03    8.980521222949870e-01   -4.398028682952948e-01
  outer loop
    vertex    2.793890982866287e-02    5.105329751968384e-01   -2.278330922126770e-02
    vertex    2.654070965945720e-02    5.120447278022766e-01   -1.972408033907413e-02
    vertex    2.964068949222564e-02    5.128455162048340e-01   -1.802754029631615e-02
  endloop
endfacet
facet normal   -8.346765407930652e-02    3.021222880904895e-01   -9.496079579286731e-01
  outer loop
    vertex   -1.250149961560966e-02    5.145694017410278e-01   -4.508302081376314e-03
    vertex   -1.248050015419723e-02    5.107465982437134e-01   -5.726390983909369e-03
    vertex   -1.423982996493579e-02    5.151258707046509e-01   -4.178464878350496e-03
  endloop
endfacet
facet normal   -3.860018413405063e-01    8.482055573732750e-01    3.626980988685092e-01
  outer loop
    vertex    1.541842985898256e-02    5.175796151161194e-01   -2.010207064449787e-02
    vertex    1.793944090604782e-02    5.167816281318665e-01   -1.555291004478931e-02
    vertex    1.940719038248062e-02    5.188732147216797e-01   -1.888223923742771e-02
  endloop
endfacet
facet normal    8.116928266419587e-02    3.075892712246572e-01   -9.480508360732900e-01
  outer loop
    vertex   -2.529012970626356e-02    5.155867934226990e-01   -4.670877009630203e-03
    vertex   -2.501174993813040e-02    5.166527032852173e-01   -4.301215056329966e-03
    vertex   -1.929616928100588e-02    5.158373117446899e-01   -4.076412878930569e-03
  endloop
endfacet
facet normal    2.431418271725340e-01   -9.643800453877472e-01    1.041785963484265e-01
  outer loop
    vertex    9.931070730090141e-03    5.086988806724548e-01   -2.243296056985855e-02
    vertex    9.347615763545036e-03    5.084565877914429e-01   -2.331414073705673e-02
    vertex    1.931340992450714e-02    5.105149149894714e-01   -2.751933969557285e-02
  endloop
endfacet
facet normal    8.412715572978134e-01    1.746537854413266e-01   -5.116231250761899e-01
  outer loop
    vertex    3.861476853489876e-02    5.096095800399780e-01   -8.675579912960529e-03
    vertex    3.617145866155624e-02    5.116397142410278e-01   -1.200012955814600e-02
    vertex    3.884553909301758e-02    5.108528137207031e-01   -7.871714420616627e-03
  endloop
endfacet
facet normal    4.975213676749513e-01    3.733798863205431e-01    7.829814488211736e-01
  outer loop
    vertex    1.585113070905208e-02    5.186535716056824e-01   -1.221906021237373e-02
    vertex    1.845036074519157e-02    5.159103870391846e-01   -1.256251987069845e-02
    vertex    1.586068980395794e-02    5.195869207382202e-01   -1.267021987587214e-02
  endloop
endfacet
facet normal   -1.254364643890747e-01   -9.033101101064382e-01   -4.102396109361734e-01
  outer loop
    vertex    1.243246020749210e-03    5.085777044296265e-01   -8.040115237236023e-03
    vertex    4.942369181662797e-03    5.081548094749451e-01   -8.239997550845146e-03
    vertex   -3.668138058856131e-03    5.086184144020081e-01   -6.628030911087990e-03
  endloop
endfacet
facet normal   -2.215830771826653e-01   -9.228919845265349e-01   -3.149147897494420e-01
  outer loop
    vertex    1.232853974215685e-03    5.056130290031433e-01   -3.129300894215703e-03
    vertex    2.230704994872212e-03    5.054957866668701e-01   -3.487826092168689e-03
    vertex    2.743134042248129e-03    5.051230788230896e-01   -2.756125060841441e-03
  endloop
endfacet
facet normal    9.329059282025034e-01    1.251859628560684e-02   -3.599025060647169e-01
  outer loop
    vertex    2.257880009710788e-02    5.120173096656799e-01   -2.856458909809589e-02
    vertex    2.274635992944240e-02    5.171573162078857e-01   -2.795146964490414e-02
    vertex    2.362282946705818e-02    5.136423110961914e-01   -2.580182999372482e-02
  endloop
endfacet
facet normal    9.869126076012533e-01   -1.609914966716983e-01    9.232711254062524e-03
  outer loop
    vertex    3.887112811207771e-02    5.033090114593506e-01    2.707222707013756e-20
    vertex    3.962820023298264e-02    5.079143047332764e-01   -6.228900747373700e-04
    vertex    3.925860300660133e-02    5.056843161582947e-01   -3.282506300241048e-23
  endloop
endfacet
facet normal   -1.465360669572827e-01   -8.252746828410058e-01   -5.453887411217507e-01
  outer loop
    vertex    4.942369181662797e-03    5.081548094749451e-01   -8.239997550845146e-03
    vertex    2.230704994872212e-03    5.054957866668701e-01   -3.487826092168689e-03
    vertex   -3.668138058856131e-03    5.086184144020081e-01   -6.628030911087990e-03
  endloop
endfacet
facet normal   -1.838308157183120e-01    9.000141663027685e-01    3.951970795016994e-01
  outer loop
    vertex   -2.473587170243264e-03    5.181732177734375e-01   -3.305974752712369e-23
    vertex   -2.614882076159120e-03    5.181651115417480e-01   -4.726410043076612e-05
    vertex   -2.580684144049884e-03    5.181513428688049e-01   -3.306034979606388e-23
  endloop
endfacet
facet normal    9.615871722437092e-01   -1.791346119231663e-01   -2.079925503172741e-01
  outer loop
    vertex    3.907902911305428e-02    5.095481872558594e-01   -7.471912074834108e-03
    vertex    3.846364095807076e-02    5.040658712387085e-01   -5.595291033387184e-03
    vertex    3.716060891747475e-02    5.004010200500488e-01   -8.463072590529919e-03
  endloop
endfacet
facet normal    6.544046123948785e-01    5.423227327988053e-02   -7.541972313733358e-01
  outer loop
    vertex    3.595849126577377e-02    5.102950930595398e-01   -1.239036954939365e-02
    vertex    3.456494957208633e-02    5.016670823097229e-01   -1.421993970870972e-02
    vertex    3.396080061793327e-02    5.022956728935242e-01   -1.469894964247942e-02
  endloop
endfacet
facet normal   -7.707560635102844e-01    5.832503871997867e-01    2.564255767146281e-01
  outer loop
    vertex    2.500195987522602e-02    5.184034109115601e-01   -9.418452158570290e-03
    vertex    2.553009986877441e-02    5.161752104759216e-01   -2.762852935120463e-03
    vertex    2.611717022955417e-02    5.170075297355652e-01   -2.891398966312408e-03
  endloop
endfacet
facet normal   -8.836958259678490e-01    4.342984001815869e-01    1.745468039429987e-01
  outer loop
    vertex    2.044044062495231e-02    5.066905021667480e-01   -4.418197087943554e-03
    vertex    2.023988030850887e-02    5.059673190116882e-01   -3.634206950664520e-03
    vertex    2.419858053326606e-02    5.136718153953552e-01   -2.762025920674205e-03
  endloop
endfacet
facet normal    7.746442915339068e-01   -2.392066053365361e-01    5.854113268098785e-01
  outer loop
    vertex    1.013823971152306e-02    5.105525851249695e-01   -8.965279906988144e-03
    vertex    1.062158029526472e-02    5.098829865455627e-01   -9.878465905785561e-03
    vertex    1.441635005176067e-02    5.189620852470398e-01   -1.119005028158426e-02
  endloop
endfacet
facet normal    9.096052850369772e-01   -4.154375611012819e-01    5.464271133315561e-03
  outer loop
    vertex    5.132011137902736e-03    5.081382989883423e-01   -2.151082037016749e-03
    vertex    4.368814174085855e-03    5.064924955368042e-01   -2.332745934836566e-04
    vertex    4.329584073275327e-03    5.063800811767578e-01   -2.249507000669837e-03
  endloop
endfacet
facet normal    8.314605425923178e-01   -4.009944159882758e-01    3.845475841275176e-01
  outer loop
    vertex    5.723935086280107e-03    5.085613727569580e-01   -2.989758970215917e-03
    vertex    5.132011137902736e-03    5.081382989883423e-01   -2.151082037016749e-03
    vertex    4.329584073275327e-03    5.063800811767578e-01   -2.249507000669837e-03
  endloop
endfacet
facet normal   -1.833073821041134e-01    7.930649368814028e-01   -5.809013767890667e-01
  outer loop
    vertex   -6.427546031773105e-03    5.143707990646362e-01   -5.179890897125006e-03
    vertex   -4.735458176583053e-03    5.150011181831360e-01   -4.853309132158756e-03
    vertex   -4.501237068325282e-03    5.142948031425476e-01   -5.891502834856510e-03
  endloop
endfacet
facet normal   -2.958636558942706e-01    9.510020499333833e-01   -8.977637853789472e-02
  outer loop
    vertex    1.439278014004230e-02    5.195503234863281e-01   -1.282783038914204e-02
    vertex    1.496329996734858e-02    5.198209881782532e-01   -1.184086035937071e-02
    vertex    1.521954033523798e-02    5.197960138320923e-01   -1.294986996799707e-02
  endloop
endfacet
facet normal   -1.778916377684321e-01   -2.431214859443358e-01   -9.535441826597669e-01
  outer loop
    vertex   -6.846194155514255e-03    5.094919204711914e-01   -6.497735157608986e-03
    vertex   -1.196361985057594e-02    5.100011229515076e-01   -5.672866012901068e-03
    vertex   -7.358278147876277e-03    5.100666880607605e-01   -6.548747885972261e-03
  endloop
endfacet
facet normal   -7.348849026209661e-01    3.387731146809175e-01   -5.875176224328621e-01
  outer loop
    vertex    4.364395048469304e-03    5.082591176033020e-01   -1.347734034061432e-02
    vertex    3.483273088932036e-03    5.082656145095825e-01   -1.237145997583866e-02
    vertex    5.739157088100909e-03    5.137090086936951e-01   -1.205443032085896e-02
  endloop
endfacet
facet normal   -7.951329798906817e-01    5.835984776208814e-01   -1.648525438346480e-01
  outer loop
    vertex    1.167657040059566e-02    5.160611271858215e-01   -2.112605981528759e-02
    vertex    1.031207013875246e-02    5.144624114036560e-01   -2.020432054996490e-02
    vertex    4.364395048469304e-03    5.082591176033020e-01   -1.347734034061432e-02
  endloop
endfacet
facet normal   -4.116482297914784e-01    8.721065569643613e-01   -2.645295601805392e-01
  outer loop
    vertex    1.361104007810354e-02    5.176157951354980e-01   -2.270225062966347e-02
    vertex    2.187651954591274e-02    5.211409926414490e-01   -2.394264936447144e-02
    vertex    2.109736949205398e-02    5.202677249908447e-01   -2.560918033123016e-02
  endloop
endfacet
facet normal    7.431250334300271e-02   -9.875917560273254e-01    1.383480222979707e-01
  outer loop
    vertex    7.996380329132080e-03    5.084993243217468e-01   -9.934888221323490e-03
    vertex    1.017952989786863e-02    5.086330771446228e-01   -1.015275996178389e-02
    vertex    8.810545317828655e-03    5.086743831634521e-01   -9.122559800744057e-03
  endloop
endfacet
facet normal   -3.870609737148938e-01   -8.420580620235758e-01   -3.756621125532599e-01
  outer loop
    vertex   -4.085877910256387e-03    5.091775059700012e-01   -7.919210940599442e-03
    vertex    2.059151884168386e-03    5.079060792922974e-01   -1.140076015144587e-02
    vertex    2.597291953861713e-03    5.075830817222595e-01   -1.123122032731771e-02
  endloop
endfacet
facet normal   -2.492698532995941e-01   -9.155058891585914e-01   -3.157744561422529e-01
  outer loop
    vertex   -6.664137821644559e-03    5.092095136642456e-01   -5.976750981062651e-03
    vertex   -4.085877910256387e-03    5.091775059700012e-01   -7.919210940599442e-03
    vertex   -3.668138058856131e-03    5.086184144020081e-01   -6.628030911087990e-03
  endloop
endfacet
facet normal    2.925378630264808e-01   -9.524378807992514e-01    8.534448965534173e-02
  outer loop
    vertex    7.478817831724881e-03    5.080366134643555e-01   -2.141815051436424e-02
    vertex    9.931070730090141e-03    5.086988806724548e-01   -2.243296056985855e-02
    vertex    1.689209975302219e-02    5.109788775444031e-01   -2.084890007972717e-02
  endloop
endfacet
facet normal   -1.393525126577881e-01    9.545773754466025e-01   -2.633683950314414e-01
  outer loop
    vertex   -9.181643254123638e-04    5.180597901344299e-01   -1.326762023381889e-03
    vertex   -2.614882076159120e-03    5.181651115417480e-01   -4.726410043076612e-05
    vertex   -7.414012216031561e-04    5.184369087219238e-01   -5.342590884538367e-05
  endloop
endfacet
facet normal    9.834952019306372e-01    1.304494922841678e-01    1.253798936920023e-01
  outer loop
    vertex    2.063868939876556e-02    5.183854103088379e-01   -1.860556937754154e-02
    vertex    2.133077941834926e-02    5.150787830352783e-01   -2.059408091008663e-02
    vertex    2.068915963172912e-02    5.187873244285583e-01   -1.941962912678719e-02
  endloop
endfacet
facet normal   -4.040982093765915e-01    2.811506111482178e-01    8.704360809557565e-01
  outer loop
    vertex    2.066411077976226e-02    5.153334736824036e-01   -1.167653966695070e-02
    vertex    1.923648081719875e-02    5.153871774673462e-01   -1.235666032880545e-02
    vertex    1.939547993242740e-02    5.146015882492065e-01   -1.202910020947456e-02
  endloop
endfacet
facet normal    1.087089889215593e-01    6.746610361897001e-01   -7.300786546496840e-01
  outer loop
    vertex   -4.379665944725276e-03    5.180718898773193e-01   -7.272174116224051e-04
    vertex   -1.143386960029603e-02    5.164471864700317e-01   -3.278969088569283e-03
    vertex   -1.496342010796071e-02    5.171418190002441e-01   -3.162615001201630e-03
  endloop
endfacet
facet normal   -2.546222601474064e-01    8.166633416066159e-01   -5.179078017498310e-01
  outer loop
    vertex   -3.103961935266853e-03    5.150179266929626e-01   -5.438196007162333e-03
    vertex    4.220777191221713e-03    5.149564146995544e-01   -9.136298671364784e-03
    vertex   -4.501237068325282e-03    5.142948031425476e-01   -5.891502834856510e-03
  endloop
endfacet
facet normal   -2.945210409056201e-01    7.561510289069888e-01   -5.843740051942524e-01
  outer loop
    vertex    5.622204858809709e-03    5.147596001625061e-01   -1.029939018189907e-02
    vertex    4.461480770260095e-03    5.139006972312927e-01   -1.082576997578144e-02
    vertex    4.812190018128594e-04    5.142139196395874e-01   -8.414447307586670e-03
  endloop
endfacet
facet normal   -5.344832263707928e-01    5.501227358816693e-01   -6.416328047990807e-01
  outer loop
    vertex    4.461480770260095e-03    5.139006972312927e-01   -1.082576997578144e-02
    vertex    5.739157088100909e-03    5.137090086936951e-01   -1.205443032085896e-02
    vertex    4.201963078230619e-03    5.133985280990601e-01   -1.104013994336128e-02
  endloop
endfacet
facet normal    3.146765408111833e-01   -9.243595877565598e-01   -2.157267419343981e-01
  outer loop
    vertex    8.810545317828655e-03    5.086743831634521e-01   -9.122559800744057e-03
    vertex    3.546908963471650e-03    5.053294897079468e-01   -2.468116115778685e-03
    vertex    2.743134042248129e-03    5.051230788230896e-01   -2.756125060841441e-03
  endloop
endfacet
facet normal   -3.327601001792386e-01   -9.416460150970093e-01    5.072965582995918e-02
  outer loop
    vertex   -2.352255024015905e-02    5.092999935150146e-01   -4.582722205668688e-03
    vertex   -2.319715917110445e-02    5.091546177864075e-01   -5.146796815097332e-03
    vertex   -2.274028956890108e-02    5.090231895446777e-01   -4.589546937495470e-03
  endloop
endfacet
facet normal   -6.106733565437537e-01   -7.760200925615679e-01   -1.577050016591775e-01
  outer loop
    vertex    1.995912939310074e-02    5.026171207427979e-01   -7.426879019476473e-04
    vertex    1.990550942718982e-02    5.032970905303955e-01   -3.880989970639348e-03
    vertex    2.080786041915416e-02    5.025287270545959e-01   -3.594228066504002e-03
  endloop
endfacet
facet normal   -5.662413478943582e-01   -8.242392753651386e-01    5.940373149189202e-04
  outer loop
    vertex   -2.516631595790388e-02    5.104325413703918e-01   -2.168736218591180e-19
    vertex   -2.352255024015905e-02    5.092999935150146e-01   -4.582722205668688e-03
    vertex   -2.358489669859411e-02    5.093461275100708e-01   -3.317846877113454e-23
  endloop
endfacet
facet normal   -2.557414932761810e-01    5.542979366400590e-02   -9.651548200113984e-01
  outer loop
    vertex   -2.648363076150419e-02    5.117713212966919e-01   -4.573755897581577e-03
    vertex   -2.529012970626356e-02    5.155867934226990e-01   -4.670877009630203e-03
    vertex   -2.359084039926531e-02    5.099666118621826e-01   -5.443918053060770e-03
  endloop
endfacet
facet normal    2.343219337434267e-01    9.539189778805162e-01    1.874348286902207e-01
  outer loop
    vertex   -2.235335111618044e-02    5.198943614959717e-01   -3.317154307160011e-23
    vertex   -2.415608055889608e-02    5.203580856323242e-01   -1.063633972080424e-04
    vertex   -2.402180619537832e-02    5.203042030334473e-01    2.707187338636683e-20
  endloop
endfacet
facet normal   -2.986025023280917e-01    5.925363839837640e-01   -7.481558522519538e-01
  outer loop
    vertex    2.179875038564205e-02    5.156567096710205e-01   -1.316583994776011e-02
    vertex    1.923648081719875e-02    5.153871774673462e-01   -1.235666032880545e-02
    vertex    2.493409067392349e-02    5.197749137878418e-01   -1.115560997277498e-02
  endloop
endfacet
facet normal    2.054745837045677e-02    7.007998400899692e-01   -7.130619791325209e-01
  outer loop
    vertex   -1.308766007423402e-02    5.159375071525574e-01   -3.827539039775729e-03
    vertex   -1.143386960029603e-02    5.164471864700317e-01   -3.278969088569283e-03
    vertex   -6.188939791172758e-03    5.152472257614136e-01   -4.307157825678587e-03
  endloop
endfacet
facet normal   -2.144021006537570e-02    5.961969584111169e-02   -9.979908863612763e-01
  outer loop
    vertex   -1.782372035086157e-02    5.101531147956848e-01   -5.488456226885319e-03
    vertex   -1.946504972875120e-02    5.092713236808777e-01   -5.505872890353203e-03
    vertex   -2.223188988864424e-02    5.101125836372375e-01   -5.396175198256969e-03
  endloop
endfacet
facet normal   -6.562098185831692e-01    6.608337131173063e-01   -3.642629237276804e-01
  outer loop
    vertex    1.361104007810354e-02    5.176157951354980e-01   -2.270225062966347e-02
    vertex    1.048765983432531e-02    5.136212706565857e-01   -2.432229928672314e-02
    vertex    1.208360958844423e-02    5.161482095718384e-01   -2.261307090520859e-02
  endloop
endfacet
facet normal   -5.934160899205894e-01    6.745004578500657e-01   -4.392111981534744e-01
  outer loop
    vertex    1.734595000743866e-02    5.173031091690063e-01   -2.793426997959614e-02
    vertex    1.048765983432531e-02    5.136212706565857e-01   -2.432229928672314e-02
    vertex    1.558285020291805e-02    5.179011225700378e-01   -2.463378012180328e-02
  endloop
endfacet
facet normal   -1.702325762791198e-01   -9.854021968519296e-01   -1.838589884794540e-03
  outer loop
    vertex    3.505598008632660e-02    4.985876083374024e-01   -8.452898822724819e-03
    vertex    3.637403994798660e-02    4.983487129211426e-01   -2.453006105497479e-03
    vertex    3.402991965413094e-02    4.987544119358063e-01   -2.850627992302179e-03
  endloop
endfacet
facet normal   -7.280762269353018e-01    4.994661202414870e-01    4.695088950196489e-01
  outer loop
    vertex    2.295456081628799e-02    5.091158747673035e-01   -5.860779201611876e-04
    vertex    1.983319036662578e-02    5.042805075645447e-01   -2.825554984156042e-04
    vertex    2.231574058532714e-02    5.078207254409790e-01   -1.989214943023399e-04
  endloop
endfacet
facet normal   -4.240872421833167e-01   -9.056100167968980e-01    4.528630529304096e-03
  outer loop
    vertex    2.184757962822914e-02    5.120127797126770e-01   -2.204252034425735e-02
    vertex    2.280024066567421e-02    5.115318894386292e-01   -2.899553999304771e-02
    vertex    2.609086036682129e-02    5.100206732749939e-01   -2.304730936884880e-02
  endloop
endfacet
facet normal   -8.694407661912503e-01    4.369024260567280e-01    2.306274575815217e-01
  outer loop
    vertex    2.462990954518318e-02    5.151371955871582e-01   -4.088166169822216e-03
    vertex    2.420255914330482e-02    5.175039768218994e-01   -1.018287986516953e-02
    vertex    2.342423051595688e-02    5.149776935577393e-01   -8.331284858286381e-03
  endloop
endfacet
facet normal    7.135114076597303e-01    6.685474167133511e-01   -2.096325898932111e-01
  outer loop
    vertex    2.649761922657489e-02    5.112788081169128e-01   -2.307434007525444e-02
    vertex    2.549012936651706e-02    5.114973783493042e-01   -2.580641023814678e-02
    vertex    2.414307929575443e-02    5.132201910018921e-01   -2.489697933197021e-02
  endloop
endfacet
facet normal    6.097692614645410e-01    1.256044279932739e-02   -7.924794527618196e-01
  outer loop
    vertex    3.376809135079384e-02    5.140399932861328e-01   -1.395475026220083e-02
    vertex    3.520777076482773e-02    5.108017921447754e-01   -1.289832033216953e-02
    vertex    2.980756945908069e-02    5.082268118858337e-01   -1.709428988397121e-02
  endloop
endfacet
facet normal    3.921249065074811e-02    8.744157763814944e-01   -4.835901473273760e-01
  outer loop
    vertex   -1.730315946042539e-02    5.173465013504028e-01   -3.176345955580473e-03
    vertex   -1.819851994514467e-02    5.187010169029236e-01   -7.997457287274301e-04
    vertex   -6.008846219629064e-03    5.182480812072754e-01   -6.303184782154858e-04
  endloop
endfacet
facet normal   -3.428449367474649e-02    6.690550944321878e-01   -7.424216147902772e-01
  outer loop
    vertex    2.091114036738872e-02    5.198221206665039e-01   -2.620228938758373e-02
    vertex    2.202685922384262e-02    5.179687738418579e-01   -2.792401053011417e-02
    vertex    1.813058927655220e-02    5.173937082290649e-01   -2.826232090592384e-02
  endloop
endfacet
facet normal   -8.748709778676865e-01    4.248374466466856e-01    2.326239798721590e-01
  outer loop
    vertex    2.044044062495231e-02    5.066905021667480e-01   -4.418197087943554e-03
    vertex    2.462990954518318e-02    5.151371955871582e-01   -4.088166169822216e-03
    vertex    2.342423051595688e-02    5.149776935577393e-01   -8.331284858286381e-03
  endloop
endfacet
facet normal   -2.267085208364593e-01    8.567200787009527e-01   -4.632860383507992e-01
  outer loop
    vertex   -3.103961935266853e-03    5.150179266929626e-01   -5.438196007162333e-03
    vertex    9.479096159338951e-03    5.188338756561279e-01   -4.539154004305601e-03
    vertex    4.220777191221713e-03    5.149564146995544e-01   -9.136298671364784e-03
  endloop
endfacet
facet normal   -7.433788177387733e-01    5.349840964613379e-01   -4.014722280192605e-01
  outer loop
    vertex    2.081603370606899e-02    5.058582425117493e-01   -3.292877636023946e-23
    vertex    1.983319036662578e-02    5.042805075645447e-01   -2.825554984156042e-04
    vertex    1.987602375447750e-02    5.045520663261414e-01   -3.293406258596527e-23
  endloop
endfacet
facet normal    8.397166222718661e-01   -5.424163884577065e-01   -2.569933487128965e-02
  outer loop
    vertex    3.752981126308441e-02    4.988215863704682e-01   -1.423725974746048e-03
    vertex    3.811885043978691e-02    4.998156130313874e-01   -3.157248022034764e-03
    vertex    3.810074925422668e-02    4.997049868106843e-01   -1.413794001564384e-03
  endloop
endfacet
facet normal    6.223238557741166e-01   -7.652451164570521e-01   -1.646600445556527e-01
  outer loop
    vertex    3.777178004384041e-02    4.989860951900483e-01   -2.923414111137390e-03
    vertex    3.725203126668930e-02    4.984861910343171e-01   -2.564510097727180e-03
    vertex    3.586442023515701e-02    4.986557066440583e-01   -8.596722967922688e-03
  endloop
endfacet
facet normal    2.449122505779259e-01   -5.208209515636606e-01   -8.177796316423994e-01
  outer loop
    vertex    3.385047987103462e-02    5.008664727210999e-01   -1.466809958219528e-02
    vertex    3.315842151641846e-02    5.005400180816650e-01   -1.466745045036077e-02
    vertex    3.104053065180778e-02    5.016192197799683e-01   -1.598903909325600e-02
  endloop
endfacet
facet normal    6.118953551128098e-01    7.812925861683432e-01    1.231501895644108e-01
  outer loop
    vertex    3.446371108293533e-02    5.142139792442322e-01   -1.092152018100023e-02
    vertex    3.602961823344231e-02    5.130072236061096e-01   -1.104610040783882e-02
    vertex    3.399002179503441e-02    5.148819088935852e-01   -1.280540041625500e-02
  endloop
endfacet
facet normal    4.193412022447182e-01    9.078221718214191e-01   -3.443900317375904e-03
  outer loop
    vertex    3.815213963389397e-02    5.120205879211426e-01   -8.761239005252719e-04
    vertex    3.689559176564217e-02    5.125761032104492e-01   -7.442282978445292e-03
    vertex    2.835699915885925e-02    5.165281891822815e-01   -5.349428858608007e-03
  endloop
endfacet
facet normal    5.975386665816644e-01    6.722521332722461e-01    4.370636238017533e-01
  outer loop
    vertex    2.724340930581092e-02    5.179644823074341e-01   -6.996483076363802e-03
    vertex    2.696930058300495e-02    5.171837210655212e-01   -5.420833826065063e-03
    vertex    2.813467010855674e-02    5.171440243721008e-01   -6.953029893338680e-03
  endloop
endfacet
facet normal    3.027327586444392e-01    9.170199817272634e-01   -2.596675373558607e-01
  outer loop
    vertex    2.254647947847843e-02    5.162774920463562e-01   -1.669757999479771e-02
    vertex    2.352211065590381e-02    5.159273147583008e-01   -1.679679937660694e-02
    vertex    2.296975068747997e-02    5.160003900527954e-01   -1.718270033597946e-02
  endloop
endfacet
facet normal    7.172238417618569e-01    3.371770174809165e-01   -6.098373715106649e-01
  outer loop
    vertex    2.063868939876556e-02    5.183854103088379e-01   -1.860556937754154e-02
    vertex    2.296975068747997e-02    5.160003900527954e-01   -1.718270033597946e-02
    vertex    2.316720969974994e-02    5.132253170013428e-01   -1.848479919135571e-02
  endloop
endfacet
facet normal   -7.833770856399374e-01    6.119865643237489e-01   -1.085945983071537e-01
  outer loop
    vertex    2.115714922547340e-02    5.093023180961609e-01   -1.097995974123478e-02
    vertex    1.869750022888183e-02    5.063130855560303e-01   -1.008247025310993e-02
    vertex    2.150944061577320e-02    5.097879171371460e-01   -1.078470982611179e-02
  endloop
endfacet
facet normal    8.654230525285553e-01   -5.496734011211599e-02    4.980176017704155e-01
  outer loop
    vertex    1.381462998688221e-02    5.199031829833984e-01   -9.835703298449516e-03
    vertex    9.347419254481792e-03    5.184615254402161e-01   -2.231989987194538e-03
    vertex    1.496329996734858e-02    5.198209881782532e-01   -1.184086035937071e-02
  endloop
endfacet
facet normal   -2.003599325156538e-01    8.578339454985653e-01   -4.732618930282547e-01
  outer loop
    vertex    4.948623944073915e-03    5.179244875907898e-01   -4.055771976709366e-03
    vertex   -9.181643254123638e-04    5.180597901344299e-01   -1.326762023381889e-03
    vertex    7.671099156141280e-03    5.186747908592224e-01   -3.848358988761902e-03
  endloop
endfacet
facet normal   -5.564614338468002e-01    8.151569607780645e-01   -1.608409212117115e-01
  outer loop
    vertex    9.480349719524384e-03    5.159609913825989e-01   -1.444603037089109e-02
    vertex    1.324552018195391e-02    5.190991163253784e-01   -1.156807970255613e-02
    vertex    1.325101032853127e-02    5.187281966209412e-01   -1.346693001687527e-02
  endloop
endfacet
facet normal   -8.311731302823830e-01    5.203090033516131e-01   -1.960351206489182e-01
  outer loop
    vertex    4.819435067474841e-03    5.084279179573059e-01   -1.495864987373352e-02
    vertex    3.865177975967526e-03    5.071604847908020e-01   -1.427664980292320e-02
    vertex    4.364395048469304e-03    5.082591176033020e-01   -1.347734034061432e-02
  endloop
endfacet
facet normal   -6.832823411543075e-01    6.981538311135083e-01   -2.137907162816462e-01
  outer loop
    vertex    1.361104007810354e-02    5.176157951354980e-01   -2.270225062966347e-02
    vertex    1.208360958844423e-02    5.161482095718384e-01   -2.261307090520859e-02
    vertex    1.257750019431114e-02    5.170444846153259e-01   -2.126469090580940e-02
  endloop
endfacet
facet normal   -2.423886885022793e-01    8.692458114726122e-01    4.308821682588699e-01
  outer loop
    vertex    1.713564060628414e-02    5.166277885437012e-01   -1.569472998380661e-02
    vertex    1.839685998857021e-02    5.160779953002930e-01   -1.387611031532288e-02
    vertex    1.793944090604782e-02    5.167816281318665e-01   -1.555291004478931e-02
  endloop
endfacet
facet normal   -1.878778836774546e-01   -9.467238354261530e-01   -2.615642946980249e-01
  outer loop
    vertex    2.871029078960418e-02    5.014935135841370e-01   -1.547016017138958e-02
    vertex    2.963542938232422e-02    5.015076994895935e-01   -1.618601940572262e-02
    vertex    3.176501020789146e-02    5.004814863204956e-01   -1.400132011622190e-02
  endloop
endfacet
facet normal   -4.397712129770309e-01   -1.403855338295818e-01    8.870699984376059e-01
  outer loop
    vertex    2.189858071506023e-02    5.111845135688782e-01   -2.949751913547516e-02
    vertex    2.249878086149692e-02    5.108107924461365e-01   -2.925910986959934e-02
    vertex    2.280024066567421e-02    5.115318894386292e-01   -2.899553999304771e-02
  endloop
endfacet
facet normal   -6.448954638794994e-01    4.927315420387672e-01    5.842306634778288e-01
  outer loop
    vertex    2.295456081628799e-02    5.091158747673035e-01   -5.860779201611876e-04
    vertex    2.231574058532714e-02    5.078207254409790e-01   -1.989214943023399e-04
    vertex    2.693446911871433e-02    5.141903162002563e-01   -4.726168117485940e-04
  endloop
endfacet
facet normal   -3.239252377535397e-01   -8.689130309133535e-01   -3.742493621307623e-01
  outer loop
    vertex    1.183591969311237e-02    5.081623196601868e-01   -1.049343962222338e-02
    vertex    1.017952989786863e-02    5.086330771446228e-01   -1.015275996178389e-02
    vertex    1.134038995951414e-02    5.088201761245728e-01   -1.159191969782114e-02
  endloop
endfacet
facet normal   -1.461158879871350e-01    9.538810691814067e-01   -2.622232886969946e-01
  outer loop
    vertex   -9.181643254123638e-04    5.180597901344299e-01   -1.326762023381889e-03
    vertex   -7.414012216031561e-04    5.184369087219238e-01   -5.342590884538367e-05
    vertex    1.002159994095564e-02    5.189617276191711e-01   -4.141661804169416e-03
  endloop
endfacet
facet normal    9.087217978866358e-01   -4.172393286338814e-01   -1.166347661841652e-02
  outer loop
    vertex    3.804055601358414e-02    4.995343685150147e-01   -3.283191279227596e-23
    vertex    3.810074925422668e-02    4.997049868106843e-01   -1.413794001564384e-03
    vertex    3.821516036987305e-02    4.999146461486817e-01   -3.283093088987344e-23
  endloop
endfacet
facet normal    5.189517932927331e-02   -9.986468722755547e-01    3.363756328038931e-03
  outer loop
    vertex   -1.922171935439112e-02    5.089222788810730e-01   -4.979358054697514e-03
    vertex   -1.892279647290708e-02    5.089545845985413e-01   -3.315225105378369e-23
    vertex   -1.956626586616041e-02    5.089211463928223e-01   -3.315586965866585e-23
  endloop
endfacet
facet normal    7.972590730010598e-01   -7.670237081665233e-04   -6.036367965855973e-01
  outer loop
    vertex    3.456494957208633e-02    5.016670823097229e-01   -1.421993970870972e-02
    vertex    3.595849126577377e-02    5.102950930595398e-01   -1.239036954939365e-02
    vertex    3.690310940146446e-02    5.092357993125916e-01   -1.114141009747982e-02
  endloop
endfacet
facet normal    2.705851478740902e-02    7.780054023695725e-01   -6.276746216482384e-01
  outer loop
    vertex   -2.368368953466417e-02    5.175381898880005e-01   -3.146399045363069e-03
    vertex   -1.931234076619150e-02    5.169376730918884e-01   -3.702297108247876e-03
    vertex   -2.501174993813040e-02    5.166527032852173e-01   -4.301215056329966e-03
  endloop
endfacet
facet normal    7.492909390851954e-02    5.688877633146114e-01   -8.189947152680210e-01
  outer loop
    vertex   -1.496342010796071e-02    5.171418190002441e-01   -3.162615001201630e-03
    vertex   -1.308766007423402e-02    5.159375071525574e-01   -3.827539039775729e-03
    vertex   -1.931234076619150e-02    5.169376730918884e-01   -3.702297108247876e-03
  endloop
endfacet
facet normal   -2.472709828235899e-01    8.613860102228761e-01   -4.437017043530160e-01
  outer loop
    vertex    9.479096159338951e-03    5.188338756561279e-01   -4.539154004305601e-03
    vertex    5.622204858809709e-03    5.147596001625061e-01   -1.029939018189907e-02
    vertex    4.220777191221713e-03    5.149564146995544e-01   -9.136298671364784e-03
  endloop
endfacet
facet normal   -2.262655189118740e-01   -9.723436456300569e-01   -5.789429811640157e-02
  outer loop
    vertex    3.325212001800537e-02    4.989347159862519e-01   -3.285884096945847e-23
    vertex    3.445696830749512e-02    4.986596107482911e-01   -8.841619273880497e-05
    vertex    3.443191200494766e-02    4.986601769924164e-01   -3.285220630878234e-23
  endloop
endfacet
facet normal    2.994080852678675e-02    9.160527729519963e-01    3.999385767236271e-01
  outer loop
    vertex    2.179875038564205e-02    5.156567096710205e-01   -1.316583994776011e-02
    vertex    1.839685998857021e-02    5.160779953002930e-01   -1.387611031532288e-02
    vertex    1.923648081719875e-02    5.153871774673462e-01   -1.235666032880545e-02
  endloop
endfacet
facet normal    5.720766317012874e-02    2.029659813526666e-01   -9.775132191884477e-01
  outer loop
    vertex    2.202307060360908e-02    5.171329975128174e-01   -2.825511991977692e-02
    vertex    2.189858071506023e-02    5.111845135688782e-01   -2.949751913547516e-02
    vertex    1.828661002218723e-02    5.159763097763062e-01   -2.871396020054817e-02
  endloop
endfacet
facet normal    3.384413386790580e-01    8.885041527635953e-01    3.098674406822582e-01
  outer loop
    vertex    2.316720969974994e-02    5.132253170013428e-01   -1.848479919135571e-02
    vertex    2.583310939371585e-02    5.125311017036438e-01   -1.940595917403698e-02
    vertex    2.213444001972675e-02    5.143771171569824e-01   -2.065942995250225e-02
  endloop
endfacet
facet normal   -6.841008417524710e-01    1.948833728582723e-02    7.291270417584267e-01
  outer loop
    vertex    2.249878086149692e-02    5.108107924461365e-01   -2.925910986959934e-02
    vertex    2.468690089881420e-02    5.106201767921448e-01   -2.720101922750473e-02
    vertex    2.280024066567421e-02    5.115318894386292e-01   -2.899553999304771e-02
  endloop
endfacet
facet normal    4.565611141342586e-01    8.806720576822757e-01    1.263672262817801e-01
  outer loop
    vertex    2.835699915885925e-02    5.165281891822815e-01   -5.349428858608007e-03
    vertex    3.534428030252457e-02    5.136123895645142e-01   -1.027362979948521e-02
    vertex    2.921682037413120e-02    5.163341164588928e-01   -7.103416137397289e-03
  endloop
endfacet
facet normal    6.149907314306717e-01    7.817056195931338e-01   -1.035505893314094e-01
  outer loop
    vertex    2.892502024769783e-02    5.205361247062683e-01   -1.439765002578497e-02
    vertex    2.814083918929100e-02    5.214725732803345e-01   -1.198565959930420e-02
    vertex    3.020979091525077e-02    5.196682810783386e-01   -1.331872027367353e-02
  endloop
endfacet
facet normal   -1.720453758188183e-01    4.229091988376702e-01   -8.896899449796212e-01
  outer loop
    vertex    2.386845089495182e-02    5.138723254203796e-01   -1.799380034208298e-02
    vertex    2.718753926455974e-02    5.192543268203735e-01   -1.607733033597469e-02
    vertex    2.612774074077606e-02    5.133033990859985e-01   -1.870113052427769e-02
  endloop
endfacet
facet normal    9.152978453692675e-01    3.878119777945485e-01    1.087737290960327e-01
  outer loop
    vertex    2.260676026344299e-02    5.172097086906433e-01   -2.739300020039082e-02
    vertex    2.147966064512729e-02    5.192720293998718e-01   -2.526161074638367e-02
    vertex    2.247063070535659e-02    5.174130201339722e-01   -2.697237953543663e-02
  endloop
endfacet
facet normal    1.236583626207589e-01    8.812759480480198e-01    4.561373836313099e-01
  outer loop
    vertex    2.611717022955417e-02    5.170075297355652e-01   -2.891398966312408e-03
    vertex    2.870390005409717e-02    5.152050852775574e-01   -1.102628011722118e-04
    vertex    2.941320091485977e-02    5.151789188385010e-01   -2.519988920539618e-04
  endloop
endfacet
facet normal   -8.248296422014594e-01    4.459653052269448e-01   -3.475212337104748e-01
  outer loop
    vertex    8.948955684900284e-03    5.122972726821899e-01   -2.333620935678482e-02
    vertex    6.447175983339547e-03    5.081468224525452e-01   -2.272449061274529e-02
    vertex    5.756276194006204e-03    5.076562762260437e-01   -2.171416953206062e-02
  endloop
endfacet
facet normal    2.485319690174365e-01    7.353309644035990e-01   -6.304920563857954e-01
  outer loop
    vertex    2.202685922384262e-02    5.179687738418579e-01   -2.792401053011417e-02
    vertex    2.091114036738872e-02    5.198221206665039e-01   -2.620228938758373e-02
    vertex    2.109736949205398e-02    5.202677249908447e-01   -2.560918033123016e-02
  endloop
endfacet
facet normal    8.366294104599356e-01   -5.244941962003696e-01    1.579780608362721e-01
  outer loop
    vertex    9.347419254481792e-03    5.184615254402161e-01   -2.231989987194538e-03
    vertex    1.002159994095564e-02    5.189617276191711e-01   -4.141661804169416e-03
    vertex    9.359214454889297e-03    5.188853740692139e-01   -8.872593753039837e-04
  endloop
endfacet
facet normal    5.488906413955430e-01    8.164413085838047e-01   -1.792837232610754e-01
  outer loop
    vertex    2.583310939371585e-02    5.125311017036438e-01   -1.940595917403698e-02
    vertex    2.649761922657489e-02    5.112788081169128e-01   -2.307434007525444e-02
    vertex    2.171397954225540e-02    5.143473744392395e-01   -2.374584972858429e-02
  endloop
endfacet
facet normal    4.736566127554890e-01    8.744629282491027e-01   -1.047091223867421e-01
  outer loop
    vertex    2.649761922657489e-02    5.112788081169128e-01   -2.307434007525444e-02
    vertex    2.793890982866287e-02    5.105329751968384e-01   -2.278330922126770e-02
    vertex    2.549012936651706e-02    5.114973783493042e-01   -2.580641023814678e-02
  endloop
endfacet
facet normal    2.875484274053924e-01   -9.518370629666620e-01    1.064053920611369e-01
  outer loop
    vertex    9.931070730090141e-03    5.086988806724548e-01   -2.243296056985855e-02
    vertex    2.120908908545971e-02    5.121251940727234e-01   -2.226082980632782e-02
    vertex    1.689209975302219e-02    5.109788775444031e-01   -2.084890007972717e-02
  endloop
endfacet
facet normal    2.769482544978003e-01   -9.608107018931017e-01    1.193563816085898e-02
  outer loop
    vertex    1.559909991919994e-02    5.106400251388550e-01   -1.812420040369034e-02
    vertex    1.412250008434057e-02    5.102024078369141e-01   -1.908984966576099e-02
    vertex    1.689209975302219e-02    5.109788775444031e-01   -2.084890007972717e-02
  endloop
endfacet
facet normal   -8.624836089343643e-01    4.484187022589981e-01    2.346117895245474e-01
  outer loop
    vertex    2.553009986877441e-02    5.161752104759216e-01   -2.762852935120463e-03
    vertex    2.420255914330482e-02    5.175039768218994e-01   -1.018287986516953e-02
    vertex    2.462990954518318e-02    5.151371955871582e-01   -4.088166169822216e-03
  endloop
endfacet
facet normal    3.333742170591431e-01    2.005386192868003e-01    9.212197857052067e-01
  outer loop
    vertex    1.794460043311119e-02    5.147886276245117e-01   -1.213529985398054e-02
    vertex    1.845036074519157e-02    5.159103870391846e-01   -1.256251987069845e-02
    vertex    1.585113070905208e-02    5.186535716056824e-01   -1.221906021237373e-02
  endloop
endfacet
facet normal   -2.632800354590502e-01    7.957180552677444e-01   -5.454506388754167e-01
  outer loop
    vertex    4.220777191221713e-03    5.149564146995544e-01   -9.136298671364784e-03
    vertex    4.812190018128594e-04    5.142139196395874e-01   -8.414447307586670e-03
    vertex   -4.501237068325282e-03    5.142948031425476e-01   -5.891502834856510e-03
  endloop
endfacet
facet normal    5.999921510769906e-03   -8.893402256121905e-01   -4.572066972933825e-01
  outer loop
    vertex    6.941035855561494e-03    5.082967877388000e-01   -8.874407969415188e-03
    vertex    2.743134042248129e-03    5.051230788230896e-01   -2.756125060841441e-03
    vertex    2.230704994872212e-03    5.054957866668701e-01   -3.487826092168689e-03
  endloop
endfacet
facet normal    2.293896862776134e-01   -9.708982287674506e-01   -6.882587598923376e-02
  outer loop
    vertex    1.948300004005432e-02    5.117186903953552e-01   -2.039583958685398e-02
    vertex    1.616224087774753e-02    5.107297897338867e-01   -1.751358062028885e-02
    vertex    1.559909991919994e-02    5.106400251388550e-01   -1.812420040369034e-02
  endloop
endfacet
facet normal    7.100111575254217e-01    6.067270589499018e-01   -3.574443063295500e-01
  outer loop
    vertex    2.892502024769783e-02    5.205361247062683e-01   -1.439765002578497e-02
    vertex    3.020979091525077e-02    5.196682810783386e-01   -1.331872027367353e-02
    vertex    3.065467998385429e-02    5.188819169998169e-01   -1.376978959888220e-02
  endloop
endfacet
facet normal   -2.954949367930713e-01   -9.510061388436069e-01   -9.093990439533761e-02
  outer loop
    vertex    2.079840935766697e-02    5.035312175750732e-01   -1.107108034193516e-02
    vertex    2.871029078960418e-02    5.014935135841370e-01   -1.547016017138958e-02
    vertex    2.641477994620800e-02    5.019850134849548e-01   -1.315112970769405e-02
  endloop
endfacet
facet normal    4.473768812829461e-01    5.402886070620554e-01    7.127006013554981e-01
  outer loop
    vertex    2.801733091473579e-02    5.204228162765503e-01   -1.358218956738710e-02
    vertex    2.493409067392349e-02    5.197749137878418e-01   -1.115560997277498e-02
    vertex    2.489718049764633e-02    5.186095833778381e-01   -1.024901960045099e-02
  endloop
endfacet
facet normal    4.100051368495277e-02    8.945023105574926e-01    4.451792608431763e-01
  outer loop
    vertex   -2.762662246823312e-03    5.181483626365662e-01   -3.306137316541093e-23
    vertex   -2.614882076159120e-03    5.181651115417480e-01   -4.726410043076612e-05
    vertex   -4.252904560416938e-03    5.182166695594788e-01    6.743193824364521e-21
  endloop
endfacet
facet normal    1.297189813502997e-01    9.904854969728824e-01   -4.595069274584285e-02
  outer loop
    vertex    8.882156573235989e-03    5.189191102981567e-01   -3.299588753601232e-23
    vertex    8.802643977105618e-03    5.189241766929626e-01   -1.152562035713345e-04
    vertex    8.836644701659679e-03    5.189250707626343e-01   -3.299614347589289e-23
  endloop
endfacet
facet normal    7.727795608843545e-01   -4.265708914407784e-01   -4.699457679932907e-01
  outer loop
    vertex    3.678119927644730e-02    4.994775950908661e-01   -8.588132448494434e-03
    vertex    3.385047987103462e-02    5.008664727210999e-01   -1.466809958219528e-02
    vertex    3.456494957208633e-02    5.016670823097229e-01   -1.421993970870972e-02
  endloop
endfacet
facet normal    2.589833720294921e-01   -3.329669454842564e-01   -9.066755903999610e-01
  outer loop
    vertex    3.092627041041851e-02    5.027465820312500e-01   -1.627226918935776e-02
    vertex    2.963542938232422e-02    5.015076994895935e-01   -1.618601940572262e-02
    vertex    2.993699908256530e-02    5.027871131896973e-01   -1.656972989439964e-02
  endloop
endfacet
facet normal    7.699248405516637e-01    5.718141827404487e-01   -2.832742140018536e-01
  outer loop
    vertex    3.602961823344231e-02    5.130072236061096e-01   -1.104610040783882e-02
    vertex    3.585769981145859e-02    5.127604007720947e-01   -1.201159972697496e-02
    vertex    3.399002179503441e-02    5.148819088935852e-01   -1.280540041625500e-02
  endloop
endfacet
facet normal    7.604295860473491e-01    5.881336859239805e-01   -2.754008208871749e-01
  outer loop
    vertex    3.835314139723778e-02    5.116484761238098e-01   -7.532129064202309e-03
    vertex    3.884553909301758e-02    5.108528137207031e-01   -7.871714420616627e-03
    vertex    3.602961823344231e-02    5.130072236061096e-01   -1.104610040783882e-02
  endloop
endfacet
facet normal    7.791591335477973e-01    4.948301262164173e-01    3.847781059229984e-01
  outer loop
    vertex    3.310823068022728e-02    5.154039859771729e-01   -1.169120986014605e-02
    vertex    3.399002179503441e-02    5.148819088935852e-01   -1.280540041625500e-02
    vertex    3.326117992401123e-02    5.163329839706421e-01   -1.319563016295433e-02
  endloop
endfacet
facet normal    8.245984842915464e-01   -1.878793414426423e-01   -5.336091198275789e-01
  outer loop
    vertex    2.992214076220989e-02    5.122917890548706e-01   -1.780701056122780e-02
    vertex    3.043003007769584e-02    5.123631954193115e-01   -1.704729907214642e-02
    vertex    2.823504060506820e-02    5.070742964744568e-01   -1.857708953320980e-02
  endloop
endfacet
facet normal    1.859482624387679e-01    7.128305725330415e-01   -6.762365108142413e-01
  outer loop
    vertex    2.583310939371585e-02    5.125311017036438e-01   -1.940595917403698e-02
    vertex    2.964068949222564e-02    5.128455162048340e-01   -1.802754029631615e-02
    vertex    2.654070965945720e-02    5.120447278022766e-01   -1.972408033907413e-02
  endloop
endfacet
facet normal    6.740847233585975e-02    6.584208760117618e-01   -7.496252716452733e-01
  outer loop
    vertex    2.612774074077606e-02    5.133033990859985e-01   -1.870113052427769e-02
    vertex    2.690847963094711e-02    5.133354067802429e-01   -1.860281080007553e-02
    vertex    2.583310939371585e-02    5.125311017036438e-01   -1.940595917403698e-02
  endloop
endfacet
facet normal   -7.236536516942751e-02    6.515156062917163e-01   -7.551759190296210e-01
  outer loop
    vertex    2.386845089495182e-02    5.138723254203796e-01   -1.799380034208298e-02
    vertex    2.612774074077606e-02    5.133033990859985e-01   -1.870113052427769e-02
    vertex    2.316720969974994e-02    5.132253170013428e-01   -1.848479919135571e-02
  endloop
endfacet
facet normal    1.195788464491061e-01    5.146835866692890e-01   -8.490004152502738e-01
  outer loop
    vertex    2.352211065590381e-02    5.159273147583008e-01   -1.679679937660694e-02
    vertex    2.386845089495182e-02    5.138723254203796e-01   -1.799380034208298e-02
    vertex    2.316720969974994e-02    5.132253170013428e-01   -1.848479919135571e-02
  endloop
endfacet
facet normal   -5.555079892891199e-01    6.640253187151662e-01   -5.004810185623236e-01
  outer loop
    vertex    2.698398940265178e-02    5.195289254188538e-01   -1.548707019537687e-02
    vertex    2.718753926455974e-02    5.192543268203735e-01   -1.607733033597469e-02
    vertex    2.407185919582843e-02    5.162823796272278e-01   -1.656218990683556e-02
  endloop
endfacet
facet normal    8.865506732824300e-01    1.722960053496445e-01   -4.293506611652363e-01
  outer loop
    vertex    2.414307929575443e-02    5.132201910018921e-01   -2.489697933197021e-02
    vertex    2.249878086149692e-02    5.108107924461365e-01   -2.925910986959934e-02
    vertex    2.362282946705818e-02    5.136423110961914e-01   -2.580182999372482e-02
  endloop
endfacet
facet normal    6.589439295699310e-01    7.361681232268718e-01    1.544324837188180e-01
  outer loop
    vertex    2.254647947847843e-02    5.162774920463562e-01   -1.669757999479771e-02
    vertex    2.296975068747997e-02    5.160003900527954e-01   -1.718270033597946e-02
    vertex    2.063868939876556e-02    5.183854103088379e-01   -1.860556937754154e-02
  endloop
endfacet
facet normal    3.907141644079433e-01    6.949179476606229e-01    6.036816112406860e-01
  outer loop
    vertex    2.292291074991226e-02    5.215607285499573e-01   -2.375359088182449e-02
    vertex    2.040502987802028e-02    5.192747712135315e-01   -1.949252933263779e-02
    vertex    2.297431975603103e-02    5.209317803382874e-01   -2.306286059319973e-02
  endloop
endfacet
facet normal   -7.862962019938678e-01    4.621099480920872e-01    4.101130071143159e-01
  outer loop
    vertex    1.976766996085643e-02    5.046588778495789e-01   -8.345182868652046e-04
    vertex    1.983319036662578e-02    5.042805075645447e-01   -2.825554984156042e-04
    vertex    2.553009986877441e-02    5.161752104759216e-01   -2.762852935120463e-03
  endloop
endfacet
facet normal   -8.966607796682108e-01   -4.356016721365673e-01   -7.906092231072584e-02
  outer loop
    vertex    1.995912939310074e-02    5.026171207427979e-01   -7.426879019476473e-04
    vertex    1.959276013076305e-02    5.033823251724243e-01   -8.035951177589595e-04
    vertex    1.990550942718982e-02    5.032970905303955e-01   -3.880989970639348e-03
  endloop
endfacet
facet normal   -9.279372854080354e-01    3.604082747916095e-01    9.506981545844083e-02
  outer loop
    vertex    1.974599994719028e-02    5.048682093620300e-01   -4.288061056286097e-03
    vertex    2.023988030850887e-02    5.059673190116882e-01   -3.634206950664520e-03
    vertex    2.044044062495231e-02    5.066905021667480e-01   -4.418197087943554e-03
  endloop
endfacet
facet normal   -8.791725419337598e-01    4.453648709764389e-01    1.694277816943585e-01
  outer loop
    vertex    1.869750022888183e-02    5.063130855560303e-01   -1.008247025310993e-02
    vertex    2.342423051595688e-02    5.149776935577393e-01   -8.331284858286381e-03
    vertex    2.209624089300632e-02    5.129743814468384e-01   -9.956326335668564e-03
  endloop
endfacet
facet normal   -8.893412294769532e-01    3.578727957249261e-01    2.846036535823923e-01
  outer loop
    vertex    2.315847948193550e-02    5.152031779289246e-01   -1.055234018713236e-02
    vertex    2.360356971621513e-02    5.159798860549927e-01   -1.013816986232996e-02
    vertex    2.420255914330482e-02    5.175039768218994e-01   -1.018287986516953e-02
  endloop
endfacet
facet normal   -8.136978132172163e-01    4.355243327521801e-01    3.849862651397949e-01
  outer loop
    vertex    2.115714922547340e-02    5.093023180961609e-01   -1.097995974123478e-02
    vertex    2.150944061577320e-02    5.097879171371460e-01   -1.078470982611179e-02
    vertex    2.173269912600517e-02    5.103834271430969e-01   -1.098651997745037e-02
  endloop
endfacet
facet normal    8.440529301934822e-01   -2.936342877649459e-01    4.487243653743015e-01
  outer loop
    vertex    9.609719738364220e-03    5.176445841789246e-01   -3.194933058694005e-03
    vertex    1.233275979757309e-02    5.166385769844055e-01   -8.975292555987835e-03
    vertex    1.496329996734858e-02    5.198209881782532e-01   -1.184086035937071e-02
  endloop
endfacet
facet normal    7.414849387038942e-01   -3.413913975406642e-01    5.776261761386117e-01
  outer loop
    vertex    9.400553070008755e-03    5.094376802444458e-01   -8.677265606820583e-03
    vertex    1.017952989786863e-02    5.086330771446228e-01   -1.015275996178389e-02
    vertex    1.013823971152306e-02    5.105525851249695e-01   -8.965279906988144e-03
  endloop
endfacet
facet normal   -5.561912093926574e-01   -8.188770805470521e-01    1.417450723978440e-01
  outer loop
    vertex    1.884507015347480e-02    5.045930743217468e-01   -1.076516043394804e-02
    vertex    1.870699971914291e-02    5.048571228981018e-01   -9.781494736671448e-03
    vertex    1.756390929222107e-02    5.055704116821289e-01   -1.014610007405281e-02
  endloop
endfacet
facet normal   -3.308286913841443e-01    7.397436354778871e-01   -5.859451601703130e-01
  outer loop
    vertex   -2.558143064379694e-02    5.164235234260559e-01   -4.268904216587543e-03
    vertex   -2.415608055889608e-02    5.203580856323242e-01   -1.063633972080424e-04
    vertex   -2.501174993813040e-02    5.166527032852173e-01   -4.301215056329966e-03
  endloop
endfacet
facet normal   -1.624580682772174e-01    8.256622307022345e-01   -5.402677640239562e-01
  outer loop
    vertex   -2.924483967944981e-03    5.178685188293457e-01   -1.015773043036461e-03
    vertex   -9.181643254123638e-04    5.180597901344299e-01   -1.326762023381889e-03
    vertex   -4.735458176583053e-03    5.150011181831360e-01   -4.853309132158756e-03
  endloop
endfacet
facet normal   -6.031808755345578e-01    4.926269177772004e-01   -6.272890492194966e-01
  outer loop
    vertex    9.728330187499523e-03    5.127574801445007e-01   -2.427051030099392e-02
    vertex    1.048765983432531e-02    5.136212706565857e-01   -2.432229928672314e-02
    vertex    1.688545010983944e-02    5.165671110153198e-01   -2.816076017916203e-02
  endloop
endfacet
facet normal   -4.508732140321822e-01   -2.874232531030976e-01   -8.450450984674858e-01
  outer loop
    vertex    1.788284070789814e-02    5.102133750915527e-01   -2.879484929144382e-02
    vertex    1.842927001416683e-02    5.109646916389465e-01   -2.934193983674049e-02
    vertex    1.963616907596588e-02    5.106220841407776e-01   -2.986934967339039e-02
  endloop
endfacet
facet normal   -3.798733811059199e-01    8.668610416188065e-01    3.228748191648186e-01
  outer loop
    vertex    1.541842985898256e-02    5.175796151161194e-01   -2.010207064449787e-02
    vertex    1.940719038248062e-02    5.188732147216797e-01   -1.888223923742771e-02
    vertex    1.402300037443638e-02    5.177041292190552e-01   -2.207813970744610e-02
  endloop
endfacet
facet normal    1.783963764977115e-01   -9.743434149551249e-01    1.372211448213139e-01
  outer loop
    vertex    3.609081963077187e-03    5.073407292366028e-01   -1.245776005089283e-02
    vertex    5.190392024815082e-03    5.075812935829163e-01   -1.280543021857738e-02
    vertex    7.996380329132080e-03    5.084993243217468e-01   -9.934888221323490e-03
  endloop
endfacet
facet normal   -2.600264497530086e-02   -9.996598197890439e-01   -2.026611364919950e-03
  outer loop
    vertex   -1.922171935439112e-02    5.089222788810730e-01   -4.979358054697514e-03
    vertex   -1.956626586616041e-02    5.089211463928223e-01   -3.315586965866585e-23
    vertex   -2.100989408791067e-02    5.089586973190308e-01   -3.316398802482024e-23
  endloop
endfacet
facet normal    9.992332383741921e-02   -8.074235247325573e-01   -5.814486916846022e-01
  outer loop
    vertex   -1.384092960506679e-02    5.097864866256714e-01   -5.254731047898531e-03
    vertex   -1.922171935439112e-02    5.089222788810730e-01   -4.979358054697514e-03
    vertex   -1.946504972875120e-02    5.092713236808777e-01   -5.505872890353203e-03
  endloop
endfacet
facet normal    8.000129806946791e-01   -5.997164804509567e-01    1.787103230181111e-02
  outer loop
    vertex    4.329584073275327e-03    5.063800811767578e-01   -2.249507000669837e-03
    vertex    4.368814174085855e-03    5.064924955368042e-01   -2.332745934836566e-04
    vertex    3.546908963471650e-03    5.053294897079468e-01   -2.468116115778685e-03
  endloop
endfacet
facet normal   -5.134086193196741e-01    4.047971709621399e-01    7.566708927858360e-01
  outer loop
    vertex    2.693446911871433e-02    5.141903162002563e-01   -4.726168117485940e-04
    vertex    2.231574058532714e-02    5.078207254409790e-01   -1.989214943023399e-04
    vertex    2.783616073429584e-02    5.146828293800354e-01   -1.242906000697985e-04
  endloop
endfacet
facet normal   -6.153257177170124e-01    5.248495570686607e-01    5.881387621649116e-01
  outer loop
    vertex    2.553009986877441e-02    5.161752104759216e-01   -2.762852935120463e-03
    vertex    2.555865049362182e-02    5.154983997344971e-01   -2.129002939909697e-03
    vertex    2.611717022955417e-02    5.170075297355652e-01   -2.891398966312408e-03
  endloop
endfacet
facet normal    4.604266829476155e-01    6.047281082173103e-01    6.498547412782099e-01
  outer loop
    vertex    2.134235017001629e-02    5.147373080253601e-01   -2.432440966367722e-02
    vertex    2.414307929575443e-02    5.132201910018921e-01   -2.489697933197021e-02
    vertex    2.342342957854271e-02    5.141363143920898e-01   -2.523960918188095e-02
  endloop
endfacet
facet normal   -4.769590017668497e-02   -9.660557348795967e-01   -2.538925328019280e-01
  outer loop
    vertex    1.963049918413162e-02    5.114349126815796e-01   -1.934378035366535e-02
    vertex    1.948300004005432e-02    5.117186903953552e-01   -2.039583958685398e-02
    vertex    2.199484035372734e-02    5.117092132568359e-01   -2.083165012300014e-02
  endloop
endfacet
facet normal   -3.557679267113500e-01   -7.085992580819589e-01   -6.093572628345419e-01
  outer loop
    vertex    1.277625001966953e-02    5.084761977195740e-01   -1.169408019632101e-02
    vertex    2.006302960216999e-02    5.108122825622559e-01   -1.866495050489902e-02
    vertex    1.952325925230980e-02    5.098723173141479e-01   -1.725675910711288e-02
  endloop
endfacet
facet normal    2.648919079596954e-01   -9.504828371236920e-01    1.625258546532511e-01
  outer loop
    vertex    9.347615763545036e-03    5.084565877914429e-01   -2.331414073705673e-02
    vertex    1.842146925628185e-02    5.101609826087952e-01   -2.813548035919666e-02
    vertex    1.931340992450714e-02    5.105149149894714e-01   -2.751933969557285e-02
  endloop
endfacet
facet normal    2.994776248259455e-01   -9.535512141882799e-01    3.245356912062562e-02
  outer loop
    vertex    7.478817831724881e-03    5.080366134643555e-01   -2.141815051436424e-02
    vertex    1.412250008434057e-02    5.102024078369141e-01   -1.908984966576099e-02
    vertex    5.752814933657645e-03    5.076050162315369e-01   -1.817199960350990e-02
  endloop
endfacet
facet normal   -3.390340021870206e-01   -7.062272493553585e-01   -6.215295790459336e-01
  outer loop
    vertex    1.952325925230980e-02    5.098723173141479e-01   -1.725675910711288e-02
    vertex    2.730407938361168e-02    5.074747800827026e-01   -1.877680979669094e-02
    vertex    1.888353005051613e-02    5.053542852401733e-01   -1.177407987415791e-02
  endloop
endfacet
facet normal   -3.415936408385653e-01   -7.209122131774705e-01   -6.029920110832436e-01
  outer loop
    vertex    2.199484035372734e-02    5.117092132568359e-01   -2.083165012300014e-02
    vertex    2.730407938361168e-02    5.074747800827026e-01   -1.877680979669094e-02
    vertex    2.006302960216999e-02    5.108122825622559e-01   -1.866495050489902e-02
  endloop
endfacet
facet normal    2.849162939018298e-01   -9.466305143590130e-01    1.507095708760281e-01
  outer loop
    vertex    2.106473036110401e-02    5.117728114128113e-01   -2.420129068195820e-02
    vertex    2.280024066567421e-02    5.115318894386292e-01   -2.899553999304771e-02
    vertex    2.120908908545971e-02    5.121251940727234e-01   -2.226082980632782e-02
  endloop
endfacet
facet normal   -4.263700137692170e-01   -9.045196003051856e-01   -7.273515118906857e-03
  outer loop
    vertex    2.184757962822914e-02    5.120127797126770e-01   -2.204252034425735e-02
    vertex    2.609086036682129e-02    5.100206732749939e-01   -2.304730936884880e-02
    vertex    2.778968960046768e-02    5.092133879661560e-01   -2.223950996994972e-02
  endloop
endfacet
facet normal   -9.927641844348495e-01   -1.200789046753021e-01    5.751133695527739e-04
  outer loop
    vertex   -2.693826332688333e-02    5.122025609016418e-01    2.168072371703866e-19
    vertex   -2.691883966326715e-02    5.120232105255127e-01   -3.917626105248928e-03
    vertex   -2.690095454454424e-02    5.118941068649292e-01    2.168072373801958e-19
  endloop
endfacet
facet normal   -4.756842806060196e-01    8.275282366030120e-01   -2.981970536558721e-01
  outer loop
    vertex    9.479096159338951e-03    5.188338756561279e-01   -4.539154004305601e-03
    vertex    1.057089027017355e-02    5.187929868698120e-01   -6.394255906343460e-03
    vertex    9.518437087535858e-03    5.184429883956909e-01   -5.686664022505283e-03
  endloop
endfacet
facet normal    9.324397305402821e-01    5.756567128674781e-02   -3.567104461594479e-01
  outer loop
    vertex    3.861476853489876e-02    5.096095800399780e-01   -8.675579912960529e-03
    vertex    3.884553909301758e-02    5.108528137207031e-01   -7.871714420616627e-03
    vertex    3.907902911305428e-02    5.095481872558594e-01   -7.471912074834108e-03
  endloop
endfacet
facet normal    9.571493790167428e-01    1.121738814624130e-01   -2.669870531795878e-01
  outer loop
    vertex    3.365791961550713e-02    5.152698159217834e-01   -1.383300963789225e-02
    vertex    3.399002179503441e-02    5.148819088935852e-01   -1.280540041625500e-02
    vertex    3.376809135079384e-02    5.140399932861328e-01   -1.395475026220083e-02
  endloop
endfacet
facet normal   -2.649428900337327e-01   -8.463297193412386e-01   -4.620944396769492e-01
  outer loop
    vertex    2.730407938361168e-02    5.074747800827026e-01   -1.877680979669094e-02
    vertex    2.778968960046768e-02    5.092133879661560e-01   -2.223950996994972e-02
    vertex    2.823504060506820e-02    5.070742964744568e-01   -1.857708953320980e-02
  endloop
endfacet
facet normal    9.398881818569208e-01   -6.446103474492219e-02    3.353430789584089e-01
  outer loop
    vertex    2.134235017001629e-02    5.147373080253601e-01   -2.432440966367722e-02
    vertex    2.260676026344299e-02    5.172097086906433e-01   -2.739300020039082e-02
    vertex    2.247063070535659e-02    5.174130201339722e-01   -2.697237953543663e-02
  endloop
endfacet
facet normal   -5.936976963716092e-01    8.008359626369017e-01    7.864353927991542e-02
  outer loop
    vertex    2.825723029673099e-02    5.203620195388794e-01   -1.435858011245728e-02
    vertex    2.698398940265178e-02    5.195289254188538e-01   -1.548707019537687e-02
    vertex    2.279286086559295e-02    5.162096023559570e-01   -1.332580018788576e-02
  endloop
endfacet
facet normal   -1.131403437610322e-01    8.466505052036940e-01    5.199828695754941e-01
  outer loop
    vertex    2.026260085403919e-02    5.185946822166443e-01   -1.799949072301388e-02
    vertex    1.793944090604782e-02    5.167816281318665e-01   -1.555291004478931e-02
    vertex    1.893310993909835e-02    5.164800286293030e-01   -1.484563015401363e-02
  endloop
endfacet
facet normal   -8.178785898904366e-01    5.229573525922162e-01    2.399796232361646e-01
  outer loop
    vertex    2.500195987522602e-02    5.184034109115601e-01   -9.418452158570290e-03
    vertex    2.420255914330482e-02    5.175039768218994e-01   -1.018287986516953e-02
    vertex    2.553009986877441e-02    5.161752104759216e-01   -2.762852935120463e-03
  endloop
endfacet
facet normal   -4.308232106141279e-01    3.211261081716308e-01    8.433678816783793e-01
  outer loop
    vertex    2.489718049764633e-02    5.186095833778381e-01   -1.024901960045099e-02
    vertex    2.284332923591137e-02    5.175918936729431e-01   -1.091070007532835e-02
    vertex    2.420255914330482e-02    5.175039768218994e-01   -1.018287986516953e-02
  endloop
endfacet
facet normal   -6.025471958410449e-03    3.582752097836819e-01    9.335965765479954e-01
  outer loop
    vertex    1.845036074519157e-02    5.159103870391846e-01   -1.256251987069845e-02
    vertex    1.794460043311119e-02    5.147886276245117e-01   -1.213529985398054e-02
    vertex    1.923648081719875e-02    5.153871774673462e-01   -1.235666032880545e-02
  endloop
endfacet
facet normal   -3.177328042161085e-02    4.343210638889242e-01   -9.001975739323244e-01
  outer loop
    vertex   -1.308766007423402e-02    5.159375071525574e-01   -3.827539039775729e-03
    vertex   -1.250149961560966e-02    5.145694017410278e-01   -4.508302081376314e-03
    vertex   -1.423982996493579e-02    5.151258707046509e-01   -4.178464878350496e-03
  endloop
endfacet
facet normal   -4.407016150141520e-01    3.024011943654851e-01   -8.451837694668811e-01
  outer loop
    vertex    4.201963078230619e-03    5.133985280990601e-01   -1.104013994336128e-02
    vertex    2.683663042262196e-03    5.123543143272400e-01   -1.062207017093897e-02
    vertex   -5.095848813653007e-03    5.133427977561951e-01   -6.211949978023767e-03
  endloop
endfacet
facet normal   -2.476014977246995e-01    8.204745839690226e-01   -5.152814331851526e-01
  outer loop
    vertex    4.812190018128594e-04    5.142139196395874e-01   -8.414447307586670e-03
    vertex    4.461480770260095e-03    5.139006972312927e-01   -1.082576997578144e-02
    vertex   -4.501237068325282e-03    5.142948031425476e-01   -5.891502834856510e-03
  endloop
endfacet
facet normal   -3.573612139115965e-01    8.923726073992777e-01    2.756158419885271e-01
  outer loop
    vertex    1.402300037443638e-02    5.177041292190552e-01   -2.207813970744610e-02
    vertex    1.940719038248062e-02    5.188732147216797e-01   -1.888223923742771e-02
    vertex    1.939653977751732e-02    5.196928977966309e-01   -2.154996991157532e-02
  endloop
endfacet
facet normal   -3.008200726973265e-01   -9.452549087511406e-01   -1.264928509610243e-01
  outer loop
    vertex    3.373361006379128e-02    4.988031089305878e-01   -7.920140400528908e-03
    vertex    2.183490060269832e-02    5.022218227386475e-01   -5.170462187379599e-03
    vertex    3.165875002741814e-02    4.995625913143159e-01   -8.661248721182346e-03
  endloop
endfacet
facet normal   -8.034133916667457e-02   -9.644830216250165e-01   -2.516302251677711e-01
  outer loop
    vertex    1.243246020749210e-03    5.085777044296265e-01   -8.040115237236023e-03
    vertex   -3.668138058856131e-03    5.086184144020081e-01   -6.628030911087990e-03
    vertex   -3.029643092304469e-03    5.089172124862671e-01   -7.977166213095188e-03
  endloop
endfacet
facet normal   -2.610731793447920e-02   -8.387136329567098e-01   -5.439465505385853e-01
  outer loop
    vertex   -2.319715917110445e-02    5.091546177864075e-01   -5.146796815097332e-03
    vertex   -1.946504972875120e-02    5.092713236808777e-01   -5.505872890353203e-03
    vertex   -1.922171935439112e-02    5.089222788810730e-01   -4.979358054697514e-03
  endloop
endfacet
facet normal   -3.037273810121586e-01   -9.436381798251402e-01   -1.315167806775674e-01
  outer loop
    vertex   -6.664137821644559e-03    5.092095136642456e-01   -5.976750981062651e-03
    vertex   -5.248043220490232e-03    5.087845921516418e-01   -6.198278162628412e-03
    vertex   -5.088196136057392e-03    5.085800886154175e-01   -5.100111011415720e-03
  endloop
endfacet
facet normal   -7.443266348950892e-01   -6.649167515752369e-01    6.215765488165872e-02
  outer loop
    vertex    2.041103877127170e-02    5.023064017295837e-01   -3.293105388311276e-23
    vertex    2.062156982719898e-02    5.020624995231628e-01   -8.801474905340001e-05
    vertex    2.059766463935375e-02    5.020974874496460e-01    1.354923415563114e-19
  endloop
endfacet
facet normal   -2.639479098548525e-01   -9.642257705819928e-01   -2.449824950515573e-02
  outer loop
    vertex    2.279775962233543e-02    5.018467903137207e-01   -3.546423045918345e-03
    vertex    2.502463012933731e-02    5.012608170509338e-01   -4.475766792893410e-03
    vertex    3.402991965413094e-02    4.987544119358063e-01   -2.850627992302179e-03
  endloop
endfacet
facet normal   -2.532939319320920e-01   -9.548913717454319e-01   -1.549988781008044e-01
  outer loop
    vertex    2.247931994497776e-02    5.014613866806030e-01   -6.517089204862714e-04
    vertex    2.279775962233543e-02    5.018467903137207e-01   -3.546423045918345e-03
    vertex    3.402991965413094e-02    4.987544119358063e-01   -2.850627992302179e-03
  endloop
endfacet
facet normal    2.682676710599451e-01   -9.633393849129623e-01    3.112256350076291e-03
  outer loop
    vertex    8.077053353190422e-03    5.083801150321960e-01   -1.436755992472172e-02
    vertex    5.190392024815082e-03    5.075812935829163e-01   -1.280543021857738e-02
    vertex    7.324838079512118e-03    5.081685185432434e-01   -1.502437982708216e-02
  endloop
endfacet
facet normal   -4.094771174605710e-02   -9.326749578570412e-01   -3.583862551621199e-01
  outer loop
    vertex    1.963049918413162e-02    5.114349126815796e-01   -1.934378035366535e-02
    vertex    1.134038995951414e-02    5.088201761245728e-01   -1.159191969782114e-02
    vertex    1.803738996386528e-02    5.111879706382751e-01   -1.851910911500454e-02
  endloop
endfacet
facet normal    1.383444590384087e-02   -9.649115354871383e-01   -2.622104818469067e-01
  outer loop
    vertex    1.963049918413162e-02    5.114349126815796e-01   -1.934378035366535e-02
    vertex    1.803738996386528e-02    5.111879706382751e-01   -1.851910911500454e-02
    vertex    1.948300004005432e-02    5.117186903953552e-01   -2.039583958685398e-02
  endloop
endfacet
facet normal   -6.773608441268806e-01    6.910889137166900e-01   -2.521475761961740e-01
  outer loop
    vertex    2.698398940265178e-02    5.195289254188538e-01   -1.548707019537687e-02
    vertex    2.407185919582843e-02    5.162823796272278e-01   -1.656218990683556e-02
    vertex    2.279286086559295e-02    5.162096023559570e-01   -1.332580018788576e-02
  endloop
endfacet
facet normal    8.313617474502937e-01   -2.990062760291124e-01    4.684366464865833e-01
  outer loop
    vertex    1.233275979757309e-02    5.166385769844055e-01   -8.975292555987835e-03
    vertex    1.013823971152306e-02    5.105525851249695e-01   -8.965279906988144e-03
    vertex    1.441635005176067e-02    5.189620852470398e-01   -1.119005028158426e-02
  endloop
endfacet
facet normal   -1.458873945217621e-01   -2.702583289032475e-01    9.516707959048003e-01
  outer loop
    vertex    1.122988015413284e-02    5.087721943855286e-01   -1.020782999694347e-02
    vertex    1.653381064534187e-02    5.057209134101868e-01   -1.026127021759748e-02
    vertex    1.756390929222107e-02    5.055704116821289e-01   -1.014610007405281e-02
  endloop
endfacet
facet normal    1.294595047903313e-01    7.093898417237369e-01   -6.928248617642222e-01
  outer loop
    vertex   -2.368368953466417e-02    5.175381898880005e-01   -3.146399045363069e-03
    vertex   -2.501174993813040e-02    5.166527032852173e-01   -4.301215056329966e-03
    vertex   -2.366534993052484e-02    5.199447274208069e-01   -6.788959144614637e-04
  endloop
endfacet
facet normal   -8.166639234863375e-01    4.167029168498664e-01   -3.992727328089348e-01
  outer loop
    vertex    1.083584968000650e-02    5.158203840255737e-01   -1.931313984096050e-02
    vertex    9.201891720294952e-03    5.138096213340759e-01   -1.806961931288242e-02
    vertex    7.860910147428513e-03    5.138102769851685e-01   -1.532611995935440e-02
  endloop
endfacet
facet normal   -2.997360730349329e-01    8.954647564332094e-01   -3.290914105649224e-01
  outer loop
    vertex    2.109736949205398e-02    5.202677249908447e-01   -2.560918033123016e-02
    vertex    2.187651954591274e-02    5.211409926414490e-01   -2.394264936447144e-02
    vertex    2.292291074991226e-02    5.215607285499573e-01   -2.375359088182449e-02
  endloop
endfacet
facet normal   -5.644071157988655e-02    9.981965224224457e-01   -2.044868455651739e-02
  outer loop
    vertex    1.002159994095564e-02    5.189617276191711e-01   -4.141661804169416e-03
    vertex   -7.414012216031561e-04    5.184369087219238e-01   -5.342590884538367e-05
    vertex    5.652949213981628e-03    5.187873840332031e-01   -5.942162824794650e-04
  endloop
endfacet
facet normal    3.503252219459194e-01    9.366171458041915e-01    4.534429859659525e-03
  outer loop
    vertex    3.312677890062332e-02    5.137887001037598e-01   -2.713791385797604e-20
    vertex    2.941320091485977e-02    5.151789188385010e-01   -2.519988920539618e-04
    vertex    2.981263399124145e-02    5.150282979011536e-01   -3.287818321454763e-23
  endloop
endfacet
facet normal    8.161583961278563e-01    3.806773221216168e-02   -5.765729096950604e-01
  outer loop
    vertex    3.861476853489876e-02    5.096095800399780e-01   -8.675579912960529e-03
    vertex    3.595849126577377e-02    5.102950930595398e-01   -1.239036954939365e-02
    vertex    3.617145866155624e-02    5.116397142410278e-01   -1.200012955814600e-02
  endloop
endfacet
facet normal   -1.092652718831284e-01   -8.395838004436844e-01   -5.321279379931537e-01
  outer loop
    vertex    4.942369181662797e-03    5.081548094749451e-01   -8.239997550845146e-03
    vertex    6.941035855561494e-03    5.082967877388000e-01   -8.874407969415188e-03
    vertex    2.230704994872212e-03    5.054957866668701e-01   -3.487826092168689e-03
  endloop
endfacet
facet normal   -4.925935484725998e-02   -9.803845759886841e-01   -1.908391970312175e-01
  outer loop
    vertex   -1.922171935439112e-02    5.089222788810730e-01   -4.979358054697514e-03
    vertex   -2.274028956890108e-02    5.090231895446777e-01   -4.589546937495470e-03
    vertex   -2.319715917110445e-02    5.091546177864075e-01   -5.146796815097332e-03
  endloop
endfacet
facet normal   -3.434100602440212e-01   -9.284342816811407e-01   -1.417015000711778e-01
  outer loop
    vertex    2.247931994497776e-02    5.014613866806030e-01   -6.517089204862714e-04
    vertex    2.062156982719898e-02    5.020624995231628e-01   -8.801474905340001e-05
    vertex    2.080786041915416e-02    5.025287270545959e-01   -3.594228066504002e-03
  endloop
endfacet
facet normal    9.149680809111183e-01   -3.483505495162745e-01   -2.036794186105579e-01
  outer loop
    vertex    3.716060891747475e-02    5.004010200500488e-01   -8.463072590529919e-03
    vertex    3.811885043978691e-02    4.998156130313874e-01   -3.157248022034764e-03
    vertex    3.678119927644730e-02    4.994775950908661e-01   -8.588132448494434e-03
  endloop
endfacet
facet normal   -5.510996042866957e-01    4.016622638912367e-01    7.314073091792384e-01
  outer loop
    vertex    2.555865049362182e-02    5.154983997344971e-01   -2.129002939909697e-03
    vertex    1.983319036662578e-02    5.042805075645447e-01   -2.825554984156042e-04
    vertex    2.295456081628799e-02    5.091158747673035e-01   -5.860779201611876e-04
  endloop
endfacet
facet normal    8.465282558046943e-01   -5.322265835559958e-01   -1.117031246539814e-02
  outer loop
    vertex    4.311296157538890e-03    5.063961148262024e-01   -3.302159215637667e-23
    vertex    4.368814174085855e-03    5.064924955368042e-01   -2.332745934836566e-04
    vertex    4.348395857959985e-03    5.064551234245300e-01   -3.302138352306446e-23
  endloop
endfacet
facet normal   -5.073499511949358e-01    4.190594773696926e-01   -7.529841840630760e-01
  outer loop
    vertex    2.770722843706607e-02    5.147500634193420e-01   -3.289002314178991e-23
    vertex    2.783616073429584e-02    5.146828293800354e-01   -1.242906000697985e-04
    vertex    2.745437249541282e-02    5.144439339637756e-01   -3.289144509864049e-23
  endloop
endfacet
facet normal    6.138908774550378e-01    1.287983986576320e-01   -7.788125339776661e-01
  outer loop
    vertex    3.617145866155624e-02    5.116397142410278e-01   -1.200012955814600e-02
    vertex    3.595849126577377e-02    5.102950930595398e-01   -1.239036954939365e-02
    vertex    3.520777076482773e-02    5.108017921447754e-01   -1.289832033216953e-02
  endloop
endfacet
facet normal    4.705292245704398e-01    8.667615684208637e-01    1.653076898808549e-01
  outer loop
    vertex    2.921682037413120e-02    5.163341164588928e-01   -7.103416137397289e-03
    vertex    3.534428030252457e-02    5.136123895645142e-01   -1.027362979948521e-02
    vertex    3.446371108293533e-02    5.142139792442322e-01   -1.092152018100023e-02
  endloop
endfacet
facet normal    5.798887788072643e-01    6.962653655888807e-01    4.230171921976718e-01
  outer loop
    vertex    2.696930058300495e-02    5.171837210655212e-01   -5.420833826065063e-03
    vertex    2.921682037413120e-02    5.163341164588928e-01   -7.103416137397289e-03
    vertex    2.813467010855674e-02    5.171440243721008e-01   -6.953029893338680e-03
  endloop
endfacet
facet normal    8.341381644468698e-01    1.334499990109332e-01   -5.351678431830414e-01
  outer loop
    vertex    2.109736949205398e-02    5.202677249908447e-01   -2.560918033123016e-02
    vertex    2.165465056896209e-02    5.197625756263733e-01   -2.486653998494148e-02
    vertex    2.147966064512729e-02    5.192720293998718e-01   -2.526161074638367e-02
  endloop
endfacet
facet normal    9.118396854083768e-01    3.923209240294733e-01    1.209656177722111e-01
  outer loop
    vertex    2.274635992944240e-02    5.171573162078857e-01   -2.795146964490414e-02
    vertex    2.109736949205398e-02    5.202677249908447e-01   -2.560918033123016e-02
    vertex    2.147966064512729e-02    5.192720293998718e-01   -2.526161074638367e-02
  endloop
endfacet
facet normal   -5.000286468570317e-01    8.474022064710149e-01   -1.785521010528337e-01
  outer loop
    vertex    2.407185919582843e-02    5.162823796272278e-01   -1.656218990683556e-02
    vertex    2.179875038564205e-02    5.156567096710205e-01   -1.316583994776011e-02
    vertex    2.279286086559295e-02    5.162096023559570e-01   -1.332580018788576e-02
  endloop
endfacet
facet normal   -8.708723228048408e-01    4.632585442659445e-01    1.642343403101156e-01
  outer loop
    vertex    2.419858053326606e-02    5.136718153953552e-01   -2.762025920674205e-03
    vertex    1.976766996085643e-02    5.046588778495789e-01   -8.345182868652046e-04
    vertex    2.553009986877441e-02    5.161752104759216e-01   -2.762852935120463e-03
  endloop
endfacet
facet normal   -1.149497779078779e-01    7.560289463649296e-01   -6.443654093891632e-01
  outer loop
    vertex   -2.501174993813040e-02    5.166527032852173e-01   -4.301215056329966e-03
    vertex   -2.415608055889608e-02    5.203580856323242e-01   -1.063633972080424e-04
    vertex   -2.366534993052484e-02    5.199447274208069e-01   -6.788959144614637e-04
  endloop
endfacet
facet normal   -7.098463865546708e-01    6.159966729318240e-01   -3.415643518170484e-01
  outer loop
    vertex    6.683453917503356e-03    5.137400031089783e-01   -1.317035965621471e-02
    vertex    6.727925036102532e-03    5.144317746162415e-01   -1.201520022004843e-02
    vertex    8.306226693093777e-03    5.150607228279114e-01   -1.416097953915596e-02
  endloop
endfacet
facet normal   -5.633025825846335e-01    4.725138097121898e-04   -8.262505535152045e-01
  outer loop
    vertex    3.609081963077187e-03    5.073407292366028e-01   -1.245776005089283e-02
    vertex    2.059151884168386e-03    5.079060792922974e-01   -1.140076015144587e-02
    vertex    3.483273088932036e-03    5.082656145095825e-01   -1.237145997583866e-02
  endloop
endfacet
facet normal   -8.450854003786165e-01    5.071370421232697e-01   -1.692415036962698e-01
  outer loop
    vertex    4.364395048469304e-03    5.082591176033020e-01   -1.347734034061432e-02
    vertex    3.865177975967526e-03    5.071604847908020e-01   -1.427664980292320e-02
    vertex    3.609081963077187e-03    5.073407292366028e-01   -1.245776005089283e-02
  endloop
endfacet
facet normal   -3.194526919553243e-01    1.222547171227508e-01   -9.396827984717678e-01
  outer loop
    vertex    1.828661002218723e-02    5.159763097763062e-01   -2.871396020054817e-02
    vertex    1.963616907596588e-02    5.106220841407776e-01   -2.986934967339039e-02
    vertex    1.688545010983944e-02    5.165671110153198e-01   -2.816076017916203e-02
  endloop
endfacet
facet normal    3.537601842325863e-01    3.431154980228646e-01   -8.701295806190295e-01
  outer loop
    vertex    2.202307060360908e-02    5.171329975128174e-01   -2.825511991977692e-02
    vertex    2.202685922384262e-02    5.179687738418579e-01   -2.792401053011417e-02
    vertex    2.274635992944240e-02    5.171573162078857e-01   -2.795146964490414e-02
  endloop
endfacet
facet normal    4.219834942646510e-01    8.409626992618787e-01   -3.386911115136774e-01
  outer loop
    vertex    1.586068980395794e-02    5.195869207382202e-01   -1.267021987587214e-02
    vertex    1.345933973789215e-02    5.174612998962402e-01   -2.093999087810516e-02
    vertex    1.521954033523798e-02    5.197960138320923e-01   -1.294986996799707e-02
  endloop
endfacet
facet normal   -1.735073540229667e-01    9.465209151396980e-01    2.720171967046522e-01
  outer loop
    vertex    1.345933973789215e-02    5.174612998962402e-01   -2.093999087810516e-02
    vertex    1.713564060628414e-02    5.166277885437012e-01   -1.569472998380661e-02
    vertex    1.541842985898256e-02    5.175796151161194e-01   -2.010207064449787e-02
  endloop
endfacet
facet normal   -3.395985897749431e-01   -3.691987342839692e-01   -8.650809744908191e-01
  outer loop
    vertex    2.852552011609077e-02    5.018926262855530e-01   -1.591458916664124e-02
    vertex    2.782735973596573e-02    5.066941976547241e-01   -1.768972910940647e-02
    vertex    2.963542938232422e-02    5.015076994895935e-01   -1.618601940572262e-02
  endloop
endfacet
facet normal    7.862845649949284e-01    4.784768964931876e-02   -6.160090757821339e-01
  outer loop
    vertex    2.189858071506023e-02    5.111845135688782e-01   -2.949751913547516e-02
    vertex    2.274635992944240e-02    5.171573162078857e-01   -2.795146964490414e-02
    vertex    2.257880009710788e-02    5.120173096656799e-01   -2.856458909809589e-02
  endloop
endfacet
facet normal   -3.645326929120253e-01   -6.973069017910756e-01   -6.171539520353396e-01
  outer loop
    vertex    1.888353005051613e-02    5.053542852401733e-01   -1.177407987415791e-02
    vertex    1.277625001966953e-02    5.084761977195740e-01   -1.169408019632101e-02
    vertex    1.952325925230980e-02    5.098723173141479e-01   -1.725675910711288e-02
  endloop
endfacet
facet normal   -4.804396048701762e-01    8.209738960556885e-01   -3.085119901516508e-01
  outer loop
    vertex    6.727925036102532e-03    5.144317746162415e-01   -1.201520022004843e-02
    vertex    9.518437087535858e-03    5.184429883956909e-01   -5.686664022505283e-03
    vertex    1.057089027017355e-02    5.187929868698120e-01   -6.394255906343460e-03
  endloop
endfacet
facet normal    3.239477057677560e-01    9.455791138057432e-01    3.062716869305206e-02
  outer loop
    vertex    2.970845811069011e-02    5.150696039199829e-01   -3.287876905648361e-23
    vertex    2.941320091485977e-02    5.151789188385010e-01   -2.519988920539618e-04
    vertex    2.883942052721977e-02    5.153673291206360e-01   -3.288365616333417e-23
  endloop
endfacet
facet normal    6.021898270266665e-01    7.979015208103331e-01    2.684353393559053e-02
  outer loop
    vertex    3.945710882544518e-02    5.110023021697998e-01   -9.677846824285289e-21
    vertex    3.951914981007576e-02    5.109689831733704e-01   -4.014066071249545e-04
    vertex    3.940458968281746e-02    5.110419392585754e-01   -3.282424203483872e-23
  endloop
endfacet
facet normal   -6.236475067152619e-01   -7.131889731584896e-01   -3.200394912084701e-01
  outer loop
    vertex   -2.648363076150419e-02    5.117713212966919e-01   -4.573755897581577e-03
    vertex   -2.319715917110445e-02    5.091546177864075e-01   -5.146796815097332e-03
    vertex   -2.662382088601591e-02    5.114446878433228e-01   -3.572690067812800e-03
  endloop
endfacet
facet normal    9.948903869219377e-01   -1.176142749659806e-02   -1.002735599924491e-01
  outer loop
    vertex    3.907902911305428e-02    5.095481872558594e-01   -7.471912074834108e-03
    vertex    3.983663395047188e-02    5.099306702613831e-01   -3.282181239693424e-23
    vertex    3.982373699545860e-02    5.088397264480591e-01   -3.282188492387242e-23
  endloop
endfacet
facet normal    8.229114214156433e-01   -2.331229664875859e-02   -5.676912271020628e-01
  outer loop
    vertex    3.456494957208633e-02    5.016670823097229e-01   -1.421993970870972e-02
    vertex    3.690310940146446e-02    5.092357993125916e-01   -1.114141009747982e-02
    vertex    3.861476853489876e-02    5.096095800399780e-01   -8.675579912960529e-03
  endloop
endfacet
facet normal    8.363426920939646e-01    2.290534084974776e-01   -4.980616803536562e-01
  outer loop
    vertex    3.617145866155624e-02    5.116397142410278e-01   -1.200012955814600e-02
    vertex    3.585769981145859e-02    5.127604007720947e-01   -1.201159972697496e-02
    vertex    3.884553909301758e-02    5.108528137207031e-01   -7.871714420616627e-03
  endloop
endfacet
facet normal    3.685562391061555e-01    9.216109061707156e-01    1.216537555652056e-01
  outer loop
    vertex    2.835699915885925e-02    5.165281891822815e-01   -5.349428858608007e-03
    vertex    2.885477989912033e-02    5.161361098289490e-01   -3.887210041284561e-03
    vertex    3.815213963389397e-02    5.120205879211426e-01   -8.761239005252719e-04
  endloop
endfacet
facet normal   -2.526223881477443e-01    8.774410559529292e-01   -4.077733712918719e-01
  outer loop
    vertex    2.892502024769783e-02    5.205361247062683e-01   -1.439765002578497e-02
    vertex    2.789106033742427e-02    5.195267796516418e-01   -1.592898927628994e-02
    vertex    2.825723029673099e-02    5.203620195388794e-01   -1.435858011245728e-02
  endloop
endfacet
facet normal    1.339022779265889e-01   -9.142542400638700e-01   -3.823733313024143e-01
  outer loop
    vertex    8.810545317828655e-03    5.086743831634521e-01   -9.122559800744057e-03
    vertex    2.743134042248129e-03    5.051230788230896e-01   -2.756125060841441e-03
    vertex    6.941035855561494e-03    5.082967877388000e-01   -8.874407969415188e-03
  endloop
endfacet
facet normal    1.440802011209076e-01   -9.895635027734923e-01   -2.229265263598514e-03
  outer loop
    vertex   -1.892279647290708e-02    5.089545845985413e-01   -3.315225105378369e-23
    vertex   -1.922171935439112e-02    5.089222788810730e-01   -4.979358054697514e-03
    vertex   -1.759806461632253e-02    5.091474652290344e-01    1.351938235475731e-20
  endloop
endfacet
facet normal    9.286225662314016e-01    2.202313769285348e-01    2.985938212722559e-01
  outer loop
    vertex    2.247063070535659e-02    5.174130201339722e-01   -2.697237953543663e-02
    vertex    2.147966064512729e-02    5.192720293998718e-01   -2.526161074638367e-02
    vertex    2.132873982191085e-02    5.153378248214722e-01   -2.189053036272526e-02
  endloop
endfacet
facet normal    1.650272898557693e-01   -9.862867924834263e-01   -2.087241149175039e-03
  outer loop
    vertex   -1.384092960506679e-02    5.097864866256714e-01   -5.254731047898531e-03
    vertex   -1.346882525831462e-02    5.098376274108887e-01   -3.312158018271277e-23
    vertex   -1.749775931239130e-02    5.091634988784790e-01    2.574648717280712e-19
  endloop
endfacet
facet normal    8.249532234872843e-01   -5.321543984819161e-01   -1.904307623108427e-01
  outer loop
    vertex    3.678119927644730e-02    4.994775950908661e-01   -8.588132448494434e-03
    vertex    3.777178004384041e-02    4.989860951900483e-01   -2.923414111137390e-03
    vertex    3.648447990417480e-02    4.990251958370209e-01   -8.609312586486340e-03
  endloop
endfacet
facet normal    8.850248215648827e-01   -4.242985002509082e-01   -1.915772635227821e-01
  outer loop
    vertex    3.811885043978691e-02    4.998156130313874e-01   -3.157248022034764e-03
    vertex    3.777178004384041e-02    4.989860951900483e-01   -2.923414111137390e-03
    vertex    3.678119927644730e-02    4.994775950908661e-01   -8.588132448494434e-03
  endloop
endfacet
facet normal    7.488007364140983e-01   -4.692065541986297e-01   -4.681267634335303e-01
  outer loop
    vertex    3.678119927644730e-02    4.994775950908661e-01   -8.588132448494434e-03
    vertex    3.648447990417480e-02    4.990251958370209e-01   -8.609312586486340e-03
    vertex    3.385047987103462e-02    5.008664727210999e-01   -1.466809958219528e-02
  endloop
endfacet
facet normal   -5.158851436441186e-01    7.153779853959580e-01    4.712715316864657e-01
  outer loop
    vertex    2.500195987522602e-02    5.184034109115601e-01   -9.418452158570290e-03
    vertex    2.670178934931755e-02    5.181788802146912e-01   -7.216874044388533e-03
    vertex    2.734722010791301e-02    5.215693116188049e-01   -1.165692973881960e-02
  endloop
endfacet
facet normal    4.867617613366972e-01    6.739556960246557e-01   -5.557397839783634e-01
  outer loop
    vertex    2.414307929575443e-02    5.132201910018921e-01   -2.489697933197021e-02
    vertex    2.549012936651706e-02    5.114973783493042e-01   -2.580641023814678e-02
    vertex    2.249878086149692e-02    5.108107924461365e-01   -2.925910986959934e-02
  endloop
endfacet
facet normal   -4.928379420325605e-01    8.573383037007352e-01   -1.485994478477513e-01
  outer loop
    vertex    1.222412008792162e-02    5.174180269241333e-01   -1.793755032122135e-02
    vertex    1.439278014004230e-02    5.195503234863281e-01   -1.282783038914204e-02
    vertex    1.257750019431114e-02    5.170444846153259e-01   -2.126469090580940e-02
  endloop
endfacet
facet normal   -5.831535182694166e-02    1.281006156444912e-01   -9.900452272562109e-01
  outer loop
    vertex   -1.248050015419723e-02    5.107465982437134e-01   -5.726390983909369e-03
    vertex   -1.946504972875120e-02    5.092713236808777e-01   -5.505872890353203e-03
    vertex   -1.782372035086157e-02    5.101531147956848e-01   -5.488456226885319e-03
  endloop
endfacet
facet normal   -8.266916737789937e-01    3.505559997383061e-01   -4.401038145164872e-01
  outer loop
    vertex    1.083584968000650e-02    5.158203840255737e-01   -1.931313984096050e-02
    vertex    7.860910147428513e-03    5.138102769851685e-01   -1.532611995935440e-02
    vertex    6.683453917503356e-03    5.137400031089783e-01   -1.317035965621471e-02
  endloop
endfacet
facet normal   -7.755684300855212e-01    6.242278313895451e-01   -9.398523699701815e-02
  outer loop
    vertex    1.031207013875246e-02    5.144624114036560e-01   -2.020432054996490e-02
    vertex    8.948955684900284e-03    5.122972726821899e-01   -2.333620935678482e-02
    vertex    4.819435067474841e-03    5.084279179573059e-01   -1.495864987373352e-02
  endloop
endfacet
facet normal   -8.280434878303025e-01    5.373564852784685e-01   -1.599749667635492e-01
  outer loop
    vertex    4.819435067474841e-03    5.084279179573059e-01   -1.495864987373352e-02
    vertex    8.948955684900284e-03    5.122972726821899e-01   -2.333620935678482e-02
    vertex    3.865177975967526e-03    5.071604847908020e-01   -1.427664980292320e-02
  endloop
endfacet
facet normal   -5.290838812657863e-01    1.309032817098181e-01   -8.384119377861524e-01
  outer loop
    vertex    1.370809972286224e-02    5.140106081962585e-01   -2.658630907535553e-02
    vertex    7.917420938611031e-03    5.093032121658325e-01   -2.366705052554607e-02
    vertex    9.728330187499523e-03    5.127574801445007e-01   -2.427051030099392e-02
  endloop
endfacet
facet normal   -3.932197616187623e-01   -3.369511500046248e-01   -8.554777271110244e-01
  outer loop
    vertex    1.788284070789814e-02    5.102133750915527e-01   -2.879484929144382e-02
    vertex    6.447175983339547e-03    5.081468224525452e-01   -2.272449061274529e-02
    vertex    1.842927001416683e-02    5.109646916389465e-01   -2.934193983674049e-02
  endloop
endfacet
facet normal   -2.290007270228810e-01    9.292529868730354e-01    2.899095607435778e-01
  outer loop
    vertex    1.541842985898256e-02    5.175796151161194e-01   -2.010207064449787e-02
    vertex    1.713564060628414e-02    5.166277885437012e-01   -1.569472998380661e-02
    vertex    1.793944090604782e-02    5.167816281318665e-01   -1.555291004478931e-02
  endloop
endfacet
facet normal   -3.074571951201888e-01   -9.379765289191374e-01   -1.602189263652470e-01
  outer loop
    vertex    2.079840935766697e-02    5.035312175750732e-01   -1.107108034193516e-02
    vertex    3.051885962486267e-02    5.006440281867981e-01   -1.282185036689043e-02
    vertex    2.306563034653663e-02    5.023136734962463e-01   -8.293915539979935e-03
  endloop
endfacet
facet normal   -4.161080329068327e-01   -8.341554145654045e-01   -3.619928857058168e-01
  outer loop
    vertex    1.958180963993072e-02    5.040801167488098e-01   -1.093745976686478e-02
    vertex    2.871029078960418e-02    5.014935135841370e-01   -1.547016017138958e-02
    vertex    2.079840935766697e-02    5.035312175750732e-01   -1.107108034193516e-02
  endloop
endfacet
facet normal   -6.400233755590840e-02   -9.977218357023411e-01   -2.132696298421577e-02
  outer loop
    vertex   -3.029643092304469e-03    5.089172124862671e-01   -7.977166213095188e-03
    vertex    4.636384081095456e-03    5.084586143493652e-01   -9.528736583888531e-03
    vertex    6.941035855561494e-03    5.082967877388000e-01   -8.874407969415188e-03
  endloop
endfacet
facet normal    3.243406725095185e-01   -9.284995309515837e-01    1.808085981881463e-01
  outer loop
    vertex    1.931340992450714e-02    5.105149149894714e-01   -2.751933969557285e-02
    vertex    2.106473036110401e-02    5.117728114128113e-01   -2.420129068195820e-02
    vertex    2.000913955271244e-02    5.116518139839172e-01   -2.292908914387226e-02
  endloop
endfacet
facet normal   -4.245279850630781e-01   -8.890700006167501e-01   -1.712615657455433e-01
  outer loop
    vertex    2.778968960046768e-02    5.092133879661560e-01   -2.223950996994972e-02
    vertex    2.199484035372734e-02    5.117092132568359e-01   -2.083165012300014e-02
    vertex    2.184757962822914e-02    5.120127797126770e-01   -2.204252034425735e-02
  endloop
endfacet
facet normal    9.821249201681782e-01   -1.790211615101532e-01   -5.815552352275077e-02
  outer loop
    vertex    3.925860300660133e-02    5.056843161582947e-01   -3.282506300241048e-23
    vertex    3.962820023298264e-02    5.079143047332764e-01   -6.228900747373700e-04
    vertex    3.979462385177612e-02    5.086249709129333e-01   -3.282204864407668e-23
  endloop
endfacet
facet normal    9.754480618318107e-01   -2.151488587923341e-01   -4.703240615703408e-02
  outer loop
    vertex    3.821516036987305e-02    4.999146461486817e-01   -3.283093088987344e-23
    vertex    3.810074925422668e-02    4.997049868106843e-01   -1.413794001564384e-03
    vertex    3.849393501877785e-02    5.011785626411438e-01   -3.282936317714077e-23
  endloop
endfacet
facet normal   -1.822798847562945e-01    7.650247888364758e-01    6.176658611894764e-01
  outer loop
    vertex   -2.415608055889608e-02    5.203580856323242e-01   -1.063633972080424e-04
    vertex   -2.418015711009504e-02    5.202664732933044e-01    1.354920897444174e-19
    vertex   -2.402180619537832e-02    5.203042030334473e-01    2.707187338636683e-20
  endloop
endfacet
facet normal   -3.986782994828379e-01    5.063806486162453e-01   -7.646137928578475e-01
  outer loop
    vertex   -4.501237068325282e-03    5.142948031425476e-01   -5.891502834856510e-03
    vertex    4.461480770260095e-03    5.139006972312927e-01   -1.082576997578144e-02
    vertex   -5.095848813653007e-03    5.133427977561951e-01   -6.211949978023767e-03
  endloop
endfacet
facet normal   -3.317426738192417e-01    9.013903806836608e-01    2.782843509402301e-01
  outer loop
    vertex    1.939653977751732e-02    5.196928977966309e-01   -2.154996991157532e-02
    vertex    1.940719038248062e-02    5.188732147216797e-01   -1.888223923742771e-02
    vertex    2.190062962472438e-02    5.211616754531860e-01   -2.332236059010029e-02
  endloop
endfacet
facet normal   -5.814389517554748e-01   -8.102092828400023e-01   -7.409226262831879e-02
  outer loop
    vertex    1.958180963993072e-02    5.040801167488098e-01   -1.093745976686478e-02
    vertex    2.080786041915416e-02    5.025287270545959e-01   -3.594228066504002e-03
    vertex    1.884507015347480e-02    5.045930743217468e-01   -1.076516043394804e-02
  endloop
endfacet
facet normal   -5.515860109360415e-01   -8.225092789034063e-01   -1.386771742481933e-01
  outer loop
    vertex    1.995912939310074e-02    5.026171207427979e-01   -7.426879019476473e-04
    vertex    2.080786041915416e-02    5.025287270545959e-01   -3.594228066504002e-03
    vertex    2.062156982719898e-02    5.020624995231628e-01   -8.801474905340001e-05
  endloop
endfacet
facet normal    1.228919814450791e-01   -9.693934062100188e-01   -2.125417250636678e-01
  outer loop
    vertex    1.803738996386528e-02    5.111879706382751e-01   -1.851910911500454e-02
    vertex    1.134038995951414e-02    5.088201761245728e-01   -1.159191969782114e-02
    vertex    1.616224087774753e-02    5.107297897338867e-01   -1.751358062028885e-02
  endloop
endfacet
facet normal    6.004518973706386e-01    7.946045731113140e-01   -8.978358054001992e-02
  outer loop
    vertex    3.534428030252457e-02    5.136123895645142e-01   -1.027362979948521e-02
    vertex    3.835314139723778e-02    5.116484761238098e-01   -7.532129064202309e-03
    vertex    3.602961823344231e-02    5.130072236061096e-01   -1.104610040783882e-02
  endloop
endfacet
facet normal   -3.094818810331285e-01    7.958451849058817e-01   -5.204338641694248e-01
  outer loop
    vertex    1.734595000743866e-02    5.173031091690063e-01   -2.793426997959614e-02
    vertex    2.091114036738872e-02    5.198221206665039e-01   -2.620228938758373e-02
    vertex    1.813058927655220e-02    5.173937082290649e-01   -2.826232090592384e-02
  endloop
endfacet
facet normal    5.936155913402420e-02   -9.148596362727323e-01    3.993845906092295e-01
  outer loop
    vertex    4.636384081095456e-03    5.084586143493652e-01   -9.528736583888531e-03
    vertex    2.597291953861713e-03    5.075830817222595e-01   -1.123122032731771e-02
    vertex    7.996380329132080e-03    5.084993243217468e-01   -9.934888221323490e-03
  endloop
endfacet
facet normal   -4.515172357963310e-01   -8.922578790188577e-01    2.839561164995747e-03
  outer loop
    vertex   -2.358489669859411e-02    5.093461275100708e-01   -3.317846877113454e-23
    vertex   -2.352255024015905e-02    5.092999935150146e-01   -4.582722205668688e-03
    vertex   -2.334308065474035e-02    5.092237591743469e-01   -3.317710889801418e-23
  endloop
endfacet
facet normal   -1.452530371829771e-01   -9.887812528739649e-01   -3.483086496360349e-02
  outer loop
    vertex    3.443191200494766e-02    4.986601769924164e-01   -3.285220630878234e-23
    vertex    3.445696830749512e-02    4.986596107482911e-01   -8.841619273880497e-05
    vertex    3.453679755330086e-02    4.986447691917420e-01   -3.285161647597200e-23
  endloop
endfacet
facet normal    9.807766673942490e-01   -1.506825158367123e-01   -1.239834993704798e-01
  outer loop
    vertex    3.811885043978691e-02    4.998156130313874e-01   -3.157248022034764e-03
    vertex    3.846364095807076e-02    5.040658712387085e-01   -5.595291033387184e-03
    vertex    3.915327042341232e-02    5.083509087562561e-01   -5.347739905118942e-03
  endloop
endfacet
facet normal    5.794904043996104e-01   -6.227151944828857e-02   -8.125965352340467e-01
  outer loop
    vertex    3.456494957208633e-02    5.016670823097229e-01   -1.421993970870972e-02
    vertex    3.385047987103462e-02    5.008664727210999e-01   -1.466809958219528e-02
    vertex    3.396080061793327e-02    5.022956728935242e-01   -1.469894964247942e-02
  endloop
endfacet
facet normal    2.767775167342255e-01   -1.766590163690813e-01   -9.445558735013743e-01
  outer loop
    vertex    3.092627041041851e-02    5.027465820312500e-01   -1.627226918935776e-02
    vertex    2.993699908256530e-02    5.027871131896973e-01   -1.656972989439964e-02
    vertex    2.885773032903671e-02    5.071154832839966e-01   -1.769551075994968e-02
  endloop
endfacet
facet normal    5.541626920698742e-01    6.307535462000432e-01    5.431884338550846e-01
  outer loop
    vertex    2.724340930581092e-02    5.179644823074341e-01   -6.996483076363802e-03
    vertex    2.813467010855674e-02    5.171440243721008e-01   -6.953029893338680e-03
    vertex    2.814083918929100e-02    5.214725732803345e-01   -1.198565959930420e-02
  endloop
endfacet
facet normal    3.315326853679192e-01    7.426676167921943e-01    5.818340738569192e-01
  outer loop
    vertex    2.734722010791301e-02    5.215693116188049e-01   -1.165692973881960e-02
    vertex    2.724340930581092e-02    5.179644823074341e-01   -6.996483076363802e-03
    vertex    2.814083918929100e-02    5.214725732803345e-01   -1.198565959930420e-02
  endloop
endfacet
facet normal    3.683120643730851e-01   -9.037998674877262e-01   -2.179266453795975e-01
  outer loop
    vertex    2.823504060506820e-02    5.070742964744568e-01   -1.857708953320980e-02
    vertex    2.885773032903671e-02    5.071154832839966e-01   -1.769551075994968e-02
    vertex    2.782735973596573e-02    5.066941976547241e-01   -1.768972910940647e-02
  endloop
endfacet
facet normal    2.646891227801929e-01    5.308021567150651e-01   -8.051016946376944e-01
  outer loop
    vertex    2.690847963094711e-02    5.133354067802429e-01   -1.860281080007553e-02
    vertex    2.969129011034965e-02    5.139409899711609e-01   -1.728866063058376e-02
    vertex    2.964068949222564e-02    5.128455162048340e-01   -1.802754029631615e-02
  endloop
endfacet
facet normal    1.001247371395933e-01    3.810433379468288e-01   -9.191196938479048e-01
  outer loop
    vertex    2.789106033742427e-02    5.195267796516418e-01   -1.592898927628994e-02
    vertex    2.690847963094711e-02    5.133354067802429e-01   -1.860281080007553e-02
    vertex    2.612774074077606e-02    5.133033990859985e-01   -1.870113052427769e-02
  endloop
endfacet
facet normal    3.949544583196075e-02    3.972210194453893e-01   -9.168727127956749e-01
  outer loop
    vertex    2.718753926455974e-02    5.192543268203735e-01   -1.607733033597469e-02
    vertex    2.789106033742427e-02    5.195267796516418e-01   -1.592898927628994e-02
    vertex    2.612774074077606e-02    5.133033990859985e-01   -1.870113052427769e-02
  endloop
endfacet
facet normal    3.922963931142064e-02    5.078651413638848e-01   -8.605428714404280e-01
  outer loop
    vertex    2.407185919582843e-02    5.162823796272278e-01   -1.656218990683556e-02
    vertex    2.386845089495182e-02    5.138723254203796e-01   -1.799380034208298e-02
    vertex    2.352211065590381e-02    5.159273147583008e-01   -1.679679937660694e-02
  endloop
endfacet
facet normal    6.105414316674426e-01    4.530341311556510e-01    6.496146828894140e-01
  outer loop
    vertex    2.040502987802028e-02    5.192747712135315e-01   -1.949252933263779e-02
    vertex    2.068915963172912e-02    5.187873244285583e-01   -1.941962912678719e-02
    vertex    2.297431975603103e-02    5.209317803382874e-01   -2.306286059319973e-02
  endloop
endfacet
facet normal    9.692319281537762e-01   -1.578878967396230e-01    1.888408894028283e-01
  outer loop
    vertex    2.143494971096515e-02    5.161905288696289e-01   -2.172271907329559e-02
    vertex    2.131555043160915e-02    5.162631273269653e-01   -2.104919962584972e-02
    vertex    2.132873982191085e-02    5.153378248214722e-01   -2.189053036272526e-02
  endloop
endfacet
facet normal    9.635053402271424e-01   -2.077908563366665e-01   -1.687614273957571e-01
  outer loop
    vertex    2.147966064512729e-02    5.192720293998718e-01   -2.526161074638367e-02
    vertex    2.165465056896209e-02    5.197625756263733e-01   -2.486653998494148e-02
    vertex    2.143494971096515e-02    5.161905288696289e-01   -2.172271907329559e-02
  endloop
endfacet
facet normal    7.235903675318995e-01   -1.809702320169949e-01   -6.660831443136552e-01
  outer loop
    vertex    2.109736949205398e-02    5.202677249908447e-01   -2.560918033123016e-02
    vertex    2.305487915873527e-02    5.210747122764587e-01   -2.370191924273968e-02
    vertex    2.165465056896209e-02    5.197625756263733e-01   -2.486653998494148e-02
  endloop
endfacet
facet normal    2.698133313931142e-01    9.500155242477787e-01    1.570709072068023e-01
  outer loop
    vertex    2.611717022955417e-02    5.170075297355652e-01   -2.891398966312408e-03
    vertex    2.696930058300495e-02    5.171837210655212e-01   -5.420833826065063e-03
    vertex    2.500195987522602e-02    5.184034109115601e-01   -9.418452158570290e-03
  endloop
endfacet
facet normal   -8.905959605406122e-01    4.507599162734271e-01    6.045107898058844e-02
  outer loop
    vertex    2.023988030850887e-02    5.059673190116882e-01   -3.634206950664520e-03
    vertex    1.976766996085643e-02    5.046588778495789e-01   -8.345182868652046e-04
    vertex    2.419858053326606e-02    5.136718153953552e-01   -2.762025920674205e-03
  endloop
endfacet
facet normal   -9.873725922376614e-01   -1.253434704475107e-01   -9.687300198742248e-02
  outer loop
    vertex    1.990550942718982e-02    5.032970905303955e-01   -3.880989970639348e-03
    vertex    1.959276013076305e-02    5.033823251724243e-01   -8.035951177589595e-04
    vertex    1.974599994719028e-02    5.048682093620300e-01   -4.288061056286097e-03
  endloop
endfacet
facet normal   -6.779488415592688e-01    2.993857983536479e-01   -6.713817930005209e-01
  outer loop
    vertex    2.150944061577320e-02    5.097879171371460e-01   -1.078470982611179e-02
    vertex    2.209624089300632e-02    5.129743814468384e-01   -9.956326335668564e-03
    vertex    2.360356971621513e-02    5.159798860549927e-01   -1.013816986232996e-02
  endloop
endfacet
facet normal   -1.836662930821203e-01    1.978459705564722e-01    9.628726108473749e-01
  outer loop
    vertex    1.756390929222107e-02    5.055704116821289e-01   -1.014610007405281e-02
    vertex    1.870699971914291e-02    5.048571228981018e-01   -9.781494736671448e-03
    vertex    1.869750022888183e-02    5.063130855560303e-01   -1.008247025310993e-02
  endloop
endfacet
facet normal    4.850805493752729e-01   -4.647915137189750e-02    8.732333875348168e-01
  outer loop
    vertex    1.062158029526472e-02    5.098829865455627e-01   -9.878465905785561e-03
    vertex    1.112576015293598e-02    5.091301202774048e-01   -1.019860990345478e-02
    vertex    1.508282031863928e-02    5.190511941909790e-01   -1.186869014054537e-02
  endloop
endfacet
facet normal    6.877796664976257e-01    8.070565455429284e-02    7.214192454290209e-01
  outer loop
    vertex    1.496329996734858e-02    5.198209881782532e-01   -1.184086035937071e-02
    vertex    1.508282031863928e-02    5.190511941909790e-01   -1.186869014054537e-02
    vertex    1.586068980395794e-02    5.195869207382202e-01   -1.267021987587214e-02
  endloop
endfacet
facet normal    7.054072358020151e-01    8.407961712074667e-02    7.037977334881015e-01
  outer loop
    vertex    1.441635005176067e-02    5.189620852470398e-01   -1.119005028158426e-02
    vertex    1.508282031863928e-02    5.190511941909790e-01   -1.186869014054537e-02
    vertex    1.496329996734858e-02    5.198209881782532e-01   -1.184086035937071e-02
  endloop
endfacet
facet normal    6.746858216578628e-01   -3.777686079610820e-01    6.341056070505927e-01
  outer loop
    vertex    1.017952989786863e-02    5.086330771446228e-01   -1.015275996178389e-02
    vertex    1.062158029526472e-02    5.098829865455627e-01   -9.878465905785561e-03
    vertex    1.013823971152306e-02    5.105525851249695e-01   -8.965279906988144e-03
  endloop
endfacet
facet normal    8.503543672388150e-01   -2.637126714238400e-01    4.553603815093891e-01
  outer loop
    vertex    8.712902665138245e-03    5.172392129898071e-01   -1.754950964823365e-03
    vertex    9.609719738364220e-03    5.176445841789246e-01   -3.194933058694005e-03
    vertex    9.347419254481792e-03    5.184615254402161e-01   -2.231989987194538e-03
  endloop
endfacet
facet normal    4.282765918066209e-01   -6.789397419518458e-01    5.963388195555158e-01
  outer loop
    vertex    9.400553070008755e-03    5.094376802444458e-01   -8.677265606820583e-03
    vertex    8.810545317828655e-03    5.086743831634521e-01   -9.122559800744057e-03
    vertex    1.017952989786863e-02    5.086330771446228e-01   -1.015275996178389e-02
  endloop
endfacet
facet normal    8.043169859964406e-01   -3.564934581503243e-01    4.753804795462519e-01
  outer loop
    vertex    8.495161309838295e-03    5.108014941215515e-01   -5.998624023050070e-03
    vertex    5.723935086280107e-03    5.085613727569580e-01   -2.989758970215917e-03
    vertex    1.013823971152306e-02    5.105525851249695e-01   -8.965279906988144e-03
  endloop
endfacet
facet normal    7.938110556695454e-01   -4.089469294380428e-01    4.501404411958543e-01
  outer loop
    vertex    5.723935086280107e-03    5.085613727569580e-01   -2.989758970215917e-03
    vertex    9.400553070008755e-03    5.094376802444458e-01   -8.677265606820583e-03
    vertex    1.013823971152306e-02    5.105525851249695e-01   -8.965279906988144e-03
  endloop
endfacet
facet normal    9.699677405315955e-02    2.156672804601004e-01    9.716374066297698e-01
  outer loop
    vertex    1.421711966395378e-02    5.089368224143982e-01   -1.046430971473455e-02
    vertex    1.794460043311119e-02    5.147886276245117e-01   -1.213529985398054e-02
    vertex    1.112576015293598e-02    5.091301202774048e-01   -1.019860990345478e-02
  endloop
endfacet
facet normal   -4.895033270070656e-02    1.782921407255535e-01    9.827592673101534e-01
  outer loop
    vertex    2.115714922547340e-02    5.093023180961609e-01   -1.097995974123478e-02
    vertex    1.939547993242740e-02    5.146015882492065e-01   -1.202910020947456e-02
    vertex    1.794460043311119e-02    5.147886276245117e-01   -1.213529985398054e-02
  endloop
endfacet
facet normal   -4.015864778031239e-01    5.502440227765947e-01    7.320927647807423e-01
  outer loop
    vertex    1.756390929222107e-02    5.055704116821289e-01   -1.014610007405281e-02
    vertex    1.869750022888183e-02    5.063130855560303e-01   -1.008247025310993e-02
    vertex    2.115714922547340e-02    5.093023180961609e-01   -1.097995974123478e-02
  endloop
endfacet
facet normal    2.214765633084685e-01    8.708206913424200e-01   -4.388843303593554e-01
  outer loop
    vertex   -2.366534993052484e-02    5.199447274208069e-01   -6.788959144614637e-04
    vertex   -2.415608055889608e-02    5.203580856323242e-01   -1.063633972080424e-04
    vertex   -1.948981918394567e-02    5.189021825790405e-01   -6.403605220839381e-04
  endloop
endfacet
facet normal    8.118198016197847e-02    9.372066924293793e-01   -3.391947843976423e-01
  outer loop
    vertex   -6.008846219629064e-03    5.182480812072754e-01   -6.303184782154858e-04
    vertex   -2.614882076159120e-03    5.181651115417480e-01   -4.726410043076612e-05
    vertex   -4.379665944725276e-03    5.180718898773193e-01   -7.272174116224051e-04
  endloop
endfacet
facet normal    2.391794642289065e-02    8.724015923029860e-01   -4.882042539615221e-01
  outer loop
    vertex   -2.368368953466417e-02    5.175381898880005e-01   -3.146399045363069e-03
    vertex   -1.819851994514467e-02    5.187010169029236e-01   -7.997457287274301e-04
    vertex   -1.730315946042539e-02    5.173465013504028e-01   -3.176345955580473e-03
  endloop
endfacet
facet normal   -7.722126040556640e-02    8.158150320326574e-01   -5.731341120984949e-01
  outer loop
    vertex   -2.924483967944981e-03    5.178685188293457e-01   -1.015773043036461e-03
    vertex   -4.735458176583053e-03    5.150011181831360e-01   -4.853309132158756e-03
    vertex   -6.188939791172758e-03    5.152472257614136e-01   -4.307157825678587e-03
  endloop
endfacet
facet normal   -1.932596911835433e-01    8.350680008019161e-01   -5.150845812100499e-01
  outer loop
    vertex   -4.735458176583053e-03    5.150011181831360e-01   -4.853309132158756e-03
    vertex   -9.181643254123638e-04    5.180597901344299e-01   -1.326762023381889e-03
    vertex   -3.103961935266853e-03    5.150179266929626e-01   -5.438196007162333e-03
  endloop
endfacet
facet normal   -3.600839046685019e-01    9.126149847354920e-01   -1.935806582149236e-01
  outer loop
    vertex    1.439278014004230e-02    5.195503234863281e-01   -1.282783038914204e-02
    vertex    1.345933973789215e-02    5.174612998962402e-01   -2.093999087810516e-02
    vertex    1.257750019431114e-02    5.170444846153259e-01   -2.126469090580940e-02
  endloop
endfacet
facet normal   -6.266975960429602e-01    7.400639185425343e-01   -2.440399958724877e-01
  outer loop
    vertex    6.727925036102532e-03    5.144317746162415e-01   -1.201520022004843e-02
    vertex    9.480349719524384e-03    5.159609913825989e-01   -1.444603037089109e-02
    vertex    8.306226693093777e-03    5.150607228279114e-01   -1.416097953915596e-02
  endloop
endfacet
facet normal   -2.932191735029594e-01    2.924775052088780e-01   -9.102084515302152e-01
  outer loop
    vertex   -5.747491028159872e-03    5.102850794792175e-01   -6.984564010053873e-03
    vertex   -6.888906937092557e-03    5.137267112731934e-01   -5.510962102562189e-03
    vertex   -5.095848813653007e-03    5.133427977561951e-01   -6.211949978023767e-03
  endloop
endfacet
facet normal   -1.806006289995184e-01   -1.944460174210557e-01   -9.641442626049634e-01
  outer loop
    vertex   -1.196361985057594e-02    5.100011229515076e-01   -5.672866012901068e-03
    vertex   -1.248050015419723e-02    5.107465982437134e-01   -5.726390983909369e-03
    vertex   -7.358278147876277e-03    5.100666880607605e-01   -6.548747885972261e-03
  endloop
endfacet
facet normal   -7.226608246323178e-01    3.394928349125116e-01   -6.020846681196962e-01
  outer loop
    vertex    4.364395048469304e-03    5.082591176033020e-01   -1.347734034061432e-02
    vertex    5.739157088100909e-03    5.137090086936951e-01   -1.205443032085896e-02
    vertex    6.683453917503356e-03    5.137400031089783e-01   -1.317035965621471e-02
  endloop
endfacet
facet normal   -8.284139943205642e-01    3.869083454433763e-01   -4.050088718042081e-01
  outer loop
    vertex    9.201891720294952e-03    5.138096213340759e-01   -1.806961931288242e-02
    vertex    4.364395048469304e-03    5.082591176033020e-01   -1.347734034061432e-02
    vertex    7.860910147428513e-03    5.138102769851685e-01   -1.532611995935440e-02
  endloop
endfacet
facet normal   -2.538345599087385e-01    2.681793101501340e-01   -9.293265700513115e-01
  outer loop
    vertex    1.828661002218723e-02    5.159763097763062e-01   -2.871396020054817e-02
    vertex    1.688545010983944e-02    5.165671110153198e-01   -2.816076017916203e-02
    vertex    1.813058927655220e-02    5.173937082290649e-01   -2.826232090592384e-02
  endloop
endfacet
facet normal    5.025808406696342e-01    8.555033401791819e-01   -1.246055116520401e-01
  outer loop
    vertex    1.713564060628414e-02    5.166277885437012e-01   -1.569472998380661e-02
    vertex    1.456231996417046e-02    5.177062749862671e-01   -1.866934075951576e-02
    vertex    1.754727959632873e-02    5.166566967964172e-01   -1.383596006780863e-02
  endloop
endfacet
facet normal   -1.227935343391050e-01    9.812527609325132e-01    1.485421390947064e-01
  outer loop
    vertex    1.345933973789215e-02    5.174612998962402e-01   -2.093999087810516e-02
    vertex    1.541842985898256e-02    5.175796151161194e-01   -2.010207064449787e-02
    vertex    1.402300037443638e-02    5.177041292190552e-01   -2.207813970744610e-02
  endloop
endfacet
facet normal   -4.205928557263379e-01    8.551417539262408e-01   -3.030416314698634e-01
  outer loop
    vertex    1.361104007810354e-02    5.176157951354980e-01   -2.270225062966347e-02
    vertex    2.109736949205398e-02    5.202677249908447e-01   -2.560918033123016e-02
    vertex    1.558285020291805e-02    5.179011225700378e-01   -2.463378012180328e-02
  endloop
endfacet
facet normal   -4.190655249313042e-01   -5.846907213875506e-01   -6.946372046884302e-01
  outer loop
    vertex    1.888353005051613e-02    5.053542852401733e-01   -1.177407987415791e-02
    vertex    2.593321911990642e-02    5.063108205795288e-01   -1.683220081031322e-02
    vertex    2.048286981880664e-02    5.043854713439941e-01   -1.192346960306168e-02
  endloop
endfacet
facet normal   -5.299425728553114e-01   -5.420777771136016e-01   -6.521599136983732e-01
  outer loop
    vertex    1.884507015347480e-02    5.045930743217468e-01   -1.076516043394804e-02
    vertex    2.048286981880664e-02    5.043854713439941e-01   -1.192346960306168e-02
    vertex    1.958180963993072e-02    5.040801167488098e-01   -1.093745976686478e-02
  endloop
endfacet
facet normal    4.143998276824860e-01   -8.950739337741557e-01    1.646676528489567e-01
  outer loop
    vertex    2.030936069786548e-02    5.103585124015808e-01   -2.998795919120312e-02
    vertex    2.189858071506023e-02    5.111845135688782e-01   -2.949751913547516e-02
    vertex    2.106473036110401e-02    5.117728114128113e-01   -2.420129068195820e-02
  endloop
endfacet
facet normal   -8.047820401553483e-02   -9.716120409684507e-01   -2.224708981497482e-01
  outer loop
    vertex   -3.029643092304469e-03    5.089172124862671e-01   -7.977166213095188e-03
    vertex    6.941035855561494e-03    5.082967877388000e-01   -8.874407969415188e-03
    vertex    1.243246020749210e-03    5.085777044296265e-01   -8.040115237236023e-03
  endloop
endfacet
facet normal   -2.401363650251031e-01   -9.705847248023313e-01   -1.731525838425093e-02
  outer loop
    vertex   -4.085877910256387e-03    5.091775059700012e-01   -7.919210940599442e-03
    vertex    2.597291953861713e-03    5.075830817222595e-01   -1.123122032731771e-02
    vertex   -3.029643092304469e-03    5.089172124862671e-01   -7.977166213095188e-03
  endloop
endfacet
facet normal   -2.930406628155966e-01   -8.797189703525639e-01   -3.744618847605465e-01
  outer loop
    vertex   -6.846194155514255e-03    5.094919204711914e-01   -6.497735157608986e-03
    vertex   -4.085877910256387e-03    5.091775059700012e-01   -7.919210940599442e-03
    vertex   -6.664137821644559e-03    5.092095136642456e-01   -5.976750981062651e-03
  endloop
endfacet
facet normal   -2.764095343894499e-01   -4.902224051886520e-01   -8.266073812576684e-01
  outer loop
    vertex   -6.664137821644559e-03    5.092095136642456e-01   -5.976750981062651e-03
    vertex   -3.668138058856131e-03    5.086184144020081e-01   -6.628030911087990e-03
    vertex   -5.248043220490232e-03    5.087845921516418e-01   -6.198278162628412e-03
  endloop
endfacet
facet normal    4.830418819586055e-01   -8.754936168474926e-01    1.347097372815086e-02
  outer loop
    vertex    3.546908963471650e-03    5.053294897079468e-01   -2.468116115778685e-03
    vertex    3.684309776872396e-03    5.054432749748230e-01   -3.302511806747837e-23
    vertex    3.272387664765119e-03    5.052160024642944e-01    2.168074070625544e-19
  endloop
endfacet
facet normal   -2.764698327852086e-01   -9.592941326790386e-01   -5.761248620993411e-02
  outer loop
    vertex    2.502463012933731e-02    5.012608170509338e-01   -4.475766792893410e-03
    vertex    2.279775962233543e-02    5.018467903137207e-01   -3.546423045918345e-03
    vertex    2.183490060269832e-02    5.022218227386475e-01   -5.170462187379599e-03
  endloop
endfacet
facet normal   -3.235032249105368e-01   -9.458524522450199e-01   -2.662333665349004e-02
  outer loop
    vertex    2.183490060269832e-02    5.022218227386475e-01   -5.170462187379599e-03
    vertex    2.279775962233543e-02    5.018467903137207e-01   -3.546423045918345e-03
    vertex    2.080786041915416e-02    5.025287270545959e-01   -3.594228066504002e-03
  endloop
endfacet
facet normal   -1.608741145992873e-01   -9.869749303839277e-01   -7.775304791868704e-05
  outer loop
    vertex    3.505598008632660e-02    4.985876083374024e-01   -8.452898822724819e-03
    vertex    3.402991965413094e-02    4.987544119358063e-01   -2.850627992302179e-03
    vertex    3.373361006379128e-02    4.988031089305878e-01   -7.920140400528908e-03
  endloop
endfacet
facet normal   -7.241308274991654e-01    4.549072955943789e-01    5.183569205483636e-01
  outer loop
    vertex    2.553009986877441e-02    5.161752104759216e-01   -2.762852935120463e-03
    vertex    1.983319036662578e-02    5.042805075645447e-01   -2.825554984156042e-04
    vertex    2.555865049362182e-02    5.154983997344971e-01   -2.129002939909697e-03
  endloop
endfacet
facet normal    1.473603127271480e-02   -9.957275272931493e-01   -9.115668254714102e-02
  outer loop
    vertex    1.788284070789814e-02    5.102133750915527e-01   -2.879484929144382e-02
    vertex    2.030936069786548e-02    5.103585124015808e-01   -2.998795919120312e-02
    vertex    1.842146925628185e-02    5.101609826087952e-01   -2.813548035919666e-02
  endloop
endfacet
facet normal    2.877353882890224e-01   -9.549942901732280e-01    7.207115971522814e-02
  outer loop
    vertex    9.347615763545036e-03    5.084565877914429e-01   -2.331414073705673e-02
    vertex    9.931070730090141e-03    5.086988806724548e-01   -2.243296056985855e-02
    vertex    7.478817831724881e-03    5.080366134643555e-01   -2.141815051436424e-02
  endloop
endfacet
facet normal    2.854558531307957e-01   -9.583894006686028e-01   -2.170852239571008e-03
  outer loop
    vertex    7.324838079512118e-03    5.081685185432434e-01   -1.502437982708216e-02
    vertex    1.412250008434057e-02    5.102024078369141e-01   -1.908984966576099e-02
    vertex    1.559909991919994e-02    5.106400251388550e-01   -1.812420040369034e-02
  endloop
endfacet
facet normal   -4.491749889107759e-02   -9.702781626494870e-01   -2.377871009514725e-01
  outer loop
    vertex    2.184757962822914e-02    5.120127797126770e-01   -2.204252034425735e-02
    vertex    2.199484035372734e-02    5.117092132568359e-01   -2.083165012300014e-02
    vertex    1.948300004005432e-02    5.117186903953552e-01   -2.039583958685398e-02
  endloop
endfacet
facet normal   -7.388767438756355e-02   -9.579701334953312e-01   -2.771891680865882e-01
  outer loop
    vertex    2.184757962822914e-02    5.120127797126770e-01   -2.204252034425735e-02
    vertex    1.948300004005432e-02    5.117186903953552e-01   -2.039583958685398e-02
    vertex    2.120908908545971e-02    5.121251940727234e-01   -2.226082980632782e-02
  endloop
endfacet
facet normal   -5.416399208730638e-01    8.162465962029016e-01   -2.009171229731271e-01
  outer loop
    vertex    1.324552018195391e-02    5.190991163253784e-01   -1.156807970255613e-02
    vertex    1.381462998688221e-02    5.199031829833984e-01   -9.835703298449516e-03
    vertex    1.439278014004230e-02    5.195503234863281e-01   -1.282783038914204e-02
  endloop
endfacet
facet normal   -1.361259460998133e-01    9.821111132072772e-01   -1.301056805569743e-01
  outer loop
    vertex    1.002159994095564e-02    5.189617276191711e-01   -4.141661804169416e-03
    vertex    9.479096159338951e-03    5.188338756561279e-01   -4.539154004305601e-03
    vertex    7.671099156141280e-03    5.186747908592224e-01   -3.848358988761902e-03
  endloop
endfacet
facet normal    3.120121613212153e-01    9.473850465981675e-01    7.148415677513416e-02
  outer loop
    vertex    3.823627904057503e-02    5.119267702102661e-01   -3.283081212928935e-23
    vertex    3.815213963389397e-02    5.120205879211426e-01   -8.761239005252719e-04
    vertex    3.775486722588539e-02    5.120853185653687e-01   -3.283351938962114e-23
  endloop
endfacet
facet normal    9.799442331162378e-01   -1.727639707859399e-01   -9.930715170874353e-02
  outer loop
    vertex    3.857240825891495e-02    5.031980276107788e-01   -2.836371073499322e-03
    vertex    3.962820023298264e-02    5.079143047332764e-01   -6.228900747373700e-04
    vertex    3.810074925422668e-02    4.997049868106843e-01   -1.413794001564384e-03
  endloop
endfacet
facet normal    9.795587926710922e-01   -1.658799942005411e-01   -1.137910331475231e-01
  outer loop
    vertex    3.915327042341232e-02    5.083509087562561e-01   -5.347739905118942e-03
    vertex    3.962820023298264e-02    5.079143047332764e-01   -6.228900747373700e-04
    vertex    3.857240825891495e-02    5.031980276107788e-01   -2.836371073499322e-03
  endloop
endfacet
facet normal    4.941451254280180e-01    3.526823594505775e-01   -7.946293150570913e-01
  outer loop
    vertex    2.969129011034965e-02    5.139409899711609e-01   -1.728866063058376e-02
    vertex    2.789106033742427e-02    5.195267796516418e-01   -1.592898927628994e-02
    vertex    3.047709912061691e-02    5.136064291000366e-01   -1.694848947227001e-02
  endloop
endfacet
facet normal   -2.036518587160982e-01    8.832833315868410e-01   -4.222990369185430e-01
  outer loop
    vertex    2.789106033742427e-02    5.195267796516418e-01   -1.592898927628994e-02
    vertex    2.698398940265178e-02    5.195289254188538e-01   -1.548707019537687e-02
    vertex    2.825723029673099e-02    5.203620195388794e-01   -1.435858011245728e-02
  endloop
endfacet
facet normal    3.033026429654865e-01    8.091407849670914e-01    5.032878866742074e-01
  outer loop
    vertex    2.254647947847843e-02    5.162774920463562e-01   -1.669757999479771e-02
    vertex    1.893310993909835e-02    5.164800286293030e-01   -1.484563015401363e-02
    vertex    1.839685998857021e-02    5.160779953002930e-01   -1.387611031532288e-02
  endloop
endfacet
facet normal   -8.827055913762701e-01    4.304457966540305e-01    1.885397971144186e-01
  outer loop
    vertex    2.462990954518318e-02    5.151371955871582e-01   -4.088166169822216e-03
    vertex    2.044044062495231e-02    5.066905021667480e-01   -4.418197087943554e-03
    vertex    2.419858053326606e-02    5.136718153953552e-01   -2.762025920674205e-03
  endloop
endfacet
facet normal   -4.245136942857781e-01    1.046518442477751e-01    8.993531647019319e-01
  outer loop
    vertex    2.284332923591137e-02    5.175918936729431e-01   -1.091070007532835e-02
    vertex    1.923648081719875e-02    5.153871774673462e-01   -1.235666032880545e-02
    vertex    2.066411077976226e-02    5.153334736824036e-01   -1.167653966695070e-02
  endloop
endfacet
facet normal    7.968930639326028e-01    5.542751605241306e-01   -2.402925114980858e-01
  outer loop
    vertex    1.754727959632873e-02    5.166566967964172e-01   -1.383596006780863e-02
    vertex    1.586068980395794e-02    5.195869207382202e-01   -1.267021987587214e-02
    vertex    1.845036074519157e-02    5.159103870391846e-01   -1.256251987069845e-02
  endloop
endfacet
facet normal    5.637158181018872e-01    8.218972320125280e-01    8.191102753515322e-02
  outer loop
    vertex    1.839685998857021e-02    5.160779953002930e-01   -1.387611031532288e-02
    vertex    1.754727959632873e-02    5.166566967964172e-01   -1.383596006780863e-02
    vertex    1.845036074519157e-02    5.159103870391846e-01   -1.256251987069845e-02
  endloop
endfacet
facet normal    9.982298197122948e-02    9.270718546159631e-01   -3.613490675915605e-01
  outer loop
    vertex   -1.745495945215227e-02    5.188406109809875e-01   -2.361960068810731e-04
    vertex   -1.819851994514467e-02    5.187010169029236e-01   -7.997457287274301e-04
    vertex   -1.948981918394567e-02    5.189021825790405e-01   -6.403605220839381e-04
  endloop
endfacet
facet normal    7.233658383023561e-02    7.856680820811480e-01   -6.144046577286841e-01
  outer loop
    vertex   -4.379665944725276e-03    5.180718898773193e-01   -7.272174116224051e-04
    vertex   -1.496342010796071e-02    5.171418190002441e-01   -3.162615001201630e-03
    vertex   -1.730315946042539e-02    5.173465013504028e-01   -3.176345955580473e-03
  endloop
endfacet
facet normal   -4.402946878726074e-01    8.451823106513594e-01   -3.029974415621232e-01
  outer loop
    vertex    9.518437087535858e-03    5.184429883956909e-01   -5.686664022505283e-03
    vertex    5.622204858809709e-03    5.147596001625061e-01   -1.029939018189907e-02
    vertex    9.479096159338951e-03    5.188338756561279e-01   -4.539154004305601e-03
  endloop
endfacet
facet normal   -1.007802881099650e-01    4.082781249357308e-01   -9.072774141504000e-01
  outer loop
    vertex   -1.308766007423402e-02    5.159375071525574e-01   -3.827539039775729e-03
    vertex   -6.888906937092557e-03    5.137267112731934e-01   -5.510962102562189e-03
    vertex   -1.250149961560966e-02    5.145694017410278e-01   -4.508302081376314e-03
  endloop
endfacet
facet normal   -4.495814410876695e-01    7.653048435456471e-02   -8.899548375024376e-01
  outer loop
    vertex   -5.747491028159872e-03    5.102850794792175e-01   -6.984564010053873e-03
    vertex   -4.085877910256387e-03    5.091775059700012e-01   -7.919210940599442e-03
    vertex   -6.846194155514255e-03    5.094919204711914e-01   -6.497735157608986e-03
  endloop
endfacet
facet normal   -3.825169453029030e-01    9.157408617812228e-01    1.228798625500503e-01
  outer loop
    vertex    1.402300037443638e-02    5.177041292190552e-01   -2.207813970744610e-02
    vertex    2.190062962472438e-02    5.211616754531860e-01   -2.332236059010029e-02
    vertex    1.361104007810354e-02    5.176157951354980e-01   -2.270225062966347e-02
  endloop
endfacet
facet normal   -4.194358025370831e-01   -8.990228816204895e-01   -1.258231531669123e-01
  outer loop
    vertex    2.183490060269832e-02    5.022218227386475e-01   -5.170462187379599e-03
    vertex    1.958180963993072e-02    5.040801167488098e-01   -1.093745976686478e-02
    vertex    2.079840935766697e-02    5.035312175750732e-01   -1.107108034193516e-02
  endloop
endfacet
facet normal   -3.163953365932944e-01   -9.363375949633669e-01   -1.522034797244584e-01
  outer loop
    vertex    2.183490060269832e-02    5.022218227386475e-01   -5.170462187379599e-03
    vertex    2.079840935766697e-02    5.035312175750732e-01   -1.107108034193516e-02
    vertex    2.306563034653663e-02    5.023136734962463e-01   -8.293915539979935e-03
  endloop
endfacet
facet normal   -2.482366420338100e-01   -9.686984525978650e-01    1.370213954102974e-03
  outer loop
    vertex   -2.293731831014158e-02    5.090801715850830e-01   -3.317482705896540e-23
    vertex   -2.274028956890108e-02    5.090231895446777e-01   -4.589546937495470e-03
    vertex   -2.264889888465406e-02    5.090062618255615e-01   -3.317320510777104e-23
  endloop
endfacet
facet normal   -3.645802711161029e-01   -8.660682032383387e-01   -3.420629960291302e-01
  outer loop
    vertex   -7.880637422204032e-03    5.094590187072754e-01   -5.311892833560705e-03
    vertex   -6.846194155514255e-03    5.094919204711914e-01   -6.497735157608986e-03
    vertex   -6.664137821644559e-03    5.092095136642456e-01   -5.976750981062651e-03
  endloop
endfacet
facet normal   -6.103221415070311e-01   -7.789744932768073e-01    1.438944835996593e-01
  outer loop
    vertex    2.059766463935375e-02    5.020974874496460e-01    1.354923415563114e-19
    vertex    2.062156982719898e-02    5.020624995231628e-01   -8.801474905340001e-05
    vertex    2.062619291245937e-02    5.020751357078552e-01    1.354923417167426e-19
  endloop
endfacet
facet normal   -9.316563055139822e-01    2.631636853132018e-01   -2.505222607442537e-01
  outer loop
    vertex   -2.578677050769331e-02    5.165225863456726e-01   -3.401213092729449e-03
    vertex   -2.558143064379694e-02    5.164235234260559e-01   -4.268904216587543e-03
    vertex   -2.691883966326715e-02    5.120232105255127e-01   -3.917626105248928e-03
  endloop
endfacet
facet normal    7.809381127370906e-01   -4.390429656086646e-01   -4.442712442013102e-01
  outer loop
    vertex    2.165465056896209e-02    5.197625756263733e-01   -2.486653998494148e-02
    vertex    2.305487915873527e-02    5.210747122764587e-01   -2.370191924273968e-02
    vertex    2.143494971096515e-02    5.161905288696289e-01   -2.172271907329559e-02
  endloop
endfacet
facet normal    6.238374751648683e-01    3.892057741820357e-01   -6.777504481173617e-01
  outer loop
    vertex    2.892502024769783e-02    5.205361247062683e-01   -1.439765002578497e-02
    vertex    3.047709912061691e-02    5.136064291000366e-01   -1.694848947227001e-02
    vertex    2.789106033742427e-02    5.195267796516418e-01   -1.592898927628994e-02
  endloop
endfacet
facet normal   -4.227061391940271e-01   -9.062651886454973e-01    1.711063125932274e-03
  outer loop
    vertex   -1.381841255351902e-03    5.068385004997253e-01    2.168073808891017e-19
    vertex    1.232853974215685e-03    5.056130290031433e-01   -3.129300894215703e-03
    vertex    1.532281748950481e-03    5.054792761802673e-01   -3.303722018022254e-23
  endloop
endfacet
facet normal    9.024476458943816e-01   -4.306836475928914e-01    9.992102670157184e-03
  outer loop
    vertex    4.348395857959985e-03    5.064551234245300e-01   -3.302138352306446e-23
    vertex    4.368814174085855e-03    5.064924955368042e-01   -2.332745934836566e-04
    vertex    4.421927966177463e-03    5.066092014312744e-01   -3.302097000902306e-23
  endloop
endfacet
facet normal    8.476916039040141e-01   -2.879538959141595e-01   -4.455350698861960e-01
  outer loop
    vertex    3.716060891747475e-02    5.004010200500488e-01   -8.463072590529919e-03
    vertex    3.678119927644730e-02    4.994775950908661e-01   -8.588132448494434e-03
    vertex    3.456494957208633e-02    5.016670823097229e-01   -1.421993970870972e-02
  endloop
endfacet
facet normal    6.585048398063756e-01    4.774033776763805e-02   -7.510607406204982e-01
  outer loop
    vertex    3.617145866155624e-02    5.116397142410278e-01   -1.200012955814600e-02
    vertex    3.520777076482773e-02    5.108017921447754e-01   -1.289832033216953e-02
    vertex    3.376809135079384e-02    5.140399932861328e-01   -1.395475026220083e-02
  endloop
endfacet
facet normal    5.352945434975775e-01    8.440954918541398e-01   -3.102502753001374e-02
  outer loop
    vertex    3.815213963389397e-02    5.120205879211426e-01   -8.761239005252719e-04
    vertex    3.835314139723778e-02    5.116484761238098e-01   -7.532129064202309e-03
    vertex    3.689559176564217e-02    5.125761032104492e-01   -7.442282978445292e-03
  endloop
endfacet
facet normal   -9.407619238702056e-01    2.473548298683542e-01    2.319107387268364e-01
  outer loop
    vertex    1.863886043429374e-02    5.056021809577942e-01   -9.562099352478981e-03
    vertex    1.974599994719028e-02    5.048682093620300e-01   -4.288061056286097e-03
    vertex    1.869750022888183e-02    5.063130855560303e-01   -1.008247025310993e-02
  endloop
endfacet
facet normal    8.083050778127217e-01   -3.580942048840003e-01    4.673450990549334e-01
  outer loop
    vertex    5.723935086280107e-03    5.085613727569580e-01   -2.989758970215917e-03
    vertex    4.329584073275327e-03    5.063800811767578e-01   -2.249507000669837e-03
    vertex    9.400553070008755e-03    5.094376802444458e-01   -8.677265606820583e-03
  endloop
endfacet
facet normal    9.218284972823086e-01   -3.680035257543351e-01    1.216783737178430e-01
  outer loop
    vertex    8.712902665138245e-03    5.172392129898071e-01   -1.754950964823365e-03
    vertex    6.723687052726745e-03    5.122662782669067e-01   -1.724887057207525e-03
    vertex    5.132011137902736e-03    5.081382989883423e-01   -2.151082037016749e-03
  endloop
endfacet
facet normal   -6.075016821701805e-01    7.796290355477342e-01   -1.520535204831198e-01
  outer loop
    vertex    9.480349719524384e-03    5.159609913825989e-01   -1.444603037089109e-02
    vertex    1.222412008792162e-02    5.174180269241333e-01   -1.793755032122135e-02
    vertex    1.257750019431114e-02    5.170444846153259e-01   -2.126469090580940e-02
  endloop
endfacet
facet normal   -4.541633371680135e-01    2.387768982737403e-01   -8.583246798404349e-01
  outer loop
    vertex    2.412104047834872e-03    5.087335109710693e-01   -1.148565020412207e-02
    vertex    2.683663042262196e-03    5.123543143272400e-01   -1.062207017093897e-02
    vertex    4.364319145679473e-03    5.129449963569641e-01   -1.134703028947115e-02
  endloop
endfacet
facet normal   -8.004760919060657e-01    5.714521384231199e-01   -1.807774316070329e-01
  outer loop
    vertex    1.031207013875246e-02    5.144624114036560e-01   -2.020432054996490e-02
    vertex    4.819435067474841e-03    5.084279179573059e-01   -1.495864987373352e-02
    vertex    4.364395048469304e-03    5.082591176033020e-01   -1.347734034061432e-02
  endloop
endfacet
facet normal   -7.975774702023386e-01    5.742466162866514e-01   -1.846916422282532e-01
  outer loop
    vertex    1.167657040059566e-02    5.160611271858215e-01   -2.112605981528759e-02
    vertex    1.208360958844423e-02    5.161482095718384e-01   -2.261307090520859e-02
    vertex    1.031207013875246e-02    5.144624114036560e-01   -2.020432054996490e-02
  endloop
endfacet
facet normal   -5.316648383633573e-01    1.471005951137034e-01   -8.340826784949196e-01
  outer loop
    vertex    1.688545010983944e-02    5.165671110153198e-01   -2.816076017916203e-02
    vertex    1.370809972286224e-02    5.140106081962585e-01   -2.658630907535553e-02
    vertex    9.728330187499523e-03    5.127574801445007e-01   -2.427051030099392e-02
  endloop
endfacet
facet normal   -4.528042749659466e-01   -1.417926133523366e-01   -8.802631103092292e-01
  outer loop
    vertex    1.842927001416683e-02    5.109646916389465e-01   -2.934193983674049e-02
    vertex    6.447175983339547e-03    5.081468224525452e-01   -2.272449061274529e-02
    vertex    7.917420938611031e-03    5.093032121658325e-01   -2.366705052554607e-02
  endloop
endfacet
facet normal   -2.314709940607866e-01   -9.544088426423243e-01   -1.884806090680160e-01
  outer loop
    vertex    3.373361006379128e-02    4.988031089305878e-01   -7.920140400528908e-03
    vertex    3.176501020789146e-02    5.004814863204956e-01   -1.400132011622190e-02
    vertex    3.505598008632660e-02    4.985876083374024e-01   -8.452898822724819e-03
  endloop
endfacet
facet normal   -2.853628523841448e-01   -9.435726058181153e-01   -1.680439824236393e-01
  outer loop
    vertex    3.165875002741814e-02    4.995625913143159e-01   -8.661248721182346e-03
    vertex    3.176501020789146e-02    5.004814863204956e-01   -1.400132011622190e-02
    vertex    3.373361006379128e-02    4.988031089305878e-01   -7.920140400528908e-03
  endloop
endfacet
facet normal    8.963625345293462e-02    1.798670854825520e-01   -9.795984757169305e-01
  outer loop
    vertex   -2.529012970626356e-02    5.155867934226990e-01   -4.670877009630203e-03
    vertex   -1.929616928100588e-02    5.158373117446899e-01   -4.076412878930569e-03
    vertex   -2.223188988864424e-02    5.101125836372375e-01   -5.396175198256969e-03
  endloop
endfacet
facet normal   -1.146265181335174e-01   -9.931154991720578e-01    2.413227392561446e-02
  outer loop
    vertex    3.637403994798660e-02    4.983487129211426e-01   -2.453006105497479e-03
    vertex    3.637816011905670e-02    4.983868002891541e-01   -8.660260937176645e-04
    vertex    3.429052978754044e-02    4.986037909984589e-01   -1.852296991273761e-03
  endloop
endfacet
facet normal    2.956048327006432e-01   -9.542877303520656e-01    4.418948498826705e-02
  outer loop
    vertex    1.412250008434057e-02    5.102024078369141e-01   -1.908984966576099e-02
    vertex    7.478817831724881e-03    5.080366134643555e-01   -2.141815051436424e-02
    vertex    1.689209975302219e-02    5.109788775444031e-01   -2.084890007972717e-02
  endloop
endfacet
facet normal   -5.279040136658154e-01    8.068653104131291e-01   -2.651145473327468e-01
  outer loop
    vertex    6.727925036102532e-03    5.144317746162415e-01   -1.201520022004843e-02
    vertex    1.057089027017355e-02    5.187929868698120e-01   -6.394255906343460e-03
    vertex    8.815555833280087e-03    5.163542032241821e-01   -1.032132003456354e-02
  endloop
endfacet
facet normal   -4.400380041460514e-01    3.070042169011239e-01   -8.438690453572090e-01
  outer loop
    vertex   -5.095848813653007e-03    5.133427977561951e-01   -6.211949978023767e-03
    vertex   -3.476100042462350e-03    5.117623209953308e-01   -7.631558924913406e-03
    vertex   -5.747491028159872e-03    5.102850794792175e-01   -6.984564010053873e-03
  endloop
endfacet
facet normal   -3.072748024652510e-01   -9.399286919169059e-01   -1.487153316955430e-01
  outer loop
    vertex    3.165875002741814e-02    4.995625913143159e-01   -8.661248721182346e-03
    vertex    2.183490060269832e-02    5.022218227386475e-01   -5.170462187379599e-03
    vertex    2.306563034653663e-02    5.023136734962463e-01   -8.293915539979935e-03
  endloop
endfacet
facet normal   -2.487303928166980e-01   -9.685727537176639e-01    1.115573060239123e-04
  outer loop
    vertex    2.227473538368939e-03    5.052558183670044e-01   -3.303331071000058e-23
    vertex    2.743134042248129e-03    5.051230788230896e-01   -2.756125060841441e-03
    vertex    2.832569880411028e-03    5.051004290580750e-01   -3.302990789918096e-23
  endloop
endfacet
facet normal    8.785536436220781e-01    2.361790804388804e-01   -4.151661561849849e-01
  outer loop
    vertex    2.778968960046768e-02    5.092133879661560e-01   -2.223950996994972e-02
    vertex    2.546265907585621e-02    5.103862285614014e-01   -2.649665065109730e-02
    vertex    2.549012936651706e-02    5.114973783493042e-01   -2.580641023814678e-02
  endloop
endfacet
facet normal    1.369376628192276e-01   -9.772821740228201e-01   -1.617641148055947e-01
  outer loop
    vertex    1.086242031306028e-02    5.089982151985168e-01   -1.307213958352804e-02
    vertex    1.134038995951414e-02    5.088201761245728e-01   -1.159191969782114e-02
    vertex    9.059295989573002e-03    5.084668993949890e-01   -1.138863991945982e-02
  endloop
endfacet
facet normal   -4.774894027183207e-01    5.332658438064999e-02   -8.770177567700639e-01
  outer loop
    vertex    1.842927001416683e-02    5.109646916389465e-01   -2.934193983674049e-02
    vertex    1.370809972286224e-02    5.140106081962585e-01   -2.658630907535553e-02
    vertex    1.688545010983944e-02    5.165671110153198e-01   -2.816076017916203e-02
  endloop
endfacet
facet normal    2.405812487038203e-01   -9.692835297230304e-01   -5.108915520708677e-02
  outer loop
    vertex    8.077053353190422e-03    5.083801150321960e-01   -1.436755992472172e-02
    vertex    9.059295989573002e-03    5.084668993949890e-01   -1.138863991945982e-02
    vertex    5.190392024815082e-03    5.075812935829163e-01   -1.280543021857738e-02
  endloop
endfacet
facet normal    4.532500897664551e-01   -5.419202615823531e-02   -8.897345561613111e-01
  outer loop
    vertex    3.396080061793327e-02    5.022956728935242e-01   -1.469894964247942e-02
    vertex    3.385047987103462e-02    5.008664727210999e-01   -1.466809958219528e-02
    vertex    3.092627041041851e-02    5.027465820312500e-01   -1.627226918935776e-02
  endloop
endfacet
facet normal    5.957943295380270e-01    8.178773281954993e-02   -7.989617535593120e-01
  outer loop
    vertex    3.595849126577377e-02    5.102950930595398e-01   -1.239036954939365e-02
    vertex    3.396080061793327e-02    5.022956728935242e-01   -1.469894964247942e-02
    vertex    3.520777076482773e-02    5.108017921447754e-01   -1.289832033216953e-02
  endloop
endfacet
facet normal    5.544709465585043e-01    6.976553069088579e-02   -8.292736220029764e-01
  outer loop
    vertex    3.263878077268600e-02    5.046736001968384e-01   -1.513156015425920e-02
    vertex    3.097908943891525e-02    5.043507218360901e-01   -1.626843027770519e-02
    vertex    3.520777076482773e-02    5.108017921447754e-01   -1.289832033216953e-02
  endloop
endfacet
facet normal    6.149569727211576e-01    7.791266506109096e-01    1.216124336137363e-01
  outer loop
    vertex    3.446371108293533e-02    5.142139792442322e-01   -1.092152018100023e-02
    vertex    3.399002179503441e-02    5.148819088935852e-01   -1.280540041625500e-02
    vertex    3.310823068022728e-02    5.154039859771729e-01   -1.169120986014605e-02
  endloop
endfacet
facet normal    4.202323867170061e-01    9.011698310031053e-01    1.062905303588371e-01
  outer loop
    vertex    2.696930058300495e-02    5.171837210655212e-01   -5.420833826065063e-03
    vertex    2.835699915885925e-02    5.165281891822815e-01   -5.349428858608007e-03
    vertex    2.921682037413120e-02    5.163341164588928e-01   -7.103416137397289e-03
  endloop
endfacet
facet normal    7.023266931991770e-01   -9.767868014869786e-02   -7.051213310234753e-01
  outer loop
    vertex    3.376809135079384e-02    5.140399932861328e-01   -1.395475026220083e-02
    vertex    2.980756945908069e-02    5.082268118858337e-01   -1.709428988397121e-02
    vertex    3.043003007769584e-02    5.123631954193115e-01   -1.704729907214642e-02
  endloop
endfacet
facet normal    8.307114910687560e-01    1.278305064773724e-02   -5.565563872802664e-01
  outer loop
    vertex    3.047709912061691e-02    5.136064291000366e-01   -1.694848947227001e-02
    vertex    3.043003007769584e-02    5.123631954193115e-01   -1.704729907214642e-02
    vertex    2.992214076220989e-02    5.122917890548706e-01   -1.780701056122780e-02
  endloop
endfacet
facet normal    7.438029895679928e-01    1.158968696999422e-01   -6.582742804511438e-01
  outer loop
    vertex    2.964068949222564e-02    5.128455162048340e-01   -1.802754029631615e-02
    vertex    3.047709912061691e-02    5.136064291000366e-01   -1.694848947227001e-02
    vertex    2.992214076220989e-02    5.122917890548706e-01   -1.780701056122780e-02
  endloop
endfacet
facet normal   -5.751733729926518e-01    5.991262522879012e-01   -5.569769517849997e-01
  outer loop
    vertex    2.734722010791301e-02    5.215693116188049e-01   -1.165692973881960e-02
    vertex    2.892502024769783e-02    5.205361247062683e-01   -1.439765002578497e-02
    vertex    2.801733091473579e-02    5.204228162765503e-01   -1.358218956738710e-02
  endloop
endfacet
facet normal    8.054624296718869e-01    5.566387799198566e-01   -2.034294547905839e-01
  outer loop
    vertex    2.342342957854271e-02    5.141363143920898e-01   -2.523960918188095e-02
    vertex    2.414307929575443e-02    5.132201910018921e-01   -2.489697933197021e-02
    vertex    2.362282946705818e-02    5.136423110961914e-01   -2.580182999372482e-02
  endloop
endfacet
facet normal    5.624551695482264e-01    3.836801216265395e-01   -7.324163751017041e-01
  outer loop
    vertex    2.296975068747997e-02    5.160003900527954e-01   -1.718270033597946e-02
    vertex    2.352211065590381e-02    5.159273147583008e-01   -1.679679937660694e-02
    vertex    2.316720969974994e-02    5.132253170013428e-01   -1.848479919135571e-02
  endloop
endfacet
facet normal    7.916129464850837e-01    5.269808781893585e-01    3.092573313277737e-01
  outer loop
    vertex    2.026260085403919e-02    5.185946822166443e-01   -1.799949072301388e-02
    vertex    2.063868939876556e-02    5.183854103088379e-01   -1.860556937754154e-02
    vertex    2.068915963172912e-02    5.187873244285583e-01   -1.941962912678719e-02
  endloop
endfacet
facet normal    8.004769550008140e-01    5.129578653578681e-01    3.100175364074172e-01
  outer loop
    vertex    2.040502987802028e-02    5.192747712135315e-01   -1.949252933263779e-02
    vertex    2.026260085403919e-02    5.185946822166443e-01   -1.799949072301388e-02
    vertex    2.068915963172912e-02    5.187873244285583e-01   -1.941962912678719e-02
  endloop
endfacet
facet normal   -3.656731709875561e-01    5.881990695606919e-01    7.213216942445596e-01
  outer loop
    vertex    2.783616073429584e-02    5.146828293800354e-01   -1.242906000697985e-04
    vertex    2.870390005409717e-02    5.152050852775574e-01   -1.102628011722118e-04
    vertex    2.611717022955417e-02    5.170075297355652e-01   -2.891398966312408e-03
  endloop
endfacet
facet normal   -4.673239085698829e-01    7.055393351153447e-02    8.812664222271366e-01
  outer loop
    vertex    2.284332923591137e-02    5.175918936729431e-01   -1.091070007532835e-02
    vertex    2.315847948193550e-02    5.152031779289246e-01   -1.055234018713236e-02
    vertex    2.420255914330482e-02    5.175039768218994e-01   -1.018287986516953e-02
  endloop
endfacet
facet normal   -4.088953259551242e-01    3.882551904535251e-02    9.117550062834378e-01
  outer loop
    vertex    2.173269912600517e-02    5.103834271430969e-01   -1.098651997745037e-02
    vertex    2.315847948193550e-02    5.152031779289246e-01   -1.055234018713236e-02
    vertex    2.066411077976226e-02    5.153334736824036e-01   -1.167653966695070e-02
  endloop
endfacet
facet normal   -4.577503426957805e-01    6.464499372920310e-01   -6.103827506876521e-01
  outer loop
    vertex    2.179875038564205e-02    5.156567096710205e-01   -1.316583994776011e-02
    vertex    2.493409067392349e-02    5.197749137878418e-01   -1.115560997277498e-02
    vertex    2.279286086559295e-02    5.162096023559570e-01   -1.332580018788576e-02
  endloop
endfacet
facet normal    8.230924389246904e-01   -3.202541233846579e-01    4.689948117411634e-01
  outer loop
    vertex    8.848845958709717e-03    5.152283906936646e-01   -3.509491914883256e-03
    vertex    1.013823971152306e-02    5.105525851249695e-01   -8.965279906988144e-03
    vertex    9.609719738364220e-03    5.176445841789246e-01   -3.194933058694005e-03
  endloop
endfacet
facet normal    8.125073960443743e-01   -3.336838484520639e-01    4.780029504672649e-01
  outer loop
    vertex    8.848845958709717e-03    5.152283906936646e-01   -3.509491914883256e-03
    vertex    8.495161309838295e-03    5.108014941215515e-01   -5.998624023050070e-03
    vertex    1.013823971152306e-02    5.105525851249695e-01   -8.965279906988144e-03
  endloop
endfacet
facet normal    7.057044202040652e-01   -6.736099570591811e-01    2.196153388431064e-01
  outer loop
    vertex    3.546908963471650e-03    5.053294897079468e-01   -2.468116115778685e-03
    vertex    8.810545317828655e-03    5.086743831634521e-01   -9.122559800744057e-03
    vertex    9.400553070008755e-03    5.094376802444458e-01   -8.677265606820583e-03
  endloop
endfacet
facet normal    7.370692239357395e-01   -6.097485156414482e-01    2.914373119554489e-01
  outer loop
    vertex    4.329584073275327e-03    5.063800811767578e-01   -2.249507000669837e-03
    vertex    3.546908963471650e-03    5.053294897079468e-01   -2.468116115778685e-03
    vertex    9.400553070008755e-03    5.094376802444458e-01   -8.677265606820583e-03
  endloop
endfacet
facet normal    8.558573496501000e-02   -7.685212378458851e-04    9.963305131057696e-01
  outer loop
    vertex    1.122988015413284e-02    5.087721943855286e-01   -1.020782999694347e-02
    vertex    1.421711966395378e-02    5.089368224143982e-01   -1.046430971473455e-02
    vertex    1.112576015293598e-02    5.091301202774048e-01   -1.019860990345478e-02
  endloop
endfacet
facet normal   -3.820555891259063e-01   -6.751649987258204e-01    6.310196124632099e-01
  outer loop
    vertex    1.183591969311237e-02    5.081623196601868e-01   -1.049343962222338e-02
    vertex    1.653381064534187e-02    5.057209134101868e-01   -1.026127021759748e-02
    vertex    1.122988015413284e-02    5.087721943855286e-01   -1.020782999694347e-02
  endloop
endfacet
facet normal   -1.353274277782124e-01    7.173775081805197e-01   -6.834149530465670e-01
  outer loop
    vertex   -6.188939791172758e-03    5.152472257614136e-01   -4.307157825678587e-03
    vertex   -4.735458176583053e-03    5.150011181831360e-01   -4.853309132158756e-03
    vertex   -6.427546031773105e-03    5.143707990646362e-01   -5.179890897125006e-03
  endloop
endfacet
facet normal   -1.196236902800533e-02    7.879287796131312e-01   -6.156501766300401e-01
  outer loop
    vertex   -4.379665944725276e-03    5.180718898773193e-01   -7.272174116224051e-04
    vertex   -2.924483967944981e-03    5.178685188293457e-01   -1.015773043036461e-03
    vertex   -6.188939791172758e-03    5.152472257614136e-01   -4.307157825678587e-03
  endloop
endfacet
facet normal    5.199023626518186e-02    7.710475634953674e-01   -6.346516132185814e-01
  outer loop
    vertex   -1.143386960029603e-02    5.164471864700317e-01   -3.278969088569283e-03
    vertex   -4.379665944725276e-03    5.180718898773193e-01   -7.272174116224051e-04
    vertex   -6.188939791172758e-03    5.152472257614136e-01   -4.307157825678587e-03
  endloop
endfacet
facet normal   -1.966774372913240e-01    5.559911024403555e-01   -8.075839768517422e-01
  outer loop
    vertex   -6.888906937092557e-03    5.137267112731934e-01   -5.510962102562189e-03
    vertex   -6.427546031773105e-03    5.143707990646362e-01   -5.179890897125006e-03
    vertex   -5.095848813653007e-03    5.133427977561951e-01   -6.211949978023767e-03
  endloop
endfacet
facet normal   -2.909217538881707e-01    4.634453055346694e-01   -8.370083523433368e-01
  outer loop
    vertex   -5.095848813653007e-03    5.133427977561951e-01   -6.211949978023767e-03
    vertex   -6.427546031773105e-03    5.143707990646362e-01   -5.179890897125006e-03
    vertex   -4.501237068325282e-03    5.142948031425476e-01   -5.891502834856510e-03
  endloop
endfacet
facet normal   -2.160565872072973e-01   -2.756265049258677e-01   -9.366694085464125e-01
  outer loop
    vertex   -6.846194155514255e-03    5.094919204711914e-01   -6.497735157608986e-03
    vertex   -7.358278147876277e-03    5.100666880607605e-01   -6.548747885972261e-03
    vertex   -5.747491028159872e-03    5.102850794792175e-01   -6.984564010053873e-03
  endloop
endfacet
facet normal   -5.589404576515372e-01    2.847280330658359e-01   -7.787910579781655e-01
  outer loop
    vertex    2.412104047834872e-03    5.087335109710693e-01   -1.148565020412207e-02
    vertex    4.364319145679473e-03    5.129449963569641e-01   -1.134703028947115e-02
    vertex    5.739157088100909e-03    5.137090086936951e-01   -1.205443032085896e-02
  endloop
endfacet
facet normal   -5.837894785049678e-01    1.675184926299355e-01   -7.944352707514263e-01
  outer loop
    vertex    2.059151884168386e-03    5.079060792922974e-01   -1.140076015144587e-02
    vertex    2.412104047834872e-03    5.087335109710693e-01   -1.148565020412207e-02
    vertex    3.483273088932036e-03    5.082656145095825e-01   -1.237145997583866e-02
  endloop
endfacet
facet normal   -7.381632259234092e-01    6.176408398053266e-01   -2.713574117265211e-01
  outer loop
    vertex    1.257750019431114e-02    5.170444846153259e-01   -2.126469090580940e-02
    vertex    1.083584968000650e-02    5.158203840255737e-01   -1.931313984096050e-02
    vertex    8.306226693093777e-03    5.150607228279114e-01   -1.416097953915596e-02
  endloop
endfacet
facet normal   -8.386349566400696e-01    5.171398180197847e-01   -1.710491687199105e-01
  outer loop
    vertex    8.948955684900284e-03    5.122972726821899e-01   -2.333620935678482e-02
    vertex    5.756276194006204e-03    5.076562762260437e-01   -2.171416953206062e-02
    vertex    4.937586840242147e-03    5.076498985290527e-01   -1.771950908005238e-02
  endloop
endfacet
facet normal   -7.387613004910601e-01    6.537248947108183e-01   -1.639374970288588e-01
  outer loop
    vertex    1.208360958844423e-02    5.161482095718384e-01   -2.261307090520859e-02
    vertex    1.167657040059566e-02    5.160611271858215e-01   -2.112605981528759e-02
    vertex    1.257750019431114e-02    5.170444846153259e-01   -2.126469090580940e-02
  endloop
endfacet
facet normal   -7.214947773478003e-01    6.378772695862052e-01   -2.693656904750413e-01
  outer loop
    vertex    1.048765983432531e-02    5.136212706565857e-01   -2.432229928672314e-02
    vertex    8.948955684900284e-03    5.122972726821899e-01   -2.333620935678482e-02
    vertex    1.208360958844423e-02    5.161482095718384e-01   -2.261307090520859e-02
  endloop
endfacet
facet normal   -6.370695931255854e-01    2.041338371075083e-01   -7.432844072510647e-01
  outer loop
    vertex    7.917420938611031e-03    5.093032121658325e-01   -2.366705052554607e-02
    vertex    6.447175983339547e-03    5.081468224525452e-01   -2.272449061274529e-02
    vertex    9.728330187499523e-03    5.127574801445007e-01   -2.427051030099392e-02
  endloop
endfacet
facet normal   -3.696545947365177e-01    9.290207869290102e-01   -1.660897480230693e-02
  outer loop
    vertex    2.292291074991226e-02    5.215607285499573e-01   -2.375359088182449e-02
    vertex    2.187651954591274e-02    5.211409926414490e-01   -2.394264936447144e-02
    vertex    2.190062962472438e-02    5.211616754531860e-01   -2.332236059010029e-02
  endloop
endfacet
facet normal    6.545053780390453e-01    5.532008264217965e-01   -5.153557565063264e-01
  outer loop
    vertex    3.065467998385429e-02    5.188819169998169e-01   -1.376978959888220e-02
    vertex    3.326117992401123e-02    5.163329839706421e-01   -1.319563016295433e-02
    vertex    3.365791961550713e-02    5.152698159217834e-01   -1.383300963789225e-02
  endloop
endfacet
facet normal   -3.234513783869166e-01    8.025045324447991e-01   -5.013638212168464e-01
  outer loop
    vertex    2.109736949205398e-02    5.202677249908447e-01   -2.560918033123016e-02
    vertex    2.091114036738872e-02    5.198221206665039e-01   -2.620228938758373e-02
    vertex    1.734595000743866e-02    5.173031091690063e-01   -2.793426997959614e-02
  endloop
endfacet
facet normal    3.938421046177034e-01   -8.356756881670551e-01   -3.827983030746307e-01
  outer loop
    vertex    3.315842151641846e-02    5.005400180816650e-01   -1.466745045036077e-02
    vertex    3.385047987103462e-02    5.008664727210999e-01   -1.466809958219528e-02
    vertex    3.505598008632660e-02    4.985876083374024e-01   -8.452898822724819e-03
  endloop
endfacet
facet normal   -9.040861986658910e-02   -9.576803723245714e-01   -2.732665107877085e-01
  outer loop
    vertex    3.176501020789146e-02    5.004814863204956e-01   -1.400132011622190e-02
    vertex    3.315842151641846e-02    5.005400180816650e-01   -1.466745045036077e-02
    vertex    3.505598008632660e-02    4.985876083374024e-01   -8.452898822724819e-03
  endloop
endfacet
facet normal   -2.924878273990886e-01   -9.392549884123841e-01   -1.795854603407888e-01
  outer loop
    vertex    2.641477994620800e-02    5.019850134849548e-01   -1.315112970769405e-02
    vertex    3.176501020789146e-02    5.004814863204956e-01   -1.400132011622190e-02
    vertex    3.051885962486267e-02    5.006440281867981e-01   -1.282185036689043e-02
  endloop
endfacet
facet normal    1.567428745422697e-01   -6.269372412302517e-01   -7.631391529982113e-01
  outer loop
    vertex    2.963542938232422e-02    5.015076994895935e-01   -1.618601940572262e-02
    vertex    3.104053065180778e-02    5.016192197799683e-01   -1.598903909325600e-02
    vertex    3.315842151641846e-02    5.005400180816650e-01   -1.466745045036077e-02
  endloop
endfacet
facet normal   -1.167880566638142e-01   -9.378821053387171e-01   -3.267073710617887e-01
  outer loop
    vertex    2.963542938232422e-02    5.015076994895935e-01   -1.618601940572262e-02
    vertex    3.315842151641846e-02    5.005400180816650e-01   -1.466745045036077e-02
    vertex    3.176501020789146e-02    5.004814863204956e-01   -1.400132011622190e-02
  endloop
endfacet
facet normal   -1.638126461739009e-02   -2.836867592841802e-01   -9.587770735558786e-01
  outer loop
    vertex    2.782735973596573e-02    5.066941976547241e-01   -1.768972910940647e-02
    vertex    2.993699908256530e-02    5.027871131896973e-01   -1.656972989439964e-02
    vertex    2.963542938232422e-02    5.015076994895935e-01   -1.618601940572262e-02
  endloop
endfacet
facet normal   -5.046022988420468e-01   -4.231674253344364e-01   -7.525329561814194e-01
  outer loop
    vertex    2.613605000078678e-02    5.050848126411438e-01   -1.610740087926388e-02
    vertex    2.852552011609077e-02    5.018926262855530e-01   -1.591458916664124e-02
    vertex    2.048286981880664e-02    5.043854713439941e-01   -1.192346960306168e-02
  endloop
endfacet
facet normal   -4.717492007655735e-01   -6.951298555115132e-01   -5.424455507731493e-01
  outer loop
    vertex    1.888353005051613e-02    5.053542852401733e-01   -1.177407987415791e-02
    vertex    2.048286981880664e-02    5.043854713439941e-01   -1.192346960306168e-02
    vertex    1.884507015347480e-02    5.045930743217468e-01   -1.076516043394804e-02
  endloop
endfacet
facet normal    2.818143412944334e-01   -9.477278119149324e-01    1.496418108809134e-01
  outer loop
    vertex    2.189858071506023e-02    5.111845135688782e-01   -2.949751913547516e-02
    vertex    2.280024066567421e-02    5.115318894386292e-01   -2.899553999304771e-02
    vertex    2.106473036110401e-02    5.117728114128113e-01   -2.420129068195820e-02
  endloop
endfacet
facet normal    9.775387779518090e-02   -9.579099573688868e-01    2.699123801338912e-01
  outer loop
    vertex    2.597291953861713e-03    5.075830817222595e-01   -1.123122032731771e-02
    vertex    3.609081963077187e-03    5.073407292366028e-01   -1.245776005089283e-02
    vertex    7.996380329132080e-03    5.084993243217468e-01   -9.934888221323490e-03
  endloop
endfacet
facet normal   -2.432672720927115e-01   -9.163251221049207e-01   -3.180712261867973e-01
  outer loop
    vertex   -4.085877910256387e-03    5.091775059700012e-01   -7.919210940599442e-03
    vertex   -3.029643092304469e-03    5.089172124862671e-01   -7.977166213095188e-03
    vertex   -3.668138058856131e-03    5.086184144020081e-01   -6.628030911087990e-03
  endloop
endfacet
facet normal    2.161356211643441e-01   -9.763579953033438e-01   -3.233925036084227e-03
  outer loop
    vertex    5.756276194006204e-03    5.076562762260437e-01   -2.171416953206062e-02
    vertex    9.347615763545036e-03    5.084565877914429e-01   -2.331414073705673e-02
    vertex    7.478817831724881e-03    5.080366134643555e-01   -2.141815051436424e-02
  endloop
endfacet
facet normal    1.951346181243776e-02    1.420265377564594e-01   -9.896704943469861e-01
  outer loop
    vertex   -2.529012970626356e-02    5.155867934226990e-01   -4.670877009630203e-03
    vertex   -2.223188988864424e-02    5.101125836372375e-01   -5.396175198256969e-03
    vertex   -2.359084039926531e-02    5.099666118621826e-01   -5.443918053060770e-03
  endloop
endfacet
facet normal    8.996550740609565e-01   -4.186074606454364e-01    1.240505606934297e-01
  outer loop
    vertex    9.347419254481792e-03    5.184615254402161e-01   -2.231989987194538e-03
    vertex    9.359214454889297e-03    5.188853740692139e-01   -8.872593753039837e-04
    vertex    8.712902665138245e-03    5.172392129898071e-01   -1.754950964823365e-03
  endloop
endfacet
facet normal    6.592422031821237e-01    7.473626368263787e-01    8.275751699695853e-02
  outer loop
    vertex    2.316720969974994e-02    5.132253170013428e-01   -1.848479919135571e-02
    vertex    2.213444001972675e-02    5.143771171569824e-01   -2.065942995250225e-02
    vertex    2.133077941834926e-02    5.150787830352783e-01   -2.059408091008663e-02
  endloop
endfacet
facet normal   -2.422753372817120e-01   -9.666848832756663e-01   -8.260143698110851e-02
  outer loop
    vertex    3.429052978754044e-02    4.986037909984589e-01   -1.852296991273761e-03
    vertex    2.247931994497776e-02    5.014613866806030e-01   -6.517089204862714e-04
    vertex    3.402991965413094e-02    4.987544119358063e-01   -2.850627992302179e-03
  endloop
endfacet
facet normal    3.621829453226973e-01   -9.318607810705382e-01    2.142425774635987e-02
  outer loop
    vertex    3.752981126308441e-02    4.988215863704682e-01   -1.423725974746048e-03
    vertex    3.637816011905670e-02    4.983868002891541e-01   -8.660260937176645e-04
    vertex    3.637403994798660e-02    4.983487129211426e-01   -2.453006105497479e-03
  endloop
endfacet
facet normal   -3.810857980754637e-01   -7.309986231023442e-01   -5.660517887328541e-01
  outer loop
    vertex    1.884507015347480e-02    5.045930743217468e-01   -1.076516043394804e-02
    vertex    1.277625001966953e-02    5.084761977195740e-01   -1.169408019632101e-02
    vertex    1.888353005051613e-02    5.053542852401733e-01   -1.177407987415791e-02
  endloop
endfacet
facet normal    2.846682516734424e-01   -9.396905540721848e-01    1.895933782511821e-01
  outer loop
    vertex    1.931340992450714e-02    5.105149149894714e-01   -2.751933969557285e-02
    vertex    2.000913955271244e-02    5.116518139839172e-01   -2.292908914387226e-02
    vertex    9.931070730090141e-03    5.086988806724548e-01   -2.243296056985855e-02
  endloop
endfacet
facet normal    8.436015677629564e-02   -9.908283007195385e-01   -1.055587156132095e-01
  outer loop
    vertex    6.447175983339547e-03    5.081468224525452e-01   -2.272449061274529e-02
    vertex    9.959228336811066e-03    5.085967779159546e-01   -2.414125017821789e-02
    vertex    9.347615763545036e-03    5.084565877914429e-01   -2.331414073705673e-02
  endloop
endfacet
facet normal   -3.314693576642060e-01   -3.350689428579683e-01   -8.819619427513424e-01
  outer loop
    vertex    2.782735973596573e-02    5.066941976547241e-01   -1.768972910940647e-02
    vertex    2.709550037980079e-02    5.058838725090027e-01   -1.710681989789009e-02
    vertex    2.593321911990642e-02    5.063108205795288e-01   -1.683220081031322e-02
  endloop
endfacet
facet normal   -3.398240006764479e-01   -7.168790584917889e-01   -6.087725881313808e-01
  outer loop
    vertex    2.730407938361168e-02    5.074747800827026e-01   -1.877680979669094e-02
    vertex    1.952325925230980e-02    5.098723173141479e-01   -1.725675910711288e-02
    vertex    2.006302960216999e-02    5.108122825622559e-01   -1.866495050489902e-02
  endloop
endfacet
facet normal    2.624438705610881e-01   -9.505432851772957e-01    1.661044183917736e-01
  outer loop
    vertex    2.030936069786548e-02    5.103585124015808e-01   -2.998795919120312e-02
    vertex    1.931340992450714e-02    5.105149149894714e-01   -2.751933969557285e-02
    vertex    1.842146925628185e-02    5.101609826087952e-01   -2.813548035919666e-02
  endloop
endfacet
facet normal   -2.584589547044684e-01   -8.393217362477605e-01   -4.782656079994866e-01
  outer loop
    vertex    2.782735973596573e-02    5.066941976547241e-01   -1.768972910940647e-02
    vertex    2.730407938361168e-02    5.074747800827026e-01   -1.877680979669094e-02
    vertex    2.823504060506820e-02    5.070742964744568e-01   -1.857708953320980e-02
  endloop
endfacet
facet normal   -1.872266001383890e-01   -9.814088381462587e-01    4.222431300838672e-02
  outer loop
    vertex    2.280024066567421e-02    5.115318894386292e-01   -2.899553999304771e-02
    vertex    2.184757962822914e-02    5.120127797126770e-01   -2.204252034425735e-02
    vertex    2.120908908545971e-02    5.121251940727234e-01   -2.226082980632782e-02
  endloop
endfacet
facet normal   -5.933444967890787e-01   -7.930507075075618e-01   -1.378872127931750e-01
  outer loop
    vertex   -2.319715917110445e-02    5.091546177864075e-01   -5.146796815097332e-03
    vertex   -2.352255024015905e-02    5.092999935150146e-01   -4.582722205668688e-03
    vertex   -2.662382088601591e-02    5.114446878433228e-01   -3.572690067812800e-03
  endloop
endfacet
facet normal    7.297072433665354e-01    1.975966399646245e-01   -6.545860576372694e-01
  outer loop
    vertex    3.376809135079384e-02    5.140399932861328e-01   -1.395475026220083e-02
    vertex    3.585769981145859e-02    5.127604007720947e-01   -1.201159972697496e-02
    vertex    3.617145866155624e-02    5.116397142410278e-01   -1.200012955814600e-02
  endloop
endfacet
facet normal    4.209029197102149e-01    9.017413009973888e-01    9.850562549901856e-02
  outer loop
    vertex    2.696930058300495e-02    5.171837210655212e-01   -5.420833826065063e-03
    vertex    2.885477989912033e-02    5.161361098289490e-01   -3.887210041284561e-03
    vertex    2.835699915885925e-02    5.165281891822815e-01   -5.349428858608007e-03
  endloop
endfacet
facet normal   -2.577071477038410e-01    9.538198114261953e-01   -1.543204242906549e-01
  outer loop
    vertex    2.825723029673099e-02    5.203620195388794e-01   -1.435858011245728e-02
    vertex    2.801733091473579e-02    5.204228162765503e-01   -1.358218956738710e-02
    vertex    2.892502024769783e-02    5.205361247062683e-01   -1.439765002578497e-02
  endloop
endfacet
facet normal    5.536214679840710e-03    9.226282143929619e-01    3.856507854692809e-01
  outer loop
    vertex    1.893310993909835e-02    5.164800286293030e-01   -1.484563015401363e-02
    vertex    1.793944090604782e-02    5.167816281318665e-01   -1.555291004478931e-02
    vertex    1.839685998857021e-02    5.160779953002930e-01   -1.387611031532288e-02
  endloop
endfacet
facet normal   -4.893939526856259e-01    5.450803192018044e-01    6.807209448030805e-01
  outer loop
    vertex    2.489718049764633e-02    5.186095833778381e-01   -1.024901960045099e-02
    vertex    2.493409067392349e-02    5.197749137878418e-01   -1.115560997277498e-02
    vertex    2.284332923591137e-02    5.175918936729431e-01   -1.091070007532835e-02
  endloop
endfacet
facet normal    1.949704728009985e-02    7.519246344675931e-01   -6.589607038573196e-01
  outer loop
    vertex   -1.730315946042539e-02    5.173465013504028e-01   -3.176345955580473e-03
    vertex   -1.931234076619150e-02    5.169376730918884e-01   -3.702297108247876e-03
    vertex   -2.368368953466417e-02    5.175381898880005e-01   -3.146399045363069e-03
  endloop
endfacet
facet normal    6.206124360697833e-02    6.591507817737231e-01   -7.494455610176400e-01
  outer loop
    vertex   -1.496342010796071e-02    5.171418190002441e-01   -3.162615001201630e-03
    vertex   -1.931234076619150e-02    5.169376730918884e-01   -3.702297108247876e-03
    vertex   -1.730315946042539e-02    5.173465013504028e-01   -3.176345955580473e-03
  endloop
endfacet
facet normal    8.814732793452455e-02    5.831619788800464e-01   -8.075593816969200e-01
  outer loop
    vertex   -1.143386960029603e-02    5.164471864700317e-01   -3.278969088569283e-03
    vertex   -1.308766007423402e-02    5.159375071525574e-01   -3.827539039775729e-03
    vertex   -1.496342010796071e-02    5.171418190002441e-01   -3.162615001201630e-03
  endloop
endfacet
facet normal   -3.592574636835341e-01    7.899903204850215e-01   -4.968393788012855e-01
  outer loop
    vertex    5.739157088100909e-03    5.137090086936951e-01   -1.205443032085896e-02
    vertex    4.461480770260095e-03    5.139006972312927e-01   -1.082576997578144e-02
    vertex    5.622204858809709e-03    5.147596001625061e-01   -1.029939018189907e-02
  endloop
endfacet
facet normal   -2.215471729739185e-01    8.451565137813057e-01   -4.864435397456669e-01
  outer loop
    vertex    9.479096159338951e-03    5.188338756561279e-01   -4.539154004305601e-03
    vertex   -3.103961935266853e-03    5.150179266929626e-01   -5.438196007162333e-03
    vertex    4.948623944073915e-03    5.179244875907898e-01   -4.055771976709366e-03
  endloop
endfacet
facet normal   -1.237987483066590e-01    3.006450612333832e-01   -9.456671809223791e-01
  outer loop
    vertex   -1.250149961560966e-02    5.145694017410278e-01   -4.508302081376314e-03
    vertex   -6.888906937092557e-03    5.137267112731934e-01   -5.510962102562189e-03
    vertex   -1.248050015419723e-02    5.107465982437134e-01   -5.726390983909369e-03
  endloop
endfacet
facet normal   -6.110181257281649e-02    4.905769629070703e-01   -8.692530195318228e-01
  outer loop
    vertex   -6.427546031773105e-03    5.143707990646362e-01   -5.179890897125006e-03
    vertex   -6.888906937092557e-03    5.137267112731934e-01   -5.510962102562189e-03
    vertex   -1.308766007423402e-02    5.159375071525574e-01   -3.827539039775729e-03
  endloop
endfacet
facet normal   -3.945306499940807e-01    5.256337646371192e-01   -7.536940438192793e-01
  outer loop
    vertex    4.461480770260095e-03    5.139006972312927e-01   -1.082576997578144e-02
    vertex    4.201963078230619e-03    5.133985280990601e-01   -1.104013994336128e-02
    vertex   -5.095848813653007e-03    5.133427977561951e-01   -6.211949978023767e-03
  endloop
endfacet
facet normal   -2.067077279121068e-01    9.121070014116237e-01    3.540236336705653e-01
  outer loop
    vertex    1.940719038248062e-02    5.188732147216797e-01   -1.888223923742771e-02
    vertex    2.292291074991226e-02    5.215607285499573e-01   -2.375359088182449e-02
    vertex    2.190062962472438e-02    5.211616754531860e-01   -2.332236059010029e-02
  endloop
endfacet
facet normal   -3.576092817588933e-01    9.019225813926852e-01    2.421802196172171e-01
  outer loop
    vertex    1.402300037443638e-02    5.177041292190552e-01   -2.207813970744610e-02
    vertex    1.939653977751732e-02    5.196928977966309e-01   -2.154996991157532e-02
    vertex    2.190062962472438e-02    5.211616754531860e-01   -2.332236059010029e-02
  endloop
endfacet
facet normal    6.531113249970454e-01    7.542901583925592e-01   -6.702204199166101e-02
  outer loop
    vertex    2.134235017001629e-02    5.147373080253601e-01   -2.432440966367722e-02
    vertex    2.133077941834926e-02    5.150787830352783e-01   -2.059408091008663e-02
    vertex    2.213444001972675e-02    5.143771171569824e-01   -2.065942995250225e-02
  endloop
endfacet
facet normal    1.540650029202143e-01   -9.754782874126101e-01   -1.571816963318429e-01
  outer loop
    vertex    1.803738996386528e-02    5.111879706382751e-01   -1.851910911500454e-02
    vertex    1.616224087774753e-02    5.107297897338867e-01   -1.751358062028885e-02
    vertex    1.948300004005432e-02    5.117186903953552e-01   -2.039583958685398e-02
  endloop
endfacet
facet normal    8.884592357539008e-01   -1.503073507019331e-01   -4.336448855095154e-01
  outer loop
    vertex    3.861476853489876e-02    5.096095800399780e-01   -8.675579912960529e-03
    vertex    3.716060891747475e-02    5.004010200500488e-01   -8.463072590529919e-03
    vertex    3.456494957208633e-02    5.016670823097229e-01   -1.421993970870972e-02
  endloop
endfacet
facet normal    4.618386120589990e-01    5.879941294169357e-01    6.640542147917121e-01
  outer loop
    vertex    2.260676026344299e-02    5.172097086906433e-01   -2.739300020039082e-02
    vertex    2.134235017001629e-02    5.147373080253601e-01   -2.432440966367722e-02
    vertex    2.342342957854271e-02    5.141363143920898e-01   -2.523960918188095e-02
  endloop
endfacet
facet normal    8.681174641882236e-01   -9.862297700025488e-02    4.864623076652657e-01
  outer loop
    vertex    2.297431975603103e-02    5.209317803382874e-01   -2.306286059319973e-02
    vertex    2.068915963172912e-02    5.187873244285583e-01   -1.941962912678719e-02
    vertex    2.131555043160915e-02    5.162631273269653e-01   -2.104919962584972e-02
  endloop
endfacet
facet normal    1.819350063650116e-01    7.032712945602304e-01   -6.872475097856237e-01
  outer loop
    vertex   -2.368368953466417e-02    5.175381898880005e-01   -3.146399045363069e-03
    vertex   -2.366534993052484e-02    5.199447274208069e-01   -6.788959144614637e-04
    vertex   -1.948981918394567e-02    5.189021825790405e-01   -6.403605220839381e-04
  endloop
endfacet
facet normal   -5.698450362631592e-01    8.146441782275716e-01   -1.078494206111613e-01
  outer loop
    vertex    9.480349719524384e-03    5.159609913825989e-01   -1.444603037089109e-02
    vertex    1.325101032853127e-02    5.187281966209412e-01   -1.346693001687527e-02
    vertex    1.222412008792162e-02    5.174180269241333e-01   -1.793755032122135e-02
  endloop
endfacet
facet normal    1.115085398907443e-02    2.191975650992949e-01   -9.756167720523541e-01
  outer loop
    vertex   -1.423982996493579e-02    5.151258707046509e-01   -4.178464878350496e-03
    vertex   -2.223188988864424e-02    5.101125836372375e-01   -5.396175198256969e-03
    vertex   -1.929616928100588e-02    5.158373117446899e-01   -4.076412878930569e-03
  endloop
endfacet
facet normal    3.220672153945234e-02   -9.039977311619448e-01    4.263224473819508e-01
  outer loop
    vertex   -3.029643092304469e-03    5.089172124862671e-01   -7.977166213095188e-03
    vertex    2.597291953861713e-03    5.075830817222595e-01   -1.123122032731771e-02
    vertex    4.636384081095456e-03    5.084586143493652e-01   -9.528736583888531e-03
  endloop
endfacet
facet normal   -4.432276023405606e-01   -7.746345687712929e-01   -4.510992988111941e-01
  outer loop
    vertex    2.730407938361168e-02    5.074747800827026e-01   -1.877680979669094e-02
    vertex    2.199484035372734e-02    5.117092132568359e-01   -2.083165012300014e-02
    vertex    2.778968960046768e-02    5.092133879661560e-01   -2.223950996994972e-02
  endloop
endfacet
facet normal   -1.181781644378203e-01   -9.929923216483796e-01   -4.130344642221544e-04
  outer loop
    vertex   -7.880637422204032e-03    5.094590187072754e-01   -5.311892833560705e-03
    vertex   -7.607219740748420e-03    5.094242691993713e-01    4.336477803772565e-19
    vertex   -9.739245288074030e-03    5.096780061721802e-01    4.336477683876294e-19
  endloop
endfacet
facet normal    3.566271309837353e-01    6.994671090398742e-01    6.193245133350611e-01
  outer loop
    vertex    2.254647947847843e-02    5.162774920463562e-01   -1.669757999479771e-02
    vertex    2.026260085403919e-02    5.185946822166443e-01   -1.799949072301388e-02
    vertex    1.893310993909835e-02    5.164800286293030e-01   -1.484563015401363e-02
  endloop
endfacet
facet normal   -8.756630288836422e-01    4.242328408189032e-01    2.307395861508131e-01
  outer loop
    vertex    2.044044062495231e-02    5.066905021667480e-01   -4.418197087943554e-03
    vertex    2.342423051595688e-02    5.149776935577393e-01   -8.331284858286381e-03
    vertex    2.059308066964149e-02    5.078275203704834e-01   -5.929421167820692e-03
  endloop
endfacet
facet normal    9.349790737971629e-01    3.446453006716469e-01    8.386744473482760e-02
  outer loop
    vertex    3.951914981007576e-02    5.109689831733704e-01   -4.014066071249545e-04
    vertex    3.948802128434181e-02    5.109557509422302e-01   -3.282377285010137e-23
    vertex    3.976536169648170e-02    5.102033615112305e-01   -2.713787652534018e-20
  endloop
endfacet
facet normal   -2.451001883982206e-01   -9.690436609437409e-01    2.966952699165618e-02
  outer loop
    vertex    2.250188775360584e-02    5.014756321907043e-01   -3.291929581580203e-23
    vertex    2.247931994497776e-02    5.014613866806030e-01   -6.517089204862714e-04
    vertex    2.484737895429134e-02    5.008823871612549e-01   -3.290610574634250e-23
  endloop
endfacet
facet normal    2.193472677373499e-01   -9.755534472192632e-01   -1.349991684314449e-02
  outer loop
    vertex    3.634358197450638e-02    4.983670413494111e-01   -1.230484778726696e-20
    vertex    3.637816011905670e-02    4.983868002891541e-01   -8.660260937176645e-04
    vertex    3.664671629667282e-02    4.984351992607117e-01   -3.283975116836723e-23
  endloop
endfacet
facet normal    9.911042265462395e-01   -1.330751821631519e-01    1.846080828263205e-03
  outer loop
    vertex    3.810074925422668e-02    4.997049868106843e-01   -1.413794001564384e-03
    vertex    3.811885043978691e-02    4.998156130313874e-01   -3.157248022034764e-03
    vertex    3.857240825891495e-02    5.031980276107788e-01   -2.836371073499322e-03
  endloop
endfacet
facet normal    5.063614851209663e-01   -8.538586667494767e-01   -1.205131677572846e-01
  outer loop
    vertex    3.777178004384041e-02    4.989860951900483e-01   -2.923414111137390e-03
    vertex    3.586442023515701e-02    4.986557066440583e-01   -8.596722967922688e-03
    vertex    3.648447990417480e-02    4.990251958370209e-01   -8.609312586486340e-03
  endloop
endfacet
facet normal    9.623229536928206e-01   -1.897702467946402e-01   -1.947351694672201e-01
  outer loop
    vertex    3.846364095807076e-02    5.040658712387085e-01   -5.595291033387184e-03
    vertex    3.811885043978691e-02    4.998156130313874e-01   -3.157248022034764e-03
    vertex    3.716060891747475e-02    5.004010200500488e-01   -8.463072590529919e-03
  endloop
endfacet
facet normal    9.192881974344639e-01   -1.535316541726046e-01   -3.624048029824076e-01
  outer loop
    vertex    3.907902911305428e-02    5.095481872558594e-01   -7.471912074834108e-03
    vertex    3.716060891747475e-02    5.004010200500488e-01   -8.463072590529919e-03
    vertex    3.861476853489876e-02    5.096095800399780e-01   -8.675579912960529e-03
  endloop
endfacet
facet normal    8.859340682568831e-02   -2.299802002663336e-01   -9.691544333863800e-01
  outer loop
    vertex    2.993699908256530e-02    5.027871131896973e-01   -1.656972989439964e-02
    vertex    2.782735973596573e-02    5.066941976547241e-01   -1.768972910940647e-02
    vertex    2.885773032903671e-02    5.071154832839966e-01   -1.769551075994968e-02
  endloop
endfacet
facet normal    6.039517664224946e-01    7.924743675447531e-01   -8.500965015627591e-02
  outer loop
    vertex    3.534428030252457e-02    5.136123895645142e-01   -1.027362979948521e-02
    vertex    3.602961823344231e-02    5.130072236061096e-01   -1.104610040783882e-02
    vertex    3.446371108293533e-02    5.142139792442322e-01   -1.092152018100023e-02
  endloop
endfacet
facet normal    5.913235697507589e-01    7.242222762254731e-01    3.547372696461619e-01
  outer loop
    vertex    2.921682037413120e-02    5.163341164588928e-01   -7.103416137397289e-03
    vertex    3.310823068022728e-02    5.154039859771729e-01   -1.169120986014605e-02
    vertex    2.813467010855674e-02    5.171440243721008e-01   -6.953029893338680e-03
  endloop
endfacet
facet normal    6.439712708445461e-01    6.199459467099457e-01    4.482945744538621e-01
  outer loop
    vertex    2.813467010855674e-02    5.171440243721008e-01   -6.953029893338680e-03
    vertex    3.310823068022728e-02    5.154039859771729e-01   -1.169120986014605e-02
    vertex    3.326117992401123e-02    5.163329839706421e-01   -1.319563016295433e-02
  endloop
endfacet
facet normal    6.339230191381799e-02    7.887165428847596e-01    6.114798696915384e-01
  outer loop
    vertex    2.670178934931755e-02    5.181788802146912e-01   -7.216874044388533e-03
    vertex    2.724340930581092e-02    5.179644823074341e-01   -6.996483076363802e-03
    vertex    2.734722010791301e-02    5.215693116188049e-01   -1.165692973881960e-02
  endloop
endfacet
facet normal   -5.175850560397668e-01    7.134138609923645e-01    4.723837134240327e-01
  outer loop
    vertex    2.500195987522602e-02    5.184034109115601e-01   -9.418452158570290e-03
    vertex    2.696930058300495e-02    5.171837210655212e-01   -5.420833826065063e-03
    vertex    2.670178934931755e-02    5.181788802146912e-01   -7.216874044388533e-03
  endloop
endfacet
facet normal    8.083104782704904e-01   -1.726555313431056e-01   -5.628714224534418e-01
  outer loop
    vertex    3.043003007769584e-02    5.123631954193115e-01   -1.704729907214642e-02
    vertex    2.885773032903671e-02    5.071154832839966e-01   -1.769551075994968e-02
    vertex    2.823504060506820e-02    5.070742964744568e-01   -1.857708953320980e-02
  endloop
endfacet
facet normal   -4.168573273229497e-02    9.267492476589956e-01   -3.733605919885727e-01
  outer loop
    vertex    2.734722010791301e-02    5.215693116188049e-01   -1.165692973881960e-02
    vertex    2.814083918929100e-02    5.214725732803345e-01   -1.198565959930420e-02
    vertex    2.892502024769783e-02    5.205361247062683e-01   -1.439765002578497e-02
  endloop
endfacet
facet normal    9.069521537273667e-01    3.751812714056781e-01    1.915118911078627e-01
  outer loop
    vertex    2.260676026344299e-02    5.172097086906433e-01   -2.739300020039082e-02
    vertex    2.342342957854271e-02    5.141363143920898e-01   -2.523960918188095e-02
    vertex    2.274635992944240e-02    5.171573162078857e-01   -2.795146964490414e-02
  endloop
endfacet
facet normal    9.702191914175011e-01    9.765870337549176e-02    2.216697955522763e-01
  outer loop
    vertex    2.068915963172912e-02    5.187873244285583e-01   -1.941962912678719e-02
    vertex    2.133077941834926e-02    5.150787830352783e-01   -2.059408091008663e-02
    vertex    2.131555043160915e-02    5.162631273269653e-01   -2.104919962584972e-02
  endloop
endfacet
facet normal    9.324028895273531e-01    2.975492404594293e-01    2.051567720136469e-01
  outer loop
    vertex    2.274635992944240e-02    5.171573162078857e-01   -2.795146964490414e-02
    vertex    2.147966064512729e-02    5.192720293998718e-01   -2.526161074638367e-02
    vertex    2.260676026344299e-02    5.172097086906433e-01   -2.739300020039082e-02
  endloop
endfacet
facet normal    9.733474143303186e-02    9.880113023472565e-01    1.198316091198106e-01
  outer loop
    vertex    1.839685998857021e-02    5.160779953002930e-01   -1.387611031532288e-02
    vertex    2.179875038564205e-02    5.156567096710205e-01   -1.316583994776011e-02
    vertex    2.352211065590381e-02    5.159273147583008e-01   -1.679679937660694e-02
  endloop
endfacet
facet normal   -9.905924407344541e-01    1.360786972289894e-01    1.446390404483366e-02
  outer loop
    vertex    1.959276013076305e-02    5.033823251724243e-01   -8.035951177589595e-04
    vertex    1.976766996085643e-02    5.046588778495789e-01   -8.345182868652046e-04
    vertex    1.974599994719028e-02    5.048682093620300e-01   -4.288061056286097e-03
  endloop
endfacet
facet normal   -5.663943099301976e-01    3.034966349464530e-01   -7.662162085566153e-01
  outer loop
    vertex    1.869750022888183e-02    5.063130855560303e-01   -1.008247025310993e-02
    vertex    2.209624089300632e-02    5.129743814468384e-01   -9.956326335668564e-03
    vertex    2.150944061577320e-02    5.097879171371460e-01   -1.078470982611179e-02
  endloop
endfacet
facet normal   -9.419066711535279e-01    3.266962965783587e-01   -7.798302788725735e-02
  outer loop
    vertex    2.150944061577320e-02    5.097879171371460e-01   -1.078470982611179e-02
    vertex    2.360356971621513e-02    5.159798860549927e-01   -1.013816986232996e-02
    vertex    2.173269912600517e-02    5.103834271430969e-01   -1.098651997745037e-02
  endloop
endfacet
facet normal   -3.029169446514236e-01    6.712537538917199e-02    9.506500452963274e-01
  outer loop
    vertex    1.939547993242740e-02    5.146015882492065e-01   -1.202910020947456e-02
    vertex    2.173269912600517e-02    5.103834271430969e-01   -1.098651997745037e-02
    vertex    2.066411077976226e-02    5.153334736824036e-01   -1.167653966695070e-02
  endloop
endfacet
facet normal    5.866221249199347e-01    2.175362667442360e-01    7.800977215742918e-01
  outer loop
    vertex    1.233275979757309e-02    5.166385769844055e-01   -8.975292555987835e-03
    vertex    1.441635005176067e-02    5.189620852470398e-01   -1.119005028158426e-02
    vertex    1.496329996734858e-02    5.198209881782532e-01   -1.184086035937071e-02
  endloop
endfacet
facet normal    8.408967969445050e-01   -3.024768208868115e-01    4.487765030777341e-01
  outer loop
    vertex    1.013823971152306e-02    5.105525851249695e-01   -8.965279906988144e-03
    vertex    1.233275979757309e-02    5.166385769844055e-01   -8.975292555987835e-03
    vertex    9.609719738364220e-03    5.176445841789246e-01   -3.194933058694005e-03
  endloop
endfacet
facet normal    2.778543288743688e-01    9.006855687695621e-01    3.340096976676342e-01
  outer loop
    vertex    1.002159994095564e-02    5.189617276191711e-01   -4.141661804169416e-03
    vertex    9.347419254481792e-03    5.184615254402161e-01   -2.231989987194538e-03
    vertex    1.381462998688221e-02    5.199031829833984e-01   -9.835703298449516e-03
  endloop
endfacet
facet normal    9.284239302384513e-01   -3.712995535230927e-01    1.287040458336117e-02
  outer loop
    vertex    8.712902665138245e-03    5.172392129898071e-01   -1.754950964823365e-03
    vertex    9.359214454889297e-03    5.188853740692139e-01   -8.872593753039837e-04
    vertex    6.723687052726745e-03    5.122662782669067e-01   -1.724887057207525e-03
  endloop
endfacet
facet normal    4.674519327238514e-02    9.902546602646939e-01   -1.311891562972451e-01
  outer loop
    vertex   -1.745495945215227e-02    5.188406109809875e-01   -2.361960068810731e-04
    vertex   -2.614882076159120e-03    5.181651115417480e-01   -4.726410043076612e-05
    vertex   -6.008846219629064e-03    5.182480812072754e-01   -6.303184782154858e-04
  endloop
endfacet
facet normal   -2.206135658260894e-01    9.026492838669031e-01   -3.695320350227633e-01
  outer loop
    vertex    4.948623944073915e-03    5.179244875907898e-01   -4.055771976709366e-03
    vertex    7.671099156141280e-03    5.186747908592224e-01   -3.848358988761902e-03
    vertex    9.479096159338951e-03    5.188338756561279e-01   -4.539154004305601e-03
  endloop
endfacet
facet normal   -5.133658105120438e-01    8.419707713729021e-01   -1.659541043512707e-01
  outer loop
    vertex    1.324552018195391e-02    5.190991163253784e-01   -1.156807970255613e-02
    vertex    1.439278014004230e-02    5.195503234863281e-01   -1.282783038914204e-02
    vertex    1.325101032853127e-02    5.187281966209412e-01   -1.346693001687527e-02
  endloop
endfacet
facet normal   -5.338249578702146e-01    8.366636054955822e-01   -1.225762032125192e-01
  outer loop
    vertex    1.325101032853127e-02    5.187281966209412e-01   -1.346693001687527e-02
    vertex    1.439278014004230e-02    5.195503234863281e-01   -1.282783038914204e-02
    vertex    1.222412008792162e-02    5.174180269241333e-01   -1.793755032122135e-02
  endloop
endfacet
facet normal    2.622508317895685e-02    3.221320146919455e-01   -9.463314483428970e-01
  outer loop
    vertex   -1.423982996493579e-02    5.151258707046509e-01   -4.178464878350496e-03
    vertex   -1.929616928100588e-02    5.158373117446899e-01   -4.076412878930569e-03
    vertex   -1.931234076619150e-02    5.169376730918884e-01   -3.702297108247876e-03
  endloop
endfacet
facet normal   -7.614589848217630e-02    3.049605354641640e-01   -9.493160032116558e-01
  outer loop
    vertex   -1.782372035086157e-02    5.101531147956848e-01   -5.488456226885319e-03
    vertex   -1.423982996493579e-02    5.151258707046509e-01   -4.178464878350496e-03
    vertex   -1.248050015419723e-02    5.107465982437134e-01   -5.726390983909369e-03
  endloop
endfacet
facet normal   -2.866204639109200e-01    2.951905463475297e-01   -9.114336240311390e-01
  outer loop
    vertex   -7.358278147876277e-03    5.100666880607605e-01   -6.548747885972261e-03
    vertex   -6.888906937092557e-03    5.137267112731934e-01   -5.510962102562189e-03
    vertex   -5.747491028159872e-03    5.102850794792175e-01   -6.984564010053873e-03
  endloop
endfacet
facet normal   -4.941350694408513e-01   -7.697006822894561e-03   -8.693510736374882e-01
  outer loop
    vertex   -4.085877910256387e-03    5.091775059700012e-01   -7.919210940599442e-03
    vertex   -5.747491028159872e-03    5.102850794792175e-01   -6.984564010053873e-03
    vertex    2.059151884168386e-03    5.079060792922974e-01   -1.140076015144587e-02
  endloop
endfacet
facet normal   -4.643847689272266e-01    1.079052805602242e-01   -8.790354013437830e-01
  outer loop
    vertex    2.059151884168386e-03    5.079060792922974e-01   -1.140076015144587e-02
    vertex   -5.747491028159872e-03    5.102850794792175e-01   -6.984564010053873e-03
    vertex    2.412104047834872e-03    5.087335109710693e-01   -1.148565020412207e-02
  endloop
endfacet
facet normal   -7.603721120788995e-01    6.398614769219251e-01   -1.114070981758619e-01
  outer loop
    vertex    8.948955684900284e-03    5.122972726821899e-01   -2.333620935678482e-02
    vertex    1.031207013875246e-02    5.144624114036560e-01   -2.020432054996490e-02
    vertex    1.208360958844423e-02    5.161482095718384e-01   -2.261307090520859e-02
  endloop
endfacet
facet normal   -6.008699415662418e-01    5.534417468645678e-01   -5.767647233921962e-01
  outer loop
    vertex    1.688545010983944e-02    5.165671110153198e-01   -2.816076017916203e-02
    vertex    1.048765983432531e-02    5.136212706565857e-01   -2.432229928672314e-02
    vertex    1.734595000743866e-02    5.173031091690063e-01   -2.793426997959614e-02
  endloop
endfacet
facet normal    2.223917706180841e-02    3.057461547821752e-01   -9.518533016381924e-01
  outer loop
    vertex    1.828661002218723e-02    5.159763097763062e-01   -2.871396020054817e-02
    vertex    1.813058927655220e-02    5.173937082290649e-01   -2.826232090592384e-02
    vertex    2.202307060360908e-02    5.171329975128174e-01   -2.825511991977692e-02
  endloop
endfacet
facet normal    5.671160812395132e-01    7.429042931681140e-01   -3.556298097627965e-01
  outer loop
    vertex    1.456231996417046e-02    5.177062749862671e-01   -1.866934075951576e-02
    vertex    1.345933973789215e-02    5.174612998962402e-01   -2.093999087810516e-02
    vertex    1.586068980395794e-02    5.195869207382202e-01   -1.267021987587214e-02
  endloop
endfacet
facet normal   -1.922771420911832e-01    8.669236676381001e-01    4.598617782748983e-01
  outer loop
    vertex    1.793944090604782e-02    5.167816281318665e-01   -1.555291004478931e-02
    vertex    2.026260085403919e-02    5.185946822166443e-01   -1.799949072301388e-02
    vertex    1.940719038248062e-02    5.188732147216797e-01   -1.888223923742771e-02
  endloop
endfacet
facet normal   -2.823323891684165e-01   -9.444671340304276e-01   -1.681376066286310e-01
  outer loop
    vertex    3.051885962486267e-02    5.006440281867981e-01   -1.282185036689043e-02
    vertex    3.176501020789146e-02    5.004814863204956e-01   -1.400132011622190e-02
    vertex    3.165875002741814e-02    4.995625913143159e-01   -8.661248721182346e-03
  endloop
endfacet
facet normal   -3.906095039781083e-01   -7.597182219121215e-01   -5.198580947688136e-01
  outer loop
    vertex    2.852552011609077e-02    5.018926262855530e-01   -1.591458916664124e-02
    vertex    2.963542938232422e-02    5.015076994895935e-01   -1.618601940572262e-02
    vertex    2.871029078960418e-02    5.014935135841370e-01   -1.547016017138958e-02
  endloop
endfacet
facet normal   -3.720969656944608e-01   -5.172101872212264e-01   -7.707382631967608e-01
  outer loop
    vertex    2.593321911990642e-02    5.063108205795288e-01   -1.683220081031322e-02
    vertex    2.709550037980079e-02    5.058838725090027e-01   -1.710681989789009e-02
    vertex    2.613605000078678e-02    5.050848126411438e-01   -1.610740087926388e-02
  endloop
endfacet
facet normal   -1.221895750766108e-02   -9.798624395898750e-01   -1.992995146968617e-01
  outer loop
    vertex    4.636384081095456e-03    5.084586143493652e-01   -9.528736583888531e-03
    vertex    7.996380329132080e-03    5.084993243217468e-01   -9.934888221323490e-03
    vertex    6.941035855561494e-03    5.082967877388000e-01   -8.874407969415188e-03
  endloop
endfacet
facet normal   -4.555505019784077e-01   -8.663785376092330e-01   -2.046019787717301e-01
  outer loop
    vertex    2.059151884168386e-03    5.079060792922974e-01   -1.140076015144587e-02
    vertex    3.609081963077187e-03    5.073407292366028e-01   -1.245776005089283e-02
    vertex    2.597291953861713e-03    5.075830817222595e-01   -1.123122032731771e-02
  endloop
endfacet
facet normal    4.712212507597720e-02   -9.988687321602562e-01    6.384453060849980e-03
  outer loop
    vertex   -1.346882525831462e-02    5.098376274108887e-01   -3.312158018271277e-23
    vertex   -1.384092960506679e-02    5.097864866256714e-01   -5.254731047898531e-03
    vertex   -1.295080408453943e-02    5.098620653152466e-01    4.336477503271552e-19
  endloop
endfacet
facet normal    9.289176341441197e-01   -3.702725734723530e-01    3.201610571631023e-03
  outer loop
    vertex    9.359214454889297e-03    5.188853740692139e-01   -8.872593753039837e-04
    vertex    8.708874695003033e-03    5.172603726387024e-01   -1.318240974796936e-04
    vertex    6.723687052726745e-03    5.122662782669067e-01   -1.724887057207525e-03
  endloop
endfacet
facet normal   -7.827741970710717e-01    1.906216787471324e-01   -5.923917048637364e-01
  outer loop
    vertex   -2.558143064379694e-02    5.164235234260559e-01   -4.268904216587543e-03
    vertex   -2.648363076150419e-02    5.117713212966919e-01   -4.573755897581577e-03
    vertex   -2.691883966326715e-02    5.120232105255127e-01   -3.917626105248928e-03
  endloop
endfacet
facet normal    4.998470875728792e-01    8.322437037444329e-01    2.398401689097537e-01
  outer loop
    vertex    2.171397954225540e-02    5.143473744392395e-01   -2.374584972858429e-02
    vertex    2.414307929575443e-02    5.132201910018921e-01   -2.489697933197021e-02
    vertex    2.134235017001629e-02    5.147373080253601e-01   -2.432440966367722e-02
  endloop
endfacet
facet normal   -1.233724501619853e-01   -9.914276869884779e-01    4.301604367796916e-02
  outer loop
    vertex    3.637816011905670e-02    4.983868002891541e-01   -8.660260937176645e-04
    vertex    3.445696830749512e-02    4.986596107482911e-01   -8.841619273880497e-05
    vertex    3.429052978754044e-02    4.986037909984589e-01   -1.852296991273761e-03
  endloop
endfacet
facet normal   -2.730710285347862e-01   -7.892922072418992e-01   -5.499545662708556e-01
  outer loop
    vertex    1.277625001966953e-02    5.084761977195740e-01   -1.169408019632101e-02
    vertex    1.963049918413162e-02    5.114349126815796e-01   -1.934378035366535e-02
    vertex    2.006302960216999e-02    5.108122825622559e-01   -1.866495050489902e-02
  endloop
endfacet
facet normal   -2.397032857546168e-01   -8.767572801917970e-01   -4.169400513612516e-01
  outer loop
    vertex    1.183591969311237e-02    5.081623196601868e-01   -1.049343962222338e-02
    vertex    1.134038995951414e-02    5.088201761245728e-01   -1.159191969782114e-02
    vertex    1.277625001966953e-02    5.084761977195740e-01   -1.169408019632101e-02
  endloop
endfacet
facet normal    1.043253029354624e-01   -9.810656905099964e-01   -1.631758011212686e-01
  outer loop
    vertex    1.788284070789814e-02    5.102133750915527e-01   -2.879484929144382e-02
    vertex    1.842146925628185e-02    5.101609826087952e-01   -2.813548035919666e-02
    vertex    9.959228336811066e-03    5.085967779159546e-01   -2.414125017821789e-02
  endloop
endfacet
facet normal    1.588106782481770e-01   -9.860574881159317e-01   -4.969706837282393e-02
  outer loop
    vertex    9.959228336811066e-03    5.085967779159546e-01   -2.414125017821789e-02
    vertex    1.842146925628185e-02    5.101609826087952e-01   -2.813548035919666e-02
    vertex    9.347615763545036e-03    5.084565877914429e-01   -2.331414073705673e-02
  endloop
endfacet
facet normal    2.984931524462424e-01   -9.541640968128823e-01    2.174199383591115e-02
  outer loop
    vertex    5.752814933657645e-03    5.076050162315369e-01   -1.817199960350990e-02
    vertex    1.412250008434057e-02    5.102024078369141e-01   -1.908984966576099e-02
    vertex    7.324838079512118e-03    5.081685185432434e-01   -1.502437982708216e-02
  endloop
endfacet
facet normal    2.904069216161165e-01   -9.565443178469216e-01    2.620663794190370e-02
  outer loop
    vertex    5.190392024815082e-03    5.075812935829163e-01   -1.280543021857738e-02
    vertex    5.752814933657645e-03    5.076050162315369e-01   -1.817199960350990e-02
    vertex    7.324838079512118e-03    5.081685185432434e-01   -1.502437982708216e-02
  endloop
endfacet
facet normal    2.893304069625096e-01   -9.453791355335595e-01    1.501539400239903e-01
  outer loop
    vertex    2.106473036110401e-02    5.117728114128113e-01   -2.420129068195820e-02
    vertex    2.120908908545971e-02    5.121251940727234e-01   -2.226082980632782e-02
    vertex    2.000913955271244e-02    5.116518139839172e-01   -2.292908914387226e-02
  endloop
endfacet
facet normal   -4.216282834408210e-01   -9.065635966875858e-01   -1.928822862823047e-02
  outer loop
    vertex    2.778968960046768e-02    5.092133879661560e-01   -2.223950996994972e-02
    vertex    2.609086036682129e-02    5.100206732749939e-01   -2.304730936884880e-02
    vertex    2.546265907585621e-02    5.103862285614014e-01   -2.649665065109730e-02
  endloop
endfacet
facet normal   -4.541041035219511e-01   -8.905992730739246e-01    2.494790501670038e-02
  outer loop
    vertex    2.468690089881420e-02    5.106201767921448e-01   -2.720101922750473e-02
    vertex    2.609086036682129e-02    5.100206732749939e-01   -2.304730936884880e-02
    vertex    2.280024066567421e-02    5.115318894386292e-01   -2.899553999304771e-02
  endloop
endfacet
facet normal    3.684356046756995e-01    9.292133357642135e-01   -2.859688523589154e-02
  outer loop
    vertex    2.981263399124145e-02    5.150282979011536e-01   -3.287818321454763e-23
    vertex    2.941320091485977e-02    5.151789188385010e-01   -2.519988920539618e-04
    vertex    2.970845811069011e-02    5.150696039199829e-01   -3.287876905648361e-23
  endloop
endfacet
facet normal    8.167988612245130e-01    5.079666635013103e-02   -5.746819285396508e-01
  outer loop
    vertex    3.595849126577377e-02    5.102950930595398e-01   -1.239036954939365e-02
    vertex    3.861476853489876e-02    5.096095800399780e-01   -8.675579912960529e-03
    vertex    3.690310940146446e-02    5.092357993125916e-01   -1.114141009747982e-02
  endloop
endfacet
facet normal    4.819266419075134e-01    8.528072249279511e-01   -2.011629909561756e-01
  outer loop
    vertex    2.649761922657489e-02    5.112788081169128e-01   -2.307434007525444e-02
    vertex    2.654070965945720e-02    5.120447278022766e-01   -1.972408033907413e-02
    vertex    2.793890982866287e-02    5.105329751968384e-01   -2.278330922126770e-02
  endloop
endfacet
facet normal   -3.327252724648073e-01    9.265744990971311e-01   -1.753670170987706e-01
  outer loop
    vertex    2.825723029673099e-02    5.203620195388794e-01   -1.435858011245728e-02
    vertex    2.493409067392349e-02    5.197749137878418e-01   -1.115560997277498e-02
    vertex    2.801733091473579e-02    5.204228162765503e-01   -1.358218956738710e-02
  endloop
endfacet
facet normal   -2.570301349385185e-01    8.530928753230251e-01   -4.540573265641473e-01
  outer loop
    vertex    5.622204858809709e-03    5.147596001625061e-01   -1.029939018189907e-02
    vertex    4.812190018128594e-04    5.142139196395874e-01   -8.414447307586670e-03
    vertex    4.220777191221713e-03    5.149564146995544e-01   -9.136298671364784e-03
  endloop
endfacet
facet normal   -4.414123490253492e-01   -8.899912834081506e-01   -1.143269591366635e-01
  outer loop
    vertex    2.183490060269832e-02    5.022218227386475e-01   -5.170462187379599e-03
    vertex    2.080786041915416e-02    5.025287270545959e-01   -3.594228066504002e-03
    vertex    1.958180963993072e-02    5.040801167488098e-01   -1.093745976686478e-02
  endloop
endfacet
facet normal    1.994065343384054e-01   -9.798516584928945e-01    1.130315937561884e-02
  outer loop
    vertex    8.810545317828655e-03    5.086743831634521e-01   -9.122559800744057e-03
    vertex    6.941035855561494e-03    5.082967877388000e-01   -8.874407969415188e-03
    vertex    7.996380329132080e-03    5.084993243217468e-01   -9.934888221323490e-03
  endloop
endfacet
facet normal   -2.459799516044359e-01   -8.850528102241167e-01   -3.951903168387013e-01
  outer loop
    vertex    2.230704994872212e-03    5.054957866668701e-01   -3.487826092168689e-03
    vertex    1.232853974215685e-03    5.056130290031433e-01   -3.129300894215703e-03
    vertex   -5.248043220490232e-03    5.087845921516418e-01   -6.198278162628412e-03
  endloop
endfacet
facet normal   -3.931939682250811e-01   -9.125224762229992e-01   -1.126997503957293e-01
  outer loop
    vertex   -5.248043220490232e-03    5.087845921516418e-01   -6.198278162628412e-03
    vertex    1.232853974215685e-03    5.056130290031433e-01   -3.129300894215703e-03
    vertex   -5.088196136057392e-03    5.085800886154175e-01   -5.100111011415720e-03
  endloop
endfacet
facet normal    7.984271490123930e-01    5.911106142464891e-01   -1.144654071983329e-01
  outer loop
    vertex    2.134235017001629e-02    5.147373080253601e-01   -2.432440966367722e-02
    vertex    2.213444001972675e-02    5.143771171569824e-01   -2.065942995250225e-02
    vertex    2.171397954225540e-02    5.143473744392395e-01   -2.374584972858429e-02
  endloop
endfacet
facet normal   -3.166217974250797e-01   -9.350751436669145e-01   -1.593270632742946e-01
  outer loop
    vertex    2.080786041915416e-02    5.025287270545959e-01   -3.594228066504002e-03
    vertex    2.279775962233543e-02    5.018467903137207e-01   -3.546423045918345e-03
    vertex    2.247931994497776e-02    5.014613866806030e-01   -6.517089204862714e-04
  endloop
endfacet
facet normal    1.724440873086496e-01   -9.698270515108478e-01   -1.723326054757544e-01
  outer loop
    vertex    1.134038995951414e-02    5.088201761245728e-01   -1.159191969782114e-02
    vertex    1.086242031306028e-02    5.089982151985168e-01   -1.307213958352804e-02
    vertex    1.616224087774753e-02    5.107297897338867e-01   -1.751358062028885e-02
  endloop
endfacet
facet normal    2.451112644625254e-01   -9.658431628128290e-01   -8.406814427173374e-02
  outer loop
    vertex    1.616224087774753e-02    5.107297897338867e-01   -1.751358062028885e-02
    vertex    1.086242031306028e-02    5.089982151985168e-01   -1.307213958352804e-02
    vertex    1.559909991919994e-02    5.106400251388550e-01   -1.812420040369034e-02
  endloop
endfacet
facet normal   -9.556044867862753e-01    2.569810152647354e-01   -1.441555501097517e-01
  outer loop
    vertex   -2.578677050769331e-02    5.165225863456726e-01   -3.401213092729449e-03
    vertex   -2.691883966326715e-02    5.120232105255127e-01   -3.917626105248928e-03
    vertex   -2.691306918859484e-02    5.124875903129578e-01   -3.128045005723834e-03
  endloop
endfacet
facet normal    4.697619764213727e-01    1.016297977265395e-01   -8.769236396190653e-01
  outer loop
    vertex    3.396080061793327e-02    5.022956728935242e-01   -1.469894964247942e-02
    vertex    3.092627041041851e-02    5.027465820312500e-01   -1.627226918935776e-02
    vertex    3.263878077268600e-02    5.046736001968384e-01   -1.513156015425920e-02
  endloop
endfacet
facet normal    5.327045515998969e-01    7.948055677681709e-01    2.907059857475733e-01
  outer loop
    vertex    2.921682037413120e-02    5.163341164588928e-01   -7.103416137397289e-03
    vertex    3.446371108293533e-02    5.142139792442322e-01   -1.092152018100023e-02
    vertex    3.310823068022728e-02    5.154039859771729e-01   -1.169120986014605e-02
  endloop
endfacet
facet normal    5.374803207625216e-01    8.431582153710820e-01    1.411129495365127e-02
  outer loop
    vertex    3.689559176564217e-02    5.125761032104492e-01   -7.442282978445292e-03
    vertex    3.835314139723778e-02    5.116484761238098e-01   -7.532129064202309e-03
    vertex    3.534428030252457e-02    5.136123895645142e-01   -1.027362979948521e-02
  endloop
endfacet
facet normal    6.701078326065529e-01    3.356282597372673e-02   -7.415045713898232e-01
  outer loop
    vertex    3.047709912061691e-02    5.136064291000366e-01   -1.694848947227001e-02
    vertex    3.376809135079384e-02    5.140399932861328e-01   -1.395475026220083e-02
    vertex    3.043003007769584e-02    5.123631954193115e-01   -1.704729907214642e-02
  endloop
endfacet
facet normal   -7.679133269121682e-01    3.962752388299395e-01   -5.032644011262468e-01
  outer loop
    vertex    2.734722010791301e-02    5.215693116188049e-01   -1.165692973881960e-02
    vertex    2.801733091473579e-02    5.204228162765503e-01   -1.358218956738710e-02
    vertex    2.489718049764633e-02    5.186095833778381e-01   -1.024901960045099e-02
  endloop
endfacet
facet normal    3.449290400165124e-01    3.254684865288288e-01   -8.803943557462875e-01
  outer loop
    vertex    2.690847963094711e-02    5.133354067802429e-01   -1.860281080007553e-02
    vertex    2.789106033742427e-02    5.195267796516418e-01   -1.592898927628994e-02
    vertex    2.969129011034965e-02    5.139409899711609e-01   -1.728866063058376e-02
  endloop
endfacet
facet normal   -3.534902842564077e-01    4.996089172048251e-01   -7.908448323064053e-01
  outer loop
    vertex    2.718753926455974e-02    5.192543268203735e-01   -1.607733033597469e-02
    vertex    2.386845089495182e-02    5.138723254203796e-01   -1.799380034208298e-02
    vertex    2.407185919582843e-02    5.162823796272278e-01   -1.656218990683556e-02
  endloop
endfacet
facet normal    3.571551530206381e-01    9.153084994599042e-01    1.861465752767505e-01
  outer loop
    vertex    2.941320091485977e-02    5.151789188385010e-01   -2.519988920539618e-04
    vertex    2.885477989912033e-02    5.161361098289490e-01   -3.887210041284561e-03
    vertex    2.696930058300495e-02    5.171837210655212e-01   -5.420833826065063e-03
  endloop
endfacet
facet normal   -9.182292387669119e-01    3.949341405887637e-01    2.969999446046801e-02
  outer loop
    vertex    1.974599994719028e-02    5.048682093620300e-01   -4.288061056286097e-03
    vertex    1.976766996085643e-02    5.046588778495789e-01   -8.345182868652046e-04
    vertex    2.023988030850887e-02    5.059673190116882e-01   -3.634206950664520e-03
  endloop
endfacet
facet normal   -9.788654928481810e-01   -4.786561664424342e-02    1.988246203425375e-01
  outer loop
    vertex    1.990550942718982e-02    5.032970905303955e-01   -3.880989970639348e-03
    vertex    1.974599994719028e-02    5.048682093620300e-01   -4.288061056286097e-03
    vertex    1.863886043429374e-02    5.056021809577942e-01   -9.562099352478981e-03
  endloop
endfacet
facet normal    8.041601902948584e-01   -3.388479311893705e-01    4.883732874283980e-01
  outer loop
    vertex    5.723935086280107e-03    5.085613727569580e-01   -2.989758970215917e-03
    vertex    8.495161309838295e-03    5.108014941215515e-01   -5.998624023050070e-03
    vertex    8.848845958709717e-03    5.152283906936646e-01   -3.509491914883256e-03
  endloop
endfacet
facet normal    7.515858191332769e-02    1.676365827777308e-01    9.829797371662259e-01
  outer loop
    vertex    1.122988015413284e-02    5.087721943855286e-01   -1.020782999694347e-02
    vertex    1.756390929222107e-02    5.055704116821289e-01   -1.014610007405281e-02
    vertex    1.421711966395378e-02    5.089368224143982e-01   -1.046430971473455e-02
  endloop
endfacet
facet normal   -2.263323201653016e-02    2.698990844799689e-01   -9.626225745355033e-01
  outer loop
    vertex   -1.782372035086157e-02    5.101531147956848e-01   -5.488456226885319e-03
    vertex   -2.223188988864424e-02    5.101125836372375e-01   -5.396175198256969e-03
    vertex   -1.423982996493579e-02    5.151258707046509e-01   -4.178464878350496e-03
  endloop
endfacet
facet normal    5.049756147597169e-01    4.329252589242806e-01   -7.467096816590704e-01
  outer loop
    vertex    3.047709912061691e-02    5.136064291000366e-01   -1.694848947227001e-02
    vertex    3.065467998385429e-02    5.188819169998169e-01   -1.376978959888220e-02
    vertex    3.365791961550713e-02    5.152698159217834e-01   -1.383300963789225e-02
  endloop
endfacet
facet normal   -3.071771873082115e-01   -9.381582812585365e-01   -1.596909981916476e-01
  outer loop
    vertex    3.051885962486267e-02    5.006440281867981e-01   -1.282185036689043e-02
    vertex    3.165875002741814e-02    4.995625913143159e-01   -8.661248721182346e-03
    vertex    2.306563034653663e-02    5.023136734962463e-01   -8.293915539979935e-03
  endloop
endfacet
facet normal   -2.808320119822125e-01   -9.568066123395585e-01   -7.519632723292062e-02
  outer loop
    vertex    2.871029078960418e-02    5.014935135841370e-01   -1.547016017138958e-02
    vertex    3.176501020789146e-02    5.004814863204956e-01   -1.400132011622190e-02
    vertex    2.641477994620800e-02    5.019850134849548e-01   -1.315112970769405e-02
  endloop
endfacet
facet normal   -4.767431259998281e-01   -4.040149439639784e-01   -7.806970711266281e-01
  outer loop
    vertex    2.613605000078678e-02    5.050848126411438e-01   -1.610740087926388e-02
    vertex    2.709550037980079e-02    5.058838725090027e-01   -1.710681989789009e-02
    vertex    2.852552011609077e-02    5.018926262855530e-01   -1.591458916664124e-02
  endloop
endfacet
facet normal   -2.692142998706448e-01   -9.630584682948311e-01    6.484395945076854e-03
  outer loop
    vertex    3.373361006379128e-02    4.988031089305878e-01   -7.920140400528908e-03
    vertex    3.402991965413094e-02    4.987544119358063e-01   -2.850627992302179e-03
    vertex    2.502463012933731e-02    5.012608170509338e-01   -4.475766792893410e-03
  endloop
endfacet
facet normal    9.450648600776731e-01   -3.160972545000243e-01    8.327626278787324e-02
  outer loop
    vertex    2.132873982191085e-02    5.153378248214722e-01   -2.189053036272526e-02
    vertex    2.134235017001629e-02    5.147373080253601e-01   -2.432440966367722e-02
    vertex    2.247063070535659e-02    5.174130201339722e-01   -2.697237953543663e-02
  endloop
endfacet
facet normal   -4.393136042309020e-01    3.078190164229105e-01   -8.439496491296661e-01
  outer loop
    vertex   -5.095848813653007e-03    5.133427977561951e-01   -6.211949978023767e-03
    vertex    2.683663042262196e-03    5.123543143272400e-01   -1.062207017093897e-02
    vertex   -3.476100042462350e-03    5.117623209953308e-01   -7.631558924913406e-03
  endloop
endfacet
facet normal    2.386660515720995e-01   -9.697907154378744e-01   -5.044287935357822e-02
  outer loop
    vertex    1.086242031306028e-02    5.089982151985168e-01   -1.307213958352804e-02
    vertex    9.059295989573002e-03    5.084668993949890e-01   -1.138863991945982e-02
    vertex    8.077053353190422e-03    5.083801150321960e-01   -1.436755992472172e-02
  endloop
endfacet
facet normal   -4.054053125927895e-01    5.592813435391970e-01   -7.230843044144530e-01
  outer loop
    vertex    2.807174623012542e-02    5.150142908096313e-01    1.351963918282380e-20
    vertex    2.783616073429584e-02    5.146828293800354e-01   -1.242906000697985e-04
    vertex    2.770722843706607e-02    5.147500634193420e-01   -3.289002314178991e-23
  endloop
endfacet
facet normal   -2.515058945147635e-02    9.644334106067415e-01    2.631266697917407e-01
  outer loop
    vertex   -2.618668135255576e-03    5.181521177291870e-01    2.029573017070093e-20
    vertex   -2.614882076159120e-03    5.181651115417480e-01   -4.726410043076612e-05
    vertex   -2.762662246823312e-03    5.181483626365662e-01   -3.306137316541093e-23
  endloop
endfacet
facet normal   -9.587719473981150e-01    2.630655172809719e-01   -1.074843546760222e-01
  outer loop
    vertex    1.983319036662578e-02    5.042805075645447e-01   -2.825554984156042e-04
    vertex    1.969308592379093e-02    5.038853287696838e-01   -3.293509135230937e-23
    vertex    1.987602375447750e-02    5.045520663261414e-01   -3.293406258596527e-23
  endloop
endfacet
facet normal   -7.552503755396246e-01    5.434043303203819e-01   -3.664813829327670e-01
  outer loop
    vertex    2.231574058532714e-02    5.078207254409790e-01   -1.989214943023399e-04
    vertex    2.180553972721100e-02    5.072457790374756e-01   -3.292321178916560e-23
    vertex    2.364593558013439e-02    5.098036527633667e-01   -3.291286216691705e-23
  endloop
endfacet
facet normal    9.812892112297056e-01   -1.510284604598947e-01   -1.194231470666235e-01
  outer loop
    vertex    3.846364095807076e-02    5.040658712387085e-01   -5.595291033387184e-03
    vertex    3.907902911305428e-02    5.095481872558594e-01   -7.471912074834108e-03
    vertex    3.915327042341232e-02    5.083509087562561e-01   -5.347739905118942e-03
  endloop
endfacet
facet normal    7.056406263117339e-01   -7.076432001922431e-01    3.622716825898535e-02
  outer loop
    vertex    3.725203126668930e-02    4.984861910343171e-01   -2.564510097727180e-03
    vertex    3.777178004384041e-02    4.989860951900483e-01   -2.923414111137390e-03
    vertex    3.752981126308441e-02    4.988215863704682e-01   -1.423725974746048e-03
  endloop
endfacet
facet normal    9.275666582411883e-01   -3.569438723621003e-01    1.105041469919707e-01
  outer loop
    vertex    3.777178004384041e-02    4.989860951900483e-01   -2.923414111137390e-03
    vertex    3.811885043978691e-02    4.998156130313874e-01   -3.157248022034764e-03
    vertex    3.752981126308441e-02    4.988215863704682e-01   -1.423725974746048e-03
  endloop
endfacet
facet normal    9.909220620730262e-01   -1.294257892230752e-01   -3.636525788339270e-02
  outer loop
    vertex    3.811885043978691e-02    4.998156130313874e-01   -3.157248022034764e-03
    vertex    3.915327042341232e-02    5.083509087562561e-01   -5.347739905118942e-03
    vertex    3.857240825891495e-02    5.031980276107788e-01   -2.836371073499322e-03
  endloop
endfacet
facet normal    4.546522570658134e-01   -7.777647599166251e-01   -4.340199343080869e-01
  outer loop
    vertex    3.586442023515701e-02    4.986557066440583e-01   -8.596722967922688e-03
    vertex    3.385047987103462e-02    5.008664727210999e-01   -1.466809958219528e-02
    vertex    3.648447990417480e-02    4.990251958370209e-01   -8.609312586486340e-03
  endloop
endfacet
facet normal    1.528180133709071e-01   -2.262019424492450e-01   -9.620183657402585e-01
  outer loop
    vertex    3.104053065180778e-02    5.016192197799683e-01   -1.598903909325600e-02
    vertex    2.963542938232422e-02    5.015076994895935e-01   -1.618601940572262e-02
    vertex    3.092627041041851e-02    5.027465820312500e-01   -1.627226918935776e-02
  endloop
endfacet
facet normal    5.437567871274550e-01   -1.589606092106084e-02   -8.390922903352298e-01
  outer loop
    vertex    3.092627041041851e-02    5.027465820312500e-01   -1.627226918935776e-02
    vertex    2.885773032903671e-02    5.071154832839966e-01   -1.769551075994968e-02
    vertex    3.097908943891525e-02    5.043507218360901e-01   -1.626843027770519e-02
  endloop
endfacet
facet normal    6.089910181229675e-01    1.509532603527656e-02   -7.930334614487841e-01
  outer loop
    vertex    3.097908943891525e-02    5.043507218360901e-01   -1.626843027770519e-02
    vertex    2.980756945908069e-02    5.082268118858337e-01   -1.709428988397121e-02
    vertex    3.520777076482773e-02    5.108017921447754e-01   -1.289832033216953e-02
  endloop
endfacet
facet normal    5.672525704738963e-01   -1.670731445085041e-02   -8.233743905020351e-01
  outer loop
    vertex    3.092627041041851e-02    5.027465820312500e-01   -1.627226918935776e-02
    vertex    3.097908943891525e-02    5.043507218360901e-01   -1.626843027770519e-02
    vertex    3.263878077268600e-02    5.046736001968384e-01   -1.513156015425920e-02
  endloop
endfacet
facet normal    7.637644549121579e-01    5.795819323317150e-01   -2.841630537690811e-01
  outer loop
    vertex    3.884553909301758e-02    5.108528137207031e-01   -7.871714420616627e-03
    vertex    3.585769981145859e-02    5.127604007720947e-01   -1.201159972697496e-02
    vertex    3.602961823344231e-02    5.130072236061096e-01   -1.104610040783882e-02
  endloop
endfacet
facet normal    8.310343134584077e-01    5.499198152200689e-01   -8.348752411611053e-02
  outer loop
    vertex    3.884553909301758e-02    5.108528137207031e-01   -7.871714420616627e-03
    vertex    3.835314139723778e-02    5.116484761238098e-01   -7.532129064202309e-03
    vertex    3.951914981007576e-02    5.109689831733704e-01   -4.014066071249545e-04
  endloop
endfacet
facet normal    6.749299502152264e-01    5.590150618870008e-01    4.816344286758835e-01
  outer loop
    vertex    2.813467010855674e-02    5.171440243721008e-01   -6.953029893338680e-03
    vertex    3.326117992401123e-02    5.163329839706421e-01   -1.319563016295433e-02
    vertex    2.814083918929100e-02    5.214725732803345e-01   -1.198565959930420e-02
  endloop
endfacet
facet normal    1.584258816442916e-01    8.734707414566076e-01    4.603803903778624e-01
  outer loop
    vertex    2.696930058300495e-02    5.171837210655212e-01   -5.420833826065063e-03
    vertex    2.724340930581092e-02    5.179644823074341e-01   -6.996483076363802e-03
    vertex    2.670178934931755e-02    5.181788802146912e-01   -7.216874044388533e-03
  endloop
endfacet
facet normal    5.990940697956390e-01   -8.110501566915017e-02   -7.965602751637850e-01
  outer loop
    vertex    2.980756945908069e-02    5.082268118858337e-01   -1.709428988397121e-02
    vertex    2.885773032903671e-02    5.071154832839966e-01   -1.769551075994968e-02
    vertex    3.043003007769584e-02    5.123631954193115e-01   -1.704729907214642e-02
  endloop
endfacet
facet normal    6.573969321357972e-01    1.323264007009580e-01   -7.418348854670905e-01
  outer loop
    vertex    3.365791961550713e-02    5.152698159217834e-01   -1.383300963789225e-02
    vertex    3.376809135079384e-02    5.140399932861328e-01   -1.395475026220083e-02
    vertex    3.047709912061691e-02    5.136064291000366e-01   -1.694848947227001e-02
  endloop
endfacet
facet normal    9.281769060367698e-01   -2.609742659985055e-01   -2.652924114756219e-01
  outer loop
    vertex    2.992214076220989e-02    5.122917890548706e-01   -1.780701056122780e-02
    vertex    2.823504060506820e-02    5.070742964744568e-01   -1.857708953320980e-02
    vertex    2.778968960046768e-02    5.092133879661560e-01   -2.223950996994972e-02
  endloop
endfacet
facet normal    8.604129215965469e-01    2.636556493695878e-01   -4.360909342157841e-01
  outer loop
    vertex    2.964068949222564e-02    5.128455162048340e-01   -1.802754029631615e-02
    vertex    2.992214076220989e-02    5.122917890548706e-01   -1.780701056122780e-02
    vertex    2.793890982866287e-02    5.105329751968384e-01   -2.278330922126770e-02
  endloop
endfacet
facet normal    9.298601212522046e-01   -2.250821745820609e-01   -2.910294995189426e-01
  outer loop
    vertex    2.992214076220989e-02    5.122917890548706e-01   -1.780701056122780e-02
    vertex    2.778968960046768e-02    5.092133879661560e-01   -2.223950996994972e-02
    vertex    2.793890982866287e-02    5.105329751968384e-01   -2.278330922126770e-02
  endloop
endfacet
facet normal   -6.812355784852662e-01    6.857797447121277e-01    2.561722630348843e-01
  outer loop
    vertex    2.734722010791301e-02    5.215693116188049e-01   -1.165692973881960e-02
    vertex    2.489718049764633e-02    5.186095833778381e-01   -1.024901960045099e-02
    vertex    2.500195987522602e-02    5.184034109115601e-01   -9.418452158570290e-03
  endloop
endfacet
facet normal    6.198511517625666e-01    3.895774609151162e-01   -6.811856953911692e-01
  outer loop
    vertex    2.892502024769783e-02    5.205361247062683e-01   -1.439765002578497e-02
    vertex    3.065467998385429e-02    5.188819169998169e-01   -1.376978959888220e-02
    vertex    3.047709912061691e-02    5.136064291000366e-01   -1.694848947227001e-02
  endloop
endfacet
facet normal    2.624936286117244e-01    4.831198585745940e-01   -8.352797718064974e-01
  outer loop
    vertex    2.690847963094711e-02    5.133354067802429e-01   -1.860281080007553e-02
    vertex    2.964068949222564e-02    5.128455162048340e-01   -1.802754029631615e-02
    vertex    2.583310939371585e-02    5.125311017036438e-01   -1.940595917403698e-02
  endloop
endfacet
facet normal   -7.096175490338844e-02    6.870417640522026e-01   -7.231445524852337e-01
  outer loop
    vertex    2.612774074077606e-02    5.133033990859985e-01   -1.870113052427769e-02
    vertex    2.583310939371585e-02    5.125311017036438e-01   -1.940595917403698e-02
    vertex    2.316720969974994e-02    5.132253170013428e-01   -1.848479919135571e-02
  endloop
endfacet
facet normal    5.401567997833738e-01    3.926528416584739e-01   -7.443482905101009e-01
  outer loop
    vertex    2.249878086149692e-02    5.108107924461365e-01   -2.925910986959934e-02
    vertex    2.189858071506023e-02    5.111845135688782e-01   -2.949751913547516e-02
    vertex    2.257880009710788e-02    5.120173096656799e-01   -2.856458909809589e-02
  endloop
endfacet
facet normal    6.379431304786278e-01    4.307343577206498e-01   -6.383545060184880e-01
  outer loop
    vertex    2.549012936651706e-02    5.114973783493042e-01   -2.580641023814678e-02
    vertex    2.468690089881420e-02    5.106201767921448e-01   -2.720101922750473e-02
    vertex    2.249878086149692e-02    5.108107924461365e-01   -2.925910986959934e-02
  endloop
endfacet
facet normal    9.535687024748123e-01    2.891985667893642e-01    8.408875446503310e-02
  outer loop
    vertex    2.342342957854271e-02    5.141363143920898e-01   -2.523960918188095e-02
    vertex    2.362282946705818e-02    5.136423110961914e-01   -2.580182999372482e-02
    vertex    2.274635992944240e-02    5.171573162078857e-01   -2.795146964490414e-02
  endloop
endfacet
facet normal    6.588326196148619e-01    7.362300285525876e-01    1.546121741289302e-01
  outer loop
    vertex    2.254647947847843e-02    5.162774920463562e-01   -1.669757999479771e-02
    vertex    2.063868939876556e-02    5.183854103088379e-01   -1.860556937754154e-02
    vertex    2.026260085403919e-02    5.185946822166443e-01   -1.799949072301388e-02
  endloop
endfacet
facet normal    9.476947909248619e-01   -2.525129191102277e-01    1.952224601225846e-01
  outer loop
    vertex    2.131555043160915e-02    5.162631273269653e-01   -2.104919962584972e-02
    vertex    2.143494971096515e-02    5.161905288696289e-01   -2.172271907329559e-02
    vertex    2.297431975603103e-02    5.209317803382874e-01   -2.306286059319973e-02
  endloop
endfacet
facet normal    9.999113412755840e-01    1.327199380130775e-02    1.078781257077619e-03
  outer loop
    vertex    2.131555043160915e-02    5.162631273269653e-01   -2.104919962584972e-02
    vertex    2.133077941834926e-02    5.150787830352783e-01   -2.059408091008663e-02
    vertex    2.132873982191085e-02    5.153378248214722e-01   -2.189053036272526e-02
  endloop
endfacet
facet normal    9.908982289845409e-01   -1.074701941225228e-01   -8.106082389519227e-02
  outer loop
    vertex    2.143494971096515e-02    5.161905288696289e-01   -2.172271907329559e-02
    vertex    2.132873982191085e-02    5.153378248214722e-01   -2.189053036272526e-02
    vertex    2.147966064512729e-02    5.192720293998718e-01   -2.526161074638367e-02
  endloop
endfacet
facet normal    9.541315383150926e-01   -2.943979239361004e-01    5.443225123572440e-02
  outer loop
    vertex    2.297431975603103e-02    5.209317803382874e-01   -2.306286059319973e-02
    vertex    2.143494971096515e-02    5.161905288696289e-01   -2.172271907329559e-02
    vertex    2.305487915873527e-02    5.210747122764587e-01   -2.370191924273968e-02
  endloop
endfacet
facet normal    9.441523315583021e-01    2.755730190265391e-01    1.806540505984315e-01
  outer loop
    vertex    2.292291074991226e-02    5.215607285499573e-01   -2.375359088182449e-02
    vertex    2.297431975603103e-02    5.209317803382874e-01   -2.306286059319973e-02
    vertex    2.305487915873527e-02    5.210747122764587e-01   -2.370191924273968e-02
  endloop
endfacet
facet normal   -2.291266052840871e-01    8.499535295556818e-01   -4.744259650849950e-01
  outer loop
    vertex    2.698398940265178e-02    5.195289254188538e-01   -1.548707019537687e-02
    vertex    2.789106033742427e-02    5.195267796516418e-01   -1.592898927628994e-02
    vertex    2.718753926455974e-02    5.192543268203735e-01   -1.607733033597469e-02
  endloop
endfacet
facet normal   -4.841502250493963e-01    8.591398524180931e-01   -1.657627025951138e-01
  outer loop
    vertex    2.179875038564205e-02    5.156567096710205e-01   -1.316583994776011e-02
    vertex    2.407185919582843e-02    5.162823796272278e-01   -1.656218990683556e-02
    vertex    2.352211065590381e-02    5.159273147583008e-01   -1.679679937660694e-02
  endloop
endfacet
facet normal    3.594618864927698e-01    9.146760057108835e-01    1.848105969251846e-01
  outer loop
    vertex    2.941320091485977e-02    5.151789188385010e-01   -2.519988920539618e-04
    vertex    2.696930058300495e-02    5.171837210655212e-01   -5.420833826065063e-03
    vertex    2.611717022955417e-02    5.170075297355652e-01   -2.891398966312408e-03
  endloop
endfacet
facet normal   -4.456719363385403e-01    5.295655156506056e-01    7.217595789416059e-01
  outer loop
    vertex    2.783616073429584e-02    5.146828293800354e-01   -1.242906000697985e-04
    vertex    2.611717022955417e-02    5.170075297355652e-01   -2.891398966312408e-03
    vertex    2.555865049362182e-02    5.154983997344971e-01   -2.129002939909697e-03
  endloop
endfacet
facet normal   -8.600450775451320e-01    4.575200380179692e-01    2.258271006819680e-01
  outer loop
    vertex    2.419858053326606e-02    5.136718153953552e-01   -2.762025920674205e-03
    vertex    2.553009986877441e-02    5.161752104759216e-01   -2.762852935120463e-03
    vertex    2.462990954518318e-02    5.151371955871582e-01   -4.088166169822216e-03
  endloop
endfacet
facet normal   -8.839332874698959e-01    4.211987756544691e-01    2.031096617343419e-01
  outer loop
    vertex    2.342423051595688e-02    5.149776935577393e-01   -8.331284858286381e-03
    vertex    2.420255914330482e-02    5.175039768218994e-01   -1.018287986516953e-02
    vertex    2.209624089300632e-02    5.129743814468384e-01   -9.956326335668564e-03
  endloop
endfacet
facet normal   -8.714683427039539e-01    4.264420000921901e-01    2.422604966192312e-01
  outer loop
    vertex    2.059308066964149e-02    5.078275203704834e-01   -5.929421167820692e-03
    vertex    2.342423051595688e-02    5.149776935577393e-01   -8.331284858286381e-03
    vertex    1.869750022888183e-02    5.063130855560303e-01   -1.008247025310993e-02
  endloop
endfacet
facet normal   -8.814630039601682e-01    3.954738564472776e-01    2.581150935459499e-01
  outer loop
    vertex    1.974599994719028e-02    5.048682093620300e-01   -4.288061056286097e-03
    vertex    2.059308066964149e-02    5.078275203704834e-01   -5.929421167820692e-03
    vertex    1.869750022888183e-02    5.063130855560303e-01   -1.008247025310993e-02
  endloop
endfacet
facet normal   -9.771774554578474e-01   -1.371381222600595e-01    1.622262493183869e-01
  outer loop
    vertex    1.990550942718982e-02    5.032970905303955e-01   -3.880989970639348e-03
    vertex    1.863886043429374e-02    5.056021809577942e-01   -9.562099352478981e-03
    vertex    1.870699971914291e-02    5.048571228981018e-01   -9.781494736671448e-03
  endloop
endfacet
facet normal   -2.751906863618506e-01    8.004893066110852e-02   -9.580512798591246e-01
  outer loop
    vertex    2.209624089300632e-02    5.129743814468384e-01   -9.956326335668564e-03
    vertex    2.420255914330482e-02    5.175039768218994e-01   -1.018287986516953e-02
    vertex    2.360356971621513e-02    5.159798860549927e-01   -1.013816986232996e-02
  endloop
endfacet
facet normal   -9.851174225946164e-01   -4.093647508975116e-02   -1.669367206691383e-01
  outer loop
    vertex    1.870699971914291e-02    5.048571228981018e-01   -9.781494736671448e-03
    vertex    1.863886043429374e-02    5.056021809577942e-01   -9.562099352478981e-03
    vertex    1.869750022888183e-02    5.063130855560303e-01   -1.008247025310993e-02
  endloop
endfacet
facet normal   -8.308305546277232e-01    1.989559652093164e-01    5.197471629596635e-01
  outer loop
    vertex    2.173269912600517e-02    5.103834271430969e-01   -1.098651997745037e-02
    vertex    2.360356971621513e-02    5.159798860549927e-01   -1.013816986232996e-02
    vertex    2.315847948193550e-02    5.152031779289246e-01   -1.055234018713236e-02
  endloop
endfacet
facet normal   -2.150658608571525e-01    1.203754644643965e-01    9.691524250853180e-01
  outer loop
    vertex    2.115714922547340e-02    5.093023180961609e-01   -1.097995974123478e-02
    vertex    2.173269912600517e-02    5.103834271430969e-01   -1.098651997745037e-02
    vertex    1.939547993242740e-02    5.146015882492065e-01   -1.202910020947456e-02
  endloop
endfacet
facet normal    1.895985571346424e-01   -2.739673480572283e-01    9.428649316476625e-01
  outer loop
    vertex    1.017952989786863e-02    5.086330771446228e-01   -1.015275996178389e-02
    vertex    1.112576015293598e-02    5.091301202774048e-01   -1.019860990345478e-02
    vertex    1.062158029526472e-02    5.098829865455627e-01   -9.878465905785561e-03
  endloop
endfacet
facet normal    4.105049829554233e-01   -1.024207314095572e-02    9.118008329161269e-01
  outer loop
    vertex    1.112576015293598e-02    5.091301202774048e-01   -1.019860990345478e-02
    vertex    1.585113070905208e-02    5.186535716056824e-01   -1.221906021237373e-02
    vertex    1.508282031863928e-02    5.190511941909790e-01   -1.186869014054537e-02
  endloop
endfacet
facet normal    1.792563932176308e-01    1.182614646944790e-01    9.766685064334381e-01
  outer loop
    vertex    1.112576015293598e-02    5.091301202774048e-01   -1.019860990345478e-02
    vertex    1.794460043311119e-02    5.147886276245117e-01   -1.213529985398054e-02
    vertex    1.585113070905208e-02    5.186535716056824e-01   -1.221906021237373e-02
  endloop
endfacet
facet normal    7.120286660108907e-01   -2.003895581137056e-01    6.729481434536729e-01
  outer loop
    vertex    1.062158029526472e-02    5.098829865455627e-01   -9.878465905785561e-03
    vertex    1.508282031863928e-02    5.190511941909790e-01   -1.186869014054537e-02
    vertex    1.441635005176067e-02    5.189620852470398e-01   -1.119005028158426e-02
  endloop
endfacet
facet normal    8.479400390978373e-01   -2.673128605306264e-01    4.577570585907900e-01
  outer loop
    vertex    9.609719738364220e-03    5.176445841789246e-01   -3.194933058694005e-03
    vertex    1.496329996734858e-02    5.198209881782532e-01   -1.184086035937071e-02
    vertex    9.347419254481792e-03    5.184615254402161e-01   -2.231989987194538e-03
  endloop
endfacet
facet normal    8.417309245485908e-01   -3.215302872148564e-01    4.337134135141619e-01
  outer loop
    vertex    8.848845958709717e-03    5.152283906936646e-01   -3.509491914883256e-03
    vertex    9.609719738364220e-03    5.176445841789246e-01   -3.194933058694005e-03
    vertex    8.712902665138245e-03    5.172392129898071e-01   -1.754950964823365e-03
  endloop
endfacet
facet normal    8.168330322258156e-01   -3.469300067177599e-01    4.608940961908654e-01
  outer loop
    vertex    5.723935086280107e-03    5.085613727569580e-01   -2.989758970215917e-03
    vertex    8.848845958709717e-03    5.152283906936646e-01   -3.509491914883256e-03
    vertex    8.712902665138245e-03    5.172392129898071e-01   -1.754950964823365e-03
  endloop
endfacet
facet normal   -5.138171878878479e-01    8.301317943423927e-01   -2.165019663950034e-01
  outer loop
    vertex    1.381462998688221e-02    5.199031829833984e-01   -9.835703298449516e-03
    vertex    1.324552018195391e-02    5.190991163253784e-01   -1.156807970255613e-02
    vertex    1.057089027017355e-02    5.187929868698120e-01   -6.394255906343460e-03
  endloop
endfacet
facet normal   -2.331690900786801e-01    9.724208936671475e-01    5.457196300915262e-03
  outer loop
    vertex    1.002159994095564e-02    5.189617276191711e-01   -4.141661804169416e-03
    vertex    1.381462998688221e-02    5.199031829833984e-01   -9.835703298449516e-03
    vertex    9.479096159338951e-03    5.188338756561279e-01   -4.539154004305601e-03
  endloop
endfacet
facet normal   -6.416718311875163e-01    6.591327620778235e-01   -3.921750412967646e-01
  outer loop
    vertex    9.479096159338951e-03    5.188338756561279e-01   -4.539154004305601e-03
    vertex    1.381462998688221e-02    5.199031829833984e-01   -9.835703298449516e-03
    vertex    1.057089027017355e-02    5.187929868698120e-01   -6.394255906343460e-03
  endloop
endfacet
facet normal    9.295136350227998e-01   -3.643156790206051e-01    5.725808524965469e-02
  outer loop
    vertex    4.368814174085855e-03    5.064924955368042e-01   -2.332745934836566e-04
    vertex    5.132011137902736e-03    5.081382989883423e-01   -2.151082037016749e-03
    vertex    6.723687052726745e-03    5.122662782669067e-01   -1.724887057207525e-03
  endloop
endfacet
facet normal    8.088705185160666e-01   -5.141926992993834e-02    5.857341913832771e-01
  outer loop
    vertex    8.802643977105618e-03    5.189241766929626e-01   -1.152562035713345e-04
    vertex    8.708874695003033e-03    5.172603726387024e-01   -1.318240974796936e-04
    vertex    9.359214454889297e-03    5.188853740692139e-01   -8.872593753039837e-04
  endloop
endfacet
facet normal    8.395669470952425e-01   -3.484803504175968e-01    4.167598669713812e-01
  outer loop
    vertex    5.132011137902736e-03    5.081382989883423e-01   -2.151082037016749e-03
    vertex    5.723935086280107e-03    5.085613727569580e-01   -2.989758970215917e-03
    vertex    8.712902665138245e-03    5.172392129898071e-01   -1.754950964823365e-03
  endloop
endfacet
facet normal   -1.845086005234824e-02    3.815978314797951e-01    9.241442856898735e-01
  outer loop
    vertex    1.939547993242740e-02    5.146015882492065e-01   -1.202910020947456e-02
    vertex    1.923648081719875e-02    5.153871774673462e-01   -1.235666032880545e-02
    vertex    1.794460043311119e-02    5.147886276245117e-01   -1.213529985398054e-02
  endloop
endfacet
facet normal    7.646523402988487e-02    2.284353900374069e-01    9.705515651232616e-01
  outer loop
    vertex    1.903879083693027e-02    5.088083148002625e-01   -1.081394031643867e-02
    vertex    1.794460043311119e-02    5.147886276245117e-01   -1.213529985398054e-02
    vertex    1.421711966395378e-02    5.089368224143982e-01   -1.046430971473455e-02
  endloop
endfacet
facet normal    2.510757844955187e-02    2.200577677985842e-01    9.751636725883014e-01
  outer loop
    vertex    2.115714922547340e-02    5.093023180961609e-01   -1.097995974123478e-02
    vertex    1.794460043311119e-02    5.147886276245117e-01   -1.213529985398054e-02
    vertex    1.903879083693027e-02    5.088083148002625e-01   -1.081394031643867e-02
  endloop
endfacet
facet normal    5.368998613345793e-02   -1.010299151410851e-02    9.985065422677284e-01
  outer loop
    vertex    1.122988015413284e-02    5.087721943855286e-01   -1.020782999694347e-02
    vertex    1.112576015293598e-02    5.091301202774048e-01   -1.019860990345478e-02
    vertex    1.017952989786863e-02    5.086330771446228e-01   -1.015275996178389e-02
  endloop
endfacet
facet normal    3.325147982362231e-02    1.873428198154541e-01    9.817316369319741e-01
  outer loop
    vertex    1.756390929222107e-02    5.055704116821289e-01   -1.014610007405281e-02
    vertex    2.115714922547340e-02    5.093023180961609e-01   -1.097995974123478e-02
    vertex    1.903879083693027e-02    5.088083148002625e-01   -1.081394031643867e-02
  endloop
endfacet
facet normal   -1.789680152691178e-01   -6.830985654997603e-01    7.080584716835202e-01
  outer loop
    vertex    1.756390929222107e-02    5.055704116821289e-01   -1.014610007405281e-02
    vertex    1.653381064534187e-02    5.057209134101868e-01   -1.026127021759748e-02
    vertex    1.884507015347480e-02    5.045930743217468e-01   -1.076516043394804e-02
  endloop
endfacet
facet normal   -4.545022257758226e-01   -8.845511474495104e-01   -1.048665547759518e-01
  outer loop
    vertex    1.884507015347480e-02    5.045930743217468e-01   -1.076516043394804e-02
    vertex    1.653381064534187e-02    5.057209134101868e-01   -1.026127021759748e-02
    vertex    1.183591969311237e-02    5.081623196601868e-01   -1.049343962222338e-02
  endloop
endfacet
facet normal    9.450270268812364e-02   -3.436472395738345e-01    9.343317472492967e-01
  outer loop
    vertex    1.183591969311237e-02    5.081623196601868e-01   -1.049343962222338e-02
    vertex    1.122988015413284e-02    5.087721943855286e-01   -1.020782999694347e-02
    vertex    1.017952989786863e-02    5.086330771446228e-01   -1.015275996178389e-02
  endloop
endfacet
facet normal    5.742000573779914e-02    8.333165183058318e-01   -5.498058959848627e-01
  outer loop
    vertex   -6.008846219629064e-03    5.182480812072754e-01   -6.303184782154858e-04
    vertex   -4.379665944725276e-03    5.180718898773193e-01   -7.272174116224051e-04
    vertex   -1.730315946042539e-02    5.173465013504028e-01   -3.176345955580473e-03
  endloop
endfacet
facet normal    2.085192508999861e-02    7.026024681594739e-01   -7.112769987538305e-01
  outer loop
    vertex   -6.188939791172758e-03    5.152472257614136e-01   -4.307157825678587e-03
    vertex   -6.427546031773105e-03    5.143707990646362e-01   -5.179890897125006e-03
    vertex   -1.308766007423402e-02    5.159375071525574e-01   -3.827539039775729e-03
  endloop
endfacet
facet normal   -1.673143892657547e-01    1.785460969056159e-01   -9.696015606548899e-01
  outer loop
    vertex   -9.181643254123638e-04    5.180597901344299e-01   -1.326762023381889e-03
    vertex   -2.924483967944981e-03    5.178685188293457e-01   -1.015773043036461e-03
    vertex   -4.379665944725276e-03    5.180718898773193e-01   -7.272174116224051e-04
  endloop
endfacet
facet normal   -1.389859467123513e-02    9.948579391680189e-01   -1.003220311822249e-01
  outer loop
    vertex   -2.614882076159120e-03    5.181651115417480e-01   -4.726410043076612e-05
    vertex   -9.181643254123638e-04    5.180597901344299e-01   -1.326762023381889e-03
    vertex   -4.379665944725276e-03    5.180718898773193e-01   -7.272174116224051e-04
  endloop
endfacet
facet normal   -2.152820836210243e-01    8.362790893748883e-01   -5.042726535775047e-01
  outer loop
    vertex   -9.181643254123638e-04    5.180597901344299e-01   -1.326762023381889e-03
    vertex    4.948623944073915e-03    5.179244875907898e-01   -4.055771976709366e-03
    vertex   -3.103961935266853e-03    5.150179266929626e-01   -5.438196007162333e-03
  endloop
endfacet
facet normal   -2.167487441439648e-01    7.837099187191017e-01   -5.820813905402860e-01
  outer loop
    vertex   -4.735458176583053e-03    5.150011181831360e-01   -4.853309132158756e-03
    vertex   -3.103961935266853e-03    5.150179266929626e-01   -5.438196007162333e-03
    vertex   -4.501237068325282e-03    5.142948031425476e-01   -5.891502834856510e-03
  endloop
endfacet
facet normal   -3.064303346505179e-01    9.297404490646819e-01   -2.041645105765821e-01
  outer loop
    vertex    1.521954033523798e-02    5.197960138320923e-01   -1.294986996799707e-02
    vertex    1.345933973789215e-02    5.174612998962402e-01   -2.093999087810516e-02
    vertex    1.439278014004230e-02    5.195503234863281e-01   -1.282783038914204e-02
  endloop
endfacet
facet normal   -6.249332953876421e-01    7.635737199674427e-01   -1.625224614969371e-01
  outer loop
    vertex    9.480349719524384e-03    5.159609913825989e-01   -1.444603037089109e-02
    vertex    1.257750019431114e-02    5.170444846153259e-01   -2.126469090580940e-02
    vertex    8.306226693093777e-03    5.150607228279114e-01   -1.416097953915596e-02
  endloop
endfacet
facet normal   -5.705548574347499e-01    8.098219400854499e-01   -1.365854311918006e-01
  outer loop
    vertex    1.324552018195391e-02    5.190991163253784e-01   -1.156807970255613e-02
    vertex    9.480349719524384e-03    5.159609913825989e-01   -1.444603037089109e-02
    vertex    6.727925036102532e-03    5.144317746162415e-01   -1.201520022004843e-02
  endloop
endfacet
facet normal   -5.238186184399891e-01    7.395453219520024e-01   -4.227135812279164e-01
  outer loop
    vertex    6.727925036102532e-03    5.144317746162415e-01   -1.201520022004843e-02
    vertex    6.683453917503356e-03    5.137400031089783e-01   -1.317035965621471e-02
    vertex    5.739157088100909e-03    5.137090086936951e-01   -1.205443032085896e-02
  endloop
endfacet
facet normal    3.759636952724790e-02    3.511394775668964e-01   -9.355680521973897e-01
  outer loop
    vertex   -1.423982996493579e-02    5.151258707046509e-01   -4.178464878350496e-03
    vertex   -1.931234076619150e-02    5.169376730918884e-01   -3.702297108247876e-03
    vertex   -1.308766007423402e-02    5.159375071525574e-01   -3.827539039775729e-03
  endloop
endfacet
facet normal   -1.426189910738282e-02   -8.144253279652111e-02   -9.965759941346863e-01
  outer loop
    vertex   -1.946504972875120e-02    5.092713236808777e-01   -5.505872890353203e-03
    vertex   -1.248050015419723e-02    5.107465982437134e-01   -5.726390983909369e-03
    vertex   -1.196361985057594e-02    5.100011229515076e-01   -5.672866012901068e-03
  endloop
endfacet
facet normal   -1.150176876854952e-01    2.846066504275788e-01   -9.517194891625768e-01
  outer loop
    vertex   -1.248050015419723e-02    5.107465982437134e-01   -5.726390983909369e-03
    vertex   -6.888906937092557e-03    5.137267112731934e-01   -5.510962102562189e-03
    vertex   -7.358278147876277e-03    5.100666880607605e-01   -6.548747885972261e-03
  endloop
endfacet
facet normal   -5.662999403833061e-01    3.131586732874185e-01   -7.623883674786283e-01
  outer loop
    vertex    4.364319145679473e-03    5.129449963569641e-01   -1.134703028947115e-02
    vertex    4.201963078230619e-03    5.133985280990601e-01   -1.104013994336128e-02
    vertex    5.739157088100909e-03    5.137090086936951e-01   -1.205443032085896e-02
  endloop
endfacet
facet normal   -5.406262557873877e-01    2.704448973842964e-01   -7.966070606215511e-01
  outer loop
    vertex    2.412104047834872e-03    5.087335109710693e-01   -1.148565020412207e-02
    vertex    5.739157088100909e-03    5.137090086936951e-01   -1.205443032085896e-02
    vertex    3.483273088932036e-03    5.082656145095825e-01   -1.237145997583866e-02
  endloop
endfacet
facet normal   -4.335926477057622e-01    2.396954652576900e-01   -8.686446337774766e-01
  outer loop
    vertex   -5.747491028159872e-03    5.102850794792175e-01   -6.984564010053873e-03
    vertex    2.683663042262196e-03    5.123543143272400e-01   -1.062207017093897e-02
    vertex    2.412104047834872e-03    5.087335109710693e-01   -1.148565020412207e-02
  endloop
endfacet
facet normal   -6.971975459678061e-01    6.744876164796347e-01   -2.428621771953999e-01
  outer loop
    vertex    1.083584968000650e-02    5.158203840255737e-01   -1.931313984096050e-02
    vertex    6.683453917503356e-03    5.137400031089783e-01   -1.317035965621471e-02
    vertex    8.306226693093777e-03    5.150607228279114e-01   -1.416097953915596e-02
  endloop
endfacet
facet normal   -8.199151670956080e-01    3.713251907506152e-01   -4.357255116246931e-01
  outer loop
    vertex    4.364395048469304e-03    5.082591176033020e-01   -1.347734034061432e-02
    vertex    6.683453917503356e-03    5.137400031089783e-01   -1.317035965621471e-02
    vertex    7.860910147428513e-03    5.138102769851685e-01   -1.532611995935440e-02
  endloop
endfacet
facet normal   -7.813313865232133e-01   -4.822017516564990e-02   -6.222508169064200e-01
  outer loop
    vertex    3.609081963077187e-03    5.073407292366028e-01   -1.245776005089283e-02
    vertex    3.483273088932036e-03    5.082656145095825e-01   -1.237145997583866e-02
    vertex    4.364395048469304e-03    5.082591176033020e-01   -1.347734034061432e-02
  endloop
endfacet
facet normal   -8.301911668086842e-01    4.286895686174276e-01   -3.563816497961693e-01
  outer loop
    vertex    4.364395048469304e-03    5.082591176033020e-01   -1.347734034061432e-02
    vertex    9.201891720294952e-03    5.138096213340759e-01   -1.806961931288242e-02
    vertex    1.167657040059566e-02    5.160611271858215e-01   -2.112605981528759e-02
  endloop
endfacet
facet normal   -7.306341302357650e-01    6.334833757690405e-01   -2.547009626186911e-01
  outer loop
    vertex    1.083584968000650e-02    5.158203840255737e-01   -1.931313984096050e-02
    vertex    1.257750019431114e-02    5.170444846153259e-01   -2.126469090580940e-02
    vertex    1.167657040059566e-02    5.160611271858215e-01   -2.112605981528759e-02
  endloop
endfacet
facet normal   -8.224244377959136e-01    4.711345180475737e-01   -3.188264575284742e-01
  outer loop
    vertex    9.201891720294952e-03    5.138096213340759e-01   -1.806961931288242e-02
    vertex    1.083584968000650e-02    5.158203840255737e-01   -1.931313984096050e-02
    vertex    1.167657040059566e-02    5.160611271858215e-01   -2.112605981528759e-02
  endloop
endfacet
facet normal   -7.897520318172844e-01    4.086081136169207e-01   -4.575271988930196e-01
  outer loop
    vertex    6.447175983339547e-03    5.081468224525452e-01   -2.272449061274529e-02
    vertex    8.948955684900284e-03    5.122972726821899e-01   -2.333620935678482e-02
    vertex    9.728330187499523e-03    5.127574801445007e-01   -2.427051030099392e-02
  endloop
endfacet
facet normal   -5.770841783910796e-01    6.511475964709506e-01   -4.929306834239444e-01
  outer loop
    vertex    1.048765983432531e-02    5.136212706565857e-01   -2.432229928672314e-02
    vertex    1.361104007810354e-02    5.176157951354980e-01   -2.270225062966347e-02
    vertex    1.558285020291805e-02    5.179011225700378e-01   -2.463378012180328e-02
  endloop
endfacet
facet normal   -7.253452414258494e-01    6.196494566472502e-01   -2.998480141965983e-01
  outer loop
    vertex    8.948955684900284e-03    5.122972726821899e-01   -2.333620935678482e-02
    vertex    1.048765983432531e-02    5.136212706565857e-01   -2.432229928672314e-02
    vertex    9.728330187499523e-03    5.127574801445007e-01   -2.427051030099392e-02
  endloop
endfacet
facet normal   -4.803454756283900e-01    4.777726796333680e-02   -8.757771158858257e-01
  outer loop
    vertex    7.917420938611031e-03    5.093032121658325e-01   -2.366705052554607e-02
    vertex    1.370809972286224e-02    5.140106081962585e-01   -2.658630907535553e-02
    vertex    1.842927001416683e-02    5.109646916389465e-01   -2.934193983674049e-02
  endloop
endfacet
facet normal   -3.459561016042706e-01   -5.375585940369764e-01   -7.689896837668012e-01
  outer loop
    vertex    1.788284070789814e-02    5.102133750915527e-01   -2.879484929144382e-02
    vertex    1.963616907596588e-02    5.106220841407776e-01   -2.986934967339039e-02
    vertex    2.030936069786548e-02    5.103585124015808e-01   -2.998795919120312e-02
  endloop
endfacet
facet normal    1.527172069137346e-01    2.705449558461200e-01   -9.505171653256392e-01
  outer loop
    vertex    2.030936069786548e-02    5.103585124015808e-01   -2.998795919120312e-02
    vertex    1.828661002218723e-02    5.159763097763062e-01   -2.871396020054817e-02
    vertex    2.189858071506023e-02    5.111845135688782e-01   -2.949751913547516e-02
  endloop
endfacet
facet normal   -3.771300376319471e-01    9.041023013109047e-02   -9.217369066080459e-01
  outer loop
    vertex    1.842927001416683e-02    5.109646916389465e-01   -2.934193983674049e-02
    vertex    1.688545010983944e-02    5.165671110153198e-01   -2.816076017916203e-02
    vertex    1.963616907596588e-02    5.106220841407776e-01   -2.986934967339039e-02
  endloop
endfacet
facet normal    3.754207900542981e-01    1.819587555569616e-01   -9.088180465149053e-01
  outer loop
    vertex    2.202307060360908e-02    5.171329975128174e-01   -2.825511991977692e-02
    vertex    2.274635992944240e-02    5.171573162078857e-01   -2.795146964490414e-02
    vertex    2.189858071506023e-02    5.111845135688782e-01   -2.949751913547516e-02
  endloop
endfacet
facet normal    6.964017431445833e-01    6.291652388330589e-01   -3.452183575497196e-01
  outer loop
    vertex    2.202685922384262e-02    5.179687738418579e-01   -2.792401053011417e-02
    vertex    2.109736949205398e-02    5.202677249908447e-01   -2.560918033123016e-02
    vertex    2.274635992944240e-02    5.171573162078857e-01   -2.795146964490414e-02
  endloop
endfacet
facet normal    2.637316905876331e-02    3.680874730300908e-01   -9.294170582424879e-01
  outer loop
    vertex    1.813058927655220e-02    5.173937082290649e-01   -2.826232090592384e-02
    vertex    2.202685922384262e-02    5.179687738418579e-01   -2.792401053011417e-02
    vertex    2.202307060360908e-02    5.171329975128174e-01   -2.825511991977692e-02
  endloop
endfacet
facet normal    7.501498203409692e-01    5.670880064120506e-01   -3.401270939311035e-01
  outer loop
    vertex    1.456231996417046e-02    5.177062749862671e-01   -1.866934075951576e-02
    vertex    1.586068980395794e-02    5.195869207382202e-01   -1.267021987587214e-02
    vertex    1.754727959632873e-02    5.166566967964172e-01   -1.383596006780863e-02
  endloop
endfacet
facet normal    7.109904317767984e-01    5.732936312679425e-01   -4.072186369377737e-01
  outer loop
    vertex    1.345933973789215e-02    5.174612998962402e-01   -2.093999087810516e-02
    vertex    1.456231996417046e-02    5.177062749862671e-01   -1.866934075951576e-02
    vertex    1.713564060628414e-02    5.166277885437012e-01   -1.569472998380661e-02
  endloop
endfacet
facet normal    5.534098723106918e-01    8.218400191649193e-01   -1.353384502943228e-01
  outer loop
    vertex    1.713564060628414e-02    5.166277885437012e-01   -1.569472998380661e-02
    vertex    1.754727959632873e-02    5.166566967964172e-01   -1.383596006780863e-02
    vertex    1.839685998857021e-02    5.160779953002930e-01   -1.387611031532288e-02
  endloop
endfacet
facet normal   -3.618864789404316e-01    9.259665899286800e-01    1.078148908822357e-01
  outer loop
    vertex    1.361104007810354e-02    5.176157951354980e-01   -2.270225062966347e-02
    vertex    1.257750019431114e-02    5.170444846153259e-01   -2.126469090580940e-02
    vertex    1.402300037443638e-02    5.177041292190552e-01   -2.207813970744610e-02
  endloop
endfacet
facet normal   -3.942041776463422e-01    9.188952344401055e-01   -1.531712928177012e-02
  outer loop
    vertex    2.187651954591274e-02    5.211409926414490e-01   -2.394264936447144e-02
    vertex    1.361104007810354e-02    5.176157951354980e-01   -2.270225062966347e-02
    vertex    2.190062962472438e-02    5.211616754531860e-01   -2.332236059010029e-02
  endloop
endfacet
facet normal   -1.193775193562120e-01    9.077757014757291e-01    4.021097905828769e-01
  outer loop
    vertex    2.026260085403919e-02    5.185946822166443e-01   -1.799949072301388e-02
    vertex    2.040502987802028e-02    5.192747712135315e-01   -1.949252933263779e-02
    vertex    1.940719038248062e-02    5.188732147216797e-01   -1.888223923742771e-02
  endloop
endfacet
facet normal   -4.224922013083306e-01    9.062272839408125e-01   -1.588866498164930e-02
  outer loop
    vertex    1.345933973789215e-02    5.174612998962402e-01   -2.093999087810516e-02
    vertex    1.402300037443638e-02    5.177041292190552e-01   -2.207813970744610e-02
    vertex    1.257750019431114e-02    5.170444846153259e-01   -2.126469090580940e-02
  endloop
endfacet
facet normal    6.716322138413486e-01    1.043861934489401e-01   -7.334941662670600e-01
  outer loop
    vertex    2.305487915873527e-02    5.210747122764587e-01   -2.370191924273968e-02
    vertex    2.109736949205398e-02    5.202677249908447e-01   -2.560918033123016e-02
    vertex    2.292291074991226e-02    5.215607285499573e-01   -2.375359088182449e-02
  endloop
endfacet
facet normal   -3.846710904084691e-01    4.827840318825928e-01   -7.867323120116188e-01
  outer loop
    vertex    1.813058927655220e-02    5.173937082290649e-01   -2.826232090592384e-02
    vertex    1.688545010983944e-02    5.165671110153198e-01   -2.816076017916203e-02
    vertex    1.734595000743866e-02    5.173031091690063e-01   -2.793426997959614e-02
  endloop
endfacet
facet normal   -4.208245949619134e-01    8.262278208599867e-01   -3.745053381623539e-01
  outer loop
    vertex    2.109736949205398e-02    5.202677249908447e-01   -2.560918033123016e-02
    vertex    1.734595000743866e-02    5.173031091690063e-01   -2.793426997959614e-02
    vertex    1.558285020291805e-02    5.179011225700378e-01   -2.463378012180328e-02
  endloop
endfacet
facet normal    1.722502346163338e-02   -9.376546542320174e-01   -3.471412507377684e-01
  outer loop
    vertex    3.385047987103462e-02    5.008664727210999e-01   -1.466809958219528e-02
    vertex    3.586442023515701e-02    4.986557066440583e-01   -8.596722967922688e-03
    vertex    3.505598008632660e-02    4.985876083374024e-01   -8.452898822724819e-03
  endloop
endfacet
facet normal   -3.009107628614979e-01   -9.474975858487997e-01   -1.081713344875059e-01
  outer loop
    vertex    2.641477994620800e-02    5.019850134849548e-01   -1.315112970769405e-02
    vertex    3.051885962486267e-02    5.006440281867981e-01   -1.282185036689043e-02
    vertex    2.079840935766697e-02    5.035312175750732e-01   -1.107108034193516e-02
  endloop
endfacet
facet normal   -4.526147667901744e-01   -7.487647639517246e-01   -4.842429154337669e-01
  outer loop
    vertex    2.852552011609077e-02    5.018926262855530e-01   -1.591458916664124e-02
    vertex    2.871029078960418e-02    5.014935135841370e-01   -1.547016017138958e-02
    vertex    1.958180963993072e-02    5.040801167488098e-01   -1.093745976686478e-02
  endloop
endfacet
facet normal   -4.984437024915654e-01   -5.875420100644428e-01   -6.374545174802152e-01
  outer loop
    vertex    2.048286981880664e-02    5.043854713439941e-01   -1.192346960306168e-02
    vertex    2.852552011609077e-02    5.018926262855530e-01   -1.591458916664124e-02
    vertex    1.958180963993072e-02    5.040801167488098e-01   -1.093745976686478e-02
  endloop
endfacet
facet normal    6.815182193052513e-02   -9.950718047857644e-01    7.202383277743207e-02
  outer loop
    vertex    9.059295989573002e-03    5.084668993949890e-01   -1.138863991945982e-02
    vertex    1.017952989786863e-02    5.086330771446228e-01   -1.015275996178389e-02
    vertex    7.996380329132080e-03    5.084993243217468e-01   -9.934888221323490e-03
  endloop
endfacet
facet normal    1.697021835733803e-01   -9.746478925693612e-01    1.458171951469698e-01
  outer loop
    vertex    5.190392024815082e-03    5.075812935829163e-01   -1.280543021857738e-02
    vertex    9.059295989573002e-03    5.084668993949890e-01   -1.138863991945982e-02
    vertex    7.996380329132080e-03    5.084993243217468e-01   -9.934888221323490e-03
  endloop
endfacet
facet normal    2.774122343098386e-01   -9.604301340704813e-01    2.482760207069131e-02
  outer loop
    vertex    5.752814933657645e-03    5.076050162315369e-01   -1.817199960350990e-02
    vertex    5.190392024815082e-03    5.075812935829163e-01   -1.280543021857738e-02
    vertex    3.865177975967526e-03    5.071604847908020e-01   -1.427664980292320e-02
  endloop
endfacet
facet normal   -8.459717282017635e-01    4.971362226192038e-01   -1.928403776267586e-01
  outer loop
    vertex    3.865177975967526e-03    5.071604847908020e-01   -1.427664980292320e-02
    vertex    8.948955684900284e-03    5.122972726821899e-01   -2.333620935678482e-02
    vertex    4.937586840242147e-03    5.076498985290527e-01   -1.771950908005238e-02
  endloop
endfacet
facet normal    2.017893162604880e-01   -9.793292449941153e-01   -1.397503997779709e-02
  outer loop
    vertex    5.752814933657645e-03    5.076050162315369e-01   -1.817199960350990e-02
    vertex    3.865177975967526e-03    5.071604847908020e-01   -1.427664980292320e-02
    vertex    5.756276194006204e-03    5.076562762260437e-01   -2.171416953206062e-02
  endloop
endfacet
facet normal    1.535723437315451e-02    1.787890225378405e-01   -9.837675745684911e-01
  outer loop
    vertex   -2.223188988864424e-02    5.101125836372375e-01   -5.396175198256969e-03
    vertex   -1.946504972875120e-02    5.092713236808777e-01   -5.505872890353203e-03
    vertex   -2.359084039926531e-02    5.099666118621826e-01   -5.443918053060770e-03
  endloop
endfacet
facet normal    8.301457635489323e-02    3.218795785171706e-01   -9.431341988530721e-01
  outer loop
    vertex   -1.931234076619150e-02    5.169376730918884e-01   -3.702297108247876e-03
    vertex   -1.929616928100588e-02    5.158373117446899e-01   -4.076412878930569e-03
    vertex   -2.501174993813040e-02    5.166527032852173e-01   -4.301215056329966e-03
  endloop
endfacet
facet normal   -1.992279059883028e-01    3.671318488149714e-01   -9.085826583537775e-01
  outer loop
    vertex   -2.501174993813040e-02    5.166527032852173e-01   -4.301215056329966e-03
    vertex   -2.529012970626356e-02    5.155867934226990e-01   -4.670877009630203e-03
    vertex   -2.558143064379694e-02    5.164235234260559e-01   -4.268904216587543e-03
  endloop
endfacet
facet normal   -2.823839191263109e-01   -9.588376910408721e-01   -2.982623774923909e-02
  outer loop
    vertex    2.502463012933731e-02    5.012608170509338e-01   -4.475766792893410e-03
    vertex    2.183490060269832e-02    5.022218227386475e-01   -5.170462187379599e-03
    vertex    3.373361006379128e-02    4.988031089305878e-01   -7.920140400528908e-03
  endloop
endfacet
facet normal    1.467756910383018e-01   -9.872556890918838e-01   -6.150691730154198e-02
  outer loop
    vertex    3.725203126668930e-02    4.984861910343171e-01   -2.564510097727180e-03
    vertex    3.637403994798660e-02    4.983487129211426e-01   -2.453006105497479e-03
    vertex    3.586442023515701e-02    4.986557066440583e-01   -8.596722967922688e-03
  endloop
endfacet
facet normal    7.392936101764895e-02   -9.956963358512512e-01   -5.588610159882926e-02
  outer loop
    vertex    3.637403994798660e-02    4.983487129211426e-01   -2.453006105497479e-03
    vertex    3.505598008632660e-02    4.985876083374024e-01   -8.452898822724819e-03
    vertex    3.586442023515701e-02    4.986557066440583e-01   -8.596722967922688e-03
  endloop
endfacet
facet normal    8.721158757061881e-01    1.993765300929102e-01   -4.468365457181626e-01
  outer loop
    vertex    2.257880009710788e-02    5.120173096656799e-01   -2.856458909809589e-02
    vertex    2.362282946705818e-02    5.136423110961914e-01   -2.580182999372482e-02
    vertex    2.249878086149692e-02    5.108107924461365e-01   -2.925910986959934e-02
  endloop
endfacet
facet normal   -5.273145718539123e-01    3.967758952484939e-01    7.513376280077295e-01
  outer loop
    vertex    2.295456081628799e-02    5.091158747673035e-01   -5.860779201611876e-04
    vertex    2.693446911871433e-02    5.141903162002563e-01   -4.726168117485940e-04
    vertex    2.555865049362182e-02    5.154983997344971e-01   -2.129002939909697e-03
  endloop
endfacet
facet normal    6.721044483163161e-01   -3.458193204113654e-01   -6.547401073583637e-01
  outer loop
    vertex    2.793890982866287e-02    5.105329751968384e-01   -2.278330922126770e-02
    vertex    2.778968960046768e-02    5.092133879661560e-01   -2.223950996994972e-02
    vertex    2.549012936651706e-02    5.114973783493042e-01   -2.580641023814678e-02
  endloop
endfacet
facet normal    4.999794047097206e-01    8.320206301789855e-01    2.403378160479061e-01
  outer loop
    vertex    2.649761922657489e-02    5.112788081169128e-01   -2.307434007525444e-02
    vertex    2.414307929575443e-02    5.132201910018921e-01   -2.489697933197021e-02
    vertex    2.171397954225540e-02    5.143473744392395e-01   -2.374584972858429e-02
  endloop
endfacet
facet normal    1.795961074240469e-01   -9.547711635175727e-01    2.369752381862514e-01
  outer loop
    vertex    3.752981126308441e-02    4.988215863704682e-01   -1.423725974746048e-03
    vertex    3.637403994798660e-02    4.983487129211426e-01   -2.453006105497479e-03
    vertex    3.725203126668930e-02    4.984861910343171e-01   -2.564510097727180e-03
  endloop
endfacet
facet normal   -2.595273090581896e-01   -7.883877823449217e-01   -5.577546777054150e-01
  outer loop
    vertex    1.963049918413162e-02    5.114349126815796e-01   -1.934378035366535e-02
    vertex    2.199484035372734e-02    5.117092132568359e-01   -2.083165012300014e-02
    vertex    2.006302960216999e-02    5.108122825622559e-01   -1.866495050489902e-02
  endloop
endfacet
facet normal   -2.333849272951241e-01   -8.181266104983443e-01   -5.255476428507122e-01
  outer loop
    vertex    1.134038995951414e-02    5.088201761245728e-01   -1.159191969782114e-02
    vertex    1.963049918413162e-02    5.114349126815796e-01   -1.934378035366535e-02
    vertex    1.277625001966953e-02    5.084761977195740e-01   -1.169408019632101e-02
  endloop
endfacet
facet normal   -4.048302035136155e-01   -7.558111363945417e-01   -5.146474836479006e-01
  outer loop
    vertex    1.183591969311237e-02    5.081623196601868e-01   -1.049343962222338e-02
    vertex    1.277625001966953e-02    5.084761977195740e-01   -1.169408019632101e-02
    vertex    1.884507015347480e-02    5.045930743217468e-01   -1.076516043394804e-02
  endloop
endfacet
facet normal   -3.545379550734046e-02   -9.237812811165973e-01   -3.812757178771051e-01
  outer loop
    vertex    1.788284070789814e-02    5.102133750915527e-01   -2.879484929144382e-02
    vertex    9.959228336811066e-03    5.085967779159546e-01   -2.414125017821789e-02
    vertex    6.447175983339547e-03    5.081468224525452e-01   -2.272449061274529e-02
  endloop
endfacet
facet normal    2.848075402934226e-01   -9.454225701775086e-01    1.583061236685573e-01
  outer loop
    vertex    2.000913955271244e-02    5.116518139839172e-01   -2.292908914387226e-02
    vertex    2.120908908545971e-02    5.121251940727234e-01   -2.226082980632782e-02
    vertex    9.931070730090141e-03    5.086988806724548e-01   -2.243296056985855e-02
  endloop
endfacet
facet normal    8.475436249076561e-03   -9.018042458993900e-01   -4.320616496036424e-01
  outer loop
    vertex    6.447175983339547e-03    5.081468224525452e-01   -2.272449061274529e-02
    vertex    9.347615763545036e-03    5.084565877914429e-01   -2.331414073705673e-02
    vertex    5.756276194006204e-03    5.076562762260437e-01   -2.171416953206062e-02
  endloop
endfacet
facet normal    2.729548617408856e-01   -9.619759452164915e-01    9.895669600969124e-03
  outer loop
    vertex    1.689209975302219e-02    5.109788775444031e-01   -2.084890007972717e-02
    vertex    1.948300004005432e-02    5.117186903953552e-01   -2.039583958685398e-02
    vertex    1.559909991919994e-02    5.106400251388550e-01   -1.812420040369034e-02
  endloop
endfacet
facet normal    2.815726346019550e-01   -9.594466371819430e-01   -1.337915705772076e-02
  outer loop
    vertex    7.324838079512118e-03    5.081685185432434e-01   -1.502437982708216e-02
    vertex    1.559909991919994e-02    5.106400251388550e-01   -1.812420040369034e-02
    vertex    8.077053353190422e-03    5.083801150321960e-01   -1.436755992472172e-02
  endloop
endfacet
facet normal    1.753417522907485e-01   -9.769812672452556e-01    1.215025652217440e-01
  outer loop
    vertex    3.865177975967526e-03    5.071604847908020e-01   -1.427664980292320e-02
    vertex    5.190392024815082e-03    5.075812935829163e-01   -1.280543021857738e-02
    vertex    3.609081963077187e-03    5.073407292366028e-01   -1.245776005089283e-02
  endloop
endfacet
facet normal    3.154850797533196e-01   -9.304766059557610e-01    1.862322480723700e-01
  outer loop
    vertex    2.030936069786548e-02    5.103585124015808e-01   -2.998795919120312e-02
    vertex    2.106473036110401e-02    5.117728114128113e-01   -2.420129068195820e-02
    vertex    1.931340992450714e-02    5.105149149894714e-01   -2.751933969557285e-02
  endloop
endfacet
facet normal   -2.384876618361266e-01   -9.693336903403189e-01   -5.929445103174718e-02
  outer loop
    vertex    2.609086036682129e-02    5.100206732749939e-01   -2.304730936884880e-02
    vertex    2.468690089881420e-02    5.106201767921448e-01   -2.720101922750473e-02
    vertex    2.546265907585621e-02    5.103862285614014e-01   -2.649665065109730e-02
  endloop
endfacet
facet normal   -9.629043025021516e-01    2.698429978543453e-01    2.464382780611260e-04
  outer loop
    vertex   -2.637560106813909e-02    5.144026279449463e-01    2.168072403345653e-19
    vertex   -2.691306918859484e-02    5.124875903129578e-01   -3.128045005723834e-03
    vertex   -2.693353220820429e-02    5.124117136001587e-01   -3.319730010843925e-23
  endloop
endfacet
facet normal   -7.000180712185262e-01    6.117390298612028e-01    3.684427490288940e-01
  outer loop
    vertex   -2.418015711009504e-02    5.202664732933044e-01    1.354920897444174e-19
    vertex   -2.415608055889608e-02    5.203580856323242e-01   -1.063633972080424e-04
    vertex   -2.437965385615827e-02    5.200381875038147e-01    1.351934421791130e-20
  endloop
endfacet
facet normal   -7.941770814146044e-01    5.533726746373475e-01   -2.511203821287493e-01
  outer loop
    vertex   -2.578677050769331e-02    5.165225863456726e-01   -3.401213092729449e-03
    vertex   -2.415608055889608e-02    5.203580856323242e-01   -1.063633972080424e-04
    vertex   -2.558143064379694e-02    5.164235234260559e-01   -4.268904216587543e-03
  endloop
endfacet
facet normal   -9.480803363163680e-01    3.180236019444607e-01    2.159744548295052e-03
  outer loop
    vertex   -2.485693059861662e-02    5.192714929580688e-01   -3.318562216375119e-23
    vertex   -2.578677050769331e-02    5.165225863456726e-01   -3.401213092729449e-03
    vertex   -2.580701373517515e-02    5.164391398429871e-01   -3.319096503663293e-23
  endloop
endfacet
facet normal   -1.963116480667779e-01    9.686626375190294e-01   -1.521658026889852e-01
  outer loop
    vertex    1.381462998688221e-02    5.199031829833984e-01   -9.835703298449516e-03
    vertex    1.496329996734858e-02    5.198209881782532e-01   -1.184086035937071e-02
    vertex    1.439278014004230e-02    5.195503234863281e-01   -1.282783038914204e-02
  endloop
endfacet
facet normal   -5.593729025536827e-01    7.927227237141773e-01   -2.422656376703973e-01
  outer loop
    vertex    1.057089027017355e-02    5.187929868698120e-01   -6.394255906343460e-03
    vertex    1.324552018195391e-02    5.190991163253784e-01   -1.156807970255613e-02
    vertex    8.815555833280087e-03    5.163542032241821e-01   -1.032132003456354e-02
  endloop
endfacet
facet normal   -5.578382527643303e-01    8.001080423854710e-01   -2.205529511544304e-01
  outer loop
    vertex    8.815555833280087e-03    5.163542032241821e-01   -1.032132003456354e-02
    vertex    1.324552018195391e-02    5.190991163253784e-01   -1.156807970255613e-02
    vertex    6.727925036102532e-03    5.144317746162415e-01   -1.201520022004843e-02
  endloop
endfacet
facet normal   -1.157310835686196e-01    9.747130832281402e-01    1.911562755441898e-01
  outer loop
    vertex   -5.924137076362977e-04    5.184441208839417e-01    5.417705945568710e-20
    vertex   -7.414012216031561e-04    5.184369087219238e-01   -5.342590884538367e-05
    vertex   -6.064698100090037e-04    5.184424519538879e-01    6.743214330400588e-21
  endloop
endfacet
facet normal   -4.283519666861026e-02    9.990754828710897e-01   -3.650404396839185e-03
  outer loop
    vertex    8.802643977105618e-03    5.189241766929626e-01   -1.152562035713345e-04
    vertex    1.002159994095564e-02    5.189617276191711e-01   -4.141661804169416e-03
    vertex    5.652949213981628e-03    5.187873840332031e-01   -5.942162824794650e-04
  endloop
endfacet
facet normal    1.408722785836576e-01    9.886681386816499e-01    5.186822420721733e-02
  outer loop
    vertex    9.359214454889297e-03    5.188853740692139e-01   -8.872593753039837e-04
    vertex    1.002159994095564e-02    5.189617276191711e-01   -4.141661804169416e-03
    vertex    8.802643977105618e-03    5.189241766929626e-01   -1.152562035713345e-04
  endloop
endfacet
facet normal   -1.509571931239503e-01    9.471028831316098e-01   -2.832102657177713e-01
  outer loop
    vertex    1.002159994095564e-02    5.189617276191711e-01   -4.141661804169416e-03
    vertex    7.671099156141280e-03    5.186747908592224e-01   -3.848358988761902e-03
    vertex   -9.181643254123638e-04    5.180597901344299e-01   -1.326762023381889e-03
  endloop
endfacet
facet normal    7.456872164647392e-01   -6.662636926978357e-01   -6.577765100186599e-03
  outer loop
    vertex    3.752981126308441e-02    4.988215863704682e-01   -1.423725974746048e-03
    vertex    3.767878562211990e-02    4.989742636680604e-01   -3.283394723876119e-23
    vertex    3.744943812489510e-02    4.987175762653351e-01    1.083873820115566e-19
  endloop
endfacet
facet normal    8.302104066575721e-01    5.513032934094537e-01    8.255518974212681e-02
  outer loop
    vertex    3.951914981007576e-02    5.109689831733704e-01   -4.014066071249545e-04
    vertex    3.945710882544518e-02    5.110023021697998e-01   -9.677846824285289e-21
    vertex    3.948802128434181e-02    5.109557509422302e-01   -3.282377285010137e-23
  endloop
endfacet
facet normal    1.323313012140410e-01    9.809865428426594e-01    1.419641837950894e-01
  outer loop
    vertex   -1.696868240833284e-02    5.187408328056335e-01   -9.151710576774088e-22
    vertex   -1.745495945215227e-02    5.188406109809875e-01   -2.361960068810731e-04
    vertex   -1.804548501968386e-02    5.188860893249512e-01   -3.314731741986451e-23
  endloop
endfacet
facet normal   -5.217356793813955e-01   -5.046459474275553e-01   -6.878403511029131e-01
  outer loop
    vertex   -2.359084039926531e-02    5.099666118621826e-01   -5.443918053060770e-03
    vertex   -2.319715917110445e-02    5.091546177864075e-01   -5.146796815097332e-03
    vertex   -2.648363076150419e-02    5.117713212966919e-01   -4.573755897581577e-03
  endloop
endfacet
facet normal   -7.697795596475488e-01   -5.671629173094114e-01   -2.928577381219482e-01
  outer loop
    vertex   -2.648363076150419e-02    5.117713212966919e-01   -4.573755897581577e-03
    vertex   -2.662382088601591e-02    5.114446878433228e-01   -3.572690067812800e-03
    vertex   -2.691883966326715e-02    5.120232105255127e-01   -3.917626105248928e-03
  endloop
endfacet
facet normal   -3.054357928642106e-01   -9.522079793873601e-01   -2.990054924516049e-03
  outer loop
    vertex   -7.021631114184871e-03    5.093054175376892e-01   -3.308532383774005e-23
    vertex   -6.664137821644559e-03    5.092095136642456e-01   -5.976750981062651e-03
    vertex   -6.158312316983953e-03    5.090284943580627e-01   -3.308046889097424e-23
  endloop
endfacet
facet normal    7.382417856941124e-01    4.682399711487606e-01   -4.855413424969868e-01
  outer loop
    vertex    3.399002179503441e-02    5.148819088935852e-01   -1.280540041625500e-02
    vertex    3.585769981145859e-02    5.127604007720947e-01   -1.201159972697496e-02
    vertex    3.376809135079384e-02    5.140399932861328e-01   -1.395475026220083e-02
  endloop
endfacet
facet normal    8.995437845949519e-01    4.158557308117100e-01   -1.337347776296405e-01
  outer loop
    vertex    3.326117992401123e-02    5.163329839706421e-01   -1.319563016295433e-02
    vertex    3.399002179503441e-02    5.148819088935852e-01   -1.280540041625500e-02
    vertex    3.365791961550713e-02    5.152698159217834e-01   -1.383300963789225e-02
  endloop
endfacet
facet normal    3.456775022744163e-01    9.191392224122069e-01    1.889183798490892e-01
  outer loop
    vertex    2.941320091485977e-02    5.151789188385010e-01   -2.519988920539618e-04
    vertex    3.815213963389397e-02    5.120205879211426e-01   -8.761239005252719e-04
    vertex    2.885477989912033e-02    5.161361098289490e-01   -3.887210041284561e-03
  endloop
endfacet
facet normal    7.167407674221221e-01    6.636344410699769e-01    2.141774986801526e-01
  outer loop
    vertex    3.020979091525077e-02    5.196682810783386e-01   -1.331872027367353e-02
    vertex    2.814083918929100e-02    5.214725732803345e-01   -1.198565959930420e-02
    vertex    3.326117992401123e-02    5.163329839706421e-01   -1.319563016295433e-02
  endloop
endfacet
facet normal    6.858588851276679e-01    6.130025387624362e-01   -3.922059116870122e-01
  outer loop
    vertex    3.065467998385429e-02    5.188819169998169e-01   -1.376978959888220e-02
    vertex    3.020979091525077e-02    5.196682810783386e-01   -1.331872027367353e-02
    vertex    3.326117992401123e-02    5.163329839706421e-01   -1.319563016295433e-02
  endloop
endfacet
facet normal    4.923524435312809e-01    8.471076890343134e-01   -1.999940862318732e-01
  outer loop
    vertex    2.649761922657489e-02    5.112788081169128e-01   -2.307434007525444e-02
    vertex    2.583310939371585e-02    5.125311017036438e-01   -1.940595917403698e-02
    vertex    2.654070965945720e-02    5.120447278022766e-01   -1.972408033907413e-02
  endloop
endfacet
facet normal    5.108770973054070e-01    4.643566745581006e-01   -7.234483189849459e-01
  outer loop
    vertex    2.969129011034965e-02    5.139409899711609e-01   -1.728866063058376e-02
    vertex    3.047709912061691e-02    5.136064291000366e-01   -1.694848947227001e-02
    vertex    2.964068949222564e-02    5.128455162048340e-01   -1.802754029631615e-02
  endloop
endfacet
facet normal    9.998699529367148e-01    1.604404621559232e-02    1.632726359114678e-03
  outer loop
    vertex    2.134235017001629e-02    5.147373080253601e-01   -2.432440966367722e-02
    vertex    2.132873982191085e-02    5.153378248214722e-01   -2.189053036272526e-02
    vertex    2.133077941834926e-02    5.150787830352783e-01   -2.059408091008663e-02
  endloop
endfacet
facet normal    3.320669525240962e-01    7.713427181536450e-01    5.429198377225740e-01
  outer loop
    vertex    2.254647947847843e-02    5.162774920463562e-01   -1.669757999479771e-02
    vertex    1.839685998857021e-02    5.160779953002930e-01   -1.387611031532288e-02
    vertex    2.352211065590381e-02    5.159273147583008e-01   -1.679679937660694e-02
  endloop
endfacet
facet normal   -9.149246793665863e-01    3.614833171681362e-01    1.795623638045285e-01
  outer loop
    vertex    2.059308066964149e-02    5.078275203704834e-01   -5.929421167820692e-03
    vertex    1.974599994719028e-02    5.048682093620300e-01   -4.288061056286097e-03
    vertex    2.044044062495231e-02    5.066905021667480e-01   -4.418197087943554e-03
  endloop
endfacet
facet normal   -5.875588102171214e-01    6.209371580550463e-01    5.188561364027250e-01
  outer loop
    vertex    2.493409067392349e-02    5.197749137878418e-01   -1.115560997277498e-02
    vertex    1.923648081719875e-02    5.153871774673462e-01   -1.235666032880545e-02
    vertex    2.284332923591137e-02    5.175918936729431e-01   -1.091070007532835e-02
  endloop
endfacet
facet normal   -8.168920165028553e-01    5.272242079369013e-01    2.339274843604444e-01
  outer loop
    vertex    2.489718049764633e-02    5.186095833778381e-01   -1.024901960045099e-02
    vertex    2.420255914330482e-02    5.175039768218994e-01   -1.018287986516953e-02
    vertex    2.500195987522602e-02    5.184034109115601e-01   -9.418452158570290e-03
  endloop
endfacet
facet normal    2.915900550361003e-01    9.554435615178387e-01    4.585673950633624e-02
  outer loop
    vertex    1.521954033523798e-02    5.197960138320923e-01   -1.294986996799707e-02
    vertex    1.496329996734858e-02    5.198209881782532e-01   -1.184086035937071e-02
    vertex    1.586068980395794e-02    5.195869207382202e-01   -1.267021987587214e-02
  endloop
endfacet
facet normal    5.355922464597351e-01    3.630640871530990e-01    7.624469910439029e-01
  outer loop
    vertex    1.586068980395794e-02    5.195869207382202e-01   -1.267021987587214e-02
    vertex    1.508282031863928e-02    5.190511941909790e-01   -1.186869014054537e-02
    vertex    1.585113070905208e-02    5.186535716056824e-01   -1.221906021237373e-02
  endloop
endfacet
facet normal    5.364709944733080e-01    8.395988975260089e-01    8.527932552459742e-02
  outer loop
    vertex    1.839685998857021e-02    5.160779953002930e-01   -1.387611031532288e-02
    vertex    1.845036074519157e-02    5.159103870391846e-01   -1.256251987069845e-02
    vertex    1.923648081719875e-02    5.153871774673462e-01   -1.235666032880545e-02
  endloop
endfacet
facet normal    6.097412151956060e-02    8.303063322857059e-01   -5.539616873676164e-01
  outer loop
    vertex   -2.368368953466417e-02    5.175381898880005e-01   -3.146399045363069e-03
    vertex   -1.948981918394567e-02    5.189021825790405e-01   -6.403605220839381e-04
    vertex   -1.819851994514467e-02    5.187010169029236e-01   -7.997457287274301e-04
  endloop
endfacet
facet normal   -5.098002161472217e-01    7.227508612510326e-01   -4.666207584078709e-01
  outer loop
    vertex    5.739157088100909e-03    5.137090086936951e-01   -1.205443032085896e-02
    vertex    5.622204858809709e-03    5.147596001625061e-01   -1.029939018189907e-02
    vertex    6.727925036102532e-03    5.144317746162415e-01   -1.201520022004843e-02
  endloop
endfacet
facet normal   -3.482117672923908e-01    8.535828945230765e-01   -3.874852349402700e-01
  outer loop
    vertex    6.727925036102532e-03    5.144317746162415e-01   -1.201520022004843e-02
    vertex    5.622204858809709e-03    5.147596001625061e-01   -1.029939018189907e-02
    vertex    9.518437087535858e-03    5.184429883956909e-01   -5.686664022505283e-03
  endloop
endfacet
facet normal   -4.394455756947509e-01    3.057604710722827e-01   -8.446289838337095e-01
  outer loop
    vertex    2.683663042262196e-03    5.123543143272400e-01   -1.062207017093897e-02
    vertex   -5.747491028159872e-03    5.102850794792175e-01   -6.984564010053873e-03
    vertex   -3.476100042462350e-03    5.117623209953308e-01   -7.631558924913406e-03
  endloop
endfacet
facet normal   -4.746047080561924e-01    3.703993261342146e-01   -7.984702313112343e-01
  outer loop
    vertex    4.364319145679473e-03    5.129449963569641e-01   -1.134703028947115e-02
    vertex    2.683663042262196e-03    5.123543143272400e-01   -1.062207017093897e-02
    vertex    4.201963078230619e-03    5.133985280990601e-01   -1.104013994336128e-02
  endloop
endfacet
facet normal   -1.048260655801080e-01    9.008284845071721e-01    4.213306747383891e-01
  outer loop
    vertex    2.040502987802028e-02    5.192747712135315e-01   -1.949252933263779e-02
    vertex    2.292291074991226e-02    5.215607285499573e-01   -2.375359088182449e-02
    vertex    1.940719038248062e-02    5.188732147216797e-01   -1.888223923742771e-02
  endloop
endfacet
facet normal   -8.401763445881821e-01   -5.416177129557614e-01    2.745838682462585e-02
  outer loop
    vertex    1.990550942718982e-02    5.032970905303955e-01   -3.880989970639348e-03
    vertex    1.870699971914291e-02    5.048571228981018e-01   -9.781494736671448e-03
    vertex    1.884507015347480e-02    5.045930743217468e-01   -1.076516043394804e-02
  endloop
endfacet
facet normal   -6.390978473351551e-01   -7.677435064616822e-01   -4.608524511697816e-02
  outer loop
    vertex    1.990550942718982e-02    5.032970905303955e-01   -3.880989970639348e-03
    vertex    1.884507015347480e-02    5.045930743217468e-01   -1.076516043394804e-02
    vertex    2.080786041915416e-02    5.025287270545959e-01   -3.594228066504002e-03
  endloop
endfacet
facet normal   -2.147891320347686e-01   -8.638941450934552e-01   -4.555793397784836e-01
  outer loop
    vertex    2.230704994872212e-03    5.054957866668701e-01   -3.487826092168689e-03
    vertex   -5.248043220490232e-03    5.087845921516418e-01   -6.198278162628412e-03
    vertex   -3.668138058856131e-03    5.086184144020081e-01   -6.628030911087990e-03
  endloop
endfacet
facet normal   -1.236341293918494e-01   -8.115077533054563e-01   -5.711127457644858e-01
  outer loop
    vertex    4.942369181662797e-03    5.081548094749451e-01   -8.239997550845146e-03
    vertex    1.243246020749210e-03    5.085777044296265e-01   -8.040115237236023e-03
    vertex    6.941035855561494e-03    5.082967877388000e-01   -8.874407969415188e-03
  endloop
endfacet
facet normal   -7.712929329012676e-02   -3.753756223592538e-01   -9.236580613273336e-01
  outer loop
    vertex   -2.359084039926531e-02    5.099666118621826e-01   -5.443918053060770e-03
    vertex   -1.946504972875120e-02    5.092713236808777e-01   -5.505872890353203e-03
    vertex   -2.319715917110445e-02    5.091546177864075e-01   -5.146796815097332e-03
  endloop
endfacet
facet normal    9.462592863175649e-02   -9.919343340200194e-01   -8.433392332174641e-02
  outer loop
    vertex   -1.946504972875120e-02    5.092713236808777e-01   -5.505872890353203e-03
    vertex   -1.196361985057594e-02    5.100011229515076e-01   -5.672866012901068e-03
    vertex   -1.384092960506679e-02    5.097864866256714e-01   -5.254731047898531e-03
  endloop
endfacet
facet normal   -1.132443946125097e-01   -9.893131104591911e-01   -9.184376169564477e-02
  outer loop
    vertex   -1.196361985057594e-02    5.100011229515076e-01   -5.672866012901068e-03
    vertex   -6.846194155514255e-03    5.094919204711914e-01   -6.497735157608986e-03
    vertex   -1.154720038175584e-02    5.098934173583984e-01   -5.026143975555897e-03
  endloop
endfacet
facet normal   -1.271358279229124e-01   -9.822165485557451e-01   -1.381561906017797e-01
  outer loop
    vertex   -1.154720038175584e-02    5.098934173583984e-01   -5.026143975555897e-03
    vertex   -6.846194155514255e-03    5.094919204711914e-01   -6.497735157608986e-03
    vertex   -7.880637422204032e-03    5.094590187072754e-01   -5.311892833560705e-03
  endloop
endfacet
facet normal    4.647981981912775e-01    8.824987440114481e-01   -7.182340688353923e-02
  outer loop
    vertex    2.213444001972675e-02    5.143771171569824e-01   -2.065942995250225e-02
    vertex    2.583310939371585e-02    5.125311017036438e-01   -1.940595917403698e-02
    vertex    2.171397954225540e-02    5.143473744392395e-01   -2.374584972858429e-02
  endloop
endfacet
facet normal   -1.516041065729016e-01   -9.824517620458708e-01   -1.086495748873235e-01
  outer loop
    vertex    3.402991965413094e-02    4.987544119358063e-01   -2.850627992302179e-03
    vertex    3.637403994798660e-02    4.983487129211426e-01   -2.453006105497479e-03
    vertex    3.429052978754044e-02    4.986037909984589e-01   -1.852296991273761e-03
  endloop
endfacet
facet normal    1.525738086537244e-01   -9.882772599140459e-01   -5.412065195657128e-03
  outer loop
    vertex    1.017952989786863e-02    5.086330771446228e-01   -1.015275996178389e-02
    vertex    9.059295989573002e-03    5.084668993949890e-01   -1.138863991945982e-02
    vertex    1.134038995951414e-02    5.088201761245728e-01   -1.159191969782114e-02
  endloop
endfacet
facet normal    2.506538429604224e-01   -9.648839322386824e-01   -7.855983908327140e-02
  outer loop
    vertex    1.086242031306028e-02    5.089982151985168e-01   -1.307213958352804e-02
    vertex    8.077053353190422e-03    5.083801150321960e-01   -1.436755992472172e-02
    vertex    1.559909991919994e-02    5.106400251388550e-01   -1.812420040369034e-02
  endloop
endfacet
facet normal    9.844842663155281e-01   -1.358979876650892e-01   -1.110066048744656e-01
  outer loop
    vertex    3.982373699545860e-02    5.088397264480591e-01   -3.282188492387242e-23
    vertex    3.915327042341232e-02    5.083509087562561e-01   -5.347739905118942e-03
    vertex    3.907902911305428e-02    5.095481872558594e-01   -7.471912074834108e-03
  endloop
endfacet
facet normal    9.844629832419739e-01   -1.360668480409442e-01   -1.109885016139764e-01
  outer loop
    vertex    3.915327042341232e-02    5.083509087562561e-01   -5.347739905118942e-03
    vertex    3.982373699545860e-02    5.088397264480591e-01   -3.282188492387242e-23
    vertex    3.981941193342209e-02    5.088084340095520e-01   -1.084530391577967e-19
  endloop
endfacet
facet normal    9.848366923403122e-01   -1.330633396449082e-01   -1.113141368503444e-01
  outer loop
    vertex    3.962820023298264e-02    5.079143047332764e-01   -6.228900747373700e-04
    vertex    3.981941193342209e-02    5.088084340095520e-01   -1.084530391577967e-19
    vertex    3.979462385177612e-02    5.086249709129333e-01   -3.282204864407668e-23
  endloop
endfacet
facet normal   -5.059391035813109e-01    4.152400817391213e-01   -7.560431852643256e-01
  outer loop
    vertex    2.364593558013439e-02    5.098036527633667e-01   -3.291286216691705e-23
    vertex    2.783616073429584e-02    5.146828293800354e-01   -1.242906000697985e-04
    vertex    2.231574058532714e-02    5.078207254409790e-01   -1.989214943023399e-04
  endloop
endfacet
facet normal   -5.059595694424482e-01    4.152582610151274e-01   -7.560195042115678e-01
  outer loop
    vertex    2.783616073429584e-02    5.146828293800354e-01   -1.242906000697985e-04
    vertex    2.364593558013439e-02    5.098036527633667e-01   -3.291286216691705e-23
    vertex    2.745437249541282e-02    5.144439339637756e-01   -3.289144509864049e-23
  endloop
endfacet
facet normal   -2.332917386506380e-01   -9.723372306365839e-01   -1.163076073783586e-02
  outer loop
    vertex   -1.154720038175584e-02    5.098934173583984e-01   -5.026143975555897e-03
    vertex   -1.187354885041715e-02    5.099115967750549e-01   -4.337139816032119e-19
    vertex   -1.207874901592733e-02    5.099608302116394e-01   -3.311376297069861e-23
  endloop
endfacet
facet normal   -7.533060262665833e-01    5.372125565729056e-01   -3.793846331242906e-01
  outer loop
    vertex    2.081603370606899e-02    5.058582425117493e-01   -3.292877636023946e-23
    vertex    2.231574058532714e-02    5.078207254409790e-01   -1.989214943023399e-04
    vertex    1.983319036662578e-02    5.042805075645447e-01   -2.825554984156042e-04
  endloop
endfacet
facet normal   -7.533039455053688e-01    5.372102110518542e-01   -3.793920858790633e-01
  outer loop
    vertex    2.231574058532714e-02    5.078207254409790e-01   -1.989214943023399e-04
    vertex    2.081603370606899e-02    5.058582425117493e-01   -3.292877636023946e-23
    vertex    2.180553972721100e-02    5.072457790374756e-01   -3.292321178916560e-23
  endloop
endfacet
facet normal   -6.672456678823199e-01    5.750453806061613e-01    4.733983829036512e-01
  outer loop
    vertex    1.958721503615379e-02    5.037624835968018e-01   -3.293568672623698e-23
    vertex    1.983319036662578e-02    5.042805075645447e-01   -2.825554984156042e-04
    vertex    1.976766996085643e-02    5.046588778495789e-01   -8.345182868652046e-04
  endloop
endfacet
facet normal   -6.672429879587947e-01    5.750458544485372e-01    4.734015845995570e-01
  outer loop
    vertex    1.983319036662578e-02    5.042805075645447e-01   -2.825554984156042e-04
    vertex    1.958721503615379e-02    5.037624835968018e-01   -3.293568672623698e-23
    vertex    1.969308592379093e-02    5.038853287696838e-01   -3.293509135230937e-23
  endloop
endfacet
facet normal    4.558432066632719e-02    9.959268636594233e-01   -7.779300708221790e-02
  outer loop
    vertex   -1.745495945215227e-02    5.188406109809875e-01   -2.361960068810731e-04
    vertex   -1.882813312113287e-02    5.189219117164612e-01    2.707190259342954e-20
    vertex   -1.804548501968386e-02    5.188860893249512e-01   -3.314731741986451e-23
  endloop
endfacet
facet normal    4.558531561526657e-02    9.959272592876209e-01   -7.778735892228623e-02
  outer loop
    vertex   -1.882813312113287e-02    5.189219117164612e-01    2.707190259342954e-20
    vertex   -1.745495945215227e-02    5.188406109809875e-01   -2.361960068810731e-04
    vertex   -1.948981918394567e-02    5.189021825790405e-01   -6.403605220839381e-04
  endloop
endfacet
facet normal   -8.332498867257132e-01    5.187082571499890e-01   -1.914062962287467e-01
  outer loop
    vertex   -2.415608055889608e-02    5.203580856323242e-01   -1.063633972080424e-04
    vertex   -2.485693059861662e-02    5.192714929580688e-01   -3.318562216375119e-23
    vertex   -2.437965385615827e-02    5.200381875038147e-01    1.351934421791130e-20
  endloop
endfacet
facet normal   -8.332473975803355e-01    5.187046284780561e-01   -1.914269647177223e-01
  outer loop
    vertex   -2.485693059861662e-02    5.192714929580688e-01   -3.318562216375119e-23
    vertex   -2.415608055889608e-02    5.203580856323242e-01   -1.063633972080424e-04
    vertex   -2.578677050769331e-02    5.165225863456726e-01   -3.401213092729449e-03
  endloop
endfacet
facet normal   -2.901154258278284e-02   -9.995742454008699e-01   -3.107785103352835e-03
  outer loop
    vertex   -2.274028956890108e-02    5.090231895446777e-01   -4.589546937495470e-03
    vertex   -1.922171935439112e-02    5.089222788810730e-01   -4.979358054697514e-03
    vertex   -2.100989408791067e-02    5.089586973190308e-01   -3.316398802482024e-23
  endloop
endfacet
facet normal   -2.900800565247029e-02   -9.995743438988404e-01   -3.109120015200606e-03
  outer loop
    vertex   -2.100989408791067e-02    5.089586973190308e-01   -3.316398802482024e-23
    vertex   -2.264889888465406e-02    5.090062618255615e-01   -3.317320510777104e-23
    vertex   -2.274028956890108e-02    5.090231895446777e-01   -4.589546937495470e-03
  endloop
endfacet
facet normal   -3.725573065931340e-01   -9.280028863728856e-01    3.419968956403126e-03
  outer loop
    vertex   -5.088196136057392e-03    5.085800886154175e-01   -5.100111011415720e-03
    vertex   -5.400822497904315e-03    5.087243914604187e-01   -3.307620908246760e-23
    vertex   -6.158312316983953e-03    5.090284943580627e-01   -3.308046889097424e-23
  endloop
endfacet
facet normal   -3.725464169205688e-01   -9.280072482439010e-01    3.422637349855426e-03
  outer loop
    vertex   -6.158312316983953e-03    5.090284943580627e-01   -3.308046889097424e-23
    vertex   -6.664137821644559e-03    5.092095136642456e-01   -5.976750981062651e-03
    vertex   -5.088196136057392e-03    5.085800886154175e-01   -5.100111011415720e-03
  endloop
endfacet
facet normal   -9.885308417267952e-01    1.337633542147621e-01   -7.010092741276432e-02
  outer loop
    vertex    1.959276013076305e-02    5.033823251724243e-01   -8.035951177589595e-04
    vertex    1.953333802521228e-02    5.033643245697021e-01   -3.293598970812477e-23
    vertex    1.958721503615379e-02    5.037624835968018e-01   -3.293568672623698e-23
  endloop
endfacet
facet normal   -9.885333910780455e-01    1.337482488025396e-01   -7.009379905522503e-02
  outer loop
    vertex    1.958721503615379e-02    5.037624835968018e-01   -3.293568672623698e-23
    vertex    1.976766996085643e-02    5.046588778495789e-01   -8.345182868652046e-04
    vertex    1.959276013076305e-02    5.033823251724243e-01   -8.035951177589595e-04
  endloop
endfacet
facet normal   -9.997263124760001e-01    2.261421375114919e-02   -5.991450538599660e-03
  outer loop
    vertex   -2.691306918859484e-02    5.124875903129578e-01   -3.128045005723834e-03
    vertex   -2.693826332688333e-02    5.122025609016418e-01    2.168072371703866e-19
    vertex   -2.693353220820429e-02    5.124117136001587e-01   -3.319730010843925e-23
  endloop
endfacet
facet normal   -9.997263927789569e-01    2.261057542631744e-02   -5.991782711809083e-03
  outer loop
    vertex   -2.693826332688333e-02    5.122025609016418e-01    2.168072371703866e-19
    vertex   -2.691306918859484e-02    5.124875903129578e-01   -3.128045005723834e-03
    vertex   -2.691883966326715e-02    5.120232105255127e-01   -3.917626105248928e-03
  endloop
endfacet
facet normal   -2.952797953937187e-01    5.122753079442826e-01   -8.064637941673725e-01
  outer loop
    vertex    2.807174623012542e-02    5.150142908096313e-01    1.351963918282380e-20
    vertex    2.870390005409717e-02    5.152050852775574e-01   -1.102628011722118e-04
    vertex    2.783616073429584e-02    5.146828293800354e-01   -1.242906000697985e-04
  endloop
endfacet
facet normal   -2.952862522393591e-01    5.123112696530647e-01   -8.064385855258281e-01
  outer loop
    vertex    2.870390005409717e-02    5.152050852775574e-01   -1.102628011722118e-04
    vertex    2.807174623012542e-02    5.150142908096313e-01    1.351963918282380e-20
    vertex    2.859769947826862e-02    5.153174400329590e-01   -3.288501550221327e-23
  endloop
endfacet
facet normal   -2.357890288340991e-01   -9.717818797978474e-01   -6.596360969086799e-03
  outer loop
    vertex    2.247931994497776e-02    5.014613866806030e-01   -6.517089204862714e-04
    vertex    2.821407839655876e-02    5.000655055046082e-01   -3.288717282541249e-23
    vertex    2.484737895429134e-02    5.008823871612549e-01   -3.290610574634250e-23
  endloop
endfacet
facet normal   -2.357858395532678e-01   -9.717824543336044e-01   -6.625655855576337e-03
  outer loop
    vertex    2.821407839655876e-02    5.000655055046082e-01   -3.288717282541249e-23
    vertex    2.247931994497776e-02    5.014613866806030e-01   -6.517089204862714e-04
    vertex    3.429052978754044e-02    4.986037909984589e-01   -1.852296991273761e-03
  endloop
endfacet
facet normal   -1.299036363984875e-01    6.292647318948632e-01   -7.662577519632251e-01
  outer loop
    vertex    2.883942052721977e-02    5.153673291206360e-01   -3.288365616333417e-23
    vertex    2.941320091485977e-02    5.151789188385010e-01   -2.519988920539618e-04
    vertex    2.870390005409717e-02    5.152050852775574e-01   -1.102628011722118e-04
  endloop
endfacet
facet normal   -1.298716244467693e-01    6.292499372509928e-01   -7.662753275639109e-01
  outer loop
    vertex    2.870390005409717e-02    5.152050852775574e-01   -1.102628011722118e-04
    vertex    2.859769947826862e-02    5.153174400329590e-01   -3.288501550221327e-23
    vertex    2.883942052721977e-02    5.153673291206360e-01   -3.288365616333417e-23
  endloop
endfacet
facet normal    9.839112085565872e-01    1.430103500808993e-01   -1.070830212800076e-01
  outer loop
    vertex    3.907902911305428e-02    5.095481872558594e-01   -7.471912074834108e-03
    vertex    3.983328118920326e-02    5.099537372589111e-01   -3.282183125147646e-23
    vertex    3.983663395047188e-02    5.099306702613831e-01   -3.282181239693424e-23
  endloop
endfacet
facet normal    9.838729432963214e-01    1.432658882328574e-01   -1.070930283365090e-01
  outer loop
    vertex    3.983328118920326e-02    5.099537372589111e-01   -3.282183125147646e-23
    vertex    3.907902911305428e-02    5.095481872558594e-01   -7.471912074834108e-03
    vertex    3.884553909301758e-02    5.108528137207031e-01   -7.871714420616627e-03
  endloop
endfacet
facet normal   -5.350599477803615e-02    9.984633394863350e-01    1.442457017066872e-02
  outer loop
    vertex   -5.924137076362977e-04    5.184441208839417e-01    5.417705945568710e-20
    vertex    5.652949213981628e-03    5.187873840332031e-01   -5.942162824794650e-04
    vertex   -7.414012216031561e-04    5.184369087219238e-01   -5.342590884538367e-05
  endloop
endfacet
facet normal   -5.349808042358115e-02    9.984625648991733e-01    1.450730457240554e-02
  outer loop
    vertex    5.652949213981628e-03    5.187873840332031e-01   -5.942162824794650e-04
    vertex   -5.924137076362977e-04    5.184441208839417e-01    5.417705945568710e-20
    vertex    6.236809771507978e-03    5.188100337982178e-01   -3.301076386883437e-23
  endloop
endfacet
facet normal   -1.989041243268109e-01   -9.800114809827393e-01    3.827070394282807e-03
  outer loop
    vertex   -7.880637422204032e-03    5.094590187072754e-01   -5.311892833560705e-03
    vertex   -7.021631114184871e-03    5.093054175376892e-01   -3.308532383774005e-23
    vertex   -7.607219740748420e-03    5.094242691993713e-01    4.336477803772565e-19
  endloop
endfacet
facet normal   -1.989088823171295e-01   -9.800105121697102e-01    3.827867841566526e-03
  outer loop
    vertex   -7.021631114184871e-03    5.093054175376892e-01   -3.308532383774005e-23
    vertex   -7.880637422204032e-03    5.094590187072754e-01   -5.311892833560705e-03
    vertex   -6.664137821644559e-03    5.092095136642456e-01   -5.976750981062651e-03
  endloop
endfacet
facet normal    8.396442000847150e-01   -5.423241962769157e-01   -2.969988883306076e-02
  outer loop
    vertex    3.767878562211990e-02    4.989742636680604e-01   -3.283394723876119e-23
    vertex    3.810074925422668e-02    4.997049868106843e-01   -1.413794001564384e-03
    vertex    3.804055601358414e-02    4.995343685150147e-01   -3.283191279227596e-23
  endloop
endfacet
facet normal    8.396440100308684e-01   -5.423244794040697e-01   -2.970009189190435e-02
  outer loop
    vertex    3.810074925422668e-02    4.997049868106843e-01   -1.413794001564384e-03
    vertex    3.767878562211990e-02    4.989742636680604e-01   -3.283394723876119e-23
    vertex    3.752981126308441e-02    4.988215863704682e-01   -1.423725974746048e-03
  endloop
endfacet
facet normal    6.035144682827557e-01    7.968820461081987e-01    2.737318329667688e-02
  outer loop
    vertex    3.951914981007576e-02    5.109689831733704e-01   -4.014066071249545e-04
    vertex    3.815213963389397e-02    5.120205879211426e-01   -8.761239005252719e-04
    vertex    3.823627904057503e-02    5.119267702102661e-01   -3.283081212928935e-23
  endloop
endfacet
facet normal    9.291808524384434e-01   -3.696244518146897e-01    8.414763561298056e-04
  outer loop
    vertex    6.723687052726745e-03    5.122662782669067e-01   -1.724887057207525e-03
    vertex    8.426292799413204e-03    5.165503025054932e-01   -2.713805276326194e-20
    vertex    5.754879210144281e-03    5.098347663879395e-01   -3.301347404481474e-23
  endloop
endfacet
facet normal    3.902318156768679e-02    9.467174750730443e-01    3.196923735275134e-01
  outer loop
    vertex   -1.745495945215227e-02    5.188406109809875e-01   -2.361960068810731e-04
    vertex   -4.252904560416938e-03    5.182166695594788e-01    6.743193824364521e-21
    vertex   -2.614882076159120e-03    5.181651115417480e-01   -4.726410043076612e-05
  endloop
endfacet
facet normal   -4.420117764312594e-02    9.990083163030694e-01    5.351621461504709e-03
  outer loop
    vertex    8.802643977105618e-03    5.189241766929626e-01   -1.152562035713345e-04
    vertex    5.652949213981628e-03    5.187873840332031e-01   -5.942162824794650e-04
    vertex    6.236809771507978e-03    5.188100337982178e-01   -3.301076386883437e-23
  endloop
endfacet
facet normal    3.440929272622678e-01    9.349006218371378e-01    8.695334781718803e-02
  outer loop
    vertex    3.815213963389397e-02    5.120205879211426e-01   -8.761239005252719e-04
    vertex    3.312677890062332e-02    5.137887001037598e-01   -2.713791385797604e-20
    vertex    3.775486722588539e-02    5.120853185653687e-01   -3.283351938962114e-23
  endloop
endfacet
facet normal   -2.187112112676725e-01   -9.744308446060244e-01    5.147752078546117e-02
  outer loop
    vertex    3.429052978754044e-02    4.986037909984589e-01   -1.852296991273761e-03
    vertex    3.325212001800537e-02    4.989347159862519e-01   -3.285884096945847e-23
    vertex    2.821407839655876e-02    5.000655055046082e-01   -3.288717282541249e-23
  endloop
endfacet
facet normal   -2.187159852155796e-01   -9.744299231575689e-01    5.147467985633928e-02
  outer loop
    vertex    3.325212001800537e-02    4.989347159862519e-01   -3.285884096945847e-23
    vertex    3.429052978754044e-02    4.986037909984589e-01   -1.852296991273761e-03
    vertex    3.445696830749512e-02    4.986596107482911e-01   -8.841619273880497e-05
  endloop
endfacet
facet normal    1.582270341672219e-01   -9.873783047473571e-01   -6.949026757753099e-03
  outer loop
    vertex   -1.922171935439112e-02    5.089222788810730e-01   -4.979358054697514e-03
    vertex   -1.384092960506679e-02    5.097864866256714e-01   -5.254731047898531e-03
    vertex   -1.749775931239130e-02    5.091634988784790e-01    2.574648717280712e-19
  endloop
endfacet
facet normal    1.578409420051154e-01   -9.874410511056536e-01   -6.812313725890617e-03
  outer loop
    vertex   -1.749775931239130e-02    5.091634988784790e-01    2.574648717280712e-19
    vertex   -1.759806461632253e-02    5.091474652290344e-01    1.351938235475731e-20
    vertex   -1.922171935439112e-02    5.089222788810730e-01   -4.979358054697514e-03
  endloop
endfacet
facet normal   -3.059933959445724e-01   -9.519653547608515e-01   -1.140197234491495e-02
  outer loop
    vertex    1.532281748950481e-03    5.054792761802673e-01   -3.303722018022254e-23
    vertex    2.743134042248129e-03    5.051230788230896e-01   -2.756125060841441e-03
    vertex    2.227473538368939e-03    5.052558183670044e-01   -3.303331071000058e-23
  endloop
endfacet
facet normal   -3.060068690252900e-01   -9.519609462164613e-01   -1.140846124587216e-02
  outer loop
    vertex    2.743134042248129e-03    5.051230788230896e-01   -2.756125060841441e-03
    vertex    1.532281748950481e-03    5.054792761802673e-01   -3.303722018022254e-23
    vertex    1.232853974215685e-03    5.056130290031433e-01   -3.129300894215703e-03
  endloop
endfacet
facet normal   -4.248019524172195e-01   -9.052862090906674e-01   -4.252678760633627e-04
  outer loop
    vertex   -5.088196136057392e-03    5.085800886154175e-01   -5.100111011415720e-03
    vertex   -1.381841255351902e-03    5.068385004997253e-01    2.168073808891017e-19
    vertex   -5.400822497904315e-03    5.087243914604187e-01   -3.307620908246760e-23
  endloop
endfacet
facet normal   -4.248028910169948e-01   -9.052857690464934e-01   -4.244355099535932e-04
  outer loop
    vertex   -1.381841255351902e-03    5.068385004997253e-01    2.168073808891017e-19
    vertex   -5.088196136057392e-03    5.085800886154175e-01   -5.100111011415720e-03
    vertex    1.232853974215685e-03    5.056130290031433e-01   -3.129300894215703e-03
  endloop
endfacet
facet normal   -2.991200353200831e-01   -9.537051220571481e-01    3.120488154235938e-02
  outer loop
    vertex    2.247931994497776e-02    5.014613866806030e-01   -6.517089204862714e-04
    vertex    2.250188775360584e-02    5.014756321907043e-01   -3.291929581580203e-23
    vertex    2.084168419241905e-02    5.019963383674622e-01   -3.292863211188912e-23
  endloop
endfacet
facet normal   -1.518667710461304e-01   -9.879834651146645e-01   -2.872553762844089e-02
  outer loop
    vertex    3.445696830749512e-02    4.986596107482911e-01   -8.841619273880497e-05
    vertex    3.634358197450638e-02    4.983670413494111e-01   -1.230484778726696e-20
    vertex    3.453679755330086e-02    4.986447691917420e-01   -3.285161647597200e-23
  endloop
endfacet
facet normal    3.314220190231965e-01   -9.421504814432253e-01   -5.011901458415421e-02
  outer loop
    vertex    3.744943812489510e-02    4.987175762653351e-01    1.083873820115566e-19
    vertex    3.637816011905670e-02    4.983868002891541e-01   -8.660260937176645e-04
    vertex    3.752981126308441e-02    4.988215863704682e-01   -1.423725974746048e-03
  endloop
endfacet
facet normal    8.216114199239212e-01   -4.064215348669122e-02   -5.685973003897945e-01
  outer loop
    vertex    8.802643977105618e-03    5.189241766929626e-01   -1.152562035713345e-04
    vertex    8.882156573235989e-03    5.189191102981567e-01   -3.299588753601232e-23
    vertex    8.811827749013901e-03    5.174973607063293e-01   -7.895143455267295e-22
  endloop
endfacet
facet normal   -8.969609590141751e-01   -4.355101168853150e-01   -7.610503330864990e-02
  outer loop
    vertex    1.965857110917568e-02    5.031063556671143e-01   -3.293528544917668e-23
    vertex    1.959276013076305e-02    5.033823251724243e-01   -8.035951177589595e-04
    vertex    1.995912939310074e-02    5.026171207427979e-01   -7.426879019476473e-04
  endloop
endfacet
facet normal   -8.969912627929725e-01   -4.354516416547966e-01   -7.608247007827353e-02
  outer loop
    vertex    1.959276013076305e-02    5.033823251724243e-01   -8.035951177589595e-04
    vertex    1.965857110917568e-02    5.031063556671143e-01   -3.293528544917668e-23
    vertex    1.953333802521228e-02    5.033643245697021e-01   -3.293598970812477e-23
  endloop
endfacet
facet normal    2.543921701483701e-01    9.221945183201681e-01   -2.912763192355942e-01
  outer loop
    vertex   -1.948981918394567e-02    5.189021825790405e-01   -6.403605220839381e-04
    vertex   -2.235335111618044e-02    5.198943614959717e-01   -3.317154307160011e-23
    vertex   -1.882813312113287e-02    5.189219117164612e-01    2.707190259342954e-20
  endloop
endfacet
facet normal    2.544059241446652e-01    9.222050131881138e-01   -2.912310756269145e-01
  outer loop
    vertex   -2.235335111618044e-02    5.198943614959717e-01   -3.317154307160011e-23
    vertex   -1.948981918394567e-02    5.189021825790405e-01   -6.403605220839381e-04
    vertex   -2.415608055889608e-02    5.203580856323242e-01   -1.063633972080424e-04
  endloop
endfacet
facet normal    8.351830173517776e-01   -5.495659910586702e-01   -2.113170600973616e-02
  outer loop
    vertex    4.368814174085855e-03    5.064924955368042e-01   -2.332745934836566e-04
    vertex    4.311296157538890e-03    5.063961148262024e-01   -3.302159215637667e-23
    vertex    3.684309776872396e-03    5.054432749748230e-01   -3.302511806747837e-23
  endloop
endfacet
facet normal    8.351798099003133e-01   -5.495698376423314e-01   -2.115841886006779e-02
  outer loop
    vertex    3.684309776872396e-03    5.054432749748230e-01   -3.302511806747837e-23
    vertex    3.546908963471650e-03    5.053294897079468e-01   -2.468116115778685e-03
    vertex    4.368814174085855e-03    5.064924955368042e-01   -2.332745934836566e-04
  endloop
endfacet
facet normal   -1.382531174136271e-01    9.586126029252297e-01    2.488934572027348e-01
  outer loop
    vertex   -7.414012216031561e-04    5.184369087219238e-01   -5.342590884538367e-05
    vertex   -2.614882076159120e-03    5.181651115417480e-01   -4.726410043076612e-05
    vertex   -2.473587170243264e-03    5.181732177734375e-01   -3.305974752712369e-23
  endloop
endfacet
facet normal   -1.382042249422261e-01    9.584351705107950e-01    2.496029169221826e-01
  outer loop
    vertex   -2.473587170243264e-03    5.181732177734375e-01   -3.305974752712369e-23
    vertex   -6.064698100090037e-04    5.184424519538879e-01    6.743214330400588e-21
    vertex   -7.414012216031561e-04    5.184369087219238e-01   -5.342590884538367e-05
  endloop
endfacet
facet normal    9.805326061127519e-01   -1.736013519127959e-01   -9.175172458207198e-02
  outer loop
    vertex    3.810074925422668e-02    4.997049868106843e-01   -1.413794001564384e-03
    vertex    3.962820023298264e-02    5.079143047332764e-01   -6.228900747373700e-04
    vertex    3.887112811207771e-02    5.033090114593506e-01    2.707222707013756e-20
  endloop
endfacet
facet normal    9.805326430659190e-01   -1.736019835627088e-01   -9.175013452445785e-02
  outer loop
    vertex    3.887112811207771e-02    5.033090114593506e-01    2.707222707013756e-20
    vertex    3.849393501877785e-02    5.011785626411438e-01   -3.282936317714077e-23
    vertex    3.810074925422668e-02    4.997049868106843e-01   -1.413794001564384e-03
  endloop
endfacet
facet normal   -5.689568903086550e-01   -8.223668919130152e-01   -8.672114115535678e-04
  outer loop
    vertex   -2.662382088601591e-02    5.114446878433228e-01   -3.572690067812800e-03
    vertex   -2.516631595790388e-02    5.104325413703918e-01   -2.168736218591180e-19
    vertex   -2.648720145225527e-02    5.113463997840881e-01   -3.319479012924796e-23
  endloop
endfacet
facet normal   -8.881087125747481e-01   -4.594996764867622e-01   -1.108882128021195e-02
  outer loop
    vertex   -2.690095454454424e-02    5.118941068649292e-01    2.168072373801958e-19
    vertex   -2.662382088601591e-02    5.114446878433228e-01   -3.572690067812800e-03
    vertex   -2.674817852675916e-02    5.115988254547119e-01    4.336476727364457e-19
  endloop
endfacet
facet normal   -8.881069493993816e-01   -4.595030979757148e-01   -1.108825411165854e-02
  outer loop
    vertex   -2.662382088601591e-02    5.114446878433228e-01   -3.572690067812800e-03
    vertex   -2.690095454454424e-02    5.118941068649292e-01    2.168072373801958e-19
    vertex   -2.691883966326715e-02    5.120232105255127e-01   -3.917626105248928e-03
  endloop
endfacet
facet normal    9.609414216388331e-01    2.614617436582204e-01   -9.071571408494480e-02
  outer loop
    vertex    3.983328118920326e-02    5.099537372589111e-01   -3.282183125147646e-23
    vertex    3.884553909301758e-02    5.108528137207031e-01   -7.871714420616627e-03
    vertex    3.951914981007576e-02    5.109689831733704e-01   -4.014066071249545e-04
  endloop
endfacet
facet normal   -3.336021277615853e-01   -9.427103323641846e-01   -2.617175338297805e-03
  outer loop
    vertex   -2.352255024015905e-02    5.092999935150146e-01   -4.582722205668688e-03
    vertex   -2.274028956890108e-02    5.090231895446777e-01   -4.589546937495470e-03
    vertex   -2.293731831014158e-02    5.090801715850830e-01   -3.317482705896540e-23
  endloop
endfacet
facet normal   -1.176707759579877e-01   -9.930526341485818e-01   -2.330150377856334e-04
  outer loop
    vertex   -1.154720038175584e-02    5.098934173583984e-01   -5.026143975555897e-03
    vertex   -7.880637422204032e-03    5.094590187072754e-01   -5.311892833560705e-03
    vertex   -9.739245288074030e-03    5.096780061721802e-01    4.336477683876294e-19
  endloop
endfacet
facet normal   -1.176701817002884e-01   -9.930527045134825e-01   -2.332318140313174e-04
  outer loop
    vertex   -9.739245288074030e-03    5.096780061721802e-01    4.336477683876294e-19
    vertex   -1.149629708379508e-02    5.098862051963806e-01    4.336477585066991e-19
    vertex   -1.154720038175584e-02    5.098934173583984e-01   -5.026143975555897e-03
  endloop
endfacet
facet normal   -7.196005228123669e-01   -6.769489395370825e-01    1.546454681773371e-01
  outer loop
    vertex    1.995912939310074e-02    5.026171207427979e-01   -7.426879019476473e-04
    vertex    2.062156982719898e-02    5.020624995231628e-01   -8.801474905340001e-05
    vertex    2.041103877127170e-02    5.023064017295837e-01   -3.293105388311276e-23
  endloop
endfacet
facet normal   -7.196290773169166e-01   -6.769109869708231e-01    1.546787212197892e-01
  outer loop
    vertex    2.041103877127170e-02    5.023064017295837e-01   -3.293105388311276e-23
    vertex    1.965857110917568e-02    5.031063556671143e-01   -3.293528544917668e-23
    vertex    1.995912939310074e-02    5.026171207427979e-01   -7.426879019476473e-04
  endloop
endfacet
facet normal   -9.631651574209371e-01    2.689091571736175e-01    8.629707273251509e-04
  outer loop
    vertex   -2.578677050769331e-02    5.165225863456726e-01   -3.401213092729449e-03
    vertex   -2.691306918859484e-02    5.124875903129578e-01   -3.128045005723834e-03
    vertex   -2.637560106813909e-02    5.144026279449463e-01    2.168072403345653e-19
  endloop
endfacet
facet normal   -9.631642895870992e-01    2.689122588231872e-01    8.650542119388377e-04
  outer loop
    vertex   -2.637560106813909e-02    5.144026279449463e-01    2.168072403345653e-19
    vertex   -2.580701373517515e-02    5.164391398429871e-01   -3.319096503663293e-23
    vertex   -2.578677050769331e-02    5.165225863456726e-01   -3.401213092729449e-03
  endloop
endfacet
facet normal    9.278534457681019e-01   -3.725286538523566e-01   -1.761775340987641e-02
  outer loop
    vertex    8.516005240380764e-03    5.167737603187561e-01   -3.299794661882730e-23
    vertex    8.708874695003033e-03    5.172603726387024e-01   -1.318240974796936e-04
    vertex    8.740286342799664e-03    5.173323750495911e-01    6.772963909498897e-20
  endloop
endfacet
facet normal    9.278615117085897e-01   -3.725120186210699e-01   -1.754454538329659e-02
  outer loop
    vertex    8.708874695003033e-03    5.172603726387024e-01   -1.318240974796936e-04
    vertex    8.516005240380764e-03    5.167737603187561e-01   -3.299794661882730e-23
    vertex    8.426292799413204e-03    5.165503025054932e-01   -2.713805276326194e-20
  endloop
endfacet
facet normal    9.174581854876620e-01   -3.978300297744633e-01   -1.321094749219236e-03
  outer loop
    vertex    8.740286342799664e-03    5.173323750495911e-01    6.772963909498897e-20
    vertex    8.708874695003033e-03    5.172603726387024e-01   -1.318240974796936e-04
    vertex    8.811827749013901e-03    5.174973607063293e-01   -7.895143455267295e-22
  endloop
endfacet
facet normal    1.965783070913648e-02    9.636353671539972e-01    2.664966207324063e-01
  outer loop
    vertex   -2.580684144049884e-03    5.181513428688049e-01   -3.306034979606388e-23
    vertex   -2.614882076159120e-03    5.181651115417480e-01   -4.726410043076612e-05
    vertex   -2.618668135255576e-03    5.181521177291870e-01    2.029573017070093e-20
  endloop
endfacet
facet normal   -6.715475988537017e-02   -9.977422880548262e-01   -7.515662702714631e-04
  outer loop
    vertex   -1.187354885041715e-02    5.099115967750549e-01   -4.337139816032119e-19
    vertex   -1.154720038175584e-02    5.098934173583984e-01   -5.026143975555897e-03
    vertex   -1.149629708379508e-02    5.098862051963806e-01    4.336477585066991e-19
  endloop
endfacet
facet normal   -3.390889269028936e-01   -9.287375978042035e-01    1.498838686340913e-01
  outer loop
    vertex    2.080576866865158e-02    5.020094513893127e-01   -3.292883408590145e-23
    vertex    2.062156982719898e-02    5.020624995231628e-01   -8.801474905340001e-05
    vertex    2.084168419241905e-02    5.019963383674622e-01   -3.292863211188912e-23
  endloop
endfacet
facet normal   -3.395712116620568e-01   -9.283609614657228e-01    1.511202085652390e-01
  outer loop
    vertex    2.062156982719898e-02    5.020624995231628e-01   -8.801474905340001e-05
    vertex    2.080576866865158e-02    5.020094513893127e-01   -3.292883408590145e-23
    vertex    2.062619291245937e-02    5.020751357078552e-01    1.354923417167426e-19
  endloop
endfacet
facet normal   -6.952164197669909e-01   -7.187682097843334e-01    6.811041755245561e-03
  outer loop
    vertex   -2.674817852675916e-02    5.115988254547119e-01    4.336476727364457e-19
    vertex   -2.662382088601591e-02    5.114446878433228e-01   -3.572690067812800e-03
    vertex   -2.648720145225527e-02    5.113463997840881e-01   -3.319479012924796e-23
  endloop
endfacet
facet normal    9.848371231750433e-01   -1.330797837972389e-01   -1.112906643020187e-01
  outer loop
    vertex    3.981941193342209e-02    5.088084340095520e-01   -1.084530391577967e-19
    vertex    3.962820023298264e-02    5.079143047332764e-01   -6.228900747373700e-04
    vertex    3.915327042341232e-02    5.083509087562561e-01   -5.347739905118942e-03
  endloop
endfacet
facet normal   -2.334030027570094e-01   -9.723103832977985e-01   -1.164288775603906e-02
  outer loop
    vertex   -1.207874901592733e-02    5.099608302116394e-01   -3.311376297069861e-23
    vertex   -1.196361985057594e-02    5.100011229515076e-01   -5.672866012901068e-03
    vertex   -1.154720038175584e-02    5.098934173583984e-01   -5.026143975555897e-03
  endloop
endfacet
facet normal    1.125346259609002e-01   -9.936363480122246e-01   -4.771359216144569e-03
  outer loop
    vertex   -1.207874901592733e-02    5.099608302116394e-01   -3.311376297069861e-23
    vertex   -1.295080408453943e-02    5.098620653152466e-01    4.336477503271552e-19
    vertex   -1.384092960506679e-02    5.097864866256714e-01   -5.254731047898531e-03
  endloop
endfacet
facet normal    1.125410022691355e-01   -9.936356154534984e-01   -4.773521824166626e-03
  outer loop
    vertex   -1.207874901592733e-02    5.099608302116394e-01   -3.311376297069861e-23
    vertex   -1.384092960506679e-02    5.097864866256714e-01   -5.254731047898531e-03
    vertex   -1.196361985057594e-02    5.100011229515076e-01   -5.672866012901068e-03
  endloop
endfacet
facet normal    9.240219544088462e-01   -3.818523232658694e-01   -1.929328864953454e-02
  outer loop
    vertex    5.754879210144281e-03    5.098347663879395e-01   -3.301347404481474e-23
    vertex    4.368814174085855e-03    5.064924955368042e-01   -2.332745934836566e-04
    vertex    6.723687052726745e-03    5.122662782669067e-01   -1.724887057207525e-03
  endloop
endfacet
facet normal    9.240223532328828e-01   -3.818483774911688e-01   -1.935219195149478e-02
  outer loop
    vertex    4.368814174085855e-03    5.064924955368042e-01   -2.332745934836566e-04
    vertex    5.754879210144281e-03    5.098347663879395e-01   -3.301347404481474e-23
    vertex    4.421927966177463e-03    5.066092014312744e-01   -3.302097000902306e-23
  endloop
endfacet
facet normal    2.541141803041313e-01   -9.670385204540133e-01   -1.620133718162406e-02
  outer loop
    vertex    2.832569880411028e-03    5.051004290580750e-01   -3.302990789918096e-23
    vertex    3.546908963471650e-03    5.053294897079468e-01   -2.468116115778685e-03
    vertex    3.272387664765119e-03    5.052160024642944e-01    2.168074070625544e-19
  endloop
endfacet
facet normal    2.541382534246974e-01   -9.670323206438000e-01   -1.619379438276257e-02
  outer loop
    vertex    2.832569880411028e-03    5.051004290580750e-01   -3.302990789918096e-23
    vertex    2.743134042248129e-03    5.051230788230896e-01   -2.756125060841441e-03
    vertex    3.546908963471650e-03    5.053294897079468e-01   -2.468116115778685e-03
  endloop
endfacet
facet normal    6.035212157101981e-01    7.968756718851865e-01    2.740995704515186e-02
  outer loop
    vertex    3.823627904057503e-02    5.119267702102661e-01   -3.283081212928935e-23
    vertex    3.940458968281746e-02    5.110419392585754e-01   -3.282424203483872e-23
    vertex    3.951914981007576e-02    5.109689831733704e-01   -4.014066071249545e-04
  endloop
endfacet
facet normal    9.291810268747143e-01   -3.696240161607128e-01    8.402221590012404e-04
  outer loop
    vertex    8.426292799413204e-03    5.165503025054932e-01   -2.713805276326194e-20
    vertex    6.723687052726745e-03    5.122662782669067e-01   -1.724887057207525e-03
    vertex    8.708874695003033e-03    5.172603726387024e-01   -1.318240974796936e-04
  endloop
endfacet
facet normal    3.902529884105869e-02    9.467492080271650e-01    3.195981275763388e-01
  outer loop
    vertex   -6.796060130000129e-03    5.183215141296387e-01   -3.308405532165132e-23
    vertex   -1.745495945215227e-02    5.188406109809875e-01   -2.361960068810731e-04
    vertex   -1.696868240833284e-02    5.187408328056335e-01   -9.151710576774088e-22
  endloop
endfacet
facet normal    3.903395957437322e-02    9.468247286725833e-01    3.193732662168752e-01
  outer loop
    vertex   -1.745495945215227e-02    5.188406109809875e-01   -2.361960068810731e-04
    vertex   -6.796060130000129e-03    5.183215141296387e-01   -3.308405532165132e-23
    vertex   -4.252904560416938e-03    5.182166695594788e-01    6.743193824364521e-21
  endloop
endfacet
facet normal   -4.420392470603807e-02    9.990085194221801e-01    5.290667489710134e-03
  outer loop
    vertex    6.236809771507978e-03    5.188100337982178e-01   -3.301076386883437e-23
    vertex    8.836644701659679e-03    5.189250707626343e-01   -3.299614347589289e-23
    vertex    8.802643977105618e-03    5.189241766929626e-01   -1.152562035713345e-04
  endloop
endfacet
facet normal    3.440913160562745e-01    9.349024099367517e-01    8.694049752051566e-02
  outer loop
    vertex    3.312677890062332e-02    5.137887001037598e-01   -2.713791385797604e-20
    vertex    3.815213963389397e-02    5.120205879211426e-01   -8.761239005252719e-04
    vertex    2.941320091485977e-02    5.151789188385010e-01   -2.519988920539618e-04
  endloop
endfacet
facet normal   -2.991287260689396e-01   -9.537031631183464e-01    3.118143515674140e-02
  outer loop
    vertex    2.084168419241905e-02    5.019963383674622e-01   -3.292863211188912e-23
    vertex    2.062156982719898e-02    5.020624995231628e-01   -8.801474905340001e-05
    vertex    2.247931994497776e-02    5.014613866806030e-01   -6.517089204862714e-04
  endloop
endfacet
facet normal   -1.518727974174613e-01   -9.879860240075409e-01   -2.860541505320039e-02
  outer loop
    vertex    3.634358197450638e-02    4.983670413494111e-01   -1.230484778726696e-20
    vertex    3.445696830749512e-02    4.986596107482911e-01   -8.841619273880497e-05
    vertex    3.637816011905670e-02    4.983868002891541e-01   -8.660260937176645e-04
  endloop
endfacet
facet normal    3.314241226614669e-01   -9.421495847885255e-01   -5.012195926822728e-02
  outer loop
    vertex    3.744943812489510e-02    4.987175762653351e-01    1.083873820115566e-19
    vertex    3.664671629667282e-02    4.984351992607117e-01   -3.283975116836723e-23
    vertex    3.637816011905670e-02    4.983868002891541e-01   -8.660260937176645e-04
  endloop
endfacet
facet normal    8.216087012310975e-01   -4.064248639702408e-02   -5.686012050293394e-01
  outer loop
    vertex    8.811827749013901e-03    5.174973607063293e-01   -7.895143455267295e-22
    vertex    8.708874695003033e-03    5.172603726387024e-01   -1.318240974796936e-04
    vertex    8.802643977105618e-03    5.189241766929626e-01   -1.152562035713345e-04
  endloop
endfacet
facet normal   -5.689784971528398e-01   -8.223519563903305e-01   -8.541654944428977e-04
  outer loop
    vertex   -2.516631595790388e-02    5.104325413703918e-01   -2.168736218591180e-19
    vertex   -2.662382088601591e-02    5.114446878433228e-01   -3.572690067812800e-03
    vertex   -2.352255024015905e-02    5.092999935150146e-01   -4.582722205668688e-03
  endloop
endfacet
facet normal    9.609414879876744e-01    2.614596049574868e-01   -9.072117525423316e-02
  outer loop
    vertex    3.951914981007576e-02    5.109689831733704e-01   -4.014066071249545e-04
    vertex    3.976536169648170e-02    5.102033615112305e-01   -2.713787652534018e-20
    vertex    3.983328118920326e-02    5.099537372589111e-01   -3.282183125147646e-23
  endloop
endfacet
facet normal   -3.335984531400911e-01   -9.427116312388921e-01   -2.617706905969767e-03
  outer loop
    vertex   -2.293731831014158e-02    5.090801715850830e-01   -3.317482705896540e-23
    vertex   -2.334308065474035e-02    5.092237591743469e-01   -3.317710889801418e-23
    vertex   -2.352255024015905e-02    5.092999935150146e-01   -4.582722205668688e-03
  endloop
endfacet
endsolid Main.HumanModel.BodyModel.Trunk.Segments.C5Seg.BoneDraw
