solid Main.HumanModel.BodyModel.Trunk.Segments.C6Seg.BoneDraw
facet normal    7.208651591576784e-02    9.018550211965932e-01    4.259824585186792e-01
  outer loop
    vertex    2.272989973425865e-02    4.942159950733185e-01    2.009839005768299e-02
    vertex    2.392143942415714e-02    4.926823973655701e-01    2.314355969429016e-02
    vertex    2.565650083124638e-02    4.948776960372925e-01    1.820223964750767e-02
  endloop
endfacet
facet normal    5.282460664913415e-01    4.207549333072489e-01    7.375102571042911e-01
  outer loop
    vertex    2.644670009613037e-02    4.963403940200806e-01    1.672529056668282e-02
    vertex    2.949411049485207e-02    4.980319142341614e-01    1.357754040509462e-02
    vertex    2.689315006136894e-02    5.012807846069336e-01    1.358698960393667e-02
  endloop
endfacet
facet normal    4.210800822150424e-01    8.836391094718956e-01   -2.046301262607454e-01
  outer loop
    vertex    1.936458051204681e-02    4.955311119556428e-01    1.841530017554760e-02
    vertex    1.812844909727573e-02    4.967845976352692e-01    2.128447033464909e-02
    vertex    2.150456979870796e-02    4.949196875095368e-01    2.017861977219582e-02
  endloop
endfacet
facet normal   -4.057666009807442e-01   -7.246021187728487e-01    5.570504779626636e-01
  outer loop
    vertex    1.429308019578457e-02    4.876748025417328e-01    1.128521002829075e-02
    vertex    1.592696085572243e-02    4.876484870910645e-01    1.244113035500050e-02
    vertex    1.076970994472503e-02    4.910225868225098e-01    1.307346019893885e-02
  endloop
endfacet
facet normal   -3.502669965764217e-01   -7.042223613050891e-01    6.175628688216428e-01
  outer loop
    vertex    2.285463921725750e-02    4.899775981903077e-01    1.902979984879494e-02
    vertex    1.590980961918831e-02    4.907698929309846e-01    1.599433086812496e-02
    vertex    2.139504998922348e-02    4.888364970684052e-01    1.690072938799858e-02
  endloop
endfacet
facet normal    9.949918897327723e-01   -2.687481416918836e-02    9.627504208972519e-02
  outer loop
    vertex    3.574132546782494e-02    4.915177822113038e-01    2.705794897517822e-20
    vertex    3.501357883214951e-02    4.907425940036774e-01    7.304789964109659e-03
    vertex    3.569590300321579e-02    4.898360967636109e-01    3.523186269673002e-19
  endloop
endfacet
facet normal    4.977777712314824e-01   -4.960263024243295e-02    8.658850209703657e-01
  outer loop
    vertex    2.775613963603973e-02    4.863285124301911e-01    1.567498967051506e-02
    vertex    2.629444003105164e-02    4.899739921092988e-01    1.672412082552910e-02
    vertex    2.658684924244881e-02    4.852265119552613e-01    1.628405973315239e-02
  endloop
endfacet
facet normal   -1.727280131772483e-01    5.568580150321418e-01    8.124494966201303e-01
  outer loop
    vertex    2.029250934720039e-02    4.972806870937348e-01    1.741340942680836e-02
    vertex    1.936458051204681e-02    4.955311119556428e-01    1.841530017554760e-02
    vertex    2.267527021467686e-02    4.963097870349885e-01    1.858544908463955e-02
  endloop
endfacet
facet normal   -4.260425736611599e-02    8.888468197992090e-02    9.951303384801461e-01
  outer loop
    vertex   -2.200640924274923e-02    4.927507936954499e-01    5.502102896571159e-03
    vertex   -2.138306945562364e-02    4.936127066612244e-01    5.451804026961327e-03
    vertex   -2.551073953509332e-02    4.941791892051697e-01    5.224489141255617e-03
  endloop
endfacet
facet normal   -7.636981576216438e-01    6.378644216435257e-01    9.946910900715390e-02
  outer loop
    vertex    5.036966875195502e-03    4.951153099536896e-01    2.193487063050270e-02
    vertex    6.677269935607909e-03    4.972982108592988e-01    2.053043060004711e-02
    vertex    3.389515914022914e-04    4.907642006874085e-01    1.376703009009361e-02
  endloop
endfacet
facet normal   -6.769777428960995e-01    6.148941256030079e-01    4.044828178331129e-01
  outer loop
    vertex    1.133379992097616e-02    5.000026822090149e-01    2.537872083485126e-02
    vertex    1.368658989667892e-02    5.022785067558289e-01    2.585685066878796e-02
    vertex    1.521455030888319e-02    5.043594837188721e-01    2.525068074464798e-02
  endloop
endfacet
facet normal    5.889370885857390e-01    3.200040100442083e-01    7.421256896535652e-01
  outer loop
    vertex    2.644670009613037e-02    4.963403940200806e-01    1.672529056668282e-02
    vertex    2.933841943740845e-02    4.967047870159150e-01    1.427335012704134e-02
    vertex    2.949411049485207e-02    4.980319142341614e-01    1.357754040509462e-02
  endloop
endfacet
facet normal   -4.315462674805393e-01   -3.803546299634574e-01    8.179842140829957e-01
  outer loop
    vertex    2.145097032189369e-02    4.873102903366089e-01    1.573310047388077e-02
    vertex    2.458916977047920e-02    4.838126897811890e-01    1.576237939298153e-02
    vertex    2.351173013448715e-02    4.877428114414216e-01    1.702141948044300e-02
  endloop
endfacet
facet normal    9.794785473913548e-01   -5.724717513645839e-02   -1.932473444552792e-01
  outer loop
    vertex    6.034499034285544e-03    5.014061927795410e-01    3.136968007311225e-03
    vertex    5.668751895427703e-03    5.014562010765076e-01    1.268355990760028e-03
    vertex    6.229158025234937e-03    5.015122890472412e-01    4.092171788215637e-03
  endloop
endfacet
facet normal    9.388525110127259e-01    1.627425586953124e-02    3.439347484058460e-01
  outer loop
    vertex    1.875793002545833e-02    5.032051801681519e-01    3.104835934937000e-02
    vertex    1.861847937107086e-02    4.969497025012971e-01    3.172501921653748e-02
    vertex    1.902795955538749e-02    5.008028745651245e-01    3.042492084205151e-02
  endloop
endfacet
facet normal   -1.374126819534456e-01   -9.905137853365370e-01    4.426021306442584e-04
  outer loop
    vertex   -1.482290960848333e-02    4.929148852825165e-01    4.656125791370869e-03
    vertex   -1.536358240991832e-02    4.929878115653992e-01    4.336632936146663e-19
    vertex   -1.325937639921905e-02    4.926958978176117e-01   -1.879125324475215e-23
  endloop
endfacet
facet normal    6.172154671320741e-01   -1.152032456288230e-02    7.867098253199214e-01
  outer loop
    vertex    2.923391014337540e-02    4.950115978717805e-01    1.449172012507915e-02
    vertex    2.629444003105164e-02    4.899739921092988e-01    1.672412082552910e-02
    vertex    3.123575076460838e-02    4.929710924625397e-01    1.289128977805376e-02
  endloop
endfacet
facet normal    1.032083013963111e-01    7.974992566161192e-01    5.944265995222837e-01
  outer loop
    vertex   -2.212500013411047e-02    5.020192861557007e-01    7.346834172494709e-04
    vertex   -2.322275005280973e-02    5.023412704467773e-01    4.932989832013845e-04
    vertex   -2.776183001697065e-02    5.005807876586914e-01    3.643316915258765e-03
  endloop
endfacet
facet normal    1.126389446003897e-01    7.065957831486328e-01    6.985949236831605e-01
  outer loop
    vertex   -8.386975154280678e-03    5.010250806808472e-01    7.285198080353439e-04
    vertex   -2.060627005994322e-02    5.003777742385864e-01    3.353435080498457e-03
    vertex   -1.400138996541502e-02    4.995194077491761e-01    3.156685037538409e-03
  endloop
endfacet
facet normal   -3.641637860134305e-02   -8.757646149250250e-01    4.813628429935015e-01
  outer loop
    vertex    2.803455106914043e-03    4.906629920005799e-01    8.020046167075634e-03
    vertex    7.683575968258074e-04    4.906297028064728e-01    7.805521134287119e-03
    vertex   -2.058661077171565e-03    4.882166981697083e-01    3.201564075425267e-03
  endloop
endfacet
facet normal   -3.451902329439889e-01   -9.092161513446736e-01    2.327438360387964e-01
  outer loop
    vertex   -2.058661077171565e-03    4.882166981697083e-01    3.201564075425267e-03
    vertex   -8.479955606162564e-03    4.912446141242982e-01    5.506509914994240e-03
    vertex   -3.178321989253164e-03    4.885900914669037e-01    2.999621909111738e-03
  endloop
endfacet
facet normal   -7.819797678380527e-01    4.530317526689605e-01    4.281003080653355e-01
  outer loop
    vertex    1.608262956142426e-02    4.868248105049134e-01    4.707168045570143e-05
    vertex    1.620347984135151e-02    4.870778918266297e-01    6.740447797666052e-21
    vertex    1.609441265463829e-02    4.868896305561066e-01    4.062182871014876e-20
  endloop
endfacet
facet normal    6.640568169405282e-01   -7.286272774269242e-01    1.677224924219819e-01
  outer loop
    vertex    3.258007019758224e-02    4.808695912361146e-01    4.828661214560270e-03
    vertex    3.256523981690407e-02    4.817256927490235e-01    8.606491610407829e-03
    vertex    3.185113146901131e-02    4.811094999313355e-01    8.756940253078938e-03
  endloop
endfacet
facet normal    5.746880964164837e-01   -7.981122661323823e-01    1.809707227322470e-01
  outer loop
    vertex    2.485728077590466e-02    4.900462925434113e-01    1.794767007231712e-02
    vertex    2.406040020287037e-02    4.898903071880341e-01    1.979031041264534e-02
    vertex    2.356538921594620e-02    4.891541004180909e-01    1.811546087265015e-02
  endloop
endfacet
facet normal    4.484071539527489e-01    5.034854150331828e-01    7.385346715847939e-01
  outer loop
    vertex    2.476559951901436e-02    4.963792860507966e-01    1.771946996450424e-02
    vertex    2.565650083124638e-02    4.948776960372925e-01    1.820223964750767e-02
    vertex    2.644670009613037e-02    4.963403940200806e-01    1.672529056668282e-02
  endloop
endfacet
facet normal   -2.317421045308627e-01    4.636220976595531e-01    8.551901236271162e-01
  outer loop
    vertex    2.339880913496017e-02    5.015044808387756e-01    1.596532948315144e-02
    vertex    2.029250934720039e-02    4.972806870937348e-01    1.741340942680836e-02
    vertex    2.267527021467686e-02    4.963097870349885e-01    1.858544908463955e-02
  endloop
endfacet
facet normal   -9.774339575470107e-01    2.851408890454615e-02   -2.093079199837694e-01
  outer loop
    vertex    1.596603915095329e-02    4.861527979373932e-01    4.239690024405718e-03
    vertex    1.491404976695776e-02    4.879607856273652e-01    9.398612193763256e-03
    vertex    1.598085090517998e-02    4.877190887928010e-01    4.383897874504328e-03
  endloop
endfacet
facet normal    5.898811945511351e-02    2.860938038018713e-01   -9.563841995711377e-01
  outer loop
    vertex    1.398503966629505e-02    4.974308013916016e-01    1.215361990034580e-02
    vertex    1.449606008827686e-02    4.984273910522461e-01    1.248325966298580e-02
    vertex    1.560973003506660e-02    4.977472126483918e-01    1.234847959131002e-02
  endloop
endfacet
facet normal    8.346013550751046e-01   -3.640837322399621e-01   -4.133807131749362e-01
  outer loop
    vertex    5.864366888999938e-03    5.004085898399353e-01    3.105713985860348e-03
    vertex    5.362918134778737e-03    5.005872249603271e-01    1.935973996296525e-03
    vertex    9.500778280198574e-03    5.021970272064209e-01    8.872342295944691e-03
  endloop
endfacet
facet normal    7.116239073987084e-02    9.822527700592051e-01    1.735379205107765e-01
  outer loop
    vertex   -2.212500013411047e-02    5.020192861557007e-01    7.346834172494709e-04
    vertex   -8.386975154280678e-03    5.010250806808472e-01    7.285198080353439e-04
    vertex   -6.493860855698600e-03    5.009899139404297e-01    1.512632006779313e-04
  endloop
endfacet
facet normal   -3.257024105114832e-02    6.444611311489311e-02    9.973895316786980e-01
  outer loop
    vertex   -2.200640924274923e-02    4.927507936954499e-01    5.502102896571159e-03
    vertex   -1.649549975991250e-02    4.936228096485138e-01    5.625719204545021e-03
    vertex   -1.675589010119440e-02    4.942145943641663e-01    5.578977987170219e-03
  endloop
endfacet
facet normal   -9.502820130003187e-02   -9.553348717296813e-01    2.798301695938341e-01
  outer loop
    vertex    2.903709001839161e-02    4.826540052890778e-01    1.439835038036108e-02
    vertex    2.709702961146832e-02    4.826985895633698e-01    1.389173045754433e-02
    vertex    3.035596944391727e-02    4.807497859001160e-01    8.345263078808784e-03
  endloop
endfacet
facet normal   -4.283507458015787e-01   -8.260694392048809e-01    3.662306925736356e-01
  outer loop
    vertex    2.458916977047920e-02    4.838126897811890e-01    1.576237939298153e-02
    vertex    1.803652942180634e-02    4.855056107044221e-01    1.191683020442724e-02
    vertex    2.349516935646534e-02    4.838855862617493e-01    1.464723981916904e-02
  endloop
endfacet
facet normal   -5.448732339451753e-01   -6.109603902606097e-01    5.743174735829739e-01
  outer loop
    vertex    1.592696085572243e-02    4.876484870910645e-01    1.244113035500050e-02
    vertex    1.549820043146610e-02    4.866111874580384e-01    1.093086972832680e-02
    vertex    1.700120046734810e-02    4.864313006401063e-01    1.216544955968857e-02
  endloop
endfacet
facet normal    1.384025232972183e-01   -9.878850391249895e-01   -7.019893886648938e-02
  outer loop
    vertex    3.787230933085083e-03    4.910160899162293e-01    1.063464954495430e-02
    vertex    2.913719974458217e-03    4.909928143024445e-01    9.240006096661091e-03
    vertex    4.520855844020843e-03    4.912342131137848e-01    9.011475369334221e-03
  endloop
endfacet
facet normal   -2.840257543558740e-03   -9.997861465764799e-01    2.048399499217888e-02
  outer loop
    vertex    7.376132998615418e-05    4.905078113079072e-01    1.314271986484528e-02
    vertex   -1.186963054351509e-03    4.904797971248627e-01    1.160059031099081e-02
    vertex   -1.977446954697379e-04    4.904677867889405e-01    1.115155033767223e-02
  endloop
endfacet
facet normal   -2.922843735795429e-01   -9.558814099170631e-01    2.933556094881923e-02
  outer loop
    vertex    2.812005020678043e-02    4.812223911285401e-01    3.375136060640216e-03
    vertex    2.669019997119904e-02    4.818080961704255e-01    8.213689550757408e-03
    vertex    2.023342065513134e-02    4.836508035659791e-01    3.925175871700048e-03
  endloop
endfacet
facet normal    8.852557454864934e-01    3.046803437299888e-02    4.641055526112552e-01
  outer loop
    vertex    1.875793002545833e-02    5.032051801681519e-01    3.104835934937000e-02
    vertex    1.817500032484531e-02    4.963194131851197e-01    3.261230885982513e-02
    vertex    1.861847937107086e-02    4.969497025012971e-01    3.172501921653748e-02
  endloop
endfacet
facet normal   -4.846454016794133e-01    4.659152692315525e-01   -7.402984509830411e-01
  outer loop
    vertex    2.127343043684959e-02    4.965110123157502e-01    1.844733022153378e-03
    vertex    2.200727909803391e-02    4.986622929573060e-01    2.718243049457669e-03
    vertex    2.441756054759026e-02    4.970644116401673e-01    1.346781064057723e-04
  endloop
endfacet
facet normal    5.641179144702024e-01    7.625683176315267e-01   -3.166394471925637e-01
  outer loop
    vertex    1.661645062267780e-02    5.005425810813904e-01    1.791952922940254e-02
    vertex    1.932347938418388e-02    4.981960952281952e-01    1.709122955799103e-02
    vertex    1.896511949598789e-02    4.981457889080048e-01    1.633162982761860e-02
  endloop
endfacet
facet normal   -1.522337396684721e-01   -8.797675604006358e-01    4.503708784693627e-01
  outer loop
    vertex    7.683575968258074e-04    4.906297028064728e-01    7.805521134287119e-03
    vertex    2.913719974458217e-03    4.909928143024445e-01    9.240006096661091e-03
    vertex   -6.222113966941848e-03    4.912630021572114e-01    6.679716985672712e-03
  endloop
endfacet
facet normal   -2.416190772564377e-01   -6.360096216704770e-01    7.328792415182219e-01
  outer loop
    vertex   -2.759286947548391e-02    4.936951994895936e-01    5.377931054681540e-03
    vertex   -2.670069038867952e-02    4.924528002738953e-01    4.593885969370604e-03
    vertex   -2.529658004641534e-02    4.927980899810792e-01    5.356450099498034e-03
  endloop
endfacet
facet normal   -3.482251449791792e-01    8.686350753570198e-01   -3.524377310444129e-01
  outer loop
    vertex    1.404787972569465e-02    4.989748895168305e-01    1.532191038131714e-02
    vertex    1.437999960035086e-02    5.008854866027832e-01    1.970271021127701e-02
    vertex    1.576446928083896e-02    5.011128783226013e-01    1.889522932469845e-02
  endloop
endfacet
facet normal   -5.241459169159275e-01    8.143146260085216e-01    2.493245829214666e-01
  outer loop
    vertex    3.534789895638823e-03    4.976029098033906e-01    1.178043987601995e-02
    vertex    9.932681918144226e-03    5.022953748703003e-01    9.904515929520130e-03
    vertex    6.253466010093688e-03    5.011928081512451e-01    5.770909134298563e-03
  endloop
endfacet
facet normal    9.475247047058977e-01    2.171746066753409e-01   -2.345892669910802e-01
  outer loop
    vertex    1.771893911063671e-02    5.049334764480591e-01    2.845178917050362e-02
    vertex    1.875793002545833e-02    5.032051801681519e-01    3.104835934937000e-02
    vertex    1.851967908442020e-02    5.024849176406860e-01    2.941925078630447e-02
  endloop
endfacet
facet normal   -7.307394251484183e-01    6.330793867696581e-01   -2.554023934522008e-01
  outer loop
    vertex    2.172631025314331e-02    4.983659088611603e-01    2.954955911263824e-03
    vertex    2.076824009418487e-02    5.001283884048462e-01    1.006487011909485e-02
    vertex    2.234397083520889e-02    4.992547035217286e-01    3.390850964933634e-03
  endloop
endfacet
facet normal   -9.078666525282307e-01    4.110031735469336e-01   -8.279210446373671e-02
  outer loop
    vertex    1.579000055789948e-02    4.865832030773163e-01    8.378354832530022e-04
    vertex    1.598085090517998e-02    4.877190887928010e-01    4.383897874504328e-03
    vertex    1.691189967095852e-02    4.896559119224549e-01    3.789304057136178e-03
  endloop
endfacet
facet normal    8.041347161954276e-01   -3.587657350381462e-01   -4.739773260102617e-01
  outer loop
    vertex    2.648002002388238e-03    4.944489896297455e-01    1.976124010980129e-03
    vertex    5.362918134778737e-03    5.005872249603271e-01    1.935973996296525e-03
    vertex    4.782600793987512e-03    4.949173033237458e-01    5.243137013167143e-03
  endloop
endfacet
facet normal    8.493716925186475e-01    7.054021986666241e-02   -5.230600398894670e-01
  outer loop
    vertex    5.362918134778737e-03    5.005872249603271e-01    1.935973996296525e-03
    vertex    6.034499034285544e-03    5.014061927795410e-01    3.136968007311225e-03
    vertex    9.500778280198574e-03    5.021970272064209e-01    8.872342295944691e-03
  endloop
endfacet
facet normal   -4.388958652344239e-01    8.815068917641996e-01    1.741149598752099e-01
  outer loop
    vertex    6.229158025234937e-03    5.015122890472412e-01    4.092171788215637e-03
    vertex    6.253466010093688e-03    5.011928081512451e-01    5.770909134298563e-03
    vertex    9.500778280198574e-03    5.021970272064209e-01    8.872342295944691e-03
  endloop
endfacet
facet normal   -2.158376860940734e-02    1.934566574330541e-01   -9.808713792477817e-01
  outer loop
    vertex    1.628359965980053e-02    4.915874004364014e-01    1.095055043697357e-02
    vertex    1.398503966629505e-02    4.974308013916016e-01    1.215361990034580e-02
    vertex    1.530511956661939e-02    4.969474971294404e-01    1.202925015240908e-02
  endloop
endfacet
facet normal    1.950885433342020e-03   -7.915225899016273e-02   -9.968606291467128e-01
  outer loop
    vertex    1.387559995055198e-02    4.875021874904633e-01    1.037898007780313e-02
    vertex    1.256460044533014e-02    4.890643060207367e-01    1.025237981230021e-02
    vertex    1.469097007066011e-02    4.888963103294373e-01    1.026988029479980e-02
  endloop
endfacet
facet normal   -7.871676041728413e-01    5.103510469274756e-01    3.462787487571518e-01
  outer loop
    vertex    6.451081018894910e-03    4.976185858249665e-01    1.925555057823658e-02
    vertex    8.330056443810461e-03    4.990476071834565e-01    2.142076008021832e-02
    vertex    3.623354947194456e-03    4.968738853931428e-01    1.392505969852209e-02
  endloop
endfacet
facet normal   -6.648495939839912e-01    3.147785073777699e-01    6.774138385598164e-01
  outer loop
    vertex    3.267703112214803e-03    4.914548099040986e-01    2.358607016503811e-02
    vertex    1.484716031700373e-02    4.965429902076722e-01    3.258639946579933e-02
    vertex    1.118123997002840e-02    4.955081045627595e-01    2.946935966610909e-02
  endloop
endfacet
facet normal   -5.727317076129667e-01   -1.979142655723263e-01    7.954925106986876e-01
  outer loop
    vertex    1.211558002978563e-02    4.949280023574830e-01    3.021793998777866e-02
    vertex    1.597861014306545e-02    4.965107142925263e-01    3.339298069477081e-02
    vertex    1.484716031700373e-02    4.965429902076722e-01    3.258639946579933e-02
  endloop
endfacet
facet normal   -9.018497304324931e-02    9.959198435226730e-01    3.214951782387621e-03
  outer loop
    vertex    1.001316029578447e-02    5.000743269920349e-01    2.036070078611374e-02
    vertex    1.011530030518770e-02    5.000793933868408e-01    2.165644988417625e-02
    vertex    1.088733039796352e-02    5.001587271690369e-01    1.873740926384926e-02
  endloop
endfacet
facet normal   -3.483341677199543e-01   -5.659939670945571e-01    7.472042135931866e-01
  outer loop
    vertex    2.356538921594620e-02    4.891541004180909e-01    1.811546087265015e-02
    vertex    2.145097032189369e-02    4.873102903366089e-01    1.573310047388077e-02
    vertex    2.351173013448715e-02    4.877428114414216e-01    1.702141948044300e-02
  endloop
endfacet
facet normal    2.661542319712934e-01   -9.639228308170061e-01    3.834192679100007e-03
  outer loop
    vertex    1.046156045049429e-02    4.927384853363038e-01    1.955135911703110e-02
    vertex    1.071397028863430e-02    4.928036928176880e-01    1.842335984110832e-02
    vertex    1.570427045226097e-02    4.941953122615815e-01    2.187239006161690e-02
  endloop
endfacet
facet normal    2.769146305867782e-01   -9.605911673148974e-01    2.414325254788874e-02
  outer loop
    vertex    4.275871906429528e-03    4.910435974597931e-01    2.306427992880344e-02
    vertex    1.046156045049429e-02    4.927384853363038e-01    1.955135911703110e-02
    vertex    1.360596995800733e-02    4.937027990818024e-01    2.185337990522385e-02
  endloop
endfacet
facet normal   -4.474095824194438e-01   -7.810097312967708e-01    4.357160373213326e-01
  outer loop
    vertex    1.865552924573421e-02    4.936138093471528e-01    2.123581059277058e-02
    vertex    2.285463921725750e-02    4.899775981903077e-01    1.902979984879494e-02
    vertex    2.260391041636467e-02    4.914836883544922e-01    2.147196978330612e-02
  endloop
endfacet
facet normal   -8.658837015996318e-01    4.455729475989181e-01   -2.273986888091745e-01
  outer loop
    vertex    2.000519074499607e-02    4.980219900608063e-01    8.463297970592976e-03
    vertex    2.073767967522144e-02    4.969142973423005e-01    3.503690939396620e-03
    vertex    1.696635037660599e-02    4.908396899700165e-01    5.961277056485415e-03
  endloop
endfacet
facet normal    4.700533105367699e-02    7.970211752192741e-01    6.021193777853537e-01
  outer loop
    vertex   -2.060627005994322e-02    5.003777742385864e-01    3.353435080498457e-03
    vertex   -2.180982008576395e-02    5.008406043052673e-01    2.834747079759836e-03
    vertex   -2.776183001697065e-02    5.005807876586914e-01    3.643316915258765e-03
  endloop
endfacet
facet normal    4.081399770619672e-02   -9.712674454187318e-01    2.344648525067442e-01
  outer loop
    vertex    7.207555230706929e-03    4.910989105701447e-01    1.089129969477654e-02
    vertex    8.902849629521368e-03    4.917649030685425e-01    1.335505954921246e-02
    vertex    5.902219098061322e-03    4.912717044353486e-01    1.183431968092918e-02
  endloop
endfacet
facet normal   -1.855544679085767e-01    7.406140098771234e-01    6.458021584145512e-01
  outer loop
    vertex    2.441756054759026e-02    4.970644116401673e-01    1.346781064057723e-04
    vertex    2.433256618678570e-02    4.971605539321900e-01    2.706454130045098e-20
    vertex    2.429902181029320e-02    4.971521496772767e-01    8.127466930767885e-20
  endloop
endfacet
facet normal    3.632078064917366e-01   -2.451216062543926e-01    8.988856920936765e-01
  outer loop
    vertex    2.991735935211182e-02    4.833143055438996e-01    1.441686972975731e-02
    vertex    2.658684924244881e-02    4.852265119552613e-01    1.628405973315239e-02
    vertex    2.593930065631866e-02    4.839437901973725e-01    1.619591936469078e-02
  endloop
endfacet
facet normal    6.311584191089066e-01    6.161666985219730e-02    7.732027133839298e-01
  outer loop
    vertex    3.018726967275143e-02    4.856370091438294e-01    1.433160994201899e-02
    vertex    3.221730142831802e-02    4.926210939884186e-01    1.211795024573803e-02
    vertex    3.123575076460838e-02    4.929710924625397e-01    1.289128977805376e-02
  endloop
endfacet
facet normal    5.925110920845322e-01    7.882572792366178e-01   -1.660754873160995e-01
  outer loop
    vertex    3.029021061956882e-02    4.962225854396821e-01    1.046152971684933e-02
    vertex    2.870729938149452e-02    4.975154101848603e-01    1.095038000494242e-02
    vertex    2.998710982501507e-02    4.968965053558350e-01    1.257883012294769e-02
  endloop
endfacet
facet normal   -9.210014610669476e-01    3.279679585800560e-01    2.102220893659337e-01
  outer loop
    vertex    1.892860047519207e-02    4.963208138942719e-01    1.020220015197992e-02
    vertex    1.751499064266682e-02    4.918893873691559e-01    1.092252973467112e-02
    vertex    1.994526945054531e-02    4.990499019622803e-01    1.039865985512733e-02
  endloop
endfacet
facet normal    8.339601718044420e-01   -3.213066652336306e-01   -4.486339919359089e-01
  outer loop
    vertex    6.384813226759433e-03    4.950661063194275e-01    7.899392396211624e-03
    vertex    5.864366888999938e-03    5.004085898399353e-01    3.105713985860348e-03
    vertex    8.970909751951693e-03    5.005602240562439e-01    8.771829307079315e-03
  endloop
endfacet
facet normal    1.959049384687936e-01    7.083219577953878e-01    6.781602017137595e-01
  outer loop
    vertex   -2.741722017526628e-02    5.032637119293213e-01    7.415174040943384e-04
    vertex   -2.776183001697065e-02    5.005807876586914e-01    3.643316915258765e-03
    vertex   -2.322275005280973e-02    5.023412704467773e-01    4.932989832013845e-04
  endloop
endfacet
facet normal    6.348905290594627e-02    8.743145695233304e-01    4.811893324673143e-01
  outer loop
    vertex   -2.212500013411047e-02    5.020192861557007e-01    7.346834172494709e-04
    vertex   -2.180982008576395e-02    5.008406043052673e-01    2.834747079759836e-03
    vertex   -8.386975154280678e-03    5.010250806808472e-01    7.285198080353439e-04
  endloop
endfacet
facet normal   -4.433470502453229e-01    1.827555037509055e-01    8.775214065124132e-01
  outer loop
    vertex   -8.859396912157551e-03    4.934329092502595e-01    7.337207905948162e-03
    vertex   -1.871422049589456e-03    4.910368919372559e-01    1.136672031134367e-02
    vertex   -1.876614056527615e-03    4.924896061420441e-01    1.106155011802912e-02
  endloop
endfacet
facet normal   -6.885877988478910e-01    5.776322204424671e-01    4.383923598610286e-01
  outer loop
    vertex    1.133379992097616e-02    5.000026822090149e-01    2.537872083485126e-02
    vertex    1.276076026260853e-02    4.992468953132630e-01    2.861589938402176e-02
    vertex    1.243383996188640e-02    5.007185935974121e-01    2.616327069699764e-02
  endloop
endfacet
facet normal   -2.681852276078450e-01   -9.420544578094087e-01    2.015194338379048e-01
  outer loop
    vertex    2.458916977047920e-02    4.838126897811890e-01    1.576237939298153e-02
    vertex    2.349516935646534e-02    4.838855862617493e-01    1.464723981916904e-02
    vertex    2.709702961146832e-02    4.826985895633698e-01    1.389173045754433e-02
  endloop
endfacet
facet normal   -1.144940417989126e-01   -9.772789091786280e-01   -1.783733390032822e-01
  outer loop
    vertex   -1.977446954697379e-04    4.904677867889405e-01    1.115155033767223e-02
    vertex   -6.633144803345218e-03    4.917438924312592e-01    8.290718309581280e-03
    vertex   -5.544537212699666e-03    4.916462898254395e-01    8.126713335514069e-03
  endloop
endfacet
facet normal   -2.188198040599624e-01    7.878695880741639e-02    9.725793070351836e-01
  outer loop
    vertex   -2.759286947548391e-02    4.936951994895936e-01    5.377931054681540e-03
    vertex   -2.888673916459085e-02    4.987232089042664e-01    4.679514095187187e-03
    vertex   -2.973140962421895e-02    4.957587122917176e-01    4.729621112346649e-03
  endloop
endfacet
facet normal   -6.748723205230932e-01    4.633992474363008e-01   -5.742895510691843e-01
  outer loop
    vertex    1.739498972892761e-02    4.893650114536286e-01    6.362848798744380e-04
    vertex    2.200727909803391e-02    4.986622929573060e-01    2.718243049457669e-03
    vertex    2.127343043684959e-02    4.965110123157502e-01    1.844733022153378e-03
  endloop
endfacet
facet normal    3.031123782958158e-02    9.992058729272241e-01   -2.586218028285409e-02
  outer loop
    vertex    5.668751895427703e-03    5.014562010765076e-01    1.268355990760028e-03
    vertex    3.543520113453268e-03    5.014966726303101e-01    3.411723009776324e-04
    vertex    6.229158025234937e-03    5.015122890472412e-01    4.092171788215637e-03
  endloop
endfacet
facet normal    9.453850015886442e-01   -3.258933903307186e-01    6.379412981551016e-03
  outer loop
    vertex    3.392707929015160e-02    4.819534122943879e-01    1.549917040392756e-03
    vertex    3.390312194824219e-02    4.818535745143891e-01   -1.084662604160619e-19
    vertex    3.436204791069031e-02    4.831848740577698e-01   -4.630834877702489e-23
  endloop
endfacet
facet normal    7.357371999865003e-01    6.428943543449326e-01   -2.130202377884237e-01
  outer loop
    vertex    2.689315006136894e-02    5.012807846069336e-01    1.358698960393667e-02
    vertex    2.898875065147877e-02    4.986382126808167e-01    1.284957956522703e-02
    vertex    2.490998990833759e-02    5.030403137207031e-01    1.204773038625717e-02
  endloop
endfacet
facet normal    3.123087400792783e-01    5.891082943214868e-01   -7.452614765515001e-01
  outer loop
    vertex    2.111697010695934e-02    5.018900036811829e-01    1.123376004397869e-02
    vertex    2.296027913689613e-02    5.020449161529541e-01    1.212866976857185e-02
    vertex    2.119481004774570e-02    5.008066892623901e-01    1.041004993021488e-02
  endloop
endfacet
facet normal    2.328455954422393e-01    6.806756040129026e-01    6.945960342420761e-01
  outer loop
    vertex    2.339880913496017e-02    5.015044808387756e-01    1.596532948315144e-02
    vertex    2.424265071749687e-02    5.010818839073181e-01    1.609658077359200e-02
    vertex    2.519199997186660e-02    5.026494860649109e-01    1.424214988946915e-02
  endloop
endfacet
facet normal    8.490166800899267e-01    3.698503291138028e-01    3.773346140807792e-01
  outer loop
    vertex    1.767911016941071e-02    4.973764121532441e-01    2.039897069334984e-02
    vertex    1.936458051204681e-02    4.955311119556428e-01    1.841530017554760e-02
    vertex    1.697479933500290e-02    5.006666183471680e-01    1.875874958932400e-02
  endloop
endfacet
facet normal   -4.160957125018230e-01    3.786335527271167e-01    8.267411873052183e-01
  outer loop
    vertex   -5.357275949791082e-04    4.962230026721955e-01    1.047020033001900e-02
    vertex   -8.229734376072899e-03    4.959306120872498e-01    6.731745786964893e-03
    vertex   -8.705861982889482e-04    4.952344894409180e-01    1.075438968837261e-02
  endloop
endfacet
facet normal    9.508079892152267e-01    2.973228000335784e-01   -8.696735148715339e-02
  outer loop
    vertex    3.547614812850952e-02    4.924612045288086e-01    1.354783194511946e-19
    vertex    3.548073023557663e-02    4.924652874469758e-01    6.405448220903054e-05
    vertex    3.556972369551659e-02    4.921619594097138e-01   -4.700618027889043e-23
  endloop
endfacet
facet normal    2.301288860327460e-02   -9.996895592438848e-01   -9.549455319571631e-03
  outer loop
    vertex   -1.585208065807821e-02    4.930106997489930e-01    7.059741183184087e-04
    vertex   -1.599744521081449e-02    4.930140972137452e-01   -1.720911448773241e-23
    vertex   -1.585892029106618e-02    4.930172860622407e-01    2.168231453387357e-19
  endloop
endfacet
facet normal    9.035892866998628e-01    1.695696955543619e-02    4.280640864925823e-01
  outer loop
    vertex    3.424498066306114e-02    4.899232089519501e-01    8.959662169218063e-03
    vertex    3.501357883214951e-02    4.907425940036774e-01    7.304789964109659e-03
    vertex    3.373907878994942e-02    4.908235073089600e-01    9.991893544793129e-03
  endloop
endfacet
facet normal    6.346125616824597e-01    6.666670979706307e-01   -3.909243878785815e-01
  outer loop
    vertex    2.870729938149452e-02    4.975154101848603e-01    1.095038000494242e-02
    vertex    2.384446002542973e-02    4.991996884346009e-01    5.928523838520050e-03
    vertex    2.423422038555145e-02    4.995731115341187e-01    7.198067847639322e-03
  endloop
endfacet
facet normal    7.623013511732006e-01    5.854121595834941e-01    2.760240087588440e-01
  outer loop
    vertex    3.465636819601059e-02    4.928367137908936e-01    7.651698775589466e-03
    vertex    3.420529887080193e-02    4.935184121131898e-01    7.451630197465420e-03
    vertex    3.171164914965630e-02    4.952018857002259e-01    1.076795998960733e-02
  endloop
endfacet
facet normal    8.239639498954255e-01    5.632837230457171e-01    6.160240761922060e-02
  outer loop
    vertex    3.420529887080193e-02    4.935184121131898e-01    7.451630197465420e-03
    vertex    3.465636819601059e-02    4.928367137908936e-01    7.651698775589466e-03
    vertex    3.496988117694855e-02    4.931603968143464e-01    4.985891864635050e-04
  endloop
endfacet
facet normal    6.572592535650352e-01    6.020703023308757e-01   -4.533449290047707e-01
  outer loop
    vertex    2.870729938149452e-02    4.975154101848603e-01    1.095038000494242e-02
    vertex    2.423422038555145e-02    4.995731115341187e-01    7.198067847639322e-03
    vertex    2.898875065147877e-02    4.986382126808167e-01    1.284957956522703e-02
  endloop
endfacet
facet normal    4.739417678802577e-01    6.693217976832891e-01   -5.721778847566081e-01
  outer loop
    vertex    2.423422038555145e-02    4.995731115341187e-01    7.198067847639322e-03
    vertex    2.298530936241150e-02    4.999453127384186e-01    6.598973181098700e-03
    vertex    2.408274076879024e-02    5.038242936134338e-01    1.204553991556168e-02
  endloop
endfacet
facet normal    2.576636847615278e-01    7.168644062698608e-01    6.478540333890590e-01
  outer loop
    vertex    2.565650083124638e-02    4.948776960372925e-01    1.820223964750767e-02
    vertex    2.231132984161377e-02    4.949024915695191e-01    1.950524002313614e-02
    vertex    2.272989973425865e-02    4.942159950733185e-01    2.009839005768299e-02
  endloop
endfacet
facet normal    6.868444653233335e-01    7.245943913601874e-01   -5.663610565764091e-02
  outer loop
    vertex    2.490998990833759e-02    5.030403137207031e-01    1.204773038625717e-02
    vertex    2.408274076879024e-02    5.038242936134338e-01    1.204553991556168e-02
    vertex    2.689315006136894e-02    5.012807846069336e-01    1.358698960393667e-02
  endloop
endfacet
facet normal    8.114745048596574e-02    4.398236668871016e-01    8.944105507682766e-01
  outer loop
    vertex    2.424265071749687e-02    5.010818839073181e-01    1.609658077359200e-02
    vertex    2.339880913496017e-02    5.015044808387756e-01    1.596532948315144e-02
    vertex    2.267527021467686e-02    4.963097870349885e-01    1.858544908463955e-02
  endloop
endfacet
facet normal    7.654171251226832e-01    6.353688384883307e-01    1.021913090576507e-01
  outer loop
    vertex    2.143383026123047e-02    4.938494861125947e-01    2.696214988827705e-02
    vertex    2.035178989171982e-02    4.953818917274476e-01    2.553902938961983e-02
    vertex    1.908094994723797e-02    4.959507882595063e-01    3.152059018611908e-02
  endloop
endfacet
facet normal    7.541854396553748e-01    4.479995344470183e-01   -4.801049257684032e-01
  outer loop
    vertex    1.812292076647282e-02    4.964247047901154e-01    2.470505051314831e-02
    vertex    1.759679056704044e-02    4.978316128253937e-01    2.519139088690281e-02
    vertex    1.810749992728233e-02    4.987432956695557e-01    2.684436924755573e-02
  endloop
endfacet
facet normal    9.817535072473967e-01   -1.849184543423501e-01   -4.433075964916437e-02
  outer loop
    vertex    1.778417080640792e-02    5.001314282417297e-01    2.235901914536953e-02
    vertex    1.898509077727794e-02    5.058537125587463e-01    2.508514933288097e-02
    vertex    1.923233084380626e-02    5.068923830986023e-01    2.622791007161140e-02
  endloop
endfacet
facet normal    3.971415045143425e-01    6.177019177346182e-01   -6.787657668290730e-01
  outer loop
    vertex    1.680227927863598e-02    5.021786093711853e-01    2.046352066099644e-02
    vertex    1.884156093001365e-02    5.072051286697388e-01    2.623100951313972e-02
    vertex    1.898509077727794e-02    5.058537125587463e-01    2.508514933288097e-02
  endloop
endfacet
facet normal    4.736981846611648e-01    5.982821207131411e-01   -6.462728014420098e-01
  outer loop
    vertex    1.898509077727794e-02    5.058537125587463e-01    2.508514933288097e-02
    vertex    1.884156093001365e-02    5.072051286697388e-01    2.623100951313972e-02
    vertex    1.923233084380626e-02    5.068923830986023e-01    2.622791007161140e-02
  endloop
endfacet
facet normal   -8.660797897238598e-01    4.477487204750991e-01   -2.223215714787620e-01
  outer loop
    vertex    2.073767967522144e-02    4.969142973423005e-01    3.503690939396620e-03
    vertex    1.691189967095852e-02    4.896559119224549e-01    3.789304057136178e-03
    vertex    1.696635037660599e-02    4.908396899700165e-01    5.961277056485415e-03
  endloop
endfacet
facet normal   -8.629489809888065e-01    4.547796542876893e-01   -2.202147185279636e-01
  outer loop
    vertex    2.000519074499607e-02    4.980219900608063e-01    8.463297970592976e-03
    vertex    1.526010967791080e-02    4.896253049373627e-01    9.717171080410480e-03
    vertex    2.019830048084259e-02    4.990080893039704e-01    9.743021801114082e-03
  endloop
endfacet
facet normal   -9.034569795747492e-01   -1.520335756781749e-01   -4.008132706437995e-01
  outer loop
    vertex    1.491404976695776e-02    4.879607856273652e-01    9.398612193763256e-03
    vertex    1.525210030376911e-02    4.869354069232941e-01    9.025565348565578e-03
    vertex    1.457033026963472e-02    4.873074889183045e-01    1.042118016630411e-02
  endloop
endfacet
facet normal   -5.276863231578277e-01    1.435475919789385e-01   -8.372223319938502e-01
  outer loop
    vertex    2.076824009418487e-02    5.001283884048462e-01    1.006487011909485e-02
    vertex    1.994526945054531e-02    4.990499019622803e-01    1.039865985512733e-02
    vertex    1.984854973852634e-02    5.003198981285095e-01    1.067737024277449e-02
  endloop
endfacet
facet normal   -4.279153700661935e-01    1.625276860829533e-01   -8.890855905466207e-01
  outer loop
    vertex    1.994526945054531e-02    4.990499019622803e-01    1.039865985512733e-02
    vertex    1.655942946672440e-02    4.979518949985505e-01    1.182753965258598e-02
    vertex    1.984854973852634e-02    5.003198981285095e-01    1.067737024277449e-02
  endloop
endfacet
facet normal    4.705129796867852e-01   -3.489731787785434e-01   -8.104537349161034e-01
  outer loop
    vertex    6.432612892240285e-03    4.912573099136353e-01    1.023089978843927e-02
    vertex    6.789340171962976e-03    4.931310117244721e-01    9.631202556192875e-03
    vertex    7.265670225024222e-03    4.925476908683777e-01    1.015891041606665e-02
  endloop
endfacet
facet normal    6.394583484194812e-01   -1.584286766346905e-01   -7.523253119870488e-01
  outer loop
    vertex    7.265670225024222e-03    4.925476908683777e-01    1.015891041606665e-02
    vertex    6.789340171962976e-03    4.931310117244721e-01    9.631202556192875e-03
    vertex    1.066600997000933e-02    5.010914802551270e-01    1.124992035329342e-02
  endloop
endfacet
facet normal    8.311497192819256e-01   -1.041358352635314e-01   -5.462104648865151e-01
  outer loop
    vertex    1.066600997000933e-02    5.010914802551270e-01    1.124992035329342e-02
    vertex    8.970909751951693e-03    5.005602240562439e-01    8.771829307079315e-03
    vertex    9.932681918144226e-03    5.022953748703003e-01    9.904515929520130e-03
  endloop
endfacet
facet normal    7.178976377313874e-01   -6.722117247987673e-01   -1.809817084203808e-01
  outer loop
    vertex    4.520855844020843e-03    4.912342131137848e-01    9.011475369334221e-03
    vertex    4.510230850428342e-03    4.913957118988038e-01    8.369482122361660e-03
    vertex    5.733081139624118e-03    4.926115870475770e-01    8.704078383743763e-03
  endloop
endfacet
facet normal    8.523258284613799e-01   -2.476270929339674e-01   -4.606750535710551e-01
  outer loop
    vertex    5.864366888999938e-03    5.004085898399353e-01    3.105713985860348e-03
    vertex    9.500778280198574e-03    5.021970272064209e-01    8.872342295944691e-03
    vertex    8.970909751951693e-03    5.005602240562439e-01    8.771829307079315e-03
  endloop
endfacet
facet normal    9.089480378524967e-01   -4.027291359306731e-01   -1.078086617885121e-01
  outer loop
    vertex    2.648002002388238e-03    4.944489896297455e-01    1.976124010980129e-03
    vertex    5.668751895427703e-03    5.014562010765076e-01    1.268355990760028e-03
    vertex    5.362918134778737e-03    5.005872249603271e-01    1.935973996296525e-03
  endloop
endfacet
facet normal   -9.426692488939700e-02    2.961941347637929e-01   -9.504645082292262e-01
  outer loop
    vertex    1.751499064266682e-02    4.918893873691559e-01    1.092252973467112e-02
    vertex    1.469097007066011e-02    4.888963103294373e-01    1.026988029479980e-02
    vertex    1.628359965980053e-02    4.915874004364014e-01    1.095055043697357e-02
  endloop
endfacet
facet normal   -3.102541169286083e-01   -9.405134810174084e-01    1.384802330781048e-01
  outer loop
    vertex    8.134283125400541e-03    4.907208979129792e-01    1.040021982043982e-02
    vertex    7.207555230706929e-03    4.910989105701447e-01    1.089129969477654e-02
    vertex    6.432612892240285e-03    4.912573099136353e-01    1.023089978843927e-02
  endloop
endfacet
facet normal   -6.004375816262974e-02    7.008291442738810e-01    7.107976207346556e-01
  outer loop
    vertex   -8.733911439776436e-03    4.979532063007355e-01    4.833085928112268e-03
    vertex   -1.057863980531694e-02    4.980314970016480e-01    4.600062035024166e-03
    vertex   -8.676703087985531e-03    4.968025982379914e-01    5.972390063107014e-03
  endloop
endfacet
facet normal   -1.930701007059274e-02    5.489336894119583e-01    8.356428926226259e-01
  outer loop
    vertex   -1.630128920078279e-02    4.992032051086426e-01    3.644445911049843e-03
    vertex   -1.837036944925786e-02    4.983310997486115e-01    4.169526975601912e-03
    vertex   -1.610326021909715e-02    4.980641901493073e-01    4.397240001708269e-03
  endloop
endfacet
facet normal   -6.811311185707049e-02    9.028545925335439e-01    4.245164175084803e-01
  outer loop
    vertex   -4.972768947482124e-03    5.010467767715454e-01    7.959125796332955e-04
    vertex   -6.938766222447172e-03    5.008429288864136e-01    9.140112088061869e-04
    vertex   -4.856016952544452e-03    5.005893707275391e-01    1.787449000403285e-03
  endloop
endfacet
facet normal   -1.265744705002267e-01    8.302425961950740e-01    5.428408006781090e-01
  outer loop
    vertex   -4.856016952544452e-03    5.005893707275391e-01    1.787449000403285e-03
    vertex   -6.938766222447172e-03    5.008429288864136e-01    9.140112088061869e-04
    vertex   -7.091029081493631e-03    4.979932904243470e-01    5.236859899014235e-03
  endloop
endfacet
facet normal   -5.059905755757091e-01    8.519744372576319e-01    1.345849014120974e-01
  outer loop
    vertex    9.057009592652319e-03    4.996812045574189e-01    2.149404026567936e-02
    vertex    9.182061068713663e-03    5.010272264480591e-01    1.344334986060858e-02
    vertex    7.863763719797133e-03    4.996181130409241e-01    1.740726083517075e-02
  endloop
endfacet
facet normal   -6.804752221805886e-01    6.955680807404385e-01    2.305179321730553e-01
  outer loop
    vertex    9.057009592652319e-03    4.996812045574189e-01    2.149404026567936e-02
    vertex    4.194717854261397e-03    4.977236092090607e-01    1.304772030562162e-02
    vertex    3.623354947194456e-03    4.968738853931428e-01    1.392505969852209e-02
  endloop
endfacet
facet normal   -1.991833533175513e-01   -4.995938866306041e-01    8.430491920419013e-01
  outer loop
    vertex   -1.649549975991250e-02    4.936228096485138e-01    5.625719204545021e-03
    vertex   -1.086227968335153e-02    4.925026893615723e-01    6.292867008596659e-03
    vertex   -1.105097960680725e-02    4.930734038352967e-01    6.586491130292416e-03
  endloop
endfacet
facet normal   -5.103582852258119e-01    3.928158580772464e-01    7.650033479301940e-01
  outer loop
    vertex   -5.357275949791082e-04    4.962230026721955e-01    1.047020033001900e-02
    vertex   -8.705861982889482e-04    4.952344894409180e-01    1.075438968837261e-02
    vertex    1.349269994534551e-03    4.960078895092011e-01    1.183819957077503e-02
  endloop
endfacet
facet normal   -5.074866710871769e-01    2.772919833720260e-01    8.158225509425832e-01
  outer loop
    vertex   -8.705861982889482e-04    4.952344894409180e-01    1.075438968837261e-02
    vertex   -1.876614056527615e-03    4.924896061420441e-01    1.106155011802912e-02
    vertex   -4.138034128118315e-04    4.915856122970582e-01    1.227875985205173e-02
  endloop
endfacet
facet normal   -4.282367088241351e-01    2.539993346086781e-01    8.672356422759744e-01
  outer loop
    vertex   -8.705861982889482e-04    4.952344894409180e-01    1.075438968837261e-02
    vertex   -8.859396912157551e-03    4.934329092502595e-01    7.337207905948162e-03
    vertex   -1.876614056527615e-03    4.924896061420441e-01    1.106155011802912e-02
  endloop
endfacet
facet normal   -5.674518073811036e-01    1.673346350060640e-01    8.062242654666915e-01
  outer loop
    vertex   -1.876614056527615e-03    4.924896061420441e-01    1.106155011802912e-02
    vertex   -1.871422049589456e-03    4.910368919372559e-01    1.136672031134367e-02
    vertex   -4.138034128118315e-04    4.915856122970582e-01    1.227875985205173e-02
  endloop
endfacet
facet normal   -7.648940646819924e-01    5.794751351042645e-01    2.813283448395384e-01
  outer loop
    vertex    6.451081018894910e-03    4.976185858249665e-01    1.925555057823658e-02
    vertex    6.677269935607909e-03    4.972982108592988e-01    2.053043060004711e-02
    vertex    8.330056443810461e-03    4.990476071834565e-01    2.142076008021832e-02
  endloop
endfacet
facet normal   -3.910801736722166e-01   -6.478365405496131e-01    6.537309190249596e-01
  outer loop
    vertex    3.129160031676292e-03    4.908626973628998e-01    2.309284918010235e-02
    vertex    3.364912001416086e-03    4.911721050739289e-01    2.354050055146217e-02
    vertex    2.358325989916920e-03    4.909108877182007e-01    2.267947047948837e-02
  endloop
endfacet
facet normal   -7.413008147998416e-01    6.450451441725245e-01    1.854450429548822e-01
  outer loop
    vertex    5.036966875195502e-03    4.951153099536896e-01    2.193487063050270e-02
    vertex    9.019725024700163e-03    4.994517862796784e-01    2.277177013456821e-02
    vertex    8.330056443810461e-03    4.990476071834565e-01    2.142076008021832e-02
  endloop
endfacet
facet normal   -8.281595270692844e-01    5.332386314155516e-01    1.726509765117147e-01
  outer loop
    vertex    1.296064001508056e-03    4.901238083839417e-01    2.033591084182262e-02
    vertex    4.473759792745113e-03    4.942691028118134e-01    2.277556061744690e-02
    vertex    3.389515914022914e-04    4.907642006874085e-01    1.376703009009361e-02
  endloop
endfacet
facet normal   -6.871391256386846e-01    6.655428561508052e-01    2.913632245893989e-01
  outer loop
    vertex    9.019725024700163e-03    4.994517862796784e-01    2.277177013456821e-02
    vertex    7.107694167643785e-03    4.965651929378510e-01    2.485617995262146e-02
    vertex    9.784160181879996e-03    4.998883008956910e-01    2.357747964560986e-02
  endloop
endfacet
facet normal   -7.574658325007358e-01    3.711920506138613e-01    5.370865611380014e-01
  outer loop
    vertex    2.358325989916920e-03    4.909108877182007e-01    2.267947047948837e-02
    vertex    3.267703112214803e-03    4.914548099040986e-01    2.358607016503811e-02
    vertex    5.657710134983062e-03    4.953626096248627e-01    2.425598911941051e-02
  endloop
endfacet
facet normal   -1.285419131821666e-01   -7.828510807222562e-01    6.087866309040171e-01
  outer loop
    vertex    3.364912001416086e-03    4.911721050739289e-01    2.354050055146217e-02
    vertex    3.129160031676292e-03    4.908626973628998e-01    2.309284918010235e-02
    vertex    1.211558002978563e-02    4.949280023574830e-01    3.021793998777866e-02
  endloop
endfacet
facet normal    6.285320005289480e-01    2.876853751531326e-01    7.226234491310670e-01
  outer loop
    vertex    1.754076033830643e-02    4.983608126640320e-01    3.235125914216042e-02
    vertex    1.744111068546772e-02    4.970844984054566e-01    3.294605016708374e-02
    vertex    1.817500032484531e-02    4.963194131851197e-01    3.261230885982513e-02
  endloop
endfacet
facet normal    3.171652225930284e-01    9.434557366027457e-01   -9.642351709456157e-02
  outer loop
    vertex    1.081219967454672e-02    5.020666122436523e-01    1.231488026678562e-02
    vertex    1.162356045097113e-02    5.019204020500183e-01    1.355309039354324e-02
    vertex    1.167092006653547e-02    5.017712712287903e-01    1.224969979375601e-02
  endloop
endfacet
facet normal    7.012218154739763e-01    6.387697370025920e-01    3.166404721336494e-01
  outer loop
    vertex    1.162356045097113e-02    5.019204020500183e-01    1.355309039354324e-02
    vertex    1.088733039796352e-02    5.001587271690369e-01    1.873740926384926e-02
    vertex    1.265909988433122e-02    5.011824965476990e-01    1.274842023849487e-02
  endloop
endfacet
facet normal   -1.203098927280933e-01    9.649542484819571e-01    2.332141248903595e-01
  outer loop
    vertex    9.057009592652319e-03    4.996812045574189e-01    2.149404026567936e-02
    vertex    1.001316029578447e-02    5.000743269920349e-01    2.036070078611374e-02
    vertex    1.162356045097113e-02    5.019204020500183e-01    1.355309039354324e-02
  endloop
endfacet
facet normal   -3.553218403602385e-01    9.344266731442710e-01    2.435533369804014e-02
  outer loop
    vertex    9.057009592652319e-03    4.996812045574189e-01    2.149404026567936e-02
    vertex    1.011530030518770e-02    5.000793933868408e-01    2.165644988417625e-02
    vertex    1.001316029578447e-02    5.000743269920349e-01    2.036070078611374e-02
  endloop
endfacet
facet normal    3.057510321327702e-01    9.518126141190961e-01    2.385485178152363e-02
  outer loop
    vertex    1.011530030518770e-02    5.000793933868408e-01    2.165644988417625e-02
    vertex    1.404787972569465e-02    4.989748895168305e-01    1.532191038131714e-02
    vertex    1.371052954345941e-02    4.991196095943451e-01    1.387142017483711e-02
  endloop
endfacet
facet normal    5.958083021522771e-01    8.009819657723517e-01   -5.865456157776652e-02
  outer loop
    vertex    1.371052954345941e-02    4.991196095943451e-01    1.387142017483711e-02
    vertex    1.404787972569465e-02    4.989748895168305e-01    1.532191038131714e-02
    vertex    1.472197007387876e-02    4.983546137809754e-01    1.369883026927710e-02
  endloop
endfacet
facet normal   -5.512642550732830e-01    8.015903634035733e-01   -2.314316537922715e-01
  outer loop
    vertex    9.019725024700163e-03    4.994517862796784e-01    2.277177013456821e-02
    vertex    1.884156093001365e-02    5.072051286697388e-01    2.623100951313972e-02
    vertex    1.103390008211136e-02    5.007879137992859e-01    2.260188944637775e-02
  endloop
endfacet
facet normal   -6.600689800382581e-01    7.115869514667903e-01    2.407341938600617e-01
  outer loop
    vertex    9.784160181879996e-03    4.998883008956910e-01    2.357747964560986e-02
    vertex    1.521455030888319e-02    5.043594837188721e-01    2.525068074464798e-02
    vertex    9.019725024700163e-03    4.994517862796784e-01    2.277177013456821e-02
  endloop
endfacet
facet normal    4.650365921562749e-01    5.743784304598603e-01    6.736693451376170e-01
  outer loop
    vertex    1.923233084380626e-02    5.068923830986023e-01    2.622791007161140e-02
    vertex    1.884156093001365e-02    5.072051286697388e-01    2.623100951313972e-02
    vertex    1.719129085540771e-02    5.060456991195679e-01    2.835874073207378e-02
  endloop
endfacet
facet normal   -7.055599704597312e-01    5.622091520230845e-01    4.314000434241374e-01
  outer loop
    vertex    1.448552031069994e-02    5.007809996604919e-01    2.943748980760574e-02
    vertex    1.243383996188640e-02    5.007185935974121e-01    2.616327069699764e-02
    vertex    1.276076026260853e-02    4.992468953132630e-01    2.861589938402176e-02
  endloop
endfacet
facet normal    3.673961878017449e-01   -6.048091215568866e-01    7.065592456902196e-01
  outer loop
    vertex    2.117327041924000e-02    4.929541945457459e-01    2.817266993224621e-02
    vertex    1.817500032484531e-02    4.963194131851197e-01    3.261230885982513e-02
    vertex    1.748480089008808e-02    4.954187870025635e-01    3.220026940107346e-02
  endloop
endfacet
facet normal   -6.897444696174160e-02   -8.637988892856019e-01    4.990931822167903e-01
  outer loop
    vertex    1.671002991497517e-02    4.955281019210816e-01    3.179341927170753e-02
    vertex    1.597861014306545e-02    4.965107142925263e-01    3.339298069477081e-02
    vertex    1.538849994540214e-02    4.959366023540497e-01    3.231779113411903e-02
  endloop
endfacet
facet normal    2.616708890658904e-01   -9.649114851349256e-01   -2.177548323639546e-02
  outer loop
    vertex    3.086928045377134e-03    4.907267093658448e-01    1.514066010713577e-02
    vertex    1.296064001508056e-03    4.901238083839417e-01    2.033591084182262e-02
    vertex    8.466515282634560e-05    4.899108111858368e-01    1.521710958331823e-02
  endloop
endfacet
facet normal    3.861406840112943e-02    1.472235566532928e-01    9.883492186913833e-01
  outer loop
    vertex   -2.551073953509332e-02    4.941791892051697e-01    5.224489141255617e-03
    vertex   -2.888673916459085e-02    4.987232089042664e-01    4.679514095187187e-03
    vertex   -2.759286947548391e-02    4.936951994895936e-01    5.377931054681540e-03
  endloop
endfacet
facet normal   -3.886764099656929e-01   -9.186385809608377e-01    7.094931928101265e-02
  outer loop
    vertex    1.769272983074188e-02    4.845564961433411e-01    3.643255913630128e-03
    vertex    1.930117979645729e-02    4.840553104877472e-01    5.965449847280979e-03
    vertex    1.739742048084736e-02    4.848460853099824e-01    5.775031168013811e-03
  endloop
endfacet
facet normal   -3.131901856650332e-01   -9.403568646133138e-01    1.328189548886753e-01
  outer loop
    vertex    7.207555230706929e-03    4.910989105701447e-01    1.089129969477654e-02
    vertex    8.134283125400541e-03    4.907208979129792e-01    1.040021982043982e-02
    vertex    9.242754429578779e-03    4.904789030551911e-01    1.130069978535175e-02
  endloop
endfacet
facet normal    1.577840661675841e-01   -9.626923561338507e-01    2.198354291397961e-01
  outer loop
    vertex    1.580023951828480e-02    4.954557120800019e-01    2.991637960076332e-02
    vertex    1.538849994540214e-02    4.959366023540497e-01    3.231779113411903e-02
    vertex    1.398051995784044e-02    4.948149919509888e-01    2.841665036976337e-02
  endloop
endfacet
facet normal    4.252088781369338e-02   -9.248496145374734e-01    3.779486269182918e-01
  outer loop
    vertex    1.538849994540214e-02    4.959366023540497e-01    3.231779113411903e-02
    vertex    1.211558002978563e-02    4.949280023574830e-01    3.021793998777866e-02
    vertex    1.315306033939123e-02    4.950887858867646e-01    3.049466013908386e-02
  endloop
endfacet
facet normal    2.728975028282870e-01   -9.618829488108922e-01   -1.755408035038193e-02
  outer loop
    vertex    1.046156045049429e-02    4.927384853363038e-01    1.955135911703110e-02
    vertex    1.296064001508056e-03    4.901238083839417e-01    2.033591084182262e-02
    vertex    3.086928045377134e-03    4.907267093658448e-01    1.514066010713577e-02
  endloop
endfacet
facet normal   -1.361988896870109e-01   -9.852064396799473e-01    1.040102574806347e-01
  outer loop
    vertex    1.733166910707951e-02    4.946511983871461e-01    2.430123090744019e-02
    vertex    1.671002991497517e-02    4.955281019210816e-01    3.179341927170753e-02
    vertex    1.580023951828480e-02    4.954557120800019e-01    2.991637960076332e-02
  endloop
endfacet
facet normal   -2.240008449676415e-01   -8.829164969731962e-01    4.126524940265875e-01
  outer loop
    vertex    1.822873950004578e-02    4.941537082195283e-01    2.215931005775928e-02
    vertex    1.488971989601850e-02    4.934935867786408e-01    1.893438026309013e-02
    vertex    1.865552924573421e-02    4.936138093471528e-01    2.123581059277058e-02
  endloop
endfacet
facet normal   -3.502288443458710e-01   -8.149479573268769e-01    4.617354041406252e-01
  outer loop
    vertex    2.285463921725750e-02    4.899775981903077e-01    1.902979984879494e-02
    vertex    2.356538921594620e-02    4.891541004180909e-01    1.811546087265015e-02
    vertex    2.406040020287037e-02    4.898903071880341e-01    1.979031041264534e-02
  endloop
endfacet
facet normal   -5.532072372300176e-01   -6.909412402581956e-01    4.653621763603026e-01
  outer loop
    vertex   -2.759286947548391e-02    4.936951994895936e-01    5.377931054681540e-03
    vertex   -3.067575022578241e-02    4.953331947326661e-01    4.145098850131035e-03
    vertex   -2.670069038867952e-02    4.924528002738953e-01    4.593885969370604e-03
  endloop
endfacet
facet normal   -9.827754759358002e-01   -1.846009490450793e-01   -8.651792347105607e-03
  outer loop
    vertex   -3.077757917344572e-02    4.959279000759125e-01    2.795627107843757e-03
    vertex   -3.076439350843431e-02    4.959887266159058e-01    2.168317581708049e-19
    vertex   -3.067597374320032e-02    4.955179989337922e-01    2.168317070791974e-19
  endloop
endfacet
facet normal   -3.828418528624677e-01    8.589951378336270e-01    3.399403901789562e-01
  outer loop
    vertex    6.253466010093688e-03    5.011928081512451e-01    5.770909134298563e-03
    vertex    2.244235947728156e-03    4.975151121616364e-01    1.054887007921934e-02
    vertex    3.534789895638823e-03    4.976029098033906e-01    1.178043987601995e-02
  endloop
endfacet
facet normal   -1.440096154815171e-01    9.220917437465500e-01    3.591769017675170e-01
  outer loop
    vertex    6.229158025234937e-03    5.015122890472412e-01    4.092171788215637e-03
    vertex   -4.972768947482124e-03    5.010467767715454e-01    7.959125796332955e-04
    vertex    3.332153894007205e-03    5.010182857513428e-01    4.198859911412001e-03
  endloop
endfacet
facet normal   -1.147216369929695e-01    9.760962635293805e-01    1.845942315719416e-01
  outer loop
    vertex   -3.995555918663741e-03    5.012823939323425e-01    1.573360059410334e-04
    vertex   -6.493860855698600e-03    5.009899139404297e-01    1.512632006779313e-04
    vertex   -4.972768947482124e-03    5.010467767715454e-01    7.959125796332955e-04
  endloop
endfacet
facet normal    8.304669808582396e-01    4.066926988237760e-01    3.806910064969144e-01
  outer loop
    vertex    3.465636819601059e-02    4.928367137908936e-01    7.651698775589466e-03
    vertex    3.207398951053619e-02    4.943757057189942e-01    1.164097990840673e-02
    vertex    3.481208905577660e-02    4.922001957893372e-01    7.991991005837917e-03
  endloop
endfacet
facet normal    6.157722723633157e-01   -1.379391620822593e-02    7.878034250142347e-01
  outer loop
    vertex    3.221730142831802e-02    4.926210939884186e-01    1.211795024573803e-02
    vertex    2.923391014337540e-02    4.950115978717805e-01    1.449172012507915e-02
    vertex    3.123575076460838e-02    4.929710924625397e-01    1.289128977805376e-02
  endloop
endfacet
facet normal    7.804639641986362e-01    5.133520099409460e-01    3.568553130849264e-01
  outer loop
    vertex    2.998710982501507e-02    4.968965053558350e-01    1.257883012294769e-02
    vertex    2.933841943740845e-02    4.967047870159150e-01    1.427335012704134e-02
    vertex    3.207398951053619e-02    4.943757057189942e-01    1.164097990840673e-02
  endloop
endfacet
facet normal    4.856870707057019e-01    3.329395638228649e-01    8.082445893358984e-01
  outer loop
    vertex    2.424265071749687e-02    5.010818839073181e-01    1.609658077359200e-02
    vertex    2.476559951901436e-02    4.963792860507966e-01    1.771946996450424e-02
    vertex    2.644670009613037e-02    4.963403940200806e-01    1.672529056668282e-02
  endloop
endfacet
facet normal    9.902239489156833e-01   -1.354647154602909e-02   -1.388273175656818e-01
  outer loop
    vertex    1.810749992728233e-02    4.987432956695557e-01    2.684436924755573e-02
    vertex    1.851967908442020e-02    5.024849176406860e-01    2.941925078630447e-02
    vertex    1.875793002545833e-02    5.032051801681519e-01    3.104835934937000e-02
  endloop
endfacet
facet normal   -1.228502077030339e-02    8.614269014517902e-01   -5.077329728507308e-01
  outer loop
    vertex    1.404787972569465e-02    4.989748895168305e-01    1.532191038131714e-02
    vertex    1.661645062267780e-02    5.005425810813904e-01    1.791952922940254e-02
    vertex    1.531533990055322e-02    4.988228082656861e-01    1.503321994096041e-02
  endloop
endfacet
facet normal    3.114513953791403e-01    8.448832823333673e-01   -4.349370845880837e-01
  outer loop
    vertex    1.531533990055322e-02    4.988228082656861e-01    1.503321994096041e-02
    vertex    1.896511949598789e-02    4.981457889080048e-01    1.633162982761860e-02
    vertex    1.472197007387876e-02    4.983546137809754e-01    1.369883026927710e-02
  endloop
endfacet
facet normal   -4.993272691376095e-01    4.785140986430718e-01   -7.222856330395795e-01
  outer loop
    vertex    1.560973003506660e-02    4.977472126483918e-01    1.234847959131002e-02
    vertex    1.655942946672440e-02    4.979518949985505e-01    1.182753965258598e-02
    vertex    1.530511956661939e-02    4.969474971294404e-01    1.202925015240908e-02
  endloop
endfacet
facet normal   -3.575394319725560e-01    5.922923949878852e-01   -7.220493566400132e-01
  outer loop
    vertex    1.984854973852634e-02    5.003198981285095e-01    1.067737024277449e-02
    vertex    2.119481004774570e-02    5.008066892623901e-01    1.041004993021488e-02
    vertex    2.076824009418487e-02    5.001283884048462e-01    1.006487011909485e-02
  endloop
endfacet
facet normal    5.385433759842416e-01    8.391231360557168e-01   -7.644210043892673e-02
  outer loop
    vertex    1.162356045097113e-02    5.019204020500183e-01    1.355309039354324e-02
    vertex    1.265909988433122e-02    5.011824965476990e-01    1.274842023849487e-02
    vertex    1.167092006653547e-02    5.017712712287903e-01    1.224969979375601e-02
  endloop
endfacet
facet normal   -2.690724769470882e-01    8.620588636043550e-01    4.294816850934701e-01
  outer loop
    vertex    8.764304802753023e-04    4.977313876152039e-01    9.257823228836060e-03
    vertex    2.244235947728156e-03    4.975151121616364e-01    1.054887007921934e-02
    vertex    3.332153894007205e-03    5.010182857513428e-01    4.198859911412001e-03
  endloop
endfacet
facet normal   -3.194921671618074e-02    5.472214656142838e-01    8.363778542753136e-01
  outer loop
    vertex   -1.058403030037882e-02    4.966424107551575e-01    5.538307130336761e-03
    vertex   -1.630128920078279e-02    4.992032051086426e-01    3.644445911049843e-03
    vertex   -1.610326021909715e-02    4.980641901493073e-01    4.397240001708269e-03
  endloop
endfacet
facet normal   -3.300716427869338e-01    6.530698271793405e-01    6.815808913517756e-01
  outer loop
    vertex   -5.357275949791082e-04    4.962230026721955e-01    1.047020033001900e-02
    vertex    1.522475067758924e-04    4.969117939472199e-01    1.014338992536068e-02
    vertex   -8.676703087985531e-03    4.968025982379914e-01    5.972390063107014e-03
  endloop
endfacet
facet normal   -2.275102657677112e-01    5.705653372647338e-01    7.891097990028294e-01
  outer loop
    vertex   -8.229734376072899e-03    4.959306120872498e-01    6.731745786964893e-03
    vertex   -8.676703087985531e-03    4.968025982379914e-01    5.972390063107014e-03
    vertex   -1.058403030037882e-02    4.966424107551575e-01    5.538307130336761e-03
  endloop
endfacet
facet normal   -5.025101152601668e-01    7.986500854370810e-01   -3.311217677721552e-01
  outer loop
    vertex    1.766574941575527e-02    5.060175061225891e-01    2.515093050897121e-02
    vertex    1.103390008211136e-02    5.007879137992859e-01    2.260188944637775e-02
    vertex    1.884156093001365e-02    5.072051286697388e-01    2.623100951313972e-02
  endloop
endfacet
facet normal   -1.847788895377345e-02    7.569711685335095e-01   -6.531869698859777e-01
  outer loop
    vertex    1.680227927863598e-02    5.021786093711853e-01    2.046352066099644e-02
    vertex    1.613209024071693e-02    5.021451115608215e-01    2.044365927577019e-02
    vertex    1.884156093001365e-02    5.072051286697388e-01    2.623100951313972e-02
  endloop
endfacet
facet normal    2.245271170943235e-01    7.853764649295525e-01   -5.768633997958886e-01
  outer loop
    vertex    1.697479933500290e-02    5.006666183471680e-01    1.875874958932400e-02
    vertex    1.576446928083896e-02    5.011128783226013e-01    1.889522932469845e-02
    vertex    1.613209024071693e-02    5.021451115608215e-01    2.044365927577019e-02
  endloop
endfacet
facet normal   -3.914675003612221e-01    8.058442975074315e-01   -4.442613693938409e-01
  outer loop
    vertex    1.613209024071693e-02    5.021451115608215e-01    2.044365927577019e-02
    vertex    1.576446928083896e-02    5.011128783226013e-01    1.889522932469845e-02
    vertex    1.437999960035086e-02    5.008854866027832e-01    1.970271021127701e-02
  endloop
endfacet
facet normal   -7.841887416489106e-01   -6.205074799580218e-01   -4.299393822766524e-03
  outer loop
    vertex    1.525210030376911e-02    4.869354069232941e-01    9.025565348565578e-03
    vertex    1.662470027804375e-02    4.852347970008851e-01    4.109460860490799e-03
    vertex    1.549820043146610e-02    4.866111874580384e-01    1.093086972832680e-02
  endloop
endfacet
facet normal   -1.494397517494511e-01   -9.765010884216696e-01    1.552848508656181e-01
  outer loop
    vertex   -1.086227968335153e-02    4.925026893615723e-01    6.292867008596659e-03
    vertex   -1.580101065337659e-02    4.930900931358338e-01    5.233895033597946e-03
    vertex   -1.191607024520637e-02    4.924922883510590e-01    5.213336087763309e-03
  endloop
endfacet
facet normal   -2.675591240684403e-01   -9.635368169466887e-01   -2.986221018625154e-03
  outer loop
    vertex   -1.612197840586306e-03    4.881026446819306e-01   -2.552134436861314e-23
    vertex   -2.058661077171565e-03    4.882166981697083e-01    3.201564075425267e-03
    vertex   -2.275033621117474e-03    4.882867038249970e-01    2.168152961592416e-19
  endloop
endfacet
facet normal   -3.104656652541818e-01   -8.517333379451477e-01    4.220916864036712e-01
  outer loop
    vertex   -8.479955606162564e-03    4.912446141242982e-01    5.506509914994240e-03
    vertex   -8.124276064336316e-03    4.918369054794312e-01    6.963303778320551e-03
    vertex   -1.086227968335153e-02    4.925026893615723e-01    6.292867008596659e-03
  endloop
endfacet
facet normal    8.816650479141457e-01    4.691350308429134e-01    5.078450671775558e-02
  outer loop
    vertex    1.812844909727573e-02    4.967845976352692e-01    2.128447033464909e-02
    vertex    1.758801937103271e-02    4.977588057518006e-01    2.166732028126717e-02
    vertex    1.812292076647282e-02    4.964247047901154e-01    2.470505051314831e-02
  endloop
endfacet
facet normal   -7.994818112220331e-01   -5.897867668296120e-01    1.139315724363098e-01
  outer loop
    vertex    1.662470027804375e-02    4.852347970008851e-01    4.109460860490799e-03
    vertex    1.596603915095329e-02    4.861527979373932e-01    4.239690024405718e-03
    vertex    1.630781963467598e-02    4.848926067352295e-01    1.144347988883965e-04
  endloop
endfacet
facet normal   -4.364534655563378e-02   -9.689134870219006e-01    2.435194825698757e-01
  outer loop
    vertex    1.488971989601850e-02    4.934935867786408e-01    1.893438026309013e-02
    vertex    1.822873950004578e-02    4.941537082195283e-01    2.215931005775928e-02
    vertex    1.570427045226097e-02    4.941953122615815e-01    2.187239006161690e-02
  endloop
endfacet
facet normal    6.437119547908220e-01    7.608758206542104e-01    8.187126970531587e-02
  outer loop
    vertex    2.408274076879024e-02    5.038242936134338e-01    1.204553991556168e-02
    vertex    2.519199997186660e-02    5.026494860649109e-01    1.424214988946915e-02
    vertex    2.689315006136894e-02    5.012807846069336e-01    1.358698960393667e-02
  endloop
endfacet
facet normal    5.225844499088319e-01    8.259435444909814e-01    2.114775497000991e-01
  outer loop
    vertex    2.392143942415714e-02    4.926823973655701e-01    2.314355969429016e-02
    vertex    2.272989973425865e-02    4.942159950733185e-01    2.009839005768299e-02
    vertex    2.254764921963215e-02    4.934644103050232e-01    2.348412945866585e-02
  endloop
endfacet
facet normal    9.794988843837928e-01   -1.688498385573172e-01    1.098711404786225e-01
  outer loop
    vertex    3.449505940079689e-02    4.868130981922150e-01    5.888535175472498e-03
    vertex    3.469115123152733e-02    4.867719113826752e-01    4.077084828168154e-03
    vertex    3.501357883214951e-02    4.907425940036774e-01    7.304789964109659e-03
  endloop
endfacet
facet normal    9.179069752010079e-01   -3.289331345377321e-01    2.219229097694025e-01
  outer loop
    vertex    3.393374010920525e-02    4.820874035358430e-01    3.482291940599680e-03
    vertex    3.341031074523926e-02    4.835165143013001e-01    7.765497080981731e-03
    vertex    3.256523981690407e-02    4.817256927490235e-01    8.606491610407829e-03
  endloop
endfacet
facet normal    8.463030001453996e-01   -2.959046412733730e-01    4.429578707030413e-01
  outer loop
    vertex    3.256523981690407e-02    4.817256927490235e-01    8.606491610407829e-03
    vertex    3.290146961808205e-02    4.836524128913880e-01    9.251187555491924e-03
    vertex    3.074136935174465e-02    4.842798113822938e-01    1.379732973873615e-02
  endloop
endfacet
facet normal    4.786324848455652e-01   -2.340162534929589e-02    8.777034284891287e-01
  outer loop
    vertex    2.991735935211182e-02    4.833143055438996e-01    1.441686972975731e-02
    vertex    3.018726967275143e-02    4.856370091438294e-01    1.433160994201899e-02
    vertex    2.658684924244881e-02    4.852265119552613e-01    1.628405973315239e-02
  endloop
endfacet
facet normal    5.557825472325764e-01    7.845012124850306e-01   -2.750701870453904e-01
  outer loop
    vertex    3.029021061956882e-02    4.962225854396821e-01    1.046152971684933e-02
    vertex    2.384446002542973e-02    4.991996884346009e-01    5.928523838520050e-03
    vertex    2.870729938149452e-02    4.975154101848603e-01    1.095038000494242e-02
  endloop
endfacet
facet normal    5.849338151849667e-01    8.109927221196834e-01   -1.196814614153754e-02
  outer loop
    vertex    3.171662986278534e-02    4.951513111591340e-01    7.584325969219208e-03
    vertex    3.029021061956882e-02    4.962225854396821e-01    1.046152971684933e-02
    vertex    3.171164914965630e-02    4.952018857002259e-01    1.076795998960733e-02
  endloop
endfacet
facet normal    3.276268082371369e-01    4.560763223601004e-01    8.274388573827265e-01
  outer loop
    vertex    2.267527021467686e-02    4.963097870349885e-01    1.858544908463955e-02
    vertex    2.231132984161377e-02    4.949024915695191e-01    1.950524002313614e-02
    vertex    2.476559951901436e-02    4.963792860507966e-01    1.771946996450424e-02
  endloop
endfacet
facet normal    9.081400357088245e-01    3.885206969155339e-01    1.559914857004800e-01
  outer loop
    vertex    1.908094994723797e-02    4.959507882595063e-01    3.152059018611908e-02
    vertex    2.035178989171982e-02    4.953818917274476e-01    2.553902938961983e-02
    vertex    1.861847937107086e-02    4.969497025012971e-01    3.172501921653748e-02
  endloop
endfacet
facet normal   -8.835146769569066e-01    4.628591104235542e-01   -7.185582439614295e-02
  outer loop
    vertex    1.641473919153214e-02    4.883004128932953e-01    1.170775969512761e-03
    vertex    1.691189967095852e-02    4.896559119224549e-01    3.789304057136178e-03
    vertex    2.073767967522144e-02    4.969142973423005e-01    3.503690939396620e-03
  endloop
endfacet
facet normal    2.621787150990306e-02    2.305172467621418e-01   -9.727149747786820e-01
  outer loop
    vertex    1.469097007066011e-02    4.888963103294373e-01    1.026988029479980e-02
    vertex    1.256460044533014e-02    4.890643060207367e-01    1.025237981230021e-02
    vertex    1.628359965980053e-02    4.915874004364014e-01    1.095055043697357e-02
  endloop
endfacet
facet normal   -9.126153605712126e-02   -1.562962669643741e-01   -9.834850324074567e-01
  outer loop
    vertex    1.387559995055198e-02    4.875021874904633e-01    1.037898007780313e-02
    vertex    8.134283125400541e-03    4.907208979129792e-01    1.040021982043982e-02
    vertex    1.256460044533014e-02    4.890643060207367e-01    1.025237981230021e-02
  endloop
endfacet
facet normal   -4.982538966770038e-01    2.803790423108157e-01    8.204453955499119e-01
  outer loop
    vertex   -8.705861982889482e-04    4.952344894409180e-01    1.075438968837261e-02
    vertex   -4.138034128118315e-04    4.915856122970582e-01    1.227875985205173e-02
    vertex    1.349269994534551e-03    4.960078895092011e-01    1.183819957077503e-02
  endloop
endfacet
facet normal   -4.725590981641441e-01    9.523289990856176e-02    8.761384556776952e-01
  outer loop
    vertex   -8.915307931602017e-03    4.926944971084595e-01    7.387313991785049e-03
    vertex   -1.871422049589456e-03    4.910368919372559e-01    1.136672031134367e-02
    vertex   -8.859396912157551e-03    4.934329092502595e-01    7.337207905948162e-03
  endloop
endfacet
facet normal   -7.523494951197620e-01    6.465564972277797e-01    1.262336448241242e-01
  outer loop
    vertex    5.036966875195502e-03    4.951153099536896e-01    2.193487063050270e-02
    vertex    8.330056443810461e-03    4.990476071834565e-01    2.142076008021832e-02
    vertex    6.677269935607909e-03    4.972982108592988e-01    2.053043060004711e-02
  endloop
endfacet
facet normal   -8.536736809914100e-02   -9.960074986909933e-01    2.610507642464649e-02
  outer loop
    vertex   -6.633144803345218e-03    4.917438924312592e-01    8.290718309581280e-03
    vertex   -8.124276064336316e-03    4.918369054794312e-01    6.963303778320551e-03
    vertex   -5.544537212699666e-03    4.916462898254395e-01    8.126713335514069e-03
  endloop
endfacet
facet normal    5.797670808639237e-01    7.972633241598404e-01    1.680515513053243e-01
  outer loop
    vertex    2.254764921963215e-02    4.934644103050232e-01    2.348412945866585e-02
    vertex    2.150456979870796e-02    4.949196875095368e-01    2.017861977219582e-02
    vertex    1.812292076647282e-02    4.964247047901154e-01    2.470505051314831e-02
  endloop
endfacet
facet normal   -3.429258893638162e-01   -7.821170427655637e-01    5.202833514727193e-01
  outer loop
    vertex    7.207555230706929e-03    4.910989105701447e-01    1.089129969477654e-02
    vertex    9.242754429578779e-03    4.904789030551911e-01    1.130069978535175e-02
    vertex    9.304986335337160e-03    4.913513064384461e-01    1.265315990895033e-02
  endloop
endfacet
facet normal    6.465830589149543e-01   -3.969060612967941e-02    7.618103462865542e-01
  outer loop
    vertex    2.923391014337540e-02    4.950115978717805e-01    1.449172012507915e-02
    vertex    2.485728077590466e-02    4.900462925434113e-01    1.794767007231712e-02
    vertex    2.629444003105164e-02    4.899739921092988e-01    1.672412082552910e-02
  endloop
endfacet
facet normal   -2.328314256021633e-01    7.975422556293634e-01    5.565212284699402e-01
  outer loop
    vertex   -6.908860057592407e-03    4.974772930145264e-01    6.052542012184858e-03
    vertex   -3.669613972306252e-03    4.980545938014985e-01    6.580422166734934e-03
    vertex   -7.091029081493631e-03    4.979932904243470e-01    5.236859899014235e-03
  endloop
endfacet
facet normal    7.977180599468331e-01   -3.807445102576597e-01    4.676318153668715e-01
  outer loop
    vertex    3.256523981690407e-02    4.817256927490235e-01    8.606491610407829e-03
    vertex    3.074136935174465e-02    4.842798113822938e-01    1.379732973873615e-02
    vertex    2.991735935211182e-02    4.833143055438996e-01    1.441686972975731e-02
  endloop
endfacet
facet normal    5.984572835555180e-01    7.842031419746098e-01   -1.639338643371168e-01
  outer loop
    vertex    3.171164914965630e-02    4.952018857002259e-01    1.076795998960733e-02
    vertex    3.029021061956882e-02    4.962225854396821e-01    1.046152971684933e-02
    vertex    2.998710982501507e-02    4.968965053558350e-01    1.257883012294769e-02
  endloop
endfacet
facet normal   -1.753175527411931e-01    5.699921369156550e-01    8.027282974675579e-01
  outer loop
    vertex    2.267527021467686e-02    4.963097870349885e-01    1.858544908463955e-02
    vertex    1.936458051204681e-02    4.955311119556428e-01    1.841530017554760e-02
    vertex    2.231132984161377e-02    4.949024915695191e-01    1.950524002313614e-02
  endloop
endfacet
facet normal    5.091406151366793e-01    5.497416949825498e-01   -6.622385543110255e-01
  outer loop
    vertex    1.810749992728233e-02    4.987432956695557e-01    2.684436924755573e-02
    vertex    1.875793002545833e-02    5.032051801681519e-01    3.104835934937000e-02
    vertex    1.953385025262833e-02    4.969598054885865e-01    2.646045014262199e-02
  endloop
endfacet
facet normal   -6.556189514271850e-01    7.249753102235741e-01    2.111269525563972e-01
  outer loop
    vertex    1.944334059953690e-02    4.987773895263672e-01    1.343481987714767e-02
    vertex    2.000576071441174e-02    4.983395934104920e-01    1.668464019894600e-02
    vertex    2.314955927431583e-02    5.015100836753845e-01    1.556023024022579e-02
  endloop
endfacet
facet normal   -1.384547604273885e-01    7.765512160050202e-01   -6.146531446564956e-01
  outer loop
    vertex    2.450810931622982e-02    4.977527856826783e-01    1.005845027975738e-03
    vertex    2.200727909803391e-02    4.986622929573060e-01    2.718243049457669e-03
    vertex    2.234397083520889e-02    4.992547035217286e-01    3.390850964933634e-03
  endloop
endfacet
facet normal   -6.302458843634317e-01    4.579365762534454e-01    6.269642871585496e-01
  outer loop
    vertex    1.469097007066011e-02    4.888963103294373e-01    1.026988029479980e-02
    vertex    1.751499064266682e-02    4.918893873691559e-01    1.092252973467112e-02
    vertex    1.611679978668690e-02    4.910160899162293e-01    1.015487965196371e-02
  endloop
endfacet
facet normal    7.714168018240943e-01   -4.855672760157866e-01   -4.112669915348116e-01
  outer loop
    vertex    8.546253411622335e-06    4.888660907745362e-01    2.388687105849385e-03
    vertex    1.478131976909935e-03    4.906812012195588e-01    3.002169076353312e-03
    vertex    5.733081139624118e-03    4.926115870475770e-01    8.704078383743763e-03
  endloop
endfacet
facet normal   -4.278337357930641e-02    8.845126223334440e-02    9.951612719325956e-01
  outer loop
    vertex   -2.529658004641534e-02    4.927980899810792e-01    5.356450099498034e-03
    vertex   -2.200640924274923e-02    4.927507936954499e-01    5.502102896571159e-03
    vertex   -2.551073953509332e-02    4.941791892051697e-01    5.224489141255617e-03
  endloop
endfacet
facet normal   -6.795393364396817e-01    6.684403564367462e-01    3.023471185869526e-01
  outer loop
    vertex    5.657710134983062e-03    4.953626096248627e-01    2.425598911941051e-02
    vertex    7.107694167643785e-03    4.965651929378510e-01    2.485617995262146e-02
    vertex    9.019725024700163e-03    4.994517862796784e-01    2.277177013456821e-02
  endloop
endfacet
facet normal   -5.347799856419738e-01    4.677620909329446e-01    7.037108733299563e-01
  outer loop
    vertex    1.671084947884082e-02    5.040971040725708e-01    2.963802032172680e-02
    vertex    1.809326000511646e-02    5.034477114677429e-01    3.112022951245308e-02
    vertex    1.687089912593364e-02    5.055485963821411e-01    2.879483066499233e-02
  endloop
endfacet
facet normal   -4.514906713606227e-01   -1.943003949171301e-01    8.708636691293199e-01
  outer loop
    vertex   -2.759286947548391e-02    4.936951994895936e-01    5.377931054681540e-03
    vertex   -2.973140962421895e-02    4.957587122917176e-01    4.729621112346649e-03
    vertex   -3.067575022578241e-02    4.953331947326661e-01    4.145098850131035e-03
  endloop
endfacet
facet normal   -3.991271417819072e-01   -7.219701879151622e-01    5.652048942239891e-01
  outer loop
    vertex    9.242754429578779e-03    4.904789030551911e-01    1.130069978535175e-02
    vertex    1.429308019578457e-02    4.876748025417328e-01    1.128521002829075e-02
    vertex    1.076970994472503e-02    4.910225868225098e-01    1.307346019893885e-02
  endloop
endfacet
facet normal   -3.503104806338809e-01   -7.045124580609821e-01    6.172072290527164e-01
  outer loop
    vertex    2.139504998922348e-02    4.888364970684052e-01    1.690072938799858e-02
    vertex    1.590980961918831e-02    4.907698929309846e-01    1.599433086812496e-02
    vertex    1.592696085572243e-02    4.876484870910645e-01    1.244113035500050e-02
  endloop
endfacet
facet normal    5.102926982583968e-01    8.599344823185132e-01   -1.067933629752108e-02
  outer loop
    vertex    3.496988117694855e-02    4.931603968143464e-01    4.985891864635050e-04
    vertex    3.488381206989288e-02    4.932052791118622e-01   -4.660983985034884e-23
    vertex    3.392366319894791e-02    4.937750399112702e-01    5.416405358740663e-20
  endloop
endfacet
facet normal    6.494851511468637e-01    5.769410768566838e-02    7.581823186926020e-01
  outer loop
    vertex    2.933841943740845e-02    4.967047870159150e-01    1.427335012704134e-02
    vertex    2.923391014337540e-02    4.950115978717805e-01    1.449172012507915e-02
    vertex    3.221730142831802e-02    4.926210939884186e-01    1.211795024573803e-02
  endloop
endfacet
facet normal    9.238119393668441e-01   -3.010722423423106e-01    2.364889121592033e-01
  outer loop
    vertex    2.384150959551334e-02    4.916464984416962e-01    2.288117073476315e-02
    vertex    2.406040020287037e-02    4.898903071880341e-01    1.979031041264534e-02
    vertex    2.570828050374985e-02    4.938808977603913e-01    1.843347959220409e-02
  endloop
endfacet
facet normal    6.037960762822118e-01    4.649003050970436e-01   -6.475322421214881e-01
  outer loop
    vertex    1.265909988433122e-02    5.011824965476990e-01    1.274842023849487e-02
    vertex    1.449606008827686e-02    4.984273910522461e-01    1.248325966298580e-02
    vertex    1.167092006653547e-02    5.017712712287903e-01    1.224969979375601e-02
  endloop
endfacet
facet normal    9.734510879993769e-02    5.605393455743641e-01    8.223865100156931e-01
  outer loop
    vertex   -1.630128920078279e-02    4.992032051086426e-01    3.644445911049843e-03
    vertex   -1.400138996541502e-02    4.995194077491761e-01    3.156685037538409e-03
    vertex   -2.060627005994322e-02    5.003777742385864e-01    3.353435080498457e-03
  endloop
endfacet
facet normal   -2.298094740684192e-01    8.399524667603936e-01    4.915968462180434e-01
  outer loop
    vertex    8.764304802753023e-04    4.977313876152039e-01    9.257823228836060e-03
    vertex   -3.669613972306252e-03    4.980545938014985e-01    6.580422166734934e-03
    vertex   -6.908860057592407e-03    4.974772930145264e-01    6.052542012184858e-03
  endloop
endfacet
facet normal   -3.306720054465646e-01   -9.306740772397444e-01    1.565304659416091e-01
  outer loop
    vertex    1.930117979645729e-02    4.840553104877472e-01    5.965449847280979e-03
    vertex    2.669019997119904e-02    4.818080961704255e-01    8.213689550757408e-03
    vertex    1.803652942180634e-02    4.855056107044221e-01    1.191683020442724e-02
  endloop
endfacet
facet normal    2.146648521123409e-01   -9.755013380840227e-01    4.812629908758854e-02
  outer loop
    vertex    5.902219098061322e-03    4.912717044353486e-01    1.183431968092918e-02
    vertex    7.842851802706717e-03    4.917989075183869e-01    1.386442966759205e-02
    vertex    4.192729014903306e-03    4.910021126270295e-01    1.399489026516676e-02
  endloop
endfacet
facet normal   -9.437702897953074e-01    2.797611937481277e-01    1.761570735800981e-01
  outer loop
    vertex   -2.947961911559106e-02    4.995000958442689e-01    4.076384007930756e-03
    vertex   -2.942351996898653e-02    5.004242062568665e-01    2.909325994551182e-03
    vertex   -3.077757917344572e-02    4.959279000759125e-01    2.795627107843757e-03
  endloop
endfacet
facet normal   -2.235562948961253e-01   -9.725109883104325e-01    6.515336236743692e-02
  outer loop
    vertex    2.364232018589973e-02    4.823034107685090e-01    1.249470980837941e-03
    vertex    2.583621069788933e-02    4.817153811454774e-01    1.083788353857094e-19
    vertex    2.834809385240078e-02    4.811379611492158e-01    5.416727531957307e-20
  endloop
endfacet
facet normal   -6.948255285884307e-01    5.544366407516341e-01    4.580583982570902e-01
  outer loop
    vertex    1.682223938405514e-02    4.882324039936066e-01    2.083470026263967e-04
    vertex    1.963377743959427e-02    4.919279813766480e-01    1.351472924626722e-20
    vertex    1.697063818573952e-02    4.885905086994172e-01   -3.625906760252273e-23
  endloop
endfacet
facet normal    7.400760707575865e-01   -6.552609364585942e-01    1.513952266203196e-01
  outer loop
    vertex    3.258007019758224e-02    4.808695912361146e-01    4.828661214560270e-03
    vertex    3.393374010920525e-02    4.820874035358430e-01    3.482291940599680e-03
    vertex    3.256523981690407e-02    4.817256927490235e-01    8.606491610407829e-03
  endloop
endfacet
facet normal    9.597855223357126e-01   -2.092809846864221e-01    1.871181994447496e-01
  outer loop
    vertex    3.393374010920525e-02    4.820874035358430e-01    3.482291940599680e-03
    vertex    3.449505940079689e-02    4.868130981922150e-01    5.888535175472498e-03
    vertex    3.341031074523926e-02    4.835165143013001e-01    7.765497080981731e-03
  endloop
endfacet
facet normal    6.503260186657787e-01    7.520481144126112e-01    1.072366684243476e-01
  outer loop
    vertex    3.420529887080193e-02    4.935184121131898e-01    7.451630197465420e-03
    vertex    3.350372985005379e-02    4.941132962703705e-01    7.534317206591368e-03
    vertex    3.171164914965630e-02    4.952018857002259e-01    1.076795998960733e-02
  endloop
endfacet
facet normal    8.450001896434514e-01    5.095742432860919e-01   -1.621997844694570e-01
  outer loop
    vertex    2.998710982501507e-02    4.968965053558350e-01    1.257883012294769e-02
    vertex    2.898875065147877e-02    4.986382126808167e-01    1.284957956522703e-02
    vertex    2.949411049485207e-02    4.980319142341614e-01    1.357754040509462e-02
  endloop
endfacet
facet normal    6.971190316069780e-01   -1.228333270856728e-01    7.063547476505083e-01
  outer loop
    vertex    2.923391014337540e-02    4.950115978717805e-01    1.449172012507915e-02
    vertex    2.668002061545849e-02    4.949049949645997e-01    1.699367910623550e-02
    vertex    2.485728077590466e-02    4.900462925434113e-01    1.794767007231712e-02
  endloop
endfacet
facet normal    6.979179480950626e-01    4.907029408435308e-02    7.144946773526397e-01
  outer loop
    vertex    2.923391014337540e-02    4.950115978717805e-01    1.449172012507915e-02
    vertex    2.933841943740845e-02    4.967047870159150e-01    1.427335012704134e-02
    vertex    2.668002061545849e-02    4.949049949645997e-01    1.699367910623550e-02
  endloop
endfacet
facet normal    8.971320270202412e-01   -2.456164957244332e-01    3.671875040392886e-01
  outer loop
    vertex    2.485728077590466e-02    4.900462925434113e-01    1.794767007231712e-02
    vertex    2.570828050374985e-02    4.938808977603913e-01    1.843347959220409e-02
    vertex    2.406040020287037e-02    4.898903071880341e-01    1.979031041264534e-02
  endloop
endfacet
facet normal    7.476083005692502e-01    1.866917826148761e-01    6.373601864127043e-01
  outer loop
    vertex    2.668002061545849e-02    4.949049949645997e-01    1.699367910623550e-02
    vertex    2.565650083124638e-02    4.948776960372925e-01    1.820223964750767e-02
    vertex    2.570828050374985e-02    4.938808977603913e-01    1.843347959220409e-02
  endloop
endfacet
facet normal   -6.746760612420342e-01    4.528288092181094e-01    5.828878810963942e-01
  outer loop
    vertex    2.519199997186660e-02    5.026494860649109e-01    1.424214988946915e-02
    vertex    2.408274076879024e-02    5.038242936134338e-01    1.204553991556168e-02
    vertex    2.296027913689613e-02    5.020449161529541e-01    1.212866976857185e-02
  endloop
endfacet
facet normal    5.471119408726650e-01    5.695917066550570e-01   -6.133790115942386e-01
  outer loop
    vertex    1.812292076647282e-02    4.964247047901154e-01    2.470505051314831e-02
    vertex    1.810749992728233e-02    4.987432956695557e-01    2.684436924755573e-02
    vertex    1.953385025262833e-02    4.969598054885865e-01    2.646045014262199e-02
  endloop
endfacet
facet normal    8.848608924120545e-01    3.893557107408235e-01   -2.557798498577449e-01
  outer loop
    vertex    1.697479933500290e-02    5.006666183471680e-01    1.875874958932400e-02
    vertex    1.680227927863598e-02    5.021786093711853e-01    2.046352066099644e-02
    vertex    1.709597930312156e-02    5.014250278472900e-01    2.033244073390961e-02
  endloop
endfacet
facet normal    7.328859655660976e-01   -6.149959210545532e-02    6.775662046229219e-01
  outer loop
    vertex    1.923233084380626e-02    5.068923830986023e-01    2.622791007161140e-02
    vertex    1.719129085540771e-02    5.060456991195679e-01    2.835874073207378e-02
    vertex    1.775055006146431e-02    5.054110884666443e-01    2.769622020423412e-02
  endloop
endfacet
facet normal    9.990685374037206e-01   -3.981934169922519e-02    1.662761548240698e-02
  outer loop
    vertex    1.775055006146431e-02    5.054110884666443e-01    2.769622020423412e-02
    vertex    1.771893911063671e-02    5.049334764480591e-01    2.845178917050362e-02
    vertex    1.761133037507534e-02    5.006011724472046e-01    2.454257011413574e-02
  endloop
endfacet
facet normal    8.497821592811819e-01    4.287945513822706e-01    3.066031873159336e-01
  outer loop
    vertex    1.775055006146431e-02    5.054110884666443e-01    2.769622020423412e-02
    vertex    1.719129085540771e-02    5.060456991195679e-01    2.835874073207378e-02
    vertex    1.771893911063671e-02    5.049334764480591e-01    2.845178917050362e-02
  endloop
endfacet
facet normal   -1.913080400716318e-01    9.812046564958956e-01    2.527164171007438e-02
  outer loop
    vertex    2.000576071441174e-02    4.983395934104920e-01    1.668464019894600e-02
    vertex    1.896511949598789e-02    4.981457889080048e-01    1.633162982761860e-02
    vertex    1.932347938418388e-02    4.981960952281952e-01    1.709122955799103e-02
  endloop
endfacet
facet normal    2.483735810248107e-01    1.870164950159224e-01   -9.504395797949868e-01
  outer loop
    vertex    1.398503966629505e-02    4.974308013916016e-01    1.215361990034580e-02
    vertex    1.108083035796881e-02    4.993788897991181e-01    1.177799981087446e-02
    vertex    1.449606008827686e-02    4.984273910522461e-01    1.248325966298580e-02
  endloop
endfacet
facet normal    7.843567266686743e-01   -2.682406814649649e-01   -5.593133845500337e-01
  outer loop
    vertex    6.789340171962976e-03    4.931310117244721e-01    9.631202556192875e-03
    vertex    6.656990852206945e-03    4.940761923789979e-01    8.992303162813187e-03
    vertex    1.066600997000933e-02    5.010914802551270e-01    1.124992035329342e-02
  endloop
endfacet
facet normal    7.090632962830994e-01   -3.240477410397744e-01   -6.262765390713313e-01
  outer loop
    vertex    6.789340171962976e-03    4.931310117244721e-01    9.631202556192875e-03
    vertex    5.733081139624118e-03    4.926115870475770e-01    8.704078383743763e-03
    vertex    6.656990852206945e-03    4.940761923789979e-01    8.992303162813187e-03
  endloop
endfacet
facet normal    8.753835159892169e-01   -1.824726578992201e-01   -4.476688832759661e-01
  outer loop
    vertex    4.584182985126971e-03    4.990507066249848e-01    1.280560973100364e-04
    vertex    5.020943004637956e-03    5.010958909988403e-01    1.484780950704589e-04
    vertex    5.668751895427703e-03    5.014562010765076e-01    1.268355990760028e-03
  endloop
endfacet
facet normal   -5.075219648021539e-01    7.199740182150692e-01    4.733485695960306e-01
  outer loop
    vertex   -2.741722017526628e-02    5.032637119293213e-01    7.415174040943384e-04
    vertex   -2.942351996898653e-02    5.004242062568665e-01    2.909325994551182e-03
    vertex   -2.889947034418584e-02    4.998478889465333e-01    4.347801208496094e-03
  endloop
endfacet
facet normal    4.003932924552548e-02    7.416525548535882e-01    6.695881868676550e-01
  outer loop
    vertex   -1.057863980531694e-02    4.980314970016480e-01    4.600062035024166e-03
    vertex   -1.400138996541502e-02    4.995194077491761e-01    3.156685037538409e-03
    vertex   -1.630128920078279e-02    4.992032051086426e-01    3.644445911049843e-03
  endloop
endfacet
facet normal   -4.040577504040598e-01    8.849737787396981e-01    2.314276242836849e-01
  outer loop
    vertex    1.081219967454672e-02    5.020666122436523e-01    1.231488026678562e-02
    vertex    9.932681918144226e-03    5.022953748703003e-01    9.904515929520130e-03
    vertex    9.182061068713663e-03    5.010272264480591e-01    1.344334986060858e-02
  endloop
endfacet
facet normal   -6.065347449971045e-02    2.976472296258660e-01    9.527472291889177e-01
  outer loop
    vertex   -1.837036944925786e-02    4.983310997486115e-01    4.169526975601912e-03
    vertex   -2.138306945562364e-02    4.936127066612244e-01    5.451804026961327e-03
    vertex   -1.610326021909715e-02    4.980641901493073e-01    4.397240001708269e-03
  endloop
endfacet
facet normal   -3.371521276478959e-01    8.189523819767171e-02    9.378814492157543e-01
  outer loop
    vertex   -1.105097960680725e-02    4.930734038352967e-01    6.586491130292416e-03
    vertex   -6.633144803345218e-03    4.917438924312592e-01    8.290718309581280e-03
    vertex   -8.915307931602017e-03    4.926944971084595e-01    7.387313991785049e-03
  endloop
endfacet
facet normal   -5.218675740189518e-01   -3.070841628373865e-01    7.958351287308416e-01
  outer loop
    vertex   -8.915307931602017e-03    4.926944971084595e-01    7.387313991785049e-03
    vertex   -1.186963054351509e-03    4.904797971248627e-01    1.160059031099081e-02
    vertex   -1.871422049589456e-03    4.910368919372559e-01    1.136672031134367e-02
  endloop
endfacet
facet normal   -5.866552129818171e-01    7.382324532284805e-01    3.329391927687667e-01
  outer loop
    vertex    1.349269994534551e-03    4.960078895092011e-01    1.183819957077503e-02
    vertex    3.623354947194456e-03    4.968738853931428e-01    1.392505969852209e-02
    vertex    4.194717854261397e-03    4.977236092090607e-01    1.304772030562162e-02
  endloop
endfacet
facet normal   -7.332313377431358e-01    3.661756894705820e-01    5.729634977833715e-01
  outer loop
    vertex   -4.138034128118315e-04    4.915856122970582e-01    1.227875985205173e-02
    vertex    3.389515914022914e-04    4.907642006874085e-01    1.376703009009361e-02
    vertex    2.516923937946557e-03    4.952735900878907e-01    1.367230992764235e-02
  endloop
endfacet
facet normal   -7.579358687856284e-01    6.382718283123657e-01    1.346933257105364e-01
  outer loop
    vertex    4.473759792745113e-03    4.942691028118134e-01    2.277556061744690e-02
    vertex    5.657710134983062e-03    4.953626096248627e-01    2.425598911941051e-02
    vertex    5.036966875195502e-03    4.951153099536896e-01    2.193487063050270e-02
  endloop
endfacet
facet normal   -6.263687353204392e-01    5.597092444736919e-01    5.425751275756775e-01
  outer loop
    vertex    7.107694167643785e-03    4.965651929378510e-01    2.485617995262146e-02
    vertex    6.581590045243501e-03    4.957239925861359e-01    2.511659078299999e-02
    vertex    1.276076026260853e-02    4.992468953132630e-01    2.861589938402176e-02
  endloop
endfacet
facet normal   -4.985743305086378e-01   -3.023874020698264e-01    8.123949138364449e-01
  outer loop
    vertex    3.267703112214803e-03    4.914548099040986e-01    2.358607016503811e-02
    vertex    3.364912001416086e-03    4.911721050739289e-01    2.354050055146217e-02
    vertex    1.484716031700373e-02    4.965429902076722e-01    3.258639946579933e-02
  endloop
endfacet
facet normal   -5.171211665193070e-01    2.539681096146007e-01    8.173652172905923e-01
  outer loop
    vertex    1.809326000511646e-02    5.034477114677429e-01    3.112022951245308e-02
    vertex    1.444489974528551e-02    4.990778863430024e-01    3.016979992389679e-02
    vertex    1.754076033830643e-02    4.983608126640320e-01    3.235125914216042e-02
  endloop
endfacet
facet normal   -6.825228703584572e-01    4.219309414976022e-01    5.967719933480455e-01
  outer loop
    vertex    1.687089912593364e-02    5.055485963821411e-01    2.879483066499233e-02
    vertex    1.448552031069994e-02    5.007809996604919e-01    2.943748980760574e-02
    vertex    1.671084947884082e-02    5.040971040725708e-01    2.963802032172680e-02
  endloop
endfacet
facet normal    7.613316155627122e-01    5.630498139288241e-01    3.214795144008201e-01
  outer loop
    vertex    1.088733039796352e-02    5.001587271690369e-01    1.873740926384926e-02
    vertex    1.371052954345941e-02    4.991196095943451e-01    1.387142017483711e-02
    vertex    1.265909988433122e-02    5.011824965476990e-01    1.274842023849487e-02
  endloop
endfacet
facet normal    1.359837627712450e-01   -9.361846686327090e-01    3.241399118893547e-01
  outer loop
    vertex    3.185113146901131e-02    4.811094999313355e-01    8.756940253078938e-03
    vertex    2.903709001839161e-02    4.826540052890778e-01    1.439835038036108e-02
    vertex    3.035596944391727e-02    4.807497859001160e-01    8.345263078808784e-03
  endloop
endfacet
facet normal   -2.538774835723578e-01   -3.575165497177996e-01    8.987369693146305e-01
  outer loop
    vertex    2.593930065631866e-02    4.839437901973725e-01    1.619591936469078e-02
    vertex    2.351173013448715e-02    4.877428114414216e-01    1.702141948044300e-02
    vertex    2.458916977047920e-02    4.838126897811890e-01    1.576237939298153e-02
  endloop
endfacet
facet normal   -5.044159430305941e-01   -4.463966797774394e-01    7.391174201033518e-01
  outer loop
    vertex    2.145097032189369e-02    4.873102903366089e-01    1.573310047388077e-02
    vertex    1.700120046734810e-02    4.864313006401063e-01    1.216544955968857e-02
    vertex    2.458916977047920e-02    4.838126897811890e-01    1.576237939298153e-02
  endloop
endfacet
facet normal    2.986916426121326e-01   -5.917730617508313e-01    7.487242122568983e-01
  outer loop
    vertex    2.490014955401421e-02    4.889337122440339e-01    1.740879006683826e-02
    vertex    2.356538921594620e-02    4.891541004180909e-01    1.811546087265015e-02
    vertex    2.351173013448715e-02    4.877428114414216e-01    1.702141948044300e-02
  endloop
endfacet
facet normal   -4.291071487125408e-01   -6.830820142327009e-01    5.909873236843493e-01
  outer loop
    vertex    1.592696085572243e-02    4.876484870910645e-01    1.244113035500050e-02
    vertex    1.429308019578457e-02    4.876748025417328e-01    1.128521002829075e-02
    vertex    1.549820043146610e-02    4.866111874580384e-01    1.093086972832680e-02
  endloop
endfacet
facet normal    3.257331265909199e-01   -9.776178997746691e-02    9.403938338067224e-01
  outer loop
    vertex    1.817500032484531e-02    4.963194131851197e-01    3.261230885982513e-02
    vertex    1.744111068546772e-02    4.970844984054566e-01    3.294605016708374e-02
    vertex    1.597861014306545e-02    4.965107142925263e-01    3.339298069477081e-02
  endloop
endfacet
facet normal    7.532025828087641e-02   -9.922037332361416e-01   -9.929053552461731e-02
  outer loop
    vertex    6.432612892240285e-03    4.912573099136353e-01    1.023089978843927e-02
    vertex    3.787230933085083e-03    4.910160899162293e-01    1.063464954495430e-02
    vertex    4.520855844020843e-03    4.912342131137848e-01    9.011475369334221e-03
  endloop
endfacet
facet normal   -2.638778908041665e-01   -9.629673917587401e-01    5.533770101940921e-02
  outer loop
    vertex    9.383608121424905e-04    4.902811050415040e-01    1.332050003111362e-02
    vertex    7.376132998615418e-05    4.905078113079072e-01    1.314271986484528e-02
    vertex   -1.977446954697379e-04    4.904677867889405e-01    1.115155033767223e-02
  endloop
endfacet
facet normal   -1.034245329547597e-01   -9.739527753492495e-01   -2.017903797820506e-01
  outer loop
    vertex   -1.977446954697379e-04    4.904677867889405e-01    1.115155033767223e-02
    vertex   -1.186963054351509e-03    4.904797971248627e-01    1.160059031099081e-02
    vertex   -6.633144803345218e-03    4.917438924312592e-01    8.290718309581280e-03
  endloop
endfacet
facet normal   -4.158509682091530e-01   -8.934775223766533e-01    1.696050979398524e-01
  outer loop
    vertex   -1.049845013767482e-02    4.921377897262574e-01    5.262645892798901e-03
    vertex   -8.479955606162564e-03    4.912446141242982e-01    5.506509914994240e-03
    vertex   -1.086227968335153e-02    4.925026893615723e-01    6.292867008596659e-03
  endloop
endfacet
facet normal   -1.917539712804751e-01   -9.434281413585677e-01   -2.705064816060515e-01
  outer loop
    vertex    9.383608121424905e-04    4.902811050415040e-01    1.332050003111362e-02
    vertex    8.466515282634560e-05    4.899108111858368e-01    1.521710958331823e-02
    vertex    7.376132998615418e-05    4.905078113079072e-01    1.314271986484528e-02
  endloop
endfacet
facet normal    1.577114721697168e-01   -9.750128962163906e-01    1.564510906251103e-01
  outer loop
    vertex    4.275871906429528e-03    4.910435974597931e-01    2.306427992880344e-02
    vertex    3.129160031676292e-03    4.908626973628998e-01    2.309284918010235e-02
    vertex    1.296064001508056e-03    4.901238083839417e-01    2.033591084182262e-02
  endloop
endfacet
facet normal   -2.775009458943301e-01   -8.657312796380908e-01    4.165364047522689e-01
  outer loop
    vertex    3.129160031676292e-03    4.908626973628998e-01    2.309284918010235e-02
    vertex    2.358325989916920e-03    4.909108877182007e-01    2.267947047948837e-02
    vertex    1.296064001508056e-03    4.901238083839417e-01    2.033591084182262e-02
  endloop
endfacet
facet normal   -5.767495703804015e-01    1.787042963668564e-01    7.971353131846870e-01
  outer loop
    vertex   -3.067575022578241e-02    4.953331947326661e-01    4.145098850131035e-03
    vertex   -2.888673916459085e-02    4.987232089042664e-01    4.679514095187187e-03
    vertex   -2.947961911559106e-02    4.995000958442689e-01    4.076384007930756e-03
  endloop
endfacet
facet normal   -3.043752665483002e-01   -9.512639519241498e-01    4.952363964108302e-02
  outer loop
    vertex    2.023342065513134e-02    4.836508035659791e-01    3.925175871700048e-03
    vertex    2.669019997119904e-02    4.818080961704255e-01    8.213689550757408e-03
    vertex    1.930117979645729e-02    4.840553104877472e-01    5.965449847280979e-03
  endloop
endfacet
facet normal    4.504372254946000e-01    7.249230091168193e-01    5.211457922134102e-01
  outer loop
    vertex    2.150456979870796e-02    4.949196875095368e-01    2.017861977219582e-02
    vertex    2.272989973425865e-02    4.942159950733185e-01    2.009839005768299e-02
    vertex    2.231132984161377e-02    4.949024915695191e-01    1.950524002313614e-02
  endloop
endfacet
facet normal    1.507004503363532e-01    9.762539242201038e-01    1.556202098484262e-01
  outer loop
    vertex    2.150456979870796e-02    4.949196875095368e-01    2.017861977219582e-02
    vertex    2.231132984161377e-02    4.949024915695191e-01    1.950524002313614e-02
    vertex    1.936458051204681e-02    4.955311119556428e-01    1.841530017554760e-02
  endloop
endfacet
facet normal   -1.505831237016824e-01   -8.870504640007512e-01    4.364243315539315e-01
  outer loop
    vertex    8.902849629521368e-03    4.917649030685425e-01    1.335505954921246e-02
    vertex    9.304986335337160e-03    4.913513064384461e-01    1.265315990895033e-02
    vertex    1.488971989601850e-02    4.934935867786408e-01    1.893438026309013e-02
  endloop
endfacet
facet normal   -2.775479338604880e-01   -8.066065720930684e-01    5.218744889971573e-01
  outer loop
    vertex    1.488971989601850e-02    4.934935867786408e-01    1.893438026309013e-02
    vertex    9.304986335337160e-03    4.913513064384461e-01    1.265315990895033e-02
    vertex    1.815336011350155e-02    4.932180047035218e-01    2.024414017796516e-02
  endloop
endfacet
facet normal    2.445348478974821e-01   -9.439447524590298e-01    2.217453775590744e-01
  outer loop
    vertex    1.398051995784044e-02    4.948149919509888e-01    2.841665036976337e-02
    vertex    1.315306033939123e-02    4.950887858867646e-01    3.049466013908386e-02
    vertex    4.275871906429528e-03    4.910435974597931e-01    2.306427992880344e-02
  endloop
endfacet
facet normal    2.599022157968099e-01   -9.630187440523433e-01   -7.103335010933522e-02
  outer loop
    vertex    3.086928045377134e-03    4.907267093658448e-01    1.514066010713577e-02
    vertex    8.466515282634560e-05    4.899108111858368e-01    1.521710958331823e-02
    vertex    9.383608121424905e-04    4.902811050415040e-01    1.332050003111362e-02
  endloop
endfacet
facet normal   -2.593008462630081e-01   -8.446023761792572e-01    4.684121019782051e-01
  outer loop
    vertex    1.815336011350155e-02    4.932180047035218e-01    2.024414017796516e-02
    vertex    1.865552924573421e-02    4.936138093471528e-01    2.123581059277058e-02
    vertex    1.488971989601850e-02    4.934935867786408e-01    1.893438026309013e-02
  endloop
endfacet
facet normal   -3.998265277042719e-02   -9.768529747104338e-01    2.101419836130234e-01
  outer loop
    vertex    1.822873950004578e-02    4.941537082195283e-01    2.215931005775928e-02
    vertex    1.733166910707951e-02    4.946511983871461e-01    2.430123090744019e-02
    vertex    1.570427045226097e-02    4.941953122615815e-01    2.187239006161690e-02
  endloop
endfacet
facet normal   -4.692825330978007e-01   -8.394921774694519e-01    2.739101825360090e-01
  outer loop
    vertex    1.822873950004578e-02    4.941537082195283e-01    2.215931005775928e-02
    vertex    1.865552924573421e-02    4.936138093471528e-01    2.123581059277058e-02
    vertex    2.260391041636467e-02    4.914836883544922e-01    2.147196978330612e-02
  endloop
endfacet
facet normal   -2.427133368493010e-01   -9.449828889358303e-01    2.193115950741547e-01
  outer loop
    vertex    2.140891924500465e-02    4.925763905048371e-01    2.680555917322636e-02
    vertex    2.117327041924000e-02    4.929541945457459e-01    2.817266993224621e-02
    vertex    1.871694996953011e-02    4.939666092395783e-01    2.981659956276417e-02
  endloop
endfacet
facet normal   -5.396421890691981e-01    8.170039940687258e-01    2.032013323094935e-01
  outer loop
    vertex    9.932681918144226e-03    5.022953748703003e-01    9.904515929520130e-03
    vertex    3.534789895638823e-03    4.976029098033906e-01    1.178043987601995e-02
    vertex    4.194717854261397e-03    4.977236092090607e-01    1.304772030562162e-02
  endloop
endfacet
facet normal   -1.045034518884691e-01    9.689852096538414e-01   -2.239345708359819e-01
  outer loop
    vertex   -3.995555918663741e-03    5.012823939323425e-01    1.573360059410334e-04
    vertex   -3.550085937604309e-03    5.012940764427185e-01    1.897109786107932e-19
    vertex   -3.674989566206933e-03    5.012806057929993e-01   -2.432940108561618e-23
  endloop
endfacet
facet normal    1.912035387588252e-01    8.967401342921663e-01   -3.991219592001546e-01
  outer loop
    vertex    5.668751895427703e-03    5.014562010765076e-01    1.268355990760028e-03
    vertex    5.020943004637956e-03    5.010958909988403e-01    1.484780950704589e-04
    vertex    3.543520113453268e-03    5.014966726303101e-01    3.411723009776324e-04
  endloop
endfacet
facet normal    8.569875811523855e-01   -9.841714215684831e-02    5.058521047502543e-01
  outer loop
    vertex    3.373907878994942e-02    4.908235073089600e-01    9.991893544793129e-03
    vertex    3.074136935174465e-02    4.842798113822938e-01    1.379732973873615e-02
    vertex    3.424498066306114e-02    4.899232089519501e-01    8.959662169218063e-03
  endloop
endfacet
facet normal    4.970016015965030e-01    8.410847527369699e-01    2.134615813768395e-01
  outer loop
    vertex    2.150456979870796e-02    4.949196875095368e-01    2.017861977219582e-02
    vertex    2.254764921963215e-02    4.934644103050232e-01    2.348412945866585e-02
    vertex    2.272989973425865e-02    4.942159950733185e-01    2.009839005768299e-02
  endloop
endfacet
facet normal    6.038790677810868e-01    4.289916715147659e-01    6.717858418177721e-01
  outer loop
    vertex    2.519199997186660e-02    5.026494860649109e-01    1.424214988946915e-02
    vertex    2.424265071749687e-02    5.010818839073181e-01    1.609658077359200e-02
    vertex    2.689315006136894e-02    5.012807846069336e-01    1.358698960393667e-02
  endloop
endfacet
facet normal    9.177381155780777e-01    1.515537779207344e-01   -3.671351299088004e-01
  outer loop
    vertex    1.810749992728233e-02    4.987432956695557e-01    2.684436924755573e-02
    vertex    1.759679056704044e-02    4.978316128253937e-01    2.519139088690281e-02
    vertex    1.851967908442020e-02    5.024849176406860e-01    2.941925078630447e-02
  endloop
endfacet
facet normal   -3.581150753270806e-01    9.041769355760183e-01    2.328468638308027e-01
  outer loop
    vertex    2.314955927431583e-02    5.015100836753845e-01    1.556023024022579e-02
    vertex    2.339880913496017e-02    5.015044808387756e-01    1.596532948315144e-02
    vertex    2.426419034600258e-02    5.022794008255005e-01    1.428715046495199e-02
  endloop
endfacet
facet normal    3.413799729565793e-02    9.382134090653058e-01   -3.443692730060259e-01
  outer loop
    vertex    1.404787972569465e-02    4.989748895168305e-01    1.532191038131714e-02
    vertex    1.531533990055322e-02    4.988228082656861e-01    1.503321994096041e-02
    vertex    1.472197007387876e-02    4.983546137809754e-01    1.369883026927710e-02
  endloop
endfacet
facet normal    3.069116122588274e-01    9.137786014301013e-01   -2.661088683774657e-01
  outer loop
    vertex    1.576446928083896e-02    5.011128783226013e-01    1.889522932469845e-02
    vertex    1.697479933500290e-02    5.006666183471680e-01    1.875874958932400e-02
    vertex    1.661645062267780e-02    5.005425810813904e-01    1.791952922940254e-02
  endloop
endfacet
facet normal   -5.852920397925467e-01    6.463250456726956e-01   -4.895887697769097e-01
  outer loop
    vertex    1.560973003506660e-02    4.977472126483918e-01    1.234847959131002e-02
    vertex    2.111697010695934e-02    5.018900036811829e-01    1.123376004397869e-02
    vertex    1.984854973852634e-02    5.003198981285095e-01    1.067737024277449e-02
  endloop
endfacet
facet normal    5.952243821655612e-01    8.011129779968678e-01   -6.265725305673711e-02
  outer loop
    vertex    1.371052954345941e-02    4.991196095943451e-01    1.387142017483711e-02
    vertex    1.472197007387876e-02    4.983546137809754e-01    1.369883026927710e-02
    vertex    1.449606008827686e-02    4.984273910522461e-01    1.248325966298580e-02
  endloop
endfacet
facet normal   -2.015316662439487e-01    8.570973292492705e-01    4.740982553170864e-01
  outer loop
    vertex   -3.669613972306252e-03    4.980545938014985e-01    6.580422166734934e-03
    vertex    3.332153894007205e-03    5.010182857513428e-01    4.198859911412001e-03
    vertex   -7.091029081493631e-03    4.979932904243470e-01    5.236859899014235e-03
  endloop
endfacet
facet normal   -3.262883845676870e-01    7.188442254914922e-01    6.138394493462814e-01
  outer loop
    vertex    1.349269994534551e-03    4.960078895092011e-01    1.183819957077503e-02
    vertex    2.244235947728156e-03    4.975151121616364e-01    1.054887007921934e-02
    vertex    1.522475067758924e-04    4.969117939472199e-01    1.014338992536068e-02
  endloop
endfacet
facet normal   -3.277862818394565e-01    8.117943783536810e-01    4.832660144384510e-01
  outer loop
    vertex    1.522475067758924e-04    4.969117939472199e-01    1.014338992536068e-02
    vertex    2.244235947728156e-03    4.975151121616364e-01    1.054887007921934e-02
    vertex    8.764304802753023e-04    4.977313876152039e-01    9.257823228836060e-03
  endloop
endfacet
facet normal   -2.292858364492717e-01    5.454229327899168e-01    8.061896982662354e-01
  outer loop
    vertex   -8.676703087985531e-03    4.968025982379914e-01    5.972390063107014e-03
    vertex   -1.057863980531694e-02    4.980314970016480e-01    4.600062035024166e-03
    vertex   -1.058403030037882e-02    4.966424107551575e-01    5.538307130336761e-03
  endloop
endfacet
facet normal   -3.358164522946325e-01    8.905692476713048e-02    9.377079366835221e-01
  outer loop
    vertex   -8.915307931602017e-03    4.926944971084595e-01    7.387313991785049e-03
    vertex   -8.859396912157551e-03    4.934329092502595e-01    7.337207905948162e-03
    vertex   -1.105097960680725e-02    4.930734038352967e-01    6.586491130292416e-03
  endloop
endfacet
facet normal   -2.845282025277798e-01    7.837610149128813e-01   -5.520528719869510e-01
  outer loop
    vertex    1.884156093001365e-02    5.072051286697388e-01    2.623100951313972e-02
    vertex    1.613209024071693e-02    5.021451115608215e-01    2.044365927577019e-02
    vertex    1.766574941575527e-02    5.060175061225891e-01    2.515093050897121e-02
  endloop
endfacet
facet normal   -1.611898479039306e-01   -8.299862030814426e-01    5.339857073247916e-01
  outer loop
    vertex   -2.058661077171565e-03    4.882166981697083e-01    3.201564075425267e-03
    vertex    7.683575968258074e-04    4.906297028064728e-01    7.805521134287119e-03
    vertex   -6.222113966941848e-03    4.912630021572114e-01    6.679716985672712e-03
  endloop
endfacet
facet normal   -1.130463399782909e-01   -9.460886921913645e-01    3.035402963778387e-01
  outer loop
    vertex   -6.222113966941848e-03    4.912630021572114e-01    6.679716985672712e-03
    vertex    2.913719974458217e-03    4.909928143024445e-01    9.240006096661091e-03
    vertex   -5.544537212699666e-03    4.916462898254395e-01    8.126713335514069e-03
  endloop
endfacet
facet normal    1.776702993029784e-01   -9.539121665855328e-01    2.418363975618331e-01
  outer loop
    vertex    2.803455106914043e-03    4.906629920005799e-01    8.020046167075634e-03
    vertex    4.520855844020843e-03    4.912342131137848e-01    9.011475369334221e-03
    vertex    2.913719974458217e-03    4.909928143024445e-01    9.240006096661091e-03
  endloop
endfacet
facet normal   -4.220933226679865e-02   -6.788935674018132e-01    7.330224392268158e-01
  outer loop
    vertex   -2.200640924274923e-02    4.927507936954499e-01    5.502102896571159e-03
    vertex   -2.529658004641534e-02    4.927980899810792e-01    5.356450099498034e-03
    vertex   -2.345325984060766e-02    4.922339916229249e-01    4.940149839967489e-03
  endloop
endfacet
facet normal    8.957828667111187e-02   -9.559249702210463e-01    2.796125567011611e-01
  outer loop
    vertex    2.117327041924000e-02    4.929541945457459e-01    2.817266993224621e-02
    vertex    2.140891924500465e-02    4.925763905048371e-01    2.680555917322636e-02
    vertex    2.330460958182812e-02    4.918262958526612e-01    2.363386005163193e-02
  endloop
endfacet
facet normal    2.565710015791831e-01   -9.664037893165814e-01    1.533092114673212e-02
  outer loop
    vertex    4.192729014903306e-03    4.910021126270295e-01    1.399489026516676e-02
    vertex    1.071397028863430e-02    4.928036928176880e-01    1.842335984110832e-02
    vertex    3.086928045377134e-03    4.907267093658448e-01    1.514066010713577e-02
  endloop
endfacet
facet normal   -1.630367421860736e-01   -9.855894509495173e-01   -4.508275584279249e-02
  outer loop
    vertex    6.432612892240285e-03    4.912573099136353e-01    1.023089978843927e-02
    vertex    7.207555230706929e-03    4.910989105701447e-01    1.089129969477654e-02
    vertex    5.902219098061322e-03    4.912717044353486e-01    1.183431968092918e-02
  endloop
endfacet
facet normal    9.083036178885104e-01   -4.182984381755656e-01   -3.309735718395264e-03
  outer loop
    vertex    6.306192954070857e-04    4.898400902748108e-01    1.950168050825596e-03
    vertex    5.371156730689100e-04    4.896524846553803e-01   -2.676328255428169e-23
    vertex    1.155224745161831e-03    4.909946620464326e-01    2.168133140524783e-19
  endloop
endfacet
facet normal   -5.179289068120962e-01    7.184405612839797e-01   -4.643197253944603e-01
  outer loop
    vertex    2.298530936241150e-02    4.999453127384186e-01    6.598973181098700e-03
    vertex    2.156722918152809e-02    5.010340809822083e-01    9.865429252386093e-03
    vertex    2.337302081286907e-02    5.030214786529541e-01    1.092624012380838e-02
  endloop
endfacet
facet normal    7.439654088357969e-01    3.064896844228785e-01    5.937840885356812e-01
  outer loop
    vertex    1.932347938418388e-02    4.981960952281952e-01    1.709122955799103e-02
    vertex    1.697479933500290e-02    5.006666183471680e-01    1.875874958932400e-02
    vertex    1.936458051204681e-02    4.955311119556428e-01    1.841530017554760e-02
  endloop
endfacet
facet normal    9.393849567738745e-01   -3.463930079867520e-02   -3.411099849419906e-01
  outer loop
    vertex    1.709597930312156e-02    5.014250278472900e-01    2.033244073390961e-02
    vertex    1.898509077727794e-02    5.058537125587463e-01    2.508514933288097e-02
    vertex    1.778417080640792e-02    5.001314282417297e-01    2.235901914536953e-02
  endloop
endfacet
facet normal    8.142975380761258e-01   -3.775433591872591e-01    4.408860753264505e-01
  outer loop
    vertex    1.923233084380626e-02    5.068923830986023e-01    2.622791007161140e-02
    vertex    1.775055006146431e-02    5.054110884666443e-01    2.769622020423412e-02
    vertex    1.786758005619049e-02    5.010486841201782e-01    2.374441921710968e-02
  endloop
endfacet
facet normal   -5.653520501790276e-01    6.568218472091466e-01    4.989610409512298e-01
  outer loop
    vertex    2.111697010695934e-02    5.018900036811829e-01    1.123376004397869e-02
    vertex    1.944334059953690e-02    4.987773895263672e-01    1.343481987714767e-02
    vertex    2.426419034600258e-02    5.022794008255005e-01    1.428715046495199e-02
  endloop
endfacet
facet normal   -5.992754278396595e-01    3.110694980002972e-01    7.376345497612189e-01
  outer loop
    vertex    1.611679978668690e-02    4.910160899162293e-01    1.015487965196371e-02
    vertex    1.751499064266682e-02    4.918893873691559e-01    1.092252973467112e-02
    vertex    1.892860047519207e-02    4.963208138942719e-01    1.020220015197992e-02
  endloop
endfacet
facet normal    1.951508308368429e-01    1.028662732948561e-01   -9.753638721226647e-01
  outer loop
    vertex    7.898502051830290e-03    4.920459985733033e-01    1.036791969090700e-02
    vertex    1.108083035796881e-02    4.993788897991181e-01    1.177799981087446e-02
    vertex    1.398503966629505e-02    4.974308013916016e-01    1.215361990034580e-02
  endloop
endfacet
facet normal    7.964525151185403e-01   -3.670785997732450e-01   -4.805379201997125e-01
  outer loop
    vertex    1.478131976909935e-03    4.906812012195588e-01    3.002169076353312e-03
    vertex    4.782600793987512e-03    4.949173033237458e-01    5.243137013167143e-03
    vertex    6.656990852206945e-03    4.940761923789979e-01    8.992303162813187e-03
  endloop
endfacet
facet normal   -5.549422761920977e-01    8.247654653369282e-01    1.086323951788499e-01
  outer loop
    vertex    9.182061068713663e-03    5.010272264480591e-01    1.344334986060858e-02
    vertex    4.194717854261397e-03    4.977236092090607e-01    1.304772030562162e-02
    vertex    7.863763719797133e-03    4.996181130409241e-01    1.740726083517075e-02
  endloop
endfacet
facet normal    1.671058895548770e-02    2.191398192646933e-01    9.755503553530173e-01
  outer loop
    vertex   -2.551073953509332e-02    4.941791892051697e-01    5.224489141255617e-03
    vertex   -1.837036944925786e-02    4.983310997486115e-01    4.169526975601912e-03
    vertex   -2.312684990465642e-02    4.992494881153107e-01    4.044703207910061e-03
  endloop
endfacet
facet normal   -8.243903091916519e-01    5.390422317280233e-01    1.726675723017055e-01
  outer loop
    vertex    1.296064001508056e-03    4.901238083839417e-01    2.033591084182262e-02
    vertex    3.389515914022914e-04    4.907642006874085e-01    1.376703009009361e-02
    vertex    8.466515282634560e-05    4.899108111858368e-01    1.521710958331823e-02
  endloop
endfacet
facet normal   -5.918768662787458e-01    6.565962323093862e-01    4.675073933973345e-01
  outer loop
    vertex    7.107694167643785e-03    4.965651929378510e-01    2.485617995262146e-02
    vertex    1.133379992097616e-02    5.000026822090149e-01    2.537872083485126e-02
    vertex    9.784160181879996e-03    4.998883008956910e-01    2.357747964560986e-02
  endloop
endfacet
facet normal   -6.025610803714945e-01    6.764159897167068e-01    4.235345951361062e-01
  outer loop
    vertex    7.107694167643785e-03    4.965651929378510e-01    2.485617995262146e-02
    vertex    1.276076026260853e-02    4.992468953132630e-01    2.861589938402176e-02
    vertex    1.133379992097616e-02    5.000026822090149e-01    2.537872083485126e-02
  endloop
endfacet
facet normal   -9.818841184295039e-02    7.551396649455864e-01    6.481690537241243e-01
  outer loop
    vertex    1.597861014306545e-02    4.965107142925263e-01    3.339298069477081e-02
    vertex    1.744111068546772e-02    4.970844984054566e-01    3.294605016708374e-02
    vertex    1.444489974528551e-02    4.990778863430024e-01    3.016979992389679e-02
  endloop
endfacet
facet normal   -6.928150274681999e-01    7.135824755460831e-01   -1.039585893890497e-01
  outer loop
    vertex    1.747890003025531e-02    5.060797929763794e-01    2.667604014277458e-02
    vertex    1.368658989667892e-02    5.022785067558289e-01    2.585685066878796e-02
    vertex    1.719129085540771e-02    5.060456991195679e-01    2.835874073207378e-02
  endloop
endfacet
facet normal   -3.342618854262700e-01   -9.307523493365510e-01    1.482196213588675e-01
  outer loop
    vertex    2.299609966576099e-02    4.838266074657441e-01    1.255816966295242e-02
    vertex    1.803652942180634e-02    4.855056107044221e-01    1.191683020442724e-02
    vertex    2.669019997119904e-02    4.818080961704255e-01    8.213689550757408e-03
  endloop
endfacet
facet normal   -3.310901370481411e-01   -9.376751106333464e-01    1.055684993176698e-01
  outer loop
    vertex    2.349516935646534e-02    4.838855862617493e-01    1.464723981916904e-02
    vertex    1.803652942180634e-02    4.855056107044221e-01    1.191683020442724e-02
    vertex    2.299609966576099e-02    4.838266074657441e-01    1.255816966295242e-02
  endloop
endfacet
facet normal    9.094961798262639e-02    1.849293547230965e-01    9.785342614086200e-01
  outer loop
    vertex   -2.312684990465642e-02    4.992494881153107e-01    4.044703207910061e-03
    vertex   -2.888673916459085e-02    4.987232089042664e-01    4.679514095187187e-03
    vertex   -2.551073953509332e-02    4.941791892051697e-01    5.224489141255617e-03
  endloop
endfacet
facet normal    8.747371140233564e-01   -4.486260243283682e-01   -1.832202817523542e-01
  outer loop
    vertex    6.034499034285544e-03    5.014061927795410e-01    3.136968007311225e-03
    vertex    5.362918134778737e-03    5.005872249603271e-01    1.935973996296525e-03
    vertex    5.668751895427703e-03    5.014562010765076e-01    1.268355990760028e-03
  endloop
endfacet
facet normal   -5.210434088437342e-01    4.094401906310552e-01   -7.489142116400959e-01
  outer loop
    vertex    1.739498972892761e-02    4.893650114536286e-01    6.362848798744380e-04
    vertex    2.127343043684959e-02    4.965110123157502e-01    1.844733022153378e-03
    vertex    2.211008034646511e-02    4.956839978694916e-01    8.105105953291059e-04
  endloop
endfacet
facet normal    7.814162687609155e-01   -2.310373205739493e-01    5.796640159763057e-01
  outer loop
    vertex    2.392143942415714e-02    4.926823973655701e-01    2.314355969429016e-02
    vertex    2.143383026123047e-02    4.938494861125947e-01    2.696214988827705e-02
    vertex    2.330460958182812e-02    4.918262958526612e-01    2.363386005163193e-02
  endloop
endfacet
facet normal    4.869840371982979e-01    8.343768411532856e-01   -2.581895320517698e-01
  outer loop
    vertex    2.254764921963215e-02    4.934644103050232e-01    2.348412945866585e-02
    vertex    1.812292076647282e-02    4.964247047901154e-01    2.470505051314831e-02
    vertex    2.035178989171982e-02    4.953818917274476e-01    2.553902938961983e-02
  endloop
endfacet
facet normal    8.943847544151978e-02   -9.951627508501960e-01   -4.064306128931829e-02
  outer loop
    vertex   -2.108112908899785e-02    4.924815893173218e-01    1.423190988134593e-04
    vertex   -2.099226973950864e-02    4.924953877925873e-01   -1.432295419891600e-23
    vertex   -2.093423902988435e-02    4.925006031990052e-01   -1.435648609351738e-23
  endloop
endfacet
facet normal    9.876722692513481e-01   -1.469978517807186e-01   -5.380632048139273e-02
  outer loop
    vertex    1.759679056704044e-02    4.978316128253937e-01    2.519139088690281e-02
    vertex    1.762825064361095e-02    4.986222088336945e-01    2.360898070037365e-02
    vertex    1.851967908442020e-02    5.024849176406860e-01    2.941925078630447e-02
  endloop
endfacet
facet normal   -5.849997018049186e-01    8.107276813423797e-01   -2.227050949945349e-02
  outer loop
    vertex    2.314955927431583e-02    5.015100836753845e-01    1.556023024022579e-02
    vertex    2.426419034600258e-02    5.022794008255005e-01    1.428715046495199e-02
    vertex    1.944334059953690e-02    4.987773895263672e-01    1.343481987714767e-02
  endloop
endfacet
facet normal    3.453450009567248e-01    7.295297016618230e-01   -5.903585729939148e-01
  outer loop
    vertex    1.661645062267780e-02    5.005425810813904e-01    1.791952922940254e-02
    vertex    1.896511949598789e-02    4.981457889080048e-01    1.633162982761860e-02
    vertex    1.531533990055322e-02    4.988228082656861e-01    1.503321994096041e-02
  endloop
endfacet
facet normal    8.237358909528211e-01    5.297875173604955e-01    2.019514010973054e-01
  outer loop
    vertex    1.371052954345941e-02    4.991196095943451e-01    1.387142017483711e-02
    vertex    1.449606008827686e-02    4.984273910522461e-01    1.248325966298580e-02
    vertex    1.265909988433122e-02    5.011824965476990e-01    1.274842023849487e-02
  endloop
endfacet
facet normal    2.790153394899138e-02    8.734791212600803e-01    4.860614458337662e-01
  outer loop
    vertex   -2.180982008576395e-02    5.008406043052673e-01    2.834747079759836e-03
    vertex   -2.212500013411047e-02    5.020192861557007e-01    7.346834172494709e-04
    vertex   -2.776183001697065e-02    5.005807876586914e-01    3.643316915258765e-03
  endloop
endfacet
facet normal   -2.091618844316876e-01    8.632757777875961e-01    4.593541526820089e-01
  outer loop
    vertex    8.764304802753023e-04    4.977313876152039e-01    9.257823228836060e-03
    vertex    3.332153894007205e-03    5.010182857513428e-01    4.198859911412001e-03
    vertex   -3.669613972306252e-03    4.980545938014985e-01    6.580422166734934e-03
  endloop
endfacet
facet normal   -3.832152053376122e-01    7.161287262460768e-01    5.833573123251506e-01
  outer loop
    vertex   -2.785350941121580e-02    5.035787224769592e-01    6.820661656092852e-05
    vertex   -2.942351996898653e-02    5.004242062568665e-01    2.909325994551182e-03
    vertex   -2.741722017526628e-02    5.032637119293213e-01    7.415174040943384e-04
  endloop
endfacet
facet normal    7.845748847330851e-01   -6.196439318781825e-01    2.199199701283502e-02
  outer loop
    vertex    6.306192954070857e-04    4.898400902748108e-01    1.950168050825596e-03
    vertex    1.340146991424254e-04    4.891420900821686e-01   -2.653035865130950e-23
    vertex    5.371156730689100e-04    4.896524846553803e-01   -2.676328255428169e-23
  endloop
endfacet
facet normal   -5.951530918215733e-02   -9.980455322266695e-01   -1.905370240494529e-02
  outer loop
    vertex    3.147475048899651e-02    4.804542958736420e-01    2.084142062813044e-03
    vertex    3.089255467057228e-02    4.805288016796113e-01    1.083759136776304e-19
    vertex    3.178364783525467e-02    4.804756641387940e-01    1.083753987771188e-19
  endloop
endfacet
facet normal    8.193233203580174e-01   -5.721463799413995e-01    3.684856357397921e-02
  outer loop
    vertex    3.393374010920525e-02    4.820874035358430e-01    3.482291940599680e-03
    vertex    3.304753825068474e-02    4.807189106941224e-01    1.938340952619910e-03
    vertex    3.392707929015160e-02    4.819534122943879e-01    1.549917040392756e-03
  endloop
endfacet
facet normal    9.032572832418052e-01   -2.693861808014907e-01    3.340020447000587e-01
  outer loop
    vertex    3.256523981690407e-02    4.817256927490235e-01    8.606491610407829e-03
    vertex    3.341031074523926e-02    4.835165143013001e-01    7.765497080981731e-03
    vertex    3.290146961808205e-02    4.836524128913880e-01    9.251187555491924e-03
  endloop
endfacet
facet normal    4.785760505096652e-01   -2.266881067524046e-02    8.777534328620655e-01
  outer loop
    vertex    2.658684924244881e-02    4.852265119552613e-01    1.628405973315239e-02
    vertex    3.018726967275143e-02    4.856370091438294e-01    1.433160994201899e-02
    vertex    2.775613963603973e-02    4.863285124301911e-01    1.567498967051506e-02
  endloop
endfacet
facet normal    7.627603056102832e-01    5.008175215134564e-01   -4.091192079705206e-01
  outer loop
    vertex    2.998710982501507e-02    4.968965053558350e-01    1.257883012294769e-02
    vertex    2.870729938149452e-02    4.975154101848603e-01    1.095038000494242e-02
    vertex    2.898875065147877e-02    4.986382126808167e-01    1.284957956522703e-02
  endloop
endfacet
facet normal    4.413366859000392e-01    8.972292586696529e-01   -1.419813600003563e-02
  outer loop
    vertex    2.465412952005863e-02    4.985885918140412e-01    5.266294814646244e-03
    vertex    3.171662986278534e-02    4.951513111591340e-01    7.584325969219208e-03
    vertex    3.008417971432209e-02    4.958761930465699e-01    2.648825990036130e-03
  endloop
endfacet
facet normal    5.024417990666548e-01    8.645548450215497e-01    9.856901157437139e-03
  outer loop
    vertex    3.171662986278534e-02    4.951513111591340e-01    7.584325969219208e-03
    vertex    3.350372985005379e-02    4.941132962703705e-01    7.534317206591368e-03
    vertex    3.248599916696548e-02    4.947645068168641e-01    2.293644007295370e-03
  endloop
endfacet
facet normal    5.420762531779320e-01    8.403288716799237e-01   -8.503891584669477e-04
  outer loop
    vertex    3.350372985005379e-02    4.941132962703705e-01    7.534317206591368e-03
    vertex    3.496988117694855e-02    4.931603968143464e-01    4.985891864635050e-04
    vertex    3.248599916696548e-02    4.947645068168641e-01    2.293644007295370e-03
  endloop
endfacet
facet normal   -9.536513481681382e-03    8.154106597064874e-01   -5.788043805532614e-01
  outer loop
    vertex    2.408274076879024e-02    5.038242936134338e-01    1.204553991556168e-02
    vertex    2.298530936241150e-02    4.999453127384186e-01    6.598973181098700e-03
    vertex    2.337302081286907e-02    5.030214786529541e-01    1.092624012380838e-02
  endloop
endfacet
facet normal    3.502415550941161e-01    3.401288243685798e-01    8.727217402579720e-01
  outer loop
    vertex    2.424265071749687e-02    5.010818839073181e-01    1.609658077359200e-02
    vertex    2.267527021467686e-02    4.963097870349885e-01    1.858544908463955e-02
    vertex    2.476559951901436e-02    4.963792860507966e-01    1.771946996450424e-02
  endloop
endfacet
facet normal   -2.194368887279103e-01    5.120980096720141e-01    8.304234343727159e-01
  outer loop
    vertex    2.029250934720039e-02    4.972806870937348e-01    1.741340942680836e-02
    vertex    2.314955927431583e-02    5.015100836753845e-01    1.556023024022579e-02
    vertex    2.000576071441174e-02    4.983395934104920e-01    1.668464019894600e-02
  endloop
endfacet
facet normal    9.455010524251285e-01   -2.948068259961296e-01    1.382631375640743e-01
  outer loop
    vertex    1.778417080640792e-02    5.001314282417297e-01    2.235901914536953e-02
    vertex    1.786758005619049e-02    5.010486841201782e-01    2.374441921710968e-02
    vertex    1.761133037507534e-02    5.006011724472046e-01    2.454257011413574e-02
  endloop
endfacet
facet normal   -5.180571553611467e-01    8.312399643064445e-01    2.016355760250095e-01
  outer loop
    vertex    1.944334059953690e-02    4.987773895263672e-01    1.343481987714767e-02
    vertex    1.826556026935577e-02    4.981107115745545e-01    1.315714977681637e-02
    vertex    2.000576071441174e-02    4.983395934104920e-01    1.668464019894600e-02
  endloop
endfacet
facet normal   -1.879689467159003e-01    9.064296893228747e-01   -3.782233379691843e-01
  outer loop
    vertex    2.309912070631981e-02    4.992072880268097e-01    4.773701075464487e-03
    vertex    2.161150053143501e-02    5.001686215400696e-01    7.816896773874760e-03
    vertex    2.298530936241150e-02    4.999453127384186e-01    6.598973181098700e-03
  endloop
endfacet
facet normal   -7.506834089475729e-01    6.026073334117394e-01   -2.708114127012441e-01
  outer loop
    vertex    2.161150053143501e-02    5.001686215400696e-01    7.816896773874760e-03
    vertex    2.076824009418487e-02    5.001283884048462e-01    1.006487011909485e-02
    vertex    2.156722918152809e-02    5.010340809822083e-01    9.865429252386093e-03
  endloop
endfacet
facet normal   -8.330868696459863e-01    4.884127819228802e-01   -2.596521174144444e-01
  outer loop
    vertex    2.200727909803391e-02    4.986622929573060e-01    2.718243049457669e-03
    vertex    1.641473919153214e-02    4.883004128932953e-01    1.170775969512761e-03
    vertex    2.073767967522144e-02    4.969142973423005e-01    3.503690939396620e-03
  endloop
endfacet
facet normal   -9.005127506233915e-01    3.564167716470423e-01   -2.490860711749925e-01
  outer loop
    vertex    1.691189967095852e-02    4.896559119224549e-01    3.789304057136178e-03
    vertex    1.598085090517998e-02    4.877190887928010e-01    4.383897874504328e-03
    vertex    1.526010967791080e-02    4.896253049373627e-01    9.717171080410480e-03
  endloop
endfacet
facet normal   -8.262282188784817e-01    5.488641572746091e-01   -1.268663359135306e-01
  outer loop
    vertex    1.526010967791080e-02    4.896253049373627e-01    9.717171080410480e-03
    vertex    1.469097007066011e-02    4.888963103294373e-01    1.026988029479980e-02
    vertex    1.611679978668690e-02    4.910160899162293e-01    1.015487965196371e-02
  endloop
endfacet
facet normal    7.122890131035138e-05    9.120038803968245e-01   -4.101815659772859e-01
  outer loop
    vertex    1.826556026935577e-02    4.981107115745545e-01    1.315714977681637e-02
    vertex    1.560973003506660e-02    4.977472126483918e-01    1.234847959131002e-02
    vertex    1.472197007387876e-02    4.983546137809754e-01    1.369883026927710e-02
  endloop
endfacet
facet normal    7.182624047090532e-01   -4.020760469086844e-02   -6.946095784731097e-01
  outer loop
    vertex    1.108083035796881e-02    4.993788897991181e-01    1.177799981087446e-02
    vertex    1.066600997000933e-02    5.010914802551270e-01    1.124992035329342e-02
    vertex    1.167092006653547e-02    5.017712712287903e-01    1.224969979375601e-02
  endloop
endfacet
facet normal    8.190328261091998e-01   -3.087272922307256e-01   -4.836038552239442e-01
  outer loop
    vertex    6.656990852206945e-03    4.940761923789979e-01    8.992303162813187e-03
    vertex    6.384813226759433e-03    4.950661063194275e-01    7.899392396211624e-03
    vertex    8.970909751951693e-03    5.005602240562439e-01    8.771829307079315e-03
  endloop
endfacet
facet normal    7.919205603843016e-01   -4.106245764243789e-01   -4.519394685982994e-01
  outer loop
    vertex    5.733081139624118e-03    4.926115870475770e-01    8.704078383743763e-03
    vertex    1.478131976909935e-03    4.906812012195588e-01    3.002169076353312e-03
    vertex    6.656990852206945e-03    4.940761923789979e-01    8.992303162813187e-03
  endloop
endfacet
facet normal    8.455030727567586e-01   -3.679096146951054e-01   -3.869975056428382e-01
  outer loop
    vertex    6.306192954070857e-04    4.898400902748108e-01    1.950168050825596e-03
    vertex    2.648002002388238e-03    4.944489896297455e-01    1.976124010980129e-03
    vertex    1.478131976909935e-03    4.906812012195588e-01    3.002169076353312e-03
  endloop
endfacet
facet normal    9.166866807524658e-01   -3.983607655494582e-01   -3.153140976671325e-02
  outer loop
    vertex    4.584182985126971e-03    4.990507066249848e-01    1.280560973100364e-04
    vertex    5.668751895427703e-03    5.014562010765076e-01    1.268355990760028e-03
    vertex    2.648002002388238e-03    4.944489896297455e-01    1.976124010980129e-03
  endloop
endfacet
facet normal   -4.544179718501659e-02   -3.242325662344848e-02   -9.984406719973531e-01
  outer loop
    vertex    1.256460044533014e-02    4.890643060207367e-01    1.025237981230021e-02
    vertex    8.134283125400541e-03    4.907208979129792e-01    1.040021982043982e-02
    vertex    7.898502051830290e-03    4.920459985733033e-01    1.036791969090700e-02
  endloop
endfacet
facet normal    1.958521151655426e-02    7.855461058340011e-01    6.184931164523078e-01
  outer loop
    vertex   -6.938766222447172e-03    5.008429288864136e-01    9.140112088061869e-04
    vertex   -8.386975154280678e-03    5.010250806808472e-01    7.285198080353439e-04
    vertex   -1.057863980531694e-02    4.980314970016480e-01    4.600062035024166e-03
  endloop
endfacet
facet normal   -1.736458100931330e-01    1.377859112213156e-03    9.848072065848049e-01
  outer loop
    vertex   -1.675589010119440e-02    4.942145943641663e-01    5.578977987170219e-03
    vertex   -1.649549975991250e-02    4.936228096485138e-01    5.625719204545021e-03
    vertex   -1.105097960680725e-02    4.930734038352967e-01    6.586491130292416e-03
  endloop
endfacet
facet normal   -8.474364450294344e-01    5.089881108430635e-01    1.509389765974445e-01
  outer loop
    vertex    7.376132998615418e-05    4.905078113079072e-01    1.314271986484528e-02
    vertex    8.466515282634560e-05    4.899108111858368e-01    1.521710958331823e-02
    vertex    3.389515914022914e-04    4.907642006874085e-01    1.376703009009361e-02
  endloop
endfacet
facet normal   -7.726366436687391e-01    6.249854335654228e-01    1.114711832329166e-01
  outer loop
    vertex    3.389515914022914e-04    4.907642006874085e-01    1.376703009009361e-02
    vertex    4.473759792745113e-03    4.942691028118134e-01    2.277556061744690e-02
    vertex    5.036966875195502e-03    4.951153099536896e-01    2.193487063050270e-02
  endloop
endfacet
facet normal   -6.089278510590922e-01    3.723468706434148e-01    7.004032268105367e-01
  outer loop
    vertex    6.581590045243501e-03    4.957239925861359e-01    2.511659078299999e-02
    vertex    1.078739017248154e-02    4.972626864910126e-01    2.795509994029999e-02
    vertex    1.276076026260853e-02    4.992468953132630e-01    2.861589938402176e-02
  endloop
endfacet
facet normal   -3.286363752161584e-01    8.745822368461789e-01   -3.565165408195231e-01
  outer loop
    vertex    1.404787972569465e-02    4.989748895168305e-01    1.532191038131714e-02
    vertex    1.011530030518770e-02    5.000793933868408e-01    2.165644988417625e-02
    vertex    1.437999960035086e-02    5.008854866027832e-01    1.970271021127701e-02
  endloop
endfacet
facet normal   -3.244599821397271e-01    8.808041080523323e-01   -3.448330657405453e-01
  outer loop
    vertex    1.437999960035086e-02    5.008854866027832e-01    1.970271021127701e-02
    vertex    1.011530030518770e-02    5.000793933868408e-01    2.165644988417625e-02
    vertex    1.103390008211136e-02    5.007879137992859e-01    2.260188944637775e-02
  endloop
endfacet
facet normal    6.099740427261865e-01    2.403363681619612e-01    7.550960848388706e-01
  outer loop
    vertex    2.933841943740845e-02    4.967047870159150e-01    1.427335012704134e-02
    vertex    2.644670009613037e-02    4.963403940200806e-01    1.672529056668282e-02
    vertex    2.668002061545849e-02    4.949049949645997e-01    1.699367910623550e-02
  endloop
endfacet
facet normal   -6.253345089186305e-01    7.784984070279308e-01    5.382362130579374e-02
  outer loop
    vertex    1.884156093001365e-02    5.072051286697388e-01    2.623100951313972e-02
    vertex    1.521455030888319e-02    5.043594837188721e-01    2.525068074464798e-02
    vertex    1.747890003025531e-02    5.060797929763794e-01    2.667604014277458e-02
  endloop
endfacet
facet normal   -7.626311959028880e-01    6.358143250708667e-01    1.188856722671377e-01
  outer loop
    vertex    1.687089912593364e-02    5.055485963821411e-01    2.879483066499233e-02
    vertex    1.368658989667892e-02    5.022785067558289e-01    2.585685066878796e-02
    vertex    1.243383996188640e-02    5.007185935974121e-01    2.616327069699764e-02
  endloop
endfacet
facet normal   -3.311303278295596e-01   -5.809682101726462e-01    7.435244748898857e-01
  outer loop
    vertex    2.356538921594620e-02    4.891541004180909e-01    1.811546087265015e-02
    vertex    2.139504998922348e-02    4.888364970684052e-01    1.690072938799858e-02
    vertex    2.145097032189369e-02    4.873102903366089e-01    1.573310047388077e-02
  endloop
endfacet
facet normal   -3.234395984800790e-01   -8.650498913309149e-01    3.835042524450253e-01
  outer loop
    vertex    1.748480089008808e-02    4.954187870025635e-01    3.220026940107346e-02
    vertex    1.597861014306545e-02    4.965107142925263e-01    3.339298069477081e-02
    vertex    1.671002991497517e-02    4.955281019210816e-01    3.179341927170753e-02
  endloop
endfacet
facet normal    2.760375747225865e-01   -9.608844481011806e-01    2.245739830350227e-02
  outer loop
    vertex    1.046156045049429e-02    4.927384853363038e-01    1.955135911703110e-02
    vertex    4.275871906429528e-03    4.910435974597931e-01    2.306427992880344e-02
    vertex    1.296064001508056e-03    4.901238083839417e-01    2.033591084182262e-02
  endloop
endfacet
facet normal    7.950719311433975e-02    2.828243353032667e-01    9.558708080087730e-01
  outer loop
    vertex   -2.312684990465642e-02    4.992494881153107e-01    4.044703207910061e-03
    vertex   -2.889947034418584e-02    4.998478889465333e-01    4.347801208496094e-03
    vertex   -2.888673916459085e-02    4.987232089042664e-01    4.679514095187187e-03
  endloop
endfacet
facet normal   -2.207742661271046e-01   -9.753027404040485e-01    6.579359877030317e-03
  outer loop
    vertex    2.812005020678043e-02    4.812223911285401e-01    3.375136060640216e-03
    vertex    3.147475048899651e-02    4.804542958736420e-01    2.084142062813044e-03
    vertex    3.035596944391727e-02    4.807497859001160e-01    8.345263078808784e-03
  endloop
endfacet
facet normal    1.757462076102949e-01   -9.813628873892545e-01    7.771842616538546e-02
  outer loop
    vertex    3.147475048899651e-02    4.804542958736420e-01    2.084142062813044e-03
    vertex    3.258007019758224e-02    4.808695912361146e-01    4.828661214560270e-03
    vertex    3.035596944391727e-02    4.807497859001160e-01    8.345263078808784e-03
  endloop
endfacet
facet normal   -2.783372972521380e-01   -9.598834933955953e-01    3.394153893156845e-02
  outer loop
    vertex    2.812005020678043e-02    4.812223911285401e-01    3.375136060640216e-03
    vertex    3.035596944391727e-02    4.807497859001160e-01    8.345263078808784e-03
    vertex    2.669019997119904e-02    4.818080961704255e-01    8.213689550757408e-03
  endloop
endfacet
facet normal   -5.445789495107365e-01    6.520488627331510e-01   -5.275092874615450e-01
  outer loop
    vertex    2.273152954876423e-02    4.957853853702546e-01    2.942759892903268e-04
    vertex    2.211008034646511e-02    4.956839978694916e-01    8.105105953291059e-04
    vertex    2.441756054759026e-02    4.970644116401673e-01    1.346781064057723e-04
  endloop
endfacet
facet normal   -8.801691303660789e-01    4.700444170423470e-01   -6.603444523837816e-02
  outer loop
    vertex    1.682223938405514e-02    4.882324039936066e-01    2.083470026263967e-04
    vertex    1.608262956142426e-02    4.868248105049134e-01    4.707168045570143e-05
    vertex    1.739498972892761e-02    4.893650114536286e-01    6.362848798744380e-04
  endloop
endfacet
facet normal   -7.628652854384600e-01    4.915495078565384e-01   -4.200186157766007e-01
  outer loop
    vertex    1.608262956142426e-02    4.868248105049134e-01    4.707168045570143e-05
    vertex    1.641473919153214e-02    4.883004128932953e-01    1.170775969512761e-03
    vertex    1.739498972892761e-02    4.893650114536286e-01    6.362848798744380e-04
  endloop
endfacet
facet normal   -3.267295990481960e-01   -7.873006945226489e-01    5.228818083563049e-01
  outer loop
    vertex    9.304986335337160e-03    4.913513064384461e-01    1.265315990895033e-02
    vertex    9.242754429578779e-03    4.904789030551911e-01    1.130069978535175e-02
    vertex    1.076970994472503e-02    4.910225868225098e-01    1.307346019893885e-02
  endloop
endfacet
facet normal    2.284584292691123e-01   -9.735377757768220e-01    5.562843823835448e-03
  outer loop
    vertex    1.570427045226097e-02    4.941953122615815e-01    2.187239006161690e-02
    vertex    1.015278045088053e-02    4.929035902023316e-01    2.380385994911194e-02
    vertex    1.360596995800733e-02    4.937027990818024e-01    2.185337990522385e-02
  endloop
endfacet
facet normal    1.967326149623595e-01   -9.588557337512087e-01    2.046752551299330e-01
  outer loop
    vertex    1.538849994540214e-02    4.959366023540497e-01    3.231779113411903e-02
    vertex    1.315306033939123e-02    4.950887858867646e-01    3.049466013908386e-02
    vertex    1.398051995784044e-02    4.948149919509888e-01    2.841665036976337e-02
  endloop
endfacet
facet normal    2.794287948344509e-01   -9.466737922455432e-01    1.604003731068242e-01
  outer loop
    vertex    1.398051995784044e-02    4.948149919509888e-01    2.841665036976337e-02
    vertex    4.275871906429528e-03    4.910435974597931e-01    2.306427992880344e-02
    vertex    1.015278045088053e-02    4.929035902023316e-01    2.380385994911194e-02
  endloop
endfacet
facet normal    2.266160273782766e-01   -9.691966061414530e-01    9.645265563569294e-02
  outer loop
    vertex    1.360596995800733e-02    4.937027990818024e-01    2.185337990522385e-02
    vertex    1.046156045049429e-02    4.927384853363038e-01    1.955135911703110e-02
    vertex    1.570427045226097e-02    4.941953122615815e-01    2.187239006161690e-02
  endloop
endfacet
facet normal   -3.441079059656840e-01   -7.235064118956326e-01    5.984381513555258e-01
  outer loop
    vertex    2.285463921725750e-02    4.899775981903077e-01    1.902979984879494e-02
    vertex    1.815336011350155e-02    4.932180047035218e-01    2.024414017796516e-02
    vertex    1.590980961918831e-02    4.907698929309846e-01    1.599433086812496e-02
  endloop
endfacet
facet normal   -7.411371967003244e-01   -6.027581277285472e-01    2.956320265538915e-01
  outer loop
    vertex    2.260391041636467e-02    4.914836883544922e-01    2.147196978330612e-02
    vertex    2.285463921725750e-02    4.899775981903077e-01    1.902979984879494e-02
    vertex    2.292479015886784e-02    4.917865991592408e-01    2.289400063455105e-02
  endloop
endfacet
facet normal   -3.968153686878538e-01   -7.655153792596422e-01    5.064817541531865e-01
  outer loop
    vertex    1.865552924573421e-02    4.936138093471528e-01    2.123581059277058e-02
    vertex    1.815336011350155e-02    4.932180047035218e-01    2.024414017796516e-02
    vertex    2.285463921725750e-02    4.899775981903077e-01    1.902979984879494e-02
  endloop
endfacet
facet normal   -2.880825074948184e-02    9.994493403967902e-01    1.646513495772196e-02
  outer loop
    vertex    6.229158025234937e-03    5.015122890472412e-01    4.092171788215637e-03
    vertex    3.543520113453268e-03    5.014966726303101e-01    3.411723009776324e-04
    vertex   -3.995555918663741e-03    5.012823939323425e-01    1.573360059410334e-04
  endloop
endfacet
facet normal   -1.007791584211314e-01    9.735608148424976e-01    2.049948804998322e-01
  outer loop
    vertex    6.229158025234937e-03    5.015122890472412e-01    4.092171788215637e-03
    vertex   -3.995555918663741e-03    5.012823939323425e-01    1.573360059410334e-04
    vertex   -4.972768947482124e-03    5.010467767715454e-01    7.959125796332955e-04
  endloop
endfacet
facet normal    9.992504811511369e-01    2.317213386107481e-02   -3.100851708072897e-02
  outer loop
    vertex    1.762825064361095e-02    4.986222088336945e-01    2.360898070037365e-02
    vertex    1.758801937103271e-02    4.977588057518006e-01    2.166732028126717e-02
    vertex    1.761133037507534e-02    5.006011724472046e-01    2.454257011413574e-02
  endloop
endfacet
facet normal   -5.077351031080928e-01    3.159426558291381e-01   -8.014894280646782e-01
  outer loop
    vertex    1.560973003506660e-02    4.977472126483918e-01    1.234847959131002e-02
    vertex    1.984854973852634e-02    5.003198981285095e-01    1.067737024277449e-02
    vertex    1.655942946672440e-02    4.979518949985505e-01    1.182753965258598e-02
  endloop
endfacet
facet normal   -2.807723636479902e-01    8.599086519946243e-01    4.262909687482350e-01
  outer loop
    vertex    2.244235947728156e-03    4.975151121616364e-01    1.054887007921934e-02
    vertex    6.253466010093688e-03    5.011928081512451e-01    5.770909134298563e-03
    vertex    3.332153894007205e-03    5.010182857513428e-01    4.198859911412001e-03
  endloop
endfacet
facet normal   -3.916830943204963e-01   -9.096261129543470e-01    1.384365856812671e-01
  outer loop
    vertex    1.739742048084736e-02    4.848460853099824e-01    5.775031168013811e-03
    vertex    1.930117979645729e-02    4.840553104877472e-01    5.965449847280979e-03
    vertex    1.803652942180634e-02    4.855056107044221e-01    1.191683020442724e-02
  endloop
endfacet
facet normal   -1.182912194761450e-02   -9.650053604181232e-01    2.619632154296406e-01
  outer loop
    vertex    7.683575968258074e-04    4.906297028064728e-01    7.805521134287119e-03
    vertex    2.803455106914043e-03    4.906629920005799e-01    8.020046167075634e-03
    vertex    2.913719974458217e-03    4.909928143024445e-01    9.240006096661091e-03
  endloop
endfacet
facet normal   -2.675001848310047e-01   -9.606381764814275e-01    7.495295192196479e-02
  outer loop
    vertex    2.812005020678043e-02    4.812223911285401e-01    3.375136060640216e-03
    vertex    2.364232018589973e-02    4.823034107685090e-01    1.249470980837941e-03
    vertex    2.858687937259674e-02    4.809719026088715e-01    1.830808003433049e-03
  endloop
endfacet
facet normal   -3.472797140697571e-01   -9.235122956573404e-01    1.628552730658019e-01
  outer loop
    vertex    2.023342065513134e-02    4.836508035659791e-01    3.925175871700048e-03
    vertex    1.769272983074188e-02    4.845564961433411e-01    3.643255913630128e-03
    vertex    1.783631928265095e-02    4.839265048503876e-01    3.769262984860688e-04
  endloop
endfacet
facet normal    2.205139048115657e-01   -9.751453089057219e-01   -2.156952257050870e-02
  outer loop
    vertex    9.383608121424905e-04    4.902811050415040e-01    1.332050003111362e-02
    vertex    4.192729014903306e-03    4.910021126270295e-01    1.399489026516676e-02
    vertex    3.086928045377134e-03    4.907267093658448e-01    1.514066010713577e-02
  endloop
endfacet
facet normal    9.693537238863960e-02   -9.944461437633639e-01    4.099269122722394e-02
  outer loop
    vertex    3.787230933085083e-03    4.910160899162293e-01    1.063464954495430e-02
    vertex    6.432612892240285e-03    4.912573099136353e-01    1.023089978843927e-02
    vertex    5.902219098061322e-03    4.912717044353486e-01    1.183431968092918e-02
  endloop
endfacet
facet normal    6.218756742937215e-02   -9.788775629351594e-01    1.947599117871554e-01
  outer loop
    vertex    5.902219098061322e-03    4.912717044353486e-01    1.183431968092918e-02
    vertex    8.902849629521368e-03    4.917649030685425e-01    1.335505954921246e-02
    vertex    7.842851802706717e-03    4.917989075183869e-01    1.386442966759205e-02
  endloop
endfacet
facet normal    8.354278168331011e-02   -9.742275459813752e-01    2.095263522321765e-01
  outer loop
    vertex    7.842851802706717e-03    4.917989075183869e-01    1.386442966759205e-02
    vertex    1.488971989601850e-02    4.934935867786408e-01    1.893438026309013e-02
    vertex    1.570427045226097e-02    4.941953122615815e-01    2.187239006161690e-02
  endloop
endfacet
facet normal    2.639047694777635e-01    9.642565457791590e-01    2.373997828417851e-02
  outer loop
    vertex   -2.322275005280973e-02    5.023412704467773e-01    4.932989832013845e-04
    vertex   -2.240480668842794e-02    5.021295547485352e-01   -1.350674774092067e-23
    vertex   -2.518546953797342e-02    5.028905868530273e-01   -1.189999686396841e-23
  endloop
endfacet
facet normal   -2.587220326414557e-01   -9.659517623124733e-01    3.204860382662752e-04
  outer loop
    vertex    2.364232018589973e-02    4.823034107685090e-01    1.249470980837941e-03
    vertex    2.079474739730358e-02    4.830656945705414e-01    5.417163987101185e-20
    vertex    2.583621069788933e-02    4.817153811454774e-01    1.083788353857094e-19
  endloop
endfacet
facet normal   -4.724287461830008e-01    4.634449080441565e-01    7.496865324840117e-01
  outer loop
    vertex    2.359524555504322e-02    4.964440166950226e-01   -4.008696558310742e-23
    vertex    2.441756054759026e-02    4.970644116401673e-01    1.346781064057723e-04
    vertex    2.420664951205254e-02    4.970672726631165e-01    2.759052363549931e-21
  endloop
endfacet
facet normal    6.338540663557841e-01   -6.224943676357796e-01    4.590531394359135e-01
  outer loop
    vertex    3.185113146901131e-02    4.811094999313355e-01    8.756940253078938e-03
    vertex    3.256523981690407e-02    4.817256927490235e-01    8.606491610407829e-03
    vertex    2.991735935211182e-02    4.833143055438996e-01    1.441686972975731e-02
  endloop
endfacet
facet normal    9.248941226860037e-01   -1.826542998580142e-01    3.334790376684360e-01
  outer loop
    vertex    3.290146961808205e-02    4.836524128913880e-01    9.251187555491924e-03
    vertex    3.341031074523926e-02    4.835165143013001e-01    7.765497080981731e-03
    vertex    3.424498066306114e-02    4.899232089519501e-01    8.959662169218063e-03
  endloop
endfacet
facet normal    5.023489037207565e-01    9.692312308501427e-02    8.592156231947843e-01
  outer loop
    vertex    3.018726967275143e-02    4.856370091438294e-01    1.433160994201899e-02
    vertex    3.123575076460838e-02    4.929710924625397e-01    1.289128977805376e-02
    vertex    2.775613963603973e-02    4.863285124301911e-01    1.567498967051506e-02
  endloop
endfacet
facet normal    4.616262947297631e-01    8.814935299758688e-01   -9.934948728982926e-02
  outer loop
    vertex    3.171662986278534e-02    4.951513111591340e-01    7.584325969219208e-03
    vertex    2.465412952005863e-02    4.985885918140412e-01    5.266294814646244e-03
    vertex    3.029021061956882e-02    4.962225854396821e-01    1.046152971684933e-02
  endloop
endfacet
facet normal    4.193785752155612e-01    9.077954774596204e-01   -5.383470444392776e-03
  outer loop
    vertex    3.171662986278534e-02    4.951513111591340e-01    7.584325969219208e-03
    vertex    3.248599916696548e-02    4.947645068168641e-01    2.293644007295370e-03
    vertex    3.008417971432209e-02    4.958761930465699e-01    2.648825990036130e-03
  endloop
endfacet
facet normal    5.868394718286795e-01    6.177656875273181e-01   -5.234357550050783e-01
  outer loop
    vertex    2.423422038555145e-02    4.995731115341187e-01    7.198067847639322e-03
    vertex    2.408274076879024e-02    5.038242936134338e-01    1.204553991556168e-02
    vertex    2.490998990833759e-02    5.030403137207031e-01    1.204773038625717e-02
  endloop
endfacet
facet normal    4.007080269728983e-01    4.126132402147349e-01    8.180363018344506e-01
  outer loop
    vertex    1.936458051204681e-02    4.955311119556428e-01    1.841530017554760e-02
    vertex    2.000576071441174e-02    4.983395934104920e-01    1.668464019894600e-02
    vertex    1.932347938418388e-02    4.981960952281952e-01    1.709122955799103e-02
  endloop
endfacet
facet normal    6.861578890626325e-01    3.757685898619930e-01   -6.228846748397661e-01
  outer loop
    vertex    1.709597930312156e-02    5.014250278472900e-01    2.033244073390961e-02
    vertex    1.680227927863598e-02    5.021786093711853e-01    2.046352066099644e-02
    vertex    1.898509077727794e-02    5.058537125587463e-01    2.508514933288097e-02
  endloop
endfacet
facet normal   -1.934057373908356e-01    9.806038524645018e-01    3.178529968530916e-02
  outer loop
    vertex    2.000576071441174e-02    4.983395934104920e-01    1.668464019894600e-02
    vertex    1.826556026935577e-02    4.981107115745545e-01    1.315714977681637e-02
    vertex    1.896511949598789e-02    4.981457889080048e-01    1.633162982761860e-02
  endloop
endfacet
facet normal   -7.068835795576229e-01    6.604021439101080e-01   -2.533468240786428e-01
  outer loop
    vertex    2.234397083520889e-02    4.992547035217286e-01    3.390850964933634e-03
    vertex    2.076824009418487e-02    5.001283884048462e-01    1.006487011909485e-02
    vertex    2.161150053143501e-02    5.001686215400696e-01    7.816896773874760e-03
  endloop
endfacet
facet normal   -9.398394723723859e-01    3.416126448054516e-01    1.602210916090817e-03
  outer loop
    vertex    1.641473919153214e-02    4.883004128932953e-01    1.170775969512761e-03
    vertex    1.579000055789948e-02    4.865832030773163e-01    8.378354832530022e-04
    vertex    1.691189967095852e-02    4.896559119224549e-01    3.789304057136178e-03
  endloop
endfacet
facet normal   -8.592540635164242e-01    4.489631536820676e-01   -2.451826685684883e-01
  outer loop
    vertex    1.696635037660599e-02    4.908396899700165e-01    5.961277056485415e-03
    vertex    1.526010967791080e-02    4.896253049373627e-01    9.717171080410480e-03
    vertex    2.000519074499607e-02    4.980219900608063e-01    8.463297970592976e-03
  endloop
endfacet
facet normal   -8.583607154715071e-01    4.528278746175758e-01    2.411717191226441e-01
  outer loop
    vertex    1.526010967791080e-02    4.896253049373627e-01    9.717171080410480e-03
    vertex    1.611679978668690e-02    4.910160899162293e-01    1.015487965196371e-02
    vertex    1.892860047519207e-02    4.963208138942719e-01    1.020220015197992e-02
  endloop
endfacet
facet normal   -7.119337583019790e-01    1.922153627076657e-01   -6.754284404207301e-01
  outer loop
    vertex    1.994526945054531e-02    4.990499019622803e-01    1.039865985512733e-02
    vertex    1.751499064266682e-02    4.918893873691559e-01    1.092252973467112e-02
    vertex    1.802897080779076e-02    4.939638972282410e-01    1.097114011645317e-02
  endloop
endfacet
facet normal   -2.951342719681425e-01    9.539898706941367e-02   -9.506812266874550e-01
  outer loop
    vertex    1.802897080779076e-02    4.939638972282410e-01    1.097114011645317e-02
    vertex    1.751499064266682e-02    4.918893873691559e-01    1.092252973467112e-02
    vertex    1.655942946672440e-02    4.979518949985505e-01    1.182753965258598e-02
  endloop
endfacet
facet normal   -3.065384475841950e-01    6.051872124451545e-01    7.346989982608764e-01
  outer loop
    vertex    1.560973003506660e-02    4.977472126483918e-01    1.234847959131002e-02
    vertex    1.826556026935577e-02    4.981107115745545e-01    1.315714977681637e-02
    vertex    2.111697010695934e-02    5.018900036811829e-01    1.123376004397869e-02
  endloop
endfacet
facet normal    7.995245808543047e-01   -3.758334727991361e-01   -4.685185645558663e-01
  outer loop
    vertex    1.478131976909935e-03    4.906812012195588e-01    3.002169076353312e-03
    vertex    2.648002002388238e-03    4.944489896297455e-01    1.976124010980129e-03
    vertex    4.782600793987512e-03    4.949173033237458e-01    5.243137013167143e-03
  endloop
endfacet
facet normal    6.756841912156754e-02    7.704128114971766e-01    6.339547370423445e-01
  outer loop
    vertex   -1.057863980531694e-02    4.980314970016480e-01    4.600062035024166e-03
    vertex   -8.386975154280678e-03    5.010250806808472e-01    7.285198080353439e-04
    vertex   -1.400138996541502e-02    4.995194077491761e-01    3.156685037538409e-03
  endloop
endfacet
facet normal   -1.728613744728440e-01    8.864692019920505e-01    4.292916248134085e-01
  outer loop
    vertex   -4.972768947482124e-03    5.010467767715454e-01    7.959125796332955e-04
    vertex   -4.856016952544452e-03    5.005893707275391e-01    1.787449000403285e-03
    vertex    3.332153894007205e-03    5.010182857513428e-01    4.198859911412001e-03
  endloop
endfacet
facet normal   -1.933014822997354e-01    8.400151390807775e-01    5.069606523743504e-01
  outer loop
    vertex    3.332153894007205e-03    5.010182857513428e-01    4.198859911412001e-03
    vertex   -4.856016952544452e-03    5.005893707275391e-01    1.787449000403285e-03
    vertex   -7.091029081493631e-03    4.979932904243470e-01    5.236859899014235e-03
  endloop
endfacet
facet normal   -6.553940356969713e-02    3.029678695637998e-01    9.507444749204178e-01
  outer loop
    vertex   -2.138306945562364e-02    4.936127066612244e-01    5.451804026961327e-03
    vertex   -1.675589010119440e-02    4.942145943641663e-01    5.578977987170219e-03
    vertex   -1.610326021909715e-02    4.980641901493073e-01    4.397240001708269e-03
  endloop
endfacet
facet normal   -3.854501066448392e-02    8.597359320371313e-02    9.955515172127042e-01
  outer loop
    vertex   -2.138306945562364e-02    4.936127066612244e-01    5.451804026961327e-03
    vertex   -2.200640924274923e-02    4.927507936954499e-01    5.502102896571159e-03
    vertex   -1.675589010119440e-02    4.942145943641663e-01    5.578977987170219e-03
  endloop
endfacet
facet normal   -8.189913891041202e-01    4.041180712493336e-01    4.073594101810122e-01
  outer loop
    vertex    3.389515914022914e-04    4.907642006874085e-01    1.376703009009361e-02
    vertex    6.451081018894910e-03    4.976185858249665e-01    1.925555057823658e-02
    vertex    2.516923937946557e-03    4.952735900878907e-01    1.367230992764235e-02
  endloop
endfacet
facet normal   -7.948314950615305e-01    4.938425067833290e-01    3.526506386669528e-01
  outer loop
    vertex    2.516923937946557e-03    4.952735900878907e-01    1.367230992764235e-02
    vertex    6.451081018894910e-03    4.976185858249665e-01    1.925555057823658e-02
    vertex    3.623354947194456e-03    4.968738853931428e-01    1.392505969852209e-02
  endloop
endfacet
facet normal   -8.161367386701572e-01    5.061286829073096e-01    2.788450826737879e-01
  outer loop
    vertex    2.358325989916920e-03    4.909108877182007e-01    2.267947047948837e-02
    vertex    5.657710134983062e-03    4.953626096248627e-01    2.425598911941051e-02
    vertex    4.473759792745113e-03    4.942691028118134e-01    2.277556061744690e-02
  endloop
endfacet
facet normal   -7.100685609606914e-01    3.116228343626558e-01    6.314220837435113e-01
  outer loop
    vertex    5.657710134983062e-03    4.953626096248627e-01    2.425598911941051e-02
    vertex    4.706966225057839e-03    4.925181865692139e-01    2.459062077105045e-02
    vertex    6.581590045243501e-03    4.957239925861359e-01    2.511659078299999e-02
  endloop
endfacet
facet normal   -6.003046710917369e-01    2.251222931352926e-01    7.674335508687049e-01
  outer loop
    vertex    4.706966225057839e-03    4.925181865692139e-01    2.459062077105045e-02
    vertex    1.078739017248154e-02    4.972626864910126e-01    2.795509994029999e-02
    vertex    6.581590045243501e-03    4.957239925861359e-01    2.511659078299999e-02
  endloop
endfacet
facet normal   -6.385312593442976e-01    1.514334563684630e-01    7.545500242743924e-01
  outer loop
    vertex    4.706966225057839e-03    4.925181865692139e-01    2.459062077105045e-02
    vertex    3.267703112214803e-03    4.914548099040986e-01    2.358607016503811e-02
    vertex    1.118123997002840e-02    4.955081045627595e-01    2.946935966610909e-02
  endloop
endfacet
facet normal   -4.657837624618054e-01    5.707552241592039e-01    6.762277432358874e-01
  outer loop
    vertex    1.484716031700373e-02    4.965429902076722e-01    3.258639946579933e-02
    vertex    1.597861014306545e-02    4.965107142925263e-01    3.339298069477081e-02
    vertex    1.444489974528551e-02    4.990778863430024e-01    3.016979992389679e-02
  endloop
endfacet
facet normal    5.965403697978356e-01    7.823589609897142e-01    1.790364302608725e-01
  outer loop
    vertex    1.088733039796352e-02    5.001587271690369e-01    1.873740926384926e-02
    vertex    1.011530030518770e-02    5.000793933868408e-01    2.165644988417625e-02
    vertex    1.371052954345941e-02    4.991196095943451e-01    1.387142017483711e-02
  endloop
endfacet
facet normal   -6.087516391321702e-01    7.919862924357649e-01   -4.668141437175004e-02
  outer loop
    vertex    9.019725024700163e-03    4.994517862796784e-01    2.277177013456821e-02
    vertex    1.521455030888319e-02    5.043594837188721e-01    2.525068074464798e-02
    vertex    1.884156093001365e-02    5.072051286697388e-01    2.623100951313972e-02
  endloop
endfacet
facet normal   -6.523125055668459e-01    7.518125869100903e-01   -9.626125515835171e-02
  outer loop
    vertex    1.884156093001365e-02    5.072051286697388e-01    2.623100951313972e-02
    vertex    1.747890003025531e-02    5.060797929763794e-01    2.667604014277458e-02
    vertex    1.719129085540771e-02    5.060456991195679e-01    2.835874073207378e-02
  endloop
endfacet
facet normal   -3.121074737468529e-01   -9.348976051647488e-01    1.689834095068953e-01
  outer loop
    vertex    2.709702961146832e-02    4.826985895633698e-01    1.389173045754433e-02
    vertex    2.299609966576099e-02    4.838266074657441e-01    1.255816966295242e-02
    vertex    2.669019997119904e-02    4.818080961704255e-01    8.213689550757408e-03
  endloop
endfacet
facet normal   -5.858823513568762e-02   -8.902611796003840e-01    4.516663046987435e-01
  outer loop
    vertex    2.593930065631866e-02    4.839437901973725e-01    1.619591936469078e-02
    vertex    2.458916977047920e-02    4.838126897811890e-01    1.576237939298153e-02
    vertex    2.709702961146832e-02    4.826985895633698e-01    1.389173045754433e-02
  endloop
endfacet
facet normal   -2.931314831185203e-01   -9.511509057489562e-01    9.688079323414314e-02
  outer loop
    vertex    2.709702961146832e-02    4.826985895633698e-01    1.389173045754433e-02
    vertex    2.349516935646534e-02    4.838855862617493e-01    1.464723981916904e-02
    vertex    2.299609966576099e-02    4.838266074657441e-01    1.255816966295242e-02
  endloop
endfacet
facet normal   -4.504260305937410e-01   -5.557830009468356e-01    6.987285931047162e-01
  outer loop
    vertex    2.145097032189369e-02    4.873102903366089e-01    1.573310047388077e-02
    vertex    1.592696085572243e-02    4.876484870910645e-01    1.244113035500050e-02
    vertex    1.700120046734810e-02    4.864313006401063e-01    1.216544955968857e-02
  endloop
endfacet
facet normal    1.498454727329878e-02   -9.224298360741147e-01   -3.858738924354645e-01
  outer loop
    vertex    1.644390984438359e-03    4.910733997821808e-01    9.775370359420776e-03
    vertex   -1.977446954697379e-04    4.904677867889405e-01    1.115155033767223e-02
    vertex   -5.544537212699666e-03    4.916462898254395e-01    8.126713335514069e-03
  endloop
endfacet
facet normal   -5.744729373423738e-01    1.771908155980007e-01    7.991146720771309e-01
  outer loop
    vertex   -2.973140962421895e-02    4.957587122917176e-01    4.729621112346649e-03
    vertex   -2.888673916459085e-02    4.987232089042664e-01    4.679514095187187e-03
    vertex   -3.067575022578241e-02    4.953331947326661e-01    4.145098850131035e-03
  endloop
endfacet
facet normal    9.693680917329001e-01   -2.043077123159249e-02    2.447612843506879e-01
  outer loop
    vertex    1.964744925498962e-02    4.973117113113404e-01    2.768003940582275e-02
    vertex    1.902795955538749e-02    5.008028745651245e-01    3.042492084205151e-02
    vertex    1.861847937107086e-02    4.969497025012971e-01    3.172501921653748e-02
  endloop
endfacet
facet normal   -6.972754016186800e-01    5.334915487439006e-01   -4.787418737862219e-01
  outer loop
    vertex    1.682223938405514e-02    4.882324039936066e-01    2.083470026263967e-04
    vertex    1.739498972892761e-02    4.893650114536286e-01    6.362848798744380e-04
    vertex    2.211008034646511e-02    4.956839978694916e-01    8.105105953291059e-04
  endloop
endfacet
facet normal   -7.590981572690175e-01    4.760173246872886e-01   -4.440467252759986e-01
  outer loop
    vertex    1.739498972892761e-02    4.893650114536286e-01    6.362848798744380e-04
    vertex    1.641473919153214e-02    4.883004128932953e-01    1.170775969512761e-03
    vertex    2.200727909803391e-02    4.986622929573060e-01    2.718243049457669e-03
  endloop
endfacet
facet normal   -4.869117506793144e-01    4.463315182532704e-01   -7.508029853857373e-01
  outer loop
    vertex    2.211008034646511e-02    4.956839978694916e-01    8.105105953291059e-04
    vertex    2.127343043684959e-02    4.965110123157502e-01    1.844733022153378e-03
    vertex    2.441756054759026e-02    4.970644116401673e-01    1.346781064057723e-04
  endloop
endfacet
facet normal    7.615406395998685e-01    6.465075179134054e-01    4.564957304587729e-02
  outer loop
    vertex    1.812844909727573e-02    4.967845976352692e-01    2.128447033464909e-02
    vertex    1.936458051204681e-02    4.955311119556428e-01    1.841530017554760e-02
    vertex    1.767911016941071e-02    4.973764121532441e-01    2.039897069334984e-02
  endloop
endfacet
facet normal    7.710689873895741e-01   -2.116148605028958e-01    6.005595453411401e-01
  outer loop
    vertex    2.384150959551334e-02    4.916464984416962e-01    2.288117073476315e-02
    vertex    2.392143942415714e-02    4.926823973655701e-01    2.314355969429016e-02
    vertex    2.330460958182812e-02    4.918262958526612e-01    2.363386005163193e-02
  endloop
endfacet
facet normal   -3.776045199473692e-01   -7.020559779427283e-01    6.037650456512004e-01
  outer loop
    vertex    1.815336011350155e-02    4.932180047035218e-01    2.024414017796516e-02
    vertex    1.076970994472503e-02    4.910225868225098e-01    1.307346019893885e-02
    vertex    1.590980961918831e-02    4.907698929309846e-01    1.599433086812496e-02
  endloop
endfacet
facet normal   -4.514241495737406e-01   -8.150438969450784e-01    3.632074933618596e-01
  outer loop
    vertex    9.242754429578779e-03    4.904789030551911e-01    1.130069978535175e-02
    vertex    1.387559995055198e-02    4.875021874904633e-01    1.037898007780313e-02
    vertex    1.429308019578457e-02    4.876748025417328e-01    1.128521002829075e-02
  endloop
endfacet
facet normal    2.172384489809681e-01   -9.647453698031589e-01    1.485726345183043e-01
  outer loop
    vertex    1.580023951828480e-02    4.954557120800019e-01    2.991637960076332e-02
    vertex    1.398051995784044e-02    4.948149919509888e-01    2.841665036976337e-02
    vertex    1.570427045226097e-02    4.941953122615815e-01    2.187239006161690e-02
  endloop
endfacet
facet normal    2.769329664738681e-01   -9.470286985610921e-01    1.626184988913246e-01
  outer loop
    vertex    1.570427045226097e-02    4.941953122615815e-01    2.187239006161690e-02
    vertex    1.398051995784044e-02    4.948149919509888e-01    2.841665036976337e-02
    vertex    1.015278045088053e-02    4.929035902023316e-01    2.380385994911194e-02
  endloop
endfacet
facet normal    1.553305093198419e-01   -9.336614549225767e-01    3.227208088523201e-01
  outer loop
    vertex    1.315306033939123e-02    4.950887858867646e-01    3.049466013908386e-02
    vertex    3.129160031676292e-03    4.908626973628998e-01    2.309284918010235e-02
    vertex    4.275871906429528e-03    4.910435974597931e-01    2.306427992880344e-02
  endloop
endfacet
facet normal    2.616455606073929e-01   -9.651600993340670e-01    2.753773392496093e-03
  outer loop
    vertex    1.046156045049429e-02    4.927384853363038e-01    1.955135911703110e-02
    vertex    3.086928045377134e-03    4.907267093658448e-01    1.514066010713577e-02
    vertex    1.071397028863430e-02    4.928036928176880e-01    1.842335984110832e-02
  endloop
endfacet
facet normal   -4.507969906229172e-01   -8.926093819486351e-01    5.528517215057728e-03
  outer loop
    vertex    1.822873950004578e-02    4.941537082195283e-01    2.215931005775928e-02
    vertex    2.292479015886784e-02    4.917865991592408e-01    2.289400063455105e-02
    vertex    2.140891924500465e-02    4.925763905048371e-01    2.680555917322636e-02
  endloop
endfacet
facet normal   -4.525909748660815e-01   -8.916902187419788e-01    7.068470106868752e-03
  outer loop
    vertex    1.822873950004578e-02    4.941537082195283e-01    2.215931005775928e-02
    vertex    2.140891924500465e-02    4.925763905048371e-01    2.680555917322636e-02
    vertex    1.871694996953011e-02    4.939666092395783e-01    2.981659956276417e-02
  endloop
endfacet
facet normal   -6.161798025230500e-01   -7.759606893904089e-01    1.349350194849965e-01
  outer loop
    vertex   -3.067575022578241e-02    4.953331947326661e-01    4.145098850131035e-03
    vertex   -3.012008965015413e-02    4.946494996547700e-01    2.750844927504659e-03
    vertex   -2.746783941984178e-02    4.927476048469544e-01    3.925242926925421e-03
  endloop
endfacet
facet normal    7.950218143059720e-01   -6.059908934843510e-01    2.674606123672473e-02
  outer loop
    vertex    3.392707929015160e-02    4.819534122943879e-01    1.549917040392756e-03
    vertex    3.356117382645607e-02    4.814049601554871e-01   -1.084660628281216e-19
    vertex    3.390312194824219e-02    4.818535745143891e-01   -1.084662604160619e-19
  endloop
endfacet
facet normal   -2.212231373022611e-01    7.715081633310650e-01   -5.965194694523154e-01
  outer loop
    vertex   -2.786166407167913e-02    5.035236477851868e-01   -1.035361093131395e-23
    vertex   -2.785350941121580e-02    5.035787224769592e-01    6.820661656092852e-05
    vertex   -2.774712815880777e-02    5.035564899444580e-01   -6.786683371271321e-21
  endloop
endfacet
facet normal    9.764069691548178e-01   -1.932666923100345e-01    9.631934504262964e-02
  outer loop
    vertex    3.566609695553780e-02    4.896655380725861e-01   -4.706186765517579e-23
    vertex    3.469115123152733e-02    4.867719113826752e-01    4.077084828168154e-03
    vertex    3.461888805031776e-02    4.843749105930329e-01   -4.645675875793334e-23
  endloop
endfacet
facet normal    8.377016333346297e-01    2.059218834175972e-01    5.058182988368879e-01
  outer loop
    vertex    3.207398951053619e-02    4.943757057189942e-01    1.164097990840673e-02
    vertex    3.221730142831802e-02    4.926210939884186e-01    1.211795024573803e-02
    vertex    3.481208905577660e-02    4.922001957893372e-01    7.991991005837917e-03
  endloop
endfacet
facet normal    8.468768814187272e-01    9.896274031275773e-02    5.224996877973044e-01
  outer loop
    vertex    3.481208905577660e-02    4.922001957893372e-01    7.991991005837917e-03
    vertex    3.221730142831802e-02    4.926210939884186e-01    1.211795024573803e-02
    vertex    3.373907878994942e-02    4.908235073089600e-01    9.991893544793129e-03
  endloop
endfacet
facet normal    7.683805705223815e-01    2.255695423244975e-01    5.989237684540631e-01
  outer loop
    vertex    3.207398951053619e-02    4.943757057189942e-01    1.164097990840673e-02
    vertex    2.933841943740845e-02    4.967047870159150e-01    1.427335012704134e-02
    vertex    3.221730142831802e-02    4.926210939884186e-01    1.211795024573803e-02
  endloop
endfacet
facet normal   -3.498709920641653e-01    9.060683618046659e-01    2.379714534322254e-01
  outer loop
    vertex    2.426419034600258e-02    5.022794008255005e-01    1.428715046495199e-02
    vertex    2.339880913496017e-02    5.015044808387756e-01    1.596532948315144e-02
    vertex    2.519199997186660e-02    5.026494860649109e-01    1.424214988946915e-02
  endloop
endfacet
facet normal    6.209100270592485e-01    3.795686094341724e-01    6.858559681372554e-01
  outer loop
    vertex    2.424265071749687e-02    5.010818839073181e-01    1.609658077359200e-02
    vertex    2.644670009613037e-02    4.963403940200806e-01    1.672529056668282e-02
    vertex    2.689315006136894e-02    5.012807846069336e-01    1.358698960393667e-02
  endloop
endfacet
facet normal    6.992654034706249e-01   -2.570178476663182e-01    6.670605081175451e-01
  outer loop
    vertex    1.817500032484531e-02    4.963194131851197e-01    3.261230885982513e-02
    vertex    2.117327041924000e-02    4.929541945457459e-01    2.817266993224621e-02
    vertex    1.908094994723797e-02    4.959507882595063e-01    3.152059018611908e-02
  endloop
endfacet
facet normal    9.990756488059341e-01   -4.295684665488118e-02   -1.599152422622307e-03
  outer loop
    vertex    1.759679056704044e-02    4.978316128253937e-01    2.519139088690281e-02
    vertex    1.758801937103271e-02    4.977588057518006e-01    2.166732028126717e-02
    vertex    1.762825064361095e-02    4.986222088336945e-01    2.360898070037365e-02
  endloop
endfacet
facet normal   -8.424984038743590e-01    4.857430383815052e-01   -2.329165947996423e-01
  outer loop
    vertex    2.000519074499607e-02    4.980219900608063e-01    8.463297970592976e-03
    vertex    2.172631025314331e-02    4.983659088611603e-01    2.954955911263824e-03
    vertex    2.073767967522144e-02    4.969142973423005e-01    3.503690939396620e-03
  endloop
endfacet
facet normal    5.318220728168119e-02    4.194461679700373e-01    9.062210354013526e-01
  outer loop
    vertex   -1.837036944925786e-02    4.983310997486115e-01    4.169526975601912e-03
    vertex   -1.630128920078279e-02    4.992032051086426e-01    3.644445911049843e-03
    vertex   -2.060627005994322e-02    5.003777742385864e-01    3.353435080498457e-03
  endloop
endfacet
facet normal   -2.487467260519449e-01    8.037568208446677e-01    5.404628009623893e-01
  outer loop
    vertex    1.522475067758924e-04    4.969117939472199e-01    1.014338992536068e-02
    vertex    8.764304802753023e-04    4.977313876152039e-01    9.257823228836060e-03
    vertex   -6.908860057592407e-03    4.974772930145264e-01    6.052542012184858e-03
  endloop
endfacet
facet normal   -1.154628180431525e-01    3.093356858504601e-01    9.439172480196342e-01
  outer loop
    vertex   -1.058403030037882e-02    4.966424107551575e-01    5.538307130336761e-03
    vertex   -1.610326021909715e-02    4.980641901493073e-01    4.397240001708269e-03
    vertex   -1.675589010119440e-02    4.942145943641663e-01    5.578977987170219e-03
  endloop
endfacet
facet normal   -3.560412491228234e-01    3.039609645318692e-01    8.836528509340731e-01
  outer loop
    vertex   -8.859396912157551e-03    4.934329092502595e-01    7.337207905948162e-03
    vertex   -8.229734376072899e-03    4.959306120872498e-01    6.731745786964893e-03
    vertex   -1.058403030037882e-02    4.966424107551575e-01    5.538307130336761e-03
  endloop
endfacet
facet normal   -5.674225418265543e-01   -8.202896739614469e-01    7.180884220843180e-02
  outer loop
    vertex    1.662470027804375e-02    4.852347970008851e-01    4.109460860490799e-03
    vertex    1.739742048084736e-02    4.848460853099824e-01    5.775031168013811e-03
    vertex    1.549820043146610e-02    4.866111874580384e-01    1.093086972832680e-02
  endloop
endfacet
facet normal   -1.161233249330281e-01   -8.068881899140111e-01    5.791777122643698e-01
  outer loop
    vertex   -2.529658004641534e-02    4.927980899810792e-01    5.356450099498034e-03
    vertex   -2.670069038867952e-02    4.924528002738953e-01    4.593885969370604e-03
    vertex   -2.345325984060766e-02    4.922339916229249e-01    4.940149839967489e-03
  endloop
endfacet
facet normal    1.285631605423595e-01   -8.725031737062692e-01    4.713912659605048e-01
  outer loop
    vertex   -2.200640924274923e-02    4.927507936954499e-01    5.502102896571159e-03
    vertex   -2.345325984060766e-02    4.922339916229249e-01    4.940149839967489e-03
    vertex   -1.743407920002939e-02    4.929980933666230e-01    4.712814930826426e-03
  endloop
endfacet
facet normal    5.042201199615629e-01    8.587494295470012e-01    9.116736191558492e-02
  outer loop
    vertex    2.150456979870796e-02    4.949196875095368e-01    2.017861977219582e-02
    vertex    1.812844909727573e-02    4.967845976352692e-01    2.128447033464909e-02
    vertex    1.812292076647282e-02    4.964247047901154e-01    2.470505051314831e-02
  endloop
endfacet
facet normal    7.300653502230113e-01    6.643230818682214e-01    1.602480180871513e-01
  outer loop
    vertex    2.254764921963215e-02    4.934644103050232e-01    2.348412945866585e-02
    vertex    2.035178989171982e-02    4.953818917274476e-01    2.553902938961983e-02
    vertex    2.143383026123047e-02    4.938494861125947e-01    2.696214988827705e-02
  endloop
endfacet
facet normal   -5.458772772076128e-01   -8.268394103832752e-01    1.354791041653311e-01
  outer loop
    vertex    1.769272983074188e-02    4.845564961433411e-01    3.643255913630128e-03
    vertex    1.630781963467598e-02    4.848926067352295e-01    1.144347988883965e-04
    vertex    1.783631928265095e-02    4.839265048503876e-01    3.769262984860688e-04
  endloop
endfacet
facet normal    2.152971053468329e-01   -9.733530393411899e-01    7.893679265426558e-02
  outer loop
    vertex    4.192729014903306e-03    4.910021126270295e-01    1.399489026516676e-02
    vertex    7.842851802706717e-03    4.917989075183869e-01    1.386442966759205e-02
    vertex    1.071397028863430e-02    4.928036928176880e-01    1.842335984110832e-02
  endloop
endfacet
facet normal    9.044693289478057e-01    4.166616885300821e-01   -9.125935735017425e-02
  outer loop
    vertex    3.548073023557663e-02    4.924652874469758e-01    6.405448220903054e-05
    vertex    3.547614812850952e-02    4.924612045288086e-01    1.354783194511946e-19
    vertex    3.547174111008644e-02    4.924707710742951e-01   -4.694956298531752e-23
  endloop
endfacet
facet normal    1.838516027802665e-01    8.511877038202258e-01    4.916076494730108e-01
  outer loop
    vertex    2.441756054759026e-02    4.970644116401673e-01    1.346781064057723e-04
    vertex    2.501279488205910e-02    4.970136284828187e-01   -4.090606834679329e-23
    vertex    2.433256618678570e-02    4.971605539321900e-01    2.706454130045098e-20
  endloop
endfacet
facet normal    9.140892111903042e-01   -4.038301960930986e-01    3.690645890487176e-02
  outer loop
    vertex    4.708770662546157e-03    4.993210136890412e-01   -2.917379065342343e-23
    vertex    4.584182985126971e-03    4.990507066249848e-01    1.280560973100364e-04
    vertex    4.637607373297214e-03    4.991599321365357e-01    1.352339448571069e-20
  endloop
endfacet
facet normal    9.163909110414702e-01   -3.979840475018587e-01    4.285319235042685e-02
  outer loop
    vertex    4.584182985126971e-03    4.990507066249848e-01    1.280560973100364e-04
    vertex    4.392208065837621e-03    4.985948801040650e-01    1.352353628483350e-20
    vertex    4.637607373297214e-03    4.991599321365357e-01    1.352339448571069e-20
  endloop
endfacet
facet normal    8.010628955027480e-02    9.572339376336061e-01   -2.780039046793214e-01
  outer loop
    vertex   -2.322275005280973e-02    5.023412704467773e-01    4.932989832013845e-04
    vertex   -2.024883031845095e-02    5.019491314888000e-01    2.709030177621206e-20
    vertex   -2.240480668842794e-02    5.021295547485352e-01   -1.350674774092067e-23
  endloop
endfacet
facet normal    5.752293199477596e-02    9.567643257766317e-01   -2.851195139163781e-01
  outer loop
    vertex   -6.493860855698600e-03    5.009899139404297e-01    1.512632006779313e-04
    vertex   -6.428693886846319e-03    5.009409189224243e-01   -2.273822765964740e-23
    vertex   -6.895638071000591e-03    5.009689927101135e-01   -2.246841322401166e-23
  endloop
endfacet
facet normal   -1.531063767656113e-01    9.188892472403626e-01   -3.635945388750312e-01
  outer loop
    vertex   -6.493860855698600e-03    5.009899139404297e-01    1.512632006779313e-04
    vertex   -6.050220225006357e-03    5.010039806365967e-01   -2.295692115867191e-23
    vertex   -6.428693886846319e-03    5.009409189224243e-01   -2.273822765964740e-23
  endloop
endfacet
facet normal   -7.832518466604123e-01    5.748619509725713e-01   -2.367494076593707e-01
  outer loop
    vertex   -2.785350941121580e-02    5.035787224769592e-01    6.820661656092852e-05
    vertex   -2.788862586021425e-02    5.035027861595154e-01   -1.033803159655256e-23
    vertex   -2.817953936755659e-02    5.031064152717590e-01   -1.016993299609409e-23
  endloop
endfacet
facet normal   -9.416115436158828e-01    3.365206990337848e-01   -1.102361334259124e-02
  outer loop
    vertex   -2.942351996898653e-02    5.004242062568665e-01    2.909325994551182e-03
    vertex   -2.872415632009508e-02    5.022857785224915e-01   -9.855236891575505e-24
    vertex   -2.945568785071375e-02    5.002388954162598e-01    2.168310019611959e-19
  endloop
endfacet
facet normal   -6.052137328514537e-01    6.380029070513359e-01    4.760972885472605e-01
  outer loop
    vertex   -2.942351996898653e-02    5.004242062568665e-01    2.909325994551182e-03
    vertex   -2.947961911559106e-02    4.995000958442689e-01    4.076384007930756e-03
    vertex   -2.889947034418584e-02    4.998478889465333e-01    4.347801208496094e-03
  endloop
endfacet
facet normal   -5.028957742457400e-02   -9.987335864111896e-01   -1.477083850330168e-03
  outer loop
    vertex   -2.330105751752855e-02    4.922336339950562e-01   -1.298886697283404e-23
    vertex   -2.345325984060766e-02    4.922339916229249e-01    4.940149839967489e-03
    vertex   -2.519324608147146e-02    4.923289120197297e-01   -4.336927644975418e-19
  endloop
endfacet
facet normal   -4.477877373495009e-01   -8.941398845777659e-01    9.532404518214730e-05
  outer loop
    vertex   -8.479955606162564e-03    4.912446141242982e-01    5.506509914994240e-03
    vertex   -8.969340473413483e-03    4.914891123771668e-01    4.336595988287843e-19
    vertex   -7.166214752942338e-03    4.905861020088196e-01   -2.231206585239199e-23
  endloop
endfacet
facet normal    2.353859489347160e-01   -9.718671459107522e-01   -8.228349979902431e-03
  outer loop
    vertex    3.304753825068474e-02    4.807189106941224e-01    1.938340952619910e-03
    vertex    3.242360055446625e-02    4.805842041969300e-01   -1.084654055039684e-19
    vertex    3.309532254934311e-02    4.807468950748444e-01   -4.557639665006914e-23
  endloop
endfacet
facet normal    9.789093980506932e-01   -1.722262340821002e-01    1.098840966743014e-01
  outer loop
    vertex    3.449505940079689e-02    4.868130981922150e-01    5.888535175472498e-03
    vertex    3.393374010920525e-02    4.820874035358430e-01    3.482291940599680e-03
    vertex    3.469115123152733e-02    4.867719113826752e-01    4.077084828168154e-03
  endloop
endfacet
facet normal    9.869952748314811e-01   -1.605632388027916e-01    7.731352112457299e-03
  outer loop
    vertex    3.469115123152733e-02    4.867719113826752e-01    4.077084828168154e-03
    vertex    3.393374010920525e-02    4.820874035358430e-01    3.482291940599680e-03
    vertex    3.392707929015160e-02    4.819534122943879e-01    1.549917040392756e-03
  endloop
endfacet
facet normal    7.410608364622324e-01   -6.535557319032450e-01    1.539277166669798e-01
  outer loop
    vertex    3.258007019758224e-02    4.808695912361146e-01    4.828661214560270e-03
    vertex    3.304753825068474e-02    4.807189106941224e-01    1.938340952619910e-03
    vertex    3.393374010920525e-02    4.820874035358430e-01    3.482291940599680e-03
  endloop
endfacet
facet normal    9.585525359921969e-01   -1.997214498714772e-01    2.031954187578133e-01
  outer loop
    vertex    3.341031074523926e-02    4.835165143013001e-01    7.765497080981731e-03
    vertex    3.449505940079689e-02    4.868130981922150e-01    5.888535175472498e-03
    vertex    3.501357883214951e-02    4.907425940036774e-01    7.304789964109659e-03
  endloop
endfacet
facet normal    5.269957045129958e-01   -7.154227051685831e-01    4.587438068836654e-01
  outer loop
    vertex    2.903709001839161e-02    4.826540052890778e-01    1.439835038036108e-02
    vertex    3.185113146901131e-02    4.811094999313355e-01    8.756940253078938e-03
    vertex    2.991735935211182e-02    4.833143055438996e-01    1.441686972975731e-02
  endloop
endfacet
facet normal    8.811483691397081e-01   -1.682415711333827e-01    4.418962834251987e-01
  outer loop
    vertex    3.074136935174465e-02    4.842798113822938e-01    1.379732973873615e-02
    vertex    3.290146961808205e-02    4.836524128913880e-01    9.251187555491924e-03
    vertex    3.424498066306114e-02    4.899232089519501e-01    8.959662169218063e-03
  endloop
endfacet
facet normal    9.231295280818563e-01   -1.832673470839153e-01    3.380014110565118e-01
  outer loop
    vertex    3.424498066306114e-02    4.899232089519501e-01    8.959662169218063e-03
    vertex    3.341031074523926e-02    4.835165143013001e-01    7.765497080981731e-03
    vertex    3.501357883214951e-02    4.907425940036774e-01    7.304789964109659e-03
  endloop
endfacet
facet normal    8.998625675728072e-01   -7.793755626899834e-02    4.291539313627359e-01
  outer loop
    vertex    3.373907878994942e-02    4.908235073089600e-01    9.991893544793129e-03
    vertex    3.501357883214951e-02    4.907425940036774e-01    7.304789964109659e-03
    vertex    3.481208905577660e-02    4.922001957893372e-01    7.991991005837917e-03
  endloop
endfacet
facet normal    3.090875582117095e-01   -4.357641352320745e-01    8.453250852803111e-01
  outer loop
    vertex    2.593930065631866e-02    4.839437901973725e-01    1.619591936469078e-02
    vertex    2.903709001839161e-02    4.826540052890778e-01    1.439835038036108e-02
    vertex    2.991735935211182e-02    4.833143055438996e-01    1.441686972975731e-02
  endloop
endfacet
facet normal    4.714890696584620e-01   -5.255839302604244e-02    8.803043067684709e-01
  outer loop
    vertex    2.490014955401421e-02    4.889337122440339e-01    1.740879006683826e-02
    vertex    2.658684924244881e-02    4.852265119552613e-01    1.628405973315239e-02
    vertex    2.629444003105164e-02    4.899739921092988e-01    1.672412082552910e-02
  endloop
endfacet
facet normal    2.334770460008047e-01   -1.834789984957177e-01    9.548947199046325e-01
  outer loop
    vertex    2.490014955401421e-02    4.889337122440339e-01    1.740879006683826e-02
    vertex    2.593930065631866e-02    4.839437901973725e-01    1.619591936469078e-02
    vertex    2.658684924244881e-02    4.852265119552613e-01    1.628405973315239e-02
  endloop
endfacet
facet normal    6.071996364228316e-01    1.484097209137489e-02    7.944106916925049e-01
  outer loop
    vertex    2.629444003105164e-02    4.899739921092988e-01    1.672412082552910e-02
    vertex    2.775613963603973e-02    4.863285124301911e-01    1.567498967051506e-02
    vertex    3.123575076460838e-02    4.929710924625397e-01    1.289128977805376e-02
  endloop
endfacet
facet normal    7.900678349356655e-01    5.739783651442226e-01    2.152711140548949e-01
  outer loop
    vertex    2.998710982501507e-02    4.968965053558350e-01    1.257883012294769e-02
    vertex    3.207398951053619e-02    4.943757057189942e-01    1.164097990840673e-02
    vertex    3.171164914965630e-02    4.952018857002259e-01    1.076795998960733e-02
  endloop
endfacet
facet normal    7.556311140238748e-01    6.026152152129676e-01    2.566642201649200e-01
  outer loop
    vertex    3.207398951053619e-02    4.943757057189942e-01    1.164097990840673e-02
    vertex    3.465636819601059e-02    4.928367137908936e-01    7.651698775589466e-03
    vertex    3.171164914965630e-02    4.952018857002259e-01    1.076795998960733e-02
  endloop
endfacet
facet normal    5.019467839195209e-01    8.648015100602285e-01   -1.295277230550455e-02
  outer loop
    vertex    3.171164914965630e-02    4.952018857002259e-01    1.076795998960733e-02
    vertex    3.350372985005379e-02    4.941132962703705e-01    7.534317206591368e-03
    vertex    3.171662986278534e-02    4.951513111591340e-01    7.584325969219208e-03
  endloop
endfacet
facet normal    5.059081651830301e-01    8.470304075124462e-01   -1.630840800030444e-01
  outer loop
    vertex    3.029021061956882e-02    4.962225854396821e-01    1.046152971684933e-02
    vertex    2.465412952005863e-02    4.985885918140412e-01    5.266294814646244e-03
    vertex    2.384446002542973e-02    4.991996884346009e-01    5.928523838520050e-03
  endloop
endfacet
facet normal    6.486011797184302e-01    7.604484263198619e-01    3.216676196800143e-02
  outer loop
    vertex    3.350372985005379e-02    4.941132962703705e-01    7.534317206591368e-03
    vertex    3.420529887080193e-02    4.935184121131898e-01    7.451630197465420e-03
    vertex    3.496988117694855e-02    4.931603968143464e-01    4.985891864635050e-04
  endloop
endfacet
facet normal    8.222612271331996e-01    5.657623109847476e-01    6.163993691270587e-02
  outer loop
    vertex    3.496988117694855e-02    4.931603968143464e-01    4.985891864635050e-04
    vertex    3.465636819601059e-02    4.928367137908936e-01    7.651698775589466e-03
    vertex    3.548073023557663e-02    4.924652874469758e-01    6.405448220903054e-05
  endloop
endfacet
facet normal    4.247716405523116e-01    8.248717349403190e-01   -3.730357546925578e-01
  outer loop
    vertex    2.423422038555145e-02    4.995731115341187e-01    7.198067847639322e-03
    vertex    2.384446002542973e-02    4.991996884346009e-01    5.928523838520050e-03
    vertex    2.298530936241150e-02    4.999453127384186e-01    6.598973181098700e-03
  endloop
endfacet
facet normal    6.837507203102107e-01    5.451769415278900e-01   -4.850433536309552e-01
  outer loop
    vertex    2.898875065147877e-02    4.986382126808167e-01    1.284957956522703e-02
    vertex    2.423422038555145e-02    4.995731115341187e-01    7.198067847639322e-03
    vertex    2.490998990833759e-02    5.030403137207031e-01    1.204773038625717e-02
  endloop
endfacet
facet normal   -7.516834321131453e-01    6.056164834371102e-01   -2.611526237200597e-01
  outer loop
    vertex    2.119481004774570e-02    5.008066892623901e-01    1.041004993021488e-02
    vertex    2.156722918152809e-02    5.010340809822083e-01    9.865429252386093e-03
    vertex    2.076824009418487e-02    5.001283884048462e-01    1.006487011909485e-02
  endloop
endfacet
facet normal    8.755393839172871e-01   -2.469181254700328e-01    4.152857167349995e-01
  outer loop
    vertex    2.485728077590466e-02    4.900462925434113e-01    1.794767007231712e-02
    vertex    2.668002061545849e-02    4.949049949645997e-01    1.699367910623550e-02
    vertex    2.570828050374985e-02    4.938808977603913e-01    1.843347959220409e-02
  endloop
endfacet
facet normal    9.143251337139284e-01    1.359890948317622e-01    3.814662710461370e-01
  outer loop
    vertex    2.570828050374985e-02    4.938808977603913e-01    1.843347959220409e-02
    vertex    2.565650083124638e-02    4.948776960372925e-01    1.820223964750767e-02
    vertex    2.392143942415714e-02    4.926823973655701e-01    2.314355969429016e-02
  endloop
endfacet
facet normal    9.362978061289307e-01   -1.523929831459410e-01    3.164218654360542e-01
  outer loop
    vertex    2.384150959551334e-02    4.916464984416962e-01    2.288117073476315e-02
    vertex    2.570828050374985e-02    4.938808977603913e-01    1.843347959220409e-02
    vertex    2.392143942415714e-02    4.926823973655701e-01    2.314355969429016e-02
  endloop
endfacet
facet normal   -7.343512927023625e-01    6.784453125498894e-01   -2.097943720532770e-02
  outer loop
    vertex    2.408274076879024e-02    5.038242936134338e-01    1.204553991556168e-02
    vertex    2.337302081286907e-02    5.030214786529541e-01    1.092624012380838e-02
    vertex    2.156722918152809e-02    5.010340809822083e-01    9.865429252386093e-03
  endloop
endfacet
facet normal   -8.099547935978866e-01    5.233048946130278e-01    2.648116681754283e-01
  outer loop
    vertex    2.296027913689613e-02    5.020449161529541e-01    1.212866976857185e-02
    vertex    2.408274076879024e-02    5.038242936134338e-01    1.204553991556168e-02
    vertex    2.156722918152809e-02    5.010340809822083e-01    9.865429252386093e-03
  endloop
endfacet
facet normal   -5.535186957087402e-01    8.322589976763956e-01   -3.101635516266530e-02
  outer loop
    vertex    2.296027913689613e-02    5.020449161529541e-01    1.212866976857185e-02
    vertex    2.156722918152809e-02    5.010340809822083e-01    9.865429252386093e-03
    vertex    2.119481004774570e-02    5.008066892623901e-01    1.041004993021488e-02
  endloop
endfacet
facet normal    7.385237253271693e-01    2.379958682603165e-01    6.308253909124918e-01
  outer loop
    vertex    2.565650083124638e-02    4.948776960372925e-01    1.820223964750767e-02
    vertex    2.668002061545849e-02    4.949049949645997e-01    1.699367910623550e-02
    vertex    2.644670009613037e-02    4.963403940200806e-01    1.672529056668282e-02
  endloop
endfacet
facet normal    3.254344185171438e-01    4.588867355375221e-01    8.267499036541370e-01
  outer loop
    vertex    2.565650083124638e-02    4.948776960372925e-01    1.820223964750767e-02
    vertex    2.476559951901436e-02    4.963792860507966e-01    1.771946996450424e-02
    vertex    2.231132984161377e-02    4.949024915695191e-01    1.950524002313614e-02
  endloop
endfacet
facet normal   -1.201274096966849e-01    5.405511408792200e-01    8.326907406316816e-01
  outer loop
    vertex    1.936458051204681e-02    4.955311119556428e-01    1.841530017554760e-02
    vertex    2.029250934720039e-02    4.972806870937348e-01    1.741340942680836e-02
    vertex    2.000576071441174e-02    4.983395934104920e-01    1.668464019894600e-02
  endloop
endfacet
facet normal   -6.595095708332593e-01    6.271143247203407e-01    4.144571747598072e-01
  outer loop
    vertex    2.029250934720039e-02    4.972806870937348e-01    1.741340942680836e-02
    vertex    2.339880913496017e-02    5.015044808387756e-01    1.596532948315144e-02
    vertex    2.314955927431583e-02    5.015100836753845e-01    1.556023024022579e-02
  endloop
endfacet
facet normal    9.032353165466984e-01    2.170638841846950e-01    3.702016114571068e-01
  outer loop
    vertex    2.330460958182812e-02    4.918262958526612e-01    2.363386005163193e-02
    vertex    1.908094994723797e-02    4.959507882595063e-01    3.152059018611908e-02
    vertex    2.117327041924000e-02    4.929541945457459e-01    2.817266993224621e-02
  endloop
endfacet
facet normal    5.121188434178392e-01    6.153728282542715e-01   -5.992082880457458e-01
  outer loop
    vertex    2.035178989171982e-02    4.953818917274476e-01    2.553902938961983e-02
    vertex    1.812292076647282e-02    4.964247047901154e-01    2.470505051314831e-02
    vertex    1.953385025262833e-02    4.969598054885865e-01    2.646045014262199e-02
  endloop
endfacet
facet normal    9.593372596971277e-01    2.345465229180904e-01   -1.570348711077879e-01
  outer loop
    vertex    1.964744925498962e-02    4.973117113113404e-01    2.768003940582275e-02
    vertex    1.953385025262833e-02    4.969598054885865e-01    2.646045014262199e-02
    vertex    1.875793002545833e-02    5.032051801681519e-01    3.104835934937000e-02
  endloop
endfacet
facet normal    9.493223544635473e-01    1.306775940214252e-02   -3.140323247374304e-01
  outer loop
    vertex    1.758801937103271e-02    4.977588057518006e-01    2.166732028126717e-02
    vertex    1.709597930312156e-02    5.014250278472900e-01    2.033244073390961e-02
    vertex    1.778417080640792e-02    5.001314282417297e-01    2.235901914536953e-02
  endloop
endfacet
facet normal    9.884884384744853e-01   -1.115266614615163e-01    1.022370323587401e-01
  outer loop
    vertex    1.758801937103271e-02    4.977588057518006e-01    2.166732028126717e-02
    vertex    1.778417080640792e-02    5.001314282417297e-01    2.235901914536953e-02
    vertex    1.761133037507534e-02    5.006011724472046e-01    2.454257011413574e-02
  endloop
endfacet
facet normal    9.530274873001966e-01   -2.757880984983505e-01    1.252179427116488e-01
  outer loop
    vertex    1.778417080640792e-02    5.001314282417297e-01    2.235901914536953e-02
    vertex    1.923233084380626e-02    5.068923830986023e-01    2.622791007161140e-02
    vertex    1.786758005619049e-02    5.010486841201782e-01    2.374441921710968e-02
  endloop
endfacet
facet normal    9.621021836355481e-01   -1.684469885079754e-01    2.144411348279622e-01
  outer loop
    vertex    1.761133037507534e-02    5.006011724472046e-01    2.454257011413574e-02
    vertex    1.786758005619049e-02    5.010486841201782e-01    2.374441921710968e-02
    vertex    1.775055006146431e-02    5.054110884666443e-01    2.769622020423412e-02
  endloop
endfacet
facet normal    9.678055986650850e-01    1.141113278862626e-01   -2.243455549828220e-01
  outer loop
    vertex    1.762825064361095e-02    4.986222088336945e-01    2.360898070037365e-02
    vertex    1.761133037507534e-02    5.006011724472046e-01    2.454257011413574e-02
    vertex    1.851967908442020e-02    5.024849176406860e-01    2.941925078630447e-02
  endloop
endfacet
facet normal    9.441147686706902e-01    2.075842938489026e-01   -2.560391855266332e-01
  outer loop
    vertex    1.761133037507534e-02    5.006011724472046e-01    2.454257011413574e-02
    vertex    1.771893911063671e-02    5.049334764480591e-01    2.845178917050362e-02
    vertex    1.851967908442020e-02    5.024849176406860e-01    2.941925078630447e-02
  endloop
endfacet
facet normal    9.031356316656826e-01    4.217049562260834e-01   -8.069052428994067e-02
  outer loop
    vertex    1.771893911063671e-02    5.049334764480591e-01    2.845178917050362e-02
    vertex    1.719129085540771e-02    5.060456991195679e-01    2.835874073207378e-02
    vertex    1.875793002545833e-02    5.032051801681519e-01    3.104835934937000e-02
  endloop
endfacet
facet normal   -5.053839238856571e-01    6.626129580885110e-01    5.527487288552814e-01
  outer loop
    vertex    1.944334059953690e-02    4.987773895263672e-01    1.343481987714767e-02
    vertex    2.111697010695934e-02    5.018900036811829e-01    1.123376004397869e-02
    vertex    1.826556026935577e-02    4.981107115745545e-01    1.315714977681637e-02
  endloop
endfacet
facet normal    6.479471747894894e-02    9.975777978043481e-01   -2.530181642985553e-02
  outer loop
    vertex    1.896511949598789e-02    4.981457889080048e-01    1.633162982761860e-02
    vertex    1.826556026935577e-02    4.981107115745545e-01    1.315714977681637e-02
    vertex    1.472197007387876e-02    4.983546137809754e-01    1.369883026927710e-02
  endloop
endfacet
facet normal    4.287512770208703e-01    8.618025940227370e-01   -2.710509756275646e-01
  outer loop
    vertex    2.384446002542973e-02    4.991996884346009e-01    5.928523838520050e-03
    vertex    2.465412952005863e-02    4.985885918140412e-01    5.266294814646244e-03
    vertex    2.309912070631981e-02    4.992072880268097e-01    4.773701075464487e-03
  endloop
endfacet
facet normal    3.748002113800674e-01    9.107370216959992e-01   -1.734441664102827e-01
  outer loop
    vertex    2.309912070631981e-02    4.992072880268097e-01    4.773701075464487e-03
    vertex    2.920280024409294e-02    4.960317909717560e-01    1.289107953198254e-03
    vertex    2.234397083520889e-02    4.992547035217286e-01    3.390850964933634e-03
  endloop
endfacet
facet normal   -1.299041065007110e-01    7.844905124309234e-01   -6.063823538165661e-01
  outer loop
    vertex    2.450810931622982e-02    4.977527856826783e-01    1.005845027975738e-03
    vertex    2.441756054759026e-02    4.970644116401673e-01    1.346781064057723e-04
    vertex    2.200727909803391e-02    4.986622929573060e-01    2.718243049457669e-03
  endloop
endfacet
facet normal   -7.750890512395402e-01    6.132601795948565e-01   -1.521476742243327e-01
  outer loop
    vertex    2.234397083520889e-02    4.992547035217286e-01    3.390850964933634e-03
    vertex    2.200727909803391e-02    4.986622929573060e-01    2.718243049457669e-03
    vertex    2.172631025314331e-02    4.983659088611603e-01    2.954955911263824e-03
  endloop
endfacet
facet normal    4.784335631926920e-01    8.240576333487709e-01   -3.033650318187101e-01
  outer loop
    vertex    2.384446002542973e-02    4.991996884346009e-01    5.928523838520050e-03
    vertex    2.309912070631981e-02    4.992072880268097e-01    4.773701075464487e-03
    vertex    2.298530936241150e-02    4.999453127384186e-01    6.598973181098700e-03
  endloop
endfacet
facet normal    3.173101486228957e-01    9.377625016798881e-01   -1.411232086653151e-01
  outer loop
    vertex    2.309912070631981e-02    4.992072880268097e-01    4.773701075464487e-03
    vertex    2.234397083520889e-02    4.992547035217286e-01    3.390850964933634e-03
    vertex    2.161150053143501e-02    5.001686215400696e-01    7.816896773874760e-03
  endloop
endfacet
facet normal   -1.949465375572135e-01    9.019741779791516e-01   -3.852770817908687e-01
  outer loop
    vertex    2.298530936241150e-02    4.999453127384186e-01    6.598973181098700e-03
    vertex    2.161150053143501e-02    5.001686215400696e-01    7.816896773874760e-03
    vertex    2.156722918152809e-02    5.010340809822083e-01    9.865429252386093e-03
  endloop
endfacet
facet normal   -7.912335627931736e-01    3.490760189612382e-01   -5.020910097739197e-01
  outer loop
    vertex    2.172631025314331e-02    4.983659088611603e-01    2.954955911263824e-03
    vertex    2.200727909803391e-02    4.986622929573060e-01    2.718243049457669e-03
    vertex    2.073767967522144e-02    4.969142973423005e-01    3.503690939396620e-03
  endloop
endfacet
facet normal   -9.546666172712726e-01   -2.974443466523453e-01    1.176904891591264e-02
  outer loop
    vertex    1.579000055789948e-02    4.865832030773163e-01    8.378354832530022e-04
    vertex    1.630781963467598e-02    4.848926067352295e-01    1.144347988883965e-04
    vertex    1.596603915095329e-02    4.861527979373932e-01    4.239690024405718e-03
  endloop
endfacet
facet normal   -9.986226368029379e-01    4.631758125573872e-03    5.226256864538556e-02
  outer loop
    vertex    1.598085090517998e-02    4.877190887928010e-01    4.383897874504328e-03
    vertex    1.579000055789948e-02    4.865832030773163e-01    8.378354832530022e-04
    vertex    1.596603915095329e-02    4.861527979373932e-01    4.239690024405718e-03
  endloop
endfacet
facet normal   -8.510106386419847e-01    4.697802510329321e-01   -2.347070698926570e-01
  outer loop
    vertex    1.696635037660599e-02    4.908396899700165e-01    5.961277056485415e-03
    vertex    1.691189967095852e-02    4.896559119224549e-01    3.789304057136178e-03
    vertex    1.526010967791080e-02    4.896253049373627e-01    9.717171080410480e-03
  endloop
endfacet
facet normal   -9.476588619755794e-01    2.377978544757314e-01   -2.130606996278023e-01
  outer loop
    vertex    1.526010967791080e-02    4.896253049373627e-01    9.717171080410480e-03
    vertex    1.598085090517998e-02    4.877190887928010e-01    4.383897874504328e-03
    vertex    1.491404976695776e-02    4.879607856273652e-01    9.398612193763256e-03
  endloop
endfacet
facet normal   -9.551962094331624e-01   -2.797125791030071e-01   -9.675264635172567e-02
  outer loop
    vertex    1.491404976695776e-02    4.879607856273652e-01    9.398612193763256e-03
    vertex    1.596603915095329e-02    4.861527979373932e-01    4.239690024405718e-03
    vertex    1.525210030376911e-02    4.869354069232941e-01    9.025565348565578e-03
  endloop
endfacet
facet normal   -7.955533051609430e-01    5.021342818632490e-01   -3.390517683557756e-01
  outer loop
    vertex    2.076824009418487e-02    5.001283884048462e-01    1.006487011909485e-02
    vertex    2.019830048084259e-02    4.990080893039704e-01    9.743021801114082e-03
    vertex    1.994526945054531e-02    4.990499019622803e-01    1.039865985512733e-02
  endloop
endfacet
facet normal   -8.667423069478518e-01    3.485682797539985e-01   -3.567322913559323e-01
  outer loop
    vertex    2.019830048084259e-02    4.990080893039704e-01    9.743021801114082e-03
    vertex    1.892860047519207e-02    4.963208138942719e-01    1.020220015197992e-02
    vertex    1.994526945054531e-02    4.990499019622803e-01    1.039865985512733e-02
  endloop
endfacet
facet normal   -8.536810396024012e-01    4.485661613544450e-01    2.646074101590913e-01
  outer loop
    vertex    2.019830048084259e-02    4.990080893039704e-01    9.743021801114082e-03
    vertex    1.526010967791080e-02    4.896253049373627e-01    9.717171080410480e-03
    vertex    1.892860047519207e-02    4.963208138942719e-01    1.020220015197992e-02
  endloop
endfacet
facet normal   -7.213808418476179e-01    2.718766524748322e-01   -6.369401595552768e-01
  outer loop
    vertex    1.526010967791080e-02    4.896253049373627e-01    9.717171080410480e-03
    vertex    1.491404976695776e-02    4.879607856273652e-01    9.398612193763256e-03
    vertex    1.387559995055198e-02    4.875021874904633e-01    1.037898007780313e-02
  endloop
endfacet
facet normal   -8.454018042281596e-01    4.753864019458547e-01   -2.435232191244748e-01
  outer loop
    vertex    1.526010967791080e-02    4.896253049373627e-01    9.717171080410480e-03
    vertex    1.387559995055198e-02    4.875021874904633e-01    1.037898007780313e-02
    vertex    1.469097007066011e-02    4.888963103294373e-01    1.026988029479980e-02
  endloop
endfacet
facet normal   -1.887107273822007e-01   -7.975534864562865e-01   -5.729718122318957e-01
  outer loop
    vertex    1.491404976695776e-02    4.879607856273652e-01    9.398612193763256e-03
    vertex    1.457033026963472e-02    4.873074889183045e-01    1.042118016630411e-02
    vertex    1.387559995055198e-02    4.875021874904633e-01    1.037898007780313e-02
  endloop
endfacet
facet normal   -4.016349288663442e-01    4.838915946258124e-02   -9.145205701136697e-01
  outer loop
    vertex    1.994526945054531e-02    4.990499019622803e-01    1.039865985512733e-02
    vertex    1.802897080779076e-02    4.939638972282410e-01    1.097114011645317e-02
    vertex    1.655942946672440e-02    4.979518949985505e-01    1.182753965258598e-02
  endloop
endfacet
facet normal   -2.401946278188172e-01    1.061810560325689e-01   -9.649000591288137e-01
  outer loop
    vertex    1.655942946672440e-02    4.979518949985505e-01    1.182753965258598e-02
    vertex    1.751499064266682e-02    4.918893873691559e-01    1.092252973467112e-02
    vertex    1.530511956661939e-02    4.969474971294404e-01    1.202925015240908e-02
  endloop
endfacet
facet normal    4.254000766985895e-02    3.563790580522520e-01   -9.333725487334830e-01
  outer loop
    vertex    1.530511956661939e-02    4.969474971294404e-01    1.202925015240908e-02
    vertex    1.398503966629505e-02    4.974308013916016e-01    1.215361990034580e-02
    vertex    1.560973003506660e-02    4.977472126483918e-01    1.234847959131002e-02
  endloop
endfacet
facet normal    2.355478744804120e-01    1.317520564611746e-01   -9.628907489668863e-01
  outer loop
    vertex    1.449606008827686e-02    4.984273910522461e-01    1.248325966298580e-02
    vertex    1.108083035796881e-02    4.993788897991181e-01    1.177799981087446e-02
    vertex    1.167092006653547e-02    5.017712712287903e-01    1.224969979375601e-02
  endloop
endfacet
facet normal    1.831327798162513e-01   -1.722262757344828e-01   -9.678845462674783e-01
  outer loop
    vertex    7.898502051830290e-03    4.920459985733033e-01    1.036791969090700e-02
    vertex    6.432612892240285e-03    4.912573099136353e-01    1.023089978843927e-02
    vertex    7.265670225024222e-03    4.925476908683777e-01    1.015891041606665e-02
  endloop
endfacet
facet normal    3.378176370557034e-01    3.426443388705150e-02   -9.405876847293403e-01
  outer loop
    vertex    7.898502051830290e-03    4.920459985733033e-01    1.036791969090700e-02
    vertex    7.265670225024222e-03    4.925476908683777e-01    1.015891041606665e-02
    vertex    1.108083035796881e-02    4.993788897991181e-01    1.177799981087446e-02
  endloop
endfacet
facet normal    5.590220464949601e-01   -1.176770473553694e-01   -8.207596871547170e-01
  outer loop
    vertex    1.108083035796881e-02    4.993788897991181e-01    1.177799981087446e-02
    vertex    7.265670225024222e-03    4.925476908683777e-01    1.015891041606665e-02
    vertex    1.066600997000933e-02    5.010914802551270e-01    1.124992035329342e-02
  endloop
endfacet
facet normal    7.590208426644295e-01   -2.217498630970577e-01   -6.121391660541053e-01
  outer loop
    vertex    1.167092006653547e-02    5.017712712287903e-01    1.224969979375601e-02
    vertex    1.066600997000933e-02    5.010914802551270e-01    1.124992035329342e-02
    vertex    9.932681918144226e-03    5.022953748703003e-01    9.904515929520130e-03
  endloop
endfacet
facet normal    8.148199274552556e-01   -3.074904753817259e-01   -4.914449036986061e-01
  outer loop
    vertex    1.066600997000933e-02    5.010914802551270e-01    1.124992035329342e-02
    vertex    6.656990852206945e-03    4.940761923789979e-01    8.992303162813187e-03
    vertex    8.970909751951693e-03    5.005602240562439e-01    8.771829307079315e-03
  endloop
endfacet
facet normal    7.092036348220412e-01   -3.337756617898736e-01   -6.209863218718563e-01
  outer loop
    vertex    6.789340171962976e-03    4.931310117244721e-01    9.631202556192875e-03
    vertex    6.432612892240285e-03    4.912573099136353e-01    1.023089978843927e-02
    vertex    5.733081139624118e-03    4.926115870475770e-01    8.704078383743763e-03
  endloop
endfacet
facet normal    8.233986763485212e-01   -3.031911491593470e-01   -4.796767107739732e-01
  outer loop
    vertex    6.384813226759433e-03    4.950661063194275e-01    7.899392396211624e-03
    vertex    6.656990852206945e-03    4.940761923789979e-01    8.992303162813187e-03
    vertex    4.782600793987512e-03    4.949173033237458e-01    5.243137013167143e-03
  endloop
endfacet
facet normal    8.126062952317190e-01   -3.433795887905090e-01   -4.709155624438858e-01
  outer loop
    vertex    5.864366888999938e-03    5.004085898399353e-01    3.105713985860348e-03
    vertex    6.384813226759433e-03    4.950661063194275e-01    7.899392396211624e-03
    vertex    4.782600793987512e-03    4.949173033237458e-01    5.243137013167143e-03
  endloop
endfacet
facet normal    4.524099045447095e-01   -5.541146777174198e-01   -6.987719243129098e-01
  outer loop
    vertex    6.432612892240285e-03    4.912573099136353e-01    1.023089978843927e-02
    vertex    4.520855844020843e-03    4.912342131137848e-01    9.011475369334221e-03
    vertex    5.733081139624118e-03    4.926115870475770e-01    8.704078383743763e-03
  endloop
endfacet
facet normal    7.153691911978025e-01   -6.465512041097639e-01   -2.649876615037315e-01
  outer loop
    vertex    4.510230850428342e-03    4.913957118988038e-01    8.369482122361660e-03
    vertex    8.546253411622335e-06    4.888660907745362e-01    2.388687105849385e-03
    vertex    5.733081139624118e-03    4.926115870475770e-01    8.704078383743763e-03
  endloop
endfacet
facet normal    6.114247304571957e-01   -7.805377804453182e-01   -1.300791001000619e-01
  outer loop
    vertex    4.510230850428342e-03    4.913957118988038e-01    8.369482122361660e-03
    vertex   -8.140801801346251e-04    4.881578087806702e-01    2.772043924778700e-03
    vertex    8.546253411622335e-06    4.888660907745362e-01    2.388687105849385e-03
  endloop
endfacet
facet normal    8.489324182130320e-01   -3.284117859612433e-01   -4.140766211086063e-01
  outer loop
    vertex    4.782600793987512e-03    4.949173033237458e-01    5.243137013167143e-03
    vertex    5.362918134778737e-03    5.005872249603271e-01    1.935973996296525e-03
    vertex    5.864366888999938e-03    5.004085898399353e-01    3.105713985860348e-03
  endloop
endfacet
facet normal    8.973493131521126e-01   -2.690073530192565e-01   -3.498560478353985e-01
  outer loop
    vertex    9.932681918144226e-03    5.022953748703003e-01    9.904515929520130e-03
    vertex    8.970909751951693e-03    5.005602240562439e-01    8.771829307079315e-03
    vertex    9.500778280198574e-03    5.021970272064209e-01    8.872342295944691e-03
  endloop
endfacet
facet normal   -6.647819630884548e-02    9.930855182689614e-01   -9.675640971011228e-02
  outer loop
    vertex    9.500778280198574e-03    5.021970272064209e-01    8.872342295944691e-03
    vertex    6.034499034285544e-03    5.014061927795410e-01    3.136968007311225e-03
    vertex    6.229158025234937e-03    5.015122890472412e-01    4.092171788215637e-03
  endloop
endfacet
facet normal   -3.411640536146641e-01    9.384894172928859e-01    5.333574927260112e-02
  outer loop
    vertex    9.932681918144226e-03    5.022953748703003e-01    9.904515929520130e-03
    vertex    9.500778280198574e-03    5.021970272064209e-01    8.872342295944691e-03
    vertex    6.253466010093688e-03    5.011928081512451e-01    5.770909134298563e-03
  endloop
endfacet
facet normal    7.932440237239434e-01   -5.840906424609833e-01   -1.720524344953123e-01
  outer loop
    vertex    8.546253411622335e-06    4.888660907745362e-01    2.388687105849385e-03
    vertex    6.306192954070857e-04    4.898400902748108e-01    1.950168050825596e-03
    vertex    1.478131976909935e-03    4.906812012195588e-01    3.002169076353312e-03
  endloop
endfacet
facet normal   -6.766745835063827e-02    1.849523023813836e-01   -9.804150962343399e-01
  outer loop
    vertex    1.530511956661939e-02    4.969474971294404e-01    1.202925015240908e-02
    vertex    1.751499064266682e-02    4.918893873691559e-01    1.092252973467112e-02
    vertex    1.628359965980053e-02    4.915874004364014e-01    1.095055043697357e-02
  endloop
endfacet
facet normal    4.487738571433661e-02    2.183573124681950e-01   -9.748364500484754e-01
  outer loop
    vertex    1.398503966629505e-02    4.974308013916016e-01    1.215361990034580e-02
    vertex    1.628359965980053e-02    4.915874004364014e-01    1.095055043697357e-02
    vertex    1.418820023536682e-02    4.935126006603242e-01    1.128531992435455e-02
  endloop
endfacet
facet normal    9.039005976160959e-02    2.199372904086658e-01   -9.713172629908247e-01
  outer loop
    vertex    1.398503966629505e-02    4.974308013916016e-01    1.215361990034580e-02
    vertex    1.418820023536682e-02    4.935126006603242e-01    1.128531992435455e-02
    vertex    7.898502051830290e-03    4.920459985733033e-01    1.036791969090700e-02
  endloop
endfacet
facet normal    3.918075257919538e-02    2.124273885986905e-01   -9.763910452275096e-01
  outer loop
    vertex    1.628359965980053e-02    4.915874004364014e-01    1.095055043697357e-02
    vertex    1.256460044533014e-02    4.890643060207367e-01    1.025237981230021e-02
    vertex    1.418820023536682e-02    4.935126006603242e-01    1.128531992435455e-02
  endloop
endfacet
facet normal    9.790598986535640e-02    1.910608941074234e-01   -9.766832403043254e-01
  outer loop
    vertex    1.418820023536682e-02    4.935126006603242e-01    1.128531992435455e-02
    vertex    1.256460044533014e-02    4.890643060207367e-01    1.025237981230021e-02
    vertex    7.898502051830290e-03    4.920459985733033e-01    1.036791969090700e-02
  endloop
endfacet
facet normal    9.681513846470871e-02   -7.033741686340215e-03   -9.952775268446229e-01
  outer loop
    vertex    7.898502051830290e-03    4.920459985733033e-01    1.036791969090700e-02
    vertex    8.134283125400541e-03    4.907208979129792e-01    1.040021982043982e-02
    vertex    6.432612892240285e-03    4.912573099136353e-01    1.023089978843927e-02
  endloop
endfacet
facet normal    2.218799933995790e-01    9.304668259719059e-01    2.915488883442532e-01
  outer loop
    vertex   -2.322275005280973e-02    5.023412704467773e-01    4.932989832013845e-04
    vertex   -2.785350941121580e-02    5.035787224769592e-01    6.820661656092852e-05
    vertex   -2.741722017526628e-02    5.032637119293213e-01    7.415174040943384e-04
  endloop
endfacet
facet normal   -5.698125844770591e-02    7.364268909583692e-01    6.741131733315304e-01
  outer loop
    vertex   -2.776183001697065e-02    5.005807876586914e-01    3.643316915258765e-03
    vertex   -2.741722017526628e-02    5.032637119293213e-01    7.415174040943384e-04
    vertex   -2.889947034418584e-02    4.998478889465333e-01    4.347801208496094e-03
  endloop
endfacet
facet normal    7.641136166858099e-02    8.254609110937887e-01    5.592634335124774e-01
  outer loop
    vertex   -8.386975154280678e-03    5.010250806808472e-01    7.285198080353439e-04
    vertex   -2.180982008576395e-02    5.008406043052673e-01    2.834747079759836e-03
    vertex   -2.060627005994322e-02    5.003777742385864e-01    3.353435080498457e-03
  endloop
endfacet
facet normal   -3.895024303786013e-02    8.126894475143893e-01    5.813937912173197e-01
  outer loop
    vertex   -8.733911439776436e-03    4.979532063007355e-01    4.833085928112268e-03
    vertex   -6.938766222447172e-03    5.008429288864136e-01    9.140112088061869e-04
    vertex   -1.057863980531694e-02    4.980314970016480e-01    4.600062035024166e-03
  endloop
endfacet
facet normal    9.093226457410739e-02    9.666726992077413e-01    2.393224098697073e-01
  outer loop
    vertex   -6.938766222447172e-03    5.008429288864136e-01    9.140112088061869e-04
    vertex   -6.493860855698600e-03    5.009899139404297e-01    1.512632006779313e-04
    vertex   -8.386975154280678e-03    5.010250806808472e-01    7.285198080353439e-04
  endloop
endfacet
facet normal   -9.415170022080803e-02    9.863410806925011e-01    1.351544667551913e-01
  outer loop
    vertex   -4.972768947482124e-03    5.010467767715454e-01    7.959125796332955e-04
    vertex   -6.493860855698600e-03    5.009899139404297e-01    1.512632006779313e-04
    vertex   -6.938766222447172e-03    5.008429288864136e-01    9.140112088061869e-04
  endloop
endfacet
facet normal   -1.529431846750605e-01    8.275590173106089e-01    5.401429950757021e-01
  outer loop
    vertex   -7.091029081493631e-03    4.979932904243470e-01    5.236859899014235e-03
    vertex   -6.938766222447172e-03    5.008429288864136e-01    9.140112088061869e-04
    vertex   -8.733911439776436e-03    4.979532063007355e-01    4.833085928112268e-03
  endloop
endfacet
facet normal   -6.551395877895340e-01    7.285257234112790e-01    2.001059490345856e-01
  outer loop
    vertex    8.330056443810461e-03    4.990476071834565e-01    2.142076008021832e-02
    vertex    9.057009592652319e-03    4.996812045574189e-01    2.149404026567936e-02
    vertex    3.623354947194456e-03    4.968738853931428e-01    1.392505969852209e-02
  endloop
endfacet
facet normal   -5.983024961526091e-01    7.846034271300284e-01    1.625779358749868e-01
  outer loop
    vertex    9.057009592652319e-03    4.996812045574189e-01    2.149404026567936e-02
    vertex    7.863763719797133e-03    4.996181130409241e-01    1.740726083517075e-02
    vertex    4.194717854261397e-03    4.977236092090607e-01    1.304772030562162e-02
  endloop
endfacet
facet normal   -4.620462310099827e-01    8.758538361165188e-01    1.392599661404810e-01
  outer loop
    vertex    9.057009592652319e-03    4.996812045574189e-01    2.149404026567936e-02
    vertex    1.081219967454672e-02    5.020666122436523e-01    1.231488026678562e-02
    vertex    9.182061068713663e-03    5.010272264480591e-01    1.344334986060858e-02
  endloop
endfacet
facet normal   -1.611839426396280e-01    9.622637204603472e-01    2.192447694266746e-01
  outer loop
    vertex    9.057009592652319e-03    4.996812045574189e-01    2.149404026567936e-02
    vertex    1.162356045097113e-02    5.019204020500183e-01    1.355309039354324e-02
    vertex    1.081219967454672e-02    5.020666122436523e-01    1.231488026678562e-02
  endloop
endfacet
facet normal   -5.709606258972907e-01    7.903793606379710e-01    2.220460086389446e-01
  outer loop
    vertex    4.194717854261397e-03    4.977236092090607e-01    1.304772030562162e-02
    vertex    3.534789895638823e-03    4.976029098033906e-01    1.178043987601995e-02
    vertex    1.349269994534551e-03    4.960078895092011e-01    1.183819957077503e-02
  endloop
endfacet
facet normal   -1.572613883701550e-02    2.715555842861809e-01    9.622942653888518e-01
  outer loop
    vertex   -1.837036944925786e-02    4.983310997486115e-01    4.169526975601912e-03
    vertex   -2.551073953509332e-02    4.941791892051697e-01    5.224489141255617e-03
    vertex   -2.138306945562364e-02    4.936127066612244e-01    5.451804026961327e-03
  endloop
endfacet
facet normal    5.812790197206662e-02    4.239003434872635e-01    9.038416043775068e-01
  outer loop
    vertex   -2.060627005994322e-02    5.003777742385864e-01    3.353435080498457e-03
    vertex   -2.312684990465642e-02    4.992494881153107e-01    4.044703207910061e-03
    vertex   -1.837036944925786e-02    4.983310997486115e-01    4.169526975601912e-03
  endloop
endfacet
facet normal    6.563895997900762e-02   -5.342883922870817e-01    8.427499277959979e-01
  outer loop
    vertex   -1.649549975991250e-02    4.936228096485138e-01    5.625719204545021e-03
    vertex   -2.200640924274923e-02    4.927507936954499e-01    5.502102896571159e-03
    vertex   -1.580101065337659e-02    4.930900931358338e-01    5.233895033597946e-03
  endloop
endfacet
facet normal   -1.090845686253065e-01    2.932198263402033e-01    9.498013952026243e-01
  outer loop
    vertex   -1.058403030037882e-02    4.966424107551575e-01    5.538307130336761e-03
    vertex   -1.675589010119440e-02    4.942145943641663e-01    5.578977987170219e-03
    vertex   -1.105097960680725e-02    4.930734038352967e-01    6.586491130292416e-03
  endloop
endfacet
facet normal   -2.228438963693313e-01   -7.492440532282642e-01    6.236777585845247e-01
  outer loop
    vertex   -1.649549975991250e-02    4.936228096485138e-01    5.625719204545021e-03
    vertex   -1.580101065337659e-02    4.930900931358338e-01    5.233895033597946e-03
    vertex   -1.086227968335153e-02    4.925026893615723e-01    6.292867008596659e-03
  endloop
endfacet
facet normal   -3.199500082667014e-01   -5.149451883047790e-01    7.952757039240502e-01
  outer loop
    vertex   -1.105097960680725e-02    4.930734038352967e-01    6.586491130292416e-03
    vertex   -1.086227968335153e-02    4.925026893615723e-01    6.292867008596659e-03
    vertex   -8.124276064336316e-03    4.918369054794312e-01    6.963303778320551e-03
  endloop
endfacet
facet normal   -4.004148640215192e-01   -8.283692085311891e-01    3.917555245660739e-01
  outer loop
    vertex   -1.105097960680725e-02    4.930734038352967e-01    6.586491130292416e-03
    vertex   -8.124276064336316e-03    4.918369054794312e-01    6.963303778320551e-03
    vertex   -6.633144803345218e-03    4.917438924312592e-01    8.290718309581280e-03
  endloop
endfacet
facet normal   -4.978742132558970e-01   -6.541556524307929e-01    5.693870828949894e-01
  outer loop
    vertex   -8.915307931602017e-03    4.926944971084595e-01    7.387313991785049e-03
    vertex   -6.633144803345218e-03    4.917438924312592e-01    8.290718309581280e-03
    vertex   -1.186963054351509e-03    4.904797971248627e-01    1.160059031099081e-02
  endloop
endfacet
facet normal   -5.867367460497094e-01    3.280438287116835e-01    7.403561556974985e-01
  outer loop
    vertex   -4.138034128118315e-04    4.915856122970582e-01    1.227875985205173e-02
    vertex   -1.871422049589456e-03    4.910368919372559e-01    1.136672031134367e-02
    vertex    7.376132998615418e-05    4.905078113079072e-01    1.314271986484528e-02
  endloop
endfacet
facet normal   -6.366908315774683e-01   -5.594748197412167e-01    5.306719429748714e-01
  outer loop
    vertex   -1.871422049589456e-03    4.910368919372559e-01    1.136672031134367e-02
    vertex   -1.186963054351509e-03    4.904797971248627e-01    1.160059031099081e-02
    vertex    7.376132998615418e-05    4.905078113079072e-01    1.314271986484528e-02
  endloop
endfacet
facet normal   -6.989621880422744e-01    3.884160953903718e-01    6.004871326921617e-01
  outer loop
    vertex    1.349269994534551e-03    4.960078895092011e-01    1.183819957077503e-02
    vertex    2.516923937946557e-03    4.952735900878907e-01    1.367230992764235e-02
    vertex    3.623354947194456e-03    4.968738853931428e-01    1.392505969852209e-02
  endloop
endfacet
facet normal   -7.217953683286948e-01    3.473998938767878e-01    5.986023387806302e-01
  outer loop
    vertex    1.349269994534551e-03    4.960078895092011e-01    1.183819957077503e-02
    vertex   -4.138034128118315e-04    4.915856122970582e-01    1.227875985205173e-02
    vertex    2.516923937946557e-03    4.952735900878907e-01    1.367230992764235e-02
  endloop
endfacet
facet normal   -9.060722910126314e-01   -7.626093250428440e-02    4.161937933615762e-01
  outer loop
    vertex   -4.138034128118315e-04    4.915856122970582e-01    1.227875985205173e-02
    vertex    7.376132998615418e-05    4.905078113079072e-01    1.314271986484528e-02
    vertex    3.389515914022914e-04    4.907642006874085e-01    1.376703009009361e-02
  endloop
endfacet
facet normal   -8.161748261966107e-01    5.093491967633066e-01    2.728040484294663e-01
  outer loop
    vertex    6.451081018894910e-03    4.976185858249665e-01    1.925555057823658e-02
    vertex    3.389515914022914e-04    4.907642006874085e-01    1.376703009009361e-02
    vertex    6.677269935607909e-03    4.972982108592988e-01    2.053043060004711e-02
  endloop
endfacet
facet normal   -8.311364502145667e-01    5.177521283272259e-01    2.028421424096995e-01
  outer loop
    vertex    1.296064001508056e-03    4.901238083839417e-01    2.033591084182262e-02
    vertex    2.358325989916920e-03    4.909108877182007e-01    2.267947047948837e-02
    vertex    4.473759792745113e-03    4.942691028118134e-01    2.277556061744690e-02
  endloop
endfacet
facet normal   -7.426311192006508e-01    6.572415078528346e-01    1.285792407432903e-01
  outer loop
    vertex    5.036966875195502e-03    4.951153099536896e-01    2.193487063050270e-02
    vertex    5.657710134983062e-03    4.953626096248627e-01    2.425598911941051e-02
    vertex    9.019725024700163e-03    4.994517862796784e-01    2.277177013456821e-02
  endloop
endfacet
facet normal   -6.691466499669885e-01    5.671509002614271e-01    4.801901885405505e-01
  outer loop
    vertex    5.657710134983062e-03    4.953626096248627e-01    2.425598911941051e-02
    vertex    6.581590045243501e-03    4.957239925861359e-01    2.511659078299999e-02
    vertex    7.107694167643785e-03    4.965651929378510e-01    2.485617995262146e-02
  endloop
endfacet
facet normal   -6.867315574249521e-01    3.070523800962872e-01    6.588767744532394e-01
  outer loop
    vertex    5.657710134983062e-03    4.953626096248627e-01    2.425598911941051e-02
    vertex    3.267703112214803e-03    4.914548099040986e-01    2.358607016503811e-02
    vertex    4.706966225057839e-03    4.925181865692139e-01    2.459062077105045e-02
  endloop
endfacet
facet normal   -5.674396592168485e-01   -3.175745218305382e-01    7.597095867711370e-01
  outer loop
    vertex    2.358325989916920e-03    4.909108877182007e-01    2.267947047948837e-02
    vertex    3.364912001416086e-03    4.911721050739289e-01    2.354050055146217e-02
    vertex    3.267703112214803e-03    4.914548099040986e-01    2.358607016503811e-02
  endloop
endfacet
facet normal   -6.622114679830458e-01    3.988269117865074e-01    6.343603598165456e-01
  outer loop
    vertex    1.078739017248154e-02    4.972626864910126e-01    2.795509994029999e-02
    vertex    4.706966225057839e-03    4.925181865692139e-01    2.459062077105045e-02
    vertex    1.118123997002840e-02    4.955081045627595e-01    2.946935966610909e-02
  endloop
endfacet
facet normal   -6.444957823534897e-01    4.305450014488227e-01    6.318672235968539e-01
  outer loop
    vertex    1.276076026260853e-02    4.992468953132630e-01    2.861589938402176e-02
    vertex    1.078739017248154e-02    4.972626864910126e-01    2.795509994029999e-02
    vertex    1.484716031700373e-02    4.965429902076722e-01    3.258639946579933e-02
  endloop
endfacet
facet normal   -3.796243105516323e-01   -4.997156775498010e-01    7.785689593408801e-01
  outer loop
    vertex    1.484716031700373e-02    4.965429902076722e-01    3.258639946579933e-02
    vertex    3.364912001416086e-03    4.911721050739289e-01    2.354050055146217e-02
    vertex    1.211558002978563e-02    4.949280023574830e-01    3.021793998777866e-02
  endloop
endfacet
facet normal   -6.561768925206796e-01    4.031995231503431e-01    6.378573745385722e-01
  outer loop
    vertex    1.078739017248154e-02    4.972626864910126e-01    2.795509994029999e-02
    vertex    1.118123997002840e-02    4.955081045627595e-01    2.946935966610909e-02
    vertex    1.484716031700373e-02    4.965429902076722e-01    3.258639946579933e-02
  endloop
endfacet
facet normal   -4.623898032611112e-02   -8.704127362378093e-01    4.901465345112740e-01
  outer loop
    vertex    1.597861014306545e-02    4.965107142925263e-01    3.339298069477081e-02
    vertex    1.211558002978563e-02    4.949280023574830e-01    3.021793998777866e-02
    vertex    1.538849994540214e-02    4.959366023540497e-01    3.231779113411903e-02
  endloop
endfacet
facet normal   -5.448984357848512e-01    5.316667662343042e-01    6.483950526964098e-01
  outer loop
    vertex    1.276076026260853e-02    4.992468953132630e-01    2.861589938402176e-02
    vertex    1.484716031700373e-02    4.965429902076722e-01    3.258639946579933e-02
    vertex    1.444489974528551e-02    4.990778863430024e-01    3.016979992389679e-02
  endloop
endfacet
facet normal   -4.625657224790101e-01    4.039147314968211e-01    7.892311715000380e-01
  outer loop
    vertex    1.444489974528551e-02    4.990778863430024e-01    3.016979992389679e-02
    vertex    1.744111068546772e-02    4.970844984054566e-01    3.294605016708374e-02
    vertex    1.754076033830643e-02    4.983608126640320e-01    3.235125914216042e-02
  endloop
endfacet
facet normal    1.814129942858544e-01    2.126502703690273e-01    9.601401918554500e-01
  outer loop
    vertex    1.875793002545833e-02    5.032051801681519e-01    3.104835934937000e-02
    vertex    1.809326000511646e-02    5.034477114677429e-01    3.112022951245308e-02
    vertex    1.754076033830643e-02    4.983608126640320e-01    3.235125914216042e-02
  endloop
endfacet
facet normal    2.387766739112746e-01    1.958133092093286e-01    9.511271460390354e-01
  outer loop
    vertex    1.875793002545833e-02    5.032051801681519e-01    3.104835934937000e-02
    vertex    1.754076033830643e-02    4.983608126640320e-01    3.235125914216042e-02
    vertex    1.817500032484531e-02    4.963194131851197e-01    3.261230885982513e-02
  endloop
endfacet
facet normal   -5.887028579232363e-01    3.311194111745487e-01    7.374204232433722e-01
  outer loop
    vertex    1.809326000511646e-02    5.034477114677429e-01    3.112022951245308e-02
    vertex    1.448552031069994e-02    5.007809996604919e-01    2.943748980760574e-02
    vertex    1.444489974528551e-02    4.990778863430024e-01    3.016979992389679e-02
  endloop
endfacet
facet normal   -6.246296954689950e-01    3.210012321140986e-01    7.118960264810732e-01
  outer loop
    vertex    1.448552031069994e-02    5.007809996604919e-01    2.943748980760574e-02
    vertex    1.276076026260853e-02    4.992468953132630e-01    2.861589938402176e-02
    vertex    1.444489974528551e-02    4.990778863430024e-01    3.016979992389679e-02
  endloop
endfacet
facet normal   -1.313762388700045e-01    7.002524161523523e-01    7.017028128297365e-01
  outer loop
    vertex    1.719129085540771e-02    5.060456991195679e-01    2.835874073207378e-02
    vertex    1.687089912593364e-02    5.055485963821411e-01    2.879483066499233e-02
    vertex    1.809326000511646e-02    5.034477114677429e-01    3.112022951245308e-02
  endloop
endfacet
facet normal    3.329024084567241e-01    7.386354514647560e-01    5.861686244445097e-01
  outer loop
    vertex    1.719129085540771e-02    5.060456991195679e-01    2.835874073207378e-02
    vertex    1.809326000511646e-02    5.034477114677429e-01    3.112022951245308e-02
    vertex    1.875793002545833e-02    5.032051801681519e-01    3.104835934937000e-02
  endloop
endfacet
facet normal   -5.990456852015006e-01    3.587100083926840e-01    7.158710756277175e-01
  outer loop
    vertex    1.671084947884082e-02    5.040971040725708e-01    2.963802032172680e-02
    vertex    1.448552031069994e-02    5.007809996604919e-01    2.943748980760574e-02
    vertex    1.809326000511646e-02    5.034477114677429e-01    3.112022951245308e-02
  endloop
endfacet
facet normal    5.529866249564911e-01    7.618173319784715e-01    3.374020529226706e-01
  outer loop
    vertex    1.162356045097113e-02    5.019204020500183e-01    1.355309039354324e-02
    vertex    1.001316029578447e-02    5.000743269920349e-01    2.036070078611374e-02
    vertex    1.088733039796352e-02    5.001587271690369e-01    1.873740926384926e-02
  endloop
endfacet
facet normal   -1.889169274264705e-01    1.038141548076790e-01    9.764901514062029e-01
  outer loop
    vertex    9.057009592652319e-03    4.996812045574189e-01    2.149404026567936e-02
    vertex    8.330056443810461e-03    4.990476071834565e-01    2.142076008021832e-02
    vertex    1.011530030518770e-02    5.000793933868408e-01    2.165644988417625e-02
  endloop
endfacet
facet normal   -5.506670013766625e-01    8.341281037263603e-01    3.156200514386354e-02
  outer loop
    vertex    8.330056443810461e-03    4.990476071834565e-01    2.142076008021832e-02
    vertex    9.019725024700163e-03    4.994517862796784e-01    2.277177013456821e-02
    vertex    1.103390008211136e-02    5.007879137992859e-01    2.260188944637775e-02
  endloop
endfacet
facet normal   -6.350541497609152e-01    5.806369937345793e-01    5.094770930849702e-01
  outer loop
    vertex    9.784160181879996e-03    4.998883008956910e-01    2.357747964560986e-02
    vertex    1.133379992097616e-02    5.000026822090149e-01    2.537872083485126e-02
    vertex    1.521455030888319e-02    5.043594837188721e-01    2.525068074464798e-02
  endloop
endfacet
facet normal   -6.806370032172093e-01    6.224960127284013e-01    3.863055578020318e-01
  outer loop
    vertex    1.133379992097616e-02    5.000026822090149e-01    2.537872083485126e-02
    vertex    1.243383996188640e-02    5.007185935974121e-01    2.616327069699764e-02
    vertex    1.368658989667892e-02    5.022785067558289e-01    2.585685066878796e-02
  endloop
endfacet
facet normal   -6.976722411685728e-01    6.178857448721873e-01    3.625888169629106e-01
  outer loop
    vertex    1.368658989667892e-02    5.022785067558289e-01    2.585685066878796e-02
    vertex    1.747890003025531e-02    5.060797929763794e-01    2.667604014277458e-02
    vertex    1.521455030888319e-02    5.043594837188721e-01    2.525068074464798e-02
  endloop
endfacet
facet normal   -4.732166521202998e-01    8.611751374662099e-01   -1.855892851597575e-01
  outer loop
    vertex    1.103390008211136e-02    5.007879137992859e-01    2.260188944637775e-02
    vertex    1.011530030518770e-02    5.000793933868408e-01    2.165644988417625e-02
    vertex    8.330056443810461e-03    4.990476071834565e-01    2.142076008021832e-02
  endloop
endfacet
facet normal    9.276021364449732e-01    8.223602683059351e-02    3.644056974771926e-01
  outer loop
    vertex    2.998710982501507e-02    4.968965053558350e-01    1.257883012294769e-02
    vertex    2.949411049485207e-02    4.980319142341614e-01    1.357754040509462e-02
    vertex    2.933841943740845e-02    4.967047870159150e-01    1.427335012704134e-02
  endloop
endfacet
facet normal   -7.701610632541054e-01    6.216584858418071e-01    1.428028838230428e-01
  outer loop
    vertex    1.719129085540771e-02    5.060456991195679e-01    2.835874073207378e-02
    vertex    1.368658989667892e-02    5.022785067558289e-01    2.585685066878796e-02
    vertex    1.687089912593364e-02    5.055485963821411e-01    2.879483066499233e-02
  endloop
endfacet
facet normal   -7.626975191095877e-01    4.448807874177925e-01    4.694396439699199e-01
  outer loop
    vertex    1.448552031069994e-02    5.007809996604919e-01    2.943748980760574e-02
    vertex    1.687089912593364e-02    5.055485963821411e-01    2.879483066499233e-02
    vertex    1.243383996188640e-02    5.007185935974121e-01    2.616327069699764e-02
  endloop
endfacet
facet normal   -2.789880299440957e-01   -9.454380362181506e-01    1.682634803511422e-01
  outer loop
    vertex    3.035596944391727e-02    4.807497859001160e-01    8.345263078808784e-03
    vertex    2.709702961146832e-02    4.826985895633698e-01    1.389173045754433e-02
    vertex    2.669019997119904e-02    4.818080961704255e-01    8.213689550757408e-03
  endloop
endfacet
facet normal   -1.302940661924028e-01   -8.981646648295493e-01    4.199091463241461e-01
  outer loop
    vertex    2.903709001839161e-02    4.826540052890778e-01    1.439835038036108e-02
    vertex    2.593930065631866e-02    4.839437901973725e-01    1.619591936469078e-02
    vertex    2.709702961146832e-02    4.826985895633698e-01    1.389173045754433e-02
  endloop
endfacet
facet normal   -4.902641962980667e-01   -6.909971440945681e-01    5.311910811387570e-01
  outer loop
    vertex    1.803652942180634e-02    4.855056107044221e-01    1.191683020442724e-02
    vertex    2.458916977047920e-02    4.838126897811890e-01    1.576237939298153e-02
    vertex    1.700120046734810e-02    4.864313006401063e-01    1.216544955968857e-02
  endloop
endfacet
facet normal   -4.408736236335448e-01   -8.864150983015128e-01    1.410628281559211e-01
  outer loop
    vertex    1.739742048084736e-02    4.848460853099824e-01    5.775031168013811e-03
    vertex    1.803652942180634e-02    4.855056107044221e-01    1.191683020442724e-02
    vertex    1.549820043146610e-02    4.866111874580384e-01    1.093086972832680e-02
  endloop
endfacet
facet normal   -5.022322395986752e-01   -6.985936867356674e-01    5.096367710053574e-01
  outer loop
    vertex    1.803652942180634e-02    4.855056107044221e-01    1.191683020442724e-02
    vertex    1.700120046734810e-02    4.864313006401063e-01    1.216544955968857e-02
    vertex    1.549820043146610e-02    4.866111874580384e-01    1.093086972832680e-02
  endloop
endfacet
facet normal   -5.786925743762973e-02   -2.471541532548435e-01    9.672465939834053e-01
  outer loop
    vertex    2.593930065631866e-02    4.839437901973725e-01    1.619591936469078e-02
    vertex    2.490014955401421e-02    4.889337122440339e-01    1.740879006683826e-02
    vertex    2.351173013448715e-02    4.877428114414216e-01    1.702141948044300e-02
  endloop
endfacet
facet normal   -4.513776869880756e-01   -5.525765919611193e-01    7.006549034338727e-01
  outer loop
    vertex    2.145097032189369e-02    4.873102903366089e-01    1.573310047388077e-02
    vertex    2.139504998922348e-02    4.888364970684052e-01    1.690072938799858e-02
    vertex    1.592696085572243e-02    4.876484870910645e-01    1.244113035500050e-02
  endloop
endfacet
facet normal   -6.370347147709177e-01   -7.615421924665849e-01    1.193325658398512e-01
  outer loop
    vertex    1.549820043146610e-02    4.866111874580384e-01    1.093086972832680e-02
    vertex    1.429308019578457e-02    4.876748025417328e-01    1.128521002829075e-02
    vertex    1.457033026963472e-02    4.873074889183045e-01    1.042118016630411e-02
  endloop
endfacet
facet normal   -3.168686527426320e-01   -8.739111995628032e-01    3.686101900216160e-01
  outer loop
    vertex    1.871694996953011e-02    4.939666092395783e-01    2.981659956276417e-02
    vertex    1.748480089008808e-02    4.954187870025635e-01    3.220026940107346e-02
    vertex    1.671002991497517e-02    4.955281019210816e-01    3.179341927170753e-02
  endloop
endfacet
facet normal    2.371899718504312e-01   -5.485757328514929e-01    8.017515716105827e-01
  outer loop
    vertex    1.748480089008808e-02    4.954187870025635e-01    3.220026940107346e-02
    vertex    1.817500032484531e-02    4.963194131851197e-01    3.261230885982513e-02
    vertex    1.597861014306545e-02    4.965107142925263e-01    3.339298069477081e-02
  endloop
endfacet
facet normal   -4.456323653263052e-02   -9.980119503607020e-01    4.456753175759876e-02
  outer loop
    vertex    2.913719974458217e-03    4.909928143024445e-01    9.240006096661091e-03
    vertex    3.787230933085083e-03    4.910160899162293e-01    1.063464954495430e-02
    vertex    1.644390984438359e-03    4.910733997821808e-01    9.775370359420776e-03
  endloop
endfacet
facet normal    1.163128557463200e-01   -9.824989937588069e-01   -1.454889921989552e-01
  outer loop
    vertex    3.787230933085083e-03    4.910160899162293e-01    1.063464954495430e-02
    vertex    9.383608121424905e-04    4.902811050415040e-01    1.332050003111362e-02
    vertex   -1.977446954697379e-04    4.904677867889405e-01    1.115155033767223e-02
  endloop
endfacet
facet normal    9.266637240356412e-02   -9.511404470887515e-01   -2.945246905394759e-01
  outer loop
    vertex    3.787230933085083e-03    4.910160899162293e-01    1.063464954495430e-02
    vertex   -1.977446954697379e-04    4.904677867889405e-01    1.115155033767223e-02
    vertex    1.644390984438359e-03    4.910733997821808e-01    9.775370359420776e-03
  endloop
endfacet
facet normal   -7.375885907627705e-02   -9.969674131672281e-01   -2.481144474655228e-02
  outer loop
    vertex    2.913719974458217e-03    4.909928143024445e-01    9.240006096661091e-03
    vertex    1.644390984438359e-03    4.910733997821808e-01    9.775370359420776e-03
    vertex   -5.544537212699666e-03    4.916462898254395e-01    8.126713335514069e-03
  endloop
endfacet
facet normal    5.085078334375914e-02   -9.985626614229659e-01    1.693543755588584e-02
  outer loop
    vertex   -1.743407920002939e-02    4.929980933666230e-01    4.712814930826426e-03
    vertex   -1.585208065807821e-02    4.930106997489930e-01    7.059741183184087e-04
    vertex   -1.580101065337659e-02    4.930900931358338e-01    5.233895033597946e-03
  endloop
endfacet
facet normal   -2.621644558505841e-01   -9.650219930848564e-01    1.533281154319387e-03
  outer loop
    vertex   -1.049845013767482e-02    4.921377897262574e-01    5.262645892798901e-03
    vertex   -1.131655834615232e-02    4.923516809940339e-01   -1.991387212361319e-23
    vertex   -1.046483404934408e-02    4.921202957630158e-01    4.336604629700860e-19
  endloop
endfacet
facet normal   -2.431734326324438e-01   -9.381613657904103e-01    2.464141501619306e-01
  outer loop
    vertex   -1.191607024520637e-02    4.924922883510590e-01    5.213336087763309e-03
    vertex   -1.049845013767482e-02    4.921377897262574e-01    5.262645892798901e-03
    vertex   -1.086227968335153e-02    4.925026893615723e-01    6.292867008596659e-03
  endloop
endfacet
facet normal    4.937040851529532e-02    1.025821792146018e-01    9.934985955051050e-01
  outer loop
    vertex   -2.529658004641534e-02    4.927980899810792e-01    5.356450099498034e-03
    vertex   -2.551073953509332e-02    4.941791892051697e-01    5.224489141255617e-03
    vertex   -2.759286947548391e-02    4.936951994895936e-01    5.377931054681540e-03
  endloop
endfacet
facet normal    8.706488300426209e-02    3.717528948377308e-01    9.242399533277172e-01
  outer loop
    vertex   -2.312684990465642e-02    4.992494881153107e-01    4.044703207910061e-03
    vertex   -2.060627005994322e-02    5.003777742385864e-01    3.353435080498457e-03
    vertex   -2.889947034418584e-02    4.998478889465333e-01    4.347801208496094e-03
  endloop
endfacet
facet normal   -5.240759183822938e-01    2.354680164360465e-01    8.184737289659512e-01
  outer loop
    vertex   -2.888673916459085e-02    4.987232089042664e-01    4.679514095187187e-03
    vertex   -2.889947034418584e-02    4.998478889465333e-01    4.347801208496094e-03
    vertex   -2.947961911559106e-02    4.995000958442689e-01    4.076384007930756e-03
  endloop
endfacet
facet normal   -5.220410663123216e-01   -8.518155979039703e-01    4.339714565493780e-02
  outer loop
    vertex    1.662470027804375e-02    4.852347970008851e-01    4.109460860490799e-03
    vertex    1.769272983074188e-02    4.845564961433411e-01    3.643255913630128e-03
    vertex    1.739742048084736e-02    4.848460853099824e-01    5.775031168013811e-03
  endloop
endfacet
facet normal   -3.387255931505792e-01   -9.403522235590837e-01    3.166493632199005e-02
  outer loop
    vertex    1.769272983074188e-02    4.845564961433411e-01    3.643255913630128e-03
    vertex    2.023342065513134e-02    4.836508035659791e-01    3.925175871700048e-03
    vertex    1.930117979645729e-02    4.840553104877472e-01    5.965449847280979e-03
  endloop
endfacet
facet normal    1.725196473716163e-01   -9.818258851537819e-01    7.908794163945353e-02
  outer loop
    vertex    3.147475048899651e-02    4.804542958736420e-01    2.084142062813044e-03
    vertex    3.304753825068474e-02    4.807189106941224e-01    1.938340952619910e-03
    vertex    3.258007019758224e-02    4.808695912361146e-01    4.828661214560270e-03
  endloop
endfacet
facet normal    2.072258024214128e-01   -9.733822954628220e-01    9.789981455717450e-02
  outer loop
    vertex    3.035596944391727e-02    4.807497859001160e-01    8.345263078808784e-03
    vertex    3.258007019758224e-02    4.808695912361146e-01    4.828661214560270e-03
    vertex    3.185113146901131e-02    4.811094999313355e-01    8.756940253078938e-03
  endloop
endfacet
facet normal    8.007218742116533e-01    5.515558671896539e-01   -2.337319095195311e-01
  outer loop
    vertex    1.953385025262833e-02    4.969598054885865e-01    2.646045014262199e-02
    vertex    1.964744925498962e-02    4.973117113113404e-01    2.768003940582275e-02
    vertex    2.035178989171982e-02    4.953818917274476e-01    2.553902938961983e-02
  endloop
endfacet
facet normal    9.893208200049430e-01    7.950037166189965e-02    1.221638490322193e-01
  outer loop
    vertex    1.964744925498962e-02    4.973117113113404e-01    2.768003940582275e-02
    vertex    1.875793002545833e-02    5.032051801681519e-01    3.104835934937000e-02
    vertex    1.902795955538749e-02    5.008028745651245e-01    3.042492084205151e-02
  endloop
endfacet
facet normal    9.650015954476788e-01    7.264758902193992e-02    2.519806512269024e-01
  outer loop
    vertex    2.035178989171982e-02    4.953818917274476e-01    2.553902938961983e-02
    vertex    1.964744925498962e-02    4.973117113113404e-01    2.768003940582275e-02
    vertex    1.861847937107086e-02    4.969497025012971e-01    3.172501921653748e-02
  endloop
endfacet
facet normal   -6.053580617140175e-01    4.808354709689001e-01   -6.343018736973460e-01
  outer loop
    vertex    2.273152954876423e-02    4.957853853702546e-01    2.942759892903268e-04
    vertex    1.682223938405514e-02    4.882324039936066e-01    2.083470026263967e-04
    vertex    2.211008034646511e-02    4.956839978694916e-01    8.105105953291059e-04
  endloop
endfacet
facet normal   -9.185341696736671e-01   -1.201818638413934e-01   -3.766315158686481e-01
  outer loop
    vertex    1.608262956142426e-02    4.868248105049134e-01    4.707168045570143e-05
    vertex    1.630781963467598e-02    4.848926067352295e-01    1.144347988883965e-04
    vertex    1.579000055789948e-02    4.865832030773163e-01    8.378354832530022e-04
  endloop
endfacet
facet normal   -9.020997017188637e-01    3.709433574773750e-01   -2.204929788046537e-01
  outer loop
    vertex    1.608262956142426e-02    4.868248105049134e-01    4.707168045570143e-05
    vertex    1.579000055789948e-02    4.865832030773163e-01    8.378354832530022e-04
    vertex    1.641473919153214e-02    4.883004128932953e-01    1.170775969512761e-03
  endloop
endfacet
facet normal    8.548373858588498e-01    5.105774163198834e-01   -9.254050833078624e-02
  outer loop
    vertex    1.758801937103271e-02    4.977588057518006e-01    2.166732028126717e-02
    vertex    1.812844909727573e-02    4.967845976352692e-01    2.128447033464909e-02
    vertex    1.767911016941071e-02    4.973764121532441e-01    2.039897069334984e-02
  endloop
endfacet
facet normal   -1.480601167494621e-01   -9.805787609924378e-01    1.286215196562028e-01
  outer loop
    vertex    2.292479015886784e-02    4.917865991592408e-01    2.289400063455105e-02
    vertex    2.384150959551334e-02    4.916464984416962e-01    2.288117073476315e-02
    vertex    2.330460958182812e-02    4.918262958526612e-01    2.363386005163193e-02
  endloop
endfacet
facet normal    5.060627207659227e-01    8.599014314887908e-01    6.685843831948275e-02
  outer loop
    vertex    2.143383026123047e-02    4.938494861125947e-01    2.696214988827705e-02
    vertex    2.392143942415714e-02    4.926823973655701e-01    2.314355969429016e-02
    vertex    2.254764921963215e-02    4.934644103050232e-01    2.348412945866585e-02
  endloop
endfacet
facet normal   -2.251933257121075e-01   -8.903712366868167e-01    3.956349667755736e-01
  outer loop
    vertex    8.902849629521368e-03    4.917649030685425e-01    1.335505954921246e-02
    vertex    7.207555230706929e-03    4.910989105701447e-01    1.089129969477654e-02
    vertex    9.304986335337160e-03    4.913513064384461e-01    1.265315990895033e-02
  endloop
endfacet
facet normal   -3.324135789453933e-01   -7.499563834102373e-01    5.718973994651066e-01
  outer loop
    vertex    1.815336011350155e-02    4.932180047035218e-01    2.024414017796516e-02
    vertex    9.304986335337160e-03    4.913513064384461e-01    1.265315990895033e-02
    vertex    1.076970994472503e-02    4.910225868225098e-01    1.307346019893885e-02
  endloop
endfacet
facet normal   -4.582376423606573e-01   -8.196418996431025e-01    3.438101503347343e-01
  outer loop
    vertex    9.242754429578779e-03    4.904789030551911e-01    1.130069978535175e-02
    vertex    8.134283125400541e-03    4.907208979129792e-01    1.040021982043982e-02
    vertex    1.387559995055198e-02    4.875021874904633e-01    1.037898007780313e-02
  endloop
endfacet
facet normal   -3.804467126591224e-01   -6.956962146766008e-01    6.093168926851742e-01
  outer loop
    vertex    1.590980961918831e-02    4.907698929309846e-01    1.599433086812496e-02
    vertex    1.076970994472503e-02    4.910225868225098e-01    1.307346019893885e-02
    vertex    1.592696085572243e-02    4.876484870910645e-01    1.244113035500050e-02
  endloop
endfacet
facet normal   -2.742660434040126e-01   -9.135447425577017e-01    3.003566892557761e-01
  outer loop
    vertex    1.429308019578457e-02    4.876748025417328e-01    1.128521002829075e-02
    vertex    1.387559995055198e-02    4.875021874904633e-01    1.037898007780313e-02
    vertex    1.457033026963472e-02    4.873074889183045e-01    1.042118016630411e-02
  endloop
endfacet
facet normal    3.663856425486036e-03   -8.705434602407105e-01    4.920779003249624e-01
  outer loop
    vertex    1.315306033939123e-02    4.950887858867646e-01    3.049466013908386e-02
    vertex    1.211558002978563e-02    4.949280023574830e-01    3.021793998777866e-02
    vertex    3.129160031676292e-03    4.908626973628998e-01    2.309284918010235e-02
  endloop
endfacet
facet normal    2.862388187875526e-01   -9.509752859381221e-01    1.171039886340920e-01
  outer loop
    vertex    1.360596995800733e-02    4.937027990818024e-01    2.185337990522385e-02
    vertex    1.015278045088053e-02    4.929035902023316e-01    2.380385994911194e-02
    vertex    4.275871906429528e-03    4.910435974597931e-01    2.306427992880344e-02
  endloop
endfacet
facet normal   -1.994776979786494e-01   -8.001782987750954e-01    5.656176607731878e-01
  outer loop
    vertex    2.139504998922348e-02    4.888364970684052e-01    1.690072938799858e-02
    vertex    2.356538921594620e-02    4.891541004180909e-01    1.811546087265015e-02
    vertex    2.285463921725750e-02    4.899775981903077e-01    1.902979984879494e-02
  endloop
endfacet
facet normal    4.650399294823404e-02   -9.869617294831401e-01    1.540906329908469e-01
  outer loop
    vertex    1.570427045226097e-02    4.941953122615815e-01    2.187239006161690e-02
    vertex    1.733166910707951e-02    4.946511983871461e-01    2.430123090744019e-02
    vertex    1.580023951828480e-02    4.954557120800019e-01    2.991637960076332e-02
  endloop
endfacet
facet normal   -5.846136209725725e-01   -8.099898284800477e-01    4.629678101337194e-02
  outer loop
    vertex    1.733166910707951e-02    4.946511983871461e-01    2.430123090744019e-02
    vertex    1.871694996953011e-02    4.939666092395783e-01    2.981659956276417e-02
    vertex    1.671002991497517e-02    4.955281019210816e-01    3.179341927170753e-02
  endloop
endfacet
facet normal   -2.364935202370430e-01   -9.597271323196018e-01    1.516398574764721e-01
  outer loop
    vertex    1.580023951828480e-02    4.954557120800019e-01    2.991637960076332e-02
    vertex    1.671002991497517e-02    4.955281019210816e-01    3.179341927170753e-02
    vertex    1.538849994540214e-02    4.959366023540497e-01    3.231779113411903e-02
  endloop
endfacet
facet normal   -4.666432923586288e-01   -8.376973652199707e-01    2.837378402684743e-01
  outer loop
    vertex    2.292479015886784e-02    4.917865991592408e-01    2.289400063455105e-02
    vertex    1.822873950004578e-02    4.941537082195283e-01    2.215931005775928e-02
    vertex    2.260391041636467e-02    4.914836883544922e-01    2.147196978330612e-02
  endloop
endfacet
facet normal   -4.696102907927117e-01   -8.828341397803628e-01    8.369971317238684e-03
  outer loop
    vertex    1.733166910707951e-02    4.946511983871461e-01    2.430123090744019e-02
    vertex    1.822873950004578e-02    4.941537082195283e-01    2.215931005775928e-02
    vertex    1.871694996953011e-02    4.939666092395783e-01    2.981659956276417e-02
  endloop
endfacet
facet normal   -5.774848401796762e-01   -7.448908671835350e-01    3.341389761000876e-01
  outer loop
    vertex   -2.670069038867952e-02    4.924528002738953e-01    4.593885969370604e-03
    vertex   -3.067575022578241e-02    4.953331947326661e-01    4.145098850131035e-03
    vertex   -2.746783941984178e-02    4.927476048469544e-01    3.925242926925421e-03
  endloop
endfacet
facet normal    3.231926542991383e-01    9.459142684740312e-01   -2.815501561562343e-02
  outer loop
    vertex    1.167092006653547e-02    5.017712712287903e-01    1.224969979375601e-02
    vertex    9.932681918144226e-03    5.022953748703003e-01    9.904515929520130e-03
    vertex    1.081219967454672e-02    5.020666122436523e-01    1.231488026678562e-02
  endloop
endfacet
facet normal   -5.533463125377609e-01    8.144684651321105e-01    1.744963544209640e-01
  outer loop
    vertex    9.182061068713663e-03    5.010272264480591e-01    1.344334986060858e-02
    vertex    9.932681918144226e-03    5.022953748703003e-01    9.904515929520130e-03
    vertex    4.194717854261397e-03    4.977236092090607e-01    1.304772030562162e-02
  endloop
endfacet
facet normal   -5.082642992648132e-01    7.138752217025006e-01    4.817152373882874e-01
  outer loop
    vertex    3.534789895638823e-03    4.976029098033906e-01    1.178043987601995e-02
    vertex    2.244235947728156e-03    4.975151121616364e-01    1.054887007921934e-02
    vertex    1.349269994534551e-03    4.960078895092011e-01    1.183819957077503e-02
  endloop
endfacet
facet normal    6.310645844867480e-02    9.967887039276795e-01    4.929355560560206e-02
  outer loop
    vertex    3.543520113453268e-03    5.014966726303101e-01    3.411723009776324e-04
    vertex    4.087751265615224e-03    5.014790892601013e-01   -1.636118918021654e-20
    vertex    3.749761264771222e-03    5.015004873275757e-01   -2.861964609401798e-23
  endloop
endfacet
facet normal   -1.584475836569564e-01    9.695347456290068e-01    1.868066922017757e-01
  outer loop
    vertex    6.253466010093688e-03    5.011928081512451e-01    5.770909134298563e-03
    vertex    6.229158025234937e-03    5.015122890472412e-01    4.092171788215637e-03
    vertex    3.332153894007205e-03    5.010182857513428e-01    4.198859911412001e-03
  endloop
endfacet
facet normal    6.818584681222590e-01    7.296316645266706e-01   -5.202560494608648e-02
  outer loop
    vertex    3.488381206989288e-02    4.932052791118622e-01   -4.660983985034884e-23
    vertex    3.496988117694855e-02    4.931603968143464e-01    4.985891864635050e-04
    vertex    3.493678197264671e-02    4.931557774543763e-01    1.625836854253676e-19
  endloop
endfacet
facet normal   -9.222990563883093e-01   -3.857928901140492e-01   -2.298470192722154e-02
  outer loop
    vertex    1.630781963467598e-02    4.848926067352295e-01    1.144347988883965e-04
    vertex    1.625225506722927e-02    4.850322604179383e-01   -3.426693170741160e-21
    vertex    1.629915274679661e-02    4.849201440811158e-01   -3.587106305871422e-23
  endloop
endfacet
facet normal   -5.326883698890877e-01    6.884521566200487e-01   -4.922161401560399e-01
  outer loop
    vertex   -2.785350941121580e-02    5.035787224769592e-01    6.820661656092852e-05
    vertex   -2.786166407167913e-02    5.035236477851868e-01   -1.035361093131395e-23
    vertex   -2.788862586021425e-02    5.035027861595154e-01   -1.033803159655256e-23
  endloop
endfacet
facet normal    1.387500976080689e-01   -9.902829897607880e-01   -9.381396707653828e-03
  outer loop
    vertex   -2.108112908899785e-02    4.924815893173218e-01    1.423190988134593e-04
    vertex   -2.114520408213140e-02    4.924739599227906e-01   -4.638620110342640e-21
    vertex   -2.099226973950864e-02    4.924953877925873e-01   -1.432295419891600e-23
  endloop
endfacet
facet normal   -4.268403536878969e-01   -9.042227466579346e-01   -1.373087360556971e-02
  outer loop
    vertex   -2.834660466760398e-03    4.884734153747559e-01   -2.481496858596700e-23
    vertex   -3.178321989253164e-03    4.885900914669037e-01    2.999621909111738e-03
    vertex   -4.787885583937169e-03    4.893954396247864e-01   -2.368633619165624e-23
  endloop
endfacet
facet normal    9.552426939347366e-01    2.818041336303681e-01    8.998792115136643e-02
  outer loop
    vertex    3.481208905577660e-02    4.922001957893372e-01    7.991991005837917e-03
    vertex    3.548073023557663e-02    4.924652874469758e-01    6.405448220903054e-05
    vertex    3.465636819601059e-02    4.928367137908936e-01    7.651698775589466e-03
  endloop
endfacet
facet normal    8.038306156831460e-01   -2.255347509359740e-02    5.944305527575587e-01
  outer loop
    vertex    3.373907878994942e-02    4.908235073089600e-01    9.991893544793129e-03
    vertex    3.221730142831802e-02    4.926210939884186e-01    1.211795024573803e-02
    vertex    3.074136935174465e-02    4.842798113822938e-01    1.379732973873615e-02
  endloop
endfacet
facet normal    7.128656457646352e-01    1.502625576383560e-02    7.011396314046794e-01
  outer loop
    vertex    3.074136935174465e-02    4.842798113822938e-01    1.379732973873615e-02
    vertex    3.221730142831802e-02    4.926210939884186e-01    1.211795024573803e-02
    vertex    3.018726967275143e-02    4.856370091438294e-01    1.433160994201899e-02
  endloop
endfacet
facet normal    6.336962943399321e-01   -4.529156383577123e-02    7.722549325094326e-01
  outer loop
    vertex    3.074136935174465e-02    4.842798113822938e-01    1.379732973873615e-02
    vertex    3.018726967275143e-02    4.856370091438294e-01    1.433160994201899e-02
    vertex    2.991735935211182e-02    4.833143055438996e-01    1.441686972975731e-02
  endloop
endfacet
facet normal    6.025188269429835e-01   -3.289794383450039e-01    7.271475725913253e-01
  outer loop
    vertex    2.629444003105164e-02    4.899739921092988e-01    1.672412082552910e-02
    vertex    2.485728077590466e-02    4.900462925434113e-01    1.794767007231712e-02
    vertex    2.490014955401421e-02    4.889337122440339e-01    1.740879006683826e-02
  endloop
endfacet
facet normal    3.792451261200301e-01   -3.914704144575700e-01    8.384056589256903e-01
  outer loop
    vertex    2.490014955401421e-02    4.889337122440339e-01    1.740879006683826e-02
    vertex    2.485728077590466e-02    4.900462925434113e-01    1.794767007231712e-02
    vertex    2.356538921594620e-02    4.891541004180909e-01    1.811546087265015e-02
  endloop
endfacet
facet normal    3.671548036350260e-01    9.207245994817044e-01   -1.321497713845181e-01
  outer loop
    vertex    2.920280024409294e-02    4.960317909717560e-01    1.289107953198254e-03
    vertex    3.233578801155090e-02    4.945974349975586e-01   -4.513751468498492e-23
    vertex    2.702630870044231e-02    4.967146813869477e-01   -4.206953737150363e-23
  endloop
endfacet
facet normal    3.463579884486060e-01    9.029646922624828e-01   -2.543440747592821e-01
  outer loop
    vertex    2.920280024409294e-02    4.960317909717560e-01    1.289107953198254e-03
    vertex    2.450810931622982e-02    4.977527856826783e-01    1.005845027975738e-03
    vertex    2.234397083520889e-02    4.992547035217286e-01    3.390850964933634e-03
  endloop
endfacet
facet normal    3.887016643950565e-01    9.094169680475379e-01   -1.478911570166935e-01
  outer loop
    vertex    3.008417971432209e-02    4.958761930465699e-01    2.648825990036130e-03
    vertex    2.920280024409294e-02    4.960317909717560e-01    1.289107953198254e-03
    vertex    2.309912070631981e-02    4.992072880268097e-01    4.773701075464487e-03
  endloop
endfacet
facet normal    3.986440497377042e-01    9.097703736470329e-01   -1.157617762599598e-01
  outer loop
    vertex    3.008417971432209e-02    4.958761930465699e-01    2.648825990036130e-03
    vertex    2.309912070631981e-02    4.992072880268097e-01    4.773701075464487e-03
    vertex    2.465412952005863e-02    4.985885918140412e-01    5.266294814646244e-03
  endloop
endfacet
facet normal    7.804418220234138e-01    6.248633878271388e-01   -2.136139016929353e-02
  outer loop
    vertex    2.898875065147877e-02    4.986382126808167e-01    1.284957956522703e-02
    vertex    2.689315006136894e-02    5.012807846069336e-01    1.358698960393667e-02
    vertex    2.949411049485207e-02    4.980319142341614e-01    1.357754040509462e-02
  endloop
endfacet
facet normal   -1.311662452919253e-01   -8.969287587189019e-01    4.222726818999642e-01
  outer loop
    vertex    2.384150959551334e-02    4.916464984416962e-01    2.288117073476315e-02
    vertex    2.292479015886784e-02    4.917865991592408e-01    2.289400063455105e-02
    vertex    2.285463921725750e-02    4.899775981903077e-01    1.902979984879494e-02
  endloop
endfacet
facet normal   -3.412005143948101e-01   -8.274531459852056e-01    4.459859865241317e-01
  outer loop
    vertex    2.384150959551334e-02    4.916464984416962e-01    2.288117073476315e-02
    vertex    2.285463921725750e-02    4.899775981903077e-01    1.902979984879494e-02
    vertex    2.406040020287037e-02    4.898903071880341e-01    1.979031041264534e-02
  endloop
endfacet
facet normal   -4.409774181386112e-02    9.956950558550010e-01   -8.152757148857488e-02
  outer loop
    vertex    2.296027913689613e-02    5.020449161529541e-01    1.212866976857185e-02
    vertex    2.111697010695934e-02    5.018900036811829e-01    1.123376004397869e-02
    vertex    2.426419034600258e-02    5.022794008255005e-01    1.428715046495199e-02
  endloop
endfacet
facet normal   -3.628925295276251e-01    9.242248955658129e-01    1.188164737290415e-01
  outer loop
    vertex    2.296027913689613e-02    5.020449161529541e-01    1.212866976857185e-02
    vertex    2.426419034600258e-02    5.022794008255005e-01    1.428715046495199e-02
    vertex    2.519199997186660e-02    5.026494860649109e-01    1.424214988946915e-02
  endloop
endfacet
facet normal    7.850372280529916e-01    2.472132764498636e-01    5.679807624539749e-01
  outer loop
    vertex    1.861847937107086e-02    4.969497025012971e-01    3.172501921653748e-02
    vertex    1.817500032484531e-02    4.963194131851197e-01    3.261230885982513e-02
    vertex    1.908094994723797e-02    4.959507882595063e-01    3.152059018611908e-02
  endloop
endfacet
facet normal   -5.803589365276717e-03   -8.553155943238793e-01    5.180748521756953e-01
  outer loop
    vertex    1.748480089008808e-02    4.954187870025635e-01    3.220026940107346e-02
    vertex    1.871694996953011e-02    4.939666092395783e-01    2.981659956276417e-02
    vertex    2.117327041924000e-02    4.929541945457459e-01    2.817266993224621e-02
  endloop
endfacet
facet normal    9.888462358497186e-01    8.931528086530613e-02   -1.191885164342353e-01
  outer loop
    vertex    1.709597930312156e-02    5.014250278472900e-01    2.033244073390961e-02
    vertex    1.758801937103271e-02    4.977588057518006e-01    2.166732028126717e-02
    vertex    1.697479933500290e-02    5.006666183471680e-01    1.875874958932400e-02
  endloop
endfacet
facet normal    9.771927805707451e-01    2.122640199072736e-01    6.185099289435322e-03
  outer loop
    vertex    1.697479933500290e-02    5.006666183471680e-01    1.875874958932400e-02
    vertex    1.758801937103271e-02    4.977588057518006e-01    2.166732028126717e-02
    vertex    1.767911016941071e-02    4.973764121532441e-01    2.039897069334984e-02
  endloop
endfacet
facet normal    9.355089094752931e-01    3.531719707496149e-01   -9.624934762414489e-03
  outer loop
    vertex    1.759679056704044e-02    4.978316128253937e-01    2.519139088690281e-02
    vertex    1.812292076647282e-02    4.964247047901154e-01    2.470505051314831e-02
    vertex    1.758801937103271e-02    4.977588057518006e-01    2.166732028126717e-02
  endloop
endfacet
facet normal   -8.779724947139222e-03    8.599478252113012e-01   -5.103064318076012e-01
  outer loop
    vertex    1.404787972569465e-02    4.989748895168305e-01    1.532191038131714e-02
    vertex    1.576446928083896e-02    5.011128783226013e-01    1.889522932469845e-02
    vertex    1.661645062267780e-02    5.005425810813904e-01    1.791952922940254e-02
  endloop
endfacet
facet normal    5.512103611525553e-01    7.585656045345788e-01   -3.474843325607050e-01
  outer loop
    vertex    1.661645062267780e-02    5.005425810813904e-01    1.791952922940254e-02
    vertex    1.697479933500290e-02    5.006666183471680e-01    1.875874958932400e-02
    vertex    1.932347938418388e-02    4.981960952281952e-01    1.709122955799103e-02
  endloop
endfacet
facet normal   -8.492428611652266e-01    4.723959171626189e-01   -2.358572877991852e-01
  outer loop
    vertex    2.000519074499607e-02    4.980219900608063e-01    8.463297970592976e-03
    vertex    2.019830048084259e-02    4.990080893039704e-01    9.743021801114082e-03
    vertex    2.172631025314331e-02    4.983659088611603e-01    2.954955911263824e-03
  endloop
endfacet
facet normal   -8.373229666411670e-01    4.935414670575267e-01   -2.351745518331845e-01
  outer loop
    vertex    2.019830048084259e-02    4.990080893039704e-01    9.743021801114082e-03
    vertex    2.076824009418487e-02    5.001283884048462e-01    1.006487011909485e-02
    vertex    2.172631025314331e-02    4.983659088611603e-01    2.954955911263824e-03
  endloop
endfacet
facet normal   -3.496889518377656e-01    5.510018632887494e-01   -7.577034932049154e-01
  outer loop
    vertex    1.984854973852634e-02    5.003198981285095e-01    1.067737024277449e-02
    vertex    2.111697010695934e-02    5.018900036811829e-01    1.123376004397869e-02
    vertex    2.119481004774570e-02    5.008066892623901e-01    1.041004993021488e-02
  endloop
endfacet
facet normal    5.167449893770244e-01    8.549639013691901e-01   -4.484800228898317e-02
  outer loop
    vertex    1.449606008827686e-02    4.984273910522461e-01    1.248325966298580e-02
    vertex    1.472197007387876e-02    4.983546137809754e-01    1.369883026927710e-02
    vertex    1.560973003506660e-02    4.977472126483918e-01    1.234847959131002e-02
  endloop
endfacet
facet normal    4.915367017781092e-02    6.514480001116147e-01    7.570993460957608e-01
  outer loop
    vertex   -2.889947034418584e-02    4.998478889465333e-01    4.347801208496094e-03
    vertex   -2.060627005994322e-02    5.003777742385864e-01    3.353435080498457e-03
    vertex   -2.776183001697065e-02    5.005807876586914e-01    3.643316915258765e-03
  endloop
endfacet
facet normal   -2.857739915588875e-01    6.670532076107176e-01    6.880212525531124e-01
  outer loop
    vertex   -8.676703087985531e-03    4.968025982379914e-01    5.972390063107014e-03
    vertex   -6.908860057592407e-03    4.974772930145264e-01    6.052542012184858e-03
    vertex   -8.733911439776436e-03    4.979532063007355e-01    4.833085928112268e-03
  endloop
endfacet
facet normal   -1.558120462008912e-01    8.186874208705048e-01    5.526965832779248e-01
  outer loop
    vertex   -8.733911439776436e-03    4.979532063007355e-01    4.833085928112268e-03
    vertex   -6.908860057592407e-03    4.974772930145264e-01    6.052542012184858e-03
    vertex   -7.091029081493631e-03    4.979932904243470e-01    5.236859899014235e-03
  endloop
endfacet
facet normal   -2.375006534265026e-02    5.596290040898109e-01    8.284028682818922e-01
  outer loop
    vertex   -1.058403030037882e-02    4.966424107551575e-01    5.538307130336761e-03
    vertex   -1.057863980531694e-02    4.980314970016480e-01    4.600062035024166e-03
    vertex   -1.630128920078279e-02    4.992032051086426e-01    3.644445911049843e-03
  endloop
endfacet
facet normal   -4.323619000236391e-01    3.139035050074653e-01    8.452974488024776e-01
  outer loop
    vertex   -8.859396912157551e-03    4.934329092502595e-01    7.337207905948162e-03
    vertex   -8.705861982889482e-04    4.952344894409180e-01    1.075438968837261e-02
    vertex   -8.229734376072899e-03    4.959306120872498e-01    6.731745786964893e-03
  endloop
endfacet
facet normal   -3.530512332922224e-01    3.058706344667562e-01    8.841934073729258e-01
  outer loop
    vertex   -1.105097960680725e-02    4.930734038352967e-01    6.586491130292416e-03
    vertex   -8.859396912157551e-03    4.934329092502595e-01    7.337207905948162e-03
    vertex   -1.058403030037882e-02    4.966424107551575e-01    5.538307130336761e-03
  endloop
endfacet
facet normal   -3.795776290085315e-01    6.778635042089601e-01    6.296204358324233e-01
  outer loop
    vertex   -5.357275949791082e-04    4.962230026721955e-01    1.047020033001900e-02
    vertex    1.349269994534551e-03    4.960078895092011e-01    1.183819957077503e-02
    vertex    1.522475067758924e-04    4.969117939472199e-01    1.014338992536068e-02
  endloop
endfacet
facet normal   -3.985967802650918e-01    4.775405597994813e-01    7.829914562169247e-01
  outer loop
    vertex   -8.229734376072899e-03    4.959306120872498e-01    6.731745786964893e-03
    vertex   -5.357275949791082e-04    4.962230026721955e-01    1.047020033001900e-02
    vertex   -8.676703087985531e-03    4.968025982379914e-01    5.972390063107014e-03
  endloop
endfacet
facet normal   -3.033485114592180e-01    7.207978076523908e-01    6.232416875330019e-01
  outer loop
    vertex   -8.676703087985531e-03    4.968025982379914e-01    5.972390063107014e-03
    vertex    1.522475067758924e-04    4.969117939472199e-01    1.014338992536068e-02
    vertex   -6.908860057592407e-03    4.974772930145264e-01    6.052542012184858e-03
  endloop
endfacet
facet normal   -3.349182194580127e-01    7.782860035142337e-01   -5.311315119712975e-01
  outer loop
    vertex    1.766574941575527e-02    5.060175061225891e-01    2.515093050897121e-02
    vertex    1.613209024071693e-02    5.021451115608215e-01    2.044365927577019e-02
    vertex    1.437999960035086e-02    5.008854866027832e-01    1.970271021127701e-02
  endloop
endfacet
facet normal   -4.287470044623866e-01    7.722406321824283e-01   -4.688500956286709e-01
  outer loop
    vertex    1.766574941575527e-02    5.060175061225891e-01    2.515093050897121e-02
    vertex    1.437999960035086e-02    5.008854866027832e-01    1.970271021127701e-02
    vertex    1.103390008211136e-02    5.007879137992859e-01    2.260188944637775e-02
  endloop
endfacet
facet normal   -1.765300857037682e-02    7.471371937476423e-01   -6.644353881359061e-01
  outer loop
    vertex    1.680227927863598e-02    5.021786093711853e-01    2.046352066099644e-02
    vertex    1.697479933500290e-02    5.006666183471680e-01    1.875874958932400e-02
    vertex    1.613209024071693e-02    5.021451115608215e-01    2.044365927577019e-02
  endloop
endfacet
facet normal   -5.761693830818079e-01   -8.148025700195529e-01   -6.423094183226913e-02
  outer loop
    vertex    1.457033026963472e-02    4.873074889183045e-01    1.042118016630411e-02
    vertex    1.525210030376911e-02    4.869354069232941e-01    9.025565348565578e-03
    vertex    1.549820043146610e-02    4.866111874580384e-01    1.093086972832680e-02
  endloop
endfacet
facet normal   -8.139916304023300e-01   -5.802699971131090e-01   -2.653970770956388e-02
  outer loop
    vertex    1.525210030376911e-02    4.869354069232941e-01    9.025565348565578e-03
    vertex    1.596603915095329e-02    4.861527979373932e-01    4.239690024405718e-03
    vertex    1.662470027804375e-02    4.852347970008851e-01    4.109460860490799e-03
  endloop
endfacet
facet normal   -1.738410485573147e-01   -8.345287115168133e-01    5.228203510677266e-01
  outer loop
    vertex   -8.124276064336316e-03    4.918369054794312e-01    6.963303778320551e-03
    vertex   -2.058661077171565e-03    4.882166981697083e-01    3.201564075425267e-03
    vertex   -6.222113966941848e-03    4.912630021572114e-01    6.679716985672712e-03
  endloop
endfacet
facet normal   -2.233601980794389e-01   -9.112698120007197e-01    3.459733395076660e-01
  outer loop
    vertex   -8.124276064336316e-03    4.918369054794312e-01    6.963303778320551e-03
    vertex   -6.222113966941848e-03    4.912630021572114e-01    6.679716985672712e-03
    vertex   -5.544537212699666e-03    4.916462898254395e-01    8.126713335514069e-03
  endloop
endfacet
facet normal    8.737282918122879e-02   -9.210748976199729e-01    3.794562184168608e-01
  outer loop
    vertex   -2.058661077171565e-03    4.882166981697083e-01    3.201564075425267e-03
    vertex   -8.140801801346251e-04    4.881578087806702e-01    2.772043924778700e-03
    vertex    2.803455106914043e-03    4.906629920005799e-01    8.020046167075634e-03
  endloop
endfacet
facet normal    3.533491015319720e-01   -9.152916352033108e-01    1.933536525990590e-01
  outer loop
    vertex    2.803455106914043e-03    4.906629920005799e-01    8.020046167075634e-03
    vertex   -8.140801801346251e-04    4.881578087806702e-01    2.772043924778700e-03
    vertex    4.510230850428342e-03    4.913957118988038e-01    8.369482122361660e-03
  endloop
endfacet
facet normal    4.231083968276393e-01   -8.770213033386692e-01   -2.276245110353603e-01
  outer loop
    vertex    2.803455106914043e-03    4.906629920005799e-01    8.020046167075634e-03
    vertex    4.510230850428342e-03    4.913957118988038e-01    8.369482122361660e-03
    vertex    4.520855844020843e-03    4.912342131137848e-01    9.011475369334221e-03
  endloop
endfacet
facet normal    5.479282041293119e-02   -9.984872970609366e-01    4.567760845452284e-03
  outer loop
    vertex   -1.580101065337659e-02    4.930900931358338e-01    5.233895033597946e-03
    vertex   -2.200640924274923e-02    4.927507936954499e-01    5.502102896571159e-03
    vertex   -1.743407920002939e-02    4.929980933666230e-01    4.712814930826426e-03
  endloop
endfacet
facet normal    1.263449985668398e-01   -9.919222507519163e-01    1.127784555656331e-02
  outer loop
    vertex   -1.743407920002939e-02    4.929980933666230e-01    4.712814930826426e-03
    vertex   -2.345325984060766e-02    4.922339916229249e-01    4.940149839967489e-03
    vertex   -2.108112908899785e-02    4.924815893173218e-01    1.423190988134593e-04
  endloop
endfacet
facet normal   -1.517291458935617e-01   -9.875037482761390e-01    4.259827962472736e-02
  outer loop
    vertex   -1.191607024520637e-02    4.924922883510590e-01    5.213336087763309e-03
    vertex   -1.580101065337659e-02    4.930900931358338e-01    5.233895033597946e-03
    vertex   -1.482290960848333e-02    4.929148852825165e-01    4.656125791370869e-03
  endloop
endfacet
facet normal   -1.653180045882658e-01   -9.860542944609475e-01    1.915426151218899e-02
  outer loop
    vertex   -1.482290960848333e-02    4.929148852825165e-01    4.656125791370869e-03
    vertex   -1.580101065337659e-02    4.930900931358338e-01    5.233895033597946e-03
    vertex   -1.585208065807821e-02    4.930106997489930e-01    7.059741183184087e-04
  endloop
endfacet
facet normal    3.244874849963181e-01   -9.456288715932548e-01   -2.222407005999916e-02
  outer loop
    vertex   -5.630831001326450e-04    4.883090853691102e-01   -2.612755451374037e-23
    vertex   -8.140801801346251e-04    4.881578087806702e-01    2.772043924778700e-03
    vertex   -1.208035741001368e-03    4.880877733230591e-01   -1.084459721299723e-19
  endloop
endfacet
facet normal   -2.605948703419028e-01   -8.704883314433903e-01    4.175408703018055e-01
  outer loop
    vertex   -8.479955606162564e-03    4.912446141242982e-01    5.506509914994240e-03
    vertex   -2.058661077171565e-03    4.882166981697083e-01    3.201564075425267e-03
    vertex   -8.124276064336316e-03    4.918369054794312e-01    6.963303778320551e-03
  endloop
endfacet
facet normal    8.994234491826074e-01    2.811718259254249e-01    3.346339244102783e-01
  outer loop
    vertex    1.908094994723797e-02    4.959507882595063e-01    3.152059018611908e-02
    vertex    2.330460958182812e-02    4.918262958526612e-01    2.363386005163193e-02
    vertex    2.143383026123047e-02    4.938494861125947e-01    2.696214988827705e-02
  endloop
endfacet
facet normal   -1.608939023413583e-01   -9.776877520923577e-01    1.350548466289235e-01
  outer loop
    vertex    2.330460958182812e-02    4.918262958526612e-01    2.363386005163193e-02
    vertex    2.140891924500465e-02    4.925763905048371e-01    2.680555917322636e-02
    vertex    2.292479015886784e-02    4.917865991592408e-01    2.289400063455105e-02
  endloop
endfacet
facet normal   -5.652458485484744e-01   -8.107441636117744e-01   -1.522860199366960e-01
  outer loop
    vertex    1.636134833097458e-02    4.848767817020417e-01   -3.590700154346057e-23
    vertex    1.630781963467598e-02    4.848926067352295e-01    1.144347988883965e-04
    vertex    1.629915274679661e-02    4.849201440811158e-01   -3.587106305871422e-23
  endloop
endfacet
facet normal   -1.842228806917867e-01   -9.774875224555652e-01    1.028594850915595e-01
  outer loop
    vertex    3.147475048899651e-02    4.804542958736420e-01    2.084142062813044e-03
    vertex    2.812005020678043e-02    4.812223911285401e-01    3.375136060640216e-03
    vertex    2.858687937259674e-02    4.809719026088715e-01    1.830808003433049e-03
  endloop
endfacet
facet normal   -2.848752830505598e-01   -9.514950411487405e-01    1.162035273828631e-01
  outer loop
    vertex    2.812005020678043e-02    4.812223911285401e-01    3.375136060640216e-03
    vertex    2.023342065513134e-02    4.836508035659791e-01    3.925175871700048e-03
    vertex    2.364232018589973e-02    4.823034107685090e-01    1.249470980837941e-03
  endloop
endfacet
facet normal   -2.837315960628972e-01   -9.516481561116045e-01    1.177377100379668e-01
  outer loop
    vertex    2.364232018589973e-02    4.823034107685090e-01    1.249470980837941e-03
    vertex    2.023342065513134e-02    4.836508035659791e-01    3.925175871700048e-03
    vertex    1.783631928265095e-02    4.839265048503876e-01    3.769262984860688e-04
  endloop
endfacet
facet normal   -4.970196618714104e-01   -8.603351847663416e-01    1.131142146960041e-01
  outer loop
    vertex    1.769272983074188e-02    4.845564961433411e-01    3.643255913630128e-03
    vertex    1.662470027804375e-02    4.852347970008851e-01    4.109460860490799e-03
    vertex    1.630781963467598e-02    4.848926067352295e-01    1.144347988883965e-04
  endloop
endfacet
facet normal    2.077248033403621e-01   -9.772673065205539e-01    4.241482857762410e-02
  outer loop
    vertex    9.383608121424905e-04    4.902811050415040e-01    1.332050003111362e-02
    vertex    5.902219098061322e-03    4.912717044353486e-01    1.183431968092918e-02
    vertex    4.192729014903306e-03    4.910021126270295e-01    1.399489026516676e-02
  endloop
endfacet
facet normal    1.691905704825676e-01   -9.815439501305299e-01   -8.914047802171061e-02
  outer loop
    vertex    9.383608121424905e-04    4.902811050415040e-01    1.332050003111362e-02
    vertex    3.787230933085083e-03    4.910160899162293e-01    1.063464954495430e-02
    vertex    5.902219098061322e-03    4.912717044353486e-01    1.183431968092918e-02
  endloop
endfacet
facet normal    2.179926680096846e-01   -9.728971258689180e-01    7.713870085772923e-02
  outer loop
    vertex    1.071397028863430e-02    4.928036928176880e-01    1.842335984110832e-02
    vertex    7.842851802706717e-03    4.917989075183869e-01    1.386442966759205e-02
    vertex    1.570427045226097e-02    4.941953122615815e-01    2.187239006161690e-02
  endloop
endfacet
facet normal    7.494359288424142e-02   -9.724187060737347e-01    2.208739866156377e-01
  outer loop
    vertex    7.842851802706717e-03    4.917989075183869e-01    1.386442966759205e-02
    vertex    8.902849629521368e-03    4.917649030685425e-01    1.335505954921246e-02
    vertex    1.488971989601850e-02    4.934935867786408e-01    1.893438026309013e-02
  endloop
endfacet
facet normal   -3.903884367103107e-01   -9.206446603669964e-01   -3.205904024988515e-03
  outer loop
    vertex   -2.746783941984178e-02    4.927476048469544e-01    3.925242926925421e-03
    vertex   -2.757989428937437e-02    4.928087890148163e-01   -1.051642600897699e-23
    vertex   -2.703506685793401e-02    4.925777614116669e-01   -1.083124373425772e-23
  endloop
endfacet
facet normal   -9.425049009286371e-01    2.737130183317644e-01    1.917438273353674e-01
  outer loop
    vertex   -3.067575022578241e-02    4.953331947326661e-01    4.145098850131035e-03
    vertex   -2.947961911559106e-02    4.995000958442689e-01    4.076384007930756e-03
    vertex   -3.077757917344572e-02    4.959279000759125e-01    2.795627107843757e-03
  endloop
endfacet
facet normal   -2.826872410166233e-02    9.995834340884517e-01   -5.817003833771003e-03
  outer loop
    vertex    3.543520113453268e-03    5.014966726303101e-01    3.411723009776324e-04
    vertex   -3.550085937604309e-03    5.012940764427185e-01    1.897109786107932e-19
    vertex   -3.995555918663741e-03    5.012823939323425e-01    1.573360059410334e-04
  endloop
endfacet
facet normal   -2.826426491851397e-02    9.995830178014973e-01   -5.909471335744821e-03
  outer loop
    vertex   -3.550085937604309e-03    5.012940764427185e-01    1.897109786107932e-19
    vertex    3.543520113453268e-03    5.014966726303101e-01    3.411723009776324e-04
    vertex    3.749761264771222e-03    5.015004873275757e-01   -2.861964609401798e-23
  endloop
endfacet
facet normal    4.084474491176055e-01    9.089889013925369e-01   -8.312555837111833e-02
  outer loop
    vertex    3.282511234283447e-02    4.944023787975312e-01    5.416468836323050e-20
    vertex    3.248599916696548e-02    4.947645068168641e-01    2.293644007295370e-03
    vertex    3.309485316276550e-02    4.942811727523804e-01    1.083746411231229e-19
  endloop
endfacet
facet normal    4.084362872122021e-01    9.089936966775866e-01   -8.312796574394940e-02
  outer loop
    vertex    3.248599916696548e-02    4.947645068168641e-01    2.293644007295370e-03
    vertex    3.282511234283447e-02    4.944023787975312e-01    5.416468836323050e-20
    vertex    3.008417971432209e-02    4.958761930465699e-01    2.648825990036130e-03
  endloop
endfacet
facet normal    8.161305569488293e-01   -5.777475107389161e-01    1.177827871039681e-02
  outer loop
    vertex    3.356117382645607e-02    4.814049601554871e-01   -1.084660628281216e-19
    vertex    3.304753825068474e-02    4.807189106941224e-01    1.938340952619910e-03
    vertex    3.309532254934311e-02    4.807468950748444e-01   -4.557639665006914e-23
  endloop
endfacet
facet normal   -7.651595688775650e-01    5.958699854503335e-01    2.438642954483458e-01
  outer loop
    vertex    2.273152954876423e-02    4.957853853702546e-01    2.942759892903268e-04
    vertex    1.963377743959427e-02    4.919279813766480e-01    1.351472924626722e-20
    vertex    1.682223938405514e-02    4.882324039936066e-01    2.083470026263967e-04
  endloop
endfacet
facet normal   -7.651526528139306e-01    5.958611244804563e-01    2.439076428172985e-01
  outer loop
    vertex    1.963377743959427e-02    4.919279813766480e-01    1.351472924626722e-20
    vertex    2.273152954876423e-02    4.957853853702546e-01    2.942759892903268e-04
    vertex    2.251197956502438e-02    4.956239163875580e-01   -3.946102181561622e-23
  endloop
endfacet
facet normal   -6.035479215641071e-01    7.972231333484537e-01    1.285231612278394e-02
  outer loop
    vertex    2.273152954876423e-02    4.957853853702546e-01    2.942759892903268e-04
    vertex    2.359524555504322e-02    4.964440166950226e-01   -4.008696558310742e-23
    vertex    2.251197956502438e-02    4.956239163875580e-01   -3.946102181561622e-23
  endloop
endfacet
facet normal    9.719755803114568e-01   -2.097749580182288e-01    1.061034319268576e-01
  outer loop
    vertex    3.469115123152733e-02    4.867719113826752e-01    4.077084828168154e-03
    vertex    3.392707929015160e-02    4.819534122943879e-01    1.549917040392756e-03
    vertex    3.461888805031776e-02    4.843749105930329e-01   -4.645675875793334e-23
  endloop
endfacet
facet normal    9.719754911852326e-01   -2.097770223628442e-01    1.061001669358001e-01
  outer loop
    vertex    3.436204791069031e-02    4.831848740577698e-01   -4.630834877702489e-23
    vertex    3.461888805031776e-02    4.843749105930329e-01   -4.645675875793334e-23
    vertex    3.392707929015160e-02    4.819534122943879e-01    1.549917040392756e-03
  endloop
endfacet
facet normal   -2.745304480382050e-01   -9.607696848762602e-01    3.942899596381021e-02
  outer loop
    vertex    2.079474739730358e-02    4.830656945705414e-01    5.417163987101185e-20
    vertex    1.783631928265095e-02    4.839265048503876e-01    3.769262984860688e-04
    vertex    1.871440559625626e-02    4.836601316928864e-01    2.706778764312323e-20
  endloop
endfacet
facet normal   -2.745223992102872e-01   -9.607694153508601e-01    3.949155426409724e-02
  outer loop
    vertex    1.783631928265095e-02    4.839265048503876e-01    3.769262984860688e-04
    vertex    2.079474739730358e-02    4.830656945705414e-01    5.417163987101185e-20
    vertex    2.364232018589973e-02    4.823034107685090e-01    1.249470980837941e-03
  endloop
endfacet
facet normal    5.207263924512997e-01    8.527161763975218e-01   -4.146259416203112e-02
  outer loop
    vertex    3.248599916696548e-02    4.947645068168641e-01    2.293644007295370e-03
    vertex    3.496988117694855e-02    4.931603968143464e-01    4.985891864635050e-04
    vertex    3.309485316276550e-02    4.942811727523804e-01    1.083746411231229e-19
  endloop
endfacet
facet normal    5.207298312447928e-01    8.527131124875167e-01   -4.148241366677128e-02
  outer loop
    vertex    3.392366319894791e-02    4.937750399112702e-01    5.416405358740663e-20
    vertex    3.309485316276550e-02    4.942811727523804e-01    1.083746411231229e-19
    vertex    3.496988117694855e-02    4.931603968143464e-01    4.985891864635050e-04
  endloop
endfacet
facet normal    7.868188003751051e-01    6.144596855978083e-01   -5.792642014938678e-02
  outer loop
    vertex    3.496988117694855e-02    4.931603968143464e-01    4.985891864635050e-04
    vertex    3.548073023557663e-02    4.924652874469758e-01    6.405448220903054e-05
    vertex    3.493678197264671e-02    4.931557774543763e-01    1.625836854253676e-19
  endloop
endfacet
facet normal    7.868188767601263e-01    6.144701127937114e-01   -5.781466645425298e-02
  outer loop
    vertex    3.547174111008644e-02    4.924707710742951e-01   -4.694956298531752e-23
    vertex    3.493678197264671e-02    4.931557774543763e-01    1.625836854253676e-19
    vertex    3.548073023557663e-02    4.924652874469758e-01    6.405448220903054e-05
  endloop
endfacet
facet normal    9.606411704295122e-01    2.628826886370210e-01    8.978437331065955e-02
  outer loop
    vertex    3.556972369551659e-02    4.921619594097138e-01   -4.700618027889043e-23
    vertex    3.548073023557663e-02    4.924652874469758e-01    6.405448220903054e-05
    vertex    3.573914617300034e-02    4.915428459644318e-01   -3.543255638073502e-21
  endloop
endfacet
facet normal   -8.235363456270431e-01    5.465412745168723e-01    1.519227523471327e-01
  outer loop
    vertex   -2.872415632009508e-02    5.022857785224915e-01   -9.855236891575505e-24
    vertex   -2.785350941121580e-02    5.035787224769592e-01    6.820661656092852e-05
    vertex   -2.817953936755659e-02    5.031064152717590e-01   -1.016993299609409e-23
  endloop
endfacet
facet normal   -8.235537972873215e-01    5.465619444687729e-01    1.517536946243726e-01
  outer loop
    vertex   -2.785350941121580e-02    5.035787224769592e-01    6.820661656092852e-05
    vertex   -2.872415632009508e-02    5.022857785224915e-01   -9.855236891575505e-24
    vertex   -2.942351996898653e-02    5.004242062568665e-01    2.909325994551182e-03
  endloop
endfacet
facet normal   -2.423967456929356e-01   -9.701757054377711e-01   -1.708290314178155e-03
  outer loop
    vertex   -1.131655834615232e-02    4.923516809940339e-01   -1.991387212361319e-23
    vertex   -1.191607024520637e-02    4.924922883510590e-01    5.213336087763309e-03
    vertex   -1.147770788520576e-02    4.923919439315796e-01    3.252408309905926e-19
  endloop
endfacet
facet normal   -2.425390570796855e-01   -9.701401074286037e-01   -1.725615633357915e-03
  outer loop
    vertex   -1.191607024520637e-02    4.924922883510590e-01    5.213336087763309e-03
    vertex   -1.131655834615232e-02    4.923516809940339e-01   -1.991387212361319e-23
    vertex   -1.049845013767482e-02    4.921377897262574e-01    5.262645892798901e-03
  endloop
endfacet
facet normal    9.160294685169659e-01   -4.010099008093557e-01    9.004013627034537e-03
  outer loop
    vertex    2.128745429217815e-03    4.932184815406800e-01    2.168127515228589e-19
    vertex    6.306192954070857e-04    4.898400902748108e-01    1.950168050825596e-03
    vertex    1.155224745161831e-03    4.909946620464326e-01    2.168133140524783e-19
  endloop
endfacet
facet normal    9.160293590088452e-01   -4.010101630482407e-01    9.003475210596166e-03
  outer loop
    vertex    6.306192954070857e-04    4.898400902748108e-01    1.950168050825596e-03
    vertex    2.128745429217815e-03    4.932184815406800e-01    2.168127515228589e-19
    vertex    2.648002002388238e-03    4.944489896297455e-01    1.976124010980129e-03
  endloop
endfacet
facet normal    8.739391218408291e-01   -1.910967538778779e-01    4.468919802070947e-01
  outer loop
    vertex    4.584182985126971e-03    4.990507066249848e-01    1.280560973100364e-04
    vertex    4.708770662546157e-03    4.993210136890412e-01   -2.917379065342343e-23
    vertex    5.020943004637956e-03    5.010958909988403e-01    1.484780950704589e-04
  endloop
endfacet
facet normal    9.216556343458809e-01   -3.880084936204477e-01   -5.482306837343482e-04
  outer loop
    vertex    2.648002002388238e-03    4.944489896297455e-01    1.976124010980129e-03
    vertex    4.392208065837621e-03    4.985948801040650e-01    1.352353628483350e-20
    vertex    4.584182985126971e-03    4.990507066249848e-01    1.280560973100364e-04
  endloop
endfacet
facet normal    9.216526465249226e-01   -3.880155655791797e-01   -5.657047600483422e-04
  outer loop
    vertex    4.392208065837621e-03    4.985948801040650e-01    1.352353628483350e-20
    vertex    2.648002002388238e-03    4.944489896297455e-01    1.976124010980129e-03
    vertex    2.128745429217815e-03    4.932184815406800e-01    2.168127515228589e-19
  endloop
endfacet
facet normal    2.882103687666261e-01    8.628023362764436e-01    4.153395139537246e-01
  outer loop
    vertex    4.087751265615224e-03    5.014790892601013e-01   -1.636118918021654e-20
    vertex    5.020943004637956e-03    5.010958909988403e-01    1.484780950704589e-04
    vertex    5.106262397021054e-03    5.011388659477234e-01   -2.940347336893978e-23
  endloop
endfacet
facet normal    3.670228860936411e-01    9.207255564203963e-01   -1.325090594557440e-01
  outer loop
    vertex    3.233578801155090e-02    4.945974349975586e-01   -4.513751468498492e-23
    vertex    3.008417971432209e-02    4.958761930465699e-01    2.648825990036130e-03
    vertex    3.282511234283447e-02    4.944023787975312e-01    5.416468836323050e-20
  endloop
endfacet
facet normal    3.670013046522223e-01    9.207311312593187e-01   -1.325300958782642e-01
  outer loop
    vertex    3.008417971432209e-02    4.958761930465699e-01    2.648825990036130e-03
    vertex    3.233578801155090e-02    4.945974349975586e-01   -4.513751468498492e-23
    vertex    2.920280024409294e-02    4.960317909717560e-01    1.289107953198254e-03
  endloop
endfacet
facet normal   -1.776628765353098e-01   -9.839852717365805e-01    1.445293418953700e-02
  outer loop
    vertex    3.089255467057228e-02    4.805288016796113e-01    1.083759136776304e-19
    vertex    3.147475048899651e-02    4.804542958736420e-01    2.084142062813044e-03
    vertex    3.017223253846169e-02    4.806588590145112e-01   -4.388734706258901e-23
  endloop
endfacet
facet normal   -1.776314701966541e-01   -9.839912384622486e-01    1.443272064807329e-02
  outer loop
    vertex    2.858687937259674e-02    4.809719026088715e-01    1.830808003433049e-03
    vertex    3.017223253846169e-02    4.806588590145112e-01   -4.388734706258901e-23
    vertex    3.147475048899651e-02    4.804542958736420e-01    2.084142062813044e-03
  endloop
endfacet
facet normal    3.476220669397917e-01    9.330437039969930e-01   -9.267332414497045e-02
  outer loop
    vertex    2.598553709685802e-02    4.971024394035340e-01   -4.146814814268304e-23
    vertex    2.450810931622982e-02    4.977527856826783e-01    1.005845027975738e-03
    vertex    2.702630870044231e-02    4.967146813869477e-01   -4.206953737150363e-23
  endloop
endfacet
facet normal    3.476284668361387e-01    9.330429845937964e-01   -9.265655910650060e-02
  outer loop
    vertex    2.920280024409294e-02    4.960317909717560e-01    1.289107953198254e-03
    vertex    2.702630870044231e-02    4.967146813869477e-01   -4.206953737150363e-23
    vertex    2.450810931622982e-02    4.977527856826783e-01    1.005845027975738e-03
  endloop
endfacet
facet normal   -5.149400807369497e-01   -8.482738119754063e-01   -1.235647731650757e-01
  outer loop
    vertex    1.630781963467598e-02    4.848926067352295e-01    1.144347988883965e-04
    vertex    1.636134833097458e-02    4.848767817020417e-01   -3.590700154346057e-23
    vertex    1.784143783152103e-02    4.839783012866974e-01   -3.427611448482086e-21
  endloop
endfacet
facet normal    8.387621619108505e-01   -5.441726517174498e-01   -1.881916229366557e-02
  outer loop
    vertex    6.306192954070857e-04    4.898400902748108e-01    1.950168050825596e-03
    vertex    8.546253411622335e-06    4.888660907745362e-01    2.388687105849385e-03
    vertex    1.340146991424254e-04    4.891420900821686e-01   -2.653035865130950e-23
  endloop
endfacet
facet normal    8.387637736771025e-01   -5.441701802121708e-01   -1.881879206537147e-02
  outer loop
    vertex   -2.021250547841200e-04    4.886239767074586e-01    2.168140983701397e-19
    vertex    1.340146991424254e-04    4.891420900821686e-01   -2.653035865130950e-23
    vertex    8.546253411622335e-06    4.888660907745362e-01    2.388687105849385e-03
  endloop
endfacet
facet normal    6.572729482469267e-01   -7.534280234700744e-01    1.839796056006481e-02
  outer loop
    vertex   -2.021250547841200e-04    4.886239767074586e-01    2.168140983701397e-19
    vertex    8.546253411622335e-06    4.888660907745362e-01    2.388687105849385e-03
    vertex   -5.630831001326450e-04    4.883090853691102e-01   -2.612755451374037e-23
  endloop
endfacet
facet normal    6.572744373528160e-01   -7.534267404138438e-01    1.839730501757503e-02
  outer loop
    vertex   -8.140801801346251e-04    4.881578087806702e-01    2.772043924778700e-03
    vertex   -5.630831001326450e-04    4.883090853691102e-01   -2.612755451374037e-23
    vertex    8.546253411622335e-06    4.888660907745362e-01    2.388687105849385e-03
  endloop
endfacet
facet normal    1.335381710040323e-01   -9.910287561020606e-01    5.437045493670338e-03
  outer loop
    vertex   -2.108112908899785e-02    4.924815893173218e-01    1.423190988134593e-04
    vertex   -1.710064522922040e-02    4.930171668529511e-01    4.336642973419643e-19
    vertex   -1.743407920002939e-02    4.929980933666230e-01    4.712814930826426e-03
  endloop
endfacet
facet normal   -3.592966065366748e-01   -9.332230997464380e-01    7.711231287044194e-04
  outer loop
    vertex   -2.670069038867952e-02    4.924528002738953e-01    4.593885969370604e-03
    vertex   -2.746783941984178e-02    4.927476048469544e-01    3.925242926925421e-03
    vertex   -2.664459869265558e-02    4.924274086952210e-01    4.336698121261825e-19
  endloop
endfacet
facet normal    1.107891041080923e-01   -9.938381303576673e-01    3.397801951618113e-03
  outer loop
    vertex   -2.108112908899785e-02    4.924815893173218e-01    1.423190988134593e-04
    vertex   -2.330105751752855e-02    4.922336339950562e-01   -1.298886697283404e-23
    vertex   -2.114520408213140e-02    4.924739599227906e-01   -4.638620110342640e-21
  endloop
endfacet
facet normal    1.107835426613113e-01   -9.938384480005966e-01    3.485104184216746e-03
  outer loop
    vertex   -2.330105751752855e-02    4.922336339950562e-01   -1.298886697283404e-23
    vertex   -2.108112908899785e-02    4.924815893173218e-01    1.423190988134593e-04
    vertex   -2.345325984060766e-02    4.922339916229249e-01    4.940149839967489e-03
  endloop
endfacet
facet normal   -9.368408817514243e-01   -9.747200724619925e-02    3.358993451654985e-01
  outer loop
    vertex    1.608262956142426e-02    4.868248105049134e-01    4.707168045570143e-05
    vertex    1.606638170778751e-02    4.868187606334687e-01   -3.573656093095415e-23
    vertex    1.625225506722927e-02    4.850322604179383e-01   -3.426693170741160e-21
  endloop
endfacet
facet normal    2.508473780765235e-01    9.649832788474568e-01    7.669983348707485e-02
  outer loop
    vertex   -2.785350941121580e-02    5.035787224769592e-01    6.820661656092852e-05
    vertex   -2.518546953797342e-02    5.028905868530273e-01   -1.189999686396841e-23
    vertex   -2.774712815880777e-02    5.035564899444580e-01   -6.786683371271321e-21
  endloop
endfacet
facet normal    2.508465250653538e-01    9.649977020487034e-01    7.652095074787602e-02
  outer loop
    vertex   -2.518546953797342e-02    5.028905868530273e-01   -1.189999686396841e-23
    vertex   -2.785350941121580e-02    5.035787224769592e-01    6.820661656092852e-05
    vertex   -2.322275005280973e-02    5.023412704467773e-01    4.932989832013845e-04
  endloop
endfacet
facet normal   -8.829697871472574e-01    4.478186427969788e-01    1.407935302085961e-01
  outer loop
    vertex    1.608262956142426e-02    4.868248105049134e-01    4.707168045570143e-05
    vertex    1.682223938405514e-02    4.882324039936066e-01    2.083470026263967e-04
    vertex    1.620347984135151e-02    4.870778918266297e-01    6.740447797666052e-21
  endloop
endfacet
facet normal   -8.829697105138845e-01    4.478183427997255e-01    1.407949649921280e-01
  outer loop
    vertex    1.697063818573952e-02    4.885905086994172e-01   -3.625906760252273e-23
    vertex    1.620347984135151e-02    4.870778918266297e-01    6.740447797666052e-21
    vertex    1.682223938405514e-02    4.882324039936066e-01    2.083470026263967e-04
  endloop
endfacet
facet normal    6.545637444760140e-02    9.978317649668982e-01   -6.872544450208073e-03
  outer loop
    vertex   -1.982153579592707e-02    5.018631219863892e-01   -1.499943959059959e-23
    vertex   -2.212500013411047e-02    5.020192861557007e-01    7.346834172494709e-04
    vertex   -1.300320122390987e-02    5.014158487319946e-01   -1.893927899100323e-23
  endloop
endfacet
facet normal    1.825562353191288e-01    9.069643928308064e-01    3.795903200598685e-01
  outer loop
    vertex   -2.212500013411047e-02    5.020192861557007e-01    7.346834172494709e-04
    vertex   -2.024883031845095e-02    5.019491314888000e-01    2.709030177621206e-20
    vertex   -2.322275005280973e-02    5.023412704467773e-01    4.932989832013845e-04
  endloop
endfacet
facet normal   -2.780005201212700e-03   -9.999871308330052e-01   -4.243788337737054e-03
  outer loop
    vertex   -1.743407920002939e-02    4.929980933666230e-01    4.712814930826426e-03
    vertex   -1.710064522922040e-02    4.930171668529511e-01    4.336642973419643e-19
    vertex   -1.585208065807821e-02    4.930106997489930e-01    7.059741183184087e-04
  endloop
endfacet
facet normal   -2.782450767272062e-03   -9.999871423767154e-01   -4.239463288978886e-03
  outer loop
    vertex   -1.599744521081449e-02    4.930140972137452e-01   -1.720911448773241e-23
    vertex   -1.585208065807821e-02    4.930106997489930e-01    7.059741183184087e-04
    vertex   -1.710064522922040e-02    4.930171668529511e-01    4.336642973419643e-19
  endloop
endfacet
facet normal   -4.476634865160675e-01   -8.942020942206470e-01    1.324072798657184e-04
  outer loop
    vertex   -8.479955606162564e-03    4.912446141242982e-01    5.506509914994240e-03
    vertex   -7.166214752942338e-03    4.905861020088196e-01   -2.231206585239199e-23
    vertex   -3.178321989253164e-03    4.885900914669037e-01    2.999621909111738e-03
  endloop
endfacet
facet normal   -4.476640477257093e-01   -8.942018131239513e-01    1.333404360841646e-04
  outer loop
    vertex   -4.787885583937169e-03    4.893954396247864e-01   -2.368633619165624e-23
    vertex   -3.178321989253164e-03    4.885900914669037e-01    2.999621909111738e-03
    vertex   -7.166214752942338e-03    4.905861020088196e-01   -2.231206585239199e-23
  endloop
endfacet
facet normal   -2.536571658445419e-01   -9.657569019773972e-01   -5.451282875373764e-02
  outer loop
    vertex    2.364232018589973e-02    4.823034107685090e-01    1.249470980837941e-03
    vertex    2.834809385240078e-02    4.811379611492158e-01    5.416727531957307e-20
    vertex    2.858687937259674e-02    4.809719026088715e-01    1.830808003433049e-03
  endloop
endfacet
facet normal   -2.536522034887965e-01   -9.657581623463262e-01   -5.451359029384457e-02
  outer loop
    vertex    3.017223253846169e-02    4.806588590145112e-01   -4.388734706258901e-23
    vertex    2.858687937259674e-02    4.809719026088715e-01    1.830808003433049e-03
    vertex    2.834809385240078e-02    4.811379611492158e-01    5.416727531957307e-20
  endloop
endfacet
facet normal   -5.839135666697800e-01   -8.118059033515962e-01    4.015213876675165e-03
  outer loop
    vertex   -2.746783941984178e-02    4.927476048469544e-01    3.925242926925421e-03
    vertex   -3.012008965015413e-02    4.946494996547700e-01    2.750844927504659e-03
    vertex   -2.757989428937437e-02    4.928087890148163e-01   -1.051642600897699e-23
  endloop
endfacet
facet normal   -5.839116596389866e-01   -8.118072618218707e-01    4.017883885947261e-03
  outer loop
    vertex   -2.918790280818941e-02    4.939653873443604e-01    2.168308472269217e-19
    vertex   -2.757989428937437e-02    4.928087890148163e-01   -1.051642600897699e-23
    vertex   -3.012008965015413e-02    4.946494996547700e-01    2.750844927504659e-03
  endloop
endfacet
facet normal   -7.598249574320306e-01   -6.499334163208197e-01    1.589303032656448e-02
  outer loop
    vertex   -3.012008965015413e-02    4.946494996547700e-01    2.750844927504659e-03
    vertex   -3.060597181320192e-02    4.951502680778504e-01   -8.767867130315198e-24
    vertex   -3.030473180115224e-02    4.947980940341950e-01   -2.168493764297974e-19
  endloop
endfacet
facet normal   -7.598210687349513e-01   -6.499379996930329e-01    1.589150910063779e-02
  outer loop
    vertex   -3.060597181320192e-02    4.951502680778504e-01   -8.767867130315198e-24
    vertex   -3.012008965015413e-02    4.946494996547700e-01    2.750844927504659e-03
    vertex   -3.067575022578241e-02    4.953331947326661e-01    4.145098850131035e-03
  endloop
endfacet
facet normal   -9.823254957290450e-01   -1.869973114694711e-01   -8.284077732330869e-03
  outer loop
    vertex   -3.077757917344572e-02    4.959279000759125e-01    2.795627107843757e-03
    vertex   -3.060597181320192e-02    4.951502680778504e-01   -8.767867130315198e-24
    vertex   -3.067575022578241e-02    4.953331947326661e-01    4.145098850131035e-03
  endloop
endfacet
facet normal   -9.823254961325323e-01   -1.869973093223359e-01   -8.284078354346044e-03
  outer loop
    vertex   -3.060597181320192e-02    4.951502680778504e-01   -8.767867130315198e-24
    vertex   -3.077757917344572e-02    4.959279000759125e-01    2.795627107843757e-03
    vertex   -3.067597374320032e-02    4.955179989337922e-01    2.168317070791974e-19
  endloop
endfacet
facet normal   -1.123119075700273e-01    9.643230060456556e-01   -2.397231224330521e-01
  outer loop
    vertex   -6.493860855698600e-03    5.009899139404297e-01    1.512632006779313e-04
    vertex   -3.995555918663741e-03    5.012823939323425e-01    1.573360059410334e-04
    vertex   -6.050220225006357e-03    5.010039806365967e-01   -2.295692115867191e-23
  endloop
endfacet
facet normal   -1.123058846806692e-01    9.643099128298313e-01   -2.397786068109818e-01
  outer loop
    vertex   -3.674989566206933e-03    5.012806057929993e-01   -2.432940108561618e-23
    vertex   -6.050220225006357e-03    5.010039806365967e-01   -2.295692115867191e-23
    vertex   -3.995555918663741e-03    5.012823939323425e-01    1.573360059410334e-04
  endloop
endfacet
facet normal    9.787996429870219e-01   -1.710559332133609e-01    1.126549004747889e-01
  outer loop
    vertex    3.469115123152733e-02    4.867719113826752e-01    4.077084828168154e-03
    vertex    3.569590300321579e-02    4.898360967636109e-01    3.523186269673002e-19
    vertex    3.501357883214951e-02    4.907425940036774e-01    7.304789964109659e-03
  endloop
endfacet
facet normal    9.788001026563552e-01   -1.710505770870502e-01    1.126590392205417e-01
  outer loop
    vertex    3.569590300321579e-02    4.898360967636109e-01    3.523186269673002e-19
    vertex    3.469115123152733e-02    4.867719113826752e-01    4.077084828168154e-03
    vertex    3.566609695553780e-02    4.896655380725861e-01   -4.706186765517579e-23
  endloop
endfacet
facet normal   -7.178080921780547e-02    7.862121322038397e-01   -6.137735727477431e-01
  outer loop
    vertex    2.501279488205910e-02    4.970136284828187e-01   -4.090606834679329e-23
    vertex    2.450810931622982e-02    4.977527856826783e-01    1.005845027975738e-03
    vertex    2.598553709685802e-02    4.971024394035340e-01   -4.146814814268304e-23
  endloop
endfacet
facet normal   -7.179763275899594e-02    7.862069685022244e-01   -6.137782193991139e-01
  outer loop
    vertex    2.450810931622982e-02    4.977527856826783e-01    1.005845027975738e-03
    vertex    2.501279488205910e-02    4.970136284828187e-01   -4.090606834679329e-23
    vertex    2.441756054759026e-02    4.970644116401673e-01    1.346781064057723e-04
  endloop
endfacet
facet normal   -5.939636576242505e-02   -9.981962411889104e-01   -8.737036714288498e-03
  outer loop
    vertex   -1.482290960848333e-02    4.929148852825165e-01    4.656125791370869e-03
    vertex   -1.585208065807821e-02    4.930106997489930e-01    7.059741183184087e-04
    vertex   -1.536358240991832e-02    4.929878115653992e-01    4.336632936146663e-19
  endloop
endfacet
facet normal   -5.939649042972762e-02   -9.981962330133648e-01   -8.737123242789639e-03
  outer loop
    vertex   -1.585892029106618e-02    4.930172860622407e-01    2.168231453387357e-19
    vertex   -1.536358240991832e-02    4.929878115653992e-01    4.336632936146663e-19
    vertex   -1.585208065807821e-02    4.930106997489930e-01    7.059741183184087e-04
  endloop
endfacet
facet normal   -3.164859160648822e-01   -9.485969942753811e-01    6.382666252153996e-04
  outer loop
    vertex   -2.275033621117474e-03    4.882867038249970e-01    2.168152961592416e-19
    vertex   -3.178321989253164e-03    4.885900914669037e-01    2.999621909111738e-03
    vertex   -2.834660466760398e-03    4.884734153747559e-01   -2.481496858596700e-23
  endloop
endfacet
facet normal   -3.164643748719482e-01   -9.486041760358995e-01    6.454797897598329e-04
  outer loop
    vertex   -3.178321989253164e-03    4.885900914669037e-01    2.999621909111738e-03
    vertex   -2.275033621117474e-03    4.882867038249970e-01    2.168152961592416e-19
    vertex   -2.058661077171565e-03    4.882166981697083e-01    3.201564075425267e-03
  endloop
endfacet
facet normal   -3.675103554921078e-02   -9.988601646914330e-01    3.045870612261978e-02
  outer loop
    vertex   -2.058661077171565e-03    4.882166981697083e-01    3.201564075425267e-03
    vertex   -1.612197840586306e-03    4.881026446819306e-01   -2.552134436861314e-23
    vertex   -8.140801801346251e-04    4.881578087806702e-01    2.772043924778700e-03
  endloop
endfacet
facet normal   -1.741987044726788e-01   -9.846351081492144e-01   -1.218667961444729e-02
  outer loop
    vertex   -1.185059826821090e-02    4.924466609954835e-01   -1.960528774659346e-23
    vertex   -1.482290960848333e-02    4.929148852825165e-01    4.656125791370869e-03
    vertex   -1.325937639921905e-02    4.926958978176117e-01   -1.879125324475215e-23
  endloop
endfacet
facet normal   -3.394351771312539e-01   -9.312292974176912e-01   -1.326489960641519e-01
  outer loop
    vertex    1.783631928265095e-02    4.839265048503876e-01    3.769262984860688e-04
    vertex    1.842341572046280e-02    4.837661981582642e-01   -3.709852628605375e-23
    vertex    1.871440559625626e-02    4.836601316928864e-01    2.706778764312323e-20
  endloop
endfacet
facet normal   -3.393972116920407e-01   -9.312529910912520e-01   -1.325797845799451e-01
  outer loop
    vertex    1.842341572046280e-02    4.837661981582642e-01   -3.709852628605375e-23
    vertex    1.783631928265095e-02    4.839265048503876e-01    3.769262984860688e-04
    vertex    1.784143783152103e-02    4.839783012866974e-01   -3.427611448482086e-21
  endloop
endfacet
facet normal   -9.537176686681162e-01    3.005805039172090e-01   -8.600531095816832e-03
  outer loop
    vertex   -2.942351996898653e-02    5.004242062568665e-01    2.909325994551182e-03
    vertex   -2.945568785071375e-02    5.002388954162598e-01    2.168310019611959e-19
    vertex   -3.010476194322111e-02    4.981794357299805e-01   -9.057481313595645e-24
  endloop
endfacet
facet normal   -8.969300924667627e-01    3.547063964195569e-01    2.640071619608390e-01
  outer loop
    vertex    1.608262956142426e-02    4.868248105049134e-01    4.707168045570143e-05
    vertex    1.607912220060825e-02    4.868509769439698e-01   -3.574392277204576e-23
    vertex    1.606638170778751e-02    4.868187606334687e-01   -3.573656093095415e-23
  endloop
endfacet
facet normal   -8.968860487867893e-01    3.547868916003638e-01    2.640486262796542e-01
  outer loop
    vertex    1.607912220060825e-02    4.868509769439698e-01   -3.574392277204576e-23
    vertex    1.608262956142426e-02    4.868248105049134e-01    4.707168045570143e-05
    vertex    1.609441265463829e-02    4.868896305561066e-01    4.062182871014876e-20
  endloop
endfacet
facet normal   -3.606006399759555e-01   -9.326733022462596e-01   -9.364279256232193e-03
  outer loop
    vertex   -8.479955606162564e-03    4.912446141242982e-01    5.506509914994240e-03
    vertex   -9.517624974250809e-03    4.917010962963105e-01   -4.337018223442949e-19
    vertex   -8.969340473413483e-03    4.914891123771668e-01    4.336595988287843e-19
  endloop
endfacet
facet normal    6.925743231426755e-02    9.466005177396410e-01   -3.148823079886797e-01
  outer loop
    vertex   -1.300320122390987e-02    5.014158487319946e-01   -1.893927899100323e-23
    vertex   -6.493860855698600e-03    5.009899139404297e-01    1.512632006779313e-04
    vertex   -6.895638071000591e-03    5.009689927101135e-01   -2.246841322401166e-23
  endloop
endfacet
facet normal   -4.607837673598190e-01    5.014744687260382e-01    7.322579306184606e-01
  outer loop
    vertex    2.429902181029320e-02    4.971521496772767e-01    8.127466930767885e-20
    vertex    2.420664951205254e-02    4.970672726631165e-01    2.759052363549931e-21
    vertex    2.441756054759026e-02    4.970644116401673e-01    1.346781064057723e-04
  endloop
endfacet
facet normal   -5.977365573332056e-01   -8.016862666446457e-01   -3.184007037931812e-03
  outer loop
    vertex   -3.030473180115224e-02    4.947980940341950e-01   -2.168493764297974e-19
    vertex   -2.918790280818941e-02    4.939653873443604e-01    2.168308472269217e-19
    vertex   -3.012008965015413e-02    4.946494996547700e-01    2.750844927504659e-03
  endloop
endfacet
facet normal    8.161241021497048e-01   -5.777567300991981e-01    1.177330520374547e-02
  outer loop
    vertex    3.304753825068474e-02    4.807189106941224e-01    1.938340952619910e-03
    vertex    3.356117382645607e-02    4.814049601554871e-01   -1.084660628281216e-19
    vertex    3.392707929015160e-02    4.819534122943879e-01    1.549917040392756e-03
  endloop
endfacet
facet normal   -6.035574517030979e-01    7.972166037524004e-01    1.280973048704293e-02
  outer loop
    vertex    2.441756054759026e-02    4.970644116401673e-01    1.346781064057723e-04
    vertex    2.359524555504322e-02    4.964440166950226e-01   -4.008696558310742e-23
    vertex    2.273152954876423e-02    4.957853853702546e-01    2.942759892903268e-04
  endloop
endfacet
facet normal    9.606393763023598e-01    2.628803849229475e-01    8.981031076761839e-02
  outer loop
    vertex    3.481208905577660e-02    4.922001957893372e-01    7.991991005837917e-03
    vertex    3.573914617300034e-02    4.915428459644318e-01   -3.543255638073502e-21
    vertex    3.548073023557663e-02    4.924652874469758e-01    6.405448220903054e-05
  endloop
endfacet
facet normal    8.739446768579848e-01   -1.910968197664272e-01    4.468810885087329e-01
  outer loop
    vertex    5.106262397021054e-03    5.011388659477234e-01   -2.940347336893978e-23
    vertex    5.020943004637956e-03    5.010958909988403e-01    1.484780950704589e-04
    vertex    4.708770662546157e-03    4.993210136890412e-01   -2.917379065342343e-23
  endloop
endfacet
facet normal    2.882229415256926e-01    8.628174266144185e-01    4.152994393311286e-01
  outer loop
    vertex    5.020943004637956e-03    5.010958909988403e-01    1.484780950704589e-04
    vertex    4.087751265615224e-03    5.014790892601013e-01   -1.636118918021654e-20
    vertex    3.543520113453268e-03    5.014966726303101e-01    3.411723009776324e-04
  endloop
endfacet
facet normal    9.904343647359749e-01    8.611832689811924e-02    1.078118867394238e-01
  outer loop
    vertex    3.574132546782494e-02    4.915177822113038e-01    2.705794897517822e-20
    vertex    3.573914617300034e-02    4.915428459644318e-01   -3.543255638073502e-21
    vertex    3.501357883214951e-02    4.907425940036774e-01    7.304789964109659e-03
  endloop
endfacet
facet normal    9.904376714810368e-01    8.608451569290959e-02    1.078085111164197e-01
  outer loop
    vertex    3.501357883214951e-02    4.907425940036774e-01    7.304789964109659e-03
    vertex    3.573914617300034e-02    4.915428459644318e-01   -3.543255638073502e-21
    vertex    3.481208905577660e-02    4.922001957893372e-01    7.991991005837917e-03
  endloop
endfacet
facet normal   -1.451795612289922e-01   -9.893817089010373e-01    6.835868154105007e-03
  outer loop
    vertex   -1.185059826821090e-02    4.924466609954835e-01   -1.960528774659346e-23
    vertex   -1.147770788520576e-02    4.923919439315796e-01    3.252408309905926e-19
    vertex   -1.191607024520637e-02    4.924922883510590e-01    5.213336087763309e-03
  endloop
endfacet
facet normal   -1.451476537936492e-01   -9.893863873464005e-01    6.836309811409300e-03
  outer loop
    vertex   -1.482290960848333e-02    4.929148852825165e-01    4.656125791370869e-03
    vertex   -1.185059826821090e-02    4.924466609954835e-01   -1.960528774659346e-23
    vertex   -1.191607024520637e-02    4.924922883510590e-01    5.213336087763309e-03
  endloop
endfacet
facet normal   -6.772292898674136e-02   -9.976931757124734e-01    4.683164124430658e-03
  outer loop
    vertex   -2.670069038867952e-02    4.924528002738953e-01    4.593885969370604e-03
    vertex   -2.519324608147146e-02    4.923289120197297e-01   -4.336927644975418e-19
    vertex   -2.345325984060766e-02    4.922339916229249e-01    4.940149839967489e-03
  endloop
endfacet
facet normal   -6.770894376091162e-02   -9.976941032549349e-01    4.687778270454226e-03
  outer loop
    vertex   -2.664459869265558e-02    4.924274086952210e-01    4.336698121261825e-19
    vertex   -2.519324608147146e-02    4.923289120197297e-01   -4.336927644975418e-19
    vertex   -2.670069038867952e-02    4.924528002738953e-01    4.593885969370604e-03
  endloop
endfacet
facet normal   -5.149401159188199e-01   -8.482743615931516e-01   -1.235608533526830e-01
  outer loop
    vertex    1.784143783152103e-02    4.839783012866974e-01   -3.427611448482086e-21
    vertex    1.783631928265095e-02    4.839265048503876e-01    3.769262984860688e-04
    vertex    1.630781963467598e-02    4.848926067352295e-01    1.144347988883965e-04
  endloop
endfacet
facet normal    1.335344859928729e-01   -9.910298345571869e-01    5.329921966967272e-03
  outer loop
    vertex   -1.710064522922040e-02    4.930171668529511e-01    4.336642973419643e-19
    vertex   -2.108112908899785e-02    4.924815893173218e-01    1.423190988134593e-04
    vertex   -2.070873416960241e-02    4.925310015678406e-01   -1.448678960447159e-23
  endloop
endfacet
facet normal    1.335910613532265e-01   -9.910213863266589e-01    5.480891324004192e-03
  outer loop
    vertex   -2.093423902988435e-02    4.925006031990052e-01   -1.435648609351738e-23
    vertex   -2.070873416960241e-02    4.925310015678406e-01   -1.448678960447159e-23
    vertex   -2.108112908899785e-02    4.924815893173218e-01    1.423190988134593e-04
  endloop
endfacet
facet normal   -3.593384092136138e-01   -9.332070126593046e-01    7.610435768675534e-04
  outer loop
    vertex   -2.746783941984178e-02    4.927476048469544e-01    3.925242926925421e-03
    vertex   -2.703506685793401e-02    4.925777614116669e-01   -1.083124373425772e-23
    vertex   -2.664459869265558e-02    4.924274086952210e-01    4.336698121261825e-19
  endloop
endfacet
facet normal   -9.368294451744206e-01   -9.747176443907768e-02    3.359313111207707e-01
  outer loop
    vertex    1.625225506722927e-02    4.850322604179383e-01   -3.426693170741160e-21
    vertex    1.630781963467598e-02    4.848926067352295e-01    1.144347988883965e-04
    vertex    1.608262956142426e-02    4.868248105049134e-01    4.707168045570143e-05
  endloop
endfacet
facet normal    1.672195196190456e-01   -9.858103490221943e-01    1.468291589281144e-02
  outer loop
    vertex    3.147475048899651e-02    4.804542958736420e-01    2.084142062813044e-03
    vertex    3.242360055446625e-02    4.805842041969300e-01   -1.084654055039684e-19
    vertex    3.304753825068474e-02    4.807189106941224e-01    1.938340952619910e-03
  endloop
endfacet
facet normal    1.672002913151567e-01   -9.858137439547470e-01    1.467395018565892e-02
  outer loop
    vertex    3.178364783525467e-02    4.804756641387940e-01    1.083753987771188e-19
    vertex    3.242360055446625e-02    4.805842041969300e-01   -1.084654055039684e-19
    vertex    3.147475048899651e-02    4.804542958736420e-01    2.084142062813044e-03
  endloop
endfacet
facet normal    6.545315197774969e-02    9.978317003484053e-01   -6.912501427697207e-03
  outer loop
    vertex   -6.493860855698600e-03    5.009899139404297e-01    1.512632006779313e-04
    vertex   -1.300320122390987e-02    5.014158487319946e-01   -1.893927899100323e-23
    vertex   -2.212500013411047e-02    5.020192861557007e-01    7.346834172494709e-04
  endloop
endfacet
facet normal    1.825604430393440e-01    9.069588261025551e-01    3.796015969301942e-01
  outer loop
    vertex   -1.982153579592707e-02    5.018631219863892e-01   -1.499943959059959e-23
    vertex   -2.024883031845095e-02    5.019491314888000e-01    2.709030177621206e-20
    vertex   -2.212500013411047e-02    5.020192861557007e-01    7.346834172494709e-04
  endloop
endfacet
facet normal   -4.046959866901189e-01   -9.144511745228303e-01    4.558187436188804e-04
  outer loop
    vertex   -1.049845013767482e-02    4.921377897262574e-01    5.262645892798901e-03
    vertex   -9.517624974250809e-03    4.917010962963105e-01   -4.337018223442949e-19
    vertex   -8.479955606162564e-03    4.912446141242982e-01    5.506509914994240e-03
  endloop
endfacet
facet normal   -4.047010485126100e-01   -9.144489349276138e-01    4.546895056823064e-04
  outer loop
    vertex   -1.046483404934408e-02    4.921202957630158e-01    4.336604629700860e-19
    vertex   -9.517624974250809e-03    4.917010962963105e-01   -4.337018223442949e-19
    vertex   -1.049845013767482e-02    4.921377897262574e-01    5.262645892798901e-03
  endloop
endfacet
facet normal   -3.675358540466762e-02   -9.988600485549626e-01    3.045943795738252e-02
  outer loop
    vertex   -1.208035741001368e-03    4.880877733230591e-01   -1.084459721299723e-19
    vertex   -8.140801801346251e-04    4.881578087806702e-01    2.772043924778700e-03
    vertex   -1.612197840586306e-03    4.881026446819306e-01   -2.552134436861314e-23
  endloop
endfacet
facet normal   -9.575333316153007e-01    2.883172422204452e-01    1.756896155056006e-03
  outer loop
    vertex   -3.077757917344572e-02    4.959279000759125e-01    2.795627107843757e-03
    vertex   -3.010476194322111e-02    4.981794357299805e-01   -9.057481313595645e-24
    vertex   -3.076439350843431e-02    4.959887266159058e-01    2.168317581708049e-19
  endloop
endfacet
facet normal   -9.575336662640718e-01    2.883161367272201e-01    1.755925276335105e-03
  outer loop
    vertex   -2.942351996898653e-02    5.004242062568665e-01    2.909325994551182e-03
    vertex   -3.010476194322111e-02    4.981794357299805e-01   -9.057481313595645e-24
    vertex   -3.077757917344572e-02    4.959279000759125e-01    2.795627107843757e-03
  endloop
endfacet
facet normal    7.208651591576784e-02    9.018550211965932e-01   -4.259824585186792e-01
  outer loop
    vertex    2.392143942415714e-02    4.926823973655701e-01   -2.314355969429016e-02
    vertex    2.272989973425865e-02    4.942159950733185e-01   -2.009839005768299e-02
    vertex    2.565650083124638e-02    4.948776960372925e-01   -1.820223964750767e-02
  endloop
endfacet
facet normal    5.282460664913416e-01    4.207549333072489e-01   -7.375102571042911e-01
  outer loop
    vertex    2.949411049485207e-02    4.980319142341614e-01   -1.357754040509462e-02
    vertex    2.644670009613037e-02    4.963403940200806e-01   -1.672529056668282e-02
    vertex    2.689315006136894e-02    5.012807846069336e-01   -1.358698960393667e-02
  endloop
endfacet
facet normal    4.210800822150424e-01    8.836391094718956e-01    2.046301262607454e-01
  outer loop
    vertex    1.812844909727573e-02    4.967845976352692e-01   -2.128447033464909e-02
    vertex    1.936458051204681e-02    4.955311119556428e-01   -1.841530017554760e-02
    vertex    2.150456979870796e-02    4.949196875095368e-01   -2.017861977219582e-02
  endloop
endfacet
facet normal   -4.057666009807442e-01   -7.246021187728486e-01   -5.570504779626636e-01
  outer loop
    vertex    1.592696085572243e-02    4.876484870910645e-01   -1.244113035500050e-02
    vertex    1.429308019578457e-02    4.876748025417328e-01   -1.128521002829075e-02
    vertex    1.076970994472503e-02    4.910225868225098e-01   -1.307346019893885e-02
  endloop
endfacet
facet normal   -3.502669965764217e-01   -7.042223613050891e-01   -6.175628688216428e-01
  outer loop
    vertex    1.590980961918831e-02    4.907698929309846e-01   -1.599433086812496e-02
    vertex    2.285463921725750e-02    4.899775981903077e-01   -1.902979984879494e-02
    vertex    2.139504998922348e-02    4.888364970684052e-01   -1.690072938799858e-02
  endloop
endfacet
facet normal    9.949918897327723e-01   -2.687481416918838e-02   -9.627504208972519e-02
  outer loop
    vertex    3.501357883214951e-02    4.907425940036774e-01   -7.304789964109659e-03
    vertex    3.574132546782494e-02    4.915177822113038e-01    2.705794897517822e-20
    vertex    3.569590300321579e-02    4.898360967636109e-01    3.523186269673002e-19
  endloop
endfacet
facet normal    4.977777712314824e-01   -4.960263024243295e-02   -8.658850209703657e-01
  outer loop
    vertex    2.629444003105164e-02    4.899739921092988e-01   -1.672412082552910e-02
    vertex    2.775613963603973e-02    4.863285124301911e-01   -1.567498967051506e-02
    vertex    2.658684924244881e-02    4.852265119552613e-01   -1.628405973315239e-02
  endloop
endfacet
facet normal   -1.727280131772483e-01    5.568580150321418e-01   -8.124494966201303e-01
  outer loop
    vertex    1.936458051204681e-02    4.955311119556428e-01   -1.841530017554760e-02
    vertex    2.029250934720039e-02    4.972806870937348e-01   -1.741340942680836e-02
    vertex    2.267527021467686e-02    4.963097870349885e-01   -1.858544908463955e-02
  endloop
endfacet
facet normal   -4.260425736611599e-02    8.888468197992090e-02   -9.951303384801461e-01
  outer loop
    vertex   -2.138306945562364e-02    4.936127066612244e-01   -5.451804026961327e-03
    vertex   -2.200640924274923e-02    4.927507936954499e-01   -5.502102896571159e-03
    vertex   -2.551073953509332e-02    4.941791892051697e-01   -5.224489141255617e-03
  endloop
endfacet
facet normal   -7.636981576216438e-01    6.378644216435257e-01   -9.946910900715390e-02
  outer loop
    vertex    6.677269935607909e-03    4.972982108592988e-01   -2.053043060004711e-02
    vertex    5.036966875195502e-03    4.951153099536896e-01   -2.193487063050270e-02
    vertex    3.389515914022914e-04    4.907642006874085e-01   -1.376703009009361e-02
  endloop
endfacet
facet normal   -6.769777428960995e-01    6.148941256030079e-01   -4.044828178331129e-01
  outer loop
    vertex    1.368658989667892e-02    5.022785067558289e-01   -2.585685066878796e-02
    vertex    1.133379992097616e-02    5.000026822090149e-01   -2.537872083485126e-02
    vertex    1.521455030888319e-02    5.043594837188721e-01   -2.525068074464798e-02
  endloop
endfacet
facet normal    5.889370885857390e-01    3.200040100442083e-01   -7.421256896535652e-01
  outer loop
    vertex    2.933841943740845e-02    4.967047870159150e-01   -1.427335012704134e-02
    vertex    2.644670009613037e-02    4.963403940200806e-01   -1.672529056668282e-02
    vertex    2.949411049485207e-02    4.980319142341614e-01   -1.357754040509462e-02
  endloop
endfacet
facet normal   -4.315462674805393e-01   -3.803546299634574e-01   -8.179842140829957e-01
  outer loop
    vertex    2.458916977047920e-02    4.838126897811890e-01   -1.576237939298153e-02
    vertex    2.145097032189369e-02    4.873102903366089e-01   -1.573310047388077e-02
    vertex    2.351173013448715e-02    4.877428114414216e-01   -1.702141948044300e-02
  endloop
endfacet
facet normal    9.794785473913548e-01   -5.724717513645839e-02    1.932473444552792e-01
  outer loop
    vertex    5.668751895427703e-03    5.014562010765076e-01   -1.268355990760028e-03
    vertex    6.034499034285544e-03    5.014061927795410e-01   -3.136968007311225e-03
    vertex    6.229158025234937e-03    5.015122890472412e-01   -4.092171788215637e-03
  endloop
endfacet
facet normal    9.388525110127258e-01    1.627425586953125e-02   -3.439347484058461e-01
  outer loop
    vertex    1.861847937107086e-02    4.969497025012971e-01   -3.172501921653748e-02
    vertex    1.875793002545833e-02    5.032051801681519e-01   -3.104835934937000e-02
    vertex    1.902795955538749e-02    5.008028745651245e-01   -3.042492084205151e-02
  endloop
endfacet
facet normal   -1.374126819534456e-01   -9.905137853365370e-01   -4.426021306442584e-04
  outer loop
    vertex   -1.536358240991832e-02    4.929878115653992e-01    4.336632936146663e-19
    vertex   -1.482290960848333e-02    4.929148852825165e-01   -4.656125791370869e-03
    vertex   -1.325937639921905e-02    4.926958978176117e-01   -1.879125324475215e-23
  endloop
endfacet
facet normal    6.172154671320741e-01   -1.152032456288230e-02   -7.867098253199214e-01
  outer loop
    vertex    2.629444003105164e-02    4.899739921092988e-01   -1.672412082552910e-02
    vertex    2.923391014337540e-02    4.950115978717805e-01   -1.449172012507915e-02
    vertex    3.123575076460838e-02    4.929710924625397e-01   -1.289128977805376e-02
  endloop
endfacet
facet normal    1.032083013963111e-01    7.974992566161192e-01   -5.944265995222837e-01
  outer loop
    vertex   -2.322275005280973e-02    5.023412704467773e-01   -4.932989832013845e-04
    vertex   -2.212500013411047e-02    5.020192861557007e-01   -7.346834172494709e-04
    vertex   -2.776183001697065e-02    5.005807876586914e-01   -3.643316915258765e-03
  endloop
endfacet
facet normal    1.126389446003897e-01    7.065957831486328e-01   -6.985949236831603e-01
  outer loop
    vertex   -2.060627005994322e-02    5.003777742385864e-01   -3.353435080498457e-03
    vertex   -8.386975154280678e-03    5.010250806808472e-01   -7.285198080353439e-04
    vertex   -1.400138996541502e-02    4.995194077491761e-01   -3.156685037538409e-03
  endloop
endfacet
facet normal   -3.641637860134305e-02   -8.757646149250250e-01   -4.813628429935015e-01
  outer loop
    vertex    7.683575968258074e-04    4.906297028064728e-01   -7.805521134287119e-03
    vertex    2.803455106914043e-03    4.906629920005799e-01   -8.020046167075634e-03
    vertex   -2.058661077171565e-03    4.882166981697083e-01   -3.201564075425267e-03
  endloop
endfacet
facet normal   -3.451902329439889e-01   -9.092161513446736e-01   -2.327438360387969e-01
  outer loop
    vertex   -8.479955606162564e-03    4.912446141242982e-01   -5.506509914994240e-03
    vertex   -2.058661077171565e-03    4.882166981697083e-01   -3.201564075425267e-03
    vertex   -3.178321989253164e-03    4.885900914669037e-01   -2.999621909111738e-03
  endloop
endfacet
facet normal   -7.819797678380530e-01    4.530317526689606e-01   -4.281003080653347e-01
  outer loop
    vertex    1.620347984135151e-02    4.870778918266297e-01    6.740447797666052e-21
    vertex    1.608262956142426e-02    4.868248105049134e-01   -4.707168045570143e-05
    vertex    1.609441265463829e-02    4.868896305561066e-01    4.062182871014876e-20
  endloop
endfacet
facet normal    6.640568169405282e-01   -7.286272774269242e-01   -1.677224924219819e-01
  outer loop
    vertex    3.256523981690407e-02    4.817256927490235e-01   -8.606491610407829e-03
    vertex    3.258007019758224e-02    4.808695912361146e-01   -4.828661214560270e-03
    vertex    3.185113146901131e-02    4.811094999313355e-01   -8.756940253078938e-03
  endloop
endfacet
facet normal    5.746880964164837e-01   -7.981122661323823e-01   -1.809707227322470e-01
  outer loop
    vertex    2.406040020287037e-02    4.898903071880341e-01   -1.979031041264534e-02
    vertex    2.485728077590466e-02    4.900462925434113e-01   -1.794767007231712e-02
    vertex    2.356538921594620e-02    4.891541004180909e-01   -1.811546087265015e-02
  endloop
endfacet
facet normal    4.484071539527489e-01    5.034854150331828e-01   -7.385346715847939e-01
  outer loop
    vertex    2.565650083124638e-02    4.948776960372925e-01   -1.820223964750767e-02
    vertex    2.476559951901436e-02    4.963792860507966e-01   -1.771946996450424e-02
    vertex    2.644670009613037e-02    4.963403940200806e-01   -1.672529056668282e-02
  endloop
endfacet
facet normal   -2.317421045308627e-01    4.636220976595531e-01   -8.551901236271162e-01
  outer loop
    vertex    2.029250934720039e-02    4.972806870937348e-01   -1.741340942680836e-02
    vertex    2.339880913496017e-02    5.015044808387756e-01   -1.596532948315144e-02
    vertex    2.267527021467686e-02    4.963097870349885e-01   -1.858544908463955e-02
  endloop
endfacet
facet normal   -9.774339575470107e-01    2.851408890454623e-02    2.093079199837694e-01
  outer loop
    vertex    1.491404976695776e-02    4.879607856273652e-01   -9.398612193763256e-03
    vertex    1.596603915095329e-02    4.861527979373932e-01   -4.239690024405718e-03
    vertex    1.598085090517998e-02    4.877190887928010e-01   -4.383897874504328e-03
  endloop
endfacet
facet normal    5.898811945511351e-02    2.860938038018713e-01    9.563841995711377e-01
  outer loop
    vertex    1.449606008827686e-02    4.984273910522461e-01   -1.248325966298580e-02
    vertex    1.398503966629505e-02    4.974308013916016e-01   -1.215361990034580e-02
    vertex    1.560973003506660e-02    4.977472126483918e-01   -1.234847959131002e-02
  endloop
endfacet
facet normal    8.346013550751046e-01   -3.640837322399621e-01    4.133807131749362e-01
  outer loop
    vertex    5.362918134778737e-03    5.005872249603271e-01   -1.935973996296525e-03
    vertex    5.864366888999938e-03    5.004085898399353e-01   -3.105713985860348e-03
    vertex    9.500778280198574e-03    5.021970272064209e-01   -8.872342295944691e-03
  endloop
endfacet
facet normal    7.116239073987084e-02    9.822527700592051e-01   -1.735379205107764e-01
  outer loop
    vertex   -8.386975154280678e-03    5.010250806808472e-01   -7.285198080353439e-04
    vertex   -2.212500013411047e-02    5.020192861557007e-01   -7.346834172494709e-04
    vertex   -6.493860855698600e-03    5.009899139404297e-01   -1.512632006779313e-04
  endloop
endfacet
facet normal   -3.257024105114832e-02    6.444611311489311e-02   -9.973895316786980e-01
  outer loop
    vertex   -1.649549975991250e-02    4.936228096485138e-01   -5.625719204545021e-03
    vertex   -2.200640924274923e-02    4.927507936954499e-01   -5.502102896571159e-03
    vertex   -1.675589010119440e-02    4.942145943641663e-01   -5.578977987170219e-03
  endloop
endfacet
facet normal   -9.502820130003187e-02   -9.553348717296813e-01   -2.798301695938341e-01
  outer loop
    vertex    2.709702961146832e-02    4.826985895633698e-01   -1.389173045754433e-02
    vertex    2.903709001839161e-02    4.826540052890778e-01   -1.439835038036108e-02
    vertex    3.035596944391727e-02    4.807497859001160e-01   -8.345263078808784e-03
  endloop
endfacet
facet normal   -4.283507458015787e-01   -8.260694392048809e-01   -3.662306925736356e-01
  outer loop
    vertex    1.803652942180634e-02    4.855056107044221e-01   -1.191683020442724e-02
    vertex    2.458916977047920e-02    4.838126897811890e-01   -1.576237939298153e-02
    vertex    2.349516935646534e-02    4.838855862617493e-01   -1.464723981916904e-02
  endloop
endfacet
facet normal   -5.448732339451753e-01   -6.109603902606097e-01   -5.743174735829739e-01
  outer loop
    vertex    1.549820043146610e-02    4.866111874580384e-01   -1.093086972832680e-02
    vertex    1.592696085572243e-02    4.876484870910645e-01   -1.244113035500050e-02
    vertex    1.700120046734810e-02    4.864313006401063e-01   -1.216544955968857e-02
  endloop
endfacet
facet normal    1.384025232972183e-01   -9.878850391249895e-01    7.019893886648938e-02
  outer loop
    vertex    2.913719974458217e-03    4.909928143024445e-01   -9.240006096661091e-03
    vertex    3.787230933085083e-03    4.910160899162293e-01   -1.063464954495430e-02
    vertex    4.520855844020843e-03    4.912342131137848e-01   -9.011475369334221e-03
  endloop
endfacet
facet normal   -2.840257543558740e-03   -9.997861465764799e-01   -2.048399499217888e-02
  outer loop
    vertex   -1.186963054351509e-03    4.904797971248627e-01   -1.160059031099081e-02
    vertex    7.376132998615418e-05    4.905078113079072e-01   -1.314271986484528e-02
    vertex   -1.977446954697379e-04    4.904677867889405e-01   -1.115155033767223e-02
  endloop
endfacet
facet normal   -2.922843735795429e-01   -9.558814099170631e-01   -2.933556094881923e-02
  outer loop
    vertex    2.669019997119904e-02    4.818080961704255e-01   -8.213689550757408e-03
    vertex    2.812005020678043e-02    4.812223911285401e-01   -3.375136060640216e-03
    vertex    2.023342065513134e-02    4.836508035659791e-01   -3.925175871700048e-03
  endloop
endfacet
facet normal    8.852557454864934e-01    3.046803437299887e-02   -4.641055526112552e-01
  outer loop
    vertex    1.817500032484531e-02    4.963194131851197e-01   -3.261230885982513e-02
    vertex    1.875793002545833e-02    5.032051801681519e-01   -3.104835934937000e-02
    vertex    1.861847937107086e-02    4.969497025012971e-01   -3.172501921653748e-02
  endloop
endfacet
facet normal   -4.846454016794133e-01    4.659152692315525e-01    7.402984509830411e-01
  outer loop
    vertex    2.200727909803391e-02    4.986622929573060e-01   -2.718243049457669e-03
    vertex    2.127343043684959e-02    4.965110123157502e-01   -1.844733022153378e-03
    vertex    2.441756054759026e-02    4.970644116401673e-01   -1.346781064057723e-04
  endloop
endfacet
facet normal    5.641179144702024e-01    7.625683176315267e-01    3.166394471925640e-01
  outer loop
    vertex    1.932347938418388e-02    4.981960952281952e-01   -1.709122955799103e-02
    vertex    1.661645062267780e-02    5.005425810813904e-01   -1.791952922940254e-02
    vertex    1.896511949598789e-02    4.981457889080048e-01   -1.633162982761860e-02
  endloop
endfacet
facet normal   -1.522337396684721e-01   -8.797675604006358e-01   -4.503708784693627e-01
  outer loop
    vertex    2.913719974458217e-03    4.909928143024445e-01   -9.240006096661091e-03
    vertex    7.683575968258074e-04    4.906297028064728e-01   -7.805521134287119e-03
    vertex   -6.222113966941848e-03    4.912630021572114e-01   -6.679716985672712e-03
  endloop
endfacet
facet normal   -2.416190772564377e-01   -6.360096216704770e-01   -7.328792415182219e-01
  outer loop
    vertex   -2.670069038867952e-02    4.924528002738953e-01   -4.593885969370604e-03
    vertex   -2.759286947548391e-02    4.936951994895936e-01   -5.377931054681540e-03
    vertex   -2.529658004641534e-02    4.927980899810792e-01   -5.356450099498034e-03
  endloop
endfacet
facet normal   -3.482251449791794e-01    8.686350753570198e-01    3.524377310444130e-01
  outer loop
    vertex    1.437999960035086e-02    5.008854866027832e-01   -1.970271021127701e-02
    vertex    1.404787972569465e-02    4.989748895168305e-01   -1.532191038131714e-02
    vertex    1.576446928083896e-02    5.011128783226013e-01   -1.889522932469845e-02
  endloop
endfacet
facet normal   -5.241459169159274e-01    8.143146260085216e-01   -2.493245829214667e-01
  outer loop
    vertex    9.932681918144226e-03    5.022953748703003e-01   -9.904515929520130e-03
    vertex    3.534789895638823e-03    4.976029098033906e-01   -1.178043987601995e-02
    vertex    6.253466010093688e-03    5.011928081512451e-01   -5.770909134298563e-03
  endloop
endfacet
facet normal    9.475247047058977e-01    2.171746066753409e-01    2.345892669910802e-01
  outer loop
    vertex    1.875793002545833e-02    5.032051801681519e-01   -3.104835934937000e-02
    vertex    1.771893911063671e-02    5.049334764480591e-01   -2.845178917050362e-02
    vertex    1.851967908442020e-02    5.024849176406860e-01   -2.941925078630447e-02
  endloop
endfacet
facet normal   -7.307394251484182e-01    6.330793867696582e-01    2.554023934522008e-01
  outer loop
    vertex    2.076824009418487e-02    5.001283884048462e-01   -1.006487011909485e-02
    vertex    2.172631025314331e-02    4.983659088611603e-01   -2.954955911263824e-03
    vertex    2.234397083520889e-02    4.992547035217286e-01   -3.390850964933634e-03
  endloop
endfacet
facet normal   -9.078666525282307e-01    4.110031735469336e-01    8.279210446373671e-02
  outer loop
    vertex    1.598085090517998e-02    4.877190887928010e-01   -4.383897874504328e-03
    vertex    1.579000055789948e-02    4.865832030773163e-01   -8.378354832530022e-04
    vertex    1.691189967095852e-02    4.896559119224549e-01   -3.789304057136178e-03
  endloop
endfacet
facet normal    8.041347161954275e-01   -3.587657350381461e-01    4.739773260102616e-01
  outer loop
    vertex    5.362918134778737e-03    5.005872249603271e-01   -1.935973996296525e-03
    vertex    2.648002002388238e-03    4.944489896297455e-01   -1.976124010980129e-03
    vertex    4.782600793987512e-03    4.949173033237458e-01   -5.243137013167143e-03
  endloop
endfacet
facet normal    8.493716925186475e-01    7.054021986666241e-02    5.230600398894670e-01
  outer loop
    vertex    6.034499034285544e-03    5.014061927795410e-01   -3.136968007311225e-03
    vertex    5.362918134778737e-03    5.005872249603271e-01   -1.935973996296525e-03
    vertex    9.500778280198574e-03    5.021970272064209e-01   -8.872342295944691e-03
  endloop
endfacet
facet normal   -4.388958652344239e-01    8.815068917641996e-01   -1.741149598752099e-01
  outer loop
    vertex    6.253466010093688e-03    5.011928081512451e-01   -5.770909134298563e-03
    vertex    6.229158025234937e-03    5.015122890472412e-01   -4.092171788215637e-03
    vertex    9.500778280198574e-03    5.021970272064209e-01   -8.872342295944691e-03
  endloop
endfacet
facet normal   -2.158376860940734e-02    1.934566574330541e-01    9.808713792477817e-01
  outer loop
    vertex    1.398503966629505e-02    4.974308013916016e-01   -1.215361990034580e-02
    vertex    1.628359965980053e-02    4.915874004364014e-01   -1.095055043697357e-02
    vertex    1.530511956661939e-02    4.969474971294404e-01   -1.202925015240908e-02
  endloop
endfacet
facet normal    1.950885433342020e-03   -7.915225899016273e-02    9.968606291467128e-01
  outer loop
    vertex    1.256460044533014e-02    4.890643060207367e-01   -1.025237981230021e-02
    vertex    1.387559995055198e-02    4.875021874904633e-01   -1.037898007780313e-02
    vertex    1.469097007066011e-02    4.888963103294373e-01   -1.026988029479980e-02
  endloop
endfacet
facet normal   -7.871676041728413e-01    5.103510469274756e-01   -3.462787487571518e-01
  outer loop
    vertex    8.330056443810461e-03    4.990476071834565e-01   -2.142076008021832e-02
    vertex    6.451081018894910e-03    4.976185858249665e-01   -1.925555057823658e-02
    vertex    3.623354947194456e-03    4.968738853931428e-01   -1.392505969852209e-02
  endloop
endfacet
facet normal   -6.648495939839912e-01    3.147785073777699e-01   -6.774138385598164e-01
  outer loop
    vertex    1.484716031700373e-02    4.965429902076722e-01   -3.258639946579933e-02
    vertex    3.267703112214803e-03    4.914548099040986e-01   -2.358607016503811e-02
    vertex    1.118123997002840e-02    4.955081045627595e-01   -2.946935966610909e-02
  endloop
endfacet
facet normal   -5.727317076129665e-01   -1.979142655723266e-01   -7.954925106986878e-01
  outer loop
    vertex    1.597861014306545e-02    4.965107142925263e-01   -3.339298069477081e-02
    vertex    1.211558002978563e-02    4.949280023574830e-01   -3.021793998777866e-02
    vertex    1.484716031700373e-02    4.965429902076722e-01   -3.258639946579933e-02
  endloop
endfacet
facet normal   -9.018497304324931e-02    9.959198435226730e-01   -3.214951782387621e-03
  outer loop
    vertex    1.011530030518770e-02    5.000793933868408e-01   -2.165644988417625e-02
    vertex    1.001316029578447e-02    5.000743269920349e-01   -2.036070078611374e-02
    vertex    1.088733039796352e-02    5.001587271690369e-01   -1.873740926384926e-02
  endloop
endfacet
facet normal   -3.483341677199543e-01   -5.659939670945571e-01   -7.472042135931866e-01
  outer loop
    vertex    2.145097032189369e-02    4.873102903366089e-01   -1.573310047388077e-02
    vertex    2.356538921594620e-02    4.891541004180909e-01   -1.811546087265015e-02
    vertex    2.351173013448715e-02    4.877428114414216e-01   -1.702141948044300e-02
  endloop
endfacet
facet normal    2.661542319712934e-01   -9.639228308170061e-01   -3.834192679100007e-03
  outer loop
    vertex    1.071397028863430e-02    4.928036928176880e-01   -1.842335984110832e-02
    vertex    1.046156045049429e-02    4.927384853363038e-01   -1.955135911703110e-02
    vertex    1.570427045226097e-02    4.941953122615815e-01   -2.187239006161690e-02
  endloop
endfacet
facet normal    2.769146305867782e-01   -9.605911673148974e-01   -2.414325254788884e-02
  outer loop
    vertex    1.046156045049429e-02    4.927384853363038e-01   -1.955135911703110e-02
    vertex    4.275871906429528e-03    4.910435974597931e-01   -2.306427992880344e-02
    vertex    1.360596995800733e-02    4.937027990818024e-01   -2.185337990522385e-02
  endloop
endfacet
facet normal   -4.474095824194438e-01   -7.810097312967708e-01   -4.357160373213326e-01
  outer loop
    vertex    2.285463921725750e-02    4.899775981903077e-01   -1.902979984879494e-02
    vertex    1.865552924573421e-02    4.936138093471528e-01   -2.123581059277058e-02
    vertex    2.260391041636467e-02    4.914836883544922e-01   -2.147196978330612e-02
  endloop
endfacet
facet normal   -8.658837015996318e-01    4.455729475989181e-01    2.273986888091745e-01
  outer loop
    vertex    2.073767967522144e-02    4.969142973423005e-01   -3.503690939396620e-03
    vertex    2.000519074499607e-02    4.980219900608063e-01   -8.463297970592976e-03
    vertex    1.696635037660599e-02    4.908396899700165e-01   -5.961277056485415e-03
  endloop
endfacet
facet normal    4.700533105367699e-02    7.970211752192741e-01   -6.021193777853537e-01
  outer loop
    vertex   -2.180982008576395e-02    5.008406043052673e-01   -2.834747079759836e-03
    vertex   -2.060627005994322e-02    5.003777742385864e-01   -3.353435080498457e-03
    vertex   -2.776183001697065e-02    5.005807876586914e-01   -3.643316915258765e-03
  endloop
endfacet
facet normal    4.081399770619673e-02   -9.712674454187318e-01   -2.344648525067443e-01
  outer loop
    vertex    8.902849629521368e-03    4.917649030685425e-01   -1.335505954921246e-02
    vertex    7.207555230706929e-03    4.910989105701447e-01   -1.089129969477654e-02
    vertex    5.902219098061322e-03    4.912717044353486e-01   -1.183431968092918e-02
  endloop
endfacet
facet normal   -1.855544679085788e-01    7.406140098771226e-01   -6.458021584145516e-01
  outer loop
    vertex    2.433256618678570e-02    4.971605539321900e-01    2.706454130045098e-20
    vertex    2.441756054759026e-02    4.970644116401673e-01   -1.346781064057723e-04
    vertex    2.429902181029320e-02    4.971521496772767e-01    8.127466930767885e-20
  endloop
endfacet
facet normal    3.632078064917366e-01   -2.451216062543926e-01   -8.988856920936765e-01
  outer loop
    vertex    2.658684924244881e-02    4.852265119552613e-01   -1.628405973315239e-02
    vertex    2.991735935211182e-02    4.833143055438996e-01   -1.441686972975731e-02
    vertex    2.593930065631866e-02    4.839437901973725e-01   -1.619591936469078e-02
  endloop
endfacet
facet normal    6.311584191089066e-01    6.161666985219730e-02   -7.732027133839298e-01
  outer loop
    vertex    3.221730142831802e-02    4.926210939884186e-01   -1.211795024573803e-02
    vertex    3.018726967275143e-02    4.856370091438294e-01   -1.433160994201899e-02
    vertex    3.123575076460838e-02    4.929710924625397e-01   -1.289128977805376e-02
  endloop
endfacet
facet normal    5.925110920845322e-01    7.882572792366178e-01    1.660754873160995e-01
  outer loop
    vertex    2.870729938149452e-02    4.975154101848603e-01   -1.095038000494242e-02
    vertex    3.029021061956882e-02    4.962225854396821e-01   -1.046152971684933e-02
    vertex    2.998710982501507e-02    4.968965053558350e-01   -1.257883012294769e-02
  endloop
endfacet
facet normal   -9.210014610669476e-01    3.279679585800560e-01   -2.102220893659337e-01
  outer loop
    vertex    1.751499064266682e-02    4.918893873691559e-01   -1.092252973467112e-02
    vertex    1.892860047519207e-02    4.963208138942719e-01   -1.020220015197992e-02
    vertex    1.994526945054531e-02    4.990499019622803e-01   -1.039865985512733e-02
  endloop
endfacet
facet normal    8.339601718044423e-01   -3.213066652336306e-01    4.486339919359089e-01
  outer loop
    vertex    5.864366888999938e-03    5.004085898399353e-01   -3.105713985860348e-03
    vertex    6.384813226759433e-03    4.950661063194275e-01   -7.899392396211624e-03
    vertex    8.970909751951693e-03    5.005602240562439e-01   -8.771829307079315e-03
  endloop
endfacet
facet normal    1.959049384687936e-01    7.083219577953878e-01   -6.781602017137595e-01
  outer loop
    vertex   -2.776183001697065e-02    5.005807876586914e-01   -3.643316915258765e-03
    vertex   -2.741722017526628e-02    5.032637119293213e-01   -7.415174040943384e-04
    vertex   -2.322275005280973e-02    5.023412704467773e-01   -4.932989832013845e-04
  endloop
endfacet
facet normal    6.348905290594627e-02    8.743145695233304e-01   -4.811893324673143e-01
  outer loop
    vertex   -2.180982008576395e-02    5.008406043052673e-01   -2.834747079759836e-03
    vertex   -2.212500013411047e-02    5.020192861557007e-01   -7.346834172494709e-04
    vertex   -8.386975154280678e-03    5.010250806808472e-01   -7.285198080353439e-04
  endloop
endfacet
facet normal   -4.433470502453229e-01    1.827555037509053e-01   -8.775214065124133e-01
  outer loop
    vertex   -1.871422049589456e-03    4.910368919372559e-01   -1.136672031134367e-02
    vertex   -8.859396912157551e-03    4.934329092502595e-01   -7.337207905948162e-03
    vertex   -1.876614056527615e-03    4.924896061420441e-01   -1.106155011802912e-02
  endloop
endfacet
facet normal   -6.885877988478911e-01    5.776322204424671e-01   -4.383923598610286e-01
  outer loop
    vertex    1.276076026260853e-02    4.992468953132630e-01   -2.861589938402176e-02
    vertex    1.133379992097616e-02    5.000026822090149e-01   -2.537872083485126e-02
    vertex    1.243383996188640e-02    5.007185935974121e-01   -2.616327069699764e-02
  endloop
endfacet
facet normal   -2.681852276078450e-01   -9.420544578094087e-01   -2.015194338379048e-01
  outer loop
    vertex    2.349516935646534e-02    4.838855862617493e-01   -1.464723981916904e-02
    vertex    2.458916977047920e-02    4.838126897811890e-01   -1.576237939298153e-02
    vertex    2.709702961146832e-02    4.826985895633698e-01   -1.389173045754433e-02
  endloop
endfacet
facet normal   -1.144940417989126e-01   -9.772789091786280e-01    1.783733390032822e-01
  outer loop
    vertex   -6.633144803345218e-03    4.917438924312592e-01   -8.290718309581280e-03
    vertex   -1.977446954697379e-04    4.904677867889405e-01   -1.115155033767223e-02
    vertex   -5.544537212699666e-03    4.916462898254395e-01   -8.126713335514069e-03
  endloop
endfacet
facet normal   -2.188198040599624e-01    7.878695880741639e-02   -9.725793070351836e-01
  outer loop
    vertex   -2.888673916459085e-02    4.987232089042664e-01   -4.679514095187187e-03
    vertex   -2.759286947548391e-02    4.936951994895936e-01   -5.377931054681540e-03
    vertex   -2.973140962421895e-02    4.957587122917176e-01   -4.729621112346649e-03
  endloop
endfacet
facet normal   -6.748723205230932e-01    4.633992474363008e-01    5.742895510691843e-01
  outer loop
    vertex    2.200727909803391e-02    4.986622929573060e-01   -2.718243049457669e-03
    vertex    1.739498972892761e-02    4.893650114536286e-01   -6.362848798744380e-04
    vertex    2.127343043684959e-02    4.965110123157502e-01   -1.844733022153378e-03
  endloop
endfacet
facet normal    3.031123782958158e-02    9.992058729272241e-01    2.586218028285409e-02
  outer loop
    vertex    3.543520113453268e-03    5.014966726303101e-01   -3.411723009776324e-04
    vertex    5.668751895427703e-03    5.014562010765076e-01   -1.268355990760028e-03
    vertex    6.229158025234937e-03    5.015122890472412e-01   -4.092171788215637e-03
  endloop
endfacet
facet normal    9.453850015886440e-01   -3.258933903307186e-01   -6.379412981551017e-03
  outer loop
    vertex    3.390312194824219e-02    4.818535745143891e-01   -1.084662604160619e-19
    vertex    3.392707929015160e-02    4.819534122943879e-01   -1.549917040392756e-03
    vertex    3.436204791069031e-02    4.831848740577698e-01   -4.630834877702489e-23
  endloop
endfacet
facet normal    7.357371999865003e-01    6.428943543449326e-01    2.130202377884238e-01
  outer loop
    vertex    2.898875065147877e-02    4.986382126808167e-01   -1.284957956522703e-02
    vertex    2.689315006136894e-02    5.012807846069336e-01   -1.358698960393667e-02
    vertex    2.490998990833759e-02    5.030403137207031e-01   -1.204773038625717e-02
  endloop
endfacet
facet normal    3.123087400792783e-01    5.891082943214868e-01    7.452614765515001e-01
  outer loop
    vertex    2.296027913689613e-02    5.020449161529541e-01   -1.212866976857185e-02
    vertex    2.111697010695934e-02    5.018900036811829e-01   -1.123376004397869e-02
    vertex    2.119481004774570e-02    5.008066892623901e-01   -1.041004993021488e-02
  endloop
endfacet
facet normal    2.328455954422393e-01    6.806756040129026e-01   -6.945960342420761e-01
  outer loop
    vertex    2.424265071749687e-02    5.010818839073181e-01   -1.609658077359200e-02
    vertex    2.339880913496017e-02    5.015044808387756e-01   -1.596532948315144e-02
    vertex    2.519199997186660e-02    5.026494860649109e-01   -1.424214988946915e-02
  endloop
endfacet
facet normal    8.490166800899267e-01    3.698503291138028e-01   -3.773346140807792e-01
  outer loop
    vertex    1.936458051204681e-02    4.955311119556428e-01   -1.841530017554760e-02
    vertex    1.767911016941071e-02    4.973764121532441e-01   -2.039897069334984e-02
    vertex    1.697479933500290e-02    5.006666183471680e-01   -1.875874958932400e-02
  endloop
endfacet
facet normal   -4.160957125018230e-01    3.786335527271170e-01   -8.267411873052183e-01
  outer loop
    vertex   -8.229734376072899e-03    4.959306120872498e-01   -6.731745786964893e-03
    vertex   -5.357275949791082e-04    4.962230026721955e-01   -1.047020033001900e-02
    vertex   -8.705861982889482e-04    4.952344894409180e-01   -1.075438968837261e-02
  endloop
endfacet
facet normal    9.508079892152267e-01    2.973228000335783e-01    8.696735148715302e-02
  outer loop
    vertex    3.548073023557663e-02    4.924652874469758e-01   -6.405448220903054e-05
    vertex    3.547614812850952e-02    4.924612045288086e-01    1.354783194511946e-19
    vertex    3.556972369551659e-02    4.921619594097138e-01   -4.700618027889043e-23
  endloop
endfacet
facet normal    2.301288860327457e-02   -9.996895592438848e-01    9.549455319571626e-03
  outer loop
    vertex   -1.599744521081449e-02    4.930140972137452e-01   -1.720911448773241e-23
    vertex   -1.585208065807821e-02    4.930106997489930e-01   -7.059741183184087e-04
    vertex   -1.585892029106618e-02    4.930172860622407e-01    2.168231453387357e-19
  endloop
endfacet
facet normal    9.035892866998628e-01    1.695696955543619e-02   -4.280640864925823e-01
  outer loop
    vertex    3.501357883214951e-02    4.907425940036774e-01   -7.304789964109659e-03
    vertex    3.424498066306114e-02    4.899232089519501e-01   -8.959662169218063e-03
    vertex    3.373907878994942e-02    4.908235073089600e-01   -9.991893544793129e-03
  endloop
endfacet
facet normal    6.346125616824597e-01    6.666670979706307e-01    3.909243878785815e-01
  outer loop
    vertex    2.384446002542973e-02    4.991996884346009e-01   -5.928523838520050e-03
    vertex    2.870729938149452e-02    4.975154101848603e-01   -1.095038000494242e-02
    vertex    2.423422038555145e-02    4.995731115341187e-01   -7.198067847639322e-03
  endloop
endfacet
facet normal    7.623013511732006e-01    5.854121595834941e-01   -2.760240087588440e-01
  outer loop
    vertex    3.420529887080193e-02    4.935184121131898e-01   -7.451630197465420e-03
    vertex    3.465636819601059e-02    4.928367137908936e-01   -7.651698775589466e-03
    vertex    3.171164914965630e-02    4.952018857002259e-01   -1.076795998960733e-02
  endloop
endfacet
facet normal    8.239639498954255e-01    5.632837230457171e-01   -6.160240761922060e-02
  outer loop
    vertex    3.465636819601059e-02    4.928367137908936e-01   -7.651698775589466e-03
    vertex    3.420529887080193e-02    4.935184121131898e-01   -7.451630197465420e-03
    vertex    3.496988117694855e-02    4.931603968143464e-01   -4.985891864635050e-04
  endloop
endfacet
facet normal    6.572592535650352e-01    6.020703023308757e-01    4.533449290047707e-01
  outer loop
    vertex    2.423422038555145e-02    4.995731115341187e-01   -7.198067847639322e-03
    vertex    2.870729938149452e-02    4.975154101848603e-01   -1.095038000494242e-02
    vertex    2.898875065147877e-02    4.986382126808167e-01   -1.284957956522703e-02
  endloop
endfacet
facet normal    4.739417678802577e-01    6.693217976832891e-01    5.721778847566081e-01
  outer loop
    vertex    2.298530936241150e-02    4.999453127384186e-01   -6.598973181098700e-03
    vertex    2.423422038555145e-02    4.995731115341187e-01   -7.198067847639322e-03
    vertex    2.408274076879024e-02    5.038242936134338e-01   -1.204553991556168e-02
  endloop
endfacet
facet normal    2.576636847615278e-01    7.168644062698608e-01   -6.478540333890590e-01
  outer loop
    vertex    2.231132984161377e-02    4.949024915695191e-01   -1.950524002313614e-02
    vertex    2.565650083124638e-02    4.948776960372925e-01   -1.820223964750767e-02
    vertex    2.272989973425865e-02    4.942159950733185e-01   -2.009839005768299e-02
  endloop
endfacet
facet normal    6.868444653233335e-01    7.245943913601874e-01    5.663610565764091e-02
  outer loop
    vertex    2.408274076879024e-02    5.038242936134338e-01   -1.204553991556168e-02
    vertex    2.490998990833759e-02    5.030403137207031e-01   -1.204773038625717e-02
    vertex    2.689315006136894e-02    5.012807846069336e-01   -1.358698960393667e-02
  endloop
endfacet
facet normal    8.114745048596574e-02    4.398236668871016e-01   -8.944105507682766e-01
  outer loop
    vertex    2.339880913496017e-02    5.015044808387756e-01   -1.596532948315144e-02
    vertex    2.424265071749687e-02    5.010818839073181e-01   -1.609658077359200e-02
    vertex    2.267527021467686e-02    4.963097870349885e-01   -1.858544908463955e-02
  endloop
endfacet
facet normal    7.654171251226832e-01    6.353688384883307e-01   -1.021913090576507e-01
  outer loop
    vertex    2.035178989171982e-02    4.953818917274476e-01   -2.553902938961983e-02
    vertex    2.143383026123047e-02    4.938494861125947e-01   -2.696214988827705e-02
    vertex    1.908094994723797e-02    4.959507882595063e-01   -3.152059018611908e-02
  endloop
endfacet
facet normal    7.541854396553748e-01    4.479995344470183e-01    4.801049257684032e-01
  outer loop
    vertex    1.759679056704044e-02    4.978316128253937e-01   -2.519139088690281e-02
    vertex    1.812292076647282e-02    4.964247047901154e-01   -2.470505051314831e-02
    vertex    1.810749992728233e-02    4.987432956695557e-01   -2.684436924755573e-02
  endloop
endfacet
facet normal    9.817535072473967e-01   -1.849184543423501e-01    4.433075964916437e-02
  outer loop
    vertex    1.898509077727794e-02    5.058537125587463e-01   -2.508514933288097e-02
    vertex    1.778417080640792e-02    5.001314282417297e-01   -2.235901914536953e-02
    vertex    1.923233084380626e-02    5.068923830986023e-01   -2.622791007161140e-02
  endloop
endfacet
facet normal    3.971415045143425e-01    6.177019177346182e-01    6.787657668290730e-01
  outer loop
    vertex    1.884156093001365e-02    5.072051286697388e-01   -2.623100951313972e-02
    vertex    1.680227927863598e-02    5.021786093711853e-01   -2.046352066099644e-02
    vertex    1.898509077727794e-02    5.058537125587463e-01   -2.508514933288097e-02
  endloop
endfacet
facet normal    4.736981846611648e-01    5.982821207131411e-01    6.462728014420098e-01
  outer loop
    vertex    1.884156093001365e-02    5.072051286697388e-01   -2.623100951313972e-02
    vertex    1.898509077727794e-02    5.058537125587463e-01   -2.508514933288097e-02
    vertex    1.923233084380626e-02    5.068923830986023e-01   -2.622791007161140e-02
  endloop
endfacet
facet normal   -8.660797897238598e-01    4.477487204750991e-01    2.223215714787620e-01
  outer loop
    vertex    1.691189967095852e-02    4.896559119224549e-01   -3.789304057136178e-03
    vertex    2.073767967522144e-02    4.969142973423005e-01   -3.503690939396620e-03
    vertex    1.696635037660599e-02    4.908396899700165e-01   -5.961277056485415e-03
  endloop
endfacet
facet normal   -8.629489809888066e-01    4.547796542876894e-01    2.202147185279635e-01
  outer loop
    vertex    1.526010967791080e-02    4.896253049373627e-01   -9.717171080410480e-03
    vertex    2.000519074499607e-02    4.980219900608063e-01   -8.463297970592976e-03
    vertex    2.019830048084259e-02    4.990080893039704e-01   -9.743021801114082e-03
  endloop
endfacet
facet normal   -9.034569795747492e-01   -1.520335756781749e-01    4.008132706437995e-01
  outer loop
    vertex    1.525210030376911e-02    4.869354069232941e-01   -9.025565348565578e-03
    vertex    1.491404976695776e-02    4.879607856273652e-01   -9.398612193763256e-03
    vertex    1.457033026963472e-02    4.873074889183045e-01   -1.042118016630411e-02
  endloop
endfacet
facet normal   -5.276863231578278e-01    1.435475919789385e-01    8.372223319938502e-01
  outer loop
    vertex    1.994526945054531e-02    4.990499019622803e-01   -1.039865985512733e-02
    vertex    2.076824009418487e-02    5.001283884048462e-01   -1.006487011909485e-02
    vertex    1.984854973852634e-02    5.003198981285095e-01   -1.067737024277449e-02
  endloop
endfacet
facet normal   -4.279153700661936e-01    1.625276860829533e-01    8.890855905466207e-01
  outer loop
    vertex    1.655942946672440e-02    4.979518949985505e-01   -1.182753965258598e-02
    vertex    1.994526945054531e-02    4.990499019622803e-01   -1.039865985512733e-02
    vertex    1.984854973852634e-02    5.003198981285095e-01   -1.067737024277449e-02
  endloop
endfacet
facet normal    4.705129796867852e-01   -3.489731787785434e-01    8.104537349161034e-01
  outer loop
    vertex    6.789340171962976e-03    4.931310117244721e-01   -9.631202556192875e-03
    vertex    6.432612892240285e-03    4.912573099136353e-01   -1.023089978843927e-02
    vertex    7.265670225024222e-03    4.925476908683777e-01   -1.015891041606665e-02
  endloop
endfacet
facet normal    6.394583484194812e-01   -1.584286766346905e-01    7.523253119870488e-01
  outer loop
    vertex    6.789340171962976e-03    4.931310117244721e-01   -9.631202556192875e-03
    vertex    7.265670225024222e-03    4.925476908683777e-01   -1.015891041606665e-02
    vertex    1.066600997000933e-02    5.010914802551270e-01   -1.124992035329342e-02
  endloop
endfacet
facet normal    8.311497192819256e-01   -1.041358352635314e-01    5.462104648865151e-01
  outer loop
    vertex    8.970909751951693e-03    5.005602240562439e-01   -8.771829307079315e-03
    vertex    1.066600997000933e-02    5.010914802551270e-01   -1.124992035329342e-02
    vertex    9.932681918144226e-03    5.022953748703003e-01   -9.904515929520130e-03
  endloop
endfacet
facet normal    7.178976377313874e-01   -6.722117247987673e-01    1.809817084203808e-01
  outer loop
    vertex    4.510230850428342e-03    4.913957118988038e-01   -8.369482122361660e-03
    vertex    4.520855844020843e-03    4.912342131137848e-01   -9.011475369334221e-03
    vertex    5.733081139624118e-03    4.926115870475770e-01   -8.704078383743763e-03
  endloop
endfacet
facet normal    8.523258284613799e-01   -2.476270929339677e-01    4.606750535710551e-01
  outer loop
    vertex    9.500778280198574e-03    5.021970272064209e-01   -8.872342295944691e-03
    vertex    5.864366888999938e-03    5.004085898399353e-01   -3.105713985860348e-03
    vertex    8.970909751951693e-03    5.005602240562439e-01   -8.771829307079315e-03
  endloop
endfacet
facet normal    9.089480378524966e-01   -4.027291359306732e-01    1.078086617885121e-01
  outer loop
    vertex    5.668751895427703e-03    5.014562010765076e-01   -1.268355990760028e-03
    vertex    2.648002002388238e-03    4.944489896297455e-01   -1.976124010980129e-03
    vertex    5.362918134778737e-03    5.005872249603271e-01   -1.935973996296525e-03
  endloop
endfacet
facet normal   -9.426692488939699e-02    2.961941347637929e-01    9.504645082292262e-01
  outer loop
    vertex    1.469097007066011e-02    4.888963103294373e-01   -1.026988029479980e-02
    vertex    1.751499064266682e-02    4.918893873691559e-01   -1.092252973467112e-02
    vertex    1.628359965980053e-02    4.915874004364014e-01   -1.095055043697357e-02
  endloop
endfacet
facet normal   -3.102541169286083e-01   -9.405134810174084e-01   -1.384802330781048e-01
  outer loop
    vertex    7.207555230706929e-03    4.910989105701447e-01   -1.089129969477654e-02
    vertex    8.134283125400541e-03    4.907208979129792e-01   -1.040021982043982e-02
    vertex    6.432612892240285e-03    4.912573099136353e-01   -1.023089978843927e-02
  endloop
endfacet
facet normal   -6.004375816262974e-02    7.008291442738810e-01   -7.107976207346556e-01
  outer loop
    vertex   -1.057863980531694e-02    4.980314970016480e-01   -4.600062035024166e-03
    vertex   -8.733911439776436e-03    4.979532063007355e-01   -4.833085928112268e-03
    vertex   -8.676703087985531e-03    4.968025982379914e-01   -5.972390063107014e-03
  endloop
endfacet
facet normal   -1.930701007059274e-02    5.489336894119583e-01   -8.356428926226259e-01
  outer loop
    vertex   -1.837036944925786e-02    4.983310997486115e-01   -4.169526975601912e-03
    vertex   -1.630128920078279e-02    4.992032051086426e-01   -3.644445911049843e-03
    vertex   -1.610326021909715e-02    4.980641901493073e-01   -4.397240001708269e-03
  endloop
endfacet
facet normal   -6.811311185707049e-02    9.028545925335439e-01   -4.245164175084803e-01
  outer loop
    vertex   -6.938766222447172e-03    5.008429288864136e-01   -9.140112088061869e-04
    vertex   -4.972768947482124e-03    5.010467767715454e-01   -7.959125796332955e-04
    vertex   -4.856016952544452e-03    5.005893707275391e-01   -1.787449000403285e-03
  endloop
endfacet
facet normal   -1.265744705002267e-01    8.302425961950740e-01   -5.428408006781090e-01
  outer loop
    vertex   -6.938766222447172e-03    5.008429288864136e-01   -9.140112088061869e-04
    vertex   -4.856016952544452e-03    5.005893707275391e-01   -1.787449000403285e-03
    vertex   -7.091029081493631e-03    4.979932904243470e-01   -5.236859899014235e-03
  endloop
endfacet
facet normal   -5.059905755757091e-01    8.519744372576319e-01   -1.345849014120974e-01
  outer loop
    vertex    9.182061068713663e-03    5.010272264480591e-01   -1.344334986060858e-02
    vertex    9.057009592652319e-03    4.996812045574189e-01   -2.149404026567936e-02
    vertex    7.863763719797133e-03    4.996181130409241e-01   -1.740726083517075e-02
  endloop
endfacet
facet normal   -6.804752221805886e-01    6.955680807404385e-01   -2.305179321730552e-01
  outer loop
    vertex    4.194717854261397e-03    4.977236092090607e-01   -1.304772030562162e-02
    vertex    9.057009592652319e-03    4.996812045574189e-01   -2.149404026567936e-02
    vertex    3.623354947194456e-03    4.968738853931428e-01   -1.392505969852209e-02
  endloop
endfacet
facet normal   -1.991833533175513e-01   -4.995938866306041e-01   -8.430491920419013e-01
  outer loop
    vertex   -1.086227968335153e-02    4.925026893615723e-01   -6.292867008596659e-03
    vertex   -1.649549975991250e-02    4.936228096485138e-01   -5.625719204545021e-03
    vertex   -1.105097960680725e-02    4.930734038352967e-01   -6.586491130292416e-03
  endloop
endfacet
facet normal   -5.103582852258119e-01    3.928158580772464e-01   -7.650033479301940e-01
  outer loop
    vertex   -8.705861982889482e-04    4.952344894409180e-01   -1.075438968837261e-02
    vertex   -5.357275949791082e-04    4.962230026721955e-01   -1.047020033001900e-02
    vertex    1.349269994534551e-03    4.960078895092011e-01   -1.183819957077503e-02
  endloop
endfacet
facet normal   -5.074866710871769e-01    2.772919833720260e-01   -8.158225509425832e-01
  outer loop
    vertex   -1.876614056527615e-03    4.924896061420441e-01   -1.106155011802912e-02
    vertex   -8.705861982889482e-04    4.952344894409180e-01   -1.075438968837261e-02
    vertex   -4.138034128118315e-04    4.915856122970582e-01   -1.227875985205173e-02
  endloop
endfacet
facet normal   -4.282367088241350e-01    2.539993346086779e-01   -8.672356422759744e-01
  outer loop
    vertex   -8.859396912157551e-03    4.934329092502595e-01   -7.337207905948162e-03
    vertex   -8.705861982889482e-04    4.952344894409180e-01   -1.075438968837261e-02
    vertex   -1.876614056527615e-03    4.924896061420441e-01   -1.106155011802912e-02
  endloop
endfacet
facet normal   -5.674518073811036e-01    1.673346350060640e-01   -8.062242654666915e-01
  outer loop
    vertex   -1.871422049589456e-03    4.910368919372559e-01   -1.136672031134367e-02
    vertex   -1.876614056527615e-03    4.924896061420441e-01   -1.106155011802912e-02
    vertex   -4.138034128118315e-04    4.915856122970582e-01   -1.227875985205173e-02
  endloop
endfacet
facet normal   -7.648940646819924e-01    5.794751351042645e-01   -2.813283448395384e-01
  outer loop
    vertex    6.677269935607909e-03    4.972982108592988e-01   -2.053043060004711e-02
    vertex    6.451081018894910e-03    4.976185858249665e-01   -1.925555057823658e-02
    vertex    8.330056443810461e-03    4.990476071834565e-01   -2.142076008021832e-02
  endloop
endfacet
facet normal   -3.910801736722166e-01   -6.478365405496131e-01   -6.537309190249596e-01
  outer loop
    vertex    3.364912001416086e-03    4.911721050739289e-01   -2.354050055146217e-02
    vertex    3.129160031676292e-03    4.908626973628998e-01   -2.309284918010235e-02
    vertex    2.358325989916920e-03    4.909108877182007e-01   -2.267947047948837e-02
  endloop
endfacet
facet normal   -7.413008147998416e-01    6.450451441725246e-01   -1.854450429548823e-01
  outer loop
    vertex    9.019725024700163e-03    4.994517862796784e-01   -2.277177013456821e-02
    vertex    5.036966875195502e-03    4.951153099536896e-01   -2.193487063050270e-02
    vertex    8.330056443810461e-03    4.990476071834565e-01   -2.142076008021832e-02
  endloop
endfacet
facet normal   -8.281595270692844e-01    5.332386314155516e-01   -1.726509765117147e-01
  outer loop
    vertex    4.473759792745113e-03    4.942691028118134e-01   -2.277556061744690e-02
    vertex    1.296064001508056e-03    4.901238083839417e-01   -2.033591084182262e-02
    vertex    3.389515914022914e-04    4.907642006874085e-01   -1.376703009009361e-02
  endloop
endfacet
facet normal   -6.871391256386846e-01    6.655428561508053e-01   -2.913632245893990e-01
  outer loop
    vertex    7.107694167643785e-03    4.965651929378510e-01   -2.485617995262146e-02
    vertex    9.019725024700163e-03    4.994517862796784e-01   -2.277177013456821e-02
    vertex    9.784160181879996e-03    4.998883008956910e-01   -2.357747964560986e-02
  endloop
endfacet
facet normal   -7.574658325007358e-01    3.711920506138613e-01   -5.370865611380014e-01
  outer loop
    vertex    3.267703112214803e-03    4.914548099040986e-01   -2.358607016503811e-02
    vertex    2.358325989916920e-03    4.909108877182007e-01   -2.267947047948837e-02
    vertex    5.657710134983062e-03    4.953626096248627e-01   -2.425598911941051e-02
  endloop
endfacet
facet normal   -1.285419131821666e-01   -7.828510807222562e-01   -6.087866309040171e-01
  outer loop
    vertex    3.129160031676292e-03    4.908626973628998e-01   -2.309284918010235e-02
    vertex    3.364912001416086e-03    4.911721050739289e-01   -2.354050055146217e-02
    vertex    1.211558002978563e-02    4.949280023574830e-01   -3.021793998777866e-02
  endloop
endfacet
facet normal    6.285320005289480e-01    2.876853751531326e-01   -7.226234491310670e-01
  outer loop
    vertex    1.744111068546772e-02    4.970844984054566e-01   -3.294605016708374e-02
    vertex    1.754076033830643e-02    4.983608126640320e-01   -3.235125914216042e-02
    vertex    1.817500032484531e-02    4.963194131851197e-01   -3.261230885982513e-02
  endloop
endfacet
facet normal    3.171652225930284e-01    9.434557366027457e-01    9.642351709456155e-02
  outer loop
    vertex    1.162356045097113e-02    5.019204020500183e-01   -1.355309039354324e-02
    vertex    1.081219967454672e-02    5.020666122436523e-01   -1.231488026678562e-02
    vertex    1.167092006653547e-02    5.017712712287903e-01   -1.224969979375601e-02
  endloop
endfacet
facet normal    7.012218154739762e-01    6.387697370025920e-01   -3.166404721336494e-01
  outer loop
    vertex    1.088733039796352e-02    5.001587271690369e-01   -1.873740926384926e-02
    vertex    1.162356045097113e-02    5.019204020500183e-01   -1.355309039354324e-02
    vertex    1.265909988433122e-02    5.011824965476990e-01   -1.274842023849487e-02
  endloop
endfacet
facet normal   -1.203098927280933e-01    9.649542484819571e-01   -2.332141248903594e-01
  outer loop
    vertex    1.001316029578447e-02    5.000743269920349e-01   -2.036070078611374e-02
    vertex    9.057009592652319e-03    4.996812045574189e-01   -2.149404026567936e-02
    vertex    1.162356045097113e-02    5.019204020500183e-01   -1.355309039354324e-02
  endloop
endfacet
facet normal   -3.553218403602385e-01    9.344266731442710e-01   -2.435533369804013e-02
  outer loop
    vertex    1.011530030518770e-02    5.000793933868408e-01   -2.165644988417625e-02
    vertex    9.057009592652319e-03    4.996812045574189e-01   -2.149404026567936e-02
    vertex    1.001316029578447e-02    5.000743269920349e-01   -2.036070078611374e-02
  endloop
endfacet
facet normal    3.057510321327702e-01    9.518126141190961e-01   -2.385485178152370e-02
  outer loop
    vertex    1.404787972569465e-02    4.989748895168305e-01   -1.532191038131714e-02
    vertex    1.011530030518770e-02    5.000793933868408e-01   -2.165644988417625e-02
    vertex    1.371052954345941e-02    4.991196095943451e-01   -1.387142017483711e-02
  endloop
endfacet
facet normal    5.958083021522771e-01    8.009819657723517e-01    5.865456157776652e-02
  outer loop
    vertex    1.404787972569465e-02    4.989748895168305e-01   -1.532191038131714e-02
    vertex    1.371052954345941e-02    4.991196095943451e-01   -1.387142017483711e-02
    vertex    1.472197007387876e-02    4.983546137809754e-01   -1.369883026927710e-02
  endloop
endfacet
facet normal   -5.512642550732831e-01    8.015903634035731e-01    2.314316537922713e-01
  outer loop
    vertex    1.884156093001365e-02    5.072051286697388e-01   -2.623100951313972e-02
    vertex    9.019725024700163e-03    4.994517862796784e-01   -2.277177013456821e-02
    vertex    1.103390008211136e-02    5.007879137992859e-01   -2.260188944637775e-02
  endloop
endfacet
facet normal   -6.600689800382581e-01    7.115869514667902e-01   -2.407341938600614e-01
  outer loop
    vertex    1.521455030888319e-02    5.043594837188721e-01   -2.525068074464798e-02
    vertex    9.784160181879996e-03    4.998883008956910e-01   -2.357747964560986e-02
    vertex    9.019725024700163e-03    4.994517862796784e-01   -2.277177013456821e-02
  endloop
endfacet
facet normal    4.650365921562749e-01    5.743784304598603e-01   -6.736693451376170e-01
  outer loop
    vertex    1.884156093001365e-02    5.072051286697388e-01   -2.623100951313972e-02
    vertex    1.923233084380626e-02    5.068923830986023e-01   -2.622791007161140e-02
    vertex    1.719129085540771e-02    5.060456991195679e-01   -2.835874073207378e-02
  endloop
endfacet
facet normal   -7.055599704597312e-01    5.622091520230845e-01   -4.314000434241374e-01
  outer loop
    vertex    1.243383996188640e-02    5.007185935974121e-01   -2.616327069699764e-02
    vertex    1.448552031069994e-02    5.007809996604919e-01   -2.943748980760574e-02
    vertex    1.276076026260853e-02    4.992468953132630e-01   -2.861589938402176e-02
  endloop
endfacet
facet normal    3.673961878017449e-01   -6.048091215568866e-01   -7.065592456902196e-01
  outer loop
    vertex    1.817500032484531e-02    4.963194131851197e-01   -3.261230885982513e-02
    vertex    2.117327041924000e-02    4.929541945457459e-01   -2.817266993224621e-02
    vertex    1.748480089008808e-02    4.954187870025635e-01   -3.220026940107346e-02
  endloop
endfacet
facet normal   -6.897444696174163e-02   -8.637988892856020e-01   -4.990931822167904e-01
  outer loop
    vertex    1.597861014306545e-02    4.965107142925263e-01   -3.339298069477081e-02
    vertex    1.671002991497517e-02    4.955281019210816e-01   -3.179341927170753e-02
    vertex    1.538849994540214e-02    4.959366023540497e-01   -3.231779113411903e-02
  endloop
endfacet
facet normal    2.616708890658904e-01   -9.649114851349256e-01    2.177548323639546e-02
  outer loop
    vertex    1.296064001508056e-03    4.901238083839417e-01   -2.033591084182262e-02
    vertex    3.086928045377134e-03    4.907267093658448e-01   -1.514066010713577e-02
    vertex    8.466515282634560e-05    4.899108111858368e-01   -1.521710958331823e-02
  endloop
endfacet
facet normal    3.861406840112943e-02    1.472235566532928e-01   -9.883492186913833e-01
  outer loop
    vertex   -2.888673916459085e-02    4.987232089042664e-01   -4.679514095187187e-03
    vertex   -2.551073953509332e-02    4.941791892051697e-01   -5.224489141255617e-03
    vertex   -2.759286947548391e-02    4.936951994895936e-01   -5.377931054681540e-03
  endloop
endfacet
facet normal   -3.886764099656929e-01   -9.186385809608377e-01   -7.094931928101265e-02
  outer loop
    vertex    1.930117979645729e-02    4.840553104877472e-01   -5.965449847280979e-03
    vertex    1.769272983074188e-02    4.845564961433411e-01   -3.643255913630128e-03
    vertex    1.739742048084736e-02    4.848460853099824e-01   -5.775031168013811e-03
  endloop
endfacet
facet normal   -3.131901856650332e-01   -9.403568646133138e-01   -1.328189548886753e-01
  outer loop
    vertex    8.134283125400541e-03    4.907208979129792e-01   -1.040021982043982e-02
    vertex    7.207555230706929e-03    4.910989105701447e-01   -1.089129969477654e-02
    vertex    9.242754429578779e-03    4.904789030551911e-01   -1.130069978535175e-02
  endloop
endfacet
facet normal    1.577840661675841e-01   -9.626923561338507e-01   -2.198354291397961e-01
  outer loop
    vertex    1.538849994540214e-02    4.959366023540497e-01   -3.231779113411903e-02
    vertex    1.580023951828480e-02    4.954557120800019e-01   -2.991637960076332e-02
    vertex    1.398051995784044e-02    4.948149919509888e-01   -2.841665036976337e-02
  endloop
endfacet
facet normal    4.252088781369338e-02   -9.248496145374734e-01   -3.779486269182918e-01
  outer loop
    vertex    1.211558002978563e-02    4.949280023574830e-01   -3.021793998777866e-02
    vertex    1.538849994540214e-02    4.959366023540497e-01   -3.231779113411903e-02
    vertex    1.315306033939123e-02    4.950887858867646e-01   -3.049466013908386e-02
  endloop
endfacet
facet normal    2.728975028282870e-01   -9.618829488108922e-01    1.755408035038200e-02
  outer loop
    vertex    1.296064001508056e-03    4.901238083839417e-01   -2.033591084182262e-02
    vertex    1.046156045049429e-02    4.927384853363038e-01   -1.955135911703110e-02
    vertex    3.086928045377134e-03    4.907267093658448e-01   -1.514066010713577e-02
  endloop
endfacet
facet normal   -1.361988896870109e-01   -9.852064396799473e-01   -1.040102574806347e-01
  outer loop
    vertex    1.671002991497517e-02    4.955281019210816e-01   -3.179341927170753e-02
    vertex    1.733166910707951e-02    4.946511983871461e-01   -2.430123090744019e-02
    vertex    1.580023951828480e-02    4.954557120800019e-01   -2.991637960076332e-02
  endloop
endfacet
facet normal   -2.240008449676415e-01   -8.829164969731962e-01   -4.126524940265875e-01
  outer loop
    vertex    1.488971989601850e-02    4.934935867786408e-01   -1.893438026309013e-02
    vertex    1.822873950004578e-02    4.941537082195283e-01   -2.215931005775928e-02
    vertex    1.865552924573421e-02    4.936138093471528e-01   -2.123581059277058e-02
  endloop
endfacet
facet normal   -3.502288443458710e-01   -8.149479573268769e-01   -4.617354041406252e-01
  outer loop
    vertex    2.356538921594620e-02    4.891541004180909e-01   -1.811546087265015e-02
    vertex    2.285463921725750e-02    4.899775981903077e-01   -1.902979984879494e-02
    vertex    2.406040020287037e-02    4.898903071880341e-01   -1.979031041264534e-02
  endloop
endfacet
facet normal   -5.532072372300176e-01   -6.909412402581956e-01   -4.653621763603026e-01
  outer loop
    vertex   -3.067575022578241e-02    4.953331947326661e-01   -4.145098850131035e-03
    vertex   -2.759286947548391e-02    4.936951994895936e-01   -5.377931054681540e-03
    vertex   -2.670069038867952e-02    4.924528002738953e-01   -4.593885969370604e-03
  endloop
endfacet
facet normal   -9.827754759358002e-01   -1.846009490450793e-01    8.651792347105607e-03
  outer loop
    vertex   -3.076439350843431e-02    4.959887266159058e-01    2.168317581708049e-19
    vertex   -3.077757917344572e-02    4.959279000759125e-01   -2.795627107843757e-03
    vertex   -3.067597374320032e-02    4.955179989337922e-01    2.168317070791974e-19
  endloop
endfacet
facet normal   -3.828418528624676e-01    8.589951378336270e-01   -3.399403901789561e-01
  outer loop
    vertex    2.244235947728156e-03    4.975151121616364e-01   -1.054887007921934e-02
    vertex    6.253466010093688e-03    5.011928081512451e-01   -5.770909134298563e-03
    vertex    3.534789895638823e-03    4.976029098033906e-01   -1.178043987601995e-02
  endloop
endfacet
facet normal   -1.440096154815171e-01    9.220917437465500e-01   -3.591769017675170e-01
  outer loop
    vertex   -4.972768947482124e-03    5.010467767715454e-01   -7.959125796332955e-04
    vertex    6.229158025234937e-03    5.015122890472412e-01   -4.092171788215637e-03
    vertex    3.332153894007205e-03    5.010182857513428e-01   -4.198859911412001e-03
  endloop
endfacet
facet normal   -1.147216369929695e-01    9.760962635293805e-01   -1.845942315719416e-01
  outer loop
    vertex   -6.493860855698600e-03    5.009899139404297e-01   -1.512632006779313e-04
    vertex   -3.995555918663741e-03    5.012823939323425e-01   -1.573360059410334e-04
    vertex   -4.972768947482124e-03    5.010467767715454e-01   -7.959125796332955e-04
  endloop
endfacet
facet normal    8.304669808582396e-01    4.066926988237760e-01   -3.806910064969144e-01
  outer loop
    vertex    3.207398951053619e-02    4.943757057189942e-01   -1.164097990840673e-02
    vertex    3.465636819601059e-02    4.928367137908936e-01   -7.651698775589466e-03
    vertex    3.481208905577660e-02    4.922001957893372e-01   -7.991991005837917e-03
  endloop
endfacet
facet normal    6.157722723633157e-01   -1.379391620822593e-02   -7.878034250142347e-01
  outer loop
    vertex    2.923391014337540e-02    4.950115978717805e-01   -1.449172012507915e-02
    vertex    3.221730142831802e-02    4.926210939884186e-01   -1.211795024573803e-02
    vertex    3.123575076460838e-02    4.929710924625397e-01   -1.289128977805376e-02
  endloop
endfacet
facet normal    7.804639641986362e-01    5.133520099409460e-01   -3.568553130849264e-01
  outer loop
    vertex    2.933841943740845e-02    4.967047870159150e-01   -1.427335012704134e-02
    vertex    2.998710982501507e-02    4.968965053558350e-01   -1.257883012294769e-02
    vertex    3.207398951053619e-02    4.943757057189942e-01   -1.164097990840673e-02
  endloop
endfacet
facet normal    4.856870707057018e-01    3.329395638228649e-01   -8.082445893358985e-01
  outer loop
    vertex    2.476559951901436e-02    4.963792860507966e-01   -1.771946996450424e-02
    vertex    2.424265071749687e-02    5.010818839073181e-01   -1.609658077359200e-02
    vertex    2.644670009613037e-02    4.963403940200806e-01   -1.672529056668282e-02
  endloop
endfacet
facet normal    9.902239489156833e-01   -1.354647154602911e-02    1.388273175656818e-01
  outer loop
    vertex    1.851967908442020e-02    5.024849176406860e-01   -2.941925078630447e-02
    vertex    1.810749992728233e-02    4.987432956695557e-01   -2.684436924755573e-02
    vertex    1.875793002545833e-02    5.032051801681519e-01   -3.104835934937000e-02
  endloop
endfacet
facet normal   -1.228502077030337e-02    8.614269014517902e-01    5.077329728507307e-01
  outer loop
    vertex    1.661645062267780e-02    5.005425810813904e-01   -1.791952922940254e-02
    vertex    1.404787972569465e-02    4.989748895168305e-01   -1.532191038131714e-02
    vertex    1.531533990055322e-02    4.988228082656861e-01   -1.503321994096041e-02
  endloop
endfacet
facet normal    3.114513953791403e-01    8.448832823333673e-01    4.349370845880837e-01
  outer loop
    vertex    1.896511949598789e-02    4.981457889080048e-01   -1.633162982761860e-02
    vertex    1.531533990055322e-02    4.988228082656861e-01   -1.503321994096041e-02
    vertex    1.472197007387876e-02    4.983546137809754e-01   -1.369883026927710e-02
  endloop
endfacet
facet normal   -4.993272691376095e-01    4.785140986430718e-01    7.222856330395794e-01
  outer loop
    vertex    1.655942946672440e-02    4.979518949985505e-01   -1.182753965258598e-02
    vertex    1.560973003506660e-02    4.977472126483918e-01   -1.234847959131002e-02
    vertex    1.530511956661939e-02    4.969474971294404e-01   -1.202925015240908e-02
  endloop
endfacet
facet normal   -3.575394319725560e-01    5.922923949878852e-01    7.220493566400132e-01
  outer loop
    vertex    2.119481004774570e-02    5.008066892623901e-01   -1.041004993021488e-02
    vertex    1.984854973852634e-02    5.003198981285095e-01   -1.067737024277449e-02
    vertex    2.076824009418487e-02    5.001283884048462e-01   -1.006487011909485e-02
  endloop
endfacet
facet normal    5.385433759842416e-01    8.391231360557168e-01    7.644210043892675e-02
  outer loop
    vertex    1.265909988433122e-02    5.011824965476990e-01   -1.274842023849487e-02
    vertex    1.162356045097113e-02    5.019204020500183e-01   -1.355309039354324e-02
    vertex    1.167092006653547e-02    5.017712712287903e-01   -1.224969979375601e-02
  endloop
endfacet
facet normal   -2.690724769470882e-01    8.620588636043550e-01   -4.294816850934701e-01
  outer loop
    vertex    2.244235947728156e-03    4.975151121616364e-01   -1.054887007921934e-02
    vertex    8.764304802753023e-04    4.977313876152039e-01   -9.257823228836060e-03
    vertex    3.332153894007205e-03    5.010182857513428e-01   -4.198859911412001e-03
  endloop
endfacet
facet normal   -3.194921671618073e-02    5.472214656142836e-01   -8.363778542753136e-01
  outer loop
    vertex   -1.630128920078279e-02    4.992032051086426e-01   -3.644445911049843e-03
    vertex   -1.058403030037882e-02    4.966424107551575e-01   -5.538307130336761e-03
    vertex   -1.610326021909715e-02    4.980641901493073e-01   -4.397240001708269e-03
  endloop
endfacet
facet normal   -3.300716427869338e-01    6.530698271793405e-01   -6.815808913517756e-01
  outer loop
    vertex    1.522475067758924e-04    4.969117939472199e-01   -1.014338992536068e-02
    vertex   -5.357275949791082e-04    4.962230026721955e-01   -1.047020033001900e-02
    vertex   -8.676703087985531e-03    4.968025982379914e-01   -5.972390063107014e-03
  endloop
endfacet
facet normal   -2.275102657677112e-01    5.705653372647338e-01   -7.891097990028294e-01
  outer loop
    vertex   -8.676703087985531e-03    4.968025982379914e-01   -5.972390063107014e-03
    vertex   -8.229734376072899e-03    4.959306120872498e-01   -6.731745786964893e-03
    vertex   -1.058403030037882e-02    4.966424107551575e-01   -5.538307130336761e-03
  endloop
endfacet
facet normal   -5.025101152601671e-01    7.986500854370813e-01    3.311217677721545e-01
  outer loop
    vertex    1.103390008211136e-02    5.007879137992859e-01   -2.260188944637775e-02
    vertex    1.766574941575527e-02    5.060175061225891e-01   -2.515093050897121e-02
    vertex    1.884156093001365e-02    5.072051286697388e-01   -2.623100951313972e-02
  endloop
endfacet
facet normal   -1.847788895377345e-02    7.569711685335095e-01    6.531869698859777e-01
  outer loop
    vertex    1.613209024071693e-02    5.021451115608215e-01   -2.044365927577019e-02
    vertex    1.680227927863598e-02    5.021786093711853e-01   -2.046352066099644e-02
    vertex    1.884156093001365e-02    5.072051286697388e-01   -2.623100951313972e-02
  endloop
endfacet
facet normal    2.245271170943235e-01    7.853764649295525e-01    5.768633997958886e-01
  outer loop
    vertex    1.576446928083896e-02    5.011128783226013e-01   -1.889522932469845e-02
    vertex    1.697479933500290e-02    5.006666183471680e-01   -1.875874958932400e-02
    vertex    1.613209024071693e-02    5.021451115608215e-01   -2.044365927577019e-02
  endloop
endfacet
facet normal   -3.914675003612221e-01    8.058442975074315e-01    4.442613693938409e-01
  outer loop
    vertex    1.576446928083896e-02    5.011128783226013e-01   -1.889522932469845e-02
    vertex    1.613209024071693e-02    5.021451115608215e-01   -2.044365927577019e-02
    vertex    1.437999960035086e-02    5.008854866027832e-01   -1.970271021127701e-02
  endloop
endfacet
facet normal   -7.841887416489106e-01   -6.205074799580218e-01    4.299393822766533e-03
  outer loop
    vertex    1.662470027804375e-02    4.852347970008851e-01   -4.109460860490799e-03
    vertex    1.525210030376911e-02    4.869354069232941e-01   -9.025565348565578e-03
    vertex    1.549820043146610e-02    4.866111874580384e-01   -1.093086972832680e-02
  endloop
endfacet
facet normal   -1.494397517494511e-01   -9.765010884216696e-01   -1.552848508656181e-01
  outer loop
    vertex   -1.580101065337659e-02    4.930900931358338e-01   -5.233895033597946e-03
    vertex   -1.086227968335153e-02    4.925026893615723e-01   -6.292867008596659e-03
    vertex   -1.191607024520637e-02    4.924922883510590e-01   -5.213336087763309e-03
  endloop
endfacet
facet normal   -2.675591240684403e-01   -9.635368169466887e-01    2.986221018625154e-03
  outer loop
    vertex   -2.058661077171565e-03    4.882166981697083e-01   -3.201564075425267e-03
    vertex   -1.612197840586306e-03    4.881026446819306e-01   -2.552134436861314e-23
    vertex   -2.275033621117474e-03    4.882867038249970e-01    2.168152961592416e-19
  endloop
endfacet
facet normal   -3.104656652541818e-01   -8.517333379451477e-01   -4.220916864036712e-01
  outer loop
    vertex   -8.124276064336316e-03    4.918369054794312e-01   -6.963303778320551e-03
    vertex   -8.479955606162564e-03    4.912446141242982e-01   -5.506509914994240e-03
    vertex   -1.086227968335153e-02    4.925026893615723e-01   -6.292867008596659e-03
  endloop
endfacet
facet normal    8.816650479141457e-01    4.691350308429134e-01   -5.078450671775558e-02
  outer loop
    vertex    1.758801937103271e-02    4.977588057518006e-01   -2.166732028126717e-02
    vertex    1.812844909727573e-02    4.967845976352692e-01   -2.128447033464909e-02
    vertex    1.812292076647282e-02    4.964247047901154e-01   -2.470505051314831e-02
  endloop
endfacet
facet normal   -7.994818112220331e-01   -5.897867668296120e-01   -1.139315724363098e-01
  outer loop
    vertex    1.596603915095329e-02    4.861527979373932e-01   -4.239690024405718e-03
    vertex    1.662470027804375e-02    4.852347970008851e-01   -4.109460860490799e-03
    vertex    1.630781963467598e-02    4.848926067352295e-01   -1.144347988883965e-04
  endloop
endfacet
facet normal   -4.364534655563378e-02   -9.689134870219006e-01   -2.435194825698757e-01
  outer loop
    vertex    1.822873950004578e-02    4.941537082195283e-01   -2.215931005775928e-02
    vertex    1.488971989601850e-02    4.934935867786408e-01   -1.893438026309013e-02
    vertex    1.570427045226097e-02    4.941953122615815e-01   -2.187239006161690e-02
  endloop
endfacet
facet normal    6.437119547908220e-01    7.608758206542104e-01   -8.187126970531587e-02
  outer loop
    vertex    2.519199997186660e-02    5.026494860649109e-01   -1.424214988946915e-02
    vertex    2.408274076879024e-02    5.038242936134338e-01   -1.204553991556168e-02
    vertex    2.689315006136894e-02    5.012807846069336e-01   -1.358698960393667e-02
  endloop
endfacet
facet normal    5.225844499088319e-01    8.259435444909814e-01   -2.114775497000991e-01
  outer loop
    vertex    2.272989973425865e-02    4.942159950733185e-01   -2.009839005768299e-02
    vertex    2.392143942415714e-02    4.926823973655701e-01   -2.314355969429016e-02
    vertex    2.254764921963215e-02    4.934644103050232e-01   -2.348412945866585e-02
  endloop
endfacet
facet normal    9.794988843837928e-01   -1.688498385573172e-01   -1.098711404786225e-01
  outer loop
    vertex    3.469115123152733e-02    4.867719113826752e-01   -4.077084828168154e-03
    vertex    3.449505940079689e-02    4.868130981922150e-01   -5.888535175472498e-03
    vertex    3.501357883214951e-02    4.907425940036774e-01   -7.304789964109659e-03
  endloop
endfacet
facet normal    9.179069752010079e-01   -3.289331345377321e-01   -2.219229097694025e-01
  outer loop
    vertex    3.341031074523926e-02    4.835165143013001e-01   -7.765497080981731e-03
    vertex    3.393374010920525e-02    4.820874035358430e-01   -3.482291940599680e-03
    vertex    3.256523981690407e-02    4.817256927490235e-01   -8.606491610407829e-03
  endloop
endfacet
facet normal    8.463030001453996e-01   -2.959046412733730e-01   -4.429578707030413e-01
  outer loop
    vertex    3.290146961808205e-02    4.836524128913880e-01   -9.251187555491924e-03
    vertex    3.256523981690407e-02    4.817256927490235e-01   -8.606491610407829e-03
    vertex    3.074136935174465e-02    4.842798113822938e-01   -1.379732973873615e-02
  endloop
endfacet
facet normal    4.786324848455652e-01   -2.340162534929589e-02   -8.777034284891287e-01
  outer loop
    vertex    3.018726967275143e-02    4.856370091438294e-01   -1.433160994201899e-02
    vertex    2.991735935211182e-02    4.833143055438996e-01   -1.441686972975731e-02
    vertex    2.658684924244881e-02    4.852265119552613e-01   -1.628405973315239e-02
  endloop
endfacet
facet normal    5.557825472325764e-01    7.845012124850306e-01    2.750701870453904e-01
  outer loop
    vertex    2.384446002542973e-02    4.991996884346009e-01   -5.928523838520050e-03
    vertex    3.029021061956882e-02    4.962225854396821e-01   -1.046152971684933e-02
    vertex    2.870729938149452e-02    4.975154101848603e-01   -1.095038000494242e-02
  endloop
endfacet
facet normal    5.849338151849667e-01    8.109927221196834e-01    1.196814614153754e-02
  outer loop
    vertex    3.029021061956882e-02    4.962225854396821e-01   -1.046152971684933e-02
    vertex    3.171662986278534e-02    4.951513111591340e-01   -7.584325969219208e-03
    vertex    3.171164914965630e-02    4.952018857002259e-01   -1.076795998960733e-02
  endloop
endfacet
facet normal    3.276268082371369e-01    4.560763223601004e-01   -8.274388573827265e-01
  outer loop
    vertex    2.231132984161377e-02    4.949024915695191e-01   -1.950524002313614e-02
    vertex    2.267527021467686e-02    4.963097870349885e-01   -1.858544908463955e-02
    vertex    2.476559951901436e-02    4.963792860507966e-01   -1.771946996450424e-02
  endloop
endfacet
facet normal    9.081400357088245e-01    3.885206969155339e-01   -1.559914857004800e-01
  outer loop
    vertex    2.035178989171982e-02    4.953818917274476e-01   -2.553902938961983e-02
    vertex    1.908094994723797e-02    4.959507882595063e-01   -3.152059018611908e-02
    vertex    1.861847937107086e-02    4.969497025012971e-01   -3.172501921653748e-02
  endloop
endfacet
facet normal   -8.835146769569066e-01    4.628591104235542e-01    7.185582439614295e-02
  outer loop
    vertex    1.691189967095852e-02    4.896559119224549e-01   -3.789304057136178e-03
    vertex    1.641473919153214e-02    4.883004128932953e-01   -1.170775969512761e-03
    vertex    2.073767967522144e-02    4.969142973423005e-01   -3.503690939396620e-03
  endloop
endfacet
facet normal    2.621787150990306e-02    2.305172467621418e-01    9.727149747786820e-01
  outer loop
    vertex    1.256460044533014e-02    4.890643060207367e-01   -1.025237981230021e-02
    vertex    1.469097007066011e-02    4.888963103294373e-01   -1.026988029479980e-02
    vertex    1.628359965980053e-02    4.915874004364014e-01   -1.095055043697357e-02
  endloop
endfacet
facet normal   -9.126153605712126e-02   -1.562962669643741e-01    9.834850324074567e-01
  outer loop
    vertex    8.134283125400541e-03    4.907208979129792e-01   -1.040021982043982e-02
    vertex    1.387559995055198e-02    4.875021874904633e-01   -1.037898007780313e-02
    vertex    1.256460044533014e-02    4.890643060207367e-01   -1.025237981230021e-02
  endloop
endfacet
facet normal   -4.982538966770038e-01    2.803790423108157e-01   -8.204453955499119e-01
  outer loop
    vertex   -4.138034128118315e-04    4.915856122970582e-01   -1.227875985205173e-02
    vertex   -8.705861982889482e-04    4.952344894409180e-01   -1.075438968837261e-02
    vertex    1.349269994534551e-03    4.960078895092011e-01   -1.183819957077503e-02
  endloop
endfacet
facet normal   -4.725590981641441e-01    9.523289990856219e-02   -8.761384556776951e-01
  outer loop
    vertex   -1.871422049589456e-03    4.910368919372559e-01   -1.136672031134367e-02
    vertex   -8.915307931602017e-03    4.926944971084595e-01   -7.387313991785049e-03
    vertex   -8.859396912157551e-03    4.934329092502595e-01   -7.337207905948162e-03
  endloop
endfacet
facet normal   -7.523494951197620e-01    6.465564972277796e-01   -1.262336448241242e-01
  outer loop
    vertex    8.330056443810461e-03    4.990476071834565e-01   -2.142076008021832e-02
    vertex    5.036966875195502e-03    4.951153099536896e-01   -2.193487063050270e-02
    vertex    6.677269935607909e-03    4.972982108592988e-01   -2.053043060004711e-02
  endloop
endfacet
facet normal   -8.536736809914100e-02   -9.960074986909933e-01   -2.610507642464647e-02
  outer loop
    vertex   -8.124276064336316e-03    4.918369054794312e-01   -6.963303778320551e-03
    vertex   -6.633144803345218e-03    4.917438924312592e-01   -8.290718309581280e-03
    vertex   -5.544537212699666e-03    4.916462898254395e-01   -8.126713335514069e-03
  endloop
endfacet
facet normal    5.797670808639237e-01    7.972633241598404e-01   -1.680515513053243e-01
  outer loop
    vertex    2.150456979870796e-02    4.949196875095368e-01   -2.017861977219582e-02
    vertex    2.254764921963215e-02    4.934644103050232e-01   -2.348412945866585e-02
    vertex    1.812292076647282e-02    4.964247047901154e-01   -2.470505051314831e-02
  endloop
endfacet
facet normal   -3.429258893638162e-01   -7.821170427655637e-01   -5.202833514727193e-01
  outer loop
    vertex    9.242754429578779e-03    4.904789030551911e-01   -1.130069978535175e-02
    vertex    7.207555230706929e-03    4.910989105701447e-01   -1.089129969477654e-02
    vertex    9.304986335337160e-03    4.913513064384461e-01   -1.265315990895033e-02
  endloop
endfacet
facet normal    6.465830589149543e-01   -3.969060612967941e-02   -7.618103462865542e-01
  outer loop
    vertex    2.485728077590466e-02    4.900462925434113e-01   -1.794767007231712e-02
    vertex    2.923391014337540e-02    4.950115978717805e-01   -1.449172012507915e-02
    vertex    2.629444003105164e-02    4.899739921092988e-01   -1.672412082552910e-02
  endloop
endfacet
facet normal   -2.328314256021634e-01    7.975422556293634e-01   -5.565212284699403e-01
  outer loop
    vertex   -3.669613972306252e-03    4.980545938014985e-01   -6.580422166734934e-03
    vertex   -6.908860057592407e-03    4.974772930145264e-01   -6.052542012184858e-03
    vertex   -7.091029081493631e-03    4.979932904243470e-01   -5.236859899014235e-03
  endloop
endfacet
facet normal    7.977180599468331e-01   -3.807445102576597e-01   -4.676318153668715e-01
  outer loop
    vertex    3.074136935174465e-02    4.842798113822938e-01   -1.379732973873615e-02
    vertex    3.256523981690407e-02    4.817256927490235e-01   -8.606491610407829e-03
    vertex    2.991735935211182e-02    4.833143055438996e-01   -1.441686972975731e-02
  endloop
endfacet
facet normal    5.984572835555180e-01    7.842031419746098e-01    1.639338643371168e-01
  outer loop
    vertex    3.029021061956882e-02    4.962225854396821e-01   -1.046152971684933e-02
    vertex    3.171164914965630e-02    4.952018857002259e-01   -1.076795998960733e-02
    vertex    2.998710982501507e-02    4.968965053558350e-01   -1.257883012294769e-02
  endloop
endfacet
facet normal   -1.753175527411931e-01    5.699921369156550e-01   -8.027282974675579e-01
  outer loop
    vertex    1.936458051204681e-02    4.955311119556428e-01   -1.841530017554760e-02
    vertex    2.267527021467686e-02    4.963097870349885e-01   -1.858544908463955e-02
    vertex    2.231132984161377e-02    4.949024915695191e-01   -1.950524002313614e-02
  endloop
endfacet
facet normal    5.091406151366792e-01    5.497416949825498e-01    6.622385543110255e-01
  outer loop
    vertex    1.875793002545833e-02    5.032051801681519e-01   -3.104835934937000e-02
    vertex    1.810749992728233e-02    4.987432956695557e-01   -2.684436924755573e-02
    vertex    1.953385025262833e-02    4.969598054885865e-01   -2.646045014262199e-02
  endloop
endfacet
facet normal   -6.556189514271850e-01    7.249753102235741e-01   -2.111269525563972e-01
  outer loop
    vertex    2.000576071441174e-02    4.983395934104920e-01   -1.668464019894600e-02
    vertex    1.944334059953690e-02    4.987773895263672e-01   -1.343481987714767e-02
    vertex    2.314955927431583e-02    5.015100836753845e-01   -1.556023024022579e-02
  endloop
endfacet
facet normal   -1.384547604273885e-01    7.765512160050202e-01    6.146531446564956e-01
  outer loop
    vertex    2.200727909803391e-02    4.986622929573060e-01   -2.718243049457669e-03
    vertex    2.450810931622982e-02    4.977527856826783e-01   -1.005845027975738e-03
    vertex    2.234397083520889e-02    4.992547035217286e-01   -3.390850964933634e-03
  endloop
endfacet
facet normal   -6.302458843634317e-01    4.579365762534454e-01   -6.269642871585496e-01
  outer loop
    vertex    1.751499064266682e-02    4.918893873691559e-01   -1.092252973467112e-02
    vertex    1.469097007066011e-02    4.888963103294373e-01   -1.026988029479980e-02
    vertex    1.611679978668690e-02    4.910160899162293e-01   -1.015487965196371e-02
  endloop
endfacet
facet normal    7.714168018240942e-01   -4.855672760157866e-01    4.112669915348116e-01
  outer loop
    vertex    1.478131976909935e-03    4.906812012195588e-01   -3.002169076353312e-03
    vertex    8.546253411622335e-06    4.888660907745362e-01   -2.388687105849385e-03
    vertex    5.733081139624118e-03    4.926115870475770e-01   -8.704078383743763e-03
  endloop
endfacet
facet normal   -4.278337357930641e-02    8.845126223334440e-02   -9.951612719325956e-01
  outer loop
    vertex   -2.200640924274923e-02    4.927507936954499e-01   -5.502102896571159e-03
    vertex   -2.529658004641534e-02    4.927980899810792e-01   -5.356450099498034e-03
    vertex   -2.551073953509332e-02    4.941791892051697e-01   -5.224489141255617e-03
  endloop
endfacet
facet normal   -6.795393364396817e-01    6.684403564367462e-01   -3.023471185869526e-01
  outer loop
    vertex    7.107694167643785e-03    4.965651929378510e-01   -2.485617995262146e-02
    vertex    5.657710134983062e-03    4.953626096248627e-01   -2.425598911941051e-02
    vertex    9.019725024700163e-03    4.994517862796784e-01   -2.277177013456821e-02
  endloop
endfacet
facet normal   -5.347799856419738e-01    4.677620909329446e-01   -7.037108733299563e-01
  outer loop
    vertex    1.809326000511646e-02    5.034477114677429e-01   -3.112022951245308e-02
    vertex    1.671084947884082e-02    5.040971040725708e-01   -2.963802032172680e-02
    vertex    1.687089912593364e-02    5.055485963821411e-01   -2.879483066499233e-02
  endloop
endfacet
facet normal   -4.514906713606227e-01   -1.943003949171301e-01   -8.708636691293199e-01
  outer loop
    vertex   -2.973140962421895e-02    4.957587122917176e-01   -4.729621112346649e-03
    vertex   -2.759286947548391e-02    4.936951994895936e-01   -5.377931054681540e-03
    vertex   -3.067575022578241e-02    4.953331947326661e-01   -4.145098850131035e-03
  endloop
endfacet
facet normal   -3.991271417819072e-01   -7.219701879151622e-01   -5.652048942239891e-01
  outer loop
    vertex    1.429308019578457e-02    4.876748025417328e-01   -1.128521002829075e-02
    vertex    9.242754429578779e-03    4.904789030551911e-01   -1.130069978535175e-02
    vertex    1.076970994472503e-02    4.910225868225098e-01   -1.307346019893885e-02
  endloop
endfacet
facet normal   -3.503104806338809e-01   -7.045124580609821e-01   -6.172072290527164e-01
  outer loop
    vertex    1.590980961918831e-02    4.907698929309846e-01   -1.599433086812496e-02
    vertex    2.139504998922348e-02    4.888364970684052e-01   -1.690072938799858e-02
    vertex    1.592696085572243e-02    4.876484870910645e-01   -1.244113035500050e-02
  endloop
endfacet
facet normal    5.102926982583968e-01    8.599344823185132e-01    1.067933629752108e-02
  outer loop
    vertex    3.488381206989288e-02    4.932052791118622e-01   -4.660983985034884e-23
    vertex    3.496988117694855e-02    4.931603968143464e-01   -4.985891864635050e-04
    vertex    3.392366319894791e-02    4.937750399112702e-01    5.416405358740663e-20
  endloop
endfacet
facet normal    6.494851511468637e-01    5.769410768566838e-02   -7.581823186926020e-01
  outer loop
    vertex    2.923391014337540e-02    4.950115978717805e-01   -1.449172012507915e-02
    vertex    2.933841943740845e-02    4.967047870159150e-01   -1.427335012704134e-02
    vertex    3.221730142831802e-02    4.926210939884186e-01   -1.211795024573803e-02
  endloop
endfacet
facet normal    9.238119393668441e-01   -3.010722423423106e-01   -2.364889121592033e-01
  outer loop
    vertex    2.406040020287037e-02    4.898903071880341e-01   -1.979031041264534e-02
    vertex    2.384150959551334e-02    4.916464984416962e-01   -2.288117073476315e-02
    vertex    2.570828050374985e-02    4.938808977603913e-01   -1.843347959220409e-02
  endloop
endfacet
facet normal    6.037960762822118e-01    4.649003050970436e-01    6.475322421214877e-01
  outer loop
    vertex    1.449606008827686e-02    4.984273910522461e-01   -1.248325966298580e-02
    vertex    1.265909988433122e-02    5.011824965476990e-01   -1.274842023849487e-02
    vertex    1.167092006653547e-02    5.017712712287903e-01   -1.224969979375601e-02
  endloop
endfacet
facet normal    9.734510879993769e-02    5.605393455743641e-01   -8.223865100156931e-01
  outer loop
    vertex   -1.400138996541502e-02    4.995194077491761e-01   -3.156685037538409e-03
    vertex   -1.630128920078279e-02    4.992032051086426e-01   -3.644445911049843e-03
    vertex   -2.060627005994322e-02    5.003777742385864e-01   -3.353435080498457e-03
  endloop
endfacet
facet normal   -2.298094740684192e-01    8.399524667603936e-01   -4.915968462180433e-01
  outer loop
    vertex   -3.669613972306252e-03    4.980545938014985e-01   -6.580422166734934e-03
    vertex    8.764304802753023e-04    4.977313876152039e-01   -9.257823228836060e-03
    vertex   -6.908860057592407e-03    4.974772930145264e-01   -6.052542012184858e-03
  endloop
endfacet
facet normal   -3.306720054465646e-01   -9.306740772397444e-01   -1.565304659416091e-01
  outer loop
    vertex    2.669019997119904e-02    4.818080961704255e-01   -8.213689550757408e-03
    vertex    1.930117979645729e-02    4.840553104877472e-01   -5.965449847280979e-03
    vertex    1.803652942180634e-02    4.855056107044221e-01   -1.191683020442724e-02
  endloop
endfacet
facet normal    2.146648521123409e-01   -9.755013380840227e-01   -4.812629908758854e-02
  outer loop
    vertex    7.842851802706717e-03    4.917989075183869e-01   -1.386442966759205e-02
    vertex    5.902219098061322e-03    4.912717044353486e-01   -1.183431968092918e-02
    vertex    4.192729014903306e-03    4.910021126270295e-01   -1.399489026516676e-02
  endloop
endfacet
facet normal   -9.437702897953074e-01    2.797611937481277e-01   -1.761570735800981e-01
  outer loop
    vertex   -2.942351996898653e-02    5.004242062568665e-01   -2.909325994551182e-03
    vertex   -2.947961911559106e-02    4.995000958442689e-01   -4.076384007930756e-03
    vertex   -3.077757917344572e-02    4.959279000759125e-01   -2.795627107843757e-03
  endloop
endfacet
facet normal   -2.235562948961253e-01   -9.725109883104325e-01   -6.515336236743692e-02
  outer loop
    vertex    2.583621069788933e-02    4.817153811454774e-01    1.083788353857094e-19
    vertex    2.364232018589973e-02    4.823034107685090e-01   -1.249470980837941e-03
    vertex    2.834809385240078e-02    4.811379611492158e-01    5.416727531957307e-20
  endloop
endfacet
facet normal   -6.948255285884307e-01    5.544366407516341e-01   -4.580583982570902e-01
  outer loop
    vertex    1.963377743959427e-02    4.919279813766480e-01    1.351472924626722e-20
    vertex    1.682223938405514e-02    4.882324039936066e-01   -2.083470026263967e-04
    vertex    1.697063818573952e-02    4.885905086994172e-01   -3.625906760252273e-23
  endloop
endfacet
facet normal    7.400760707575865e-01   -6.552609364585942e-01   -1.513952266203196e-01
  outer loop
    vertex    3.393374010920525e-02    4.820874035358430e-01   -3.482291940599680e-03
    vertex    3.258007019758224e-02    4.808695912361146e-01   -4.828661214560270e-03
    vertex    3.256523981690407e-02    4.817256927490235e-01   -8.606491610407829e-03
  endloop
endfacet
facet normal    9.597855223357126e-01   -2.092809846864221e-01   -1.871181994447496e-01
  outer loop
    vertex    3.449505940079689e-02    4.868130981922150e-01   -5.888535175472498e-03
    vertex    3.393374010920525e-02    4.820874035358430e-01   -3.482291940599680e-03
    vertex    3.341031074523926e-02    4.835165143013001e-01   -7.765497080981731e-03
  endloop
endfacet
facet normal    6.503260186657787e-01    7.520481144126112e-01   -1.072366684243476e-01
  outer loop
    vertex    3.350372985005379e-02    4.941132962703705e-01   -7.534317206591368e-03
    vertex    3.420529887080193e-02    4.935184121131898e-01   -7.451630197465420e-03
    vertex    3.171164914965630e-02    4.952018857002259e-01   -1.076795998960733e-02
  endloop
endfacet
facet normal    8.450001896434514e-01    5.095742432860919e-01    1.621997844694570e-01
  outer loop
    vertex    2.898875065147877e-02    4.986382126808167e-01   -1.284957956522703e-02
    vertex    2.998710982501507e-02    4.968965053558350e-01   -1.257883012294769e-02
    vertex    2.949411049485207e-02    4.980319142341614e-01   -1.357754040509462e-02
  endloop
endfacet
facet normal    6.971190316069780e-01   -1.228333270856728e-01   -7.063547476505083e-01
  outer loop
    vertex    2.668002061545849e-02    4.949049949645997e-01   -1.699367910623550e-02
    vertex    2.923391014337540e-02    4.950115978717805e-01   -1.449172012507915e-02
    vertex    2.485728077590466e-02    4.900462925434113e-01   -1.794767007231712e-02
  endloop
endfacet
facet normal    6.979179480950626e-01    4.907029408435308e-02   -7.144946773526397e-01
  outer loop
    vertex    2.933841943740845e-02    4.967047870159150e-01   -1.427335012704134e-02
    vertex    2.923391014337540e-02    4.950115978717805e-01   -1.449172012507915e-02
    vertex    2.668002061545849e-02    4.949049949645997e-01   -1.699367910623550e-02
  endloop
endfacet
facet normal    8.971320270202412e-01   -2.456164957244332e-01   -3.671875040392886e-01
  outer loop
    vertex    2.570828050374985e-02    4.938808977603913e-01   -1.843347959220409e-02
    vertex    2.485728077590466e-02    4.900462925434113e-01   -1.794767007231712e-02
    vertex    2.406040020287037e-02    4.898903071880341e-01   -1.979031041264534e-02
  endloop
endfacet
facet normal    7.476083005692502e-01    1.866917826148761e-01   -6.373601864127043e-01
  outer loop
    vertex    2.565650083124638e-02    4.948776960372925e-01   -1.820223964750767e-02
    vertex    2.668002061545849e-02    4.949049949645997e-01   -1.699367910623550e-02
    vertex    2.570828050374985e-02    4.938808977603913e-01   -1.843347959220409e-02
  endloop
endfacet
facet normal   -6.746760612420342e-01    4.528288092181094e-01   -5.828878810963942e-01
  outer loop
    vertex    2.408274076879024e-02    5.038242936134338e-01   -1.204553991556168e-02
    vertex    2.519199997186660e-02    5.026494860649109e-01   -1.424214988946915e-02
    vertex    2.296027913689613e-02    5.020449161529541e-01   -1.212866976857185e-02
  endloop
endfacet
facet normal    5.471119408726650e-01    5.695917066550570e-01    6.133790115942386e-01
  outer loop
    vertex    1.810749992728233e-02    4.987432956695557e-01   -2.684436924755573e-02
    vertex    1.812292076647282e-02    4.964247047901154e-01   -2.470505051314831e-02
    vertex    1.953385025262833e-02    4.969598054885865e-01   -2.646045014262199e-02
  endloop
endfacet
facet normal    8.848608924120545e-01    3.893557107408235e-01    2.557798498577449e-01
  outer loop
    vertex    1.680227927863598e-02    5.021786093711853e-01   -2.046352066099644e-02
    vertex    1.697479933500290e-02    5.006666183471680e-01   -1.875874958932400e-02
    vertex    1.709597930312156e-02    5.014250278472900e-01   -2.033244073390961e-02
  endloop
endfacet
facet normal    7.328859655660976e-01   -6.149959210545532e-02   -6.775662046229219e-01
  outer loop
    vertex    1.719129085540771e-02    5.060456991195679e-01   -2.835874073207378e-02
    vertex    1.923233084380626e-02    5.068923830986023e-01   -2.622791007161140e-02
    vertex    1.775055006146431e-02    5.054110884666443e-01   -2.769622020423412e-02
  endloop
endfacet
facet normal    9.990685374037206e-01   -3.981934169922519e-02   -1.662761548240698e-02
  outer loop
    vertex    1.771893911063671e-02    5.049334764480591e-01   -2.845178917050362e-02
    vertex    1.775055006146431e-02    5.054110884666443e-01   -2.769622020423412e-02
    vertex    1.761133037507534e-02    5.006011724472046e-01   -2.454257011413574e-02
  endloop
endfacet
facet normal    8.497821592811819e-01    4.287945513822706e-01   -3.066031873159336e-01
  outer loop
    vertex    1.719129085540771e-02    5.060456991195679e-01   -2.835874073207378e-02
    vertex    1.775055006146431e-02    5.054110884666443e-01   -2.769622020423412e-02
    vertex    1.771893911063671e-02    5.049334764480591e-01   -2.845178917050362e-02
  endloop
endfacet
facet normal   -1.913080400716318e-01    9.812046564958956e-01   -2.527164171007438e-02
  outer loop
    vertex    1.896511949598789e-02    4.981457889080048e-01   -1.633162982761860e-02
    vertex    2.000576071441174e-02    4.983395934104920e-01   -1.668464019894600e-02
    vertex    1.932347938418388e-02    4.981960952281952e-01   -1.709122955799103e-02
  endloop
endfacet
facet normal    2.483735810248107e-01    1.870164950159224e-01    9.504395797949868e-01
  outer loop
    vertex    1.108083035796881e-02    4.993788897991181e-01   -1.177799981087446e-02
    vertex    1.398503966629505e-02    4.974308013916016e-01   -1.215361990034580e-02
    vertex    1.449606008827686e-02    4.984273910522461e-01   -1.248325966298580e-02
  endloop
endfacet
facet normal    7.843567266686743e-01   -2.682406814649649e-01    5.593133845500337e-01
  outer loop
    vertex    6.656990852206945e-03    4.940761923789979e-01   -8.992303162813187e-03
    vertex    6.789340171962976e-03    4.931310117244721e-01   -9.631202556192875e-03
    vertex    1.066600997000933e-02    5.010914802551270e-01   -1.124992035329342e-02
  endloop
endfacet
facet normal    7.090632962830994e-01   -3.240477410397744e-01    6.262765390713313e-01
  outer loop
    vertex    5.733081139624118e-03    4.926115870475770e-01   -8.704078383743763e-03
    vertex    6.789340171962976e-03    4.931310117244721e-01   -9.631202556192875e-03
    vertex    6.656990852206945e-03    4.940761923789979e-01   -8.992303162813187e-03
  endloop
endfacet
facet normal    8.753835159892168e-01   -1.824726578992202e-01    4.476688832759662e-01
  outer loop
    vertex    5.020943004637956e-03    5.010958909988403e-01   -1.484780950704589e-04
    vertex    4.584182985126971e-03    4.990507066249848e-01   -1.280560973100364e-04
    vertex    5.668751895427703e-03    5.014562010765076e-01   -1.268355990760028e-03
  endloop
endfacet
facet normal   -5.075219648021541e-01    7.199740182150693e-01   -4.733485695960306e-01
  outer loop
    vertex   -2.942351996898653e-02    5.004242062568665e-01   -2.909325994551182e-03
    vertex   -2.741722017526628e-02    5.032637119293213e-01   -7.415174040943384e-04
    vertex   -2.889947034418584e-02    4.998478889465333e-01   -4.347801208496094e-03
  endloop
endfacet
facet normal    4.003932924552548e-02    7.416525548535881e-01   -6.695881868676551e-01
  outer loop
    vertex   -1.400138996541502e-02    4.995194077491761e-01   -3.156685037538409e-03
    vertex   -1.057863980531694e-02    4.980314970016480e-01   -4.600062035024166e-03
    vertex   -1.630128920078279e-02    4.992032051086426e-01   -3.644445911049843e-03
  endloop
endfacet
facet normal   -4.040577504040598e-01    8.849737787396981e-01   -2.314276242836849e-01
  outer loop
    vertex    9.932681918144226e-03    5.022953748703003e-01   -9.904515929520130e-03
    vertex    1.081219967454672e-02    5.020666122436523e-01   -1.231488026678562e-02
    vertex    9.182061068713663e-03    5.010272264480591e-01   -1.344334986060858e-02
  endloop
endfacet
facet normal   -6.065347449971045e-02    2.976472296258660e-01   -9.527472291889177e-01
  outer loop
    vertex   -2.138306945562364e-02    4.936127066612244e-01   -5.451804026961327e-03
    vertex   -1.837036944925786e-02    4.983310997486115e-01   -4.169526975601912e-03
    vertex   -1.610326021909715e-02    4.980641901493073e-01   -4.397240001708269e-03
  endloop
endfacet
facet normal   -3.371521276478959e-01    8.189523819767171e-02   -9.378814492157543e-01
  outer loop
    vertex   -6.633144803345218e-03    4.917438924312592e-01   -8.290718309581280e-03
    vertex   -1.105097960680725e-02    4.930734038352967e-01   -6.586491130292416e-03
    vertex   -8.915307931602017e-03    4.926944971084595e-01   -7.387313991785049e-03
  endloop
endfacet
facet normal   -5.218675740189522e-01   -3.070841628373858e-01   -7.958351287308417e-01
  outer loop
    vertex   -1.186963054351509e-03    4.904797971248627e-01   -1.160059031099081e-02
    vertex   -8.915307931602017e-03    4.926944971084595e-01   -7.387313991785049e-03
    vertex   -1.871422049589456e-03    4.910368919372559e-01   -1.136672031134367e-02
  endloop
endfacet
facet normal   -5.866552129818171e-01    7.382324532284805e-01   -3.329391927687667e-01
  outer loop
    vertex    3.623354947194456e-03    4.968738853931428e-01   -1.392505969852209e-02
    vertex    1.349269994534551e-03    4.960078895092011e-01   -1.183819957077503e-02
    vertex    4.194717854261397e-03    4.977236092090607e-01   -1.304772030562162e-02
  endloop
endfacet
facet normal   -7.332313377431358e-01    3.661756894705820e-01   -5.729634977833715e-01
  outer loop
    vertex    3.389515914022914e-04    4.907642006874085e-01   -1.376703009009361e-02
    vertex   -4.138034128118315e-04    4.915856122970582e-01   -1.227875985205173e-02
    vertex    2.516923937946557e-03    4.952735900878907e-01   -1.367230992764235e-02
  endloop
endfacet
facet normal   -7.579358687856284e-01    6.382718283123657e-01   -1.346933257105364e-01
  outer loop
    vertex    5.657710134983062e-03    4.953626096248627e-01   -2.425598911941051e-02
    vertex    4.473759792745113e-03    4.942691028118134e-01   -2.277556061744690e-02
    vertex    5.036966875195502e-03    4.951153099536896e-01   -2.193487063050270e-02
  endloop
endfacet
facet normal   -6.263687353204392e-01    5.597092444736919e-01   -5.425751275756775e-01
  outer loop
    vertex    6.581590045243501e-03    4.957239925861359e-01   -2.511659078299999e-02
    vertex    7.107694167643785e-03    4.965651929378510e-01   -2.485617995262146e-02
    vertex    1.276076026260853e-02    4.992468953132630e-01   -2.861589938402176e-02
  endloop
endfacet
facet normal   -4.985743305086378e-01   -3.023874020698264e-01   -8.123949138364449e-01
  outer loop
    vertex    3.364912001416086e-03    4.911721050739289e-01   -2.354050055146217e-02
    vertex    3.267703112214803e-03    4.914548099040986e-01   -2.358607016503811e-02
    vertex    1.484716031700373e-02    4.965429902076722e-01   -3.258639946579933e-02
  endloop
endfacet
facet normal   -5.171211665193071e-01    2.539681096146008e-01   -8.173652172905922e-01
  outer loop
    vertex    1.444489974528551e-02    4.990778863430024e-01   -3.016979992389679e-02
    vertex    1.809326000511646e-02    5.034477114677429e-01   -3.112022951245308e-02
    vertex    1.754076033830643e-02    4.983608126640320e-01   -3.235125914216042e-02
  endloop
endfacet
facet normal   -6.825228703584572e-01    4.219309414976022e-01   -5.967719933480454e-01
  outer loop
    vertex    1.448552031069994e-02    5.007809996604919e-01   -2.943748980760574e-02
    vertex    1.687089912593364e-02    5.055485963821411e-01   -2.879483066499233e-02
    vertex    1.671084947884082e-02    5.040971040725708e-01   -2.963802032172680e-02
  endloop
endfacet
facet normal    7.613316155627122e-01    5.630498139288241e-01   -3.214795144008201e-01
  outer loop
    vertex    1.371052954345941e-02    4.991196095943451e-01   -1.387142017483711e-02
    vertex    1.088733039796352e-02    5.001587271690369e-01   -1.873740926384926e-02
    vertex    1.265909988433122e-02    5.011824965476990e-01   -1.274842023849487e-02
  endloop
endfacet
facet normal    1.359837627712450e-01   -9.361846686327090e-01   -3.241399118893547e-01
  outer loop
    vertex    2.903709001839161e-02    4.826540052890778e-01   -1.439835038036108e-02
    vertex    3.185113146901131e-02    4.811094999313355e-01   -8.756940253078938e-03
    vertex    3.035596944391727e-02    4.807497859001160e-01   -8.345263078808784e-03
  endloop
endfacet
facet normal   -2.538774835723578e-01   -3.575165497177996e-01   -8.987369693146305e-01
  outer loop
    vertex    2.351173013448715e-02    4.877428114414216e-01   -1.702141948044300e-02
    vertex    2.593930065631866e-02    4.839437901973725e-01   -1.619591936469078e-02
    vertex    2.458916977047920e-02    4.838126897811890e-01   -1.576237939298153e-02
  endloop
endfacet
facet normal   -5.044159430305941e-01   -4.463966797774394e-01   -7.391174201033518e-01
  outer loop
    vertex    1.700120046734810e-02    4.864313006401063e-01   -1.216544955968857e-02
    vertex    2.145097032189369e-02    4.873102903366089e-01   -1.573310047388077e-02
    vertex    2.458916977047920e-02    4.838126897811890e-01   -1.576237939298153e-02
  endloop
endfacet
facet normal    2.986916426121326e-01   -5.917730617508313e-01   -7.487242122568983e-01
  outer loop
    vertex    2.356538921594620e-02    4.891541004180909e-01   -1.811546087265015e-02
    vertex    2.490014955401421e-02    4.889337122440339e-01   -1.740879006683826e-02
    vertex    2.351173013448715e-02    4.877428114414216e-01   -1.702141948044300e-02
  endloop
endfacet
facet normal   -4.291071487125407e-01   -6.830820142327009e-01   -5.909873236843493e-01
  outer loop
    vertex    1.429308019578457e-02    4.876748025417328e-01   -1.128521002829075e-02
    vertex    1.592696085572243e-02    4.876484870910645e-01   -1.244113035500050e-02
    vertex    1.549820043146610e-02    4.866111874580384e-01   -1.093086972832680e-02
  endloop
endfacet
facet normal    3.257331265909199e-01   -9.776178997746691e-02   -9.403938338067224e-01
  outer loop
    vertex    1.744111068546772e-02    4.970844984054566e-01   -3.294605016708374e-02
    vertex    1.817500032484531e-02    4.963194131851197e-01   -3.261230885982513e-02
    vertex    1.597861014306545e-02    4.965107142925263e-01   -3.339298069477081e-02
  endloop
endfacet
facet normal    7.532025828087641e-02   -9.922037332361416e-01    9.929053552461731e-02
  outer loop
    vertex    3.787230933085083e-03    4.910160899162293e-01   -1.063464954495430e-02
    vertex    6.432612892240285e-03    4.912573099136353e-01   -1.023089978843927e-02
    vertex    4.520855844020843e-03    4.912342131137848e-01   -9.011475369334221e-03
  endloop
endfacet
facet normal   -2.638778908041665e-01   -9.629673917587401e-01   -5.533770101940921e-02
  outer loop
    vertex    7.376132998615418e-05    4.905078113079072e-01   -1.314271986484528e-02
    vertex    9.383608121424905e-04    4.902811050415040e-01   -1.332050003111362e-02
    vertex   -1.977446954697379e-04    4.904677867889405e-01   -1.115155033767223e-02
  endloop
endfacet
facet normal   -1.034245329547597e-01   -9.739527753492495e-01    2.017903797820506e-01
  outer loop
    vertex   -1.186963054351509e-03    4.904797971248627e-01   -1.160059031099081e-02
    vertex   -1.977446954697379e-04    4.904677867889405e-01   -1.115155033767223e-02
    vertex   -6.633144803345218e-03    4.917438924312592e-01   -8.290718309581280e-03
  endloop
endfacet
facet normal   -4.158509682091530e-01   -8.934775223766533e-01   -1.696050979398524e-01
  outer loop
    vertex   -8.479955606162564e-03    4.912446141242982e-01   -5.506509914994240e-03
    vertex   -1.049845013767482e-02    4.921377897262574e-01   -5.262645892798901e-03
    vertex   -1.086227968335153e-02    4.925026893615723e-01   -6.292867008596659e-03
  endloop
endfacet
facet normal   -1.917539712804751e-01   -9.434281413585677e-01    2.705064816060515e-01
  outer loop
    vertex    8.466515282634560e-05    4.899108111858368e-01   -1.521710958331823e-02
    vertex    9.383608121424905e-04    4.902811050415040e-01   -1.332050003111362e-02
    vertex    7.376132998615418e-05    4.905078113079072e-01   -1.314271986484528e-02
  endloop
endfacet
facet normal    1.577114721697168e-01   -9.750128962163906e-01   -1.564510906251103e-01
  outer loop
    vertex    3.129160031676292e-03    4.908626973628998e-01   -2.309284918010235e-02
    vertex    4.275871906429528e-03    4.910435974597931e-01   -2.306427992880344e-02
    vertex    1.296064001508056e-03    4.901238083839417e-01   -2.033591084182262e-02
  endloop
endfacet
facet normal   -2.775009458943301e-01   -8.657312796380908e-01   -4.165364047522689e-01
  outer loop
    vertex    2.358325989916920e-03    4.909108877182007e-01   -2.267947047948837e-02
    vertex    3.129160031676292e-03    4.908626973628998e-01   -2.309284918010235e-02
    vertex    1.296064001508056e-03    4.901238083839417e-01   -2.033591084182262e-02
  endloop
endfacet
facet normal   -5.767495703804015e-01    1.787042963668564e-01   -7.971353131846870e-01
  outer loop
    vertex   -2.888673916459085e-02    4.987232089042664e-01   -4.679514095187187e-03
    vertex   -3.067575022578241e-02    4.953331947326661e-01   -4.145098850131035e-03
    vertex   -2.947961911559106e-02    4.995000958442689e-01   -4.076384007930756e-03
  endloop
endfacet
facet normal   -3.043752665483002e-01   -9.512639519241498e-01   -4.952363964108302e-02
  outer loop
    vertex    2.669019997119904e-02    4.818080961704255e-01   -8.213689550757408e-03
    vertex    2.023342065513134e-02    4.836508035659791e-01   -3.925175871700048e-03
    vertex    1.930117979645729e-02    4.840553104877472e-01   -5.965449847280979e-03
  endloop
endfacet
facet normal    4.504372254946000e-01    7.249230091168193e-01   -5.211457922134102e-01
  outer loop
    vertex    2.272989973425865e-02    4.942159950733185e-01   -2.009839005768299e-02
    vertex    2.150456979870796e-02    4.949196875095368e-01   -2.017861977219582e-02
    vertex    2.231132984161377e-02    4.949024915695191e-01   -1.950524002313614e-02
  endloop
endfacet
facet normal    1.507004503363532e-01    9.762539242201038e-01   -1.556202098484262e-01
  outer loop
    vertex    2.231132984161377e-02    4.949024915695191e-01   -1.950524002313614e-02
    vertex    2.150456979870796e-02    4.949196875095368e-01   -2.017861977219582e-02
    vertex    1.936458051204681e-02    4.955311119556428e-01   -1.841530017554760e-02
  endloop
endfacet
facet normal   -1.505831237016824e-01   -8.870504640007512e-01   -4.364243315539315e-01
  outer loop
    vertex    9.304986335337160e-03    4.913513064384461e-01   -1.265315990895033e-02
    vertex    8.902849629521368e-03    4.917649030685425e-01   -1.335505954921246e-02
    vertex    1.488971989601850e-02    4.934935867786408e-01   -1.893438026309013e-02
  endloop
endfacet
facet normal   -2.775479338604879e-01   -8.066065720930684e-01   -5.218744889971572e-01
  outer loop
    vertex    9.304986335337160e-03    4.913513064384461e-01   -1.265315990895033e-02
    vertex    1.488971989601850e-02    4.934935867786408e-01   -1.893438026309013e-02
    vertex    1.815336011350155e-02    4.932180047035218e-01   -2.024414017796516e-02
  endloop
endfacet
facet normal    2.445348478974821e-01   -9.439447524590298e-01   -2.217453775590744e-01
  outer loop
    vertex    1.315306033939123e-02    4.950887858867646e-01   -3.049466013908386e-02
    vertex    1.398051995784044e-02    4.948149919509888e-01   -2.841665036976337e-02
    vertex    4.275871906429528e-03    4.910435974597931e-01   -2.306427992880344e-02
  endloop
endfacet
facet normal    2.599022157968099e-01   -9.630187440523433e-01    7.103335010933522e-02
  outer loop
    vertex    8.466515282634560e-05    4.899108111858368e-01   -1.521710958331823e-02
    vertex    3.086928045377134e-03    4.907267093658448e-01   -1.514066010713577e-02
    vertex    9.383608121424905e-04    4.902811050415040e-01   -1.332050003111362e-02
  endloop
endfacet
facet normal   -2.593008462630081e-01   -8.446023761792572e-01   -4.684121019782051e-01
  outer loop
    vertex    1.865552924573421e-02    4.936138093471528e-01   -2.123581059277058e-02
    vertex    1.815336011350155e-02    4.932180047035218e-01   -2.024414017796516e-02
    vertex    1.488971989601850e-02    4.934935867786408e-01   -1.893438026309013e-02
  endloop
endfacet
facet normal   -3.998265277042719e-02   -9.768529747104338e-01   -2.101419836130234e-01
  outer loop
    vertex    1.733166910707951e-02    4.946511983871461e-01   -2.430123090744019e-02
    vertex    1.822873950004578e-02    4.941537082195283e-01   -2.215931005775928e-02
    vertex    1.570427045226097e-02    4.941953122615815e-01   -2.187239006161690e-02
  endloop
endfacet
facet normal   -4.692825330978007e-01   -8.394921774694519e-01   -2.739101825360090e-01
  outer loop
    vertex    1.865552924573421e-02    4.936138093471528e-01   -2.123581059277058e-02
    vertex    1.822873950004578e-02    4.941537082195283e-01   -2.215931005775928e-02
    vertex    2.260391041636467e-02    4.914836883544922e-01   -2.147196978330612e-02
  endloop
endfacet
facet normal   -2.427133368493010e-01   -9.449828889358303e-01   -2.193115950741547e-01
  outer loop
    vertex    2.117327041924000e-02    4.929541945457459e-01   -2.817266993224621e-02
    vertex    2.140891924500465e-02    4.925763905048371e-01   -2.680555917322636e-02
    vertex    1.871694996953011e-02    4.939666092395783e-01   -2.981659956276417e-02
  endloop
endfacet
facet normal   -5.396421890691983e-01    8.170039940687258e-01   -2.032013323094936e-01
  outer loop
    vertex    3.534789895638823e-03    4.976029098033906e-01   -1.178043987601995e-02
    vertex    9.932681918144226e-03    5.022953748703003e-01   -9.904515929520130e-03
    vertex    4.194717854261397e-03    4.977236092090607e-01   -1.304772030562162e-02
  endloop
endfacet
facet normal   -1.045034518884698e-01    9.689852096538411e-01    2.239345708359833e-01
  outer loop
    vertex   -3.550085937604309e-03    5.012940764427185e-01    1.897109786107932e-19
    vertex   -3.995555918663741e-03    5.012823939323425e-01   -1.573360059410334e-04
    vertex   -3.674989566206933e-03    5.012806057929993e-01   -2.432940108561618e-23
  endloop
endfacet
facet normal    1.912035387588252e-01    8.967401342921663e-01    3.991219592001546e-01
  outer loop
    vertex    5.020943004637956e-03    5.010958909988403e-01   -1.484780950704589e-04
    vertex    5.668751895427703e-03    5.014562010765076e-01   -1.268355990760028e-03
    vertex    3.543520113453268e-03    5.014966726303101e-01   -3.411723009776324e-04
  endloop
endfacet
facet normal    8.569875811523855e-01   -9.841714215684831e-02   -5.058521047502543e-01
  outer loop
    vertex    3.074136935174465e-02    4.842798113822938e-01   -1.379732973873615e-02
    vertex    3.373907878994942e-02    4.908235073089600e-01   -9.991893544793129e-03
    vertex    3.424498066306114e-02    4.899232089519501e-01   -8.959662169218063e-03
  endloop
endfacet
facet normal    4.970016015965030e-01    8.410847527369699e-01   -2.134615813768395e-01
  outer loop
    vertex    2.254764921963215e-02    4.934644103050232e-01   -2.348412945866585e-02
    vertex    2.150456979870796e-02    4.949196875095368e-01   -2.017861977219582e-02
    vertex    2.272989973425865e-02    4.942159950733185e-01   -2.009839005768299e-02
  endloop
endfacet
facet normal    6.038790677810868e-01    4.289916715147659e-01   -6.717858418177721e-01
  outer loop
    vertex    2.424265071749687e-02    5.010818839073181e-01   -1.609658077359200e-02
    vertex    2.519199997186660e-02    5.026494860649109e-01   -1.424214988946915e-02
    vertex    2.689315006136894e-02    5.012807846069336e-01   -1.358698960393667e-02
  endloop
endfacet
facet normal    9.177381155780777e-01    1.515537779207344e-01    3.671351299088004e-01
  outer loop
    vertex    1.759679056704044e-02    4.978316128253937e-01   -2.519139088690281e-02
    vertex    1.810749992728233e-02    4.987432956695557e-01   -2.684436924755573e-02
    vertex    1.851967908442020e-02    5.024849176406860e-01   -2.941925078630447e-02
  endloop
endfacet
facet normal   -3.581150753270806e-01    9.041769355760183e-01   -2.328468638308027e-01
  outer loop
    vertex    2.339880913496017e-02    5.015044808387756e-01   -1.596532948315144e-02
    vertex    2.314955927431583e-02    5.015100836753845e-01   -1.556023024022579e-02
    vertex    2.426419034600258e-02    5.022794008255005e-01   -1.428715046495199e-02
  endloop
endfacet
facet normal    3.413799729565793e-02    9.382134090653058e-01    3.443692730060259e-01
  outer loop
    vertex    1.531533990055322e-02    4.988228082656861e-01   -1.503321994096041e-02
    vertex    1.404787972569465e-02    4.989748895168305e-01   -1.532191038131714e-02
    vertex    1.472197007387876e-02    4.983546137809754e-01   -1.369883026927710e-02
  endloop
endfacet
facet normal    3.069116122588274e-01    9.137786014301013e-01    2.661088683774657e-01
  outer loop
    vertex    1.697479933500290e-02    5.006666183471680e-01   -1.875874958932400e-02
    vertex    1.576446928083896e-02    5.011128783226013e-01   -1.889522932469845e-02
    vertex    1.661645062267780e-02    5.005425810813904e-01   -1.791952922940254e-02
  endloop
endfacet
facet normal   -5.852920397925466e-01    6.463250456726956e-01    4.895887697769097e-01
  outer loop
    vertex    2.111697010695934e-02    5.018900036811829e-01   -1.123376004397869e-02
    vertex    1.560973003506660e-02    4.977472126483918e-01   -1.234847959131002e-02
    vertex    1.984854973852634e-02    5.003198981285095e-01   -1.067737024277449e-02
  endloop
endfacet
facet normal    5.952243821655612e-01    8.011129779968678e-01    6.265725305673711e-02
  outer loop
    vertex    1.472197007387876e-02    4.983546137809754e-01   -1.369883026927710e-02
    vertex    1.371052954345941e-02    4.991196095943451e-01   -1.387142017483711e-02
    vertex    1.449606008827686e-02    4.984273910522461e-01   -1.248325966298580e-02
  endloop
endfacet
facet normal   -2.015316662439487e-01    8.570973292492705e-01   -4.740982553170865e-01
  outer loop
    vertex    3.332153894007205e-03    5.010182857513428e-01   -4.198859911412001e-03
    vertex   -3.669613972306252e-03    4.980545938014985e-01   -6.580422166734934e-03
    vertex   -7.091029081493631e-03    4.979932904243470e-01   -5.236859899014235e-03
  endloop
endfacet
facet normal   -3.262883845676870e-01    7.188442254914922e-01   -6.138394493462814e-01
  outer loop
    vertex    2.244235947728156e-03    4.975151121616364e-01   -1.054887007921934e-02
    vertex    1.349269994534551e-03    4.960078895092011e-01   -1.183819957077503e-02
    vertex    1.522475067758924e-04    4.969117939472199e-01   -1.014338992536068e-02
  endloop
endfacet
facet normal   -3.277862818394565e-01    8.117943783536810e-01   -4.832660144384510e-01
  outer loop
    vertex    2.244235947728156e-03    4.975151121616364e-01   -1.054887007921934e-02
    vertex    1.522475067758924e-04    4.969117939472199e-01   -1.014338992536068e-02
    vertex    8.764304802753023e-04    4.977313876152039e-01   -9.257823228836060e-03
  endloop
endfacet
facet normal   -2.292858364492717e-01    5.454229327899168e-01   -8.061896982662354e-01
  outer loop
    vertex   -1.057863980531694e-02    4.980314970016480e-01   -4.600062035024166e-03
    vertex   -8.676703087985531e-03    4.968025982379914e-01   -5.972390063107014e-03
    vertex   -1.058403030037882e-02    4.966424107551575e-01   -5.538307130336761e-03
  endloop
endfacet
facet normal   -3.358164522946325e-01    8.905692476713048e-02   -9.377079366835221e-01
  outer loop
    vertex   -8.859396912157551e-03    4.934329092502595e-01   -7.337207905948162e-03
    vertex   -8.915307931602017e-03    4.926944971084595e-01   -7.387313991785049e-03
    vertex   -1.105097960680725e-02    4.930734038352967e-01   -6.586491130292416e-03
  endloop
endfacet
facet normal   -2.845282025277798e-01    7.837610149128813e-01    5.520528719869510e-01
  outer loop
    vertex    1.613209024071693e-02    5.021451115608215e-01   -2.044365927577019e-02
    vertex    1.884156093001365e-02    5.072051286697388e-01   -2.623100951313972e-02
    vertex    1.766574941575527e-02    5.060175061225891e-01   -2.515093050897121e-02
  endloop
endfacet
facet normal   -1.611898479039306e-01   -8.299862030814427e-01   -5.339857073247917e-01
  outer loop
    vertex    7.683575968258074e-04    4.906297028064728e-01   -7.805521134287119e-03
    vertex   -2.058661077171565e-03    4.882166981697083e-01   -3.201564075425267e-03
    vertex   -6.222113966941848e-03    4.912630021572114e-01   -6.679716985672712e-03
  endloop
endfacet
facet normal   -1.130463399782909e-01   -9.460886921913645e-01   -3.035402963778387e-01
  outer loop
    vertex    2.913719974458217e-03    4.909928143024445e-01   -9.240006096661091e-03
    vertex   -6.222113966941848e-03    4.912630021572114e-01   -6.679716985672712e-03
    vertex   -5.544537212699666e-03    4.916462898254395e-01   -8.126713335514069e-03
  endloop
endfacet
facet normal    1.776702993029784e-01   -9.539121665855328e-01   -2.418363975618331e-01
  outer loop
    vertex    4.520855844020843e-03    4.912342131137848e-01   -9.011475369334221e-03
    vertex    2.803455106914043e-03    4.906629920005799e-01   -8.020046167075634e-03
    vertex    2.913719974458217e-03    4.909928143024445e-01   -9.240006096661091e-03
  endloop
endfacet
facet normal   -4.220933226679865e-02   -6.788935674018132e-01   -7.330224392268158e-01
  outer loop
    vertex   -2.529658004641534e-02    4.927980899810792e-01   -5.356450099498034e-03
    vertex   -2.200640924274923e-02    4.927507936954499e-01   -5.502102896571159e-03
    vertex   -2.345325984060766e-02    4.922339916229249e-01   -4.940149839967489e-03
  endloop
endfacet
facet normal    8.957828667111187e-02   -9.559249702210463e-01   -2.796125567011611e-01
  outer loop
    vertex    2.140891924500465e-02    4.925763905048371e-01   -2.680555917322636e-02
    vertex    2.117327041924000e-02    4.929541945457459e-01   -2.817266993224621e-02
    vertex    2.330460958182812e-02    4.918262958526612e-01   -2.363386005163193e-02
  endloop
endfacet
facet normal    2.565710015791831e-01   -9.664037893165813e-01   -1.533092114673210e-02
  outer loop
    vertex    1.071397028863430e-02    4.928036928176880e-01   -1.842335984110832e-02
    vertex    4.192729014903306e-03    4.910021126270295e-01   -1.399489026516676e-02
    vertex    3.086928045377134e-03    4.907267093658448e-01   -1.514066010713577e-02
  endloop
endfacet
facet normal   -1.630367421860736e-01   -9.855894509495173e-01    4.508275584279249e-02
  outer loop
    vertex    7.207555230706929e-03    4.910989105701447e-01   -1.089129969477654e-02
    vertex    6.432612892240285e-03    4.912573099136353e-01   -1.023089978843927e-02
    vertex    5.902219098061322e-03    4.912717044353486e-01   -1.183431968092918e-02
  endloop
endfacet
facet normal    9.083036178885104e-01   -4.182984381755656e-01    3.309735718395264e-03
  outer loop
    vertex    5.371156730689100e-04    4.896524846553803e-01   -2.676328255428169e-23
    vertex    6.306192954070857e-04    4.898400902748108e-01   -1.950168050825596e-03
    vertex    1.155224745161831e-03    4.909946620464326e-01    2.168133140524783e-19
  endloop
endfacet
facet normal   -5.179289068120962e-01    7.184405612839797e-01    4.643197253944603e-01
  outer loop
    vertex    2.156722918152809e-02    5.010340809822083e-01   -9.865429252386093e-03
    vertex    2.298530936241150e-02    4.999453127384186e-01   -6.598973181098700e-03
    vertex    2.337302081286907e-02    5.030214786529541e-01   -1.092624012380838e-02
  endloop
endfacet
facet normal    7.439654088357969e-01    3.064896844228785e-01   -5.937840885356812e-01
  outer loop
    vertex    1.697479933500290e-02    5.006666183471680e-01   -1.875874958932400e-02
    vertex    1.932347938418388e-02    4.981960952281952e-01   -1.709122955799103e-02
    vertex    1.936458051204681e-02    4.955311119556428e-01   -1.841530017554760e-02
  endloop
endfacet
facet normal    9.393849567738745e-01   -3.463930079867520e-02    3.411099849419906e-01
  outer loop
    vertex    1.898509077727794e-02    5.058537125587463e-01   -2.508514933288097e-02
    vertex    1.709597930312156e-02    5.014250278472900e-01   -2.033244073390961e-02
    vertex    1.778417080640792e-02    5.001314282417297e-01   -2.235901914536953e-02
  endloop
endfacet
facet normal    8.142975380761258e-01   -3.775433591872591e-01   -4.408860753264505e-01
  outer loop
    vertex    1.775055006146431e-02    5.054110884666443e-01   -2.769622020423412e-02
    vertex    1.923233084380626e-02    5.068923830986023e-01   -2.622791007161140e-02
    vertex    1.786758005619049e-02    5.010486841201782e-01   -2.374441921710968e-02
  endloop
endfacet
facet normal   -5.653520501790276e-01    6.568218472091465e-01   -4.989610409512298e-01
  outer loop
    vertex    1.944334059953690e-02    4.987773895263672e-01   -1.343481987714767e-02
    vertex    2.111697010695934e-02    5.018900036811829e-01   -1.123376004397869e-02
    vertex    2.426419034600258e-02    5.022794008255005e-01   -1.428715046495199e-02
  endloop
endfacet
facet normal   -5.992754278396595e-01    3.110694980002972e-01   -7.376345497612189e-01
  outer loop
    vertex    1.751499064266682e-02    4.918893873691559e-01   -1.092252973467112e-02
    vertex    1.611679978668690e-02    4.910160899162293e-01   -1.015487965196371e-02
    vertex    1.892860047519207e-02    4.963208138942719e-01   -1.020220015197992e-02
  endloop
endfacet
facet normal    1.951508308368429e-01    1.028662732948561e-01    9.753638721226647e-01
  outer loop
    vertex    1.108083035796881e-02    4.993788897991181e-01   -1.177799981087446e-02
    vertex    7.898502051830290e-03    4.920459985733033e-01   -1.036791969090700e-02
    vertex    1.398503966629505e-02    4.974308013916016e-01   -1.215361990034580e-02
  endloop
endfacet
facet normal    7.964525151185403e-01   -3.670785997732450e-01    4.805379201997125e-01
  outer loop
    vertex    4.782600793987512e-03    4.949173033237458e-01   -5.243137013167143e-03
    vertex    1.478131976909935e-03    4.906812012195588e-01   -3.002169076353312e-03
    vertex    6.656990852206945e-03    4.940761923789979e-01   -8.992303162813187e-03
  endloop
endfacet
facet normal   -5.549422761920977e-01    8.247654653369282e-01   -1.086323951788499e-01
  outer loop
    vertex    4.194717854261397e-03    4.977236092090607e-01   -1.304772030562162e-02
    vertex    9.182061068713663e-03    5.010272264480591e-01   -1.344334986060858e-02
    vertex    7.863763719797133e-03    4.996181130409241e-01   -1.740726083517075e-02
  endloop
endfacet
facet normal    1.671058895548770e-02    2.191398192646933e-01   -9.755503553530173e-01
  outer loop
    vertex   -1.837036944925786e-02    4.983310997486115e-01   -4.169526975601912e-03
    vertex   -2.551073953509332e-02    4.941791892051697e-01   -5.224489141255617e-03
    vertex   -2.312684990465642e-02    4.992494881153107e-01   -4.044703207910061e-03
  endloop
endfacet
facet normal   -8.243903091916519e-01    5.390422317280235e-01   -1.726675723017055e-01
  outer loop
    vertex    3.389515914022914e-04    4.907642006874085e-01   -1.376703009009361e-02
    vertex    1.296064001508056e-03    4.901238083839417e-01   -2.033591084182262e-02
    vertex    8.466515282634560e-05    4.899108111858368e-01   -1.521710958331823e-02
  endloop
endfacet
facet normal   -5.918768662787458e-01    6.565962323093862e-01   -4.675073933973347e-01
  outer loop
    vertex    1.133379992097616e-02    5.000026822090149e-01   -2.537872083485126e-02
    vertex    7.107694167643785e-03    4.965651929378510e-01   -2.485617995262146e-02
    vertex    9.784160181879996e-03    4.998883008956910e-01   -2.357747964560986e-02
  endloop
endfacet
facet normal   -6.025610803714945e-01    6.764159897167068e-01   -4.235345951361061e-01
  outer loop
    vertex    1.276076026260853e-02    4.992468953132630e-01   -2.861589938402176e-02
    vertex    7.107694167643785e-03    4.965651929378510e-01   -2.485617995262146e-02
    vertex    1.133379992097616e-02    5.000026822090149e-01   -2.537872083485126e-02
  endloop
endfacet
facet normal   -9.818841184295039e-02    7.551396649455864e-01   -6.481690537241243e-01
  outer loop
    vertex    1.744111068546772e-02    4.970844984054566e-01   -3.294605016708374e-02
    vertex    1.597861014306545e-02    4.965107142925263e-01   -3.339298069477081e-02
    vertex    1.444489974528551e-02    4.990778863430024e-01   -3.016979992389679e-02
  endloop
endfacet
facet normal   -6.928150274681999e-01    7.135824755460832e-01    1.039585893890497e-01
  outer loop
    vertex    1.368658989667892e-02    5.022785067558289e-01   -2.585685066878796e-02
    vertex    1.747890003025531e-02    5.060797929763794e-01   -2.667604014277458e-02
    vertex    1.719129085540771e-02    5.060456991195679e-01   -2.835874073207378e-02
  endloop
endfacet
facet normal   -3.342618854262700e-01   -9.307523493365510e-01   -1.482196213588675e-01
  outer loop
    vertex    1.803652942180634e-02    4.855056107044221e-01   -1.191683020442724e-02
    vertex    2.299609966576099e-02    4.838266074657441e-01   -1.255816966295242e-02
    vertex    2.669019997119904e-02    4.818080961704255e-01   -8.213689550757408e-03
  endloop
endfacet
facet normal   -3.310901370481411e-01   -9.376751106333464e-01   -1.055684993176698e-01
  outer loop
    vertex    1.803652942180634e-02    4.855056107044221e-01   -1.191683020442724e-02
    vertex    2.349516935646534e-02    4.838855862617493e-01   -1.464723981916904e-02
    vertex    2.299609966576099e-02    4.838266074657441e-01   -1.255816966295242e-02
  endloop
endfacet
facet normal    9.094961798262639e-02    1.849293547230965e-01   -9.785342614086200e-01
  outer loop
    vertex   -2.888673916459085e-02    4.987232089042664e-01   -4.679514095187187e-03
    vertex   -2.312684990465642e-02    4.992494881153107e-01   -4.044703207910061e-03
    vertex   -2.551073953509332e-02    4.941791892051697e-01   -5.224489141255617e-03
  endloop
endfacet
facet normal    8.747371140233564e-01   -4.486260243283682e-01    1.832202817523542e-01
  outer loop
    vertex    5.362918134778737e-03    5.005872249603271e-01   -1.935973996296525e-03
    vertex    6.034499034285544e-03    5.014061927795410e-01   -3.136968007311225e-03
    vertex    5.668751895427703e-03    5.014562010765076e-01   -1.268355990760028e-03
  endloop
endfacet
facet normal   -5.210434088437342e-01    4.094401906310552e-01    7.489142116400959e-01
  outer loop
    vertex    2.127343043684959e-02    4.965110123157502e-01   -1.844733022153378e-03
    vertex    1.739498972892761e-02    4.893650114536286e-01   -6.362848798744380e-04
    vertex    2.211008034646511e-02    4.956839978694916e-01   -8.105105953291059e-04
  endloop
endfacet
facet normal    7.814162687609155e-01   -2.310373205739493e-01   -5.796640159763057e-01
  outer loop
    vertex    2.143383026123047e-02    4.938494861125947e-01   -2.696214988827705e-02
    vertex    2.392143942415714e-02    4.926823973655701e-01   -2.314355969429016e-02
    vertex    2.330460958182812e-02    4.918262958526612e-01   -2.363386005163193e-02
  endloop
endfacet
facet normal    4.869840371982979e-01    8.343768411532856e-01    2.581895320517698e-01
  outer loop
    vertex    1.812292076647282e-02    4.964247047901154e-01   -2.470505051314831e-02
    vertex    2.254764921963215e-02    4.934644103050232e-01   -2.348412945866585e-02
    vertex    2.035178989171982e-02    4.953818917274476e-01   -2.553902938961983e-02
  endloop
endfacet
facet normal    8.943847544151978e-02   -9.951627508501960e-01    4.064306128931829e-02
  outer loop
    vertex   -2.099226973950864e-02    4.924953877925873e-01   -1.432295419891600e-23
    vertex   -2.108112908899785e-02    4.924815893173218e-01   -1.423190988134593e-04
    vertex   -2.093423902988435e-02    4.925006031990052e-01   -1.435648609351738e-23
  endloop
endfacet
facet normal    9.876722692513481e-01   -1.469978517807186e-01    5.380632048139273e-02
  outer loop
    vertex    1.762825064361095e-02    4.986222088336945e-01   -2.360898070037365e-02
    vertex    1.759679056704044e-02    4.978316128253937e-01   -2.519139088690281e-02
    vertex    1.851967908442020e-02    5.024849176406860e-01   -2.941925078630447e-02
  endloop
endfacet
facet normal   -5.849997018049186e-01    8.107276813423796e-01    2.227050949945348e-02
  outer loop
    vertex    2.426419034600258e-02    5.022794008255005e-01   -1.428715046495199e-02
    vertex    2.314955927431583e-02    5.015100836753845e-01   -1.556023024022579e-02
    vertex    1.944334059953690e-02    4.987773895263672e-01   -1.343481987714767e-02
  endloop
endfacet
facet normal    3.453450009567248e-01    7.295297016618230e-01    5.903585729939148e-01
  outer loop
    vertex    1.896511949598789e-02    4.981457889080048e-01   -1.633162982761860e-02
    vertex    1.661645062267780e-02    5.005425810813904e-01   -1.791952922940254e-02
    vertex    1.531533990055322e-02    4.988228082656861e-01   -1.503321994096041e-02
  endloop
endfacet
facet normal    8.237358909528211e-01    5.297875173604955e-01   -2.019514010973054e-01
  outer loop
    vertex    1.449606008827686e-02    4.984273910522461e-01   -1.248325966298580e-02
    vertex    1.371052954345941e-02    4.991196095943451e-01   -1.387142017483711e-02
    vertex    1.265909988433122e-02    5.011824965476990e-01   -1.274842023849487e-02
  endloop
endfacet
facet normal    2.790153394899138e-02    8.734791212600803e-01   -4.860614458337662e-01
  outer loop
    vertex   -2.212500013411047e-02    5.020192861557007e-01   -7.346834172494709e-04
    vertex   -2.180982008576395e-02    5.008406043052673e-01   -2.834747079759836e-03
    vertex   -2.776183001697065e-02    5.005807876586914e-01   -3.643316915258765e-03
  endloop
endfacet
facet normal   -2.091618844316877e-01    8.632757777875962e-01   -4.593541526820089e-01
  outer loop
    vertex    3.332153894007205e-03    5.010182857513428e-01   -4.198859911412001e-03
    vertex    8.764304802753023e-04    4.977313876152039e-01   -9.257823228836060e-03
    vertex   -3.669613972306252e-03    4.980545938014985e-01   -6.580422166734934e-03
  endloop
endfacet
facet normal   -3.832152053376122e-01    7.161287262460768e-01   -5.833573123251506e-01
  outer loop
    vertex   -2.942351996898653e-02    5.004242062568665e-01   -2.909325994551182e-03
    vertex   -2.785350941121580e-02    5.035787224769592e-01   -6.820661656092852e-05
    vertex   -2.741722017526628e-02    5.032637119293213e-01   -7.415174040943384e-04
  endloop
endfacet
facet normal    7.845748847330851e-01   -6.196439318781825e-01   -2.199199701283502e-02
  outer loop
    vertex    1.340146991424254e-04    4.891420900821686e-01   -2.653035865130950e-23
    vertex    6.306192954070857e-04    4.898400902748108e-01   -1.950168050825596e-03
    vertex    5.371156730689100e-04    4.896524846553803e-01   -2.676328255428169e-23
  endloop
endfacet
facet normal   -5.951530918215733e-02   -9.980455322266695e-01    1.905370240494529e-02
  outer loop
    vertex    3.089255467057228e-02    4.805288016796113e-01    1.083759136776304e-19
    vertex    3.147475048899651e-02    4.804542958736420e-01   -2.084142062813044e-03
    vertex    3.178364783525467e-02    4.804756641387940e-01    1.083753987771188e-19
  endloop
endfacet
facet normal    8.193233203580174e-01   -5.721463799413995e-01   -3.684856357397921e-02
  outer loop
    vertex    3.304753825068474e-02    4.807189106941224e-01   -1.938340952619910e-03
    vertex    3.393374010920525e-02    4.820874035358430e-01   -3.482291940599680e-03
    vertex    3.392707929015160e-02    4.819534122943879e-01   -1.549917040392756e-03
  endloop
endfacet
facet normal    9.032572832418052e-01   -2.693861808014907e-01   -3.340020447000587e-01
  outer loop
    vertex    3.341031074523926e-02    4.835165143013001e-01   -7.765497080981731e-03
    vertex    3.256523981690407e-02    4.817256927490235e-01   -8.606491610407829e-03
    vertex    3.290146961808205e-02    4.836524128913880e-01   -9.251187555491924e-03
  endloop
endfacet
facet normal    4.785760505096652e-01   -2.266881067524046e-02   -8.777534328620655e-01
  outer loop
    vertex    3.018726967275143e-02    4.856370091438294e-01   -1.433160994201899e-02
    vertex    2.658684924244881e-02    4.852265119552613e-01   -1.628405973315239e-02
    vertex    2.775613963603973e-02    4.863285124301911e-01   -1.567498967051506e-02
  endloop
endfacet
facet normal    7.627603056102832e-01    5.008175215134564e-01    4.091192079705206e-01
  outer loop
    vertex    2.870729938149452e-02    4.975154101848603e-01   -1.095038000494242e-02
    vertex    2.998710982501507e-02    4.968965053558350e-01   -1.257883012294769e-02
    vertex    2.898875065147877e-02    4.986382126808167e-01   -1.284957956522703e-02
  endloop
endfacet
facet normal    4.413366859000392e-01    8.972292586696529e-01    1.419813600003563e-02
  outer loop
    vertex    3.171662986278534e-02    4.951513111591340e-01   -7.584325969219208e-03
    vertex    2.465412952005863e-02    4.985885918140412e-01   -5.266294814646244e-03
    vertex    3.008417971432209e-02    4.958761930465699e-01   -2.648825990036130e-03
  endloop
endfacet
facet normal    5.024417990666548e-01    8.645548450215497e-01   -9.856901157437139e-03
  outer loop
    vertex    3.350372985005379e-02    4.941132962703705e-01   -7.534317206591368e-03
    vertex    3.171662986278534e-02    4.951513111591340e-01   -7.584325969219208e-03
    vertex    3.248599916696548e-02    4.947645068168641e-01   -2.293644007295370e-03
  endloop
endfacet
facet normal    5.420762531779320e-01    8.403288716799237e-01    8.503891584669477e-04
  outer loop
    vertex    3.496988117694855e-02    4.931603968143464e-01   -4.985891864635050e-04
    vertex    3.350372985005379e-02    4.941132962703705e-01   -7.534317206591368e-03
    vertex    3.248599916696548e-02    4.947645068168641e-01   -2.293644007295370e-03
  endloop
endfacet
facet normal   -9.536513481681120e-03    8.154106597064874e-01    5.788043805532614e-01
  outer loop
    vertex    2.298530936241150e-02    4.999453127384186e-01   -6.598973181098700e-03
    vertex    2.408274076879024e-02    5.038242936134338e-01   -1.204553991556168e-02
    vertex    2.337302081286907e-02    5.030214786529541e-01   -1.092624012380838e-02
  endloop
endfacet
facet normal    3.502415550941161e-01    3.401288243685797e-01   -8.727217402579719e-01
  outer loop
    vertex    2.267527021467686e-02    4.963097870349885e-01   -1.858544908463955e-02
    vertex    2.424265071749687e-02    5.010818839073181e-01   -1.609658077359200e-02
    vertex    2.476559951901436e-02    4.963792860507966e-01   -1.771946996450424e-02
  endloop
endfacet
facet normal   -2.194368887279105e-01    5.120980096720141e-01   -8.304234343727159e-01
  outer loop
    vertex    2.314955927431583e-02    5.015100836753845e-01   -1.556023024022579e-02
    vertex    2.029250934720039e-02    4.972806870937348e-01   -1.741340942680836e-02
    vertex    2.000576071441174e-02    4.983395934104920e-01   -1.668464019894600e-02
  endloop
endfacet
facet normal    9.455010524251285e-01   -2.948068259961296e-01   -1.382631375640743e-01
  outer loop
    vertex    1.786758005619049e-02    5.010486841201782e-01   -2.374441921710968e-02
    vertex    1.778417080640792e-02    5.001314282417297e-01   -2.235901914536953e-02
    vertex    1.761133037507534e-02    5.006011724472046e-01   -2.454257011413574e-02
  endloop
endfacet
facet normal   -5.180571553611467e-01    8.312399643064445e-01   -2.016355760250095e-01
  outer loop
    vertex    1.826556026935577e-02    4.981107115745545e-01   -1.315714977681637e-02
    vertex    1.944334059953690e-02    4.987773895263672e-01   -1.343481987714767e-02
    vertex    2.000576071441174e-02    4.983395934104920e-01   -1.668464019894600e-02
  endloop
endfacet
facet normal   -1.879689467159004e-01    9.064296893228747e-01    3.782233379691844e-01
  outer loop
    vertex    2.161150053143501e-02    5.001686215400696e-01   -7.816896773874760e-03
    vertex    2.309912070631981e-02    4.992072880268097e-01   -4.773701075464487e-03
    vertex    2.298530936241150e-02    4.999453127384186e-01   -6.598973181098700e-03
  endloop
endfacet
facet normal   -7.506834089475729e-01    6.026073334117394e-01    2.708114127012441e-01
  outer loop
    vertex    2.076824009418487e-02    5.001283884048462e-01   -1.006487011909485e-02
    vertex    2.161150053143501e-02    5.001686215400696e-01   -7.816896773874760e-03
    vertex    2.156722918152809e-02    5.010340809822083e-01   -9.865429252386093e-03
  endloop
endfacet
facet normal   -8.330868696459863e-01    4.884127819228802e-01    2.596521174144444e-01
  outer loop
    vertex    1.641473919153214e-02    4.883004128932953e-01   -1.170775969512761e-03
    vertex    2.200727909803391e-02    4.986622929573060e-01   -2.718243049457669e-03
    vertex    2.073767967522144e-02    4.969142973423005e-01   -3.503690939396620e-03
  endloop
endfacet
facet normal   -9.005127506233915e-01    3.564167716470423e-01    2.490860711749925e-01
  outer loop
    vertex    1.598085090517998e-02    4.877190887928010e-01   -4.383897874504328e-03
    vertex    1.691189967095852e-02    4.896559119224549e-01   -3.789304057136178e-03
    vertex    1.526010967791080e-02    4.896253049373627e-01   -9.717171080410480e-03
  endloop
endfacet
facet normal   -8.262282188784817e-01    5.488641572746091e-01    1.268663359135306e-01
  outer loop
    vertex    1.469097007066011e-02    4.888963103294373e-01   -1.026988029479980e-02
    vertex    1.526010967791080e-02    4.896253049373627e-01   -9.717171080410480e-03
    vertex    1.611679978668690e-02    4.910160899162293e-01   -1.015487965196371e-02
  endloop
endfacet
facet normal    7.122890131035136e-05    9.120038803968245e-01    4.101815659772858e-01
  outer loop
    vertex    1.560973003506660e-02    4.977472126483918e-01   -1.234847959131002e-02
    vertex    1.826556026935577e-02    4.981107115745545e-01   -1.315714977681637e-02
    vertex    1.472197007387876e-02    4.983546137809754e-01   -1.369883026927710e-02
  endloop
endfacet
facet normal    7.182624047090532e-01   -4.020760469086844e-02    6.946095784731097e-01
  outer loop
    vertex    1.066600997000933e-02    5.010914802551270e-01   -1.124992035329342e-02
    vertex    1.108083035796881e-02    4.993788897991181e-01   -1.177799981087446e-02
    vertex    1.167092006653547e-02    5.017712712287903e-01   -1.224969979375601e-02
  endloop
endfacet
facet normal    8.190328261091998e-01   -3.087272922307256e-01    4.836038552239442e-01
  outer loop
    vertex    6.384813226759433e-03    4.950661063194275e-01   -7.899392396211624e-03
    vertex    6.656990852206945e-03    4.940761923789979e-01   -8.992303162813187e-03
    vertex    8.970909751951693e-03    5.005602240562439e-01   -8.771829307079315e-03
  endloop
endfacet
facet normal    7.919205603843016e-01   -4.106245764243789e-01    4.519394685982994e-01
  outer loop
    vertex    1.478131976909935e-03    4.906812012195588e-01   -3.002169076353312e-03
    vertex    5.733081139624118e-03    4.926115870475770e-01   -8.704078383743763e-03
    vertex    6.656990852206945e-03    4.940761923789979e-01   -8.992303162813187e-03
  endloop
endfacet
facet normal    8.455030727567586e-01   -3.679096146951054e-01    3.869975056428382e-01
  outer loop
    vertex    2.648002002388238e-03    4.944489896297455e-01   -1.976124010980129e-03
    vertex    6.306192954070857e-04    4.898400902748108e-01   -1.950168050825596e-03
    vertex    1.478131976909935e-03    4.906812012195588e-01   -3.002169076353312e-03
  endloop
endfacet
facet normal    9.166866807524658e-01   -3.983607655494582e-01    3.153140976671325e-02
  outer loop
    vertex    5.668751895427703e-03    5.014562010765076e-01   -1.268355990760028e-03
    vertex    4.584182985126971e-03    4.990507066249848e-01   -1.280560973100364e-04
    vertex    2.648002002388238e-03    4.944489896297455e-01   -1.976124010980129e-03
  endloop
endfacet
facet normal   -4.544179718501659e-02   -3.242325662344848e-02    9.984406719973531e-01
  outer loop
    vertex    8.134283125400541e-03    4.907208979129792e-01   -1.040021982043982e-02
    vertex    1.256460044533014e-02    4.890643060207367e-01   -1.025237981230021e-02
    vertex    7.898502051830290e-03    4.920459985733033e-01   -1.036791969090700e-02
  endloop
endfacet
facet normal    1.958521151655426e-02    7.855461058340011e-01   -6.184931164523078e-01
  outer loop
    vertex   -8.386975154280678e-03    5.010250806808472e-01   -7.285198080353439e-04
    vertex   -6.938766222447172e-03    5.008429288864136e-01   -9.140112088061869e-04
    vertex   -1.057863980531694e-02    4.980314970016480e-01   -4.600062035024166e-03
  endloop
endfacet
facet normal   -1.736458100931330e-01    1.377859112213156e-03   -9.848072065848049e-01
  outer loop
    vertex   -1.649549975991250e-02    4.936228096485138e-01   -5.625719204545021e-03
    vertex   -1.675589010119440e-02    4.942145943641663e-01   -5.578977987170219e-03
    vertex   -1.105097960680725e-02    4.930734038352967e-01   -6.586491130292416e-03
  endloop
endfacet
facet normal   -8.474364450294344e-01    5.089881108430635e-01   -1.509389765974445e-01
  outer loop
    vertex    8.466515282634560e-05    4.899108111858368e-01   -1.521710958331823e-02
    vertex    7.376132998615418e-05    4.905078113079072e-01   -1.314271986484528e-02
    vertex    3.389515914022914e-04    4.907642006874085e-01   -1.376703009009361e-02
  endloop
endfacet
facet normal   -7.726366436687391e-01    6.249854335654228e-01   -1.114711832329166e-01
  outer loop
    vertex    4.473759792745113e-03    4.942691028118134e-01   -2.277556061744690e-02
    vertex    3.389515914022914e-04    4.907642006874085e-01   -1.376703009009361e-02
    vertex    5.036966875195502e-03    4.951153099536896e-01   -2.193487063050270e-02
  endloop
endfacet
facet normal   -6.089278510590922e-01    3.723468706434149e-01   -7.004032268105367e-01
  outer loop
    vertex    1.078739017248154e-02    4.972626864910126e-01   -2.795509994029999e-02
    vertex    6.581590045243501e-03    4.957239925861359e-01   -2.511659078299999e-02
    vertex    1.276076026260853e-02    4.992468953132630e-01   -2.861589938402176e-02
  endloop
endfacet
facet normal   -3.286363752161585e-01    8.745822368461789e-01    3.565165408195231e-01
  outer loop
    vertex    1.011530030518770e-02    5.000793933868408e-01   -2.165644988417625e-02
    vertex    1.404787972569465e-02    4.989748895168305e-01   -1.532191038131714e-02
    vertex    1.437999960035086e-02    5.008854866027832e-01   -1.970271021127701e-02
  endloop
endfacet
facet normal   -3.244599821397271e-01    8.808041080523323e-01    3.448330657405453e-01
  outer loop
    vertex    1.011530030518770e-02    5.000793933868408e-01   -2.165644988417625e-02
    vertex    1.437999960035086e-02    5.008854866027832e-01   -1.970271021127701e-02
    vertex    1.103390008211136e-02    5.007879137992859e-01   -2.260188944637775e-02
  endloop
endfacet
facet normal    6.099740427261865e-01    2.403363681619612e-01   -7.550960848388706e-01
  outer loop
    vertex    2.644670009613037e-02    4.963403940200806e-01   -1.672529056668282e-02
    vertex    2.933841943740845e-02    4.967047870159150e-01   -1.427335012704134e-02
    vertex    2.668002061545849e-02    4.949049949645997e-01   -1.699367910623550e-02
  endloop
endfacet
facet normal   -6.253345089186305e-01    7.784984070279308e-01   -5.382362130579374e-02
  outer loop
    vertex    1.521455030888319e-02    5.043594837188721e-01   -2.525068074464798e-02
    vertex    1.884156093001365e-02    5.072051286697388e-01   -2.623100951313972e-02
    vertex    1.747890003025531e-02    5.060797929763794e-01   -2.667604014277458e-02
  endloop
endfacet
facet normal   -7.626311959028879e-01    6.358143250708667e-01   -1.188856722671378e-01
  outer loop
    vertex    1.368658989667892e-02    5.022785067558289e-01   -2.585685066878796e-02
    vertex    1.687089912593364e-02    5.055485963821411e-01   -2.879483066499233e-02
    vertex    1.243383996188640e-02    5.007185935974121e-01   -2.616327069699764e-02
  endloop
endfacet
facet normal   -3.311303278295596e-01   -5.809682101726462e-01   -7.435244748898857e-01
  outer loop
    vertex    2.139504998922348e-02    4.888364970684052e-01   -1.690072938799858e-02
    vertex    2.356538921594620e-02    4.891541004180909e-01   -1.811546087265015e-02
    vertex    2.145097032189369e-02    4.873102903366089e-01   -1.573310047388077e-02
  endloop
endfacet
facet normal   -3.234395984800790e-01   -8.650498913309149e-01   -3.835042524450253e-01
  outer loop
    vertex    1.597861014306545e-02    4.965107142925263e-01   -3.339298069477081e-02
    vertex    1.748480089008808e-02    4.954187870025635e-01   -3.220026940107346e-02
    vertex    1.671002991497517e-02    4.955281019210816e-01   -3.179341927170753e-02
  endloop
endfacet
facet normal    2.760375747225866e-01   -9.608844481011806e-01   -2.245739830350237e-02
  outer loop
    vertex    4.275871906429528e-03    4.910435974597931e-01   -2.306427992880344e-02
    vertex    1.046156045049429e-02    4.927384853363038e-01   -1.955135911703110e-02
    vertex    1.296064001508056e-03    4.901238083839417e-01   -2.033591084182262e-02
  endloop
endfacet
facet normal    7.950719311433975e-02    2.828243353032667e-01   -9.558708080087730e-01
  outer loop
    vertex   -2.889947034418584e-02    4.998478889465333e-01   -4.347801208496094e-03
    vertex   -2.312684990465642e-02    4.992494881153107e-01   -4.044703207910061e-03
    vertex   -2.888673916459085e-02    4.987232089042664e-01   -4.679514095187187e-03
  endloop
endfacet
facet normal   -2.207742661271046e-01   -9.753027404040485e-01   -6.579359877030317e-03
  outer loop
    vertex    3.147475048899651e-02    4.804542958736420e-01   -2.084142062813044e-03
    vertex    2.812005020678043e-02    4.812223911285401e-01   -3.375136060640216e-03
    vertex    3.035596944391727e-02    4.807497859001160e-01   -8.345263078808784e-03
  endloop
endfacet
facet normal    1.757462076102949e-01   -9.813628873892545e-01   -7.771842616538546e-02
  outer loop
    vertex    3.258007019758224e-02    4.808695912361146e-01   -4.828661214560270e-03
    vertex    3.147475048899651e-02    4.804542958736420e-01   -2.084142062813044e-03
    vertex    3.035596944391727e-02    4.807497859001160e-01   -8.345263078808784e-03
  endloop
endfacet
facet normal   -2.783372972521380e-01   -9.598834933955953e-01   -3.394153893156845e-02
  outer loop
    vertex    3.035596944391727e-02    4.807497859001160e-01   -8.345263078808784e-03
    vertex    2.812005020678043e-02    4.812223911285401e-01   -3.375136060640216e-03
    vertex    2.669019997119904e-02    4.818080961704255e-01   -8.213689550757408e-03
  endloop
endfacet
facet normal   -5.445789495107365e-01    6.520488627331510e-01    5.275092874615450e-01
  outer loop
    vertex    2.211008034646511e-02    4.956839978694916e-01   -8.105105953291059e-04
    vertex    2.273152954876423e-02    4.957853853702546e-01   -2.942759892903268e-04
    vertex    2.441756054759026e-02    4.970644116401673e-01   -1.346781064057723e-04
  endloop
endfacet
facet normal   -8.801691303660789e-01    4.700444170423470e-01    6.603444523837816e-02
  outer loop
    vertex    1.608262956142426e-02    4.868248105049134e-01   -4.707168045570143e-05
    vertex    1.682223938405514e-02    4.882324039936066e-01   -2.083470026263967e-04
    vertex    1.739498972892761e-02    4.893650114536286e-01   -6.362848798744380e-04
  endloop
endfacet
facet normal   -7.628652854384600e-01    4.915495078565384e-01    4.200186157766007e-01
  outer loop
    vertex    1.641473919153214e-02    4.883004128932953e-01   -1.170775969512761e-03
    vertex    1.608262956142426e-02    4.868248105049134e-01   -4.707168045570143e-05
    vertex    1.739498972892761e-02    4.893650114536286e-01   -6.362848798744380e-04
  endloop
endfacet
facet normal   -3.267295990481960e-01   -7.873006945226489e-01   -5.228818083563049e-01
  outer loop
    vertex    9.242754429578779e-03    4.904789030551911e-01   -1.130069978535175e-02
    vertex    9.304986335337160e-03    4.913513064384461e-01   -1.265315990895033e-02
    vertex    1.076970994472503e-02    4.910225868225098e-01   -1.307346019893885e-02
  endloop
endfacet
facet normal    2.284584292691123e-01   -9.735377757768220e-01   -5.562843823835349e-03
  outer loop
    vertex    1.015278045088053e-02    4.929035902023316e-01   -2.380385994911194e-02
    vertex    1.570427045226097e-02    4.941953122615815e-01   -2.187239006161690e-02
    vertex    1.360596995800733e-02    4.937027990818024e-01   -2.185337990522385e-02
  endloop
endfacet
facet normal    1.967326149623595e-01   -9.588557337512087e-01   -2.046752551299330e-01
  outer loop
    vertex    1.315306033939123e-02    4.950887858867646e-01   -3.049466013908386e-02
    vertex    1.538849994540214e-02    4.959366023540497e-01   -3.231779113411903e-02
    vertex    1.398051995784044e-02    4.948149919509888e-01   -2.841665036976337e-02
  endloop
endfacet
facet normal    2.794287948344510e-01   -9.466737922455432e-01   -1.604003731068241e-01
  outer loop
    vertex    4.275871906429528e-03    4.910435974597931e-01   -2.306427992880344e-02
    vertex    1.398051995784044e-02    4.948149919509888e-01   -2.841665036976337e-02
    vertex    1.015278045088053e-02    4.929035902023316e-01   -2.380385994911194e-02
  endloop
endfacet
facet normal    2.266160273782766e-01   -9.691966061414529e-01   -9.645265563569295e-02
  outer loop
    vertex    1.046156045049429e-02    4.927384853363038e-01   -1.955135911703110e-02
    vertex    1.360596995800733e-02    4.937027990818024e-01   -2.185337990522385e-02
    vertex    1.570427045226097e-02    4.941953122615815e-01   -2.187239006161690e-02
  endloop
endfacet
facet normal   -3.441079059656840e-01   -7.235064118956326e-01   -5.984381513555258e-01
  outer loop
    vertex    1.815336011350155e-02    4.932180047035218e-01   -2.024414017796516e-02
    vertex    2.285463921725750e-02    4.899775981903077e-01   -1.902979984879494e-02
    vertex    1.590980961918831e-02    4.907698929309846e-01   -1.599433086812496e-02
  endloop
endfacet
facet normal   -7.411371967003244e-01   -6.027581277285472e-01   -2.956320265538915e-01
  outer loop
    vertex    2.285463921725750e-02    4.899775981903077e-01   -1.902979984879494e-02
    vertex    2.260391041636467e-02    4.914836883544922e-01   -2.147196978330612e-02
    vertex    2.292479015886784e-02    4.917865991592408e-01   -2.289400063455105e-02
  endloop
endfacet
facet normal   -3.968153686878538e-01   -7.655153792596422e-01   -5.064817541531865e-01
  outer loop
    vertex    1.815336011350155e-02    4.932180047035218e-01   -2.024414017796516e-02
    vertex    1.865552924573421e-02    4.936138093471528e-01   -2.123581059277058e-02
    vertex    2.285463921725750e-02    4.899775981903077e-01   -1.902979984879494e-02
  endloop
endfacet
facet normal   -2.880825074948184e-02    9.994493403967902e-01   -1.646513495772196e-02
  outer loop
    vertex    3.543520113453268e-03    5.014966726303101e-01   -3.411723009776324e-04
    vertex    6.229158025234937e-03    5.015122890472412e-01   -4.092171788215637e-03
    vertex   -3.995555918663741e-03    5.012823939323425e-01   -1.573360059410334e-04
  endloop
endfacet
facet normal   -1.007791584211314e-01    9.735608148424976e-01   -2.049948804998322e-01
  outer loop
    vertex   -3.995555918663741e-03    5.012823939323425e-01   -1.573360059410334e-04
    vertex    6.229158025234937e-03    5.015122890472412e-01   -4.092171788215637e-03
    vertex   -4.972768947482124e-03    5.010467767715454e-01   -7.959125796332955e-04
  endloop
endfacet
facet normal    9.992504811511369e-01    2.317213386107481e-02    3.100851708072897e-02
  outer loop
    vertex    1.758801937103271e-02    4.977588057518006e-01   -2.166732028126717e-02
    vertex    1.762825064361095e-02    4.986222088336945e-01   -2.360898070037365e-02
    vertex    1.761133037507534e-02    5.006011724472046e-01   -2.454257011413574e-02
  endloop
endfacet
facet normal   -5.077351031080927e-01    3.159426558291378e-01    8.014894280646784e-01
  outer loop
    vertex    1.984854973852634e-02    5.003198981285095e-01   -1.067737024277449e-02
    vertex    1.560973003506660e-02    4.977472126483918e-01   -1.234847959131002e-02
    vertex    1.655942946672440e-02    4.979518949985505e-01   -1.182753965258598e-02
  endloop
endfacet
facet normal   -2.807723636479902e-01    8.599086519946243e-01   -4.262909687482350e-01
  outer loop
    vertex    6.253466010093688e-03    5.011928081512451e-01   -5.770909134298563e-03
    vertex    2.244235947728156e-03    4.975151121616364e-01   -1.054887007921934e-02
    vertex    3.332153894007205e-03    5.010182857513428e-01   -4.198859911412001e-03
  endloop
endfacet
facet normal   -3.916830943204963e-01   -9.096261129543470e-01   -1.384365856812671e-01
  outer loop
    vertex    1.930117979645729e-02    4.840553104877472e-01   -5.965449847280979e-03
    vertex    1.739742048084736e-02    4.848460853099824e-01   -5.775031168013811e-03
    vertex    1.803652942180634e-02    4.855056107044221e-01   -1.191683020442724e-02
  endloop
endfacet
facet normal   -1.182912194761450e-02   -9.650053604181232e-01   -2.619632154296406e-01
  outer loop
    vertex    2.803455106914043e-03    4.906629920005799e-01   -8.020046167075634e-03
    vertex    7.683575968258074e-04    4.906297028064728e-01   -7.805521134287119e-03
    vertex    2.913719974458217e-03    4.909928143024445e-01   -9.240006096661091e-03
  endloop
endfacet
facet normal   -2.675001848310047e-01   -9.606381764814275e-01   -7.495295192196479e-02
  outer loop
    vertex    2.364232018589973e-02    4.823034107685090e-01   -1.249470980837941e-03
    vertex    2.812005020678043e-02    4.812223911285401e-01   -3.375136060640216e-03
    vertex    2.858687937259674e-02    4.809719026088715e-01   -1.830808003433049e-03
  endloop
endfacet
facet normal   -3.472797140697571e-01   -9.235122956573404e-01   -1.628552730658019e-01
  outer loop
    vertex    1.769272983074188e-02    4.845564961433411e-01   -3.643255913630128e-03
    vertex    2.023342065513134e-02    4.836508035659791e-01   -3.925175871700048e-03
    vertex    1.783631928265095e-02    4.839265048503876e-01   -3.769262984860688e-04
  endloop
endfacet
facet normal    2.205139048115657e-01   -9.751453089057219e-01    2.156952257050870e-02
  outer loop
    vertex    4.192729014903306e-03    4.910021126270295e-01   -1.399489026516676e-02
    vertex    9.383608121424905e-04    4.902811050415040e-01   -1.332050003111362e-02
    vertex    3.086928045377134e-03    4.907267093658448e-01   -1.514066010713577e-02
  endloop
endfacet
facet normal    9.693537238863960e-02   -9.944461437633639e-01   -4.099269122722394e-02
  outer loop
    vertex    6.432612892240285e-03    4.912573099136353e-01   -1.023089978843927e-02
    vertex    3.787230933085083e-03    4.910160899162293e-01   -1.063464954495430e-02
    vertex    5.902219098061322e-03    4.912717044353486e-01   -1.183431968092918e-02
  endloop
endfacet
facet normal    6.218756742937215e-02   -9.788775629351594e-01   -1.947599117871554e-01
  outer loop
    vertex    8.902849629521368e-03    4.917649030685425e-01   -1.335505954921246e-02
    vertex    5.902219098061322e-03    4.912717044353486e-01   -1.183431968092918e-02
    vertex    7.842851802706717e-03    4.917989075183869e-01   -1.386442966759205e-02
  endloop
endfacet
facet normal    8.354278168331011e-02   -9.742275459813752e-01   -2.095263522321765e-01
  outer loop
    vertex    1.488971989601850e-02    4.934935867786408e-01   -1.893438026309013e-02
    vertex    7.842851802706717e-03    4.917989075183869e-01   -1.386442966759205e-02
    vertex    1.570427045226097e-02    4.941953122615815e-01   -2.187239006161690e-02
  endloop
endfacet
facet normal    2.639047694777635e-01    9.642565457791590e-01   -2.373997828417851e-02
  outer loop
    vertex   -2.240480668842794e-02    5.021295547485352e-01   -1.350674774092067e-23
    vertex   -2.322275005280973e-02    5.023412704467773e-01   -4.932989832013845e-04
    vertex   -2.518546953797342e-02    5.028905868530273e-01   -1.189999686396841e-23
  endloop
endfacet
facet normal   -2.587220326414557e-01   -9.659517623124733e-01   -3.204860382662752e-04
  outer loop
    vertex    2.079474739730358e-02    4.830656945705414e-01    5.417163987101185e-20
    vertex    2.364232018589973e-02    4.823034107685090e-01   -1.249470980837941e-03
    vertex    2.583621069788933e-02    4.817153811454774e-01    1.083788353857094e-19
  endloop
endfacet
facet normal   -4.724287461830008e-01    4.634449080441565e-01   -7.496865324840117e-01
  outer loop
    vertex    2.441756054759026e-02    4.970644116401673e-01   -1.346781064057723e-04
    vertex    2.359524555504322e-02    4.964440166950226e-01   -4.008696558310742e-23
    vertex    2.420664951205254e-02    4.970672726631165e-01    2.759052363549931e-21
  endloop
endfacet
facet normal    6.338540663557841e-01   -6.224943676357796e-01   -4.590531394359135e-01
  outer loop
    vertex    3.256523981690407e-02    4.817256927490235e-01   -8.606491610407829e-03
    vertex    3.185113146901131e-02    4.811094999313355e-01   -8.756940253078938e-03
    vertex    2.991735935211182e-02    4.833143055438996e-01   -1.441686972975731e-02
  endloop
endfacet
facet normal    9.248941226860037e-01   -1.826542998580142e-01   -3.334790376684360e-01
  outer loop
    vertex    3.341031074523926e-02    4.835165143013001e-01   -7.765497080981731e-03
    vertex    3.290146961808205e-02    4.836524128913880e-01   -9.251187555491924e-03
    vertex    3.424498066306114e-02    4.899232089519501e-01   -8.959662169218063e-03
  endloop
endfacet
facet normal    5.023489037207565e-01    9.692312308501427e-02   -8.592156231947843e-01
  outer loop
    vertex    3.123575076460838e-02    4.929710924625397e-01   -1.289128977805376e-02
    vertex    3.018726967275143e-02    4.856370091438294e-01   -1.433160994201899e-02
    vertex    2.775613963603973e-02    4.863285124301911e-01   -1.567498967051506e-02
  endloop
endfacet
facet normal    4.616262947297631e-01    8.814935299758688e-01    9.934948728982926e-02
  outer loop
    vertex    2.465412952005863e-02    4.985885918140412e-01   -5.266294814646244e-03
    vertex    3.171662986278534e-02    4.951513111591340e-01   -7.584325969219208e-03
    vertex    3.029021061956882e-02    4.962225854396821e-01   -1.046152971684933e-02
  endloop
endfacet
facet normal    4.193785752155612e-01    9.077954774596204e-01    5.383470444392776e-03
  outer loop
    vertex    3.248599916696548e-02    4.947645068168641e-01   -2.293644007295370e-03
    vertex    3.171662986278534e-02    4.951513111591340e-01   -7.584325969219208e-03
    vertex    3.008417971432209e-02    4.958761930465699e-01   -2.648825990036130e-03
  endloop
endfacet
facet normal    5.868394718286795e-01    6.177656875273181e-01    5.234357550050783e-01
  outer loop
    vertex    2.408274076879024e-02    5.038242936134338e-01   -1.204553991556168e-02
    vertex    2.423422038555145e-02    4.995731115341187e-01   -7.198067847639322e-03
    vertex    2.490998990833759e-02    5.030403137207031e-01   -1.204773038625717e-02
  endloop
endfacet
facet normal    4.007080269728983e-01    4.126132402147349e-01   -8.180363018344506e-01
  outer loop
    vertex    2.000576071441174e-02    4.983395934104920e-01   -1.668464019894600e-02
    vertex    1.936458051204681e-02    4.955311119556428e-01   -1.841530017554760e-02
    vertex    1.932347938418388e-02    4.981960952281952e-01   -1.709122955799103e-02
  endloop
endfacet
facet normal    6.861578890626325e-01    3.757685898619930e-01    6.228846748397661e-01
  outer loop
    vertex    1.680227927863598e-02    5.021786093711853e-01   -2.046352066099644e-02
    vertex    1.709597930312156e-02    5.014250278472900e-01   -2.033244073390961e-02
    vertex    1.898509077727794e-02    5.058537125587463e-01   -2.508514933288097e-02
  endloop
endfacet
facet normal   -1.934057373908356e-01    9.806038524645018e-01   -3.178529968530916e-02
  outer loop
    vertex    1.826556026935577e-02    4.981107115745545e-01   -1.315714977681637e-02
    vertex    2.000576071441174e-02    4.983395934104920e-01   -1.668464019894600e-02
    vertex    1.896511949598789e-02    4.981457889080048e-01   -1.633162982761860e-02
  endloop
endfacet
facet normal   -7.068835795576228e-01    6.604021439101080e-01    2.533468240786428e-01
  outer loop
    vertex    2.076824009418487e-02    5.001283884048462e-01   -1.006487011909485e-02
    vertex    2.234397083520889e-02    4.992547035217286e-01   -3.390850964933634e-03
    vertex    2.161150053143501e-02    5.001686215400696e-01   -7.816896773874760e-03
  endloop
endfacet
facet normal   -9.398394723723859e-01    3.416126448054516e-01   -1.602210916090817e-03
  outer loop
    vertex    1.579000055789948e-02    4.865832030773163e-01   -8.378354832530022e-04
    vertex    1.641473919153214e-02    4.883004128932953e-01   -1.170775969512761e-03
    vertex    1.691189967095852e-02    4.896559119224549e-01   -3.789304057136178e-03
  endloop
endfacet
facet normal   -8.592540635164240e-01    4.489631536820675e-01    2.451826685684883e-01
  outer loop
    vertex    1.526010967791080e-02    4.896253049373627e-01   -9.717171080410480e-03
    vertex    1.696635037660599e-02    4.908396899700165e-01   -5.961277056485415e-03
    vertex    2.000519074499607e-02    4.980219900608063e-01   -8.463297970592976e-03
  endloop
endfacet
facet normal   -8.583607154715071e-01    4.528278746175758e-01   -2.411717191226441e-01
  outer loop
    vertex    1.611679978668690e-02    4.910160899162293e-01   -1.015487965196371e-02
    vertex    1.526010967791080e-02    4.896253049373627e-01   -9.717171080410480e-03
    vertex    1.892860047519207e-02    4.963208138942719e-01   -1.020220015197992e-02
  endloop
endfacet
facet normal   -7.119337583019790e-01    1.922153627076657e-01    6.754284404207301e-01
  outer loop
    vertex    1.751499064266682e-02    4.918893873691559e-01   -1.092252973467112e-02
    vertex    1.994526945054531e-02    4.990499019622803e-01   -1.039865985512733e-02
    vertex    1.802897080779076e-02    4.939638972282410e-01   -1.097114011645317e-02
  endloop
endfacet
facet normal   -2.951342719681425e-01    9.539898706941367e-02    9.506812266874550e-01
  outer loop
    vertex    1.751499064266682e-02    4.918893873691559e-01   -1.092252973467112e-02
    vertex    1.802897080779076e-02    4.939638972282410e-01   -1.097114011645317e-02
    vertex    1.655942946672440e-02    4.979518949985505e-01   -1.182753965258598e-02
  endloop
endfacet
facet normal   -3.065384475841950e-01    6.051872124451545e-01   -7.346989982608764e-01
  outer loop
    vertex    1.826556026935577e-02    4.981107115745545e-01   -1.315714977681637e-02
    vertex    1.560973003506660e-02    4.977472126483918e-01   -1.234847959131002e-02
    vertex    2.111697010695934e-02    5.018900036811829e-01   -1.123376004397869e-02
  endloop
endfacet
facet normal    7.995245808543047e-01   -3.758334727991361e-01    4.685185645558663e-01
  outer loop
    vertex    2.648002002388238e-03    4.944489896297455e-01   -1.976124010980129e-03
    vertex    1.478131976909935e-03    4.906812012195588e-01   -3.002169076353312e-03
    vertex    4.782600793987512e-03    4.949173033237458e-01   -5.243137013167143e-03
  endloop
endfacet
facet normal    6.756841912156754e-02    7.704128114971766e-01   -6.339547370423445e-01
  outer loop
    vertex   -8.386975154280678e-03    5.010250806808472e-01   -7.285198080353439e-04
    vertex   -1.057863980531694e-02    4.980314970016480e-01   -4.600062035024166e-03
    vertex   -1.400138996541502e-02    4.995194077491761e-01   -3.156685037538409e-03
  endloop
endfacet
facet normal   -1.728613744728440e-01    8.864692019920505e-01   -4.292916248134085e-01
  outer loop
    vertex   -4.856016952544452e-03    5.005893707275391e-01   -1.787449000403285e-03
    vertex   -4.972768947482124e-03    5.010467767715454e-01   -7.959125796332955e-04
    vertex    3.332153894007205e-03    5.010182857513428e-01   -4.198859911412001e-03
  endloop
endfacet
facet normal   -1.933014822997354e-01    8.400151390807775e-01   -5.069606523743504e-01
  outer loop
    vertex   -4.856016952544452e-03    5.005893707275391e-01   -1.787449000403285e-03
    vertex    3.332153894007205e-03    5.010182857513428e-01   -4.198859911412001e-03
    vertex   -7.091029081493631e-03    4.979932904243470e-01   -5.236859899014235e-03
  endloop
endfacet
facet normal   -6.553940356969713e-02    3.029678695637998e-01   -9.507444749204178e-01
  outer loop
    vertex   -1.675589010119440e-02    4.942145943641663e-01   -5.578977987170219e-03
    vertex   -2.138306945562364e-02    4.936127066612244e-01   -5.451804026961327e-03
    vertex   -1.610326021909715e-02    4.980641901493073e-01   -4.397240001708269e-03
  endloop
endfacet
facet normal   -3.854501066448392e-02    8.597359320371313e-02   -9.955515172127042e-01
  outer loop
    vertex   -2.200640924274923e-02    4.927507936954499e-01   -5.502102896571159e-03
    vertex   -2.138306945562364e-02    4.936127066612244e-01   -5.451804026961327e-03
    vertex   -1.675589010119440e-02    4.942145943641663e-01   -5.578977987170219e-03
  endloop
endfacet
facet normal   -8.189913891041202e-01    4.041180712493336e-01   -4.073594101810122e-01
  outer loop
    vertex    6.451081018894910e-03    4.976185858249665e-01   -1.925555057823658e-02
    vertex    3.389515914022914e-04    4.907642006874085e-01   -1.376703009009361e-02
    vertex    2.516923937946557e-03    4.952735900878907e-01   -1.367230992764235e-02
  endloop
endfacet
facet normal   -7.948314950615305e-01    4.938425067833290e-01   -3.526506386669528e-01
  outer loop
    vertex    6.451081018894910e-03    4.976185858249665e-01   -1.925555057823658e-02
    vertex    2.516923937946557e-03    4.952735900878907e-01   -1.367230992764235e-02
    vertex    3.623354947194456e-03    4.968738853931428e-01   -1.392505969852209e-02
  endloop
endfacet
facet normal   -8.161367386701572e-01    5.061286829073096e-01   -2.788450826737879e-01
  outer loop
    vertex    5.657710134983062e-03    4.953626096248627e-01   -2.425598911941051e-02
    vertex    2.358325989916920e-03    4.909108877182007e-01   -2.267947047948837e-02
    vertex    4.473759792745113e-03    4.942691028118134e-01   -2.277556061744690e-02
  endloop
endfacet
facet normal   -7.100685609606914e-01    3.116228343626558e-01   -6.314220837435113e-01
  outer loop
    vertex    4.706966225057839e-03    4.925181865692139e-01   -2.459062077105045e-02
    vertex    5.657710134983062e-03    4.953626096248627e-01   -2.425598911941051e-02
    vertex    6.581590045243501e-03    4.957239925861359e-01   -2.511659078299999e-02
  endloop
endfacet
facet normal   -6.003046710917368e-01    2.251222931352926e-01   -7.674335508687050e-01
  outer loop
    vertex    1.078739017248154e-02    4.972626864910126e-01   -2.795509994029999e-02
    vertex    4.706966225057839e-03    4.925181865692139e-01   -2.459062077105045e-02
    vertex    6.581590045243501e-03    4.957239925861359e-01   -2.511659078299999e-02
  endloop
endfacet
facet normal   -6.385312593442976e-01    1.514334563684628e-01   -7.545500242743926e-01
  outer loop
    vertex    3.267703112214803e-03    4.914548099040986e-01   -2.358607016503811e-02
    vertex    4.706966225057839e-03    4.925181865692139e-01   -2.459062077105045e-02
    vertex    1.118123997002840e-02    4.955081045627595e-01   -2.946935966610909e-02
  endloop
endfacet
facet normal   -4.657837624618053e-01    5.707552241592038e-01   -6.762277432358874e-01
  outer loop
    vertex    1.597861014306545e-02    4.965107142925263e-01   -3.339298069477081e-02
    vertex    1.484716031700373e-02    4.965429902076722e-01   -3.258639946579933e-02
    vertex    1.444489974528551e-02    4.990778863430024e-01   -3.016979992389679e-02
  endloop
endfacet
facet normal    5.965403697978356e-01    7.823589609897142e-01   -1.790364302608725e-01
  outer loop
    vertex    1.011530030518770e-02    5.000793933868408e-01   -2.165644988417625e-02
    vertex    1.088733039796352e-02    5.001587271690369e-01   -1.873740926384926e-02
    vertex    1.371052954345941e-02    4.991196095943451e-01   -1.387142017483711e-02
  endloop
endfacet
facet normal   -6.087516391321702e-01    7.919862924357649e-01    4.668141437175095e-02
  outer loop
    vertex    1.521455030888319e-02    5.043594837188721e-01   -2.525068074464798e-02
    vertex    9.019725024700163e-03    4.994517862796784e-01   -2.277177013456821e-02
    vertex    1.884156093001365e-02    5.072051286697388e-01   -2.623100951313972e-02
  endloop
endfacet
facet normal   -6.523125055668459e-01    7.518125869100903e-01    9.626125515835171e-02
  outer loop
    vertex    1.747890003025531e-02    5.060797929763794e-01   -2.667604014277458e-02
    vertex    1.884156093001365e-02    5.072051286697388e-01   -2.623100951313972e-02
    vertex    1.719129085540771e-02    5.060456991195679e-01   -2.835874073207378e-02
  endloop
endfacet
facet normal   -3.121074737468529e-01   -9.348976051647488e-01   -1.689834095068953e-01
  outer loop
    vertex    2.299609966576099e-02    4.838266074657441e-01   -1.255816966295242e-02
    vertex    2.709702961146832e-02    4.826985895633698e-01   -1.389173045754433e-02
    vertex    2.669019997119904e-02    4.818080961704255e-01   -8.213689550757408e-03
  endloop
endfacet
facet normal   -5.858823513568762e-02   -8.902611796003840e-01   -4.516663046987435e-01
  outer loop
    vertex    2.458916977047920e-02    4.838126897811890e-01   -1.576237939298153e-02
    vertex    2.593930065631866e-02    4.839437901973725e-01   -1.619591936469078e-02
    vertex    2.709702961146832e-02    4.826985895633698e-01   -1.389173045754433e-02
  endloop
endfacet
facet normal   -2.931314831185203e-01   -9.511509057489562e-01   -9.688079323414314e-02
  outer loop
    vertex    2.349516935646534e-02    4.838855862617493e-01   -1.464723981916904e-02
    vertex    2.709702961146832e-02    4.826985895633698e-01   -1.389173045754433e-02
    vertex    2.299609966576099e-02    4.838266074657441e-01   -1.255816966295242e-02
  endloop
endfacet
facet normal   -4.504260305937410e-01   -5.557830009468356e-01   -6.987285931047162e-01
  outer loop
    vertex    1.592696085572243e-02    4.876484870910645e-01   -1.244113035500050e-02
    vertex    2.145097032189369e-02    4.873102903366089e-01   -1.573310047388077e-02
    vertex    1.700120046734810e-02    4.864313006401063e-01   -1.216544955968857e-02
  endloop
endfacet
facet normal    1.498454727329878e-02   -9.224298360741147e-01    3.858738924354644e-01
  outer loop
    vertex   -1.977446954697379e-04    4.904677867889405e-01   -1.115155033767223e-02
    vertex    1.644390984438359e-03    4.910733997821808e-01   -9.775370359420776e-03
    vertex   -5.544537212699666e-03    4.916462898254395e-01   -8.126713335514069e-03
  endloop
endfacet
facet normal   -5.744729373423738e-01    1.771908155980007e-01   -7.991146720771309e-01
  outer loop
    vertex   -2.888673916459085e-02    4.987232089042664e-01   -4.679514095187187e-03
    vertex   -2.973140962421895e-02    4.957587122917176e-01   -4.729621112346649e-03
    vertex   -3.067575022578241e-02    4.953331947326661e-01   -4.145098850131035e-03
  endloop
endfacet
facet normal    9.693680917329000e-01   -2.043077123159247e-02   -2.447612843506879e-01
  outer loop
    vertex    1.902795955538749e-02    5.008028745651245e-01   -3.042492084205151e-02
    vertex    1.964744925498962e-02    4.973117113113404e-01   -2.768003940582275e-02
    vertex    1.861847937107086e-02    4.969497025012971e-01   -3.172501921653748e-02
  endloop
endfacet
facet normal   -6.972754016186800e-01    5.334915487439006e-01    4.787418737862219e-01
  outer loop
    vertex    1.739498972892761e-02    4.893650114536286e-01   -6.362848798744380e-04
    vertex    1.682223938405514e-02    4.882324039936066e-01   -2.083470026263967e-04
    vertex    2.211008034646511e-02    4.956839978694916e-01   -8.105105953291059e-04
  endloop
endfacet
facet normal   -7.590981572690175e-01    4.760173246872886e-01    4.440467252759986e-01
  outer loop
    vertex    1.641473919153214e-02    4.883004128932953e-01   -1.170775969512761e-03
    vertex    1.739498972892761e-02    4.893650114536286e-01   -6.362848798744380e-04
    vertex    2.200727909803391e-02    4.986622929573060e-01   -2.718243049457669e-03
  endloop
endfacet
facet normal   -4.869117506793144e-01    4.463315182532704e-01    7.508029853857373e-01
  outer loop
    vertex    2.127343043684959e-02    4.965110123157502e-01   -1.844733022153378e-03
    vertex    2.211008034646511e-02    4.956839978694916e-01   -8.105105953291059e-04
    vertex    2.441756054759026e-02    4.970644116401673e-01   -1.346781064057723e-04
  endloop
endfacet
facet normal    7.615406395998685e-01    6.465075179134054e-01   -4.564957304587729e-02
  outer loop
    vertex    1.936458051204681e-02    4.955311119556428e-01   -1.841530017554760e-02
    vertex    1.812844909727573e-02    4.967845976352692e-01   -2.128447033464909e-02
    vertex    1.767911016941071e-02    4.973764121532441e-01   -2.039897069334984e-02
  endloop
endfacet
facet normal    7.710689873895741e-01   -2.116148605028958e-01   -6.005595453411401e-01
  outer loop
    vertex    2.392143942415714e-02    4.926823973655701e-01   -2.314355969429016e-02
    vertex    2.384150959551334e-02    4.916464984416962e-01   -2.288117073476315e-02
    vertex    2.330460958182812e-02    4.918262958526612e-01   -2.363386005163193e-02
  endloop
endfacet
facet normal   -3.776045199473692e-01   -7.020559779427286e-01   -6.037650456512004e-01
  outer loop
    vertex    1.076970994472503e-02    4.910225868225098e-01   -1.307346019893885e-02
    vertex    1.815336011350155e-02    4.932180047035218e-01   -2.024414017796516e-02
    vertex    1.590980961918831e-02    4.907698929309846e-01   -1.599433086812496e-02
  endloop
endfacet
facet normal   -4.514241495737406e-01   -8.150438969450784e-01   -3.632074933618596e-01
  outer loop
    vertex    1.387559995055198e-02    4.875021874904633e-01   -1.037898007780313e-02
    vertex    9.242754429578779e-03    4.904789030551911e-01   -1.130069978535175e-02
    vertex    1.429308019578457e-02    4.876748025417328e-01   -1.128521002829075e-02
  endloop
endfacet
facet normal    2.172384489809681e-01   -9.647453698031589e-01   -1.485726345183043e-01
  outer loop
    vertex    1.398051995784044e-02    4.948149919509888e-01   -2.841665036976337e-02
    vertex    1.580023951828480e-02    4.954557120800019e-01   -2.991637960076332e-02
    vertex    1.570427045226097e-02    4.941953122615815e-01   -2.187239006161690e-02
  endloop
endfacet
facet normal    2.769329664738681e-01   -9.470286985610921e-01   -1.626184988913246e-01
  outer loop
    vertex    1.398051995784044e-02    4.948149919509888e-01   -2.841665036976337e-02
    vertex    1.570427045226097e-02    4.941953122615815e-01   -2.187239006161690e-02
    vertex    1.015278045088053e-02    4.929035902023316e-01   -2.380385994911194e-02
  endloop
endfacet
facet normal    1.553305093198419e-01   -9.336614549225767e-01   -3.227208088523201e-01
  outer loop
    vertex    3.129160031676292e-03    4.908626973628998e-01   -2.309284918010235e-02
    vertex    1.315306033939123e-02    4.950887858867646e-01   -3.049466013908386e-02
    vertex    4.275871906429528e-03    4.910435974597931e-01   -2.306427992880344e-02
  endloop
endfacet
facet normal    2.616455606073930e-01   -9.651600993340670e-01   -2.753773392496083e-03
  outer loop
    vertex    3.086928045377134e-03    4.907267093658448e-01   -1.514066010713577e-02
    vertex    1.046156045049429e-02    4.927384853363038e-01   -1.955135911703110e-02
    vertex    1.071397028863430e-02    4.928036928176880e-01   -1.842335984110832e-02
  endloop
endfacet
facet normal   -4.507969906229172e-01   -8.926093819486351e-01   -5.528517215057728e-03
  outer loop
    vertex    2.292479015886784e-02    4.917865991592408e-01   -2.289400063455105e-02
    vertex    1.822873950004578e-02    4.941537082195283e-01   -2.215931005775928e-02
    vertex    2.140891924500465e-02    4.925763905048371e-01   -2.680555917322636e-02
  endloop
endfacet
facet normal   -4.525909748660815e-01   -8.916902187419788e-01   -7.068470106868752e-03
  outer loop
    vertex    2.140891924500465e-02    4.925763905048371e-01   -2.680555917322636e-02
    vertex    1.822873950004578e-02    4.941537082195283e-01   -2.215931005775928e-02
    vertex    1.871694996953011e-02    4.939666092395783e-01   -2.981659956276417e-02
  endloop
endfacet
facet normal   -6.161798025230500e-01   -7.759606893904089e-01   -1.349350194849965e-01
  outer loop
    vertex   -3.012008965015413e-02    4.946494996547700e-01   -2.750844927504659e-03
    vertex   -3.067575022578241e-02    4.953331947326661e-01   -4.145098850131035e-03
    vertex   -2.746783941984178e-02    4.927476048469544e-01   -3.925242926925421e-03
  endloop
endfacet
facet normal    7.950218143059721e-01   -6.059908934843510e-01   -2.674606123672474e-02
  outer loop
    vertex    3.356117382645607e-02    4.814049601554871e-01   -1.084660628281216e-19
    vertex    3.392707929015160e-02    4.819534122943879e-01   -1.549917040392756e-03
    vertex    3.390312194824219e-02    4.818535745143891e-01   -1.084662604160619e-19
  endloop
endfacet
facet normal   -2.212231373022610e-01    7.715081633310650e-01    5.965194694523154e-01
  outer loop
    vertex   -2.785350941121580e-02    5.035787224769592e-01   -6.820661656092852e-05
    vertex   -2.786166407167913e-02    5.035236477851868e-01   -1.035361093131395e-23
    vertex   -2.774712815880777e-02    5.035564899444580e-01   -6.786683371271321e-21
  endloop
endfacet
facet normal    9.764069691548178e-01   -1.932666923100345e-01   -9.631934504262964e-02
  outer loop
    vertex    3.469115123152733e-02    4.867719113826752e-01   -4.077084828168154e-03
    vertex    3.566609695553780e-02    4.896655380725861e-01   -4.706186765517579e-23
    vertex    3.461888805031776e-02    4.843749105930329e-01   -4.645675875793334e-23
  endloop
endfacet
facet normal    8.377016333346297e-01    2.059218834175972e-01   -5.058182988368879e-01
  outer loop
    vertex    3.221730142831802e-02    4.926210939884186e-01   -1.211795024573803e-02
    vertex    3.207398951053619e-02    4.943757057189942e-01   -1.164097990840673e-02
    vertex    3.481208905577660e-02    4.922001957893372e-01   -7.991991005837917e-03
  endloop
endfacet
facet normal    8.468768814187272e-01    9.896274031275773e-02   -5.224996877973044e-01
  outer loop
    vertex    3.221730142831802e-02    4.926210939884186e-01   -1.211795024573803e-02
    vertex    3.481208905577660e-02    4.922001957893372e-01   -7.991991005837917e-03
    vertex    3.373907878994942e-02    4.908235073089600e-01   -9.991893544793129e-03
  endloop
endfacet
facet normal    7.683805705223815e-01    2.255695423244975e-01   -5.989237684540631e-01
  outer loop
    vertex    2.933841943740845e-02    4.967047870159150e-01   -1.427335012704134e-02
    vertex    3.207398951053619e-02    4.943757057189942e-01   -1.164097990840673e-02
    vertex    3.221730142831802e-02    4.926210939884186e-01   -1.211795024573803e-02
  endloop
endfacet
facet normal   -3.498709920641653e-01    9.060683618046659e-01   -2.379714534322254e-01
  outer loop
    vertex    2.339880913496017e-02    5.015044808387756e-01   -1.596532948315144e-02
    vertex    2.426419034600258e-02    5.022794008255005e-01   -1.428715046495199e-02
    vertex    2.519199997186660e-02    5.026494860649109e-01   -1.424214988946915e-02
  endloop
endfacet
facet normal    6.209100270592485e-01    3.795686094341724e-01   -6.858559681372555e-01
  outer loop
    vertex    2.644670009613037e-02    4.963403940200806e-01   -1.672529056668282e-02
    vertex    2.424265071749687e-02    5.010818839073181e-01   -1.609658077359200e-02
    vertex    2.689315006136894e-02    5.012807846069336e-01   -1.358698960393667e-02
  endloop
endfacet
facet normal    6.992654034706249e-01   -2.570178476663182e-01   -6.670605081175451e-01
  outer loop
    vertex    2.117327041924000e-02    4.929541945457459e-01   -2.817266993224621e-02
    vertex    1.817500032484531e-02    4.963194131851197e-01   -3.261230885982513e-02
    vertex    1.908094994723797e-02    4.959507882595063e-01   -3.152059018611908e-02
  endloop
endfacet
facet normal    9.990756488059341e-01   -4.295684665488118e-02    1.599152422622307e-03
  outer loop
    vertex    1.758801937103271e-02    4.977588057518006e-01   -2.166732028126717e-02
    vertex    1.759679056704044e-02    4.978316128253937e-01   -2.519139088690281e-02
    vertex    1.762825064361095e-02    4.986222088336945e-01   -2.360898070037365e-02
  endloop
endfacet
facet normal   -8.424984038743590e-01    4.857430383815052e-01    2.329165947996423e-01
  outer loop
    vertex    2.172631025314331e-02    4.983659088611603e-01   -2.954955911263824e-03
    vertex    2.000519074499607e-02    4.980219900608063e-01   -8.463297970592976e-03
    vertex    2.073767967522144e-02    4.969142973423005e-01   -3.503690939396620e-03
  endloop
endfacet
facet normal    5.318220728168121e-02    4.194461679700373e-01   -9.062210354013526e-01
  outer loop
    vertex   -1.630128920078279e-02    4.992032051086426e-01   -3.644445911049843e-03
    vertex   -1.837036944925786e-02    4.983310997486115e-01   -4.169526975601912e-03
    vertex   -2.060627005994322e-02    5.003777742385864e-01   -3.353435080498457e-03
  endloop
endfacet
facet normal   -2.487467260519449e-01    8.037568208446677e-01   -5.404628009623893e-01
  outer loop
    vertex    8.764304802753023e-04    4.977313876152039e-01   -9.257823228836060e-03
    vertex    1.522475067758924e-04    4.969117939472199e-01   -1.014338992536068e-02
    vertex   -6.908860057592407e-03    4.974772930145264e-01   -6.052542012184858e-03
  endloop
endfacet
facet normal   -1.154628180431525e-01    3.093356858504601e-01   -9.439172480196342e-01
  outer loop
    vertex   -1.610326021909715e-02    4.980641901493073e-01   -4.397240001708269e-03
    vertex   -1.058403030037882e-02    4.966424107551575e-01   -5.538307130336761e-03
    vertex   -1.675589010119440e-02    4.942145943641663e-01   -5.578977987170219e-03
  endloop
endfacet
facet normal   -3.560412491228234e-01    3.039609645318692e-01   -8.836528509340731e-01
  outer loop
    vertex   -8.229734376072899e-03    4.959306120872498e-01   -6.731745786964893e-03
    vertex   -8.859396912157551e-03    4.934329092502595e-01   -7.337207905948162e-03
    vertex   -1.058403030037882e-02    4.966424107551575e-01   -5.538307130336761e-03
  endloop
endfacet
facet normal   -5.674225418265543e-01   -8.202896739614469e-01   -7.180884220843180e-02
  outer loop
    vertex    1.739742048084736e-02    4.848460853099824e-01   -5.775031168013811e-03
    vertex    1.662470027804375e-02    4.852347970008851e-01   -4.109460860490799e-03
    vertex    1.549820043146610e-02    4.866111874580384e-01   -1.093086972832680e-02
  endloop
endfacet
facet normal   -1.161233249330281e-01   -8.068881899140111e-01   -5.791777122643698e-01
  outer loop
    vertex   -2.670069038867952e-02    4.924528002738953e-01   -4.593885969370604e-03
    vertex   -2.529658004641534e-02    4.927980899810792e-01   -5.356450099498034e-03
    vertex   -2.345325984060766e-02    4.922339916229249e-01   -4.940149839967489e-03
  endloop
endfacet
facet normal    1.285631605423595e-01   -8.725031737062692e-01   -4.713912659605048e-01
  outer loop
    vertex   -2.345325984060766e-02    4.922339916229249e-01   -4.940149839967489e-03
    vertex   -2.200640924274923e-02    4.927507936954499e-01   -5.502102896571159e-03
    vertex   -1.743407920002939e-02    4.929980933666230e-01   -4.712814930826426e-03
  endloop
endfacet
facet normal    5.042201199615629e-01    8.587494295470012e-01   -9.116736191558492e-02
  outer loop
    vertex    1.812844909727573e-02    4.967845976352692e-01   -2.128447033464909e-02
    vertex    2.150456979870796e-02    4.949196875095368e-01   -2.017861977219582e-02
    vertex    1.812292076647282e-02    4.964247047901154e-01   -2.470505051314831e-02
  endloop
endfacet
facet normal    7.300653502230113e-01    6.643230818682214e-01   -1.602480180871513e-01
  outer loop
    vertex    2.035178989171982e-02    4.953818917274476e-01   -2.553902938961983e-02
    vertex    2.254764921963215e-02    4.934644103050232e-01   -2.348412945866585e-02
    vertex    2.143383026123047e-02    4.938494861125947e-01   -2.696214988827705e-02
  endloop
endfacet
facet normal   -5.458772772076128e-01   -8.268394103832752e-01   -1.354791041653311e-01
  outer loop
    vertex    1.630781963467598e-02    4.848926067352295e-01   -1.144347988883965e-04
    vertex    1.769272983074188e-02    4.845564961433411e-01   -3.643255913630128e-03
    vertex    1.783631928265095e-02    4.839265048503876e-01   -3.769262984860688e-04
  endloop
endfacet
facet normal    2.152971053468329e-01   -9.733530393411899e-01   -7.893679265426558e-02
  outer loop
    vertex    7.842851802706717e-03    4.917989075183869e-01   -1.386442966759205e-02
    vertex    4.192729014903306e-03    4.910021126270295e-01   -1.399489026516676e-02
    vertex    1.071397028863430e-02    4.928036928176880e-01   -1.842335984110832e-02
  endloop
endfacet
facet normal    9.044693289478049e-01    4.166616885300842e-01    9.125935735017393e-02
  outer loop
    vertex    3.547614812850952e-02    4.924612045288086e-01    1.354783194511946e-19
    vertex    3.548073023557663e-02    4.924652874469758e-01   -6.405448220903054e-05
    vertex    3.547174111008644e-02    4.924707710742951e-01   -4.694956298531752e-23
  endloop
endfacet
facet normal    1.838516027802664e-01    8.511877038202259e-01   -4.916076494730107e-01
  outer loop
    vertex    2.501279488205910e-02    4.970136284828187e-01   -4.090606834679329e-23
    vertex    2.441756054759026e-02    4.970644116401673e-01   -1.346781064057723e-04
    vertex    2.433256618678570e-02    4.971605539321900e-01    2.706454130045098e-20
  endloop
endfacet
facet normal    9.140892111903042e-01   -4.038301960930986e-01   -3.690645890487176e-02
  outer loop
    vertex    4.584182985126971e-03    4.990507066249848e-01   -1.280560973100364e-04
    vertex    4.708770662546157e-03    4.993210136890412e-01   -2.917379065342343e-23
    vertex    4.637607373297214e-03    4.991599321365357e-01    1.352339448571069e-20
  endloop
endfacet
facet normal    9.163909110414702e-01   -3.979840475018587e-01   -4.285319235042685e-02
  outer loop
    vertex    4.392208065837621e-03    4.985948801040650e-01    1.352353628483350e-20
    vertex    4.584182985126971e-03    4.990507066249848e-01   -1.280560973100364e-04
    vertex    4.637607373297214e-03    4.991599321365357e-01    1.352339448571069e-20
  endloop
endfacet
facet normal    8.010628955027478e-02    9.572339376336061e-01    2.780039046793214e-01
  outer loop
    vertex   -2.024883031845095e-02    5.019491314888000e-01    2.709030177621206e-20
    vertex   -2.322275005280973e-02    5.023412704467773e-01   -4.932989832013845e-04
    vertex   -2.240480668842794e-02    5.021295547485352e-01   -1.350674774092067e-23
  endloop
endfacet
facet normal    5.752293199477596e-02    9.567643257766317e-01    2.851195139163781e-01
  outer loop
    vertex   -6.428693886846319e-03    5.009409189224243e-01   -2.273822765964740e-23
    vertex   -6.493860855698600e-03    5.009899139404297e-01   -1.512632006779313e-04
    vertex   -6.895638071000591e-03    5.009689927101135e-01   -2.246841322401166e-23
  endloop
endfacet
facet normal   -1.531063767656113e-01    9.188892472403626e-01    3.635945388750312e-01
  outer loop
    vertex   -6.050220225006357e-03    5.010039806365967e-01   -2.295692115867191e-23
    vertex   -6.493860855698600e-03    5.009899139404297e-01   -1.512632006779313e-04
    vertex   -6.428693886846319e-03    5.009409189224243e-01   -2.273822765964740e-23
  endloop
endfacet
facet normal   -7.832518466604123e-01    5.748619509725713e-01    2.367494076593707e-01
  outer loop
    vertex   -2.788862586021425e-02    5.035027861595154e-01   -1.033803159655256e-23
    vertex   -2.785350941121580e-02    5.035787224769592e-01   -6.820661656092852e-05
    vertex   -2.817953936755659e-02    5.031064152717590e-01   -1.016993299609409e-23
  endloop
endfacet
facet normal   -9.416115436158828e-01    3.365206990337848e-01    1.102361334259124e-02
  outer loop
    vertex   -2.872415632009508e-02    5.022857785224915e-01   -9.855236891575505e-24
    vertex   -2.942351996898653e-02    5.004242062568665e-01   -2.909325994551182e-03
    vertex   -2.945568785071375e-02    5.002388954162598e-01    2.168310019611959e-19
  endloop
endfacet
facet normal   -6.052137328514539e-01    6.380029070513360e-01   -4.760972885472605e-01
  outer loop
    vertex   -2.947961911559106e-02    4.995000958442689e-01   -4.076384007930756e-03
    vertex   -2.942351996898653e-02    5.004242062568665e-01   -2.909325994551182e-03
    vertex   -2.889947034418584e-02    4.998478889465333e-01   -4.347801208496094e-03
  endloop
endfacet
facet normal   -5.028957742457400e-02   -9.987335864111896e-01    1.477083850330168e-03
  outer loop
    vertex   -2.345325984060766e-02    4.922339916229249e-01   -4.940149839967489e-03
    vertex   -2.330105751752855e-02    4.922336339950562e-01   -1.298886697283404e-23
    vertex   -2.519324608147146e-02    4.923289120197297e-01   -4.336927644975418e-19
  endloop
endfacet
facet normal   -4.477877373495009e-01   -8.941398845777659e-01   -9.532404518214730e-05
  outer loop
    vertex   -8.969340473413483e-03    4.914891123771668e-01    4.336595988287843e-19
    vertex   -8.479955606162564e-03    4.912446141242982e-01   -5.506509914994240e-03
    vertex   -7.166214752942338e-03    4.905861020088196e-01   -2.231206585239199e-23
  endloop
endfacet
facet normal    2.353859489347160e-01   -9.718671459107522e-01    8.228349979902433e-03
  outer loop
    vertex    3.242360055446625e-02    4.805842041969300e-01   -1.084654055039684e-19
    vertex    3.304753825068474e-02    4.807189106941224e-01   -1.938340952619910e-03
    vertex    3.309532254934311e-02    4.807468950748444e-01   -4.557639665006914e-23
  endloop
endfacet
facet normal    9.789093980506932e-01   -1.722262340821002e-01   -1.098840966743014e-01
  outer loop
    vertex    3.393374010920525e-02    4.820874035358430e-01   -3.482291940599680e-03
    vertex    3.449505940079689e-02    4.868130981922150e-01   -5.888535175472498e-03
    vertex    3.469115123152733e-02    4.867719113826752e-01   -4.077084828168154e-03
  endloop
endfacet
facet normal    9.869952748314811e-01   -1.605632388027916e-01   -7.731352112457299e-03
  outer loop
    vertex    3.393374010920525e-02    4.820874035358430e-01   -3.482291940599680e-03
    vertex    3.469115123152733e-02    4.867719113826752e-01   -4.077084828168154e-03
    vertex    3.392707929015160e-02    4.819534122943879e-01   -1.549917040392756e-03
  endloop
endfacet
facet normal    7.410608364622324e-01   -6.535557319032450e-01   -1.539277166669798e-01
  outer loop
    vertex    3.304753825068474e-02    4.807189106941224e-01   -1.938340952619910e-03
    vertex    3.258007019758224e-02    4.808695912361146e-01   -4.828661214560270e-03
    vertex    3.393374010920525e-02    4.820874035358430e-01   -3.482291940599680e-03
  endloop
endfacet
facet normal    9.585525359921969e-01   -1.997214498714772e-01   -2.031954187578133e-01
  outer loop
    vertex    3.449505940079689e-02    4.868130981922150e-01   -5.888535175472498e-03
    vertex    3.341031074523926e-02    4.835165143013001e-01   -7.765497080981731e-03
    vertex    3.501357883214951e-02    4.907425940036774e-01   -7.304789964109659e-03
  endloop
endfacet
facet normal    5.269957045129958e-01   -7.154227051685831e-01   -4.587438068836654e-01
  outer loop
    vertex    3.185113146901131e-02    4.811094999313355e-01   -8.756940253078938e-03
    vertex    2.903709001839161e-02    4.826540052890778e-01   -1.439835038036108e-02
    vertex    2.991735935211182e-02    4.833143055438996e-01   -1.441686972975731e-02
  endloop
endfacet
facet normal    8.811483691397081e-01   -1.682415711333827e-01   -4.418962834251987e-01
  outer loop
    vertex    3.290146961808205e-02    4.836524128913880e-01   -9.251187555491924e-03
    vertex    3.074136935174465e-02    4.842798113822938e-01   -1.379732973873615e-02
    vertex    3.424498066306114e-02    4.899232089519501e-01   -8.959662169218063e-03
  endloop
endfacet
facet normal    9.231295280818563e-01   -1.832673470839153e-01   -3.380014110565118e-01
  outer loop
    vertex    3.341031074523926e-02    4.835165143013001e-01   -7.765497080981731e-03
    vertex    3.424498066306114e-02    4.899232089519501e-01   -8.959662169218063e-03
    vertex    3.501357883214951e-02    4.907425940036774e-01   -7.304789964109659e-03
  endloop
endfacet
facet normal    8.998625675728072e-01   -7.793755626899834e-02   -4.291539313627359e-01
  outer loop
    vertex    3.501357883214951e-02    4.907425940036774e-01   -7.304789964109659e-03
    vertex    3.373907878994942e-02    4.908235073089600e-01   -9.991893544793129e-03
    vertex    3.481208905577660e-02    4.922001957893372e-01   -7.991991005837917e-03
  endloop
endfacet
facet normal    3.090875582117095e-01   -4.357641352320745e-01   -8.453250852803111e-01
  outer loop
    vertex    2.903709001839161e-02    4.826540052890778e-01   -1.439835038036108e-02
    vertex    2.593930065631866e-02    4.839437901973725e-01   -1.619591936469078e-02
    vertex    2.991735935211182e-02    4.833143055438996e-01   -1.441686972975731e-02
  endloop
endfacet
facet normal    4.714890696584620e-01   -5.255839302604244e-02   -8.803043067684709e-01
  outer loop
    vertex    2.658684924244881e-02    4.852265119552613e-01   -1.628405973315239e-02
    vertex    2.490014955401421e-02    4.889337122440339e-01   -1.740879006683826e-02
    vertex    2.629444003105164e-02    4.899739921092988e-01   -1.672412082552910e-02
  endloop
endfacet
facet normal    2.334770460008047e-01   -1.834789984957177e-01   -9.548947199046325e-01
  outer loop
    vertex    2.593930065631866e-02    4.839437901973725e-01   -1.619591936469078e-02
    vertex    2.490014955401421e-02    4.889337122440339e-01   -1.740879006683826e-02
    vertex    2.658684924244881e-02    4.852265119552613e-01   -1.628405973315239e-02
  endloop
endfacet
facet normal    6.071996364228316e-01    1.484097209137489e-02   -7.944106916925049e-01
  outer loop
    vertex    2.775613963603973e-02    4.863285124301911e-01   -1.567498967051506e-02
    vertex    2.629444003105164e-02    4.899739921092988e-01   -1.672412082552910e-02
    vertex    3.123575076460838e-02    4.929710924625397e-01   -1.289128977805376e-02
  endloop
endfacet
facet normal    7.900678349356655e-01    5.739783651442226e-01   -2.152711140548949e-01
  outer loop
    vertex    3.207398951053619e-02    4.943757057189942e-01   -1.164097990840673e-02
    vertex    2.998710982501507e-02    4.968965053558350e-01   -1.257883012294769e-02
    vertex    3.171164914965630e-02    4.952018857002259e-01   -1.076795998960733e-02
  endloop
endfacet
facet normal    7.556311140238748e-01    6.026152152129676e-01   -2.566642201649200e-01
  outer loop
    vertex    3.465636819601059e-02    4.928367137908936e-01   -7.651698775589466e-03
    vertex    3.207398951053619e-02    4.943757057189942e-01   -1.164097990840673e-02
    vertex    3.171164914965630e-02    4.952018857002259e-01   -1.076795998960733e-02
  endloop
endfacet
facet normal    5.019467839195209e-01    8.648015100602285e-01    1.295277230550455e-02
  outer loop
    vertex    3.350372985005379e-02    4.941132962703705e-01   -7.534317206591368e-03
    vertex    3.171164914965630e-02    4.952018857002259e-01   -1.076795998960733e-02
    vertex    3.171662986278534e-02    4.951513111591340e-01   -7.584325969219208e-03
  endloop
endfacet
facet normal    5.059081651830301e-01    8.470304075124462e-01    1.630840800030444e-01
  outer loop
    vertex    2.465412952005863e-02    4.985885918140412e-01   -5.266294814646244e-03
    vertex    3.029021061956882e-02    4.962225854396821e-01   -1.046152971684933e-02
    vertex    2.384446002542973e-02    4.991996884346009e-01   -5.928523838520050e-03
  endloop
endfacet
facet normal    6.486011797184302e-01    7.604484263198619e-01   -3.216676196800143e-02
  outer loop
    vertex    3.420529887080193e-02    4.935184121131898e-01   -7.451630197465420e-03
    vertex    3.350372985005379e-02    4.941132962703705e-01   -7.534317206591368e-03
    vertex    3.496988117694855e-02    4.931603968143464e-01   -4.985891864635050e-04
  endloop
endfacet
facet normal    8.222612271331996e-01    5.657623109847476e-01   -6.163993691270587e-02
  outer loop
    vertex    3.465636819601059e-02    4.928367137908936e-01   -7.651698775589466e-03
    vertex    3.496988117694855e-02    4.931603968143464e-01   -4.985891864635050e-04
    vertex    3.548073023557663e-02    4.924652874469758e-01   -6.405448220903054e-05
  endloop
endfacet
facet normal    4.247716405523116e-01    8.248717349403190e-01    3.730357546925578e-01
  outer loop
    vertex    2.384446002542973e-02    4.991996884346009e-01   -5.928523838520050e-03
    vertex    2.423422038555145e-02    4.995731115341187e-01   -7.198067847639322e-03
    vertex    2.298530936241150e-02    4.999453127384186e-01   -6.598973181098700e-03
  endloop
endfacet
facet normal    6.837507203102107e-01    5.451769415278900e-01    4.850433536309552e-01
  outer loop
    vertex    2.423422038555145e-02    4.995731115341187e-01   -7.198067847639322e-03
    vertex    2.898875065147877e-02    4.986382126808167e-01   -1.284957956522703e-02
    vertex    2.490998990833759e-02    5.030403137207031e-01   -1.204773038625717e-02
  endloop
endfacet
facet normal   -7.516834321131453e-01    6.056164834371102e-01    2.611526237200597e-01
  outer loop
    vertex    2.156722918152809e-02    5.010340809822083e-01   -9.865429252386093e-03
    vertex    2.119481004774570e-02    5.008066892623901e-01   -1.041004993021488e-02
    vertex    2.076824009418487e-02    5.001283884048462e-01   -1.006487011909485e-02
  endloop
endfacet
facet normal    8.755393839172871e-01   -2.469181254700328e-01   -4.152857167349995e-01
  outer loop
    vertex    2.668002061545849e-02    4.949049949645997e-01   -1.699367910623550e-02
    vertex    2.485728077590466e-02    4.900462925434113e-01   -1.794767007231712e-02
    vertex    2.570828050374985e-02    4.938808977603913e-01   -1.843347959220409e-02
  endloop
endfacet
facet normal    9.143251337139284e-01    1.359890948317622e-01   -3.814662710461370e-01
  outer loop
    vertex    2.565650083124638e-02    4.948776960372925e-01   -1.820223964750767e-02
    vertex    2.570828050374985e-02    4.938808977603913e-01   -1.843347959220409e-02
    vertex    2.392143942415714e-02    4.926823973655701e-01   -2.314355969429016e-02
  endloop
endfacet
facet normal    9.362978061289307e-01   -1.523929831459410e-01   -3.164218654360542e-01
  outer loop
    vertex    2.570828050374985e-02    4.938808977603913e-01   -1.843347959220409e-02
    vertex    2.384150959551334e-02    4.916464984416962e-01   -2.288117073476315e-02
    vertex    2.392143942415714e-02    4.926823973655701e-01   -2.314355969429016e-02
  endloop
endfacet
facet normal   -7.343512927023625e-01    6.784453125498894e-01    2.097943720532770e-02
  outer loop
    vertex    2.337302081286907e-02    5.030214786529541e-01   -1.092624012380838e-02
    vertex    2.408274076879024e-02    5.038242936134338e-01   -1.204553991556168e-02
    vertex    2.156722918152809e-02    5.010340809822083e-01   -9.865429252386093e-03
  endloop
endfacet
facet normal   -8.099547935978866e-01    5.233048946130278e-01   -2.648116681754283e-01
  outer loop
    vertex    2.408274076879024e-02    5.038242936134338e-01   -1.204553991556168e-02
    vertex    2.296027913689613e-02    5.020449161529541e-01   -1.212866976857185e-02
    vertex    2.156722918152809e-02    5.010340809822083e-01   -9.865429252386093e-03
  endloop
endfacet
facet normal   -5.535186957087402e-01    8.322589976763956e-01    3.101635516266530e-02
  outer loop
    vertex    2.156722918152809e-02    5.010340809822083e-01   -9.865429252386093e-03
    vertex    2.296027913689613e-02    5.020449161529541e-01   -1.212866976857185e-02
    vertex    2.119481004774570e-02    5.008066892623901e-01   -1.041004993021488e-02
  endloop
endfacet
facet normal    7.385237253271693e-01    2.379958682603165e-01   -6.308253909124918e-01
  outer loop
    vertex    2.668002061545849e-02    4.949049949645997e-01   -1.699367910623550e-02
    vertex    2.565650083124638e-02    4.948776960372925e-01   -1.820223964750767e-02
    vertex    2.644670009613037e-02    4.963403940200806e-01   -1.672529056668282e-02
  endloop
endfacet
facet normal    3.254344185171438e-01    4.588867355375221e-01   -8.267499036541370e-01
  outer loop
    vertex    2.476559951901436e-02    4.963792860507966e-01   -1.771946996450424e-02
    vertex    2.565650083124638e-02    4.948776960372925e-01   -1.820223964750767e-02
    vertex    2.231132984161377e-02    4.949024915695191e-01   -1.950524002313614e-02
  endloop
endfacet
facet normal   -1.201274096966849e-01    5.405511408792200e-01   -8.326907406316816e-01
  outer loop
    vertex    2.029250934720039e-02    4.972806870937348e-01   -1.741340942680836e-02
    vertex    1.936458051204681e-02    4.955311119556428e-01   -1.841530017554760e-02
    vertex    2.000576071441174e-02    4.983395934104920e-01   -1.668464019894600e-02
  endloop
endfacet
facet normal   -6.595095708332595e-01    6.271143247203406e-01   -4.144571747598071e-01
  outer loop
    vertex    2.339880913496017e-02    5.015044808387756e-01   -1.596532948315144e-02
    vertex    2.029250934720039e-02    4.972806870937348e-01   -1.741340942680836e-02
    vertex    2.314955927431583e-02    5.015100836753845e-01   -1.556023024022579e-02
  endloop
endfacet
facet normal    9.032353165466984e-01    2.170638841846950e-01   -3.702016114571068e-01
  outer loop
    vertex    1.908094994723797e-02    4.959507882595063e-01   -3.152059018611908e-02
    vertex    2.330460958182812e-02    4.918262958526612e-01   -2.363386005163193e-02
    vertex    2.117327041924000e-02    4.929541945457459e-01   -2.817266993224621e-02
  endloop
endfacet
facet normal    5.121188434178392e-01    6.153728282542715e-01    5.992082880457458e-01
  outer loop
    vertex    1.812292076647282e-02    4.964247047901154e-01   -2.470505051314831e-02
    vertex    2.035178989171982e-02    4.953818917274476e-01   -2.553902938961983e-02
    vertex    1.953385025262833e-02    4.969598054885865e-01   -2.646045014262199e-02
  endloop
endfacet
facet normal    9.593372596971277e-01    2.345465229180904e-01    1.570348711077879e-01
  outer loop
    vertex    1.953385025262833e-02    4.969598054885865e-01   -2.646045014262199e-02
    vertex    1.964744925498962e-02    4.973117113113404e-01   -2.768003940582275e-02
    vertex    1.875793002545833e-02    5.032051801681519e-01   -3.104835934937000e-02
  endloop
endfacet
facet normal    9.493223544635473e-01    1.306775940214252e-02    3.140323247374305e-01
  outer loop
    vertex    1.709597930312156e-02    5.014250278472900e-01   -2.033244073390961e-02
    vertex    1.758801937103271e-02    4.977588057518006e-01   -2.166732028126717e-02
    vertex    1.778417080640792e-02    5.001314282417297e-01   -2.235901914536953e-02
  endloop
endfacet
facet normal    9.884884384744853e-01   -1.115266614615163e-01   -1.022370323587401e-01
  outer loop
    vertex    1.778417080640792e-02    5.001314282417297e-01   -2.235901914536953e-02
    vertex    1.758801937103271e-02    4.977588057518006e-01   -2.166732028126717e-02
    vertex    1.761133037507534e-02    5.006011724472046e-01   -2.454257011413574e-02
  endloop
endfacet
facet normal    9.530274873001966e-01   -2.757880984983505e-01   -1.252179427116488e-01
  outer loop
    vertex    1.923233084380626e-02    5.068923830986023e-01   -2.622791007161140e-02
    vertex    1.778417080640792e-02    5.001314282417297e-01   -2.235901914536953e-02
    vertex    1.786758005619049e-02    5.010486841201782e-01   -2.374441921710968e-02
  endloop
endfacet
facet normal    9.621021836355481e-01   -1.684469885079754e-01   -2.144411348279622e-01
  outer loop
    vertex    1.786758005619049e-02    5.010486841201782e-01   -2.374441921710968e-02
    vertex    1.761133037507534e-02    5.006011724472046e-01   -2.454257011413574e-02
    vertex    1.775055006146431e-02    5.054110884666443e-01   -2.769622020423412e-02
  endloop
endfacet
facet normal    9.678055986650850e-01    1.141113278862626e-01    2.243455549828220e-01
  outer loop
    vertex    1.761133037507534e-02    5.006011724472046e-01   -2.454257011413574e-02
    vertex    1.762825064361095e-02    4.986222088336945e-01   -2.360898070037365e-02
    vertex    1.851967908442020e-02    5.024849176406860e-01   -2.941925078630447e-02
  endloop
endfacet
facet normal    9.441147686706902e-01    2.075842938489026e-01    2.560391855266332e-01
  outer loop
    vertex    1.771893911063671e-02    5.049334764480591e-01   -2.845178917050362e-02
    vertex    1.761133037507534e-02    5.006011724472046e-01   -2.454257011413574e-02
    vertex    1.851967908442020e-02    5.024849176406860e-01   -2.941925078630447e-02
  endloop
endfacet
facet normal    9.031356316656826e-01    4.217049562260834e-01    8.069052428994067e-02
  outer loop
    vertex    1.719129085540771e-02    5.060456991195679e-01   -2.835874073207378e-02
    vertex    1.771893911063671e-02    5.049334764480591e-01   -2.845178917050362e-02
    vertex    1.875793002545833e-02    5.032051801681519e-01   -3.104835934937000e-02
  endloop
endfacet
facet normal   -5.053839238856572e-01    6.626129580885111e-01   -5.527487288552813e-01
  outer loop
    vertex    2.111697010695934e-02    5.018900036811829e-01   -1.123376004397869e-02
    vertex    1.944334059953690e-02    4.987773895263672e-01   -1.343481987714767e-02
    vertex    1.826556026935577e-02    4.981107115745545e-01   -1.315714977681637e-02
  endloop
endfacet
facet normal    6.479471747894894e-02    9.975777978043481e-01    2.530181642985553e-02
  outer loop
    vertex    1.826556026935577e-02    4.981107115745545e-01   -1.315714977681637e-02
    vertex    1.896511949598789e-02    4.981457889080048e-01   -1.633162982761860e-02
    vertex    1.472197007387876e-02    4.983546137809754e-01   -1.369883026927710e-02
  endloop
endfacet
facet normal    4.287512770208703e-01    8.618025940227370e-01    2.710509756275646e-01
  outer loop
    vertex    2.465412952005863e-02    4.985885918140412e-01   -5.266294814646244e-03
    vertex    2.384446002542973e-02    4.991996884346009e-01   -5.928523838520050e-03
    vertex    2.309912070631981e-02    4.992072880268097e-01   -4.773701075464487e-03
  endloop
endfacet
facet normal    3.748002113800674e-01    9.107370216959992e-01    1.734441664102827e-01
  outer loop
    vertex    2.920280024409294e-02    4.960317909717560e-01   -1.289107953198254e-03
    vertex    2.309912070631981e-02    4.992072880268097e-01   -4.773701075464487e-03
    vertex    2.234397083520889e-02    4.992547035217286e-01   -3.390850964933634e-03
  endloop
endfacet
facet normal   -1.299041065007110e-01    7.844905124309234e-01    6.063823538165661e-01
  outer loop
    vertex    2.441756054759026e-02    4.970644116401673e-01   -1.346781064057723e-04
    vertex    2.450810931622982e-02    4.977527856826783e-01   -1.005845027975738e-03
    vertex    2.200727909803391e-02    4.986622929573060e-01   -2.718243049457669e-03
  endloop
endfacet
facet normal   -7.750890512395402e-01    6.132601795948565e-01    1.521476742243327e-01
  outer loop
    vertex    2.200727909803391e-02    4.986622929573060e-01   -2.718243049457669e-03
    vertex    2.234397083520889e-02    4.992547035217286e-01   -3.390850964933634e-03
    vertex    2.172631025314331e-02    4.983659088611603e-01   -2.954955911263824e-03
  endloop
endfacet
facet normal    4.784335631926920e-01    8.240576333487709e-01    3.033650318187101e-01
  outer loop
    vertex    2.309912070631981e-02    4.992072880268097e-01   -4.773701075464487e-03
    vertex    2.384446002542973e-02    4.991996884346009e-01   -5.928523838520050e-03
    vertex    2.298530936241150e-02    4.999453127384186e-01   -6.598973181098700e-03
  endloop
endfacet
facet normal    3.173101486228957e-01    9.377625016798881e-01    1.411232086653151e-01
  outer loop
    vertex    2.234397083520889e-02    4.992547035217286e-01   -3.390850964933634e-03
    vertex    2.309912070631981e-02    4.992072880268097e-01   -4.773701075464487e-03
    vertex    2.161150053143501e-02    5.001686215400696e-01   -7.816896773874760e-03
  endloop
endfacet
facet normal   -1.949465375572135e-01    9.019741779791517e-01    3.852770817908687e-01
  outer loop
    vertex    2.161150053143501e-02    5.001686215400696e-01   -7.816896773874760e-03
    vertex    2.298530936241150e-02    4.999453127384186e-01   -6.598973181098700e-03
    vertex    2.156722918152809e-02    5.010340809822083e-01   -9.865429252386093e-03
  endloop
endfacet
facet normal   -7.912335627931736e-01    3.490760189612382e-01    5.020910097739197e-01
  outer loop
    vertex    2.200727909803391e-02    4.986622929573060e-01   -2.718243049457669e-03
    vertex    2.172631025314331e-02    4.983659088611603e-01   -2.954955911263824e-03
    vertex    2.073767967522144e-02    4.969142973423005e-01   -3.503690939396620e-03
  endloop
endfacet
facet normal   -9.546666172712726e-01   -2.974443466523453e-01   -1.176904891591264e-02
  outer loop
    vertex    1.630781963467598e-02    4.848926067352295e-01   -1.144347988883965e-04
    vertex    1.579000055789948e-02    4.865832030773163e-01   -8.378354832530022e-04
    vertex    1.596603915095329e-02    4.861527979373932e-01   -4.239690024405718e-03
  endloop
endfacet
facet normal   -9.986226368029379e-01    4.631758125573872e-03   -5.226256864538556e-02
  outer loop
    vertex    1.579000055789948e-02    4.865832030773163e-01   -8.378354832530022e-04
    vertex    1.598085090517998e-02    4.877190887928010e-01   -4.383897874504328e-03
    vertex    1.596603915095329e-02    4.861527979373932e-01   -4.239690024405718e-03
  endloop
endfacet
facet normal   -8.510106386419847e-01    4.697802510329321e-01    2.347070698926570e-01
  outer loop
    vertex    1.691189967095852e-02    4.896559119224549e-01   -3.789304057136178e-03
    vertex    1.696635037660599e-02    4.908396899700165e-01   -5.961277056485415e-03
    vertex    1.526010967791080e-02    4.896253049373627e-01   -9.717171080410480e-03
  endloop
endfacet
facet normal   -9.476588619755794e-01    2.377978544757314e-01    2.130606996278023e-01
  outer loop
    vertex    1.598085090517998e-02    4.877190887928010e-01   -4.383897874504328e-03
    vertex    1.526010967791080e-02    4.896253049373627e-01   -9.717171080410480e-03
    vertex    1.491404976695776e-02    4.879607856273652e-01   -9.398612193763256e-03
  endloop
endfacet
facet normal   -9.551962094331624e-01   -2.797125791030072e-01    9.675264635172570e-02
  outer loop
    vertex    1.596603915095329e-02    4.861527979373932e-01   -4.239690024405718e-03
    vertex    1.491404976695776e-02    4.879607856273652e-01   -9.398612193763256e-03
    vertex    1.525210030376911e-02    4.869354069232941e-01   -9.025565348565578e-03
  endloop
endfacet
facet normal   -7.955533051609430e-01    5.021342818632490e-01    3.390517683557756e-01
  outer loop
    vertex    2.019830048084259e-02    4.990080893039704e-01   -9.743021801114082e-03
    vertex    2.076824009418487e-02    5.001283884048462e-01   -1.006487011909485e-02
    vertex    1.994526945054531e-02    4.990499019622803e-01   -1.039865985512733e-02
  endloop
endfacet
facet normal   -8.667423069478518e-01    3.485682797539985e-01    3.567322913559323e-01
  outer loop
    vertex    1.892860047519207e-02    4.963208138942719e-01   -1.020220015197992e-02
    vertex    2.019830048084259e-02    4.990080893039704e-01   -9.743021801114082e-03
    vertex    1.994526945054531e-02    4.990499019622803e-01   -1.039865985512733e-02
  endloop
endfacet
facet normal   -8.536810396024014e-01    4.485661613544452e-01   -2.646074101590904e-01
  outer loop
    vertex    1.526010967791080e-02    4.896253049373627e-01   -9.717171080410480e-03
    vertex    2.019830048084259e-02    4.990080893039704e-01   -9.743021801114082e-03
    vertex    1.892860047519207e-02    4.963208138942719e-01   -1.020220015197992e-02
  endloop
endfacet
facet normal   -7.213808418476179e-01    2.718766524748322e-01    6.369401595552768e-01
  outer loop
    vertex    1.491404976695776e-02    4.879607856273652e-01   -9.398612193763256e-03
    vertex    1.526010967791080e-02    4.896253049373627e-01   -9.717171080410480e-03
    vertex    1.387559995055198e-02    4.875021874904633e-01   -1.037898007780313e-02
  endloop
endfacet
facet normal   -8.454018042281596e-01    4.753864019458547e-01    2.435232191244748e-01
  outer loop
    vertex    1.387559995055198e-02    4.875021874904633e-01   -1.037898007780313e-02
    vertex    1.526010967791080e-02    4.896253049373627e-01   -9.717171080410480e-03
    vertex    1.469097007066011e-02    4.888963103294373e-01   -1.026988029479980e-02
  endloop
endfacet
facet normal   -1.887107273822007e-01   -7.975534864562865e-01    5.729718122318957e-01
  outer loop
    vertex    1.457033026963472e-02    4.873074889183045e-01   -1.042118016630411e-02
    vertex    1.491404976695776e-02    4.879607856273652e-01   -9.398612193763256e-03
    vertex    1.387559995055198e-02    4.875021874904633e-01   -1.037898007780313e-02
  endloop
endfacet
facet normal   -4.016349288663442e-01    4.838915946258124e-02    9.145205701136697e-01
  outer loop
    vertex    1.802897080779076e-02    4.939638972282410e-01   -1.097114011645317e-02
    vertex    1.994526945054531e-02    4.990499019622803e-01   -1.039865985512733e-02
    vertex    1.655942946672440e-02    4.979518949985505e-01   -1.182753965258598e-02
  endloop
endfacet
facet normal   -2.401946278188172e-01    1.061810560325689e-01    9.649000591288137e-01
  outer loop
    vertex    1.751499064266682e-02    4.918893873691559e-01   -1.092252973467112e-02
    vertex    1.655942946672440e-02    4.979518949985505e-01   -1.182753965258598e-02
    vertex    1.530511956661939e-02    4.969474971294404e-01   -1.202925015240908e-02
  endloop
endfacet
facet normal    4.254000766985895e-02    3.563790580522520e-01    9.333725487334830e-01
  outer loop
    vertex    1.398503966629505e-02    4.974308013916016e-01   -1.215361990034580e-02
    vertex    1.530511956661939e-02    4.969474971294404e-01   -1.202925015240908e-02
    vertex    1.560973003506660e-02    4.977472126483918e-01   -1.234847959131002e-02
  endloop
endfacet
facet normal    2.355478744804120e-01    1.317520564611746e-01    9.628907489668863e-01
  outer loop
    vertex    1.108083035796881e-02    4.993788897991181e-01   -1.177799981087446e-02
    vertex    1.449606008827686e-02    4.984273910522461e-01   -1.248325966298580e-02
    vertex    1.167092006653547e-02    5.017712712287903e-01   -1.224969979375601e-02
  endloop
endfacet
facet normal    1.831327798162513e-01   -1.722262757344828e-01    9.678845462674783e-01
  outer loop
    vertex    6.432612892240285e-03    4.912573099136353e-01   -1.023089978843927e-02
    vertex    7.898502051830290e-03    4.920459985733033e-01   -1.036791969090700e-02
    vertex    7.265670225024222e-03    4.925476908683777e-01   -1.015891041606665e-02
  endloop
endfacet
facet normal    3.378176370557034e-01    3.426443388705150e-02    9.405876847293403e-01
  outer loop
    vertex    7.265670225024222e-03    4.925476908683777e-01   -1.015891041606665e-02
    vertex    7.898502051830290e-03    4.920459985733033e-01   -1.036791969090700e-02
    vertex    1.108083035796881e-02    4.993788897991181e-01   -1.177799981087446e-02
  endloop
endfacet
facet normal    5.590220464949599e-01   -1.176770473553693e-01    8.207596871547171e-01
  outer loop
    vertex    7.265670225024222e-03    4.925476908683777e-01   -1.015891041606665e-02
    vertex    1.108083035796881e-02    4.993788897991181e-01   -1.177799981087446e-02
    vertex    1.066600997000933e-02    5.010914802551270e-01   -1.124992035329342e-02
  endloop
endfacet
facet normal    7.590208426644295e-01   -2.217498630970577e-01    6.121391660541053e-01
  outer loop
    vertex    1.066600997000933e-02    5.010914802551270e-01   -1.124992035329342e-02
    vertex    1.167092006653547e-02    5.017712712287903e-01   -1.224969979375601e-02
    vertex    9.932681918144226e-03    5.022953748703003e-01   -9.904515929520130e-03
  endloop
endfacet
facet normal    8.148199274552556e-01   -3.074904753817259e-01    4.914449036986062e-01
  outer loop
    vertex    6.656990852206945e-03    4.940761923789979e-01   -8.992303162813187e-03
    vertex    1.066600997000933e-02    5.010914802551270e-01   -1.124992035329342e-02
    vertex    8.970909751951693e-03    5.005602240562439e-01   -8.771829307079315e-03
  endloop
endfacet
facet normal    7.092036348220412e-01   -3.337756617898736e-01    6.209863218718563e-01
  outer loop
    vertex    6.432612892240285e-03    4.912573099136353e-01   -1.023089978843927e-02
    vertex    6.789340171962976e-03    4.931310117244721e-01   -9.631202556192875e-03
    vertex    5.733081139624118e-03    4.926115870475770e-01   -8.704078383743763e-03
  endloop
endfacet
facet normal    8.233986763485212e-01   -3.031911491593470e-01    4.796767107739732e-01
  outer loop
    vertex    6.656990852206945e-03    4.940761923789979e-01   -8.992303162813187e-03
    vertex    6.384813226759433e-03    4.950661063194275e-01   -7.899392396211624e-03
    vertex    4.782600793987512e-03    4.949173033237458e-01   -5.243137013167143e-03
  endloop
endfacet
facet normal    8.126062952317190e-01   -3.433795887905089e-01    4.709155624438856e-01
  outer loop
    vertex    6.384813226759433e-03    4.950661063194275e-01   -7.899392396211624e-03
    vertex    5.864366888999938e-03    5.004085898399353e-01   -3.105713985860348e-03
    vertex    4.782600793987512e-03    4.949173033237458e-01   -5.243137013167143e-03
  endloop
endfacet
facet normal    4.524099045447095e-01   -5.541146777174198e-01    6.987719243129098e-01
  outer loop
    vertex    4.520855844020843e-03    4.912342131137848e-01   -9.011475369334221e-03
    vertex    6.432612892240285e-03    4.912573099136353e-01   -1.023089978843927e-02
    vertex    5.733081139624118e-03    4.926115870475770e-01   -8.704078383743763e-03
  endloop
endfacet
facet normal    7.153691911978027e-01   -6.465512041097637e-01    2.649876615037316e-01
  outer loop
    vertex    8.546253411622335e-06    4.888660907745362e-01   -2.388687105849385e-03
    vertex    4.510230850428342e-03    4.913957118988038e-01   -8.369482122361660e-03
    vertex    5.733081139624118e-03    4.926115870475770e-01   -8.704078383743763e-03
  endloop
endfacet
facet normal    6.114247304571957e-01   -7.805377804453182e-01    1.300791001000619e-01
  outer loop
    vertex   -8.140801801346251e-04    4.881578087806702e-01   -2.772043924778700e-03
    vertex    4.510230850428342e-03    4.913957118988038e-01   -8.369482122361660e-03
    vertex    8.546253411622335e-06    4.888660907745362e-01   -2.388687105849385e-03
  endloop
endfacet
facet normal    8.489324182130319e-01   -3.284117859612433e-01    4.140766211086063e-01
  outer loop
    vertex    5.362918134778737e-03    5.005872249603271e-01   -1.935973996296525e-03
    vertex    4.782600793987512e-03    4.949173033237458e-01   -5.243137013167143e-03
    vertex    5.864366888999938e-03    5.004085898399353e-01   -3.105713985860348e-03
  endloop
endfacet
facet normal    8.973493131521126e-01   -2.690073530192566e-01    3.498560478353985e-01
  outer loop
    vertex    8.970909751951693e-03    5.005602240562439e-01   -8.771829307079315e-03
    vertex    9.932681918144226e-03    5.022953748703003e-01   -9.904515929520130e-03
    vertex    9.500778280198574e-03    5.021970272064209e-01   -8.872342295944691e-03
  endloop
endfacet
facet normal   -6.647819630884545e-02    9.930855182689614e-01    9.675640971011210e-02
  outer loop
    vertex    6.034499034285544e-03    5.014061927795410e-01   -3.136968007311225e-03
    vertex    9.500778280198574e-03    5.021970272064209e-01   -8.872342295944691e-03
    vertex    6.229158025234937e-03    5.015122890472412e-01   -4.092171788215637e-03
  endloop
endfacet
facet normal   -3.411640536146641e-01    9.384894172928859e-01   -5.333574927260112e-02
  outer loop
    vertex    9.500778280198574e-03    5.021970272064209e-01   -8.872342295944691e-03
    vertex    9.932681918144226e-03    5.022953748703003e-01   -9.904515929520130e-03
    vertex    6.253466010093688e-03    5.011928081512451e-01   -5.770909134298563e-03
  endloop
endfacet
facet normal    7.932440237239434e-01   -5.840906424609833e-01    1.720524344953123e-01
  outer loop
    vertex    6.306192954070857e-04    4.898400902748108e-01   -1.950168050825596e-03
    vertex    8.546253411622335e-06    4.888660907745362e-01   -2.388687105849385e-03
    vertex    1.478131976909935e-03    4.906812012195588e-01   -3.002169076353312e-03
  endloop
endfacet
facet normal   -6.766745835063827e-02    1.849523023813836e-01    9.804150962343400e-01
  outer loop
    vertex    1.751499064266682e-02    4.918893873691559e-01   -1.092252973467112e-02
    vertex    1.530511956661939e-02    4.969474971294404e-01   -1.202925015240908e-02
    vertex    1.628359965980053e-02    4.915874004364014e-01   -1.095055043697357e-02
  endloop
endfacet
facet normal    4.487738571433661e-02    2.183573124681950e-01    9.748364500484754e-01
  outer loop
    vertex    1.628359965980053e-02    4.915874004364014e-01   -1.095055043697357e-02
    vertex    1.398503966629505e-02    4.974308013916016e-01   -1.215361990034580e-02
    vertex    1.418820023536682e-02    4.935126006603242e-01   -1.128531992435455e-02
  endloop
endfacet
facet normal    9.039005976160959e-02    2.199372904086658e-01    9.713172629908247e-01
  outer loop
    vertex    1.418820023536682e-02    4.935126006603242e-01   -1.128531992435455e-02
    vertex    1.398503966629505e-02    4.974308013916016e-01   -1.215361990034580e-02
    vertex    7.898502051830290e-03    4.920459985733033e-01   -1.036791969090700e-02
  endloop
endfacet
facet normal    3.918075257919538e-02    2.124273885986905e-01    9.763910452275096e-01
  outer loop
    vertex    1.256460044533014e-02    4.890643060207367e-01   -1.025237981230021e-02
    vertex    1.628359965980053e-02    4.915874004364014e-01   -1.095055043697357e-02
    vertex    1.418820023536682e-02    4.935126006603242e-01   -1.128531992435455e-02
  endloop
endfacet
facet normal    9.790598986535640e-02    1.910608941074234e-01    9.766832403043254e-01
  outer loop
    vertex    1.256460044533014e-02    4.890643060207367e-01   -1.025237981230021e-02
    vertex    1.418820023536682e-02    4.935126006603242e-01   -1.128531992435455e-02
    vertex    7.898502051830290e-03    4.920459985733033e-01   -1.036791969090700e-02
  endloop
endfacet
facet normal    9.681513846470871e-02   -7.033741686340215e-03    9.952775268446229e-01
  outer loop
    vertex    8.134283125400541e-03    4.907208979129792e-01   -1.040021982043982e-02
    vertex    7.898502051830290e-03    4.920459985733033e-01   -1.036791969090700e-02
    vertex    6.432612892240285e-03    4.912573099136353e-01   -1.023089978843927e-02
  endloop
endfacet
facet normal    2.218799933995790e-01    9.304668259719059e-01   -2.915488883442532e-01
  outer loop
    vertex   -2.785350941121580e-02    5.035787224769592e-01   -6.820661656092852e-05
    vertex   -2.322275005280973e-02    5.023412704467773e-01   -4.932989832013845e-04
    vertex   -2.741722017526628e-02    5.032637119293213e-01   -7.415174040943384e-04
  endloop
endfacet
facet normal   -5.698125844770591e-02    7.364268909583692e-01   -6.741131733315304e-01
  outer loop
    vertex   -2.741722017526628e-02    5.032637119293213e-01   -7.415174040943384e-04
    vertex   -2.776183001697065e-02    5.005807876586914e-01   -3.643316915258765e-03
    vertex   -2.889947034418584e-02    4.998478889465333e-01   -4.347801208496094e-03
  endloop
endfacet
facet normal    7.641136166858102e-02    8.254609110937887e-01   -5.592634335124775e-01
  outer loop
    vertex   -2.180982008576395e-02    5.008406043052673e-01   -2.834747079759836e-03
    vertex   -8.386975154280678e-03    5.010250806808472e-01   -7.285198080353439e-04
    vertex   -2.060627005994322e-02    5.003777742385864e-01   -3.353435080498457e-03
  endloop
endfacet
facet normal   -3.895024303786025e-02    8.126894475143893e-01   -5.813937912173197e-01
  outer loop
    vertex   -6.938766222447172e-03    5.008429288864136e-01   -9.140112088061869e-04
    vertex   -8.733911439776436e-03    4.979532063007355e-01   -4.833085928112268e-03
    vertex   -1.057863980531694e-02    4.980314970016480e-01   -4.600062035024166e-03
  endloop
endfacet
facet normal    9.093226457410739e-02    9.666726992077413e-01   -2.393224098697073e-01
  outer loop
    vertex   -6.493860855698600e-03    5.009899139404297e-01   -1.512632006779313e-04
    vertex   -6.938766222447172e-03    5.008429288864136e-01   -9.140112088061869e-04
    vertex   -8.386975154280678e-03    5.010250806808472e-01   -7.285198080353439e-04
  endloop
endfacet
facet normal   -9.415170022080803e-02    9.863410806925011e-01   -1.351544667551913e-01
  outer loop
    vertex   -6.493860855698600e-03    5.009899139404297e-01   -1.512632006779313e-04
    vertex   -4.972768947482124e-03    5.010467767715454e-01   -7.959125796332955e-04
    vertex   -6.938766222447172e-03    5.008429288864136e-01   -9.140112088061869e-04
  endloop
endfacet
facet normal   -1.529431846750604e-01    8.275590173106089e-01   -5.401429950757021e-01
  outer loop
    vertex   -6.938766222447172e-03    5.008429288864136e-01   -9.140112088061869e-04
    vertex   -7.091029081493631e-03    4.979932904243470e-01   -5.236859899014235e-03
    vertex   -8.733911439776436e-03    4.979532063007355e-01   -4.833085928112268e-03
  endloop
endfacet
facet normal   -6.551395877895340e-01    7.285257234112790e-01   -2.001059490345856e-01
  outer loop
    vertex    9.057009592652319e-03    4.996812045574189e-01   -2.149404026567936e-02
    vertex    8.330056443810461e-03    4.990476071834565e-01   -2.142076008021832e-02
    vertex    3.623354947194456e-03    4.968738853931428e-01   -1.392505969852209e-02
  endloop
endfacet
facet normal   -5.983024961526091e-01    7.846034271300284e-01   -1.625779358749868e-01
  outer loop
    vertex    7.863763719797133e-03    4.996181130409241e-01   -1.740726083517075e-02
    vertex    9.057009592652319e-03    4.996812045574189e-01   -2.149404026567936e-02
    vertex    4.194717854261397e-03    4.977236092090607e-01   -1.304772030562162e-02
  endloop
endfacet
facet normal   -4.620462310099827e-01    8.758538361165188e-01   -1.392599661404810e-01
  outer loop
    vertex    1.081219967454672e-02    5.020666122436523e-01   -1.231488026678562e-02
    vertex    9.057009592652319e-03    4.996812045574189e-01   -2.149404026567936e-02
    vertex    9.182061068713663e-03    5.010272264480591e-01   -1.344334986060858e-02
  endloop
endfacet
facet normal   -1.611839426396279e-01    9.622637204603472e-01   -2.192447694266746e-01
  outer loop
    vertex    1.162356045097113e-02    5.019204020500183e-01   -1.355309039354324e-02
    vertex    9.057009592652319e-03    4.996812045574189e-01   -2.149404026567936e-02
    vertex    1.081219967454672e-02    5.020666122436523e-01   -1.231488026678562e-02
  endloop
endfacet
facet normal   -5.709606258972907e-01    7.903793606379710e-01   -2.220460086389446e-01
  outer loop
    vertex    3.534789895638823e-03    4.976029098033906e-01   -1.178043987601995e-02
    vertex    4.194717854261397e-03    4.977236092090607e-01   -1.304772030562162e-02
    vertex    1.349269994534551e-03    4.960078895092011e-01   -1.183819957077503e-02
  endloop
endfacet
facet normal   -1.572613883701550e-02    2.715555842861809e-01   -9.622942653888518e-01
  outer loop
    vertex   -2.551073953509332e-02    4.941791892051697e-01   -5.224489141255617e-03
    vertex   -1.837036944925786e-02    4.983310997486115e-01   -4.169526975601912e-03
    vertex   -2.138306945562364e-02    4.936127066612244e-01   -5.451804026961327e-03
  endloop
endfacet
facet normal    5.812790197206662e-02    4.239003434872635e-01   -9.038416043775068e-01
  outer loop
    vertex   -2.312684990465642e-02    4.992494881153107e-01   -4.044703207910061e-03
    vertex   -2.060627005994322e-02    5.003777742385864e-01   -3.353435080498457e-03
    vertex   -1.837036944925786e-02    4.983310997486115e-01   -4.169526975601912e-03
  endloop
endfacet
facet normal    6.563895997900762e-02   -5.342883922870817e-01   -8.427499277959979e-01
  outer loop
    vertex   -2.200640924274923e-02    4.927507936954499e-01   -5.502102896571159e-03
    vertex   -1.649549975991250e-02    4.936228096485138e-01   -5.625719204545021e-03
    vertex   -1.580101065337659e-02    4.930900931358338e-01   -5.233895033597946e-03
  endloop
endfacet
facet normal   -1.090845686253065e-01    2.932198263402033e-01   -9.498013952026243e-01
  outer loop
    vertex   -1.675589010119440e-02    4.942145943641663e-01   -5.578977987170219e-03
    vertex   -1.058403030037882e-02    4.966424107551575e-01   -5.538307130336761e-03
    vertex   -1.105097960680725e-02    4.930734038352967e-01   -6.586491130292416e-03
  endloop
endfacet
facet normal   -2.228438963693313e-01   -7.492440532282642e-01   -6.236777585845247e-01
  outer loop
    vertex   -1.580101065337659e-02    4.930900931358338e-01   -5.233895033597946e-03
    vertex   -1.649549975991250e-02    4.936228096485138e-01   -5.625719204545021e-03
    vertex   -1.086227968335153e-02    4.925026893615723e-01   -6.292867008596659e-03
  endloop
endfacet
facet normal   -3.199500082667014e-01   -5.149451883047790e-01   -7.952757039240502e-01
  outer loop
    vertex   -1.086227968335153e-02    4.925026893615723e-01   -6.292867008596659e-03
    vertex   -1.105097960680725e-02    4.930734038352967e-01   -6.586491130292416e-03
    vertex   -8.124276064336316e-03    4.918369054794312e-01   -6.963303778320551e-03
  endloop
endfacet
facet normal   -4.004148640215192e-01   -8.283692085311891e-01   -3.917555245660740e-01
  outer loop
    vertex   -8.124276064336316e-03    4.918369054794312e-01   -6.963303778320551e-03
    vertex   -1.105097960680725e-02    4.930734038352967e-01   -6.586491130292416e-03
    vertex   -6.633144803345218e-03    4.917438924312592e-01   -8.290718309581280e-03
  endloop
endfacet
facet normal   -4.978742132558970e-01   -6.541556524307929e-01   -5.693870828949893e-01
  outer loop
    vertex   -6.633144803345218e-03    4.917438924312592e-01   -8.290718309581280e-03
    vertex   -8.915307931602017e-03    4.926944971084595e-01   -7.387313991785049e-03
    vertex   -1.186963054351509e-03    4.904797971248627e-01   -1.160059031099081e-02
  endloop
endfacet
facet normal   -5.867367460497094e-01    3.280438287116835e-01   -7.403561556974985e-01
  outer loop
    vertex   -1.871422049589456e-03    4.910368919372559e-01   -1.136672031134367e-02
    vertex   -4.138034128118315e-04    4.915856122970582e-01   -1.227875985205173e-02
    vertex    7.376132998615418e-05    4.905078113079072e-01   -1.314271986484528e-02
  endloop
endfacet
facet normal   -6.366908315774683e-01   -5.594748197412167e-01   -5.306719429748714e-01
  outer loop
    vertex   -1.186963054351509e-03    4.904797971248627e-01   -1.160059031099081e-02
    vertex   -1.871422049589456e-03    4.910368919372559e-01   -1.136672031134367e-02
    vertex    7.376132998615418e-05    4.905078113079072e-01   -1.314271986484528e-02
  endloop
endfacet
facet normal   -6.989621880422744e-01    3.884160953903718e-01   -6.004871326921617e-01
  outer loop
    vertex    2.516923937946557e-03    4.952735900878907e-01   -1.367230992764235e-02
    vertex    1.349269994534551e-03    4.960078895092011e-01   -1.183819957077503e-02
    vertex    3.623354947194456e-03    4.968738853931428e-01   -1.392505969852209e-02
  endloop
endfacet
facet normal   -7.217953683286948e-01    3.473998938767878e-01   -5.986023387806302e-01
  outer loop
    vertex   -4.138034128118315e-04    4.915856122970582e-01   -1.227875985205173e-02
    vertex    1.349269994534551e-03    4.960078895092011e-01   -1.183819957077503e-02
    vertex    2.516923937946557e-03    4.952735900878907e-01   -1.367230992764235e-02
  endloop
endfacet
facet normal   -9.060722910126314e-01   -7.626093250428440e-02   -4.161937933615762e-01
  outer loop
    vertex    7.376132998615418e-05    4.905078113079072e-01   -1.314271986484528e-02
    vertex   -4.138034128118315e-04    4.915856122970582e-01   -1.227875985205173e-02
    vertex    3.389515914022914e-04    4.907642006874085e-01   -1.376703009009361e-02
  endloop
endfacet
facet normal   -8.161748261966107e-01    5.093491967633066e-01   -2.728040484294663e-01
  outer loop
    vertex    3.389515914022914e-04    4.907642006874085e-01   -1.376703009009361e-02
    vertex    6.451081018894910e-03    4.976185858249665e-01   -1.925555057823658e-02
    vertex    6.677269935607909e-03    4.972982108592988e-01   -2.053043060004711e-02
  endloop
endfacet
facet normal   -8.311364502145667e-01    5.177521283272259e-01   -2.028421424096995e-01
  outer loop
    vertex    2.358325989916920e-03    4.909108877182007e-01   -2.267947047948837e-02
    vertex    1.296064001508056e-03    4.901238083839417e-01   -2.033591084182262e-02
    vertex    4.473759792745113e-03    4.942691028118134e-01   -2.277556061744690e-02
  endloop
endfacet
facet normal   -7.426311192006508e-01    6.572415078528346e-01   -1.285792407432903e-01
  outer loop
    vertex    5.657710134983062e-03    4.953626096248627e-01   -2.425598911941051e-02
    vertex    5.036966875195502e-03    4.951153099536896e-01   -2.193487063050270e-02
    vertex    9.019725024700163e-03    4.994517862796784e-01   -2.277177013456821e-02
  endloop
endfacet
facet normal   -6.691466499669885e-01    5.671509002614271e-01   -4.801901885405505e-01
  outer loop
    vertex    6.581590045243501e-03    4.957239925861359e-01   -2.511659078299999e-02
    vertex    5.657710134983062e-03    4.953626096248627e-01   -2.425598911941051e-02
    vertex    7.107694167643785e-03    4.965651929378510e-01   -2.485617995262146e-02
  endloop
endfacet
facet normal   -6.867315574249521e-01    3.070523800962872e-01   -6.588767744532394e-01
  outer loop
    vertex    3.267703112214803e-03    4.914548099040986e-01   -2.358607016503811e-02
    vertex    5.657710134983062e-03    4.953626096248627e-01   -2.425598911941051e-02
    vertex    4.706966225057839e-03    4.925181865692139e-01   -2.459062077105045e-02
  endloop
endfacet
facet normal   -5.674396592168485e-01   -3.175745218305382e-01   -7.597095867711370e-01
  outer loop
    vertex    3.364912001416086e-03    4.911721050739289e-01   -2.354050055146217e-02
    vertex    2.358325989916920e-03    4.909108877182007e-01   -2.267947047948837e-02
    vertex    3.267703112214803e-03    4.914548099040986e-01   -2.358607016503811e-02
  endloop
endfacet
facet normal   -6.622114679830458e-01    3.988269117865075e-01   -6.343603598165455e-01
  outer loop
    vertex    4.706966225057839e-03    4.925181865692139e-01   -2.459062077105045e-02
    vertex    1.078739017248154e-02    4.972626864910126e-01   -2.795509994029999e-02
    vertex    1.118123997002840e-02    4.955081045627595e-01   -2.946935966610909e-02
  endloop
endfacet
facet normal   -6.444957823534897e-01    4.305450014488227e-01   -6.318672235968539e-01
  outer loop
    vertex    1.078739017248154e-02    4.972626864910126e-01   -2.795509994029999e-02
    vertex    1.276076026260853e-02    4.992468953132630e-01   -2.861589938402176e-02
    vertex    1.484716031700373e-02    4.965429902076722e-01   -3.258639946579933e-02
  endloop
endfacet
facet normal   -3.796243105516323e-01   -4.997156775498010e-01   -7.785689593408801e-01
  outer loop
    vertex    3.364912001416086e-03    4.911721050739289e-01   -2.354050055146217e-02
    vertex    1.484716031700373e-02    4.965429902076722e-01   -3.258639946579933e-02
    vertex    1.211558002978563e-02    4.949280023574830e-01   -3.021793998777866e-02
  endloop
endfacet
facet normal   -6.561768925206796e-01    4.031995231503431e-01   -6.378573745385722e-01
  outer loop
    vertex    1.118123997002840e-02    4.955081045627595e-01   -2.946935966610909e-02
    vertex    1.078739017248154e-02    4.972626864910126e-01   -2.795509994029999e-02
    vertex    1.484716031700373e-02    4.965429902076722e-01   -3.258639946579933e-02
  endloop
endfacet
facet normal   -4.623898032611111e-02   -8.704127362378092e-01   -4.901465345112740e-01
  outer loop
    vertex    1.211558002978563e-02    4.949280023574830e-01   -3.021793998777866e-02
    vertex    1.597861014306545e-02    4.965107142925263e-01   -3.339298069477081e-02
    vertex    1.538849994540214e-02    4.959366023540497e-01   -3.231779113411903e-02
  endloop
endfacet
facet normal   -5.448984357848512e-01    5.316667662343042e-01   -6.483950526964098e-01
  outer loop
    vertex    1.484716031700373e-02    4.965429902076722e-01   -3.258639946579933e-02
    vertex    1.276076026260853e-02    4.992468953132630e-01   -2.861589938402176e-02
    vertex    1.444489974528551e-02    4.990778863430024e-01   -3.016979992389679e-02
  endloop
endfacet
facet normal   -4.625657224790101e-01    4.039147314968209e-01   -7.892311715000381e-01
  outer loop
    vertex    1.744111068546772e-02    4.970844984054566e-01   -3.294605016708374e-02
    vertex    1.444489974528551e-02    4.990778863430024e-01   -3.016979992389679e-02
    vertex    1.754076033830643e-02    4.983608126640320e-01   -3.235125914216042e-02
  endloop
endfacet
facet normal    1.814129942858544e-01    2.126502703690273e-01   -9.601401918554500e-01
  outer loop
    vertex    1.809326000511646e-02    5.034477114677429e-01   -3.112022951245308e-02
    vertex    1.875793002545833e-02    5.032051801681519e-01   -3.104835934937000e-02
    vertex    1.754076033830643e-02    4.983608126640320e-01   -3.235125914216042e-02
  endloop
endfacet
facet normal    2.387766739112747e-01    1.958133092093286e-01   -9.511271460390354e-01
  outer loop
    vertex    1.754076033830643e-02    4.983608126640320e-01   -3.235125914216042e-02
    vertex    1.875793002545833e-02    5.032051801681519e-01   -3.104835934937000e-02
    vertex    1.817500032484531e-02    4.963194131851197e-01   -3.261230885982513e-02
  endloop
endfacet
facet normal   -5.887028579232364e-01    3.311194111745488e-01   -7.374204232433721e-01
  outer loop
    vertex    1.448552031069994e-02    5.007809996604919e-01   -2.943748980760574e-02
    vertex    1.809326000511646e-02    5.034477114677429e-01   -3.112022951245308e-02
    vertex    1.444489974528551e-02    4.990778863430024e-01   -3.016979992389679e-02
  endloop
endfacet
facet normal   -6.246296954689950e-01    3.210012321140986e-01   -7.118960264810732e-01
  outer loop
    vertex    1.276076026260853e-02    4.992468953132630e-01   -2.861589938402176e-02
    vertex    1.448552031069994e-02    5.007809996604919e-01   -2.943748980760574e-02
    vertex    1.444489974528551e-02    4.990778863430024e-01   -3.016979992389679e-02
  endloop
endfacet
facet normal   -1.313762388700045e-01    7.002524161523523e-01   -7.017028128297365e-01
  outer loop
    vertex    1.687089912593364e-02    5.055485963821411e-01   -2.879483066499233e-02
    vertex    1.719129085540771e-02    5.060456991195679e-01   -2.835874073207378e-02
    vertex    1.809326000511646e-02    5.034477114677429e-01   -3.112022951245308e-02
  endloop
endfacet
facet normal    3.329024084567241e-01    7.386354514647560e-01   -5.861686244445097e-01
  outer loop
    vertex    1.809326000511646e-02    5.034477114677429e-01   -3.112022951245308e-02
    vertex    1.719129085540771e-02    5.060456991195679e-01   -2.835874073207378e-02
    vertex    1.875793002545833e-02    5.032051801681519e-01   -3.104835934937000e-02
  endloop
endfacet
facet normal   -5.990456852015006e-01    3.587100083926840e-01   -7.158710756277175e-01
  outer loop
    vertex    1.448552031069994e-02    5.007809996604919e-01   -2.943748980760574e-02
    vertex    1.671084947884082e-02    5.040971040725708e-01   -2.963802032172680e-02
    vertex    1.809326000511646e-02    5.034477114677429e-01   -3.112022951245308e-02
  endloop
endfacet
facet normal    5.529866249564910e-01    7.618173319784715e-01   -3.374020529226705e-01
  outer loop
    vertex    1.001316029578447e-02    5.000743269920349e-01   -2.036070078611374e-02
    vertex    1.162356045097113e-02    5.019204020500183e-01   -1.355309039354324e-02
    vertex    1.088733039796352e-02    5.001587271690369e-01   -1.873740926384926e-02
  endloop
endfacet
facet normal   -1.889169274264705e-01    1.038141548076790e-01   -9.764901514062029e-01
  outer loop
    vertex    8.330056443810461e-03    4.990476071834565e-01   -2.142076008021832e-02
    vertex    9.057009592652319e-03    4.996812045574189e-01   -2.149404026567936e-02
    vertex    1.011530030518770e-02    5.000793933868408e-01   -2.165644988417625e-02
  endloop
endfacet
facet normal   -5.506670013766625e-01    8.341281037263603e-01   -3.156200514386354e-02
  outer loop
    vertex    9.019725024700163e-03    4.994517862796784e-01   -2.277177013456821e-02
    vertex    8.330056443810461e-03    4.990476071834565e-01   -2.142076008021832e-02
    vertex    1.103390008211136e-02    5.007879137992859e-01   -2.260188944637775e-02
  endloop
endfacet
facet normal   -6.350541497609152e-01    5.806369937345793e-01   -5.094770930849702e-01
  outer loop
    vertex    1.133379992097616e-02    5.000026822090149e-01   -2.537872083485126e-02
    vertex    9.784160181879996e-03    4.998883008956910e-01   -2.357747964560986e-02
    vertex    1.521455030888319e-02    5.043594837188721e-01   -2.525068074464798e-02
  endloop
endfacet
facet normal   -6.806370032172093e-01    6.224960127284013e-01   -3.863055578020318e-01
  outer loop
    vertex    1.243383996188640e-02    5.007185935974121e-01   -2.616327069699764e-02
    vertex    1.133379992097616e-02    5.000026822090149e-01   -2.537872083485126e-02
    vertex    1.368658989667892e-02    5.022785067558289e-01   -2.585685066878796e-02
  endloop
endfacet
facet normal   -6.976722411685728e-01    6.178857448721872e-01   -3.625888169629105e-01
  outer loop
    vertex    1.747890003025531e-02    5.060797929763794e-01   -2.667604014277458e-02
    vertex    1.368658989667892e-02    5.022785067558289e-01   -2.585685066878796e-02
    vertex    1.521455030888319e-02    5.043594837188721e-01   -2.525068074464798e-02
  endloop
endfacet
facet normal   -4.732166521202998e-01    8.611751374662099e-01    1.855892851597575e-01
  outer loop
    vertex    1.011530030518770e-02    5.000793933868408e-01   -2.165644988417625e-02
    vertex    1.103390008211136e-02    5.007879137992859e-01   -2.260188944637775e-02
    vertex    8.330056443810461e-03    4.990476071834565e-01   -2.142076008021832e-02
  endloop
endfacet
facet normal    9.276021364449732e-01    8.223602683059351e-02   -3.644056974771926e-01
  outer loop
    vertex    2.949411049485207e-02    4.980319142341614e-01   -1.357754040509462e-02
    vertex    2.998710982501507e-02    4.968965053558350e-01   -1.257883012294769e-02
    vertex    2.933841943740845e-02    4.967047870159150e-01   -1.427335012704134e-02
  endloop
endfacet
facet normal   -7.701610632541054e-01    6.216584858418071e-01   -1.428028838230428e-01
  outer loop
    vertex    1.368658989667892e-02    5.022785067558289e-01   -2.585685066878796e-02
    vertex    1.719129085540771e-02    5.060456991195679e-01   -2.835874073207378e-02
    vertex    1.687089912593364e-02    5.055485963821411e-01   -2.879483066499233e-02
  endloop
endfacet
facet normal   -7.626975191095875e-01    4.448807874177924e-01   -4.694396439699199e-01
  outer loop
    vertex    1.687089912593364e-02    5.055485963821411e-01   -2.879483066499233e-02
    vertex    1.448552031069994e-02    5.007809996604919e-01   -2.943748980760574e-02
    vertex    1.243383996188640e-02    5.007185935974121e-01   -2.616327069699764e-02
  endloop
endfacet
facet normal   -2.789880299440957e-01   -9.454380362181506e-01   -1.682634803511422e-01
  outer loop
    vertex    2.709702961146832e-02    4.826985895633698e-01   -1.389173045754433e-02
    vertex    3.035596944391727e-02    4.807497859001160e-01   -8.345263078808784e-03
    vertex    2.669019997119904e-02    4.818080961704255e-01   -8.213689550757408e-03
  endloop
endfacet
facet normal   -1.302940661924028e-01   -8.981646648295493e-01   -4.199091463241461e-01
  outer loop
    vertex    2.593930065631866e-02    4.839437901973725e-01   -1.619591936469078e-02
    vertex    2.903709001839161e-02    4.826540052890778e-01   -1.439835038036108e-02
    vertex    2.709702961146832e-02    4.826985895633698e-01   -1.389173045754433e-02
  endloop
endfacet
facet normal   -4.902641962980667e-01   -6.909971440945681e-01   -5.311910811387570e-01
  outer loop
    vertex    2.458916977047920e-02    4.838126897811890e-01   -1.576237939298153e-02
    vertex    1.803652942180634e-02    4.855056107044221e-01   -1.191683020442724e-02
    vertex    1.700120046734810e-02    4.864313006401063e-01   -1.216544955968857e-02
  endloop
endfacet
facet normal   -4.408736236335448e-01   -8.864150983015128e-01   -1.410628281559211e-01
  outer loop
    vertex    1.803652942180634e-02    4.855056107044221e-01   -1.191683020442724e-02
    vertex    1.739742048084736e-02    4.848460853099824e-01   -5.775031168013811e-03
    vertex    1.549820043146610e-02    4.866111874580384e-01   -1.093086972832680e-02
  endloop
endfacet
facet normal   -5.022322395986752e-01   -6.985936867356674e-01   -5.096367710053574e-01
  outer loop
    vertex    1.700120046734810e-02    4.864313006401063e-01   -1.216544955968857e-02
    vertex    1.803652942180634e-02    4.855056107044221e-01   -1.191683020442724e-02
    vertex    1.549820043146610e-02    4.866111874580384e-01   -1.093086972832680e-02
  endloop
endfacet
facet normal   -5.786925743762973e-02   -2.471541532548435e-01   -9.672465939834053e-01
  outer loop
    vertex    2.490014955401421e-02    4.889337122440339e-01   -1.740879006683826e-02
    vertex    2.593930065631866e-02    4.839437901973725e-01   -1.619591936469078e-02
    vertex    2.351173013448715e-02    4.877428114414216e-01   -1.702141948044300e-02
  endloop
endfacet
facet normal   -4.513776869880756e-01   -5.525765919611193e-01   -7.006549034338727e-01
  outer loop
    vertex    2.139504998922348e-02    4.888364970684052e-01   -1.690072938799858e-02
    vertex    2.145097032189369e-02    4.873102903366089e-01   -1.573310047388077e-02
    vertex    1.592696085572243e-02    4.876484870910645e-01   -1.244113035500050e-02
  endloop
endfacet
facet normal   -6.370347147709177e-01   -7.615421924665849e-01   -1.193325658398512e-01
  outer loop
    vertex    1.429308019578457e-02    4.876748025417328e-01   -1.128521002829075e-02
    vertex    1.549820043146610e-02    4.866111874580384e-01   -1.093086972832680e-02
    vertex    1.457033026963472e-02    4.873074889183045e-01   -1.042118016630411e-02
  endloop
endfacet
facet normal   -3.168686527426320e-01   -8.739111995628032e-01   -3.686101900216160e-01
  outer loop
    vertex    1.748480089008808e-02    4.954187870025635e-01   -3.220026940107346e-02
    vertex    1.871694996953011e-02    4.939666092395783e-01   -2.981659956276417e-02
    vertex    1.671002991497517e-02    4.955281019210816e-01   -3.179341927170753e-02
  endloop
endfacet
facet normal    2.371899718504312e-01   -5.485757328514929e-01   -8.017515716105827e-01
  outer loop
    vertex    1.817500032484531e-02    4.963194131851197e-01   -3.261230885982513e-02
    vertex    1.748480089008808e-02    4.954187870025635e-01   -3.220026940107346e-02
    vertex    1.597861014306545e-02    4.965107142925263e-01   -3.339298069477081e-02
  endloop
endfacet
facet normal   -4.456323653263052e-02   -9.980119503607020e-01   -4.456753175759876e-02
  outer loop
    vertex    3.787230933085083e-03    4.910160899162293e-01   -1.063464954495430e-02
    vertex    2.913719974458217e-03    4.909928143024445e-01   -9.240006096661091e-03
    vertex    1.644390984438359e-03    4.910733997821808e-01   -9.775370359420776e-03
  endloop
endfacet
facet normal    1.163128557463200e-01   -9.824989937588069e-01    1.454889921989552e-01
  outer loop
    vertex    9.383608121424905e-04    4.902811050415040e-01   -1.332050003111362e-02
    vertex    3.787230933085083e-03    4.910160899162293e-01   -1.063464954495430e-02
    vertex   -1.977446954697379e-04    4.904677867889405e-01   -1.115155033767223e-02
  endloop
endfacet
facet normal    9.266637240356412e-02   -9.511404470887515e-01    2.945246905394759e-01
  outer loop
    vertex   -1.977446954697379e-04    4.904677867889405e-01   -1.115155033767223e-02
    vertex    3.787230933085083e-03    4.910160899162293e-01   -1.063464954495430e-02
    vertex    1.644390984438359e-03    4.910733997821808e-01   -9.775370359420776e-03
  endloop
endfacet
facet normal   -7.375885907627705e-02   -9.969674131672281e-01    2.481144474655228e-02
  outer loop
    vertex    1.644390984438359e-03    4.910733997821808e-01   -9.775370359420776e-03
    vertex    2.913719974458217e-03    4.909928143024445e-01   -9.240006096661091e-03
    vertex   -5.544537212699666e-03    4.916462898254395e-01   -8.126713335514069e-03
  endloop
endfacet
facet normal    5.085078334375914e-02   -9.985626614229659e-01   -1.693543755588584e-02
  outer loop
    vertex   -1.585208065807821e-02    4.930106997489930e-01   -7.059741183184087e-04
    vertex   -1.743407920002939e-02    4.929980933666230e-01   -4.712814930826426e-03
    vertex   -1.580101065337659e-02    4.930900931358338e-01   -5.233895033597946e-03
  endloop
endfacet
facet normal   -2.621644558505841e-01   -9.650219930848564e-01   -1.533281154319387e-03
  outer loop
    vertex   -1.131655834615232e-02    4.923516809940339e-01   -1.991387212361319e-23
    vertex   -1.049845013767482e-02    4.921377897262574e-01   -5.262645892798901e-03
    vertex   -1.046483404934408e-02    4.921202957630158e-01    4.336604629700860e-19
  endloop
endfacet
facet normal   -2.431734326324438e-01   -9.381613657904103e-01   -2.464141501619306e-01
  outer loop
    vertex   -1.049845013767482e-02    4.921377897262574e-01   -5.262645892798901e-03
    vertex   -1.191607024520637e-02    4.924922883510590e-01   -5.213336087763309e-03
    vertex   -1.086227968335153e-02    4.925026893615723e-01   -6.292867008596659e-03
  endloop
endfacet
facet normal    4.937040851529532e-02    1.025821792146018e-01   -9.934985955051050e-01
  outer loop
    vertex   -2.551073953509332e-02    4.941791892051697e-01   -5.224489141255617e-03
    vertex   -2.529658004641534e-02    4.927980899810792e-01   -5.356450099498034e-03
    vertex   -2.759286947548391e-02    4.936951994895936e-01   -5.377931054681540e-03
  endloop
endfacet
facet normal    8.706488300426207e-02    3.717528948377308e-01   -9.242399533277172e-01
  outer loop
    vertex   -2.060627005994322e-02    5.003777742385864e-01   -3.353435080498457e-03
    vertex   -2.312684990465642e-02    4.992494881153107e-01   -4.044703207910061e-03
    vertex   -2.889947034418584e-02    4.998478889465333e-01   -4.347801208496094e-03
  endloop
endfacet
facet normal   -5.240759183822938e-01    2.354680164360465e-01   -8.184737289659512e-01
  outer loop
    vertex   -2.889947034418584e-02    4.998478889465333e-01   -4.347801208496094e-03
    vertex   -2.888673916459085e-02    4.987232089042664e-01   -4.679514095187187e-03
    vertex   -2.947961911559106e-02    4.995000958442689e-01   -4.076384007930756e-03
  endloop
endfacet
facet normal   -5.220410663123216e-01   -8.518155979039703e-01   -4.339714565493780e-02
  outer loop
    vertex    1.769272983074188e-02    4.845564961433411e-01   -3.643255913630128e-03
    vertex    1.662470027804375e-02    4.852347970008851e-01   -4.109460860490799e-03
    vertex    1.739742048084736e-02    4.848460853099824e-01   -5.775031168013811e-03
  endloop
endfacet
facet normal   -3.387255931505792e-01   -9.403522235590837e-01   -3.166493632199005e-02
  outer loop
    vertex    2.023342065513134e-02    4.836508035659791e-01   -3.925175871700048e-03
    vertex    1.769272983074188e-02    4.845564961433411e-01   -3.643255913630128e-03
    vertex    1.930117979645729e-02    4.840553104877472e-01   -5.965449847280979e-03
  endloop
endfacet
facet normal    1.725196473716163e-01   -9.818258851537819e-01   -7.908794163945353e-02
  outer loop
    vertex    3.304753825068474e-02    4.807189106941224e-01   -1.938340952619910e-03
    vertex    3.147475048899651e-02    4.804542958736420e-01   -2.084142062813044e-03
    vertex    3.258007019758224e-02    4.808695912361146e-01   -4.828661214560270e-03
  endloop
endfacet
facet normal    2.072258024214128e-01   -9.733822954628220e-01   -9.789981455717450e-02
  outer loop
    vertex    3.258007019758224e-02    4.808695912361146e-01   -4.828661214560270e-03
    vertex    3.035596944391727e-02    4.807497859001160e-01   -8.345263078808784e-03
    vertex    3.185113146901131e-02    4.811094999313355e-01   -8.756940253078938e-03
  endloop
endfacet
facet normal    8.007218742116533e-01    5.515558671896539e-01    2.337319095195311e-01
  outer loop
    vertex    1.964744925498962e-02    4.973117113113404e-01   -2.768003940582275e-02
    vertex    1.953385025262833e-02    4.969598054885865e-01   -2.646045014262199e-02
    vertex    2.035178989171982e-02    4.953818917274476e-01   -2.553902938961983e-02
  endloop
endfacet
facet normal    9.893208200049430e-01    7.950037166189973e-02   -1.221638490322194e-01
  outer loop
    vertex    1.875793002545833e-02    5.032051801681519e-01   -3.104835934937000e-02
    vertex    1.964744925498962e-02    4.973117113113404e-01   -2.768003940582275e-02
    vertex    1.902795955538749e-02    5.008028745651245e-01   -3.042492084205151e-02
  endloop
endfacet
facet normal    9.650015954476788e-01    7.264758902193992e-02   -2.519806512269024e-01
  outer loop
    vertex    1.964744925498962e-02    4.973117113113404e-01   -2.768003940582275e-02
    vertex    2.035178989171982e-02    4.953818917274476e-01   -2.553902938961983e-02
    vertex    1.861847937107086e-02    4.969497025012971e-01   -3.172501921653748e-02
  endloop
endfacet
facet normal   -6.053580617140175e-01    4.808354709689001e-01    6.343018736973460e-01
  outer loop
    vertex    1.682223938405514e-02    4.882324039936066e-01   -2.083470026263967e-04
    vertex    2.273152954876423e-02    4.957853853702546e-01   -2.942759892903268e-04
    vertex    2.211008034646511e-02    4.956839978694916e-01   -8.105105953291059e-04
  endloop
endfacet
facet normal   -9.185341696736671e-01   -1.201818638413934e-01    3.766315158686481e-01
  outer loop
    vertex    1.630781963467598e-02    4.848926067352295e-01   -1.144347988883965e-04
    vertex    1.608262956142426e-02    4.868248105049134e-01   -4.707168045570143e-05
    vertex    1.579000055789948e-02    4.865832030773163e-01   -8.378354832530022e-04
  endloop
endfacet
facet normal   -9.020997017188637e-01    3.709433574773750e-01    2.204929788046537e-01
  outer loop
    vertex    1.579000055789948e-02    4.865832030773163e-01   -8.378354832530022e-04
    vertex    1.608262956142426e-02    4.868248105049134e-01   -4.707168045570143e-05
    vertex    1.641473919153214e-02    4.883004128932953e-01   -1.170775969512761e-03
  endloop
endfacet
facet normal    8.548373858588498e-01    5.105774163198834e-01    9.254050833078624e-02
  outer loop
    vertex    1.812844909727573e-02    4.967845976352692e-01   -2.128447033464909e-02
    vertex    1.758801937103271e-02    4.977588057518006e-01   -2.166732028126717e-02
    vertex    1.767911016941071e-02    4.973764121532441e-01   -2.039897069334984e-02
  endloop
endfacet
facet normal   -1.480601167494621e-01   -9.805787609924378e-01   -1.286215196562028e-01
  outer loop
    vertex    2.384150959551334e-02    4.916464984416962e-01   -2.288117073476315e-02
    vertex    2.292479015886784e-02    4.917865991592408e-01   -2.289400063455105e-02
    vertex    2.330460958182812e-02    4.918262958526612e-01   -2.363386005163193e-02
  endloop
endfacet
facet normal    5.060627207659227e-01    8.599014314887908e-01   -6.685843831948275e-02
  outer loop
    vertex    2.392143942415714e-02    4.926823973655701e-01   -2.314355969429016e-02
    vertex    2.143383026123047e-02    4.938494861125947e-01   -2.696214988827705e-02
    vertex    2.254764921963215e-02    4.934644103050232e-01   -2.348412945866585e-02
  endloop
endfacet
facet normal   -2.251933257121075e-01   -8.903712366868167e-01   -3.956349667755736e-01
  outer loop
    vertex    7.207555230706929e-03    4.910989105701447e-01   -1.089129969477654e-02
    vertex    8.902849629521368e-03    4.917649030685425e-01   -1.335505954921246e-02
    vertex    9.304986335337160e-03    4.913513064384461e-01   -1.265315990895033e-02
  endloop
endfacet
facet normal   -3.324135789453934e-01   -7.499563834102373e-01   -5.718973994651068e-01
  outer loop
    vertex    9.304986335337160e-03    4.913513064384461e-01   -1.265315990895033e-02
    vertex    1.815336011350155e-02    4.932180047035218e-01   -2.024414017796516e-02
    vertex    1.076970994472503e-02    4.910225868225098e-01   -1.307346019893885e-02
  endloop
endfacet
facet normal   -4.582376423606573e-01   -8.196418996431025e-01   -3.438101503347343e-01
  outer loop
    vertex    8.134283125400541e-03    4.907208979129792e-01   -1.040021982043982e-02
    vertex    9.242754429578779e-03    4.904789030551911e-01   -1.130069978535175e-02
    vertex    1.387559995055198e-02    4.875021874904633e-01   -1.037898007780313e-02
  endloop
endfacet
facet normal   -3.804467126591224e-01   -6.956962146766008e-01   -6.093168926851742e-01
  outer loop
    vertex    1.076970994472503e-02    4.910225868225098e-01   -1.307346019893885e-02
    vertex    1.590980961918831e-02    4.907698929309846e-01   -1.599433086812496e-02
    vertex    1.592696085572243e-02    4.876484870910645e-01   -1.244113035500050e-02
  endloop
endfacet
facet normal   -2.742660434040126e-01   -9.135447425577017e-01   -3.003566892557761e-01
  outer loop
    vertex    1.387559995055198e-02    4.875021874904633e-01   -1.037898007780313e-02
    vertex    1.429308019578457e-02    4.876748025417328e-01   -1.128521002829075e-02
    vertex    1.457033026963472e-02    4.873074889183045e-01   -1.042118016630411e-02
  endloop
endfacet
facet normal    3.663856425486036e-03   -8.705434602407105e-01   -4.920779003249624e-01
  outer loop
    vertex    1.211558002978563e-02    4.949280023574830e-01   -3.021793998777866e-02
    vertex    1.315306033939123e-02    4.950887858867646e-01   -3.049466013908386e-02
    vertex    3.129160031676292e-03    4.908626973628998e-01   -2.309284918010235e-02
  endloop
endfacet
facet normal    2.862388187875526e-01   -9.509752859381221e-01   -1.171039886340921e-01
  outer loop
    vertex    1.015278045088053e-02    4.929035902023316e-01   -2.380385994911194e-02
    vertex    1.360596995800733e-02    4.937027990818024e-01   -2.185337990522385e-02
    vertex    4.275871906429528e-03    4.910435974597931e-01   -2.306427992880344e-02
  endloop
endfacet
facet normal   -1.994776979786494e-01   -8.001782987750954e-01   -5.656176607731878e-01
  outer loop
    vertex    2.356538921594620e-02    4.891541004180909e-01   -1.811546087265015e-02
    vertex    2.139504998922348e-02    4.888364970684052e-01   -1.690072938799858e-02
    vertex    2.285463921725750e-02    4.899775981903077e-01   -1.902979984879494e-02
  endloop
endfacet
facet normal    4.650399294823404e-02   -9.869617294831401e-01   -1.540906329908469e-01
  outer loop
    vertex    1.733166910707951e-02    4.946511983871461e-01   -2.430123090744019e-02
    vertex    1.570427045226097e-02    4.941953122615815e-01   -2.187239006161690e-02
    vertex    1.580023951828480e-02    4.954557120800019e-01   -2.991637960076332e-02
  endloop
endfacet
facet normal   -5.846136209725725e-01   -8.099898284800477e-01   -4.629678101337194e-02
  outer loop
    vertex    1.871694996953011e-02    4.939666092395783e-01   -2.981659956276417e-02
    vertex    1.733166910707951e-02    4.946511983871461e-01   -2.430123090744019e-02
    vertex    1.671002991497517e-02    4.955281019210816e-01   -3.179341927170753e-02
  endloop
endfacet
facet normal   -2.364935202370430e-01   -9.597271323196018e-01   -1.516398574764721e-01
  outer loop
    vertex    1.671002991497517e-02    4.955281019210816e-01   -3.179341927170753e-02
    vertex    1.580023951828480e-02    4.954557120800019e-01   -2.991637960076332e-02
    vertex    1.538849994540214e-02    4.959366023540497e-01   -3.231779113411903e-02
  endloop
endfacet
facet normal   -4.666432923586288e-01   -8.376973652199707e-01   -2.837378402684743e-01
  outer loop
    vertex    1.822873950004578e-02    4.941537082195283e-01   -2.215931005775928e-02
    vertex    2.292479015886784e-02    4.917865991592408e-01   -2.289400063455105e-02
    vertex    2.260391041636467e-02    4.914836883544922e-01   -2.147196978330612e-02
  endloop
endfacet
facet normal   -4.696102907927117e-01   -8.828341397803628e-01   -8.369971317238684e-03
  outer loop
    vertex    1.822873950004578e-02    4.941537082195283e-01   -2.215931005775928e-02
    vertex    1.733166910707951e-02    4.946511983871461e-01   -2.430123090744019e-02
    vertex    1.871694996953011e-02    4.939666092395783e-01   -2.981659956276417e-02
  endloop
endfacet
facet normal   -5.774848401796762e-01   -7.448908671835350e-01   -3.341389761000876e-01
  outer loop
    vertex   -3.067575022578241e-02    4.953331947326661e-01   -4.145098850131035e-03
    vertex   -2.670069038867952e-02    4.924528002738953e-01   -4.593885969370604e-03
    vertex   -2.746783941984178e-02    4.927476048469544e-01   -3.925242926925421e-03
  endloop
endfacet
facet normal    3.231926542991383e-01    9.459142684740312e-01    2.815501561562343e-02
  outer loop
    vertex    9.932681918144226e-03    5.022953748703003e-01   -9.904515929520130e-03
    vertex    1.167092006653547e-02    5.017712712287903e-01   -1.224969979375601e-02
    vertex    1.081219967454672e-02    5.020666122436523e-01   -1.231488026678562e-02
  endloop
endfacet
facet normal   -5.533463125377609e-01    8.144684651321105e-01   -1.744963544209640e-01
  outer loop
    vertex    9.932681918144226e-03    5.022953748703003e-01   -9.904515929520130e-03
    vertex    9.182061068713663e-03    5.010272264480591e-01   -1.344334986060858e-02
    vertex    4.194717854261397e-03    4.977236092090607e-01   -1.304772030562162e-02
  endloop
endfacet
facet normal   -5.082642992648132e-01    7.138752217025006e-01   -4.817152373882874e-01
  outer loop
    vertex    2.244235947728156e-03    4.975151121616364e-01   -1.054887007921934e-02
    vertex    3.534789895638823e-03    4.976029098033906e-01   -1.178043987601995e-02
    vertex    1.349269994534551e-03    4.960078895092011e-01   -1.183819957077503e-02
  endloop
endfacet
facet normal    6.310645844867478e-02    9.967887039276795e-01   -4.929355560560206e-02
  outer loop
    vertex    4.087751265615224e-03    5.014790892601013e-01   -1.636118918021654e-20
    vertex    3.543520113453268e-03    5.014966726303101e-01   -3.411723009776324e-04
    vertex    3.749761264771222e-03    5.015004873275757e-01   -2.861964609401798e-23
  endloop
endfacet
facet normal   -1.584475836569564e-01    9.695347456290068e-01   -1.868066922017757e-01
  outer loop
    vertex    6.229158025234937e-03    5.015122890472412e-01   -4.092171788215637e-03
    vertex    6.253466010093688e-03    5.011928081512451e-01   -5.770909134298563e-03
    vertex    3.332153894007205e-03    5.010182857513428e-01   -4.198859911412001e-03
  endloop
endfacet
facet normal    6.818584681222589e-01    7.296316645266707e-01    5.202560494608645e-02
  outer loop
    vertex    3.496988117694855e-02    4.931603968143464e-01   -4.985891864635050e-04
    vertex    3.488381206989288e-02    4.932052791118622e-01   -4.660983985034884e-23
    vertex    3.493678197264671e-02    4.931557774543763e-01    1.625836854253676e-19
  endloop
endfacet
facet normal   -9.222990563883093e-01   -3.857928901140492e-01    2.298470192722154e-02
  outer loop
    vertex    1.625225506722927e-02    4.850322604179383e-01   -3.426693170741160e-21
    vertex    1.630781963467598e-02    4.848926067352295e-01   -1.144347988883965e-04
    vertex    1.629915274679661e-02    4.849201440811158e-01   -3.587106305871422e-23
  endloop
endfacet
facet normal   -5.326883698890877e-01    6.884521566200487e-01    4.922161401560399e-01
  outer loop
    vertex   -2.786166407167913e-02    5.035236477851868e-01   -1.035361093131395e-23
    vertex   -2.785350941121580e-02    5.035787224769592e-01   -6.820661656092852e-05
    vertex   -2.788862586021425e-02    5.035027861595154e-01   -1.033803159655256e-23
  endloop
endfacet
facet normal    1.387500976080689e-01   -9.902829897607880e-01    9.381396707653828e-03
  outer loop
    vertex   -2.114520408213140e-02    4.924739599227906e-01   -4.638620110342640e-21
    vertex   -2.108112908899785e-02    4.924815893173218e-01   -1.423190988134593e-04
    vertex   -2.099226973950864e-02    4.924953877925873e-01   -1.432295419891600e-23
  endloop
endfacet
facet normal   -4.268403536878969e-01   -9.042227466579346e-01    1.373087360556971e-02
  outer loop
    vertex   -3.178321989253164e-03    4.885900914669037e-01   -2.999621909111738e-03
    vertex   -2.834660466760398e-03    4.884734153747559e-01   -2.481496858596700e-23
    vertex   -4.787885583937169e-03    4.893954396247864e-01   -2.368633619165624e-23
  endloop
endfacet
facet normal    9.552426939347366e-01    2.818041336303681e-01   -8.998792115136643e-02
  outer loop
    vertex    3.548073023557663e-02    4.924652874469758e-01   -6.405448220903054e-05
    vertex    3.481208905577660e-02    4.922001957893372e-01   -7.991991005837917e-03
    vertex    3.465636819601059e-02    4.928367137908936e-01   -7.651698775589466e-03
  endloop
endfacet
facet normal    8.038306156831460e-01   -2.255347509359740e-02   -5.944305527575587e-01
  outer loop
    vertex    3.221730142831802e-02    4.926210939884186e-01   -1.211795024573803e-02
    vertex    3.373907878994942e-02    4.908235073089600e-01   -9.991893544793129e-03
    vertex    3.074136935174465e-02    4.842798113822938e-01   -1.379732973873615e-02
  endloop
endfacet
facet normal    7.128656457646352e-01    1.502625576383560e-02   -7.011396314046794e-01
  outer loop
    vertex    3.221730142831802e-02    4.926210939884186e-01   -1.211795024573803e-02
    vertex    3.074136935174465e-02    4.842798113822938e-01   -1.379732973873615e-02
    vertex    3.018726967275143e-02    4.856370091438294e-01   -1.433160994201899e-02
  endloop
endfacet
facet normal    6.336962943399321e-01   -4.529156383577123e-02   -7.722549325094326e-01
  outer loop
    vertex    3.018726967275143e-02    4.856370091438294e-01   -1.433160994201899e-02
    vertex    3.074136935174465e-02    4.842798113822938e-01   -1.379732973873615e-02
    vertex    2.991735935211182e-02    4.833143055438996e-01   -1.441686972975731e-02
  endloop
endfacet
facet normal    6.025188269429835e-01   -3.289794383450039e-01   -7.271475725913253e-01
  outer loop
    vertex    2.485728077590466e-02    4.900462925434113e-01   -1.794767007231712e-02
    vertex    2.629444003105164e-02    4.899739921092988e-01   -1.672412082552910e-02
    vertex    2.490014955401421e-02    4.889337122440339e-01   -1.740879006683826e-02
  endloop
endfacet
facet normal    3.792451261200301e-01   -3.914704144575700e-01   -8.384056589256903e-01
  outer loop
    vertex    2.485728077590466e-02    4.900462925434113e-01   -1.794767007231712e-02
    vertex    2.490014955401421e-02    4.889337122440339e-01   -1.740879006683826e-02
    vertex    2.356538921594620e-02    4.891541004180909e-01   -1.811546087265015e-02
  endloop
endfacet
facet normal    3.671548036350260e-01    9.207245994817044e-01    1.321497713845181e-01
  outer loop
    vertex    3.233578801155090e-02    4.945974349975586e-01   -4.513751468498492e-23
    vertex    2.920280024409294e-02    4.960317909717560e-01   -1.289107953198254e-03
    vertex    2.702630870044231e-02    4.967146813869477e-01   -4.206953737150363e-23
  endloop
endfacet
facet normal    3.463579884486060e-01    9.029646922624828e-01    2.543440747592821e-01
  outer loop
    vertex    2.450810931622982e-02    4.977527856826783e-01   -1.005845027975738e-03
    vertex    2.920280024409294e-02    4.960317909717560e-01   -1.289107953198254e-03
    vertex    2.234397083520889e-02    4.992547035217286e-01   -3.390850964933634e-03
  endloop
endfacet
facet normal    3.887016643950565e-01    9.094169680475379e-01    1.478911570166935e-01
  outer loop
    vertex    2.920280024409294e-02    4.960317909717560e-01   -1.289107953198254e-03
    vertex    3.008417971432209e-02    4.958761930465699e-01   -2.648825990036130e-03
    vertex    2.309912070631981e-02    4.992072880268097e-01   -4.773701075464487e-03
  endloop
endfacet
facet normal    3.986440497377042e-01    9.097703736470329e-01    1.157617762599598e-01
  outer loop
    vertex    2.309912070631981e-02    4.992072880268097e-01   -4.773701075464487e-03
    vertex    3.008417971432209e-02    4.958761930465699e-01   -2.648825990036130e-03
    vertex    2.465412952005863e-02    4.985885918140412e-01   -5.266294814646244e-03
  endloop
endfacet
facet normal    7.804418220234138e-01    6.248633878271389e-01    2.136139016929340e-02
  outer loop
    vertex    2.689315006136894e-02    5.012807846069336e-01   -1.358698960393667e-02
    vertex    2.898875065147877e-02    4.986382126808167e-01   -1.284957956522703e-02
    vertex    2.949411049485207e-02    4.980319142341614e-01   -1.357754040509462e-02
  endloop
endfacet
facet normal   -1.311662452919253e-01   -8.969287587189019e-01   -4.222726818999642e-01
  outer loop
    vertex    2.292479015886784e-02    4.917865991592408e-01   -2.289400063455105e-02
    vertex    2.384150959551334e-02    4.916464984416962e-01   -2.288117073476315e-02
    vertex    2.285463921725750e-02    4.899775981903077e-01   -1.902979984879494e-02
  endloop
endfacet
facet normal   -3.412005143948101e-01   -8.274531459852056e-01   -4.459859865241317e-01
  outer loop
    vertex    2.285463921725750e-02    4.899775981903077e-01   -1.902979984879494e-02
    vertex    2.384150959551334e-02    4.916464984416962e-01   -2.288117073476315e-02
    vertex    2.406040020287037e-02    4.898903071880341e-01   -1.979031041264534e-02
  endloop
endfacet
facet normal   -4.409774181386112e-02    9.956950558550010e-01    8.152757148857488e-02
  outer loop
    vertex    2.111697010695934e-02    5.018900036811829e-01   -1.123376004397869e-02
    vertex    2.296027913689613e-02    5.020449161529541e-01   -1.212866976857185e-02
    vertex    2.426419034600258e-02    5.022794008255005e-01   -1.428715046495199e-02
  endloop
endfacet
facet normal   -3.628925295276251e-01    9.242248955658129e-01   -1.188164737290415e-01
  outer loop
    vertex    2.426419034600258e-02    5.022794008255005e-01   -1.428715046495199e-02
    vertex    2.296027913689613e-02    5.020449161529541e-01   -1.212866976857185e-02
    vertex    2.519199997186660e-02    5.026494860649109e-01   -1.424214988946915e-02
  endloop
endfacet
facet normal    7.850372280529916e-01    2.472132764498636e-01   -5.679807624539749e-01
  outer loop
    vertex    1.817500032484531e-02    4.963194131851197e-01   -3.261230885982513e-02
    vertex    1.861847937107086e-02    4.969497025012971e-01   -3.172501921653748e-02
    vertex    1.908094994723797e-02    4.959507882595063e-01   -3.152059018611908e-02
  endloop
endfacet
facet normal   -5.803589365276717e-03   -8.553155943238793e-01   -5.180748521756953e-01
  outer loop
    vertex    1.871694996953011e-02    4.939666092395783e-01   -2.981659956276417e-02
    vertex    1.748480089008808e-02    4.954187870025635e-01   -3.220026940107346e-02
    vertex    2.117327041924000e-02    4.929541945457459e-01   -2.817266993224621e-02
  endloop
endfacet
facet normal    9.888462358497186e-01    8.931528086530613e-02    1.191885164342353e-01
  outer loop
    vertex    1.758801937103271e-02    4.977588057518006e-01   -2.166732028126717e-02
    vertex    1.709597930312156e-02    5.014250278472900e-01   -2.033244073390961e-02
    vertex    1.697479933500290e-02    5.006666183471680e-01   -1.875874958932400e-02
  endloop
endfacet
facet normal    9.771927805707451e-01    2.122640199072736e-01   -6.185099289435312e-03
  outer loop
    vertex    1.758801937103271e-02    4.977588057518006e-01   -2.166732028126717e-02
    vertex    1.697479933500290e-02    5.006666183471680e-01   -1.875874958932400e-02
    vertex    1.767911016941071e-02    4.973764121532441e-01   -2.039897069334984e-02
  endloop
endfacet
facet normal    9.355089094752931e-01    3.531719707496149e-01    9.624934762414489e-03
  outer loop
    vertex    1.812292076647282e-02    4.964247047901154e-01   -2.470505051314831e-02
    vertex    1.759679056704044e-02    4.978316128253937e-01   -2.519139088690281e-02
    vertex    1.758801937103271e-02    4.977588057518006e-01   -2.166732028126717e-02
  endloop
endfacet
facet normal   -8.779724947139220e-03    8.599478252113013e-01    5.103064318076010e-01
  outer loop
    vertex    1.576446928083896e-02    5.011128783226013e-01   -1.889522932469845e-02
    vertex    1.404787972569465e-02    4.989748895168305e-01   -1.532191038131714e-02
    vertex    1.661645062267780e-02    5.005425810813904e-01   -1.791952922940254e-02
  endloop
endfacet
facet normal    5.512103611525553e-01    7.585656045345788e-01    3.474843325607050e-01
  outer loop
    vertex    1.697479933500290e-02    5.006666183471680e-01   -1.875874958932400e-02
    vertex    1.661645062267780e-02    5.005425810813904e-01   -1.791952922940254e-02
    vertex    1.932347938418388e-02    4.981960952281952e-01   -1.709122955799103e-02
  endloop
endfacet
facet normal   -8.492428611652266e-01    4.723959171626189e-01    2.358572877991852e-01
  outer loop
    vertex    2.019830048084259e-02    4.990080893039704e-01   -9.743021801114082e-03
    vertex    2.000519074499607e-02    4.980219900608063e-01   -8.463297970592976e-03
    vertex    2.172631025314331e-02    4.983659088611603e-01   -2.954955911263824e-03
  endloop
endfacet
facet normal   -8.373229666411670e-01    4.935414670575267e-01    2.351745518331845e-01
  outer loop
    vertex    2.076824009418487e-02    5.001283884048462e-01   -1.006487011909485e-02
    vertex    2.019830048084259e-02    4.990080893039704e-01   -9.743021801114082e-03
    vertex    2.172631025314331e-02    4.983659088611603e-01   -2.954955911263824e-03
  endloop
endfacet
facet normal   -3.496889518377656e-01    5.510018632887494e-01    7.577034932049154e-01
  outer loop
    vertex    2.111697010695934e-02    5.018900036811829e-01   -1.123376004397869e-02
    vertex    1.984854973852634e-02    5.003198981285095e-01   -1.067737024277449e-02
    vertex    2.119481004774570e-02    5.008066892623901e-01   -1.041004993021488e-02
  endloop
endfacet
facet normal    5.167449893770244e-01    8.549639013691901e-01    4.484800228898317e-02
  outer loop
    vertex    1.472197007387876e-02    4.983546137809754e-01   -1.369883026927710e-02
    vertex    1.449606008827686e-02    4.984273910522461e-01   -1.248325966298580e-02
    vertex    1.560973003506660e-02    4.977472126483918e-01   -1.234847959131002e-02
  endloop
endfacet
facet normal    4.915367017781092e-02    6.514480001116147e-01   -7.570993460957608e-01
  outer loop
    vertex   -2.060627005994322e-02    5.003777742385864e-01   -3.353435080498457e-03
    vertex   -2.889947034418584e-02    4.998478889465333e-01   -4.347801208496094e-03
    vertex   -2.776183001697065e-02    5.005807876586914e-01   -3.643316915258765e-03
  endloop
endfacet
facet normal   -2.857739915588875e-01    6.670532076107176e-01   -6.880212525531124e-01
  outer loop
    vertex   -6.908860057592407e-03    4.974772930145264e-01   -6.052542012184858e-03
    vertex   -8.676703087985531e-03    4.968025982379914e-01   -5.972390063107014e-03
    vertex   -8.733911439776436e-03    4.979532063007355e-01   -4.833085928112268e-03
  endloop
endfacet
facet normal   -1.558120462008912e-01    8.186874208705051e-01   -5.526965832779248e-01
  outer loop
    vertex   -6.908860057592407e-03    4.974772930145264e-01   -6.052542012184858e-03
    vertex   -8.733911439776436e-03    4.979532063007355e-01   -4.833085928112268e-03
    vertex   -7.091029081493631e-03    4.979932904243470e-01   -5.236859899014235e-03
  endloop
endfacet
facet normal   -2.375006534265026e-02    5.596290040898109e-01   -8.284028682818922e-01
  outer loop
    vertex   -1.057863980531694e-02    4.980314970016480e-01   -4.600062035024166e-03
    vertex   -1.058403030037882e-02    4.966424107551575e-01   -5.538307130336761e-03
    vertex   -1.630128920078279e-02    4.992032051086426e-01   -3.644445911049843e-03
  endloop
endfacet
facet normal   -4.323619000236390e-01    3.139035050074650e-01   -8.452974488024776e-01
  outer loop
    vertex   -8.705861982889482e-04    4.952344894409180e-01   -1.075438968837261e-02
    vertex   -8.859396912157551e-03    4.934329092502595e-01   -7.337207905948162e-03
    vertex   -8.229734376072899e-03    4.959306120872498e-01   -6.731745786964893e-03
  endloop
endfacet
facet normal   -3.530512332922224e-01    3.058706344667562e-01   -8.841934073729258e-01
  outer loop
    vertex   -8.859396912157551e-03    4.934329092502595e-01   -7.337207905948162e-03
    vertex   -1.105097960680725e-02    4.930734038352967e-01   -6.586491130292416e-03
    vertex   -1.058403030037882e-02    4.966424107551575e-01   -5.538307130336761e-03
  endloop
endfacet
facet normal   -3.795776290085315e-01    6.778635042089601e-01   -6.296204358324233e-01
  outer loop
    vertex    1.349269994534551e-03    4.960078895092011e-01   -1.183819957077503e-02
    vertex   -5.357275949791082e-04    4.962230026721955e-01   -1.047020033001900e-02
    vertex    1.522475067758924e-04    4.969117939472199e-01   -1.014338992536068e-02
  endloop
endfacet
facet normal   -3.985967802650916e-01    4.775405597994817e-01   -7.829914562169243e-01
  outer loop
    vertex   -5.357275949791082e-04    4.962230026721955e-01   -1.047020033001900e-02
    vertex   -8.229734376072899e-03    4.959306120872498e-01   -6.731745786964893e-03
    vertex   -8.676703087985531e-03    4.968025982379914e-01   -5.972390063107014e-03
  endloop
endfacet
facet normal   -3.033485114592182e-01    7.207978076523903e-01   -6.232416875330021e-01
  outer loop
    vertex    1.522475067758924e-04    4.969117939472199e-01   -1.014338992536068e-02
    vertex   -8.676703087985531e-03    4.968025982379914e-01   -5.972390063107014e-03
    vertex   -6.908860057592407e-03    4.974772930145264e-01   -6.052542012184858e-03
  endloop
endfacet
facet normal   -3.349182194580128e-01    7.782860035142337e-01    5.311315119712976e-01
  outer loop
    vertex    1.613209024071693e-02    5.021451115608215e-01   -2.044365927577019e-02
    vertex    1.766574941575527e-02    5.060175061225891e-01   -2.515093050897121e-02
    vertex    1.437999960035086e-02    5.008854866027832e-01   -1.970271021127701e-02
  endloop
endfacet
facet normal   -4.287470044623866e-01    7.722406321824282e-01    4.688500956286709e-01
  outer loop
    vertex    1.437999960035086e-02    5.008854866027832e-01   -1.970271021127701e-02
    vertex    1.766574941575527e-02    5.060175061225891e-01   -2.515093050897121e-02
    vertex    1.103390008211136e-02    5.007879137992859e-01   -2.260188944637775e-02
  endloop
endfacet
facet normal   -1.765300857037682e-02    7.471371937476423e-01    6.644353881359061e-01
  outer loop
    vertex    1.697479933500290e-02    5.006666183471680e-01   -1.875874958932400e-02
    vertex    1.680227927863598e-02    5.021786093711853e-01   -2.046352066099644e-02
    vertex    1.613209024071693e-02    5.021451115608215e-01   -2.044365927577019e-02
  endloop
endfacet
facet normal   -5.761693830818079e-01   -8.148025700195529e-01    6.423094183226913e-02
  outer loop
    vertex    1.525210030376911e-02    4.869354069232941e-01   -9.025565348565578e-03
    vertex    1.457033026963472e-02    4.873074889183045e-01   -1.042118016630411e-02
    vertex    1.549820043146610e-02    4.866111874580384e-01   -1.093086972832680e-02
  endloop
endfacet
facet normal   -8.139916304023300e-01   -5.802699971131090e-01    2.653970770956385e-02
  outer loop
    vertex    1.596603915095329e-02    4.861527979373932e-01   -4.239690024405718e-03
    vertex    1.525210030376911e-02    4.869354069232941e-01   -9.025565348565578e-03
    vertex    1.662470027804375e-02    4.852347970008851e-01   -4.109460860490799e-03
  endloop
endfacet
facet normal   -1.738410485573147e-01   -8.345287115168134e-01   -5.228203510677263e-01
  outer loop
    vertex   -2.058661077171565e-03    4.882166981697083e-01   -3.201564075425267e-03
    vertex   -8.124276064336316e-03    4.918369054794312e-01   -6.963303778320551e-03
    vertex   -6.222113966941848e-03    4.912630021572114e-01   -6.679716985672712e-03
  endloop
endfacet
facet normal   -2.233601980794389e-01   -9.112698120007198e-01   -3.459733395076660e-01
  outer loop
    vertex   -6.222113966941848e-03    4.912630021572114e-01   -6.679716985672712e-03
    vertex   -8.124276064336316e-03    4.918369054794312e-01   -6.963303778320551e-03
    vertex   -5.544537212699666e-03    4.916462898254395e-01   -8.126713335514069e-03
  endloop
endfacet
facet normal    8.737282918122879e-02   -9.210748976199729e-01   -3.794562184168608e-01
  outer loop
    vertex   -8.140801801346251e-04    4.881578087806702e-01   -2.772043924778700e-03
    vertex   -2.058661077171565e-03    4.882166981697083e-01   -3.201564075425267e-03
    vertex    2.803455106914043e-03    4.906629920005799e-01   -8.020046167075634e-03
  endloop
endfacet
facet normal    3.533491015319720e-01   -9.152916352033108e-01   -1.933536525990590e-01
  outer loop
    vertex   -8.140801801346251e-04    4.881578087806702e-01   -2.772043924778700e-03
    vertex    2.803455106914043e-03    4.906629920005799e-01   -8.020046167075634e-03
    vertex    4.510230850428342e-03    4.913957118988038e-01   -8.369482122361660e-03
  endloop
endfacet
facet normal    4.231083968276393e-01   -8.770213033386692e-01    2.276245110353603e-01
  outer loop
    vertex    4.510230850428342e-03    4.913957118988038e-01   -8.369482122361660e-03
    vertex    2.803455106914043e-03    4.906629920005799e-01   -8.020046167075634e-03
    vertex    4.520855844020843e-03    4.912342131137848e-01   -9.011475369334221e-03
  endloop
endfacet
facet normal    5.479282041293119e-02   -9.984872970609366e-01   -4.567760845452284e-03
  outer loop
    vertex   -2.200640924274923e-02    4.927507936954499e-01   -5.502102896571159e-03
    vertex   -1.580101065337659e-02    4.930900931358338e-01   -5.233895033597946e-03
    vertex   -1.743407920002939e-02    4.929980933666230e-01   -4.712814930826426e-03
  endloop
endfacet
facet normal    1.263449985668398e-01   -9.919222507519163e-01   -1.127784555656331e-02
  outer loop
    vertex   -2.345325984060766e-02    4.922339916229249e-01   -4.940149839967489e-03
    vertex   -1.743407920002939e-02    4.929980933666230e-01   -4.712814930826426e-03
    vertex   -2.108112908899785e-02    4.924815893173218e-01   -1.423190988134593e-04
  endloop
endfacet
facet normal   -1.517291458935617e-01   -9.875037482761390e-01   -4.259827962472740e-02
  outer loop
    vertex   -1.580101065337659e-02    4.930900931358338e-01   -5.233895033597946e-03
    vertex   -1.191607024520637e-02    4.924922883510590e-01   -5.213336087763309e-03
    vertex   -1.482290960848333e-02    4.929148852825165e-01   -4.656125791370869e-03
  endloop
endfacet
facet normal   -1.653180045882658e-01   -9.860542944609475e-01   -1.915426151218899e-02
  outer loop
    vertex   -1.580101065337659e-02    4.930900931358338e-01   -5.233895033597946e-03
    vertex   -1.482290960848333e-02    4.929148852825165e-01   -4.656125791370869e-03
    vertex   -1.585208065807821e-02    4.930106997489930e-01   -7.059741183184087e-04
  endloop
endfacet
facet normal    3.244874849963181e-01   -9.456288715932548e-01    2.222407005999916e-02
  outer loop
    vertex   -8.140801801346251e-04    4.881578087806702e-01   -2.772043924778700e-03
    vertex   -5.630831001326450e-04    4.883090853691102e-01   -2.612755451374037e-23
    vertex   -1.208035741001368e-03    4.880877733230591e-01   -1.084459721299723e-19
  endloop
endfacet
facet normal   -2.605948703419028e-01   -8.704883314433902e-01   -4.175408703018057e-01
  outer loop
    vertex   -2.058661077171565e-03    4.882166981697083e-01   -3.201564075425267e-03
    vertex   -8.479955606162564e-03    4.912446141242982e-01   -5.506509914994240e-03
    vertex   -8.124276064336316e-03    4.918369054794312e-01   -6.963303778320551e-03
  endloop
endfacet
facet normal    8.994234491826074e-01    2.811718259254249e-01   -3.346339244102783e-01
  outer loop
    vertex    2.330460958182812e-02    4.918262958526612e-01   -2.363386005163193e-02
    vertex    1.908094994723797e-02    4.959507882595063e-01   -3.152059018611908e-02
    vertex    2.143383026123047e-02    4.938494861125947e-01   -2.696214988827705e-02
  endloop
endfacet
facet normal   -1.608939023413583e-01   -9.776877520923577e-01   -1.350548466289235e-01
  outer loop
    vertex    2.140891924500465e-02    4.925763905048371e-01   -2.680555917322636e-02
    vertex    2.330460958182812e-02    4.918262958526612e-01   -2.363386005163193e-02
    vertex    2.292479015886784e-02    4.917865991592408e-01   -2.289400063455105e-02
  endloop
endfacet
facet normal   -5.652458485484744e-01   -8.107441636117744e-01    1.522860199366960e-01
  outer loop
    vertex    1.630781963467598e-02    4.848926067352295e-01   -1.144347988883965e-04
    vertex    1.636134833097458e-02    4.848767817020417e-01   -3.590700154346057e-23
    vertex    1.629915274679661e-02    4.849201440811158e-01   -3.587106305871422e-23
  endloop
endfacet
facet normal   -1.842228806917867e-01   -9.774875224555652e-01   -1.028594850915595e-01
  outer loop
    vertex    2.812005020678043e-02    4.812223911285401e-01   -3.375136060640216e-03
    vertex    3.147475048899651e-02    4.804542958736420e-01   -2.084142062813044e-03
    vertex    2.858687937259674e-02    4.809719026088715e-01   -1.830808003433049e-03
  endloop
endfacet
facet normal   -2.848752830505598e-01   -9.514950411487405e-01   -1.162035273828631e-01
  outer loop
    vertex    2.023342065513134e-02    4.836508035659791e-01   -3.925175871700048e-03
    vertex    2.812005020678043e-02    4.812223911285401e-01   -3.375136060640216e-03
    vertex    2.364232018589973e-02    4.823034107685090e-01   -1.249470980837941e-03
  endloop
endfacet
facet normal   -2.837315960628972e-01   -9.516481561116045e-01   -1.177377100379668e-01
  outer loop
    vertex    2.023342065513134e-02    4.836508035659791e-01   -3.925175871700048e-03
    vertex    2.364232018589973e-02    4.823034107685090e-01   -1.249470980837941e-03
    vertex    1.783631928265095e-02    4.839265048503876e-01   -3.769262984860688e-04
  endloop
endfacet
facet normal   -4.970196618714104e-01   -8.603351847663416e-01   -1.131142146960041e-01
  outer loop
    vertex    1.662470027804375e-02    4.852347970008851e-01   -4.109460860490799e-03
    vertex    1.769272983074188e-02    4.845564961433411e-01   -3.643255913630128e-03
    vertex    1.630781963467598e-02    4.848926067352295e-01   -1.144347988883965e-04
  endloop
endfacet
facet normal    2.077248033403621e-01   -9.772673065205539e-01   -4.241482857762410e-02
  outer loop
    vertex    5.902219098061322e-03    4.912717044353486e-01   -1.183431968092918e-02
    vertex    9.383608121424905e-04    4.902811050415040e-01   -1.332050003111362e-02
    vertex    4.192729014903306e-03    4.910021126270295e-01   -1.399489026516676e-02
  endloop
endfacet
facet normal    1.691905704825676e-01   -9.815439501305299e-01    8.914047802171061e-02
  outer loop
    vertex    3.787230933085083e-03    4.910160899162293e-01   -1.063464954495430e-02
    vertex    9.383608121424905e-04    4.902811050415040e-01   -1.332050003111362e-02
    vertex    5.902219098061322e-03    4.912717044353486e-01   -1.183431968092918e-02
  endloop
endfacet
facet normal    2.179926680096846e-01   -9.728971258689180e-01   -7.713870085772923e-02
  outer loop
    vertex    7.842851802706717e-03    4.917989075183869e-01   -1.386442966759205e-02
    vertex    1.071397028863430e-02    4.928036928176880e-01   -1.842335984110832e-02
    vertex    1.570427045226097e-02    4.941953122615815e-01   -2.187239006161690e-02
  endloop
endfacet
facet normal    7.494359288424142e-02   -9.724187060737347e-01   -2.208739866156377e-01
  outer loop
    vertex    8.902849629521368e-03    4.917649030685425e-01   -1.335505954921246e-02
    vertex    7.842851802706717e-03    4.917989075183869e-01   -1.386442966759205e-02
    vertex    1.488971989601850e-02    4.934935867786408e-01   -1.893438026309013e-02
  endloop
endfacet
facet normal   -3.903884367103107e-01   -9.206446603669964e-01    3.205904024988515e-03
  outer loop
    vertex   -2.757989428937437e-02    4.928087890148163e-01   -1.051642600897699e-23
    vertex   -2.746783941984178e-02    4.927476048469544e-01   -3.925242926925421e-03
    vertex   -2.703506685793401e-02    4.925777614116669e-01   -1.083124373425772e-23
  endloop
endfacet
facet normal   -9.425049009286371e-01    2.737130183317644e-01   -1.917438273353674e-01
  outer loop
    vertex   -2.947961911559106e-02    4.995000958442689e-01   -4.076384007930756e-03
    vertex   -3.067575022578241e-02    4.953331947326661e-01   -4.145098850131035e-03
    vertex   -3.077757917344572e-02    4.959279000759125e-01   -2.795627107843757e-03
  endloop
endfacet
facet normal   -2.826872410166234e-02    9.995834340884517e-01    5.817003833770991e-03
  outer loop
    vertex   -3.550085937604309e-03    5.012940764427185e-01    1.897109786107932e-19
    vertex    3.543520113453268e-03    5.014966726303101e-01   -3.411723009776324e-04
    vertex   -3.995555918663741e-03    5.012823939323425e-01   -1.573360059410334e-04
  endloop
endfacet
facet normal   -2.826426491851397e-02    9.995830178014973e-01    5.909471335744821e-03
  outer loop
    vertex    3.543520113453268e-03    5.014966726303101e-01   -3.411723009776324e-04
    vertex   -3.550085937604309e-03    5.012940764427185e-01    1.897109786107932e-19
    vertex    3.749761264771222e-03    5.015004873275757e-01   -2.861964609401798e-23
  endloop
endfacet
facet normal    4.084474491176055e-01    9.089889013925369e-01    8.312555837111833e-02
  outer loop
    vertex    3.248599916696548e-02    4.947645068168641e-01   -2.293644007295370e-03
    vertex    3.282511234283447e-02    4.944023787975312e-01    5.416468836323050e-20
    vertex    3.309485316276550e-02    4.942811727523804e-01    1.083746411231229e-19
  endloop
endfacet
facet normal    4.084362872122021e-01    9.089936966775866e-01    8.312796574394940e-02
  outer loop
    vertex    3.282511234283447e-02    4.944023787975312e-01    5.416468836323050e-20
    vertex    3.248599916696548e-02    4.947645068168641e-01   -2.293644007295370e-03
    vertex    3.008417971432209e-02    4.958761930465699e-01   -2.648825990036130e-03
  endloop
endfacet
facet normal    8.161305569488293e-01   -5.777475107389161e-01   -1.177827871039681e-02
  outer loop
    vertex    3.304753825068474e-02    4.807189106941224e-01   -1.938340952619910e-03
    vertex    3.356117382645607e-02    4.814049601554871e-01   -1.084660628281216e-19
    vertex    3.309532254934311e-02    4.807468950748444e-01   -4.557639665006914e-23
  endloop
endfacet
facet normal   -7.651595688775650e-01    5.958699854503335e-01   -2.438642954483458e-01
  outer loop
    vertex    1.963377743959427e-02    4.919279813766480e-01    1.351472924626722e-20
    vertex    2.273152954876423e-02    4.957853853702546e-01   -2.942759892903268e-04
    vertex    1.682223938405514e-02    4.882324039936066e-01   -2.083470026263967e-04
  endloop
endfacet
facet normal   -7.651526528139306e-01    5.958611244804563e-01   -2.439076428172985e-01
  outer loop
    vertex    2.273152954876423e-02    4.957853853702546e-01   -2.942759892903268e-04
    vertex    1.963377743959427e-02    4.919279813766480e-01    1.351472924626722e-20
    vertex    2.251197956502438e-02    4.956239163875580e-01   -3.946102181561622e-23
  endloop
endfacet
facet normal   -6.035479215641071e-01    7.972231333484537e-01   -1.285231612278394e-02
  outer loop
    vertex    2.359524555504322e-02    4.964440166950226e-01   -4.008696558310742e-23
    vertex    2.273152954876423e-02    4.957853853702546e-01   -2.942759892903268e-04
    vertex    2.251197956502438e-02    4.956239163875580e-01   -3.946102181561622e-23
  endloop
endfacet
facet normal    9.719755803114568e-01   -2.097749580182288e-01   -1.061034319268576e-01
  outer loop
    vertex    3.392707929015160e-02    4.819534122943879e-01   -1.549917040392756e-03
    vertex    3.469115123152733e-02    4.867719113826752e-01   -4.077084828168154e-03
    vertex    3.461888805031776e-02    4.843749105930329e-01   -4.645675875793334e-23
  endloop
endfacet
facet normal    9.719754911852326e-01   -2.097770223628442e-01   -1.061001669358001e-01
  outer loop
    vertex    3.461888805031776e-02    4.843749105930329e-01   -4.645675875793334e-23
    vertex    3.436204791069031e-02    4.831848740577698e-01   -4.630834877702489e-23
    vertex    3.392707929015160e-02    4.819534122943879e-01   -1.549917040392756e-03
  endloop
endfacet
facet normal   -2.745304480382050e-01   -9.607696848762602e-01   -3.942899596381021e-02
  outer loop
    vertex    1.783631928265095e-02    4.839265048503876e-01   -3.769262984860688e-04
    vertex    2.079474739730358e-02    4.830656945705414e-01    5.417163987101185e-20
    vertex    1.871440559625626e-02    4.836601316928864e-01    2.706778764312323e-20
  endloop
endfacet
facet normal   -2.745223992102872e-01   -9.607694153508601e-01   -3.949155426409724e-02
  outer loop
    vertex    2.079474739730358e-02    4.830656945705414e-01    5.417163987101185e-20
    vertex    1.783631928265095e-02    4.839265048503876e-01   -3.769262984860688e-04
    vertex    2.364232018589973e-02    4.823034107685090e-01   -1.249470980837941e-03
  endloop
endfacet
facet normal    5.207263924512997e-01    8.527161763975218e-01    4.146259416203112e-02
  outer loop
    vertex    3.496988117694855e-02    4.931603968143464e-01   -4.985891864635050e-04
    vertex    3.248599916696548e-02    4.947645068168641e-01   -2.293644007295370e-03
    vertex    3.309485316276550e-02    4.942811727523804e-01    1.083746411231229e-19
  endloop
endfacet
facet normal    5.207298312447928e-01    8.527131124875168e-01    4.148241366677129e-02
  outer loop
    vertex    3.309485316276550e-02    4.942811727523804e-01    1.083746411231229e-19
    vertex    3.392366319894791e-02    4.937750399112702e-01    5.416405358740663e-20
    vertex    3.496988117694855e-02    4.931603968143464e-01   -4.985891864635050e-04
  endloop
endfacet
facet normal    7.868188003751050e-01    6.144596855978083e-01    5.792642014938675e-02
  outer loop
    vertex    3.548073023557663e-02    4.924652874469758e-01   -6.405448220903054e-05
    vertex    3.496988117694855e-02    4.931603968143464e-01   -4.985891864635050e-04
    vertex    3.493678197264671e-02    4.931557774543763e-01    1.625836854253676e-19
  endloop
endfacet
facet normal    7.868188767601263e-01    6.144701127937114e-01    5.781466645425298e-02
  outer loop
    vertex    3.493678197264671e-02    4.931557774543763e-01    1.625836854253676e-19
    vertex    3.547174111008644e-02    4.924707710742951e-01   -4.694956298531752e-23
    vertex    3.548073023557663e-02    4.924652874469758e-01   -6.405448220903054e-05
  endloop
endfacet
facet normal    9.606411704295122e-01    2.628826886370210e-01   -8.978437331065955e-02
  outer loop
    vertex    3.548073023557663e-02    4.924652874469758e-01   -6.405448220903054e-05
    vertex    3.556972369551659e-02    4.921619594097138e-01   -4.700618027889043e-23
    vertex    3.573914617300034e-02    4.915428459644318e-01   -3.543255638073502e-21
  endloop
endfacet
facet normal   -8.235363456270431e-01    5.465412745168723e-01   -1.519227523471327e-01
  outer loop
    vertex   -2.785350941121580e-02    5.035787224769592e-01   -6.820661656092852e-05
    vertex   -2.872415632009508e-02    5.022857785224915e-01   -9.855236891575505e-24
    vertex   -2.817953936755659e-02    5.031064152717590e-01   -1.016993299609409e-23
  endloop
endfacet
facet normal   -8.235537972873215e-01    5.465619444687729e-01   -1.517536946243726e-01
  outer loop
    vertex   -2.872415632009508e-02    5.022857785224915e-01   -9.855236891575505e-24
    vertex   -2.785350941121580e-02    5.035787224769592e-01   -6.820661656092852e-05
    vertex   -2.942351996898653e-02    5.004242062568665e-01   -2.909325994551182e-03
  endloop
endfacet
facet normal   -2.423967456929356e-01   -9.701757054377711e-01    1.708290314178155e-03
  outer loop
    vertex   -1.191607024520637e-02    4.924922883510590e-01   -5.213336087763309e-03
    vertex   -1.131655834615232e-02    4.923516809940339e-01   -1.991387212361319e-23
    vertex   -1.147770788520576e-02    4.923919439315796e-01    3.252408309905926e-19
  endloop
endfacet
facet normal   -2.425390570796855e-01   -9.701401074286037e-01    1.725615633357915e-03
  outer loop
    vertex   -1.131655834615232e-02    4.923516809940339e-01   -1.991387212361319e-23
    vertex   -1.191607024520637e-02    4.924922883510590e-01   -5.213336087763309e-03
    vertex   -1.049845013767482e-02    4.921377897262574e-01   -5.262645892798901e-03
  endloop
endfacet
facet normal    9.160294685169659e-01   -4.010099008093557e-01   -9.004013627034535e-03
  outer loop
    vertex    6.306192954070857e-04    4.898400902748108e-01   -1.950168050825596e-03
    vertex    2.128745429217815e-03    4.932184815406800e-01    2.168127515228589e-19
    vertex    1.155224745161831e-03    4.909946620464326e-01    2.168133140524783e-19
  endloop
endfacet
facet normal    9.160293590088451e-01   -4.010101630482407e-01   -9.003475210596162e-03
  outer loop
    vertex    2.128745429217815e-03    4.932184815406800e-01    2.168127515228589e-19
    vertex    6.306192954070857e-04    4.898400902748108e-01   -1.950168050825596e-03
    vertex    2.648002002388238e-03    4.944489896297455e-01   -1.976124010980129e-03
  endloop
endfacet
facet normal    8.739391218408291e-01   -1.910967538778779e-01   -4.468919802070948e-01
  outer loop
    vertex    4.708770662546157e-03    4.993210136890412e-01   -2.917379065342343e-23
    vertex    4.584182985126971e-03    4.990507066249848e-01   -1.280560973100364e-04
    vertex    5.020943004637956e-03    5.010958909988403e-01   -1.484780950704589e-04
  endloop
endfacet
facet normal    9.216556343458809e-01   -3.880084936204477e-01    5.482306837343482e-04
  outer loop
    vertex    4.392208065837621e-03    4.985948801040650e-01    1.352353628483350e-20
    vertex    2.648002002388238e-03    4.944489896297455e-01   -1.976124010980129e-03
    vertex    4.584182985126971e-03    4.990507066249848e-01   -1.280560973100364e-04
  endloop
endfacet
facet normal    9.216526465249226e-01   -3.880155655791797e-01    5.657047600483422e-04
  outer loop
    vertex    2.648002002388238e-03    4.944489896297455e-01   -1.976124010980129e-03
    vertex    4.392208065837621e-03    4.985948801040650e-01    1.352353628483350e-20
    vertex    2.128745429217815e-03    4.932184815406800e-01    2.168127515228589e-19
  endloop
endfacet
facet normal    2.882103687666261e-01    8.628023362764436e-01   -4.153395139537246e-01
  outer loop
    vertex    5.020943004637956e-03    5.010958909988403e-01   -1.484780950704589e-04
    vertex    4.087751265615224e-03    5.014790892601013e-01   -1.636118918021654e-20
    vertex    5.106262397021054e-03    5.011388659477234e-01   -2.940347336893978e-23
  endloop
endfacet
facet normal    3.670228860936411e-01    9.207255564203963e-01    1.325090594557440e-01
  outer loop
    vertex    3.008417971432209e-02    4.958761930465699e-01   -2.648825990036130e-03
    vertex    3.233578801155090e-02    4.945974349975586e-01   -4.513751468498492e-23
    vertex    3.282511234283447e-02    4.944023787975312e-01    5.416468836323050e-20
  endloop
endfacet
facet normal    3.670013046522223e-01    9.207311312593187e-01    1.325300958782642e-01
  outer loop
    vertex    3.233578801155090e-02    4.945974349975586e-01   -4.513751468498492e-23
    vertex    3.008417971432209e-02    4.958761930465699e-01   -2.648825990036130e-03
    vertex    2.920280024409294e-02    4.960317909717560e-01   -1.289107953198254e-03
  endloop
endfacet
facet normal   -1.776628765353098e-01   -9.839852717365805e-01   -1.445293418953700e-02
  outer loop
    vertex    3.147475048899651e-02    4.804542958736420e-01   -2.084142062813044e-03
    vertex    3.089255467057228e-02    4.805288016796113e-01    1.083759136776304e-19
    vertex    3.017223253846169e-02    4.806588590145112e-01   -4.388734706258901e-23
  endloop
endfacet
facet normal   -1.776314701966541e-01   -9.839912384622486e-01   -1.443272064807329e-02
  outer loop
    vertex    3.017223253846169e-02    4.806588590145112e-01   -4.388734706258901e-23
    vertex    2.858687937259674e-02    4.809719026088715e-01   -1.830808003433049e-03
    vertex    3.147475048899651e-02    4.804542958736420e-01   -2.084142062813044e-03
  endloop
endfacet
facet normal    3.476220669397917e-01    9.330437039969930e-01    9.267332414497045e-02
  outer loop
    vertex    2.450810931622982e-02    4.977527856826783e-01   -1.005845027975738e-03
    vertex    2.598553709685802e-02    4.971024394035340e-01   -4.146814814268304e-23
    vertex    2.702630870044231e-02    4.967146813869477e-01   -4.206953737150363e-23
  endloop
endfacet
facet normal    3.476284668361387e-01    9.330429845937964e-01    9.265655910650060e-02
  outer loop
    vertex    2.702630870044231e-02    4.967146813869477e-01   -4.206953737150363e-23
    vertex    2.920280024409294e-02    4.960317909717560e-01   -1.289107953198254e-03
    vertex    2.450810931622982e-02    4.977527856826783e-01   -1.005845027975738e-03
  endloop
endfacet
facet normal   -5.149400807369497e-01   -8.482738119754063e-01    1.235647731650757e-01
  outer loop
    vertex    1.636134833097458e-02    4.848767817020417e-01   -3.590700154346057e-23
    vertex    1.630781963467598e-02    4.848926067352295e-01   -1.144347988883965e-04
    vertex    1.784143783152103e-02    4.839783012866974e-01   -3.427611448482086e-21
  endloop
endfacet
facet normal    8.387621619108505e-01   -5.441726517174498e-01    1.881916229366558e-02
  outer loop
    vertex    8.546253411622335e-06    4.888660907745362e-01   -2.388687105849385e-03
    vertex    6.306192954070857e-04    4.898400902748108e-01   -1.950168050825596e-03
    vertex    1.340146991424254e-04    4.891420900821686e-01   -2.653035865130950e-23
  endloop
endfacet
facet normal    8.387637736771025e-01   -5.441701802121708e-01    1.881879206537147e-02
  outer loop
    vertex    1.340146991424254e-04    4.891420900821686e-01   -2.653035865130950e-23
    vertex   -2.021250547841200e-04    4.886239767074586e-01    2.168140983701397e-19
    vertex    8.546253411622335e-06    4.888660907745362e-01   -2.388687105849385e-03
  endloop
endfacet
facet normal    6.572729482469267e-01   -7.534280234700743e-01   -1.839796056006481e-02
  outer loop
    vertex    8.546253411622335e-06    4.888660907745362e-01   -2.388687105849385e-03
    vertex   -2.021250547841200e-04    4.886239767074586e-01    2.168140983701397e-19
    vertex   -5.630831001326450e-04    4.883090853691102e-01   -2.612755451374037e-23
  endloop
endfacet
facet normal    6.572744373528160e-01   -7.534267404138438e-01   -1.839730501757503e-02
  outer loop
    vertex   -5.630831001326450e-04    4.883090853691102e-01   -2.612755451374037e-23
    vertex   -8.140801801346251e-04    4.881578087806702e-01   -2.772043924778700e-03
    vertex    8.546253411622335e-06    4.888660907745362e-01   -2.388687105849385e-03
  endloop
endfacet
facet normal    1.335381710040323e-01   -9.910287561020606e-01   -5.437045493670338e-03
  outer loop
    vertex   -1.710064522922040e-02    4.930171668529511e-01    4.336642973419643e-19
    vertex   -2.108112908899785e-02    4.924815893173218e-01   -1.423190988134593e-04
    vertex   -1.743407920002939e-02    4.929980933666230e-01   -4.712814930826426e-03
  endloop
endfacet
facet normal   -3.592966065366748e-01   -9.332230997464380e-01   -7.711231287044194e-04
  outer loop
    vertex   -2.746783941984178e-02    4.927476048469544e-01   -3.925242926925421e-03
    vertex   -2.670069038867952e-02    4.924528002738953e-01   -4.593885969370604e-03
    vertex   -2.664459869265558e-02    4.924274086952210e-01    4.336698121261825e-19
  endloop
endfacet
facet normal    1.107891041080923e-01   -9.938381303576673e-01   -3.397801951618113e-03
  outer loop
    vertex   -2.330105751752855e-02    4.922336339950562e-01   -1.298886697283404e-23
    vertex   -2.108112908899785e-02    4.924815893173218e-01   -1.423190988134593e-04
    vertex   -2.114520408213140e-02    4.924739599227906e-01   -4.638620110342640e-21
  endloop
endfacet
facet normal    1.107835426613113e-01   -9.938384480005966e-01   -3.485104184216746e-03
  outer loop
    vertex   -2.108112908899785e-02    4.924815893173218e-01   -1.423190988134593e-04
    vertex   -2.330105751752855e-02    4.922336339950562e-01   -1.298886697283404e-23
    vertex   -2.345325984060766e-02    4.922339916229249e-01   -4.940149839967489e-03
  endloop
endfacet
facet normal   -9.368408817514243e-01   -9.747200724619925e-02   -3.358993451654985e-01
  outer loop
    vertex    1.606638170778751e-02    4.868187606334687e-01   -3.573656093095415e-23
    vertex    1.608262956142426e-02    4.868248105049134e-01   -4.707168045570143e-05
    vertex    1.625225506722927e-02    4.850322604179383e-01   -3.426693170741160e-21
  endloop
endfacet
facet normal    2.508473780765235e-01    9.649832788474568e-01   -7.669983348707488e-02
  outer loop
    vertex   -2.518546953797342e-02    5.028905868530273e-01   -1.189999686396841e-23
    vertex   -2.785350941121580e-02    5.035787224769592e-01   -6.820661656092852e-05
    vertex   -2.774712815880777e-02    5.035564899444580e-01   -6.786683371271321e-21
  endloop
endfacet
facet normal    2.508465250653538e-01    9.649977020487034e-01   -7.652095074787602e-02
  outer loop
    vertex   -2.785350941121580e-02    5.035787224769592e-01   -6.820661656092852e-05
    vertex   -2.518546953797342e-02    5.028905868530273e-01   -1.189999686396841e-23
    vertex   -2.322275005280973e-02    5.023412704467773e-01   -4.932989832013845e-04
  endloop
endfacet
facet normal   -8.829697871472575e-01    4.478186427969789e-01   -1.407935302085961e-01
  outer loop
    vertex    1.682223938405514e-02    4.882324039936066e-01   -2.083470026263967e-04
    vertex    1.608262956142426e-02    4.868248105049134e-01   -4.707168045570143e-05
    vertex    1.620347984135151e-02    4.870778918266297e-01    6.740447797666052e-21
  endloop
endfacet
facet normal   -8.829697105138845e-01    4.478183427997255e-01   -1.407949649921280e-01
  outer loop
    vertex    1.620347984135151e-02    4.870778918266297e-01    6.740447797666052e-21
    vertex    1.697063818573952e-02    4.885905086994172e-01   -3.625906760252273e-23
    vertex    1.682223938405514e-02    4.882324039936066e-01   -2.083470026263967e-04
  endloop
endfacet
facet normal    6.545637444760140e-02    9.978317649668982e-01    6.872544450208073e-03
  outer loop
    vertex   -2.212500013411047e-02    5.020192861557007e-01   -7.346834172494709e-04
    vertex   -1.982153579592707e-02    5.018631219863892e-01   -1.499943959059959e-23
    vertex   -1.300320122390987e-02    5.014158487319946e-01   -1.893927899100323e-23
  endloop
endfacet
facet normal    1.825562353191288e-01    9.069643928308064e-01   -3.795903200598685e-01
  outer loop
    vertex   -2.024883031845095e-02    5.019491314888000e-01    2.709030177621206e-20
    vertex   -2.212500013411047e-02    5.020192861557007e-01   -7.346834172494709e-04
    vertex   -2.322275005280973e-02    5.023412704467773e-01   -4.932989832013845e-04
  endloop
endfacet
facet normal   -2.780005201212699e-03   -9.999871308330052e-01    4.243788337737054e-03
  outer loop
    vertex   -1.710064522922040e-02    4.930171668529511e-01    4.336642973419643e-19
    vertex   -1.743407920002939e-02    4.929980933666230e-01   -4.712814930826426e-03
    vertex   -1.585208065807821e-02    4.930106997489930e-01   -7.059741183184087e-04
  endloop
endfacet
facet normal   -2.782450767272059e-03   -9.999871423767154e-01    4.239463288978887e-03
  outer loop
    vertex   -1.585208065807821e-02    4.930106997489930e-01   -7.059741183184087e-04
    vertex   -1.599744521081449e-02    4.930140972137452e-01   -1.720911448773241e-23
    vertex   -1.710064522922040e-02    4.930171668529511e-01    4.336642973419643e-19
  endloop
endfacet
facet normal   -4.476634865160675e-01   -8.942020942206471e-01   -1.324072798657184e-04
  outer loop
    vertex   -7.166214752942338e-03    4.905861020088196e-01   -2.231206585239199e-23
    vertex   -8.479955606162564e-03    4.912446141242982e-01   -5.506509914994240e-03
    vertex   -3.178321989253164e-03    4.885900914669037e-01   -2.999621909111738e-03
  endloop
endfacet
facet normal   -4.476640477257093e-01   -8.942018131239514e-01   -1.333404360841646e-04
  outer loop
    vertex   -3.178321989253164e-03    4.885900914669037e-01   -2.999621909111738e-03
    vertex   -4.787885583937169e-03    4.893954396247864e-01   -2.368633619165624e-23
    vertex   -7.166214752942338e-03    4.905861020088196e-01   -2.231206585239199e-23
  endloop
endfacet
facet normal   -2.536571658445419e-01   -9.657569019773972e-01    5.451282875373764e-02
  outer loop
    vertex    2.834809385240078e-02    4.811379611492158e-01    5.416727531957307e-20
    vertex    2.364232018589973e-02    4.823034107685090e-01   -1.249470980837941e-03
    vertex    2.858687937259674e-02    4.809719026088715e-01   -1.830808003433049e-03
  endloop
endfacet
facet normal   -2.536522034887965e-01   -9.657581623463262e-01    5.451359029384457e-02
  outer loop
    vertex    2.858687937259674e-02    4.809719026088715e-01   -1.830808003433049e-03
    vertex    3.017223253846169e-02    4.806588590145112e-01   -4.388734706258901e-23
    vertex    2.834809385240078e-02    4.811379611492158e-01    5.416727531957307e-20
  endloop
endfacet
facet normal   -5.839135666697800e-01   -8.118059033515962e-01   -4.015213876675165e-03
  outer loop
    vertex   -3.012008965015413e-02    4.946494996547700e-01   -2.750844927504659e-03
    vertex   -2.746783941984178e-02    4.927476048469544e-01   -3.925242926925421e-03
    vertex   -2.757989428937437e-02    4.928087890148163e-01   -1.051642600897699e-23
  endloop
endfacet
facet normal   -5.839116596389866e-01   -8.118072618218707e-01   -4.017883885947260e-03
  outer loop
    vertex   -2.757989428937437e-02    4.928087890148163e-01   -1.051642600897699e-23
    vertex   -2.918790280818941e-02    4.939653873443604e-01    2.168308472269217e-19
    vertex   -3.012008965015413e-02    4.946494996547700e-01   -2.750844927504659e-03
  endloop
endfacet
facet normal   -7.598249574320305e-01   -6.499334163208196e-01   -1.589303032656448e-02
  outer loop
    vertex   -3.060597181320192e-02    4.951502680778504e-01   -8.767867130315198e-24
    vertex   -3.012008965015413e-02    4.946494996547700e-01   -2.750844927504659e-03
    vertex   -3.030473180115224e-02    4.947980940341950e-01   -2.168493764297974e-19
  endloop
endfacet
facet normal   -7.598210687349513e-01   -6.499379996930329e-01   -1.589150910063779e-02
  outer loop
    vertex   -3.012008965015413e-02    4.946494996547700e-01   -2.750844927504659e-03
    vertex   -3.060597181320192e-02    4.951502680778504e-01   -8.767867130315198e-24
    vertex   -3.067575022578241e-02    4.953331947326661e-01   -4.145098850131035e-03
  endloop
endfacet
facet normal   -9.823254957290450e-01   -1.869973114694711e-01    8.284077732330869e-03
  outer loop
    vertex   -3.060597181320192e-02    4.951502680778504e-01   -8.767867130315198e-24
    vertex   -3.077757917344572e-02    4.959279000759125e-01   -2.795627107843757e-03
    vertex   -3.067575022578241e-02    4.953331947326661e-01   -4.145098850131035e-03
  endloop
endfacet
facet normal   -9.823254961325323e-01   -1.869973093223358e-01    8.284078354346042e-03
  outer loop
    vertex   -3.077757917344572e-02    4.959279000759125e-01   -2.795627107843757e-03
    vertex   -3.060597181320192e-02    4.951502680778504e-01   -8.767867130315198e-24
    vertex   -3.067597374320032e-02    4.955179989337922e-01    2.168317070791974e-19
  endloop
endfacet
facet normal   -1.123119075700273e-01    9.643230060456557e-01    2.397231224330521e-01
  outer loop
    vertex   -3.995555918663741e-03    5.012823939323425e-01   -1.573360059410334e-04
    vertex   -6.493860855698600e-03    5.009899139404297e-01   -1.512632006779313e-04
    vertex   -6.050220225006357e-03    5.010039806365967e-01   -2.295692115867191e-23
  endloop
endfacet
facet normal   -1.123058846806692e-01    9.643099128298313e-01    2.397786068109818e-01
  outer loop
    vertex   -6.050220225006357e-03    5.010039806365967e-01   -2.295692115867191e-23
    vertex   -3.674989566206933e-03    5.012806057929993e-01   -2.432940108561618e-23
    vertex   -3.995555918663741e-03    5.012823939323425e-01   -1.573360059410334e-04
  endloop
endfacet
facet normal    9.787996429870219e-01   -1.710559332133609e-01   -1.126549004747889e-01
  outer loop
    vertex    3.569590300321579e-02    4.898360967636109e-01    3.523186269673002e-19
    vertex    3.469115123152733e-02    4.867719113826752e-01   -4.077084828168154e-03
    vertex    3.501357883214951e-02    4.907425940036774e-01   -7.304789964109659e-03
  endloop
endfacet
facet normal    9.788001026563552e-01   -1.710505770870500e-01   -1.126590392205419e-01
  outer loop
    vertex    3.469115123152733e-02    4.867719113826752e-01   -4.077084828168154e-03
    vertex    3.569590300321579e-02    4.898360967636109e-01    3.523186269673002e-19
    vertex    3.566609695553780e-02    4.896655380725861e-01   -4.706186765517579e-23
  endloop
endfacet
facet normal   -7.178080921780547e-02    7.862121322038397e-01    6.137735727477431e-01
  outer loop
    vertex    2.450810931622982e-02    4.977527856826783e-01   -1.005845027975738e-03
    vertex    2.501279488205910e-02    4.970136284828187e-01   -4.090606834679329e-23
    vertex    2.598553709685802e-02    4.971024394035340e-01   -4.146814814268304e-23
  endloop
endfacet
facet normal   -7.179763275899594e-02    7.862069685022244e-01    6.137782193991139e-01
  outer loop
    vertex    2.501279488205910e-02    4.970136284828187e-01   -4.090606834679329e-23
    vertex    2.450810931622982e-02    4.977527856826783e-01   -1.005845027975738e-03
    vertex    2.441756054759026e-02    4.970644116401673e-01   -1.346781064057723e-04
  endloop
endfacet
facet normal   -5.939636576242505e-02   -9.981962411889104e-01    8.737036714288497e-03
  outer loop
    vertex   -1.585208065807821e-02    4.930106997489930e-01   -7.059741183184087e-04
    vertex   -1.482290960848333e-02    4.929148852825165e-01   -4.656125791370869e-03
    vertex   -1.536358240991832e-02    4.929878115653992e-01    4.336632936146663e-19
  endloop
endfacet
facet normal   -5.939649042972762e-02   -9.981962330133648e-01    8.737123242789633e-03
  outer loop
    vertex   -1.536358240991832e-02    4.929878115653992e-01    4.336632936146663e-19
    vertex   -1.585892029106618e-02    4.930172860622407e-01    2.168231453387357e-19
    vertex   -1.585208065807821e-02    4.930106997489930e-01   -7.059741183184087e-04
  endloop
endfacet
facet normal   -3.164859160648822e-01   -9.485969942753811e-01   -6.382666252153997e-04
  outer loop
    vertex   -3.178321989253164e-03    4.885900914669037e-01   -2.999621909111738e-03
    vertex   -2.275033621117474e-03    4.882867038249970e-01    2.168152961592416e-19
    vertex   -2.834660466760398e-03    4.884734153747559e-01   -2.481496858596700e-23
  endloop
endfacet
facet normal   -3.164643748719482e-01   -9.486041760358995e-01   -6.454797897598329e-04
  outer loop
    vertex   -2.275033621117474e-03    4.882867038249970e-01    2.168152961592416e-19
    vertex   -3.178321989253164e-03    4.885900914669037e-01   -2.999621909111738e-03
    vertex   -2.058661077171565e-03    4.882166981697083e-01   -3.201564075425267e-03
  endloop
endfacet
facet normal   -3.675103554921078e-02   -9.988601646914330e-01   -3.045870612261978e-02
  outer loop
    vertex   -1.612197840586306e-03    4.881026446819306e-01   -2.552134436861314e-23
    vertex   -2.058661077171565e-03    4.882166981697083e-01   -3.201564075425267e-03
    vertex   -8.140801801346251e-04    4.881578087806702e-01   -2.772043924778700e-03
  endloop
endfacet
facet normal   -1.741987044726788e-01   -9.846351081492144e-01    1.218667961444729e-02
  outer loop
    vertex   -1.482290960848333e-02    4.929148852825165e-01   -4.656125791370869e-03
    vertex   -1.185059826821090e-02    4.924466609954835e-01   -1.960528774659346e-23
    vertex   -1.325937639921905e-02    4.926958978176117e-01   -1.879125324475215e-23
  endloop
endfacet
facet normal   -3.394351771312539e-01   -9.312292974176912e-01    1.326489960641520e-01
  outer loop
    vertex    1.842341572046280e-02    4.837661981582642e-01   -3.709852628605375e-23
    vertex    1.783631928265095e-02    4.839265048503876e-01   -3.769262984860688e-04
    vertex    1.871440559625626e-02    4.836601316928864e-01    2.706778764312323e-20
  endloop
endfacet
facet normal   -3.393972116920407e-01   -9.312529910912520e-01    1.325797845799451e-01
  outer loop
    vertex    1.783631928265095e-02    4.839265048503876e-01   -3.769262984860688e-04
    vertex    1.842341572046280e-02    4.837661981582642e-01   -3.709852628605375e-23
    vertex    1.784143783152103e-02    4.839783012866974e-01   -3.427611448482086e-21
  endloop
endfacet
facet normal   -9.537176686681162e-01    3.005805039172090e-01    8.600531095816832e-03
  outer loop
    vertex   -2.945568785071375e-02    5.002388954162598e-01    2.168310019611959e-19
    vertex   -2.942351996898653e-02    5.004242062568665e-01   -2.909325994551182e-03
    vertex   -3.010476194322111e-02    4.981794357299805e-01   -9.057481313595645e-24
  endloop
endfacet
facet normal   -8.969300924667627e-01    3.547063964195569e-01   -2.640071619608390e-01
  outer loop
    vertex    1.607912220060825e-02    4.868509769439698e-01   -3.574392277204576e-23
    vertex    1.608262956142426e-02    4.868248105049134e-01   -4.707168045570143e-05
    vertex    1.606638170778751e-02    4.868187606334687e-01   -3.573656093095415e-23
  endloop
endfacet
facet normal   -8.968860487867892e-01    3.547868916003643e-01   -2.640486262796545e-01
  outer loop
    vertex    1.608262956142426e-02    4.868248105049134e-01   -4.707168045570143e-05
    vertex    1.607912220060825e-02    4.868509769439698e-01   -3.574392277204576e-23
    vertex    1.609441265463829e-02    4.868896305561066e-01    4.062182871014876e-20
  endloop
endfacet
facet normal   -3.606006399759555e-01   -9.326733022462596e-01    9.364279256232190e-03
  outer loop
    vertex   -9.517624974250809e-03    4.917010962963105e-01   -4.337018223442949e-19
    vertex   -8.479955606162564e-03    4.912446141242982e-01   -5.506509914994240e-03
    vertex   -8.969340473413483e-03    4.914891123771668e-01    4.336595988287843e-19
  endloop
endfacet
facet normal    6.925743231426755e-02    9.466005177396412e-01    3.148823079886797e-01
  outer loop
    vertex   -6.493860855698600e-03    5.009899139404297e-01   -1.512632006779313e-04
    vertex   -1.300320122390987e-02    5.014158487319946e-01   -1.893927899100323e-23
    vertex   -6.895638071000591e-03    5.009689927101135e-01   -2.246841322401166e-23
  endloop
endfacet
facet normal   -4.607837673598186e-01    5.014744687260392e-01   -7.322579306184599e-01
  outer loop
    vertex    2.420664951205254e-02    4.970672726631165e-01    2.759052363549931e-21
    vertex    2.429902181029320e-02    4.971521496772767e-01    8.127466930767885e-20
    vertex    2.441756054759026e-02    4.970644116401673e-01   -1.346781064057723e-04
  endloop
endfacet
facet normal   -5.977365573332055e-01   -8.016862666446456e-01    3.184007037931813e-03
  outer loop
    vertex   -2.918790280818941e-02    4.939653873443604e-01    2.168308472269217e-19
    vertex   -3.030473180115224e-02    4.947980940341950e-01   -2.168493764297974e-19
    vertex   -3.012008965015413e-02    4.946494996547700e-01   -2.750844927504659e-03
  endloop
endfacet
facet normal    8.161241021497049e-01   -5.777567300991983e-01   -1.177330520374548e-02
  outer loop
    vertex    3.356117382645607e-02    4.814049601554871e-01   -1.084660628281216e-19
    vertex    3.304753825068474e-02    4.807189106941224e-01   -1.938340952619910e-03
    vertex    3.392707929015160e-02    4.819534122943879e-01   -1.549917040392756e-03
  endloop
endfacet
facet normal   -6.035574517030979e-01    7.972166037524004e-01   -1.280973048704293e-02
  outer loop
    vertex    2.359524555504322e-02    4.964440166950226e-01   -4.008696558310742e-23
    vertex    2.441756054759026e-02    4.970644116401673e-01   -1.346781064057723e-04
    vertex    2.273152954876423e-02    4.957853853702546e-01   -2.942759892903268e-04
  endloop
endfacet
facet normal    9.606393763023598e-01    2.628803849229475e-01   -8.981031076761839e-02
  outer loop
    vertex    3.573914617300034e-02    4.915428459644318e-01   -3.543255638073502e-21
    vertex    3.481208905577660e-02    4.922001957893372e-01   -7.991991005837917e-03
    vertex    3.548073023557663e-02    4.924652874469758e-01   -6.405448220903054e-05
  endloop
endfacet
facet normal    8.739446768579848e-01   -1.910968197664272e-01   -4.468810885087329e-01
  outer loop
    vertex    5.020943004637956e-03    5.010958909988403e-01   -1.484780950704589e-04
    vertex    5.106262397021054e-03    5.011388659477234e-01   -2.940347336893978e-23
    vertex    4.708770662546157e-03    4.993210136890412e-01   -2.917379065342343e-23
  endloop
endfacet
facet normal    2.882229415256926e-01    8.628174266144184e-01   -4.152994393311287e-01
  outer loop
    vertex    4.087751265615224e-03    5.014790892601013e-01   -1.636118918021654e-20
    vertex    5.020943004637956e-03    5.010958909988403e-01   -1.484780950704589e-04
    vertex    3.543520113453268e-03    5.014966726303101e-01   -3.411723009776324e-04
  endloop
endfacet
facet normal    9.904343647359750e-01    8.611832689811896e-02   -1.078118867394238e-01
  outer loop
    vertex    3.573914617300034e-02    4.915428459644318e-01   -3.543255638073502e-21
    vertex    3.574132546782494e-02    4.915177822113038e-01    2.705794897517822e-20
    vertex    3.501357883214951e-02    4.907425940036774e-01   -7.304789964109659e-03
  endloop
endfacet
facet normal    9.904376714810368e-01    8.608451569290959e-02   -1.078085111164197e-01
  outer loop
    vertex    3.573914617300034e-02    4.915428459644318e-01   -3.543255638073502e-21
    vertex    3.501357883214951e-02    4.907425940036774e-01   -7.304789964109659e-03
    vertex    3.481208905577660e-02    4.922001957893372e-01   -7.991991005837917e-03
  endloop
endfacet
facet normal   -1.451795612289922e-01   -9.893817089010373e-01   -6.835868154105007e-03
  outer loop
    vertex   -1.147770788520576e-02    4.923919439315796e-01    3.252408309905926e-19
    vertex   -1.185059826821090e-02    4.924466609954835e-01   -1.960528774659346e-23
    vertex   -1.191607024520637e-02    4.924922883510590e-01   -5.213336087763309e-03
  endloop
endfacet
facet normal   -1.451476537936492e-01   -9.893863873464005e-01   -6.836309811409300e-03
  outer loop
    vertex   -1.185059826821090e-02    4.924466609954835e-01   -1.960528774659346e-23
    vertex   -1.482290960848333e-02    4.929148852825165e-01   -4.656125791370869e-03
    vertex   -1.191607024520637e-02    4.924922883510590e-01   -5.213336087763309e-03
  endloop
endfacet
facet normal   -6.772292898674136e-02   -9.976931757124734e-01   -4.683164124430659e-03
  outer loop
    vertex   -2.519324608147146e-02    4.923289120197297e-01   -4.336927644975418e-19
    vertex   -2.670069038867952e-02    4.924528002738953e-01   -4.593885969370604e-03
    vertex   -2.345325984060766e-02    4.922339916229249e-01   -4.940149839967489e-03
  endloop
endfacet
facet normal   -6.770894376091161e-02   -9.976941032549349e-01   -4.687778270454225e-03
  outer loop
    vertex   -2.519324608147146e-02    4.923289120197297e-01   -4.336927644975418e-19
    vertex   -2.664459869265558e-02    4.924274086952210e-01    4.336698121261825e-19
    vertex   -2.670069038867952e-02    4.924528002738953e-01   -4.593885969370604e-03
  endloop
endfacet
facet normal   -5.149401159188199e-01   -8.482743615931516e-01    1.235608533526830e-01
  outer loop
    vertex    1.783631928265095e-02    4.839265048503876e-01   -3.769262984860688e-04
    vertex    1.784143783152103e-02    4.839783012866974e-01   -3.427611448482086e-21
    vertex    1.630781963467598e-02    4.848926067352295e-01   -1.144347988883965e-04
  endloop
endfacet
facet normal    1.335344859928729e-01   -9.910298345571869e-01   -5.329921966967276e-03
  outer loop
    vertex   -2.108112908899785e-02    4.924815893173218e-01   -1.423190988134593e-04
    vertex   -1.710064522922040e-02    4.930171668529511e-01    4.336642973419643e-19
    vertex   -2.070873416960241e-02    4.925310015678406e-01   -1.448678960447159e-23
  endloop
endfacet
facet normal    1.335910613532265e-01   -9.910213863266589e-01   -5.480891324004192e-03
  outer loop
    vertex   -2.070873416960241e-02    4.925310015678406e-01   -1.448678960447159e-23
    vertex   -2.093423902988435e-02    4.925006031990052e-01   -1.435648609351738e-23
    vertex   -2.108112908899785e-02    4.924815893173218e-01   -1.423190988134593e-04
  endloop
endfacet
facet normal   -3.593384092136138e-01   -9.332070126593047e-01   -7.610435768675536e-04
  outer loop
    vertex   -2.703506685793401e-02    4.925777614116669e-01   -1.083124373425772e-23
    vertex   -2.746783941984178e-02    4.927476048469544e-01   -3.925242926925421e-03
    vertex   -2.664459869265558e-02    4.924274086952210e-01    4.336698121261825e-19
  endloop
endfacet
facet normal   -9.368294451744206e-01   -9.747176443907768e-02   -3.359313111207707e-01
  outer loop
    vertex    1.630781963467598e-02    4.848926067352295e-01   -1.144347988883965e-04
    vertex    1.625225506722927e-02    4.850322604179383e-01   -3.426693170741160e-21
    vertex    1.608262956142426e-02    4.868248105049134e-01   -4.707168045570143e-05
  endloop
endfacet
facet normal    1.672195196190456e-01   -9.858103490221943e-01   -1.468291589281144e-02
  outer loop
    vertex    3.242360055446625e-02    4.805842041969300e-01   -1.084654055039684e-19
    vertex    3.147475048899651e-02    4.804542958736420e-01   -2.084142062813044e-03
    vertex    3.304753825068474e-02    4.807189106941224e-01   -1.938340952619910e-03
  endloop
endfacet
facet normal    1.672002913151567e-01   -9.858137439547470e-01   -1.467395018565892e-02
  outer loop
    vertex    3.242360055446625e-02    4.805842041969300e-01   -1.084654055039684e-19
    vertex    3.178364783525467e-02    4.804756641387940e-01    1.083753987771188e-19
    vertex    3.147475048899651e-02    4.804542958736420e-01   -2.084142062813044e-03
  endloop
endfacet
facet normal    6.545315197774969e-02    9.978317003484053e-01    6.912501427697344e-03
  outer loop
    vertex   -1.300320122390987e-02    5.014158487319946e-01   -1.893927899100323e-23
    vertex   -6.493860855698600e-03    5.009899139404297e-01   -1.512632006779313e-04
    vertex   -2.212500013411047e-02    5.020192861557007e-01   -7.346834172494709e-04
  endloop
endfacet
facet normal    1.825604430393440e-01    9.069588261025552e-01   -3.796015969301942e-01
  outer loop
    vertex   -2.024883031845095e-02    5.019491314888000e-01    2.709030177621206e-20
    vertex   -1.982153579592707e-02    5.018631219863892e-01   -1.499943959059959e-23
    vertex   -2.212500013411047e-02    5.020192861557007e-01   -7.346834172494709e-04
  endloop
endfacet
facet normal   -4.046959866901189e-01   -9.144511745228304e-01   -4.558187436188806e-04
  outer loop
    vertex   -9.517624974250809e-03    4.917010962963105e-01   -4.337018223442949e-19
    vertex   -1.049845013767482e-02    4.921377897262574e-01   -5.262645892798901e-03
    vertex   -8.479955606162564e-03    4.912446141242982e-01   -5.506509914994240e-03
  endloop
endfacet
facet normal   -4.047010485126100e-01   -9.144489349276138e-01   -4.546895056823064e-04
  outer loop
    vertex   -9.517624974250809e-03    4.917010962963105e-01   -4.337018223442949e-19
    vertex   -1.046483404934408e-02    4.921202957630158e-01    4.336604629700860e-19
    vertex   -1.049845013767482e-02    4.921377897262574e-01   -5.262645892798901e-03
  endloop
endfacet
facet normal   -3.675358540466763e-02   -9.988600485549626e-01   -3.045943795738252e-02
  outer loop
    vertex   -8.140801801346251e-04    4.881578087806702e-01   -2.772043924778700e-03
    vertex   -1.208035741001368e-03    4.880877733230591e-01   -1.084459721299723e-19
    vertex   -1.612197840586306e-03    4.881026446819306e-01   -2.552134436861314e-23
  endloop
endfacet
facet normal   -9.575333316153006e-01    2.883172422204451e-01   -1.756896155056005e-03
  outer loop
    vertex   -3.010476194322111e-02    4.981794357299805e-01   -9.057481313595645e-24
    vertex   -3.077757917344572e-02    4.959279000759125e-01   -2.795627107843757e-03
    vertex   -3.076439350843431e-02    4.959887266159058e-01    2.168317581708049e-19
  endloop
endfacet
facet normal   -9.575336662640718e-01    2.883161367272202e-01   -1.755925276335089e-03
  outer loop
    vertex   -3.010476194322111e-02    4.981794357299805e-01   -9.057481313595645e-24
    vertex   -2.942351996898653e-02    5.004242062568665e-01   -2.909325994551182e-03
    vertex   -3.077757917344572e-02    4.959279000759125e-01   -2.795627107843757e-03
  endloop
endfacet
endsolid Main.HumanModel.BodyModel.Trunk.Segments.C6Seg.BoneDraw
