solid Main.HumanModel.BodyModel.Trunk.Segments.C7Seg.BoneDraw
facet normal   -7.312275192935949e-02    8.246125910522613e-01    5.609519924453015e-01
  outer loop
    vertex   -1.270721014589073e-02    4.823055863380433e-01    4.768632818013430e-03
    vertex   -4.691854119300843e-03    4.809522926807404e-01    7.802845910191536e-03
    vertex   -6.701239850372091e-03    4.827840030193329e-01    4.848255775868893e-03
  endloop
endfacet
facet normal    1.197397870795476e-01   -6.051877587051272e-01    7.870261495678587e-01
  outer loop
    vertex    2.588164992630482e-02    4.733549952507020e-01    1.882288977503777e-02
    vertex    2.062058076262474e-02    4.726197123527527e-01    1.905792020261288e-02
    vertex    2.393694035708904e-02    4.713591933250428e-01    1.758407987654209e-02
  endloop
endfacet
facet normal    8.643929016201383e-01   -3.084865223139514e-01    3.970654570462681e-01
  outer loop
    vertex    2.889171987771988e-02    4.694359898567200e-01    9.173443540930748e-03
    vertex    2.811194024980068e-02    4.695667922496796e-01    1.097260974347591e-02
    vertex    2.611421048641205e-02    4.644024968147278e-01    1.130934990942478e-02
  endloop
endfacet
facet normal   -9.825789914500960e-01    1.457673025937233e-01   -1.152840798005607e-01
  outer loop
    vertex    3.297120099887251e-03    4.688982963562012e-01    9.876618161797523e-03
    vertex    3.525231033563613e-03    4.695560932159424e-01    8.764133788645267e-03
    vertex    3.797587007284164e-03    4.685094952583314e-01    5.119476001709700e-03
  endloop
endfacet
facet normal    7.045402516126560e-01    4.324706952572624e-01    5.626652038301955e-01
  outer loop
    vertex   -5.139989778399482e-03    4.864203929901124e-01    2.236712910234928e-02
    vertex   -7.814820855855957e-03    4.880206882953644e-01    2.448640950024128e-02
    vertex   -6.908258888870492e-03    4.870730042457581e-01    2.407965995371342e-02
  endloop
endfacet
facet normal    9.590879446018532e-01    2.720409675911390e-01    7.838384062719519e-02
  outer loop
    vertex    2.720684930682182e-02    4.624811112880707e-01    9.990991093218327e-03
    vertex    2.745486982166767e-02    4.619312882423401e-01    8.864494971930981e-03
    vertex    2.753677032887936e-02    4.633978903293610e-01    2.772351028397679e-03
  endloop
endfacet
facet normal    9.604917006835153e-01   -2.697225944131727e-01    6.859602744412990e-02
  outer loop
    vertex    3.088760003447533e-02    4.720560908317566e-01    9.664633311331272e-03
    vertex    3.176881000399590e-02    4.739770889282227e-01    4.879250191152096e-03
    vertex    3.154008835554123e-02    4.743439853191376e-01    9.524497203528881e-03
  endloop
endfacet
facet normal   -2.338691452382362e-01   -9.203825682696536e-01    3.133706286984997e-01
  outer loop
    vertex    1.786538958549500e-02    4.630073904991150e-01    1.984518952667713e-02
    vertex    9.776361286640166e-03    4.650279879570008e-01    1.974290981888771e-02
    vertex    1.786741055548191e-02    4.626325070858002e-01    1.874564960598946e-02
  endloop
endfacet
facet normal   -6.751376411632948e-01    8.418627527080567e-02    7.328723193984682e-01
  outer loop
    vertex    3.988032229244708e-03    4.663549959659577e-01    1.593793928623199e-02
    vertex    8.390101604163645e-03    4.685463905334473e-01    1.974149048328400e-02
    vertex    5.081852898001670e-03    4.673992991447449e-01    1.682562939822674e-02
  endloop
endfacet
facet normal    7.661649205807926e-01    4.434939681254770e-01    4.650853843196389e-01
  outer loop
    vertex    5.219785030931233e-03    4.859057068824769e-01    1.855117082595825e-02
    vertex    4.572960082441568e-03    4.889603853225709e-01    1.670386083424091e-02
    vertex    2.596531994640826e-03    4.890963137149811e-01    1.983013935387135e-02
  endloop
endfacet
facet normal    6.441377240382363e-01   -7.079708639405043e-01   -2.895925556401213e-01
  outer loop
    vertex   -6.896601989865318e-03    4.721755087375641e-01    5.569980014115572e-03
    vertex   -6.388168781995788e-03    4.731465876102448e-01    4.326872993260622e-03
    vertex   -3.274294082075358e-03    4.760415852069855e-01    4.175592213869095e-03
  endloop
endfacet
facet normal    8.464057724548498e-01    4.693510088253719e-01    2.516086224073311e-01
  outer loop
    vertex    7.807727903127669e-03    4.815205931663514e-01    1.861068978905678e-02
    vertex    5.767602939158677e-03    4.856514930725098e-01    1.776783913373947e-02
    vertex    7.673908025026321e-03    4.811640083789826e-01    1.972603052854538e-02
  endloop
endfacet
facet normal   -9.765232098239093e-02    8.634770268485559e-01    4.948448729769062e-01
  outer loop
    vertex   -8.503892458975331e-03    4.783957004547120e-01    1.492337975651026e-02
    vertex   -1.053889002650978e-02    4.793458878993989e-01    1.286377012729645e-02
    vertex   -1.225433032959701e-02    4.771175980567933e-01    1.641348935663700e-02
  endloop
endfacet
facet normal   -9.750893073810573e-01    1.928067133241964e-01    1.096650077657008e-01
  outer loop
    vertex    3.427367890253662e-03    4.666228890419007e-01    1.503521017730236e-02
    vertex    4.043636843562125e-03    4.722915887832642e-01    1.054839976131916e-02
    vertex    3.297120099887251e-03    4.688982963562012e-01    9.876618161797523e-03
  endloop
endfacet
facet normal    9.784071192099872e-01   -2.066728637228338e-01   -2.415880753888132e-03
  outer loop
    vertex    2.745486982166767e-02    4.619312882423401e-01    8.864494971930981e-03
    vertex    2.708262950181961e-02    4.602699875831605e-01    2.312815049663186e-04
    vertex    2.737456932663918e-02    4.616275131702424e-01    2.330848015844822e-03
  endloop
endfacet
facet normal    6.432392088365094e-01   -2.776472557474209e-01    7.135512046036414e-01
  outer loop
    vertex    2.352719940245152e-02    4.659559130668641e-01    1.578103937208652e-02
    vertex    2.471989020705223e-02    4.702559113502503e-01    1.637903042137623e-02
    vertex    2.275834046304226e-02    4.674127995967866e-01    1.704102009534836e-02
  endloop
endfacet
facet normal   -4.248828619561503e-02   -1.851575926670627e-01    9.817899018699966e-01
  outer loop
    vertex    1.636563986539841e-02    4.637938141822815e-01    2.026529982686043e-02
    vertex    1.017734035849571e-02    4.685240089893342e-01    2.088956907391548e-02
    vertex    1.053695008158684e-02    4.653781056404114e-01    2.031183987855911e-02
  endloop
endfacet
facet normal   -1.153257583687526e-01   -7.133745189436841e-01    6.912284464477279e-01
  outer loop
    vertex    4.280104767531156e-03    4.739171862602234e-01    2.068994939327240e-02
    vertex    6.243526004254817e-03    4.723159968852997e-01    1.936504058539867e-02
    vertex    6.729677785187959e-03    4.764893949031830e-01    2.375325933098793e-02
  endloop
endfacet
facet normal    6.604293955815944e-01   -4.801518176865546e-03    7.508727980656424e-01
  outer loop
    vertex    1.539021031931042e-03    4.867354035377503e-01    2.164465002715588e-02
    vertex    1.458268030546605e-03    4.886110126972199e-01    2.172766998410225e-02
    vertex   -7.043132092803731e-03    4.947415888309479e-01    2.924427017569542e-02
  endloop
endfacet
facet normal    4.770624221172001e-01    8.788675341618644e-01    1.817360700196030e-03
  outer loop
    vertex   -7.815532386302964e-03    4.957948029041291e-01    2.966468967497349e-02
    vertex    3.970513935200862e-04    4.913563132286072e-01    2.027159929275513e-02
    vertex   -9.166044183075444e-03    4.965268969535828e-01    3.014050982892513e-02
  endloop
endfacet
facet normal   -1.755841778159287e-01   -5.907705948203166e-01    7.875025719299930e-01
  outer loop
    vertex   -3.432017052546144e-03    4.880777895450593e-01    2.566839009523392e-02
    vertex    4.778426955454043e-04    4.823291003704072e-01    2.222757972776890e-02
    vertex    3.953399136662475e-04    4.831846058368683e-01    2.285096980631351e-02
  endloop
endfacet
facet normal   -8.121142458186305e-01    4.315821724211787e-01    3.926923480113322e-01
  outer loop
    vertex   -1.384073030203582e-02    4.787550866603852e-01    9.945735335350037e-03
    vertex   -1.563082076609136e-02    4.762113094329835e-01    9.039404802024364e-03
    vertex   -1.487927045673134e-02    4.766544997692109e-01    1.010658033192158e-02
  endloop
endfacet
facet normal   -3.861402374990629e-02    9.980949652911942e-01   -4.811857676834940e-02
  outer loop
    vertex   -9.188402444124237e-03    4.808281064033509e-01    8.835298009216785e-03
    vertex   -4.089809954166413e-03    4.810118973255158e-01    8.556063286960125e-03
    vertex   -4.691854119300843e-03    4.809522926807404e-01    7.802845910191536e-03
  endloop
endfacet
facet normal   -3.465120654939610e-01    6.627746319653068e-01    6.638216444877050e-01
  outer loop
    vertex   -2.483074925839902e-02    4.765574038028718e-01    1.036460045725107e-03
    vertex   -1.728737913072111e-02    4.773947894573212e-01    4.138002172112465e-03
    vertex   -2.419462986290456e-02    4.775095880031586e-01    4.178292874712497e-04
  endloop
endfacet
facet normal   -6.266063526349053e-02    1.059495237798742e-01    9.923952555303727e-01
  outer loop
    vertex   -2.651651017367841e-02    4.718826115131379e-01    3.369058948010206e-03
    vertex   -2.891775965690614e-02    4.708186984062195e-01    3.331026993691921e-03
    vertex   -2.727443911135198e-02    4.707122147083283e-01    3.446155926212668e-03
  endloop
endfacet
facet normal    4.244244057131826e-01   -8.318903298325496e-01    3.575225908472128e-01
  outer loop
    vertex   -1.881406083703042e-02    4.728091955184937e-01    5.637336289510131e-04
    vertex   -1.800717972218992e-02    4.750554859638215e-01    4.832575097680092e-03
    vertex   -1.933401077985765e-02    4.742217063903809e-01    4.467636812478304e-03
  endloop
endfacet
facet normal   -7.381698153071912e-01   -1.869909416702537e-01   -6.481818506427183e-01
  outer loop
    vertex   -1.318076997995378e-02    4.957129061222077e-01    2.570814080536366e-02
    vertex   -4.599274136126042e-03    4.895718097686768e-01    1.770688034594059e-02
    vertex   -1.217763032764198e-02    4.944750070571900e-01    2.492284961044788e-02
  endloop
endfacet
facet normal   -1.185721866100575e-01   -8.264331851907311e-01    5.504078732885392e-01
  outer loop
    vertex   -1.382074970752002e-02    4.732863903045655e-01    1.616548933088779e-02
    vertex   -1.039237994700672e-02    4.706465899944306e-01    1.294040959328413e-02
    vertex   -9.458573535084740e-03    4.706768095493317e-01    1.318695023655891e-02
  endloop
endfacet
facet normal    2.852772392335227e-01   -3.565218304611781e-01    8.896679611967099e-01
  outer loop
    vertex   -1.002721954137088e-02    4.716714918613434e-01    1.396944001317024e-02
    vertex   -2.224822994321586e-03    4.744792878627778e-01    1.259274035692215e-02
    vertex   -1.196327991783620e-02    4.757800102233887e-01    1.623667962849140e-02
  endloop
endfacet
facet normal   -6.015507333936939e-01   -7.987320592842393e-01    1.279893062202005e-02
  outer loop
    vertex    5.101596936583518e-03    4.657100141048432e-01    1.319712959229946e-02
    vertex    6.122902967035770e-03    4.648016095161439e-01    4.508554004132748e-03
    vertex    5.949479993432759e-03    4.650690853595734e-01    1.304979994893074e-02
  endloop
endfacet
facet normal   -6.119513987505730e-01   -7.009249885042733e-01   -3.663599951652768e-01
  outer loop
    vertex   -9.760730899870411e-03    4.705508053302765e-01    1.225981023162603e-02
    vertex   -9.273155592381970e-03    4.734767079353333e-01    5.847509019076824e-03
    vertex   -9.238423779606835e-03    4.709118008613587e-01    1.069671008735895e-02
  endloop
endfacet
facet normal    6.945394608131412e-01    7.187459139599347e-01    3.192567210395427e-02
  outer loop
    vertex    5.707652773708104e-03    4.879237115383149e-01    1.535748969763517e-02
    vertex    5.705507006496190e-03    4.879859983921052e-01    1.400190033018589e-02
    vertex    4.572960082441568e-03    4.889603853225709e-01    1.670386083424091e-02
  endloop
endfacet
facet normal   -8.396459984832950e-01    1.079183313221641e-01   -5.323046411554478e-01
  outer loop
    vertex    4.146753810346126e-03    4.735251069068909e-01    9.981873445212841e-03
    vertex    4.695307929068803e-03    4.745916128158570e-01    9.332817047834396e-03
    vertex    4.916511010378598e-03    4.739201068878174e-01    8.847756311297417e-03
  endloop
endfacet
facet normal   -8.582369950602002e-01    1.795815824480690e-01   -4.808115177026079e-01
  outer loop
    vertex   -1.454299967736007e-02    4.966050088405610e-01    2.757305093109608e-02
    vertex   -1.481880992650987e-02    4.941135942935944e-01    2.713483013212681e-02
    vertex   -1.517582032829525e-02    4.949049949645997e-01    2.806767076253891e-02
  endloop
endfacet
facet normal    2.784795454969195e-01   -7.627363300403870e-01    5.836800781047362e-01
  outer loop
    vertex   -9.313407645095222e-05    4.750792980194092e-01    1.049451995640993e-02
    vertex   -3.347377933096149e-04    4.757345914840699e-01    1.146611012518406e-02
    vertex   -1.543382997624577e-03    4.754034876823426e-01    1.161008980125189e-02
  endloop
endfacet
facet normal    2.351182670858666e-01    5.884897988776657e-01   -7.735626394154927e-01
  outer loop
    vertex    8.786449208855627e-03    4.832001924514771e-01    8.444948121905327e-03
    vertex    5.043468903750180e-03    4.870148897171021e-01    1.020933967083693e-02
    vertex    1.006225030869245e-02    4.824770092964173e-01    8.282554335892200e-03
  endloop
endfacet
facet normal    4.815220661013675e-02   -2.818132728305687e-01   -9.582602174018798e-01
  outer loop
    vertex    8.786449208855627e-03    4.832001924514771e-01    8.444948121905327e-03
    vertex    8.922997862100599e-03    4.826925098896027e-01    8.601113222539425e-03
    vertex    3.390372032299637e-03    4.838519096374512e-01    7.982134819030762e-03
  endloop
endfacet
facet normal   -2.762201394189501e-01   -8.760943937098292e-01   -3.951721749941188e-01
  outer loop
    vertex    1.006225030869245e-02    4.824770092964173e-01    8.282554335892200e-03
    vertex    8.835907094180582e-03    4.819555878639222e-01    1.029574032872915e-02
    vertex    8.922997862100599e-03    4.826925098896027e-01    8.601113222539425e-03
  endloop
endfacet
facet normal    3.014506454342319e-01    9.532650085683682e-01    2.033056335751054e-02
  outer loop
    vertex    2.228550054132938e-02    4.783129990100861e-01    1.548148039728403e-02
    vertex    1.936049014329910e-02    4.794904887676240e-01    3.641498042270541e-03
    vertex    1.650764048099518e-02    4.801166951656342e-01    1.658027991652489e-02
  endloop
endfacet
facet normal    6.253849468372261e-01    2.133692746919716e-01   -7.505779245933242e-01
  outer loop
    vertex    6.824456155300140e-03    4.819042086601258e-01    9.238410741090775e-03
    vertex    2.001489978283643e-03    4.802418947219849e-01    4.747341852635145e-03
    vertex    7.461517816409461e-04    4.808053970336915e-01    3.861577017232776e-03
  endloop
endfacet
facet normal    6.502994591885602e-01   -1.852979334264554e-01   -7.367328479489367e-01
  outer loop
    vertex    8.088858798146246e-03    4.813533127307892e-01    9.841005317866802e-03
    vertex    6.587814074009656e-03    4.791417121887208e-01    9.072309359908104e-03
    vertex    2.001489978283643e-03    4.802418947219849e-01    4.747341852635145e-03
  endloop
endfacet
facet normal   -9.929711112155344e-01   -1.183318493100279e-01    2.438386814168665e-03
  outer loop
    vertex    4.146753810346126e-03    4.735251069068909e-01    9.981873445212841e-03
    vertex    4.057732876390218e-03    4.742867052555085e-01    1.068976987153292e-02
    vertex    3.922947216778993e-03    4.753740131855012e-01    8.567420765757561e-03
  endloop
endfacet
facet normal   -9.361078929113877e-01   -3.285779674774609e-01    1.254533065223170e-01
  outer loop
    vertex    4.057732876390218e-03    4.742867052555085e-01    1.068976987153292e-02
    vertex    4.203164018690585e-03    4.752630889415742e-01    1.433221995830536e-02
    vertex    2.162706106901168e-03    4.782113134860993e-01    6.828494835644960e-03
  endloop
endfacet
facet normal    1.609661939869572e-01    2.698701494199478e-01    9.493471371660676e-01
  outer loop
    vertex    1.202245987951755e-02    4.789217114448548e-01    1.962612941861153e-02
    vertex    7.673908025026321e-03    4.811640083789826e-01    1.972603052854538e-02
    vertex    1.013807021081447e-02    4.773213863372803e-01    2.040055952966213e-02
  endloop
endfacet
facet normal   -7.991914899168662e-01    1.464383513207412e-01    5.829654978700907e-01
  outer loop
    vertex   -1.562747056595990e-04    4.808839857578278e-01    2.377486042678356e-02
    vertex    1.353078987449407e-03    4.814969897270203e-01    2.569006010890007e-02
    vertex    7.710570935159913e-04    4.851283133029938e-01    2.397998981177807e-02
  endloop
endfacet
facet normal    6.180133519247070e-01   -3.097095054925727e-01    7.225922218307739e-01
  outer loop
    vertex    2.713022939860821e-02    4.729819893836976e-01    1.759514026343822e-02
    vertex    2.701815962791443e-02    4.757938981056214e-01    1.889619976282120e-02
    vertex    2.588164992630482e-02    4.733549952507020e-01    1.882288977503777e-02
  endloop
endfacet
facet normal    5.858405739039548e-01    2.975694878462893e-01    7.538190909434318e-01
  outer loop
    vertex    2.228882908821106e-02    4.662821888923646e-01    1.720857992768288e-02
    vertex    1.913945935666561e-02    4.684630036354065e-01    1.879527978599072e-02
    vertex    2.365230023860931e-02    4.638633131980897e-01    1.710378937423229e-02
  endloop
endfacet
facet normal    1.166610832322857e-01   -2.298864189068041e-01    9.661999927868324e-01
  outer loop
    vertex   -3.477079048752786e-02    4.697228074073792e-01    3.776991041377187e-03
    vertex   -3.151452913880350e-02    4.671008884906769e-01    2.759994007647038e-03
    vertex   -2.891775965690614e-02    4.708186984062195e-01    3.331026993691921e-03
  endloop
endfacet
facet normal    9.503736763806678e-01   -3.077500097238617e-01   -4.560489839542355e-02
  outer loop
    vertex    3.171021491289139e-02    4.730596840381623e-01   -5.841746476001835e-23
    vertex    3.161936998367310e-02    4.727711975574494e-01    5.361458897823468e-05
    vertex    3.161595761775970e-02    4.727686047554017e-01   -5.831181749680439e-23
  endloop
endfacet
facet normal   -4.633094665883955e-01   -2.398916905902523e-01    8.531097906807348e-01
  outer loop
    vertex    3.988032229244708e-03    4.663549959659577e-01    1.593793928623199e-02
    vertex    5.081852898001670e-03    4.673992991447449e-01    1.682562939822674e-02
    vertex    6.612369790673255e-03    4.716976881027222e-01    1.886552013456821e-02
  endloop
endfacet
facet normal   -8.986422362688087e-01    3.802818696166325e-01    2.186957494664062e-01
  outer loop
    vertex   -4.089809954166413e-03    4.810118973255158e-01    8.556063286960125e-03
    vertex   -3.125502960756422e-03    4.830608963966370e-01    8.955567143857479e-03
    vertex   -4.645578097552062e-03    4.839994907379151e-01    1.077343011274934e-03
  endloop
endfacet
facet normal    4.332594851568538e-01   -8.275009640708832e-01    3.571111493406176e-01
  outer loop
    vertex   -1.881406083703042e-02    4.728091955184937e-01    5.637336289510131e-04
    vertex   -1.933401077985765e-02    4.742217063903809e-01    4.467636812478304e-03
    vertex   -2.171329036355020e-02    4.716885089874268e-01    1.484313979744911e-03
  endloop
endfacet
facet normal    2.703390797667861e-01    9.357105362042580e-01   -2.266331272942840e-01
  outer loop
    vertex   -9.166044183075444e-03    4.965268969535828e-01    3.014050982892513e-02
    vertex   -2.304464112967254e-03    4.924395978450776e-01    2.144991979002953e-02
    vertex   -7.890230976045147e-03    4.954183101654053e-01    2.708528935909271e-02
  endloop
endfacet
facet normal    4.129822298692900e-01   -4.124164187454780e-02    9.098048168633096e-01
  outer loop
    vertex   -5.707683973014369e-03    4.871912002563477e-01    2.265975996851921e-02
    vertex   -1.370764989405872e-02    4.930869042873383e-01    2.655838988721371e-02
    vertex   -5.139989778399482e-03    4.864203929901124e-01    2.236712910234928e-02
  endloop
endfacet
facet normal   -2.266042277767402e-01   -9.716715684689421e-01    6.711845486014638e-02
  outer loop
    vertex    2.541645988821983e-02    4.599170088768006e-01    7.800106890499592e-03
    vertex    2.181590907275677e-02    4.612259864807129e-01    1.459401007741690e-02
    vertex    2.299108915030956e-02    4.605953097343445e-01    9.431348182260990e-03
  endloop
endfacet
facet normal   -1.969810002461521e-01   -9.767479351788030e-01    8.462834434142230e-02
  outer loop
    vertex    5.949479993432759e-03    4.650690853595734e-01    1.304979994893074e-02
    vertex    7.435970939695834e-03    4.645704925060273e-01    1.075518969446421e-02
    vertex    9.493564255535601e-03    4.645941853523255e-01    1.581789925694466e-02
  endloop
endfacet
facet normal    5.852832500919614e-01    5.910122221914337e-01    5.551108631454927e-01
  outer loop
    vertex    2.701815962791443e-02    4.757938981056214e-01    1.889619976282120e-02
    vertex    2.751062065362930e-02    4.760222136974335e-01    1.813388988375664e-02
    vertex    2.260516025125980e-02    4.778051078319550e-01    2.140777930617332e-02
  endloop
endfacet
facet normal    3.679896570205714e-01   -7.169730706635704e-01    5.920584669347555e-01
  outer loop
    vertex    2.500401064753532e-02    4.713321030139924e-01    1.691869087517262e-02
    vertex    2.713022939860821e-02    4.729819893836976e-01    1.759514026343822e-02
    vertex    2.588164992630482e-02    4.733549952507020e-01    1.882288977503777e-02
  endloop
endfacet
facet normal    7.586767078072845e-02   -8.911390851299937e-02    9.931277902867504e-01
  outer loop
    vertex    1.709914952516556e-02    4.693624079227448e-01    1.909904927015305e-02
    vertex    1.290708966553211e-02    4.750249981880189e-01    1.992739923298359e-02
    vertex    1.050969026982784e-02    4.709199070930482e-01    1.974219083786011e-02
  endloop
endfacet
facet normal    1.532519469921404e-01   -2.019835350843738e-01    9.673243986884327e-01
  outer loop
    vertex    1.636563986539841e-02    4.637938141822815e-01    2.026529982686043e-02
    vertex    1.831387914717197e-02    4.659867882728577e-01    2.041454985737801e-02
    vertex    1.686554960906506e-02    4.664956033229828e-01    2.075025066733360e-02
  endloop
endfacet
facet normal    3.393328320620256e-01   -1.740544729826036e-01    9.244232090982535e-01
  outer loop
    vertex    8.888859301805494e-03    4.765389859676362e-01    2.071180008351803e-02
    vertex    1.013807021081447e-02    4.773213863372803e-01    2.040055952966213e-02
    vertex    9.099539369344710e-03    4.777741134166718e-01    2.086701989173889e-02
  endloop
endfacet
facet normal    3.575846662805114e-02    4.595943146276449e-01    8.874088111047557e-01
  outer loop
    vertex    4.209720063954591e-03    4.795989096164704e-01    2.344010025262833e-02
    vertex    6.882837042212485e-03    4.776177108287812e-01    2.435846067965031e-02
    vertex    4.795830231159925e-03    4.804277122020722e-01    2.298724092543125e-02
  endloop
endfacet
facet normal    3.141754355732366e-01    4.452207837023845e-01    8.384940366167201e-01
  outer loop
    vertex    7.710570935159913e-04    4.851283133029938e-01    2.397998981177807e-02
    vertex    1.353078987449407e-03    4.814969897270203e-01    2.569006010890007e-02
    vertex    1.766199013218283e-03    4.825111925601960e-01    2.499675005674362e-02
  endloop
endfacet
facet normal   -4.854329036221847e-01    7.690849614056613e-01    4.157682265644972e-01
  outer loop
    vertex   -1.623689942061902e-02    4.796491861343384e-01    3.650008933618665e-03
    vertex   -1.521847024559976e-02    4.801405966281891e-01    3.930075094103813e-03
    vertex   -1.573367044329645e-02    4.815233945846558e-01    7.706604083068669e-04
  endloop
endfacet
facet normal   -6.722566555052594e-01   -7.403163956519894e-01   -1.619709149877891e-03
  outer loop
    vertex    5.407248158007859e-03    4.654611945152283e-01    6.461989687522873e-05
    vertex    6.122902967035770e-03    4.648016095161439e-01    4.508554004132748e-03
    vertex    5.101596936583518e-03    4.657100141048432e-01    1.319712959229946e-02
  endloop
endfacet
facet normal   -4.522554600998502e-01    2.347971814710551e-01   -8.604273835618675e-01
  outer loop
    vertex    2.519516972824930e-03    4.833028912544251e-01    2.167549915611744e-02
    vertex    3.396044950932263e-03    4.836524128913880e-01    2.131015993654728e-02
    vertex   -6.212911830516616e-05    4.786224961280823e-01    2.175525017082691e-02
  endloop
endfacet
facet normal    8.773415713395410e-02    9.876263916581649e-01   -1.299878000901157e-01
  outer loop
    vertex   -9.166044183075444e-03    4.965268969535828e-01    3.014050982892513e-02
    vertex   -1.294174045324327e-02    4.964402914047242e-01    2.693412080407143e-02
    vertex   -1.133660040795805e-02    4.968551099300385e-01    3.116922080516815e-02
  endloop
endfacet
facet normal    1.829057220113491e-01    9.210183738371887e-01   -3.439050041941926e-01
  outer loop
    vertex   -2.304464112967254e-03    4.924395978450776e-01    2.144991979002953e-02
    vertex   -1.817423035390684e-04    4.910875856876374e-01    1.895803958177567e-02
    vertex   -8.816351182758824e-03    4.948202073574067e-01    2.436213009059429e-02
  endloop
endfacet
facet normal   -6.763337428203828e-01    2.980677552632381e-01    6.735935581601910e-01
  outer loop
    vertex   -3.261806908994914e-03    4.841060042381287e-01    1.352399028837681e-02
    vertex   -4.177692811936141e-03    4.830799996852875e-01    1.305838953703642e-02
    vertex   -1.304734032601119e-03    4.812645912170411e-01    1.674636080861092e-02
  endloop
endfacet
facet normal   -7.194083534005896e-01   -6.254191842056077e-01    3.021629776876121e-01
  outer loop
    vertex   -2.063503023236991e-03    4.825615882873536e-01    1.762437075376511e-02
    vertex   -1.304734032601119e-03    4.812645912170411e-01    1.674636080861092e-02
    vertex   -1.048902980983258e-03    4.815992116928101e-01    1.804805919528008e-02
  endloop
endfacet
facet normal    4.522549317574158e-01    5.765091430309988e-02   -8.900235102406632e-01
  outer loop
    vertex    3.390372032299637e-03    4.838519096374512e-01    7.982134819030762e-03
    vertex    3.977381158620118e-03    4.833030104637147e-01    8.244861848652363e-03
    vertex    2.082468010485171e-03    4.832704961299897e-01    7.279878016561270e-03
  endloop
endfacet
facet normal    3.726852660988531e-01    9.270006582936561e-01    4.213634958032438e-02
  outer loop
    vertex    2.723711915314198e-02    4.763303995132447e-01    1.728728041052818e-02
    vertex    2.600630000233650e-02    4.768880903720856e-01    1.590435020625591e-02
    vertex    2.259662933647633e-02    4.780597090721131e-01    2.028637938201427e-02
  endloop
endfacet
facet normal    6.044045996985715e-01   -3.303430589829552e-01   -7.249610632613267e-01
  outer loop
    vertex    3.922947216778993e-03    4.753740131855012e-01    8.567420765757561e-03
    vertex    2.001489978283643e-03    4.802418947219849e-01    4.747341852635145e-03
    vertex    6.587814074009656e-03    4.791417121887208e-01    9.072309359908104e-03
  endloop
endfacet
facet normal    5.832104653747915e-01   -1.164050762260719e-01   -8.039374424083764e-01
  outer loop
    vertex    8.835907094180582e-03    4.819555878639222e-01    1.029574032872915e-02
    vertex    6.587814074009656e-03    4.791417121887208e-01    9.072309359908104e-03
    vertex    8.088858798146246e-03    4.813533127307892e-01    9.841005317866802e-03
  endloop
endfacet
facet normal   -9.709382045534207e-01   -1.729740820125022e-01    1.654054711625700e-01
  outer loop
    vertex    2.162706106901168e-03    4.782113134860993e-01    6.828494835644960e-03
    vertex    3.744401037693023e-03    4.760614931583405e-01    1.386492978781462e-02
    vertex    1.394381979480385e-03    4.802604019641877e-01    4.461245145648718e-03
  endloop
endfacet
facet normal    8.531838443406679e-01    5.189008027898200e-01   -5.309693607129741e-02
  outer loop
    vertex    3.185894712805748e-02    4.749138951301575e-01    2.709919589517313e-19
    vertex    3.187244012951851e-02    4.749118983745576e-01    1.972975005628541e-04
    vertex    3.198957815766335e-02    4.746991097927094e-01   -5.873058601215605e-23
  endloop
endfacet
facet normal    1.980584841964131e-01   -8.247968689549193e-01    5.296064216000225e-01
  outer loop
    vertex   -8.386564441025273e-03    4.754101932048798e-01    6.072696851333603e-05
    vertex   -8.369016461074368e-03    4.753754138946534e-01   -1.349509459345325e-23
    vertex   -6.121772807091489e-03    4.759150445461274e-01   -1.601389317880697e-23
  endloop
endfacet
facet normal   -8.874901472989980e-01    4.526898042184230e-01   -8.621588950935169e-02
  outer loop
    vertex    1.089027989655733e-02    4.813148081302643e-01    1.903199008665979e-03
    vertex    1.112759765237570e-02    4.814175963401795e-01   -3.534766227653586e-23
    vertex    1.085445657372474e-02    4.808821082115174e-01   -3.504151507188995e-23
  endloop
endfacet
facet normal    7.394305810956214e-01   -4.647718922325240e-01    4.870621150645890e-01
  outer loop
    vertex    2.365230023860931e-02    4.638633131980897e-01    1.710378937423229e-02
    vertex    2.277904003858566e-02    4.613335132598878e-01    1.601549983024597e-02
    vertex    2.677717059850693e-02    4.619511067867280e-01    1.053509023040533e-02
  endloop
endfacet
facet normal   -8.379307588431634e-01   -9.911274619844174e-02    5.367016926799503e-01
  outer loop
    vertex    9.138879366219042e-03    4.654670059680939e-01    1.988472044467926e-02
    vertex    8.710955269634722e-03    4.679472148418427e-01    1.967464014887810e-02
    vertex    6.414243020117282e-03    4.659031033515931e-01    1.571138948202133e-02
  endloop
endfacet
facet normal   -7.003942395046846e-01    3.919536323874092e-01    5.965067135640387e-01
  outer loop
    vertex   -1.487927045673134e-02    4.766544997692109e-01    1.010658033192158e-02
    vertex   -1.136249955743553e-02    4.791010022163392e-01    1.262827962636948e-02
    vertex   -1.384073030203582e-02    4.787550866603852e-01    9.945735335350037e-03
  endloop
endfacet
facet normal    4.181684354165672e-01   -4.325480746139505e-01    7.987723848312638e-01
  outer loop
    vertex   -6.908258888870492e-03    4.870730042457581e-01    2.407965995371342e-02
    vertex   -1.048902980983258e-03    4.815992116928101e-01    1.804805919528008e-02
    vertex   -2.536449115723372e-03    4.841732084751130e-01    2.022067084908485e-02
  endloop
endfacet
facet normal    5.518621267352635e-01    7.796480682646917e-01   -2.959680434208509e-01
  outer loop
    vertex    5.705507006496190e-03    4.879859983921052e-01    1.400190033018589e-02
    vertex    9.153127670288084e-03    4.840222895145417e-01    9.989012032747269e-03
    vertex    5.043468903750180e-03    4.870148897171021e-01    1.020933967083693e-02
  endloop
endfacet
facet normal   -2.730946988154455e-01   -9.597600005591714e-01    6.542191380233581e-02
  outer loop
    vertex    1.786741055548191e-02    4.626325070858002e-01    1.874564960598946e-02
    vertex    1.705219969153404e-02    4.626283943653107e-01    1.528233010321856e-02
    vertex    2.181590907275677e-02    4.612259864807129e-01    1.459401007741690e-02
  endloop
endfacet
facet normal   -2.163689328687250e-01    9.498130635865166e-01    2.259195191426472e-01
  outer loop
    vertex   -6.701239850372091e-03    4.827840030193329e-01    4.848255775868893e-03
    vertex   -6.838204804807916e-03    4.834437072277070e-01    1.943545998074114e-03
    vertex   -1.453366037458183e-02    4.819507896900178e-01    8.499489049427211e-04
  endloop
endfacet
facet normal    4.070111805371502e-01   -9.024611500434073e-01   -1.410878151368360e-01
  outer loop
    vertex   -2.989606931805612e-02    4.673244953155518e-01    2.216384047642350e-03
    vertex   -3.171896934509279e-02    4.668335914611817e-01    9.771040640771389e-05
    vertex   -2.535733953118326e-02    4.696871936321259e-01    1.968639990082011e-04
  endloop
endfacet
facet normal   -1.065881582749405e-02   -9.180880329330880e-01    3.962332058651932e-01
  outer loop
    vertex    2.251327037811279e-02    4.612168967723847e-01    1.559059973806143e-02
    vertex    1.912721991539001e-02    4.627867043018342e-01    1.913681998848915e-02
    vertex    1.786741055548191e-02    4.626325070858002e-01    1.874564960598946e-02
  endloop
endfacet
facet normal   -7.571715800497955e-01    1.407057464900136e-02    6.530644817274501e-01
  outer loop
    vertex    5.789298098534345e-03    4.712558090686799e-01    1.792076043784618e-02
    vertex    3.988032229244708e-03    4.663549959659577e-01    1.593793928623199e-02
    vertex    6.612369790673255e-03    4.716976881027222e-01    1.886552013456821e-02
  endloop
endfacet
facet normal   -8.385651543353237e-01   -1.595671570680821e-01   -5.209095932307108e-01
  outer loop
    vertex    3.585790051147341e-03    4.763365089893342e-01    1.836987026035786e-02
    vertex    1.622287963982663e-04    4.763788878917695e-01    2.386816963553429e-02
    vertex    2.259198954561717e-04    4.773252010345460e-01    2.347576059401035e-02
  endloop
endfacet
facet normal   -3.736510192297403e-01    8.891375593830368e-01    2.642334504239626e-01
  outer loop
    vertex   -1.384073030203582e-02    4.787550866603852e-01    9.945735335350037e-03
    vertex   -1.041609980165960e-02    4.804722964763642e-01    9.010126814246178e-03
    vertex   -1.504756044596435e-02    4.797677993774415e-01    4.831416066735983e-03
  endloop
endfacet
facet normal   -7.668137003621693e-01   -4.888599405804284e-01   -4.159479624094549e-01
  outer loop
    vertex   -1.217763032764198e-02    4.944750070571900e-01    2.492284961044788e-02
    vertex   -2.138603944331408e-03    4.869526028633118e-01    1.525659020990133e-02
    vertex   -5.386061966419235e-03    4.879465997219086e-01    2.007514983415604e-02
  endloop
endfacet
facet normal    4.912141377432289e-01   -8.141461563054164e-01   -3.096364110602830e-01
  outer loop
    vertex   -6.388168781995788e-03    4.731465876102448e-01    4.326872993260622e-03
    vertex   -7.963309064507500e-03    4.720829129219056e-01    4.624820780009031e-03
    vertex   -3.191347932443024e-03    4.764873087406159e-01    6.144166109152138e-04
  endloop
endfacet
facet normal   -2.916856919768588e-01   -9.425435005343288e-01   -1.628840283651985e-01
  outer loop
    vertex   -8.740525692701355e-03    4.705299139022828e-01    1.201491989195347e-02
    vertex   -9.238423779606835e-03    4.709118008613587e-01    1.069671008735895e-02
    vertex   -7.760806940495983e-03    4.710778892040253e-01    7.089572027325630e-03
  endloop
endfacet
facet normal   -8.241245076570562e-02   -9.547785871602663e-01    2.856677046133073e-01
  outer loop
    vertex    6.317744031548499e-03    4.767636060714722e-01    2.351728081703186e-02
    vertex    5.527745932340621e-03    4.769156873226166e-01    2.379767037928104e-02
    vertex    4.160241223871707e-03    4.755544066429139e-01    1.885339058935642e-02
  endloop
endfacet
facet normal   -3.461282082679736e-01   -8.618774382495262e-01    3.706245335614418e-01
  outer loop
    vertex   -1.306310016661884e-02    4.946432113647461e-01    3.311995044350624e-02
    vertex   -5.707683973014369e-03    4.871912002563477e-01    2.265975996851921e-02
    vertex   -5.483116023242488e-03    4.874660968780518e-01    2.350874990224838e-02
  endloop
endfacet
facet normal   -3.339750000746280e-01    5.512386782265069e-01   -7.645891831253211e-01
  outer loop
    vertex    6.662018131464711e-04    4.851224124431611e-01    1.240953989326954e-02
    vertex   -1.085466006770731e-03    4.877254068851472e-01    1.505133043974638e-02
    vertex    1.734665944240986e-03    4.851259887218476e-01    1.194540970027447e-02
  endloop
endfacet
facet normal    6.491612331117494e-01   -2.964845177260957e-03    7.606450572493769e-01
  outer loop
    vertex    3.953399136662475e-04    4.831846058368683e-01    2.285096980631351e-02
    vertex   -2.916407072916628e-03    4.891493022441865e-01    2.570058032870293e-02
    vertex   -7.043132092803731e-03    4.947415888309479e-01    2.924427017569542e-02
  endloop
endfacet
facet normal    7.055658269988306e-02   -9.501247104380274e-01   -3.037841392383238e-01
  outer loop
    vertex    2.747049089521169e-03    4.766789078712464e-01    1.170224044471979e-02
    vertex    3.744401037693023e-03    4.760614931583405e-01    1.386492978781462e-02
    vertex    3.747232956811785e-03    4.756254851818085e-01    1.522925961762667e-02
  endloop
endfacet
facet normal    3.395312711731125e-01    9.404858212975328e-01    1.431558010964497e-02
  outer loop
    vertex    3.005209006369114e-02    4.757184982299805e-01    7.485207752324641e-04
    vertex    2.221418917179108e-02    4.784752130508423e-01    5.537795834243298e-03
    vertex    2.857268974184990e-02    4.761362969875336e-01    8.388369344174862e-03
  endloop
endfacet
facet normal    5.337146661490481e-01    4.256781826397913e-01   -7.307165934628108e-01
  outer loop
    vertex    6.824456155300140e-03    4.819042086601258e-01    9.238410741090775e-03
    vertex    8.088858798146246e-03    4.813533127307892e-01    9.841005317866802e-03
    vertex    2.001489978283643e-03    4.802418947219849e-01    4.747341852635145e-03
  endloop
endfacet
facet normal    6.809734357210350e-01    4.763680289587470e-01    5.561912268530022e-01
  outer loop
    vertex   -4.545491188764573e-03    4.840132892131806e-01    1.224362058565021e-04
    vertex   -4.376504570245744e-03    4.839146733283997e-01   -1.797005808480591e-23
    vertex   -4.437380470335484e-03    4.840016961097718e-01    2.574801141393124e-19
  endloop
endfacet
facet normal    3.422030443415519e-01    9.395514236826027e-01   -1.184055316986271e-02
  outer loop
    vertex    3.005209006369114e-02    4.757184982299805e-01    7.485207752324641e-04
    vertex    2.992317266762257e-02    4.757560193538666e-01   -5.641447791466320e-23
    vertex    2.785021439194679e-02    4.765110313892365e-01    5.415601759907658e-20
  endloop
endfacet
facet normal   -1.970595355941499e-02    9.857891640355818e-01   -1.668274541685001e-01
  outer loop
    vertex   -6.701239850372091e-03    4.827840030193329e-01    4.848255775868893e-03
    vertex   -1.453366037458183e-02    4.819507896900178e-01    8.499489049427211e-04
    vertex   -1.281893998384477e-02    4.825030863285065e-01    3.910942934453487e-03
  endloop
endfacet
facet normal   -2.389018906926576e-01    6.362804463602768e-01    7.335346482634890e-01
  outer loop
    vertex    1.202245987951755e-02    4.789217114448548e-01    1.962612941861153e-02
    vertex    1.013807021081447e-02    4.773213863372803e-01    2.040055952966213e-02
    vertex    1.562926918268204e-02    4.776070117950440e-01    2.194120921194553e-02
  endloop
endfacet
facet normal    6.696377135735611e-01   -9.969843738771518e-02    7.359657289184199e-01
  outer loop
    vertex   -1.277158968150617e-02    4.948615133762360e-01    3.355684876441956e-02
    vertex   -9.243687614798561e-03    4.948188066482545e-01    3.034110926091671e-02
    vertex   -9.820974431931988e-03    4.964601099491120e-01    3.108870983123779e-02
  endloop
endfacet
facet normal   -6.495052050851585e-01    4.372950075839329e-01    6.220257751166380e-01
  outer loop
    vertex   -1.665233075618745e-02    4.774290919303895e-01    4.776990041136742e-03
    vertex   -1.623689942061902e-02    4.796491861343384e-01    3.650008933618665e-03
    vertex   -1.728737913072111e-02    4.773947894573212e-01    4.138002172112465e-03
  endloop
endfacet
facet normal   -1.785049756992742e-01   -4.026175624439540e-02    9.831149295147126e-01
  outer loop
    vertex   -2.185625955462457e-02    4.724926054477692e-01    4.502851981669664e-03
    vertex   -2.727443911135198e-02    4.707122147083283e-01    3.446155926212668e-03
    vertex   -2.893795073032381e-02    4.680689871311188e-01    3.035861998796463e-03
  endloop
endfacet
facet normal   -4.919352225461549e-01   -8.347284921615760e-01    2.474430867737609e-01
  outer loop
    vertex   -3.477079048752786e-02    4.697228074073792e-01    3.776991041377187e-03
    vertex   -3.411801904439928e-02    4.682385921478272e-01    6.787347228964791e-05
    vertex   -3.171896934509279e-02    4.668335914611817e-01    9.771040640771389e-05
  endloop
endfacet
facet normal   -1.065619666445540e-01    9.134482346068533e-01   -3.927554836771448e-01
  outer loop
    vertex   -2.363493898883463e-03    4.845319986343384e-01    1.266713999211788e-02
    vertex    6.665558903478078e-04    4.842948913574219e-01    1.129357982426882e-02
    vertex   -2.890638075768948e-03    4.843592047691346e-01    1.240829005837440e-02
  endloop
endfacet
facet normal   -1.381477035604573e-01    8.604266134439691e-01   -4.904908305751643e-01
  outer loop
    vertex   -2.890638075768948e-03    4.843592047691346e-01    1.240829005837440e-02
    vertex    6.665558903478078e-04    4.842948913574219e-01    1.129357982426882e-02
    vertex   -2.759428927674890e-03    4.832414090633393e-01    1.041048020124435e-02
  endloop
endfacet
facet normal   -8.173031213125420e-01   -3.601329417936493e-01   -4.497998133923892e-01
  outer loop
    vertex   -3.733352990821005e-03    4.865970909595490e-01    1.843895018100739e-02
    vertex   -2.138603944331408e-03    4.869526028633118e-01    1.525659020990133e-02
    vertex   -9.564642095938334e-04    4.853116869926453e-01    1.442239992320538e-02
  endloop
endfacet
facet normal   -8.927742826999970e-01    4.191925308619725e-01   -1.650203085048627e-01
  outer loop
    vertex    1.014658994972706e-02    4.821738898754120e-01    8.108907379209995e-03
    vertex    1.089027989655733e-02    4.813148081302643e-01    1.903199008665979e-03
    vertex    9.677506051957606e-03    4.783805906772614e-01    1.010771025903523e-03
  endloop
endfacet
facet normal   -5.732732369327355e-01    6.984307805704526e-01   -4.284299716037755e-01
  outer loop
    vertex   -2.890638075768948e-03    4.843592047691346e-01    1.240829005837440e-02
    vertex   -2.759428927674890e-03    4.832414090633393e-01    1.041048020124435e-02
    vertex   -4.089809954166413e-03    4.810118973255158e-01    8.556063286960125e-03
  endloop
endfacet
facet normal    6.484045683948646e-01    4.742810551617573e-01   -5.955073436988998e-01
  outer loop
    vertex    4.322334134485564e-04    4.835940897464753e-01    5.740778055042028e-03
    vertex    2.082468010485171e-03    4.832704961299897e-01    7.279878016561270e-03
    vertex    7.461517816409461e-04    4.808053970336915e-01    3.861577017232776e-03
  endloop
endfacet
facet normal    3.563436960484044e-01    9.342688314999270e-01    1.268545522727979e-02
  outer loop
    vertex    2.600630000233650e-02    4.768880903720856e-01    1.590435020625591e-02
    vertex    2.221418917179108e-02    4.784752130508423e-01    5.537795834243298e-03
    vertex    2.228550054132938e-02    4.783129990100861e-01    1.548148039728403e-02
  endloop
endfacet
facet normal   -2.187299498496160e-01   -9.743983668286231e-01    5.200991982781968e-02
  outer loop
    vertex    9.493564255535601e-03    4.645941853523255e-01    1.581789925694466e-02
    vertex    1.279131043702364e-02    4.633038043975831e-01    5.511610768735409e-03
    vertex    1.189456973224878e-02    4.640280902385712e-01    1.530972030013800e-02
  endloop
endfacet
facet normal    9.709406361930920e-01   -2.352124879239077e-01   -4.415163092796486e-02
  outer loop
    vertex    2.770011313259602e-02    4.634088575839997e-01    1.083662944627182e-19
    vertex    2.737456932663918e-02    4.616275131702424e-01    2.330848015844822e-03
    vertex    2.750739827752113e-02    4.626133441925049e-01   -5.370678348463423e-23
  endloop
endfacet
facet normal    7.564529506506007e-01   -6.169443166444962e-01    2.171604098634359e-01
  outer loop
    vertex    3.088760003447533e-02    4.720560908317566e-01    9.664633311331272e-03
    vertex    3.036368079483509e-02    4.720959067344666e-01    1.160276029258966e-02
    vertex    2.889171987771988e-02    4.694359898567200e-01    9.173443540930748e-03
  endloop
endfacet
facet normal    7.895730710492609e-01    2.154352142079046e-01    5.745972797995419e-01
  outer loop
    vertex    2.805959060788155e-02    4.754621982574463e-01    1.758950017392635e-02
    vertex    2.751062065362930e-02    4.760222136974335e-01    1.813388988375664e-02
    vertex    2.701815962791443e-02    4.757938981056214e-01    1.889619976282120e-02
  endloop
endfacet
facet normal    7.173264439729187e-01   -1.989253949149194e-01    6.677360706410210e-01
  outer loop
    vertex    2.352719940245152e-02    4.659559130668641e-01    1.578103937208652e-02
    vertex    2.275834046304226e-02    4.674127995967866e-01    1.704102009534836e-02
    vertex    2.228882908821106e-02    4.662821888923646e-01    1.720857992768288e-02
  endloop
endfacet
facet normal    8.668273054408322e-01    3.024095475762280e-01    3.964327030870780e-01
  outer loop
    vertex    2.365230023860931e-02    4.638633131980897e-01    1.710378937423229e-02
    vertex    2.611421048641205e-02    4.644024968147278e-01    1.130934990942478e-02
    vertex    2.352719940245152e-02    4.659559130668641e-01    1.578103937208652e-02
  endloop
endfacet
facet normal   -4.966714076549889e-02   -2.429882178962927e-01    9.687568844099969e-01
  outer loop
    vertex    2.190895006060600e-02    4.744229912757874e-01    2.098275907337666e-02
    vertex    2.253648079931736e-02    4.774070978164673e-01    2.176341973245144e-02
    vertex    1.725419983267784e-02    4.791229069232941e-01    2.192297019064426e-02
  endloop
endfacet
facet normal    2.982308718017658e-01    9.312926181633331e-01    2.091707590913294e-01
  outer loop
    vertex    1.626373082399368e-02    4.799583852291108e-01    2.086219005286694e-02
    vertex    2.260516025125980e-02    4.778051078319550e-01    2.140777930617332e-02
    vertex    2.259662933647633e-02    4.780597090721131e-01    2.028637938201427e-02
  endloop
endfacet
facet normal    9.195369966580119e-02   -7.715293193721359e-02    9.927698334514720e-01
  outer loop
    vertex    1.709914952516556e-02    4.693624079227448e-01    1.909904927015305e-02
    vertex    1.935875043272972e-02    4.723392128944398e-01    1.912109926342964e-02
    vertex    1.290708966553211e-02    4.750249981880189e-01    1.992739923298359e-02
  endloop
endfacet
facet normal    3.479301677287148e-01    4.464714525752366e-01    8.243833091588079e-01
  outer loop
    vertex    1.686554960906506e-02    4.664956033229828e-01    2.075025066733360e-02
    vertex    1.831387914717197e-02    4.659867882728577e-01    2.041454985737801e-02
    vertex    1.709914952516556e-02    4.693624079227448e-01    1.909904927015305e-02
  endloop
endfacet
facet normal    1.068481838970506e-01   -9.198510310210775e-02    9.900112152926333e-01
  outer loop
    vertex    1.709914952516556e-02    4.693624079227448e-01    1.909904927015305e-02
    vertex    1.913945935666561e-02    4.684630036354065e-01    1.879527978599072e-02
    vertex    1.860241033136845e-02    4.692207872867585e-01    1.892364956438541e-02
  endloop
endfacet
facet normal   -1.863764974979163e-01   -7.057668497654148e-01    6.834888111392985e-01
  outer loop
    vertex    9.776361286640166e-03    4.650279879570008e-01    1.974290981888771e-02
    vertex    1.636563986539841e-02    4.637938141822815e-01    2.026529982686043e-02
    vertex    1.053695008158684e-02    4.653781056404114e-01    2.031183987855911e-02
  endloop
endfacet
facet normal   -2.565487206890151e-01   -9.470029140765492e-01    1.933086512377389e-01
  outer loop
    vertex    9.924067184329031e-03    4.647817015647889e-01    1.873240061104298e-02
    vertex    1.786741055548191e-02    4.626325070858002e-01    1.874564960598946e-02
    vertex    9.776361286640166e-03    4.650279879570008e-01    1.974290981888771e-02
  endloop
endfacet
facet normal   -4.440995507291592e-01   -5.984540657311855e-01    6.668045592615373e-01
  outer loop
    vertex    5.853618960827588e-03    4.718269109725953e-01    1.847616024315357e-02
    vertex    5.789298098534345e-03    4.712558090686799e-01    1.792076043784618e-02
    vertex    6.612369790673255e-03    4.716976881027222e-01    1.886552013456821e-02
  endloop
endfacet
facet normal   -2.072354544468805e-01   -3.629776925605624e-01    9.084605996539448e-01
  outer loop
    vertex    4.209720063954591e-03    4.795989096164704e-01    2.344010025262833e-02
    vertex    2.126558916643261e-03    4.791741967201233e-01    2.279520034790039e-02
    vertex    5.208040820434682e-04    4.776161015033722e-01    2.180635929107666e-02
  endloop
endfacet
facet normal    7.143620572466540e-02   -7.030725358403088e-01    7.075209381062451e-01
  outer loop
    vertex    6.882837042212485e-03    4.776177108287812e-01    2.435846067965031e-02
    vertex    5.668370053172111e-03    4.773500859737397e-01    2.421513944864273e-02
    vertex    5.527745932340621e-03    4.769156873226166e-01    2.379767037928104e-02
  endloop
endfacet
facet normal    5.931199205612546e-01    2.033477593522291e-02    8.048572896613878e-01
  outer loop
    vertex    3.925987053662538e-03    4.806374907493592e-01    2.362295053899288e-02
    vertex    4.209720063954591e-03    4.795989096164704e-01    2.344010025262833e-02
    vertex    4.795830231159925e-03    4.804277122020722e-01    2.298724092543125e-02
  endloop
endfacet
facet normal    2.809912380944740e-01   -7.104940577829210e-01    6.451682865495592e-01
  outer loop
    vertex    1.353078987449407e-03    4.814969897270203e-01    2.569006010890007e-02
    vertex    2.126558916643261e-03    4.791741967201233e-01    2.279520034790039e-02
    vertex    3.925987053662538e-03    4.806374907493592e-01    2.362295053899288e-02
  endloop
endfacet
facet normal   -7.151268936054344e-01   -6.325516326689065e-01    2.974423608871852e-01
  outer loop
    vertex    4.778426955454043e-04    4.823291003704072e-01    2.222757972776890e-02
    vertex    1.483671949245028e-04    4.804497957229615e-01    1.743884012103081e-02
    vertex    3.851559013128280e-03    4.759784936904908e-01    1.683342084288597e-02
  endloop
endfacet
facet normal    4.719915598581280e-01   -2.225470707881407e-01    8.530514455214934e-01
  outer loop
    vertex   -9.820974431931988e-03    4.964601099491120e-01    3.108870983123779e-02
    vertex   -9.243687614798561e-03    4.948188066482545e-01    3.034110926091671e-02
    vertex   -8.428362198174015e-03    4.948183000087739e-01    2.988985925912857e-02
  endloop
endfacet
facet normal    8.166156498877586e-02   -6.297537306887395e-01    7.724905355324416e-01
  outer loop
    vertex   -8.428362198174015e-03    4.948183000087739e-01    2.988985925912857e-02
    vertex   -4.873298108577729e-03    4.876205027103425e-01    2.364622056484222e-02
    vertex   -3.729468910023571e-03    4.866024851799012e-01    2.269539050757885e-02
  endloop
endfacet
facet normal    1.817843231951240e-01   -9.485988212850099e-01    2.590651194143678e-01
  outer loop
    vertex   -4.873298108577729e-03    4.876205027103425e-01    2.364622056484222e-02
    vertex   -5.483116023242488e-03    4.874660968780518e-01    2.350874990224838e-02
    vertex   -5.707683973014369e-03    4.871912002563477e-01    2.265975996851921e-02
  endloop
endfacet
facet normal    1.423045697117611e-01   -4.474671089201974e-01    8.829057683998619e-01
  outer loop
    vertex   -8.428362198174015e-03    4.948183000087739e-01    2.988985925912857e-02
    vertex   -3.432017052546144e-03    4.880777895450593e-01    2.566839009523392e-02
    vertex   -7.812317926436677e-03    4.949209094047547e-01    2.984257042407990e-02
  endloop
endfacet
facet normal   -5.771924408384559e-01   -7.043668870658566e-01    4.131781391168953e-01
  outer loop
    vertex   -3.729468910023571e-03    4.866024851799012e-01    2.269539050757885e-02
    vertex   -2.536449115723372e-03    4.841732084751130e-01    2.022067084908485e-02
    vertex   -2.912939060479403e-03    4.860923886299134e-01    2.296645939350128e-02
  endloop
endfacet
facet normal   -8.028543274866136e-02    9.690141607123882e-01    2.335932482483730e-01
  outer loop
    vertex   -1.270721014589073e-02    4.823055863380433e-01    4.768632818013430e-03
    vertex   -6.701239850372091e-03    4.827840030193329e-01    4.848255775868893e-03
    vertex   -1.281893998384477e-02    4.825030863285065e-01    3.910942934453487e-03
  endloop
endfacet
facet normal   -6.940949788915360e-01   -7.174665610834462e-01   -5.893974893611197e-02
  outer loop
    vertex   -1.379239000380041e-02    4.727958142757416e-01    1.432576030492783e-02
    vertex   -1.448393985629083e-02    4.733793139457703e-01    1.536681968718767e-02
    vertex   -1.363538019359113e-02    4.731925129890442e-01    7.647791877388954e-03
  endloop
endfacet
facet normal   -3.281582687644273e-01    5.771958848640606e-01    7.477680530335112e-01
  outer loop
    vertex   -2.483074925839902e-02    4.765574038028718e-01    1.036460045725107e-03
    vertex   -3.117582015693189e-02    4.737980067729951e-01    3.818788973148912e-04
    vertex   -2.947686053812505e-02    4.736258089542389e-01    1.260385964997113e-03
  endloop
endfacet
facet normal   -2.570780699055386e-01    6.516754241801446e-01    7.136035366317013e-01
  outer loop
    vertex   -3.237809985876085e-02    4.735265076160431e-01    3.058885049540550e-04
    vertex   -3.089543059468271e-02    4.725899994373322e-01    1.695260987617075e-03
    vertex   -2.947686053812505e-02    4.736258089542389e-01    1.260385964997113e-03
  endloop
endfacet
facet normal   -2.583160380223012e-01    2.291024898466076e-01    9.385013977861441e-01
  outer loop
    vertex   -2.185625955462457e-02    4.724926054477692e-01    4.502851981669664e-03
    vertex   -2.651651017367841e-02    4.718826115131379e-01    3.369058948010206e-03
    vertex   -2.727443911135198e-02    4.707122147083283e-01    3.446155926212668e-03
  endloop
endfacet
facet normal   -2.846993835229424e-01    3.523094887830181e-01    8.915291835577257e-01
  outer loop
    vertex   -1.728737913072111e-02    4.773947894573212e-01    4.138002172112465e-03
    vertex   -2.651651017367841e-02    4.718826115131379e-01    3.369058948010206e-03
    vertex   -1.800717972218992e-02    4.750554859638215e-01    4.832575097680092e-03
  endloop
endfacet
facet normal    4.783284234996151e-01   -8.198638587209011e-01    3.146826535347116e-01
  outer loop
    vertex   -2.171329036355020e-02    4.716885089874268e-01    1.484313979744911e-03
    vertex   -1.933401077985765e-02    4.742217063903809e-01    4.467636812478304e-03
    vertex   -2.893795073032381e-02    4.680689871311188e-01    3.035861998796463e-03
  endloop
endfacet
facet normal   -7.506276865063126e-01    1.817439696790480e-01   -6.352379127031713e-01
  outer loop
    vertex   -1.385447010397913e-02    4.953227043151856e-01    2.639257907867432e-02
    vertex   -1.454299967736007e-02    4.966050088405610e-01    2.757305093109608e-02
    vertex   -1.318076997995378e-02    4.957129061222077e-01    2.570814080536366e-02
  endloop
endfacet
facet normal   -7.878579541687188e-01   -4.281865732170168e-01   -4.426467017495437e-01
  outer loop
    vertex   -3.733352990821005e-03    4.865970909595490e-01    1.843895018100739e-02
    vertex   -5.386061966419235e-03    4.879465997219086e-01    2.007514983415604e-02
    vertex   -2.138603944331408e-03    4.869526028633118e-01    1.525659020990133e-02
  endloop
endfacet
facet normal   -8.880839242024752e-01   -3.793191303968808e-01   -2.596612040488269e-01
  outer loop
    vertex   -8.121960796415821e-03    4.750421047210694e-01    8.445794810540974e-04
    vertex   -7.963309064507500e-03    4.720829129219056e-01    4.624820780009031e-03
    vertex   -9.238423779606835e-03    4.709118008613587e-01    1.069671008735895e-02
  endloop
endfacet
facet normal    6.441109165432094e-01   -6.951749107374652e-01   -3.191441221000696e-01
  outer loop
    vertex   -1.747450005495929e-04    4.793612062931061e-01    3.200283972546458e-03
    vertex    1.222178980242453e-04    4.790096879005433e-01    4.565321840345860e-03
    vertex   -3.274294082075358e-03    4.760415852069855e-01    4.175592213869095e-03
  endloop
endfacet
facet normal   -7.965355030325362e-02   -9.650925901281517e-01   -2.495027142213530e-01
  outer loop
    vertex   -8.740525692701355e-03    4.705299139022828e-01    1.201491989195347e-02
    vertex   -9.760730899870411e-03    4.705508053302765e-01    1.225981023162603e-02
    vertex   -9.238423779606835e-03    4.709118008613587e-01    1.069671008735895e-02
  endloop
endfacet
facet normal   -5.520320323111390e-02   -9.100785504248123e-01   -4.107427886277451e-01
  outer loop
    vertex   -8.807579055428521e-03    4.734489023685456e-01    5.283995997160673e-03
    vertex   -1.086180005222561e-02    4.738466143608094e-01    4.678873810917139e-03
    vertex   -9.126824326813237e-03    4.737535119056702e-01    4.651981871575117e-03
  endloop
endfacet
facet normal   -2.714103847167121e-01   -9.054858721465870e-01    3.262387751492163e-01
  outer loop
    vertex   -8.807579055428521e-03    4.734489023685456e-01    5.283995997160673e-03
    vertex   -1.596697047352792e-02    4.753887057304383e-01    4.711811896413565e-03
    vertex   -1.086180005222561e-02    4.738466143608094e-01    4.678873810917139e-03
  endloop
endfacet
facet normal   -4.907322592006191e-02   -9.759007882601392e-01    2.126251865867201e-01
  outer loop
    vertex   -9.126824326813237e-03    4.737535119056702e-01    4.651981871575117e-03
    vertex   -1.086180005222561e-02    4.738466143608094e-01    4.678873810917139e-03
    vertex   -1.746984012424947e-02    4.731804132461548e-01    9.604873775970191e-05
  endloop
endfacet
facet normal   -7.449403757125207e-01    5.193109452950038e-01   -4.187839284524872e-01
  outer loop
    vertex    4.916511010378598e-03    4.739201068878174e-01    8.847756311297417e-03
    vertex    7.495662197470664e-03    4.782752096652985e-01    9.660439565777779e-03
    vertex    9.021852165460585e-03    4.780822098255158e-01    6.706296931952238e-03
  endloop
endfacet
facet normal   -6.115084125300899e-01    3.250079025801293e-01   -7.214064905900103e-01
  outer loop
    vertex   -6.212911830516616e-05    4.786224961280823e-01    2.175525017082691e-02
    vertex    7.710570935159913e-04    4.851283133029938e-01    2.397998981177807e-02
    vertex    2.519516972824930e-03    4.833028912544251e-01    2.167549915611744e-02
  endloop
endfacet
facet normal    7.929434797140895e-01    4.516762286478355e-01    4.089366973669393e-01
  outer loop
    vertex    5.208040820434682e-04    4.776161015033722e-01    2.180635929107666e-02
    vertex    2.285686932736999e-04    4.780761897563935e-01    2.186484076082706e-02
    vertex    1.622287963982663e-04    4.763788878917695e-01    2.386816963553429e-02
  endloop
endfacet
facet normal    3.877486506426515e-01    2.829387678166347e-01    8.772665715683048e-01
  outer loop
    vertex    1.161918975412845e-03    4.832181036472321e-01    2.243771031498909e-02
    vertex    3.396044950932263e-03    4.836524128913880e-01    2.131015993654728e-02
    vertex    2.505145035684108e-03    4.858883917331696e-01    2.098277956247330e-02
  endloop
endfacet
facet normal    1.401590905117018e-01    9.235554806984611e-01   -3.569323513199205e-01
  outer loop
    vertex   -1.294174045324327e-02    4.964402914047242e-01    2.693412080407143e-02
    vertex   -8.816351182758824e-03    4.948202073574067e-01    2.436213009059429e-02
    vertex   -1.187772024422886e-02    4.955202937126160e-01    2.497146092355251e-02
  endloop
endfacet
facet normal    5.425487401823137e-01    7.241402286887534e-01    4.257485099459353e-01
  outer loop
    vertex   -9.820974431931988e-03    4.964601099491120e-01    3.108870983123779e-02
    vertex   -7.815532386302964e-03    4.957948029041291e-01    2.966468967497349e-02
    vertex   -9.166044183075444e-03    4.965268969535828e-01    3.014050982892513e-02
  endloop
endfacet
facet normal   -3.670136280952684e-01    5.049839288394246e-01   -7.812120252570660e-01
  outer loop
    vertex   -1.187772024422886e-02    4.955202937126160e-01    2.497146092355251e-02
    vertex   -4.599274136126042e-03    4.895718097686768e-01    1.770688034594059e-02
    vertex   -1.318076997995378e-02    4.957129061222077e-01    2.570814080536366e-02
  endloop
endfacet
facet normal   -3.327883129324741e-01   -7.358519216885406e-01    5.897235692448112e-01
  outer loop
    vertex   -1.277158968150617e-02    4.948615133762360e-01    3.355684876441956e-02
    vertex   -1.378706004470588e-02    4.955599009990693e-01    3.385524824261665e-02
    vertex   -1.306310016661884e-02    4.946432113647461e-01    3.311995044350624e-02
  endloop
endfacet
facet normal   -5.727226675572015e-01   -7.597425250745140e-01    3.078636738226266e-01
  outer loop
    vertex   -1.048902980983258e-03    4.815992116928101e-01    1.804805919528008e-02
    vertex   -1.304734032601119e-03    4.812645912170411e-01    1.674636080861092e-02
    vertex    1.483671949245028e-04    4.804497957229615e-01    1.743884012103081e-02
  endloop
endfacet
facet normal   -7.955945452015781e-02    7.276987530469134e-01   -6.812670680507183e-01
  outer loop
    vertex    4.193026106804608e-03    4.884927868843079e-01    1.525458041578531e-02
    vertex    1.734665944240986e-03    4.851259887218476e-01    1.194540970027447e-02
    vertex   -1.085466006770731e-03    4.877254068851472e-01    1.505133043974638e-02
  endloop
endfacet
facet normal   -2.529486042041501e-01    7.770923446369254e-01   -5.763197823585947e-01
  outer loop
    vertex    1.734665944240986e-03    4.851259887218476e-01    1.194540970027447e-02
    vertex    6.665558903478078e-04    4.842948913574219e-01    1.129357982426882e-02
    vertex    6.662018131464711e-04    4.851224124431611e-01    1.240953989326954e-02
  endloop
endfacet
facet normal   -1.988422046180322e-02    8.697368043377940e-01   -4.931151072081530e-01
  outer loop
    vertex    4.193026106804608e-03    4.884927868843079e-01    1.525458041578531e-02
    vertex    5.004308186471461e-03    4.885793030261994e-01    1.537446025758982e-02
    vertex    4.204897210001945e-03    4.878382980823517e-01    1.409974042326212e-02
  endloop
endfacet
facet normal    6.063335330168209e-01    1.607532939843455e-01    7.787926715195274e-01
  outer loop
    vertex   -9.820974431931988e-03    4.964601099491120e-01    3.108870983123779e-02
    vertex   -7.812317926436677e-03    4.949209094047547e-01    2.984257042407990e-02
    vertex   -7.815532386302964e-03    4.957948029041291e-01    2.966468967497349e-02
  endloop
endfacet
facet normal    2.772176749054948e-01    1.710338382053933e-01    9.454616792386260e-01
  outer loop
    vertex   -1.054302975535394e-02    4.766423106193543e-01    1.599770039319992e-02
    vertex   -8.220194838941113e-03    4.776485860347748e-01    1.513458974659443e-02
    vertex   -1.225433032959701e-02    4.771175980567933e-01    1.641348935663700e-02
  endloop
endfacet
facet normal   -2.827359337713223e-01    9.423661667219907e-01    1.789033246537348e-01
  outer loop
    vertex   -1.983649097383023e-03    4.834300875663758e-01    8.815434761345387e-03
    vertex   -3.836302086710931e-03    4.841904938220978e-01    1.882122014649212e-03
    vertex   -3.125502960756422e-03    4.830608963966370e-01    8.955567143857479e-03
  endloop
endfacet
facet normal    2.390310594242903e-01    9.298220827739664e-01   -2.798125211930027e-01
  outer loop
    vertex    5.043468903750180e-03    4.870148897171021e-01    1.020933967083693e-02
    vertex    5.004308186471461e-03    4.885793030261994e-01    1.537446025758982e-02
    vertex    5.705507006496190e-03    4.879859983921052e-01    1.400190033018589e-02
  endloop
endfacet
facet normal   -7.556490279581520e-01   -6.444960734361120e-01   -1.167020045729015e-01
  outer loop
    vertex   -2.063503023236991e-03    4.825615882873536e-01    1.762437075376511e-02
    vertex   -6.908258888870492e-03    4.870730042457581e-01    2.407965995371342e-02
    vertex   -3.605606034398080e-03    4.848083853721619e-01    1.520141959190369e-02
  endloop
endfacet
facet normal   -7.237266135276038e-01    6.847871499547379e-01   -8.536010853281452e-02
  outer loop
    vertex   -3.261806908994914e-03    4.841060042381287e-01    1.352399028837681e-02
    vertex   -2.890638075768948e-03    4.843592047691346e-01    1.240829005837440e-02
    vertex   -4.177692811936141e-03    4.830799996852875e-01    1.305838953703642e-02
  endloop
endfacet
facet normal   -4.980093885907259e-01    8.167909172542567e-01    2.912717740640888e-01
  outer loop
    vertex   -6.889921147376314e-03    4.821734130382538e-01    1.169985998421907e-02
    vertex   -1.081874035298826e-02    4.797253906726838e-01    1.184726040810347e-02
    vertex   -2.890638075768948e-03    4.843592047691346e-01    1.240829005837440e-02
  endloop
endfacet
facet normal   -3.659491271552815e-01    8.343484504370580e-01    4.122425252052097e-01
  outer loop
    vertex   -1.081874035298826e-02    4.797253906726838e-01    1.184726040810347e-02
    vertex   -1.136249955743553e-02    4.791010022163392e-01    1.262827962636948e-02
    vertex   -1.053889002650978e-02    4.793458878993989e-01    1.286377012729645e-02
  endloop
endfacet
facet normal   -3.054183984245528e-01    8.974866422183158e-01   -3.181781402665401e-01
  outer loop
    vertex   -8.041139692068116e-03    4.815588891506196e-01    9.795365855097771e-03
    vertex   -9.188402444124237e-03    4.808281064033509e-01    8.835298009216785e-03
    vertex   -1.041609980165960e-02    4.804722964763642e-01    9.010126814246178e-03
  endloop
endfacet
facet normal    3.323765281652905e-01    9.156294201979581e-01   -2.261605809877991e-01
  outer loop
    vertex   -4.545491188764573e-03    4.840132892131806e-01    1.224362058565021e-04
    vertex   -3.836302086710931e-03    4.841904938220978e-01    1.882122014649212e-03
    vertex    4.322334134485564e-04    4.835940897464753e-01    5.740778055042028e-03
  endloop
endfacet
facet normal    5.510200179996583e-01    7.078305144818952e-01   -4.419874461248329e-01
  outer loop
    vertex    4.322334134485564e-04    4.835940897464753e-01    5.740778055042028e-03
    vertex    1.919955946505069e-03    4.838966131210328e-01    8.079985156655312e-03
    vertex    2.082468010485171e-03    4.832704961299897e-01    7.279878016561270e-03
  endloop
endfacet
facet normal   -1.726205555703077e-02    7.857087052110844e-01   -6.183557649067949e-01
  outer loop
    vertex    1.919955946505069e-03    4.838966131210328e-01    8.079985156655312e-03
    vertex    3.390372032299637e-03    4.838519096374512e-01    7.982134819030762e-03
    vertex    2.082468010485171e-03    4.832704961299897e-01    7.279878016561270e-03
  endloop
endfacet
facet normal    6.300621337142144e-01   -7.716320865970284e-01   -8.721026655966305e-02
  outer loop
    vertex    1.089297002181410e-03    4.758600890636445e-01    1.212874986231327e-02
    vertex   -9.313407645095222e-05    4.750792980194092e-01    1.049451995640993e-02
    vertex    3.116719890385858e-04    4.755359888076783e-01    9.378317743539810e-03
  endloop
endfacet
facet normal   -9.587066735466486e-01   -2.455013154524671e-01    1.435639864597938e-01
  outer loop
    vertex    5.853618960827588e-03    4.718269109725953e-01    1.847616024315357e-02
    vertex    4.057732876390218e-03    4.742867052555085e-01    1.068976987153292e-02
    vertex    4.146753810346126e-03    4.735251069068909e-01    9.981873445212841e-03
  endloop
endfacet
facet normal   -7.329725430300953e-01    4.853970077748269e-01    4.765931136800447e-01
  outer loop
    vertex    2.747049089521169e-03    4.766789078712464e-01    1.170224044471979e-02
    vertex    1.356572960503399e-03    4.760994017124177e-01    1.015397999435663e-02
    vertex    3.744401037693023e-03    4.760614931583405e-01    1.386492978781462e-02
  endloop
endfacet
facet normal    2.909856592559076e-01    9.557902008690237e-01   -4.233719440582138e-02
  outer loop
    vertex    1.314262021332979e-02    4.815621078014374e-01    4.639370832592249e-03
    vertex    1.088737975805998e-02    4.824224114418030e-01    8.560914546251297e-03
    vertex    1.834299042820930e-02    4.798657894134522e-01    2.086265012621880e-03
  endloop
endfacet
facet normal    4.541273751957666e-01    8.796341111886432e-01    1.414643330708103e-01
  outer loop
    vertex    1.158487983047962e-02    4.815055131912232e-01    1.731522008776665e-02
    vertex    1.238157972693443e-02    4.816924929618836e-01    1.359501015394926e-02
    vertex    1.111163012683391e-02    4.819302856922150e-01    1.619317941367626e-02
  endloop
endfacet
facet normal    2.001788088269214e-01    9.669809240668166e-01    1.577223414343078e-01
  outer loop
    vertex    1.626373082399368e-02    4.799583852291108e-01    2.086219005286694e-02
    vertex    1.158487983047962e-02    4.815055131912232e-01    1.731522008776665e-02
    vertex    1.542096957564354e-02    4.799542129039765e-01    2.195739001035690e-02
  endloop
endfacet
facet normal    2.729285557233712e-01    9.605223463296592e-01    5.391498559882254e-02
  outer loop
    vertex    1.111163012683391e-02    4.819302856922150e-01    1.619317941367626e-02
    vertex    1.088737975805998e-02    4.824224114418030e-01    8.560914546251297e-03
    vertex    1.023336034268141e-02    4.824958145618439e-01    1.056397985666990e-02
  endloop
endfacet
facet normal   -4.362343577816383e-01    8.991087353622885e-01    3.609802052838564e-02
  outer loop
    vertex   -2.350347302854063e-02    4.778617024421692e-01    3.468196289805495e-24
    vertex   -2.419462986290456e-02    4.775095880031586e-01    4.178292874712497e-04
    vertex   -1.987051405012609e-02    4.796243607997895e-01   -2.710565807836948e-20
  endloop
endfacet
facet normal    2.730850724220064e-01   -9.570721029534729e-01   -9.714696582232812e-02
  outer loop
    vertex   -1.824921369552614e-02    4.730275869369507e-01    5.420768764119300e-20
    vertex   -1.881406083703042e-02    4.728091955184937e-01    5.637336289510131e-04
    vertex   -1.904938369989397e-02    4.727992713451386e-01    5.420858450303150e-20
  endloop
endfacet
facet normal    4.615852854887998e-01   -8.744723370651862e-01   -1.491212792594487e-01
  outer loop
    vertex   -1.932529918849470e-02    4.726857244968415e-01    2.710383944776560e-20
    vertex   -1.930049993097784e-02    4.726685881614686e-01    1.772531977621838e-04
    vertex   -1.962916925549509e-02    4.725253283977509e-01    2.710418003722220e-20
  endloop
endfacet
facet normal   -4.968428697845173e-02   -9.753165489608042e-01   -2.151490203338836e-01
  outer loop
    vertex   -1.746984012424947e-02    4.731804132461548e-01    9.604873775970191e-05
    vertex   -1.745173707604410e-02    4.732006788253785e-01   -3.314826069574811e-24
    vertex   -1.732712611556055e-02    4.731943309307099e-01   -3.454494908067046e-24
  endloop
endfacet
facet normal   -7.500181298019211e-01    5.102799908746346e-01   -4.208172238411964e-01
  outer loop
    vertex    9.264790453016756e-03    4.812738001346589e-01    1.014341041445732e-02
    vertex    9.021852165460585e-03    4.780822098255158e-01    6.706296931952238e-03
    vertex    7.495662197470664e-03    4.782752096652985e-01    9.660439565777779e-03
  endloop
endfacet
facet normal    1.103761644363054e-01    9.440346865043006e-01    3.108305213473356e-01
  outer loop
    vertex    7.807727903127669e-03    4.815205931663514e-01    1.861068978905678e-02
    vertex    1.158487983047962e-02    4.815055131912232e-01    1.731522008776665e-02
    vertex    1.111163012683391e-02    4.819302856922150e-01    1.619317941367626e-02
  endloop
endfacet
facet normal   -5.625746777070405e-01   -6.820700322405578e-01    4.672153712392002e-01
  outer loop
    vertex   -2.909398062911434e-05    4.828939139842988e-01    2.219811081886292e-02
    vertex   -3.432017052546144e-03    4.880777895450593e-01    2.566839009523392e-02
    vertex   -6.097896024584785e-03    4.915218949317933e-01    2.748632058501244e-02
  endloop
endfacet
facet normal   -9.137471063799846e-01   -2.183012846559850e-02   -4.056965258335107e-01
  outer loop
    vertex    1.006225030869245e-02    4.824770092964173e-01    8.282554335892200e-03
    vertex    1.014658994972706e-02    4.821738898754120e-01    8.108907379209995e-03
    vertex    9.264790453016756e-03    4.812738001346589e-01    1.014341041445732e-02
  endloop
endfacet
facet normal   -4.567523911447810e-01    4.171181533908500e-01   -7.857414964829923e-01
  outer loop
    vertex    4.695307929068803e-03    4.745916128158570e-01    9.332817047834396e-03
    vertex    7.495662197470664e-03    4.782752096652985e-01    9.660439565777779e-03
    vertex    4.916511010378598e-03    4.739201068878174e-01    8.847756311297417e-03
  endloop
endfacet
facet normal    1.985708205675518e-01    9.409490464099567e-01   -2.741979600203514e-01
  outer loop
    vertex   -7.890230976045147e-03    4.954183101654053e-01    2.708528935909271e-02
    vertex   -8.816351182758824e-03    4.948202073574067e-01    2.436213009059429e-02
    vertex   -1.294174045324327e-02    4.964402914047242e-01    2.693412080407143e-02
  endloop
endfacet
facet normal    3.601466637257864e-01    9.327075943874936e-01    1.873296503707444e-02
  outer loop
    vertex    3.005209006369114e-02    4.757184982299805e-01    7.485207752324641e-04
    vertex    2.857268974184990e-02    4.761362969875336e-01    8.388369344174862e-03
    vertex    3.028761968016624e-02    4.754408895969391e-01    1.004242990165949e-02
  endloop
endfacet
facet normal    3.610884788365904e-01   -4.833169143744739e-01   -7.975085395975484e-01
  outer loop
    vertex    1.394381979480385e-03    4.802604019641877e-01    4.461245145648718e-03
    vertex    2.001489978283643e-03    4.802418947219849e-01    4.747341852635145e-03
    vertex    3.922947216778993e-03    4.753740131855012e-01    8.567420765757561e-03
  endloop
endfacet
facet normal    4.440073836221171e-01    6.353826023133966e-01   -6.317803352166783e-01
  outer loop
    vertex    2.082468010485171e-03    4.832704961299897e-01    7.279878016561270e-03
    vertex    6.824456155300140e-03    4.819042086601258e-01    9.238410741090775e-03
    vertex    7.461517816409461e-04    4.808053970336915e-01    3.861577017232776e-03
  endloop
endfacet
facet normal   -2.942842747528586e-01   -9.546223639915293e-01    4.574830926283623e-02
  outer loop
    vertex    2.299108915030956e-02    4.605953097343445e-01    9.431348182260990e-03
    vertex    1.582323946058750e-02    4.624609947204590e-01    2.253796905279160e-03
    vertex    2.219275012612343e-02    4.606258869171143e-01    4.933936987072229e-03
  endloop
endfacet
facet normal   -2.646422770830844e-01   -6.222530230916202e-01    7.367262995398084e-01
  outer loop
    vertex    1.053695008158684e-02    4.653781056404114e-01    2.031183987855911e-02
    vertex    9.138879366219042e-03    4.654670059680939e-01    1.988472044467926e-02
    vertex    9.776361286640166e-03    4.650279879570008e-01    1.974290981888771e-02
  endloop
endfacet
facet normal   -1.391814023936756e-01   -9.247905684899649e-01    3.541058339815052e-01
  outer loop
    vertex    3.988032229244708e-03    4.663549959659577e-01    1.593793928623199e-02
    vertex    5.440840963274240e-03    4.654361009597779e-01    1.410915981978178e-02
    vertex    6.414243020117282e-03    4.659031033515931e-01    1.571138948202133e-02
  endloop
endfacet
facet normal    8.271553484834577e-01    4.190429382038527e-01    3.744556654888423e-01
  outer loop
    vertex    4.572960082441568e-03    4.889603853225709e-01    1.670386083424091e-02
    vertex    5.767602939158677e-03    4.856514930725098e-01    1.776783913373947e-02
    vertex    5.707652773708104e-03    4.879237115383149e-01    1.535748969763517e-02
  endloop
endfacet
facet normal   -1.979159555034490e-01    3.302095663290154e-02    9.796626414129533e-01
  outer loop
    vertex   -8.503892458975331e-03    4.783957004547120e-01    1.492337975651026e-02
    vertex   -1.111967954784633e-03    4.799672067165375e-01    1.636376045644283e-02
    vertex   -2.725626109167934e-03    4.802790880203248e-01    1.602724939584732e-02
  endloop
endfacet
facet normal   -2.508970484100850e-01   -3.079194446869695e-01    9.177343224935938e-01
  outer loop
    vertex   -1.111967954784633e-03    4.799672067165375e-01    1.636376045644283e-02
    vertex   -1.304734032601119e-03    4.812645912170411e-01    1.674636080861092e-02
    vertex   -2.725626109167934e-03    4.802790880203248e-01    1.602724939584732e-02
  endloop
endfacet
facet normal   -4.775811606746899e-01   -8.627072123223466e-01    1.662904109551164e-01
  outer loop
    vertex   -1.039237994700672e-02    4.706465899944306e-01    1.294040959328413e-02
    vertex   -1.448393985629083e-02    4.733793139457703e-01    1.536681968718767e-02
    vertex   -1.379239000380041e-02    4.727958142757416e-01    1.432576030492783e-02
  endloop
endfacet
facet normal   -1.445995081540173e-01    9.894153901902876e-01   -1.217242359668561e-02
  outer loop
    vertex    1.919955946505069e-03    4.838966131210328e-01    8.079985156655312e-03
    vertex    7.663496071472756e-04    4.837242960929871e-01    7.777480874210596e-03
    vertex   -2.759428927674890e-03    4.832414090633393e-01    1.041048020124435e-02
  endloop
endfacet
facet normal   -6.778214143122103e-01   -3.995208130266447e-01   -6.172043828897554e-01
  outer loop
    vertex   -9.670276194810883e-03    4.896507859230042e-01    2.546891942620277e-02
    vertex   -1.385447010397913e-02    4.953227043151856e-01    2.639257907867432e-02
    vertex   -7.814820855855957e-03    4.880206882953644e-01    2.448640950024128e-02
  endloop
endfacet
facet normal   -9.073362427997033e-01    4.133144580033483e-01   -7.689018993029161e-02
  outer loop
    vertex    1.089027989655733e-02    4.813148081302643e-01    1.903199008665979e-03
    vertex    1.085445657372474e-02    4.808821082115174e-01   -3.504151507188995e-23
    vertex    9.349277243018149e-03    4.775778353214264e-01   -3.335445120404697e-23
  endloop
endfacet
facet normal   -5.018193670952303e-02    1.876061941054398e-01   -9.809616145198310e-01
  outer loop
    vertex    7.495662197470664e-03    4.782752096652985e-01    9.660439565777779e-03
    vertex    8.835907094180582e-03    4.819555878639222e-01    1.029574032872915e-02
    vertex    9.264790453016756e-03    4.812738001346589e-01    1.014341041445732e-02
  endloop
endfacet
facet normal    5.266631682909467e-02   -8.638269008489351e-01    5.010282870670891e-01
  outer loop
    vertex   -1.596697047352792e-02    4.753887057304383e-01    4.711811896413565e-03
    vertex   -1.881406083703042e-02    4.728091955184937e-01    5.637336289510131e-04
    vertex   -1.654992997646333e-02    4.735114872455597e-01    1.536563038825989e-03
  endloop
endfacet
facet normal   -7.451547904723795e-01    5.204450482557064e-01   -4.169907552718400e-01
  outer loop
    vertex    4.916511010378598e-03    4.739201068878174e-01    8.847756311297417e-03
    vertex    9.021852165460585e-03    4.780822098255158e-01    6.706296931952238e-03
    vertex    5.406013224273919e-03    4.725421071052552e-01    6.253147032111883e-03
  endloop
endfacet
facet normal   -4.917541061472543e-01    4.612949918174606e-01   -7.385017465188853e-01
  outer loop
    vertex    7.710570935159913e-04    4.851283133029938e-01    2.397998981177807e-02
    vertex    3.396044950932263e-03    4.836524128913880e-01    2.131015993654728e-02
    vertex    2.519516972824930e-03    4.833028912544251e-01    2.167549915611744e-02
  endloop
endfacet
facet normal    5.493463385974983e-02    9.915005276268029e-01   -1.179359560035310e-01
  outer loop
    vertex   -1.133660040795805e-02    4.968551099300385e-01    3.116922080516815e-02
    vertex   -1.294174045324327e-02    4.964402914047242e-01    2.693412080407143e-02
    vertex   -1.454299967736007e-02    4.966050088405610e-01    2.757305093109608e-02
  endloop
endfacet
facet normal   -1.735175879952580e-01    9.421805629963738e-01   -2.866835073179898e-01
  outer loop
    vertex    5.004308186471461e-03    4.885793030261994e-01    1.537446025758982e-02
    vertex    5.043468903750180e-03    4.870148897171021e-01    1.020933967083693e-02
    vertex    4.092949908226728e-03    4.868307113647461e-01    1.017935015261173e-02
  endloop
endfacet
facet normal   -1.371436737616057e-01    9.897116155919993e-01   -4.077414265738583e-02
  outer loop
    vertex    1.919955946505069e-03    4.838966131210328e-01    8.079985156655312e-03
    vertex    4.322334134485564e-04    4.835940897464753e-01    5.740778055042028e-03
    vertex    7.663496071472756e-04    4.837242960929871e-01    7.777480874210596e-03
  endloop
endfacet
facet normal   -3.639329717650848e-01    5.820748711572176e-01    7.271462276801981e-01
  outer loop
    vertex   -4.177692811936141e-03    4.830799996852875e-01    1.305838953703642e-02
    vertex   -1.053889002650978e-02    4.793458878993989e-01    1.286377012729645e-02
    vertex   -2.725626109167934e-03    4.802790880203248e-01    1.602724939584732e-02
  endloop
endfacet
facet normal   -8.474550177957627e-01   -5.286427003226276e-01    4.854779303309103e-02
  outer loop
    vertex   -2.063503023236991e-03    4.825615882873536e-01    1.762437075376511e-02
    vertex   -3.261806908994914e-03    4.841060042381287e-01    1.352399028837681e-02
    vertex   -1.304734032601119e-03    4.812645912170411e-01    1.674636080861092e-02
  endloop
endfacet
facet normal    3.322721016531453e-01    9.431283712437466e-01    1.020420590343445e-02
  outer loop
    vertex    1.936049014329910e-02    4.794904887676240e-01    3.641498042270541e-03
    vertex    1.834299042820930e-02    4.798657894134522e-01    2.086265012621880e-03
    vertex    1.088737975805998e-02    4.824224114418030e-01    8.560914546251297e-03
  endloop
endfacet
facet normal   -3.370871210306374e-01    9.341689598218690e-01   -1.170496789427620e-01
  outer loop
    vertex   -3.156230226159097e-02    4.736106991767884e-01    1.250084730536909e-23
    vertex   -3.117582015693189e-02    4.737980067729951e-01    3.818788973148912e-04
    vertex   -3.088877163827421e-02    4.738537371158600e-01    2.711680023997608e-20
  endloop
endfacet
facet normal   -1.617853770086841e-01   -6.638184207802491e-01    7.301853162170369e-01
  outer loop
    vertex    2.190895006060600e-02    4.744229912757874e-01    2.098275907337666e-02
    vertex    1.381454989314079e-02    4.754033982753754e-01    2.008059993386269e-02
    vertex    2.062058076262474e-02    4.726197123527527e-01    1.905792020261288e-02
  endloop
endfacet
facet normal    3.808834421555649e-02    1.953731249884432e-01    9.799890918102954e-01
  outer loop
    vertex   -2.891775965690614e-02    4.708186984062195e-01    3.331026993691921e-03
    vertex   -3.488909825682641e-02    4.724557995796204e-01    3.236732911318541e-03
    vertex   -3.477079048752786e-02    4.697228074073792e-01    3.776991041377187e-03
  endloop
endfacet
facet normal   -9.054165976721682e-01    3.874906276722836e-01    1.734122202322969e-01
  outer loop
    vertex   -1.517582032829525e-02    4.949049949645997e-01    2.806767076253891e-02
    vertex   -1.378706004470588e-02    4.955599009990693e-01    3.385524824261665e-02
    vertex   -1.454299967736007e-02    4.966050088405610e-01    2.757305093109608e-02
  endloop
endfacet
facet normal    9.629407651419494e-01    2.585343222644428e-01    7.684456414804031e-02
  outer loop
    vertex    2.683543972671032e-02    4.640024006366730e-01    9.526936337351799e-03
    vertex    2.720684930682182e-02    4.624811112880707e-01    9.990991093218327e-03
    vertex    2.753677032887936e-02    4.633978903293610e-01    2.772351028397679e-03
  endloop
endfacet
facet normal    8.195669229963929e-01   -3.059990120494010e-01    4.844323103953895e-01
  outer loop
    vertex    3.061993047595024e-02    4.742127954959870e-01    1.246869005262852e-02
    vertex    2.805959060788155e-02    4.754621982574463e-01    1.758950017392635e-02
    vertex    2.713022939860821e-02    4.729819893836976e-01    1.759514026343822e-02
  endloop
endfacet
facet normal    5.835216699732961e-01   -6.430888365703300e-01    4.959225836259072e-01
  outer loop
    vertex    2.811194024980068e-02    4.695667922496796e-01    1.097260974347591e-02
    vertex    3.036368079483509e-02    4.720959067344666e-01    1.160276029258966e-02
    vertex    2.500401064753532e-02    4.713321030139924e-01    1.691869087517262e-02
  endloop
endfacet
facet normal    2.126006611457496e-01   -9.478658828482113e-01    2.373841338690755e-01
  outer loop
    vertex    2.541645988821983e-02    4.599170088768006e-01    7.800106890499592e-03
    vertex    2.583988942205906e-02    4.601806104183198e-01    8.473435416817665e-03
    vertex    2.251327037811279e-02    4.612168967723847e-01    1.559059973806143e-02
  endloop
endfacet
facet normal   -7.047626339007945e-01   -6.694575103529821e-01    2.348111404708084e-01
  outer loop
    vertex   -6.097896024584785e-03    4.915218949317933e-01    2.748632058501244e-02
    vertex   -3.432017052546144e-03    4.880777895450593e-01    2.566839009523392e-02
    vertex   -8.428362198174015e-03    4.948183000087739e-01    2.988985925912857e-02
  endloop
endfacet
facet normal   -8.500539693753532e-01   -5.180309481715838e-01   -9.514297601849293e-02
  outer loop
    vertex   -1.440989971160890e-02    4.741806089878083e-01    9.187780320644379e-03
    vertex   -1.563082076609136e-02    4.762113094329835e-01    9.039404802024364e-03
    vertex   -1.363538019359113e-02    4.731925129890442e-01    7.647791877388954e-03
  endloop
endfacet
facet normal   -8.004141110863029e-01   -5.994033396996707e-01   -7.272353869590509e-03
  outer loop
    vertex    4.054666031152009e-03    4.672678112983704e-01    2.800002948788460e-05
    vertex    5.407248158007859e-03    4.654611945152283e-01    6.461989687522873e-05
    vertex    5.101596936583518e-03    4.657100141048432e-01    1.319712959229946e-02
  endloop
endfacet
facet normal   -4.297688093761658e-02    7.743374299249017e-01   -6.313117552542261e-01
  outer loop
    vertex   -2.282008063048125e-03    4.908049106597901e-01    1.853455975651741e-02
    vertex   -7.548375986516490e-03    4.927014112472535e-01    2.121922932565212e-02
    vertex   -1.187772024422886e-02    4.955202937126160e-01    2.497146092355251e-02
  endloop
endfacet
facet normal    2.248008057136095e-01    9.693777448012115e-01   -9.885031934510562e-02
  outer loop
    vertex    4.322334134485564e-04    4.835940897464753e-01    5.740778055042028e-03
    vertex   -3.836302086710931e-03    4.841904938220978e-01    1.882122014649212e-03
    vertex    7.663496071472756e-04    4.837242960929871e-01    7.777480874210596e-03
  endloop
endfacet
facet normal   -4.696684186012532e-01    8.195655700015022e-01    3.282131213658449e-01
  outer loop
    vertex   -1.136249955743553e-02    4.791010022163392e-01    1.262827962636948e-02
    vertex   -1.081874035298826e-02    4.797253906726838e-01    1.184726040810347e-02
    vertex   -1.384073030203582e-02    4.787550866603852e-01    9.945735335350037e-03
  endloop
endfacet
facet normal    6.881718936163610e-01    4.571369571545783e-01   -5.634227961663649e-01
  outer loop
    vertex   -3.746995935216547e-03    4.835689067840577e-01    6.157808820717037e-04
    vertex    4.322334134485564e-04    4.835940897464753e-01    5.740778055042028e-03
    vertex    7.461517816409461e-04    4.808053970336915e-01    3.861577017232776e-03
  endloop
endfacet
facet normal   -9.161459258546760e-01    3.052428055685346e-01    2.598143032793387e-01
  outer loop
    vertex    5.789298098534345e-03    4.712558090686799e-01    1.792076043784618e-02
    vertex    4.043636843562125e-03    4.722915887832642e-01    1.054839976131916e-02
    vertex    3.427367890253662e-03    4.666228890419007e-01    1.503521017730236e-02
  endloop
endfacet
facet normal    6.830599507885892e-01   -6.237276554194944e-01   -3.799906781667030e-01
  outer loop
    vertex    1.356572960503399e-03    4.760994017124177e-01    1.015397999435663e-02
    vertex    2.747049089521169e-03    4.766789078712464e-01    1.170224044471979e-02
    vertex    3.747232956811785e-03    4.756254851818085e-01    1.522925961762667e-02
  endloop
endfacet
facet normal    3.549001126693228e-01    9.345346961379674e-01    2.628329776909823e-02
  outer loop
    vertex    2.600630000233650e-02    4.768880903720856e-01    1.590435020625591e-02
    vertex    2.228550054132938e-02    4.783129990100861e-01    1.548148039728403e-02
    vertex    2.259662933647633e-02    4.780597090721131e-01    2.028637938201427e-02
  endloop
endfacet
facet normal    3.443083302187014e-01    9.382463984483159e-01    3.384478602050047e-02
  outer loop
    vertex    1.238157972693443e-02    4.816924929618836e-01    1.359501015394926e-02
    vertex    1.936049014329910e-02    4.794904887676240e-01    3.641498042270541e-03
    vertex    1.088737975805998e-02    4.824224114418030e-01    8.560914546251297e-03
  endloop
endfacet
facet normal   -9.254571722152022e-01    3.786342941513801e-01    1.284887885877978e-02
  outer loop
    vertex    3.745106980204581e-03    4.682283997535706e-01    2.515027881599963e-04
    vertex    3.815029747784137e-03    4.684078395366669e-01    2.707790286199336e-20
    vertex    3.745126770809292e-03    4.682369828224183e-01    2.439184157090851e-19
  endloop
endfacet
facet normal    9.315457951336917e-01   -3.450735708648403e-01    1.146588952472773e-01
  outer loop
    vertex    2.889171987771988e-02    4.694359898567200e-01    9.173443540930748e-03
    vertex    2.683543972671032e-02    4.640024006366730e-01    9.526936337351799e-03
    vertex    3.004566021263599e-02    4.695807099342347e-01    2.338040067115799e-04
  endloop
endfacet
facet normal    1.351837093292189e-01   -7.666143142933024e-01    6.277163832915332e-01
  outer loop
    vertex    2.588164992630482e-02    4.733549952507020e-01    1.882288977503777e-02
    vertex    2.190895006060600e-02    4.744229912757874e-01    2.098275907337666e-02
    vertex    2.062058076262474e-02    4.726197123527527e-01    1.905792020261288e-02
  endloop
endfacet
facet normal   -6.663441281871280e-01    4.874442079611143e-01    5.642549485433852e-01
  outer loop
    vertex    5.081852898001670e-03    4.673992991447449e-01    1.682562939822674e-02
    vertex    8.390101604163645e-03    4.685463905334473e-01    1.974149048328400e-02
    vertex    9.224513545632361e-03    4.703285992145539e-01    1.918726973235607e-02
  endloop
endfacet
facet normal    6.644804258077712e-01    4.763635750275412e-01    5.757981487511949e-01
  outer loop
    vertex    7.710570935159913e-04    4.851283133029938e-01    2.397998981177807e-02
    vertex    1.766199013218283e-03    4.825111925601960e-01    2.499675005674362e-02
    vertex    3.985411021858453e-03    4.837597012519837e-01    2.140283957123756e-02
  endloop
endfacet
facet normal   -8.277025934665683e-01    4.518725969898077e-01    3.327455076457142e-01
  outer loop
    vertex   -1.521847024559976e-02    4.801405966281891e-01    3.930075094103813e-03
    vertex   -1.393825002014639e-02    4.823181927204133e-01    4.157412797212601e-03
    vertex   -1.573367044329645e-02    4.815233945846558e-01    7.706604083068669e-04
  endloop
endfacet
facet normal   -2.427532513412841e-01   -8.148888974408905e-01    5.263334910404288e-01
  outer loop
    vertex   -1.596697047352792e-02    4.753887057304383e-01    4.711811896413565e-03
    vertex   -1.654992997646333e-02    4.735114872455597e-01    1.536563038825989e-03
    vertex   -1.086180005222561e-02    4.738466143608094e-01    4.678873810917139e-03
  endloop
endfacet
facet normal    1.374527666210197e-01   -9.821822847148314e-01   -1.281588722663452e-01
  outer loop
    vertex   -9.126824326813237e-03    4.737535119056702e-01    4.651981871575117e-03
    vertex   -1.746984012424947e-02    4.731804132461548e-01    9.604873775970191e-05
    vertex   -1.199270039796831e-02    4.739398062229157e-01    1.505567051935941e-04
  endloop
endfacet
facet normal    9.959352981900018e-01   -8.225237574985277e-02   -3.670733581584254e-02
  outer loop
    vertex    2.285686932736999e-04    4.780761897563935e-01    2.186484076082706e-02
    vertex    2.259198954561717e-04    4.773252010345460e-01    2.347576059401035e-02
    vertex    1.622287963982663e-04    4.763788878917695e-01    2.386816963553429e-02
  endloop
endfacet
facet normal   -8.047276653605938e-02    7.328816409985637e-01   -6.755802203537974e-01
  outer loop
    vertex   -2.282008063048125e-03    4.908049106597901e-01    1.853455975651741e-02
    vertex   -1.085466006770731e-03    4.877254068851472e-01    1.505133043974638e-02
    vertex   -7.548375986516490e-03    4.927014112472535e-01    2.121922932565212e-02
  endloop
endfacet
facet normal    8.359365064064533e-01   -3.334273633884142e-01   -4.359315893587251e-01
  outer loop
    vertex   -1.747450005495929e-04    4.793612062931061e-01    3.200283972546458e-03
    vertex   -1.792629016563297e-03    4.788548946380616e-01    4.851098929066211e-04
    vertex    7.461517816409461e-04    4.808053970336915e-01    3.861577017232776e-03
  endloop
endfacet
facet normal    2.911221540347925e-01    9.552769917267852e-01    5.190144995629997e-02
  outer loop
    vertex    2.259662933647633e-02    4.780597090721131e-01    2.028637938201427e-02
    vertex    1.650764048099518e-02    4.801166951656342e-01    1.658027991652489e-02
    vertex    1.626373082399368e-02    4.799583852291108e-01    2.086219005286694e-02
  endloop
endfacet
facet normal   -3.233755124520468e-01   -9.291498545975679e-01    1.791893569598774e-01
  outer loop
    vertex    9.776361286640166e-03    4.650279879570008e-01    1.974290981888771e-02
    vertex    5.949479993432759e-03    4.650690853595734e-01    1.304979994893074e-02
    vertex    9.924067184329031e-03    4.647817015647889e-01    1.873240061104298e-02
  endloop
endfacet
facet normal   -3.334273819985727e-02    9.994006002603075e-01   -9.311391339251214e-03
  outer loop
    vertex   -6.083042360842243e-03    4.839414954185486e-01   -1.605730378026434e-23
    vertex   -4.645578097552062e-03    4.839994907379151e-01    1.077343011274934e-03
    vertex   -4.818155430257321e-03    4.839836955070496e-01    1.084027422100241e-19
  endloop
endfacet
facet normal    9.959779127585613e-01   -8.923292874570486e-02   -8.092077889131794e-03
  outer loop
    vertex    2.753677032887936e-02    4.633978903293610e-01    2.772351028397679e-03
    vertex    2.745486982166767e-02    4.619312882423401e-01    8.864494971930981e-03
    vertex    2.737456932663918e-02    4.616275131702424e-01    2.330848015844822e-03
  endloop
endfacet
facet normal    9.075515206727974e-01   -2.483729360078830e-01    3.386164821495212e-01
  outer loop
    vertex    3.036368079483509e-02    4.720959067344666e-01    1.160276029258966e-02
    vertex    3.132921084761620e-02    4.748126864433289e-01    1.100771035999060e-02
    vertex    3.061993047595024e-02    4.742127954959870e-01    1.246869005262852e-02
  endloop
endfacet
facet normal    8.961849489937650e-01    1.985776197225142e-02    4.432360618073582e-01
  outer loop
    vertex    3.061993047595024e-02    4.742127954959870e-01    1.246869005262852e-02
    vertex    3.132921084761620e-02    4.748126864433289e-01    1.100771035999060e-02
    vertex    2.805959060788155e-02    4.754621982574463e-01    1.758950017392635e-02
  endloop
endfacet
facet normal    7.191009480410322e-01   -2.679969410927425e-01    6.411485522805318e-01
  outer loop
    vertex    2.713022939860821e-02    4.729819893836976e-01    1.759514026343822e-02
    vertex    2.805959060788155e-02    4.754621982574463e-01    1.758950017392635e-02
    vertex    2.701815962791443e-02    4.757938981056214e-01    1.889619976282120e-02
  endloop
endfacet
facet normal    6.606556103034578e-01   -6.717105142197345e-01    3.351703293270835e-01
  outer loop
    vertex    2.811194024980068e-02    4.695667922496796e-01    1.097260974347591e-02
    vertex    2.889171987771988e-02    4.694359898567200e-01    9.173443540930748e-03
    vertex    3.036368079483509e-02    4.720959067344666e-01    1.160276029258966e-02
  endloop
endfacet
facet normal    8.875063490307409e-01    2.312056719579146e-01    3.985930477123427e-01
  outer loop
    vertex    2.365230023860931e-02    4.638633131980897e-01    1.710378937423229e-02
    vertex    2.720684930682182e-02    4.624811112880707e-01    9.990991093218327e-03
    vertex    2.611421048641205e-02    4.644024968147278e-01    1.130934990942478e-02
  endloop
endfacet
facet normal    8.703707451140197e-01   -3.390203911102390e-01    3.570993425660808e-01
  outer loop
    vertex    2.677717059850693e-02    4.619511067867280e-01    1.053509023040533e-02
    vertex    2.745486982166767e-02    4.619312882423401e-01    8.864494971930981e-03
    vertex    2.720684930682182e-02    4.624811112880707e-01    9.990991093218327e-03
  endloop
endfacet
facet normal    4.472678896634934e-01    8.729315851250483e-01    1.947867617858968e-01
  outer loop
    vertex    2.260516025125980e-02    4.778051078319550e-01    2.140777930617332e-02
    vertex    2.751062065362930e-02    4.760222136974335e-01    1.813388988375664e-02
    vertex    2.259662933647633e-02    4.780597090721131e-01    2.028637938201427e-02
  endloop
endfacet
facet normal    7.374268435202113e-01    3.918389924605111e-01    5.501489384188152e-01
  outer loop
    vertex    2.365230023860931e-02    4.638633131980897e-01    1.710378937423229e-02
    vertex    2.352719940245152e-02    4.659559130668641e-01    1.578103937208652e-02
    vertex    2.228882908821106e-02    4.662821888923646e-01    1.720857992768288e-02
  endloop
endfacet
facet normal    6.743148848645955e-02   -7.932777159234684e-02    9.945652814243482e-01
  outer loop
    vertex    1.860241033136845e-02    4.692207872867585e-01    1.892364956438541e-02
    vertex    2.062058076262474e-02    4.726197123527527e-01    1.905792020261288e-02
    vertex    1.935875043272972e-02    4.723392128944398e-01    1.912109926342964e-02
  endloop
endfacet
facet normal   -1.120378382073181e-01   -8.552155813351664e-01    5.060176204949627e-01
  outer loop
    vertex    3.988032229244708e-03    4.663549959659577e-01    1.593793928623199e-02
    vertex    6.414243020117282e-03    4.659031033515931e-01    1.571138948202133e-02
    vertex    8.710955269634722e-03    4.679472148418427e-01    1.967464014887810e-02
  endloop
endfacet
facet normal   -2.645714548757971e-01   -2.885333226796487e-01    9.201904514655354e-01
  outer loop
    vertex    1.050969026982784e-02    4.709199070930482e-01    1.974219083786011e-02
    vertex    6.612369790673255e-03    4.716976881027222e-01    1.886552013456821e-02
    vertex    9.224513545632361e-03    4.703285992145539e-01    1.918726973235607e-02
  endloop
endfacet
facet normal    4.814260106289553e-03    9.848262025737551e-01    1.734767235792341e-01
  outer loop
    vertex    8.732901886105536e-03    4.822973906993867e-01    1.417514029890299e-02
    vertex    7.807727903127669e-03    4.815205931663514e-01    1.861068978905678e-02
    vertex    1.111163012683391e-02    4.819302856922150e-01    1.619317941367626e-02
  endloop
endfacet
facet normal    5.552712746122231e-01    8.262169100631199e-01    9.507591238724802e-02
  outer loop
    vertex   -7.815532386302964e-03    4.957948029041291e-01    2.966468967497349e-02
    vertex    4.572960082441568e-03    4.889603853225709e-01    1.670386083424091e-02
    vertex    3.970513935200862e-04    4.913563132286072e-01    2.027159929275513e-02
  endloop
endfacet
facet normal   -9.749371352359268e-01   -1.845554784441895e-01    1.242451516728137e-01
  outer loop
    vertex    4.778426955454043e-04    4.823291003704072e-01    2.222757972776890e-02
    vertex    7.101211813278489e-04    4.813990890979767e-01    2.266879007220268e-02
    vertex    3.953399136662475e-04    4.831846058368683e-01    2.285096980631351e-02
  endloop
endfacet
facet normal    1.485201961770878e-01   -4.979155371784009e-01    8.544131723960393e-01
  outer loop
    vertex   -9.820974431931988e-03    4.964601099491120e-01    3.108870983123779e-02
    vertex   -8.428362198174015e-03    4.948183000087739e-01    2.988985925912857e-02
    vertex   -7.812317926436677e-03    4.949209094047547e-01    2.984257042407990e-02
  endloop
endfacet
facet normal   -9.041431252342788e-02   -7.321488249013280e-01    6.751172863188442e-01
  outer loop
    vertex   -4.873298108577729e-03    4.876205027103425e-01    2.364622056484222e-02
    vertex   -2.536449115723372e-03    4.841732084751130e-01    2.022067084908485e-02
    vertex   -3.729468910023571e-03    4.866024851799012e-01    2.269539050757885e-02
  endloop
endfacet
facet normal    2.237127144580001e-02    2.798283287962190e-01    9.597893688810131e-01
  outer loop
    vertex   -8.220194838941113e-03    4.776485860347748e-01    1.513458974659443e-02
    vertex   -6.912506185472026e-03    4.780591130256653e-01    1.498441956937313e-02
    vertex   -8.503892458975331e-03    4.783957004547120e-01    1.492337975651026e-02
  endloop
endfacet
facet normal   -3.597111819124240e-01    8.586396426687622e-01    3.651654825484292e-01
  outer loop
    vertex   -1.225433032959701e-02    4.771175980567933e-01    1.641348935663700e-02
    vertex   -1.053889002650978e-02    4.793458878993989e-01    1.286377012729645e-02
    vertex   -1.136249955743553e-02    4.791010022163392e-01    1.262827962636948e-02
  endloop
endfacet
facet normal   -9.434027939851055e-01    2.450498514639365e-01    2.234764833234117e-01
  outer loop
    vertex   -1.487927045673134e-02    4.766544997692109e-01    1.010658033192158e-02
    vertex   -1.448393985629083e-02    4.733793139457703e-01    1.536681968718767e-02
    vertex   -1.417294982820751e-02    4.741190075874329e-01    1.586855947971344e-02
  endloop
endfacet
facet normal   -5.159767627394946e-01    7.815811574266648e-01    3.505693578572808e-01
  outer loop
    vertex   -4.645578097552062e-03    4.839994907379151e-01    1.077343011274934e-03
    vertex   -4.691854119300843e-03    4.809522926807404e-01    7.802845910191536e-03
    vertex   -4.089809954166413e-03    4.810118973255158e-01    8.556063286960125e-03
  endloop
endfacet
facet normal   -5.186490230493136e-01    7.508660028242351e-01    4.089051683370465e-01
  outer loop
    vertex   -1.504756044596435e-02    4.797677993774415e-01    4.831416066735983e-03
    vertex   -1.101838983595373e-02    4.809012115001679e-01    7.860687561333179e-03
    vertex   -1.521847024559976e-02    4.801405966281891e-01    3.930075094103813e-03
  endloop
endfacet
facet normal   -8.541634837029214e-01   -5.042758797190127e-01    1.269274605517067e-01
  outer loop
    vertex   -1.563082076609136e-02    4.762113094329835e-01    9.039404802024364e-03
    vertex   -1.440989971160890e-02    4.741806089878083e-01    9.187780320644379e-03
    vertex   -1.512563042342664e-02    4.756728112697602e-01    1.029967982321978e-02
  endloop
endfacet
facet normal   -5.513190063749889e-01   -8.319588744231307e-01   -6.238416849083302e-02
  outer loop
    vertex   -1.363538019359113e-02    4.731925129890442e-01    7.647791877388954e-03
    vertex   -1.039237994700672e-02    4.706465899944306e-01    1.294040959328413e-02
    vertex   -1.379239000380041e-02    4.727958142757416e-01    1.432576030492783e-02
  endloop
endfacet
facet normal   -8.341009872991716e-01    3.003325543383502e-01    4.626833688292127e-01
  outer loop
    vertex   -1.512563042342664e-02    4.756728112697602e-01    1.029967982321978e-02
    vertex   -1.487927045673134e-02    4.766544997692109e-01    1.010658033192158e-02
    vertex   -1.563082076609136e-02    4.762113094329835e-01    9.039404802024364e-03
  endloop
endfacet
facet normal   -3.800875981072952e-01    9.247926033534003e-01    1.708972053216750e-02
  outer loop
    vertex   -1.672917976975442e-02    4.811284840106965e-01    2.710092961557494e-20
    vertex   -1.573367044329645e-02    4.815233945846558e-01    7.706604083068669e-04
    vertex   -1.518539618700744e-02    4.817629754543305e-01   -5.855029585349659e-24
  endloop
endfacet
facet normal    1.419159102570818e-01    8.843795320283889e-01    4.446714717014703e-01
  outer loop
    vertex   -3.237809985876085e-02    4.735265076160431e-01    3.058885049540550e-04
    vertex   -3.488909825682641e-02    4.724557995796204e-01    3.236732911318541e-03
    vertex   -3.089543059468271e-02    4.725899994373322e-01    1.695260987617075e-03
  endloop
endfacet
facet normal    3.364995931216972e-01   -9.380854504155889e-01   -8.224178711284094e-02
  outer loop
    vertex   -1.930049993097784e-02    4.726685881614686e-01    1.772531977621838e-04
    vertex   -1.881406083703042e-02    4.728091955184937e-01    5.637336289510131e-04
    vertex   -2.171329036355020e-02    4.716885089874268e-01    1.484313979744911e-03
  endloop
endfacet
facet normal   -6.605500485643412e-01    7.799473111895876e-02   -7.467197970184852e-01
  outer loop
    vertex   -1.217763032764198e-02    4.944750070571900e-01    2.492284961044788e-02
    vertex   -4.599274136126042e-03    4.895718097686768e-01    1.770688034594059e-02
    vertex   -2.138603944331408e-03    4.869526028633118e-01    1.525659020990133e-02
  endloop
endfacet
facet normal   -4.778885961832122e-02    9.612903201216976e-01   -2.713616504532369e-01
  outer loop
    vertex    6.665558903478078e-04    4.842948913574219e-01    1.129357982426882e-02
    vertex   -2.363493898883463e-03    4.845319986343384e-01    1.266713999211788e-02
    vertex   -5.429957062006011e-03    4.866968989372254e-01    2.087626047432423e-02
  endloop
endfacet
facet normal   -5.422381708995212e-01    6.748305838671645e-01   -5.005811114065767e-01
  outer loop
    vertex    6.665558903478078e-04    4.842948913574219e-01    1.129357982426882e-02
    vertex   -9.564642095938334e-04    4.853116869926453e-01    1.442239992320538e-02
    vertex    6.662018131464711e-04    4.851224124431611e-01    1.240953989326954e-02
  endloop
endfacet
facet normal   -7.223131397634399e-01   -3.233417146778906e-02   -6.908098359755549e-01
  outer loop
    vertex    6.662018131464711e-04    4.851224124431611e-01    1.240953989326954e-02
    vertex   -2.138603944331408e-03    4.869526028633118e-01    1.525659020990133e-02
    vertex   -4.599274136126042e-03    4.895718097686768e-01    1.770688034594059e-02
  endloop
endfacet
facet normal    4.483228052333541e-01   -7.841103578124640e-01   -4.291591885057405e-01
  outer loop
    vertex   -6.388168781995788e-03    4.731465876102448e-01    4.326872993260622e-03
    vertex   -6.896601989865318e-03    4.721755087375641e-01    5.569980014115572e-03
    vertex   -7.963309064507500e-03    4.720829129219056e-01    4.624820780009031e-03
  endloop
endfacet
facet normal   -1.669733162138463e-01   -9.185308358230572e-01   -3.583587801557915e-01
  outer loop
    vertex   -8.807579055428521e-03    4.734489023685456e-01    5.283995997160673e-03
    vertex   -9.126824326813237e-03    4.737535119056702e-01    4.651981871575117e-03
    vertex   -8.386564441025273e-03    4.754101932048798e-01    6.072696851333603e-05
  endloop
endfacet
facet normal    4.865309047669785e-01   -8.328786618419214e-01   -2.638196606681079e-01
  outer loop
    vertex   -9.821604471653709e-04    4.743775129318238e-01    9.525546804070473e-03
    vertex   -1.944785006344319e-03    4.734396934509278e-01    1.071099005639553e-02
    vertex   -6.896601989865318e-03    4.721755087375641e-01    5.569980014115572e-03
  endloop
endfacet
facet normal    2.136898191590269e-01   -8.217702230792914e-02    9.734390572564799e-01
  outer loop
    vertex   -1.225433032959701e-02    4.771175980567933e-01    1.641348935663700e-02
    vertex   -1.196327991783620e-02    4.757800102233887e-01    1.623667962849140e-02
    vertex   -1.054302975535394e-02    4.766423106193543e-01    1.599770039319992e-02
  endloop
endfacet
facet normal   -9.524883003410324e-01   -3.043741074600622e-01   -1.106527999382439e-02
  outer loop
    vertex    3.826647996902465e-03    4.677503108978272e-01    6.383385974913836e-03
    vertex    3.745106980204581e-03    4.682283997535706e-01    2.515027881599963e-04
    vertex    4.054666031152009e-03    4.672678112983704e-01    2.800002948788460e-05
  endloop
endfacet
facet normal   -6.045380358390687e-01   -7.964473296372470e-01   -1.433228305397601e-02
  outer loop
    vertex    5.440840963274240e-03    4.654361009597779e-01    1.410915981978178e-02
    vertex    5.101596936583518e-03    4.657100141048432e-01    1.319712959229946e-02
    vertex    5.949479993432759e-03    4.650690853595734e-01    1.304979994893074e-02
  endloop
endfacet
facet normal    7.681687383525861e-01    6.396272573186385e-01    2.817376639415135e-02
  outer loop
    vertex    5.707652773708104e-03    4.879237115383149e-01    1.535748969763517e-02
    vertex    9.153127670288084e-03    4.840222895145417e-01    9.989012032747269e-03
    vertex    5.705507006496190e-03    4.879859983921052e-01    1.400190033018589e-02
  endloop
endfacet
facet normal   -6.137273397127766e-01   -2.900439445895962e-01    7.343114207854767e-01
  outer loop
    vertex    4.280104767531156e-03    4.739171862602234e-01    2.068994939327240e-02
    vertex    6.729677785187959e-03    4.764893949031830e-01    2.375325933098793e-02
    vertex    6.317744031548499e-03    4.767636060714722e-01    2.351728081703186e-02
  endloop
endfacet
facet normal    1.280088052679207e-01   -7.084475553543809e-01    6.940574955191257e-01
  outer loop
    vertex    5.527745932340621e-03    4.769156873226166e-01    2.379767037928104e-02
    vertex    5.668370053172111e-03    4.773500859737397e-01    2.421513944864273e-02
    vertex    8.989204070530824e-04    4.761249125003815e-01    2.384421974420547e-02
  endloop
endfacet
facet normal    4.795725763091105e-01    3.542983272030884e-01    8.027968855154682e-01
  outer loop
    vertex   -1.277158968150617e-02    4.948615133762360e-01    3.355684876441956e-02
    vertex   -9.820974431931988e-03    4.964601099491120e-01    3.108870983123779e-02
    vertex   -1.378706004470588e-02    4.955599009990693e-01    3.385524824261665e-02
  endloop
endfacet
facet normal   -9.459365486601347e-02    8.807094569128349e-01   -4.641151720892016e-01
  outer loop
    vertex   -1.454299967736007e-02    4.966050088405610e-01    2.757305093109608e-02
    vertex   -1.294174045324327e-02    4.964402914047242e-01    2.693412080407143e-02
    vertex   -1.187772024422886e-02    4.955202937126160e-01    2.497146092355251e-02
  endloop
endfacet
facet normal    1.198396653791926e-01    8.960668508633460e-01   -4.274373093047089e-01
  outer loop
    vertex   -1.187772024422886e-02    4.955202937126160e-01    2.497146092355251e-02
    vertex   -8.816351182758824e-03    4.948202073574067e-01    2.436213009059429e-02
    vertex   -1.817423035390684e-04    4.910875856876374e-01    1.895803958177567e-02
  endloop
endfacet
facet normal   -7.392173834938113e-01   -6.260540303494537e-01    2.482216973267421e-01
  outer loop
    vertex   -1.378706004470588e-02    4.955599009990693e-01    3.385524824261665e-02
    vertex   -1.517582032829525e-02    4.949049949645997e-01    2.806767076253891e-02
    vertex   -1.481880992650987e-02    4.941135942935944e-01    2.713483013212681e-02
  endloop
endfacet
facet normal   -7.400543824683411e-01    1.951343985200514e-01   -6.436164055581710e-01
  outer loop
    vertex   -1.454299967736007e-02    4.966050088405610e-01    2.757305093109608e-02
    vertex   -1.385447010397913e-02    4.953227043151856e-01    2.639257907867432e-02
    vertex   -1.481880992650987e-02    4.941135942935944e-01    2.713483013212681e-02
  endloop
endfacet
facet normal   -4.929584042693512e-01   -8.336289866961881e-01    2.491078565603693e-01
  outer loop
    vertex   -5.707683973014369e-03    4.871912002563477e-01    2.265975996851921e-02
    vertex   -1.212234981358053e-02    4.927833080291749e-01    2.867956086993217e-02
    vertex   -1.370764989405872e-02    4.930869042873383e-01    2.655838988721371e-02
  endloop
endfacet
facet normal   -1.432054156827273e-01   -8.438148416553533e-01    5.171737830954779e-01
  outer loop
    vertex   -1.277158968150617e-02    4.948615133762360e-01    3.355684876441956e-02
    vertex   -1.306310016661884e-02    4.946432113647461e-01    3.311995044350624e-02
    vertex   -5.483116023242488e-03    4.874660968780518e-01    2.350874990224838e-02
  endloop
endfacet
facet normal   -5.561283437905722e-01   -7.731159889815067e-01    3.049802170861287e-01
  outer loop
    vertex   -1.212234981358053e-02    4.927833080291749e-01    2.867956086993217e-02
    vertex   -1.481880992650987e-02    4.941135942935944e-01    2.713483013212681e-02
    vertex   -1.370764989405872e-02    4.930869042873383e-01    2.655838988721371e-02
  endloop
endfacet
facet normal   -4.607992630875153e-01    7.700855189904787e-01   -4.411715455230176e-01
  outer loop
    vertex    4.193026106804608e-03    4.884927868843079e-01    1.525458041578531e-02
    vertex    4.204897210001945e-03    4.878382980823517e-01    1.409974042326212e-02
    vertex    1.734665944240986e-03    4.851259887218476e-01    1.194540970027447e-02
  endloop
endfacet
facet normal   -6.576921827066867e-01    7.338909901407901e-01   -1.698381800323029e-01
  outer loop
    vertex    1.734665944240986e-03    4.851259887218476e-01    1.194540970027447e-02
    vertex    4.204897210001945e-03    4.878382980823517e-01    1.409974042326212e-02
    vertex    4.092949908226728e-03    4.868307113647461e-01    1.017935015261173e-02
  endloop
endfacet
facet normal    2.431133522636857e-01   -5.358515860901418e-01    8.085536318858461e-01
  outer loop
    vertex   -1.543382997624577e-03    4.754034876823426e-01    1.161008980125189e-02
    vertex   -3.347377933096149e-04    4.757345914840699e-01    1.146611012518406e-02
    vertex   -6.912506185472026e-03    4.780591130256653e-01    1.498441956937313e-02
  endloop
endfacet
facet normal   -2.207756030201384e-01   -7.549978537588153e-01    6.174434175944198e-01
  outer loop
    vertex   -1.111967954784633e-03    4.799672067165375e-01    1.636376045644283e-02
    vertex   -3.347377933096149e-04    4.757345914840699e-01    1.146611012518406e-02
    vertex    1.089297002181410e-03    4.758600890636445e-01    1.212874986231327e-02
  endloop
endfacet
facet normal   -2.465806391808002e-01    6.780492669645256e-01   -6.924212445831348e-01
  outer loop
    vertex    1.919955946505069e-03    4.838966131210328e-01    8.079985156655312e-03
    vertex    4.092949908226728e-03    4.868307113647461e-01    1.017935015261173e-02
    vertex    4.636520985513925e-03    4.863421916961670e-01    9.507397189736366e-03
  endloop
endfacet
facet normal    5.253677283648777e-01    7.509316010609438e-01   -4.001130846657923e-01
  outer loop
    vertex    1.006225030869245e-02    4.824770092964173e-01    8.282554335892200e-03
    vertex    5.043468903750180e-03    4.870148897171021e-01    1.020933967083693e-02
    vertex    9.153127670288084e-03    4.840222895145417e-01    9.989012032747269e-03
  endloop
endfacet
facet normal    6.153760469408466e-01    7.877995003070161e-01   -2.615851997863847e-02
  outer loop
    vertex    5.705507006496190e-03    4.879859983921052e-01    1.400190033018589e-02
    vertex    5.004308186471461e-03    4.885793030261994e-01    1.537446025758982e-02
    vertex    4.572960082441568e-03    4.889603853225709e-01    1.670386083424091e-02
  endloop
endfacet
facet normal   -5.190082934691783e-01    8.418636435968635e-01    1.479729600299473e-01
  outer loop
    vertex   -6.889921147376314e-03    4.821734130382538e-01    1.169985998421907e-02
    vertex   -1.041609980165960e-02    4.804722964763642e-01    9.010126814246178e-03
    vertex   -1.081874035298826e-02    4.797253906726838e-01    1.184726040810347e-02
  endloop
endfacet
facet normal   -9.031958910417326e-01    3.901951708835540e-01    1.788432582584116e-01
  outer loop
    vertex   -4.089809954166413e-03    4.810118973255158e-01    8.556063286960125e-03
    vertex   -2.759428927674890e-03    4.832414090633393e-01    1.041048020124435e-02
    vertex   -3.125502960756422e-03    4.830608963966370e-01    8.955567143857479e-03
  endloop
endfacet
facet normal    1.353782408737699e-02   -4.198808362041214e-01   -9.074782701021039e-01
  outer loop
    vertex    3.390372032299637e-03    4.838519096374512e-01    7.982134819030762e-03
    vertex    8.922997862100599e-03    4.826925098896027e-01    8.601113222539425e-03
    vertex    3.977381158620118e-03    4.833030104637147e-01    8.244861848652363e-03
  endloop
endfacet
facet normal   -2.326788582770715e-01   -7.558151685704295e-01    6.120490011998482e-01
  outer loop
    vertex    1.483671949245028e-04    4.804497957229615e-01    1.743884012103081e-02
    vertex   -1.111967954784633e-03    4.799672067165375e-01    1.636376045644283e-02
    vertex    1.089297002181410e-03    4.758600890636445e-01    1.212874986231327e-02
  endloop
endfacet
facet normal   -3.128701941289132e-01   -9.289454671764215e-01    1.979205917486007e-01
  outer loop
    vertex    3.747232956811785e-03    4.756254851818085e-01    1.522925961762667e-02
    vertex    1.089297002181410e-03    4.758600890636445e-01    1.212874986231327e-02
    vertex    3.116719890385858e-04    4.755359888076783e-01    9.378317743539810e-03
  endloop
endfacet
facet normal   -9.717788250873850e-01    2.267000273465614e-01   -6.521512641135986e-02
  outer loop
    vertex    3.297120099887251e-03    4.688982963562012e-01    9.876618161797523e-03
    vertex    4.043636843562125e-03    4.722915887832642e-01    1.054839976131916e-02
    vertex    3.525231033563613e-03    4.695560932159424e-01    8.764133788645267e-03
  endloop
endfacet
facet normal   -9.372335907261991e-01   -3.354842232233494e-01    9.509748883488857e-02
  outer loop
    vertex    4.564720205962657e-03    4.751161932945252e-01    1.737732067704201e-02
    vertex    4.203164018690585e-03    4.752630889415742e-01    1.433221995830536e-02
    vertex    5.853618960827588e-03    4.718269109725953e-01    1.847616024315357e-02
  endloop
endfacet
facet normal    9.925045968999087e-01   -1.157951141175377e-01   -3.906554337336452e-02
  outer loop
    vertex    3.851559013128280e-03    4.759784936904908e-01    1.683342084288597e-02
    vertex    3.747232956811785e-03    4.756254851818085e-01    1.522925961762667e-02
    vertex    3.744401037693023e-03    4.760614931583405e-01    1.386492978781462e-02
  endloop
endfacet
facet normal    6.603527958503098e-01   -5.963503916466553e-01   -4.563993814583448e-01
  outer loop
    vertex    3.116719890385858e-04    4.755359888076783e-01    9.378317743539810e-03
    vertex    1.222178980242453e-04    4.790096879005433e-01    4.565321840345860e-03
    vertex    1.356572960503399e-03    4.760994017124177e-01    1.015397999435663e-02
  endloop
endfacet
facet normal    6.089403154905442e-01   -6.564378551092658e-01   -4.452875863414822e-01
  outer loop
    vertex    3.744401037693023e-03    4.760614931583405e-01    1.386492978781462e-02
    vertex    1.222178980242453e-04    4.790096879005433e-01    4.565321840345860e-03
    vertex    1.394381979480385e-03    4.802604019641877e-01    4.461245145648718e-03
  endloop
endfacet
facet normal    3.531378919718751e-01    9.351804663775308e-01    2.703931507202601e-02
  outer loop
    vertex    3.028761968016624e-02    4.754408895969391e-01    1.004242990165949e-02
    vertex    2.857268974184990e-02    4.761362969875336e-01    8.388369344174862e-03
    vertex    2.600630000233650e-02    4.768880903720856e-01    1.590435020625591e-02
  endloop
endfacet
facet normal    4.567239093620261e-01    8.856749233719444e-01    8.356554748919005e-02
  outer loop
    vertex    3.132921084761620e-02    4.748126864433289e-01    1.100771035999060e-02
    vertex    3.028761968016624e-02    4.754408895969391e-01    1.004242990165949e-02
    vertex    2.723711915314198e-02    4.763303995132447e-01    1.728728041052818e-02
  endloop
endfacet
facet normal    6.081597653685202e-01    7.753634831902949e-01    1.701563067356587e-01
  outer loop
    vertex    1.023336034268141e-02    4.824958145618439e-01    1.056397985666990e-02
    vertex    1.088737975805998e-02    4.824224114418030e-01    8.560914546251297e-03
    vertex    9.795223362743853e-03    4.830678999423981e-01    9.523073211312294e-03
  endloop
endfacet
facet normal    4.331215618324355e-01    2.709717043049887e-01   -8.596394873095823e-01
  outer loop
    vertex    2.082468010485171e-03    4.832704961299897e-01    7.279878016561270e-03
    vertex    3.977381158620118e-03    4.833030104637147e-01    8.244861848652363e-03
    vertex    6.824456155300140e-03    4.819042086601258e-01    9.238410741090775e-03
  endloop
endfacet
facet normal   -7.052279960087180e-01   -6.331005282186407e-01   -3.191194052620518e-01
  outer loop
    vertex    1.394381979480385e-03    4.802604019641877e-01    4.461245145648718e-03
    vertex    3.922947216778993e-03    4.753740131855012e-01    8.567420765757561e-03
    vertex    2.162706106901168e-03    4.782113134860993e-01    6.828494835644960e-03
  endloop
endfacet
facet normal    9.913489769464164e-01   -1.312487715418978e-01    9.827899246397417e-04
  outer loop
    vertex    2.737456932663918e-02    4.616275131702424e-01    2.330848015844822e-03
    vertex    2.738796733319759e-02    4.617112576961518e-01    2.167868615764903e-19
    vertex    2.750739827752113e-02    4.626133441925049e-01   -5.370678348463423e-23
  endloop
endfacet
facet normal    9.262159043019604e-01   -3.629519819200315e-01   -1.019311406706634e-01
  outer loop
    vertex    3.004566021263599e-02    4.695807099342347e-01    2.338040067115799e-04
    vertex    2.998677454888821e-02    4.694961011409760e-01   -5.648576538900223e-23
    vertex    3.002105094492435e-02    4.695835709571839e-01   -5.652418371440342e-23
  endloop
endfacet
facet normal    9.165248374080016e-01   -3.980637430121781e-01   -3.908297472520416e-02
  outer loop
    vertex    3.161936998367310e-02    4.727711975574494e-01    5.361458897823468e-05
    vertex    3.152136504650116e-02    4.725508093833924e-01   -1.705902722621764e-21
    vertex    3.161595761775970e-02    4.727686047554017e-01   -5.831181749680439e-23
  endloop
endfacet
facet normal    9.717737411081635e-03    9.990329535334921e-01   -4.288033737923379e-02
  outer loop
    vertex   -4.545491188764573e-03    4.840132892131806e-01    1.224362058565021e-04
    vertex   -4.534261766821147e-03    4.840079247951508e-01   -1.779323764845920e-23
    vertex   -4.592474550008775e-03    4.840084910392762e-01   -1.772799048415675e-23
  endloop
endfacet
facet normal    8.336333903184937e-02   -9.892065563132326e-01   -1.205028740419764e-01
  outer loop
    vertex   -3.171896934509279e-02    4.668335914611817e-01    9.771040640771389e-05
    vertex   -3.171592578291894e-02    4.668457508087159e-01    1.267303455887796e-23
    vertex   -3.164555132389070e-02    4.668516814708710e-01    1.259415611259837e-23
  endloop
endfacet
facet normal   -7.081027270780423e-01   -7.060773307873051e-01    6.732819091154654e-03
  outer loop
    vertex    5.407248158007859e-03    4.654611945152283e-01    6.461989687522873e-05
    vertex    5.404286086559295e-03    4.654635488986970e-01   -2.893275080940970e-23
    vertex    5.415162537246942e-03    4.654526412487031e-01   -2.894494156075435e-23
  endloop
endfacet
facet normal    3.747765045363626e-01    8.938016314106263e-01    2.462949762687194e-01
  outer loop
    vertex   -4.491042345762254e-03    4.840241968631745e-01    4.063973978854036e-20
    vertex   -4.545491188764573e-03    4.840132892131806e-01    1.224362058565021e-04
    vertex   -4.437380470335484e-03    4.840016961097718e-01    2.574801141393124e-19
  endloop
endfacet
facet normal    6.810218564661374e-01    4.446863866509749e-01    5.817759435923038e-01
  outer loop
    vertex   -4.545491188764573e-03    4.840132892131806e-01    1.224362058565021e-04
    vertex   -4.334704484790564e-03    4.838506579399109e-01   -1.801690925551696e-23
    vertex   -4.376504570245744e-03    4.839146733283997e-01   -1.797005808480591e-23
  endloop
endfacet
facet normal   -3.549961556457659e-03    9.097517731495154e-01    4.151374579874244e-01
  outer loop
    vertex   -4.691854119300843e-03    4.809522926807404e-01    7.802845910191536e-03
    vertex   -1.270721014589073e-02    4.823055863380433e-01    4.768632818013430e-03
    vertex   -1.101838983595373e-02    4.809012115001679e-01    7.860687561333179e-03
  endloop
endfacet
facet normal   -1.895021797486182e-01   -7.894686144934399e-01   -5.838049593831238e-01
  outer loop
    vertex   -1.363538019359113e-02    4.731925129890442e-01    7.647791877388954e-03
    vertex   -1.521028019487859e-02    4.751507043838502e-01    5.510976072400808e-03
    vertex   -9.273155592381970e-03    4.734767079353333e-01    5.847509019076824e-03
  endloop
endfacet
facet normal    3.188308271996272e-01   -2.256766793519639e-01    9.205525188841061e-01
  outer loop
    vertex    2.275834046304226e-02    4.674127995967866e-01    1.704102009534836e-02
    vertex    2.062058076262474e-02    4.726197123527527e-01    1.905792020261288e-02
    vertex    1.860241033136845e-02    4.692207872867585e-01    1.892364956438541e-02
  endloop
endfacet
facet normal    1.018118024492032e-01   -9.722290716317299e-02    9.900414451954956e-01
  outer loop
    vertex    1.562926918268204e-02    4.776070117950440e-01    2.194120921194553e-02
    vertex    2.190895006060600e-02    4.744229912757874e-01    2.098275907337666e-02
    vertex    1.725419983267784e-02    4.791229069232941e-01    2.192297019064426e-02
  endloop
endfacet
facet normal    7.229964082896487e-01    5.698421731423324e-01    3.905842947542715e-01
  outer loop
    vertex   -3.551302012056113e-03    4.930720925331116e-01    2.574362047016621e-02
    vertex    4.572960082441568e-03    4.889603853225709e-01    1.670386083424091e-02
    vertex   -7.815532386302964e-03    4.957948029041291e-01    2.966468967497349e-02
  endloop
endfacet
facet normal    5.677958775687255e-01    5.206563583770332e-01    6.375929719637187e-01
  outer loop
    vertex    5.219785030931233e-03    4.859057068824769e-01    1.855117082595825e-02
    vertex    2.505145035684108e-03    4.858883917331696e-01    2.098277956247330e-02
    vertex    3.985411021858453e-03    4.837597012519837e-01    2.140283957123756e-02
  endloop
endfacet
facet normal   -5.767390485030813e-01   -6.953148020023204e-01    4.288465880104847e-01
  outer loop
    vertex   -3.729468910023571e-03    4.866024851799012e-01    2.269539050757885e-02
    vertex   -2.912939060479403e-03    4.860923886299134e-01    2.296645939350128e-02
    vertex   -6.097896024584785e-03    4.915218949317933e-01    2.748632058501244e-02
  endloop
endfacet
facet normal   -3.446722240801329e-01    6.752683853434904e-01    6.520840940425168e-01
  outer loop
    vertex   -8.503892458975331e-03    4.783957004547120e-01    1.492337975651026e-02
    vertex   -2.725626109167934e-03    4.802790880203248e-01    1.602724939584732e-02
    vertex   -1.053889002650978e-02    4.793458878993989e-01    1.286377012729645e-02
  endloop
endfacet
facet normal   -7.848803187979028e-01   -5.347174894783149e-01   -3.131135442770095e-01
  outer loop
    vertex   -9.238423779606835e-03    4.709118008613587e-01    1.069671008735895e-02
    vertex   -8.807579055428521e-03    4.734489023685456e-01    5.283995997160673e-03
    vertex   -8.121960796415821e-03    4.750421047210694e-01    8.445794810540974e-04
  endloop
endfacet
facet normal    6.811676414758400e-01   -7.320238568580979e-01    1.231735348346742e-02
  outer loop
    vertex   -3.274294082075358e-03    4.760415852069855e-01    4.175592213869095e-03
    vertex   -6.388168781995788e-03    4.731465876102448e-01    4.326872993260622e-03
    vertex   -2.215978922322393e-03    4.769766032695771e-01    1.217609969899058e-03
  endloop
endfacet
facet normal    3.144821849478109e-01   -4.693217584018287e-01    8.251291065288306e-01
  outer loop
    vertex   -9.458573535084740e-03    4.706768095493317e-01    1.318695023655891e-02
    vertex   -2.224822994321586e-03    4.744792878627778e-01    1.259274035692215e-02
    vertex   -1.002721954137088e-02    4.716714918613434e-01    1.396944001317024e-02
  endloop
endfacet
facet normal   -9.512398707029974e-01    2.937430786480422e-01   -9.411541920065487e-02
  outer loop
    vertex    9.021852165460585e-03    4.780822098255158e-01    6.706296931952238e-03
    vertex    1.014658994972706e-02    4.821738898754120e-01    8.108907379209995e-03
    vertex    9.677506051957606e-03    4.783805906772614e-01    1.010771025903523e-03
  endloop
endfacet
facet normal   -8.149123702324066e-01    5.754031480129722e-01   -6.949133830171020e-02
  outer loop
    vertex    7.282091770321130e-03    4.752523899078370e-01    5.261214915663004e-03
    vertex    9.292438626289366e-03    4.774641394615174e-01   -1.829924073511881e-19
    vertex    5.891355220228433e-03    4.726473689079285e-01   -2.947867694761727e-23
  endloop
endfacet
facet normal   -9.096528917115353e-01    3.344755509083248e-01   -2.462878852997331e-01
  outer loop
    vertex    9.264790453016756e-03    4.812738001346589e-01    1.014341041445732e-02
    vertex    1.014658994972706e-02    4.821738898754120e-01    8.108907379209995e-03
    vertex    9.021852165460585e-03    4.780822098255158e-01    6.706296931952238e-03
  endloop
endfacet
facet normal   -4.974871846125357e-01   -8.326359570946610e-01    2.433595366928337e-01
  outer loop
    vertex   -1.306310016661884e-02    4.946432113647461e-01    3.311995044350624e-02
    vertex   -1.212234981358053e-02    4.927833080291749e-01    2.867956086993217e-02
    vertex   -5.707683973014369e-03    4.871912002563477e-01    2.265975996851921e-02
  endloop
endfacet
facet normal    6.060735138179854e-01   -4.908992557773862e-02    7.938923573477026e-01
  outer loop
    vertex    3.953399136662475e-04    4.831846058368683e-01    2.285096980631351e-02
    vertex   -7.043132092803731e-03    4.947415888309479e-01    2.924427017569542e-02
    vertex   -7.812317926436677e-03    4.949209094047547e-01    2.984257042407990e-02
  endloop
endfacet
facet normal    8.664487888907201e-01    4.650004785362036e-01    1.817719758128463e-01
  outer loop
    vertex    7.807727903127669e-03    4.815205931663514e-01    1.861068978905678e-02
    vertex    7.852230221033095e-03    4.830619990825654e-01    1.445540972054005e-02
    vertex    5.767602939158677e-03    4.856514930725098e-01    1.776783913373947e-02
  endloop
endfacet
facet normal   -4.010035716965261e-01    9.145591051981456e-01   -5.270463533500760e-02
  outer loop
    vertex   -1.041609980165960e-02    4.804722964763642e-01    9.010126814246178e-03
    vertex   -6.889921147376314e-03    4.821734130382538e-01    1.169985998421907e-02
    vertex   -8.041139692068116e-03    4.815588891506196e-01    9.795365855097771e-03
  endloop
endfacet
facet normal    3.223814910901153e-01    9.451077369969713e-01    5.330609412606963e-02
  outer loop
    vertex    1.626373082399368e-02    4.799583852291108e-01    2.086219005286694e-02
    vertex    1.650764048099518e-02    4.801166951656342e-01    1.658027991652489e-02
    vertex    1.238157972693443e-02    4.816924929618836e-01    1.359501015394926e-02
  endloop
endfacet
facet normal   -8.961285820525560e-01    4.391313389892627e-01    6.416565706024388e-02
  outer loop
    vertex    3.815029747784137e-03    4.684078395366669e-01    2.707790286199336e-20
    vertex    3.745106980204581e-03    4.682283997535706e-01    2.515027881599963e-04
    vertex    5.700124427676200e-03    4.722547233104706e-01   -2.926433799548051e-23
  endloop
endfacet
facet normal    2.261928041928231e-01    6.270401168935376e-01    7.454243805628616e-01
  outer loop
    vertex    2.253648079931736e-02    4.774070978164673e-01    2.176341973245144e-02
    vertex    2.260516025125980e-02    4.778051078319550e-01    2.140777930617332e-02
    vertex    1.725419983267784e-02    4.791229069232941e-01    2.192297019064426e-02
  endloop
endfacet
facet normal   -1.874670917637631e-01   -7.164708040793374e-01    6.719566030686391e-01
  outer loop
    vertex    1.786538958549500e-02    4.630073904991150e-01    1.984518952667713e-02
    vertex    1.636563986539841e-02    4.637938141822815e-01    2.026529982686043e-02
    vertex    9.776361286640166e-03    4.650279879570008e-01    1.974290981888771e-02
  endloop
endfacet
facet normal   -6.927947016109167e-01    6.249025462334743e-01    3.599059726244639e-01
  outer loop
    vertex   -1.487927045673134e-02    4.766544997692109e-01    1.010658033192158e-02
    vertex   -1.417294982820751e-02    4.741190075874329e-01    1.586855947971344e-02
    vertex   -1.136249955743553e-02    4.791010022163392e-01    1.262827962636948e-02
  endloop
endfacet
facet normal   -8.461254207885781e-01    5.273934842733293e-01    7.699275966861428e-02
  outer loop
    vertex   -1.417294982820751e-02    4.741190075874329e-01    1.586855947971344e-02
    vertex   -1.225433032959701e-02    4.771175980567933e-01    1.641348935663700e-02
    vertex   -1.136249955743553e-02    4.791010022163392e-01    1.262827962636948e-02
  endloop
endfacet
facet normal   -6.790300238531021e-01   -6.778493074419529e-01   -2.818484399575777e-01
  outer loop
    vertex    3.427367890253662e-03    4.666228890419007e-01    1.503521017730236e-02
    vertex    3.297120099887251e-03    4.688982963562012e-01    9.876618161797523e-03
    vertex    5.101596936583518e-03    4.657100141048432e-01    1.319712959229946e-02
  endloop
endfacet
facet normal   -2.871182287930403e-01    9.387178200410820e-01    1.907143860123466e-01
  outer loop
    vertex   -1.133660040795805e-02    4.968551099300385e-01    3.116922080516815e-02
    vertex   -1.454299967736007e-02    4.966050088405610e-01    2.757305093109608e-02
    vertex   -1.378706004470588e-02    4.955599009990693e-01    3.385524824261665e-02
  endloop
endfacet
facet normal    6.885901942194048e-01    5.619452755167087e-02    7.229700681896361e-01
  outer loop
    vertex    1.439572952222071e-04    4.843856990337372e-01    2.315600961446762e-02
    vertex    1.539021031931042e-03    4.867354035377503e-01    2.164465002715588e-02
    vertex   -2.916407072916628e-03    4.891493022441865e-01    2.570058032870293e-02
  endloop
endfacet
facet normal   -9.436860574671271e-01   -3.081983507453219e-01    1.202929820896203e-01
  outer loop
    vertex    4.203164018690585e-03    4.752630889415742e-01    1.433221995830536e-02
    vertex    4.057732876390218e-03    4.742867052555085e-01    1.068976987153292e-02
    vertex    5.853618960827588e-03    4.718269109725953e-01    1.847616024315357e-02
  endloop
endfacet
facet normal    3.382175728476379e-01    9.406194843358043e-01    2.904925308674863e-02
  outer loop
    vertex    1.650764048099518e-02    4.801166951656342e-01    1.658027991652489e-02
    vertex    1.936049014329910e-02    4.794904887676240e-01    3.641498042270541e-03
    vertex    1.238157972693443e-02    4.816924929618836e-01    1.359501015394926e-02
  endloop
endfacet
facet normal    3.368925880073381e-01    9.413115600579143e-01    2.087896182891984e-02
  outer loop
    vertex    2.857268974184990e-02    4.761362969875336e-01    8.388369344174862e-03
    vertex    2.221418917179108e-02    4.784752130508423e-01    5.537795834243298e-03
    vertex    2.600630000233650e-02    4.768880903720856e-01    1.590435020625591e-02
  endloop
endfacet
facet normal   -2.607685390797367e-01   -9.634087045209268e-01    6.199546015257507e-02
  outer loop
    vertex    1.786741055548191e-02    4.626325070858002e-01    1.874564960598946e-02
    vertex    9.924067184329031e-03    4.647817015647889e-01    1.873240061104298e-02
    vertex    1.189456973224878e-02    4.640280902385712e-01    1.530972030013800e-02
  endloop
endfacet
facet normal    4.303731727361352e-01   -8.989824915015542e-01    8.129829126550367e-02
  outer loop
    vertex    2.583988942205906e-02    4.601806104183198e-01    8.473435416817665e-03
    vertex    2.541645988821983e-02    4.599170088768006e-01    7.800106890499592e-03
    vertex    2.606829069554806e-02    4.595347940921784e-01    1.230095949722454e-04
  endloop
endfacet
facet normal    8.169198651644121e-01    4.494243914346491e-01    3.614687403958389e-01
  outer loop
    vertex    3.132921084761620e-02    4.748126864433289e-01    1.100771035999060e-02
    vertex    2.751062065362930e-02    4.760222136974335e-01    1.813388988375664e-02
    vertex    2.805959060788155e-02    4.754621982574463e-01    1.758950017392635e-02
  endloop
endfacet
facet normal    6.732325948675321e-01   -6.838669273280757e-01    2.812185963175013e-01
  outer loop
    vertex    2.583988942205906e-02    4.601806104183198e-01    8.473435416817665e-03
    vertex    2.745486982166767e-02    4.619312882423401e-01    8.864494971930981e-03
    vertex    2.677717059850693e-02    4.619511067867280e-01    1.053509023040533e-02
  endloop
endfacet
facet normal    3.551903734534115e-01   -7.177993705785678e-01    5.988354216335552e-01
  outer loop
    vertex    2.393694035708904e-02    4.713591933250428e-01    1.758407987654209e-02
    vertex    2.500401064753532e-02    4.713321030139924e-01    1.691869087517262e-02
    vertex    2.588164992630482e-02    4.733549952507020e-01    1.882288977503777e-02
  endloop
endfacet
facet normal    6.575603372506877e-01   -2.919560380767089e-01    6.945329903649740e-01
  outer loop
    vertex    2.275834046304226e-02    4.674127995967866e-01    1.704102009534836e-02
    vertex    2.471989020705223e-02    4.702559113502503e-01    1.637903042137623e-02
    vertex    2.393694035708904e-02    4.713591933250428e-01    1.758407987654209e-02
  endloop
endfacet
facet normal   -1.002382484486809e-01   -9.417068042753612e-01    3.211550845454993e-01
  outer loop
    vertex    2.251327037811279e-02    4.612168967723847e-01    1.559059973806143e-02
    vertex    2.277904003858566e-02    4.613335132598878e-01    1.601549983024597e-02
    vertex    1.912721991539001e-02    4.627867043018342e-01    1.913681998848915e-02
  endloop
endfacet
facet normal    4.440881901253740e-01   -2.326112682943384e-01    8.652616235877268e-01
  outer loop
    vertex    1.912721991539001e-02    4.627867043018342e-01    1.913681998848915e-02
    vertex    2.365230023860931e-02    4.638633131980897e-01    1.710378937423229e-02
    vertex    1.831387914717197e-02    4.659867882728577e-01    2.041454985737801e-02
  endloop
endfacet
facet normal    4.449312611883131e-01   -2.322615438665042e-01    8.649223942401566e-01
  outer loop
    vertex    1.912721991539001e-02    4.627867043018342e-01    1.913681998848915e-02
    vertex    1.831387914717197e-02    4.659867882728577e-01    2.041454985737801e-02
    vertex    1.786538958549500e-02    4.630073904991150e-01    1.984518952667713e-02
  endloop
endfacet
facet normal    1.641825687161621e-01    4.822519144554568e-01    8.605098344201589e-01
  outer loop
    vertex    1.686554960906506e-02    4.664956033229828e-01    2.075025066733360e-02
    vertex    1.709914952516556e-02    4.693624079227448e-01    1.909904927015305e-02
    vertex    1.017734035849571e-02    4.685240089893342e-01    2.088956907391548e-02
  endloop
endfacet
facet normal   -2.978688998456406e-01   -2.052577716102871e-01    9.322785880295262e-01
  outer loop
    vertex    1.053695008158684e-02    4.653781056404114e-01    2.031183987855911e-02
    vertex    1.017734035849571e-02    4.685240089893342e-01    2.088956907391548e-02
    vertex    9.138879366219042e-03    4.654670059680939e-01    1.988472044467926e-02
  endloop
endfacet
facet normal    3.581290613578279e-01   -4.481078816673778e-01    8.191110436311650e-01
  outer loop
    vertex    1.013807021081447e-02    4.773213863372803e-01    2.040055952966213e-02
    vertex    6.243526004254817e-03    4.723159968852997e-01    1.936504058539867e-02
    vertex    6.612369790673255e-03    4.716976881027222e-01    1.886552013456821e-02
  endloop
endfacet
facet normal    6.548873416622553e-01    2.261773823519236e-01    7.210869305728516e-01
  outer loop
    vertex    1.766199013218283e-03    4.825111925601960e-01    2.499675005674362e-02
    vertex    1.353078987449407e-03    4.814969897270203e-01    2.569006010890007e-02
    vertex    3.925987053662538e-03    4.806374907493592e-01    2.362295053899288e-02
  endloop
endfacet
facet normal    7.048571477207771e-01    1.720077239244172e-01    6.881785700072852e-01
  outer loop
    vertex    1.458268030546605e-03    4.886110126972199e-01    2.172766998410225e-02
    vertex    5.219785030931233e-03    4.859057068824769e-01    1.855117082595825e-02
    vertex   -3.551302012056113e-03    4.930720925331116e-01    2.574362047016621e-02
  endloop
endfacet
facet normal   -9.004447991894495e-01   -4.314508126251758e-01   -5.522100956834422e-02
  outer loop
    vertex    4.778426955454043e-04    4.823291003704072e-01    2.222757972776890e-02
    vertex    3.851559013128280e-03    4.759784936904908e-01    1.683342084288597e-02
    vertex    3.585790051147341e-03    4.763365089893342e-01    1.836987026035786e-02
  endloop
endfacet
facet normal   -8.055774119656617e-01   -5.924891367369582e-01   -1.286926338465478e-03
  outer loop
    vertex    3.851559013128280e-03    4.759784936904908e-01    1.683342084288597e-02
    vertex    4.160241223871707e-03    4.755544066429139e-01    1.885339058935642e-02
    vertex    3.585790051147341e-03    4.763365089893342e-01    1.836987026035786e-02
  endloop
endfacet
facet normal    6.657199058226492e-01   -1.436164461286412e-01    7.322508609710624e-01
  outer loop
    vertex   -1.277158968150617e-02    4.948615133762360e-01    3.355684876441956e-02
    vertex   -1.110883988440038e-02    4.938701093196869e-01    3.185072913765907e-02
    vertex   -9.243687614798561e-03    4.948188066482545e-01    3.034110926091671e-02
  endloop
endfacet
facet normal   -5.163715396761374e-01   -7.120039847435258e-01    4.758263955707337e-01
  outer loop
    vertex   -3.729468910023571e-03    4.866024851799012e-01    2.269539050757885e-02
    vertex   -6.097896024584785e-03    4.915218949317933e-01    2.748632058501244e-02
    vertex   -8.428362198174015e-03    4.948183000087739e-01    2.988985925912857e-02
  endloop
endfacet
facet normal   -1.085621719922007e-01   -3.441531873457613e-01    9.326161259875840e-01
  outer loop
    vertex   -8.503892458975331e-03    4.783957004547120e-01    1.492337975651026e-02
    vertex   -6.912506185472026e-03    4.780591130256653e-01    1.498441956937313e-02
    vertex   -1.111967954784633e-03    4.799672067165375e-01    1.636376045644283e-02
  endloop
endfacet
facet normal    2.414279063317535e-01    3.477904473918510e-01    9.059549496234580e-01
  outer loop
    vertex   -8.220194838941113e-03    4.776485860347748e-01    1.513458974659443e-02
    vertex   -8.503892458975331e-03    4.783957004547120e-01    1.492337975651026e-02
    vertex   -1.225433032959701e-02    4.771175980567933e-01    1.641348935663700e-02
  endloop
endfacet
facet normal   -1.546262893989185e-01    9.618380842944270e-01    2.257392527398558e-01
  outer loop
    vertex   -6.838204804807916e-03    4.834437072277070e-01    1.943545998074114e-03
    vertex   -6.701239850372091e-03    4.827840030193329e-01    4.848255775868893e-03
    vertex   -4.645578097552062e-03    4.839994907379151e-01    1.077343011274934e-03
  endloop
endfacet
facet normal   -7.235068442511520e-03    9.960676860327239e-01    8.829959584305731e-02
  outer loop
    vertex   -1.101838983595373e-02    4.809012115001679e-01    7.860687561333179e-03
    vertex   -9.188402444124237e-03    4.808281064033509e-01    8.835298009216785e-03
    vertex   -4.691854119300843e-03    4.809522926807404e-01    7.802845910191536e-03
  endloop
endfacet
facet normal   -6.884938911321552e-01    2.794325552181651e-01    6.692485404974381e-01
  outer loop
    vertex   -1.668778993189336e-02    4.759868979454041e-01    5.342673044651747e-03
    vertex   -1.665233075618745e-02    4.774290919303895e-01    4.776990041136742e-03
    vertex   -1.728737913072111e-02    4.773947894573212e-01    4.138002172112465e-03
  endloop
endfacet
facet normal   -3.568132637303157e-01    6.647804014671517e-01    6.563164729391552e-01
  outer loop
    vertex   -2.419462986290456e-02    4.775095880031586e-01    4.178292874712497e-04
    vertex   -3.117582015693189e-02    4.737980067729951e-01    3.818788973148912e-04
    vertex   -2.483074925839902e-02    4.765574038028718e-01    1.036460045725107e-03
  endloop
endfacet
facet normal    2.036794689979578e-01    7.772140071061304e-01    5.953596065125192e-01
  outer loop
    vertex   -3.488909825682641e-02    4.724557995796204e-01    3.236732911318541e-03
    vertex   -2.891775965690614e-02    4.708186984062195e-01    3.331026993691921e-03
    vertex   -3.089543059468271e-02    4.725899994373322e-01    1.695260987617075e-03
  endloop
endfacet
facet normal   -3.332232811804221e-01    4.417224239988853e-01    8.329727156491396e-01
  outer loop
    vertex   -2.947686053812505e-02    4.736258089542389e-01    1.260385964997113e-03
    vertex   -2.651651017367841e-02    4.718826115131379e-01    3.369058948010206e-03
    vertex   -1.728737913072111e-02    4.773947894573212e-01    4.138002172112465e-03
  endloop
endfacet
facet normal   -7.631939245127638e-02   -1.058655080241011e-01    9.914473483481950e-01
  outer loop
    vertex   -2.893795073032381e-02    4.680689871311188e-01    3.035861998796463e-03
    vertex   -2.727443911135198e-02    4.707122147083283e-01    3.446155926212668e-03
    vertex   -2.891775965690614e-02    4.708186984062195e-01    3.331026993691921e-03
  endloop
endfacet
facet normal   -2.609951811774973e-01    2.728472185307151e-01    9.259783532794800e-01
  outer loop
    vertex   -1.800717972218992e-02    4.750554859638215e-01    4.832575097680092e-03
    vertex   -2.651651017367841e-02    4.718826115131379e-01    3.369058948010206e-03
    vertex   -2.185625955462457e-02    4.724926054477692e-01    4.502851981669664e-03
  endloop
endfacet
facet normal   -3.312041087189413e-01   -9.139639868668370e-02   -9.391222160479414e-01
  outer loop
    vertex   -1.370764989405872e-02    4.930869042873383e-01    2.655838988721371e-02
    vertex   -1.385447010397913e-02    4.953227043151856e-01    2.639257907867432e-02
    vertex   -9.670276194810883e-03    4.896507859230042e-01    2.546891942620277e-02
  endloop
endfacet
facet normal   -5.276295875253506e-01   -9.723276257843082e-02   -8.438914671029651e-01
  outer loop
    vertex   -1.370764989405872e-02    4.930869042873383e-01    2.655838988721371e-02
    vertex   -1.481880992650987e-02    4.941135942935944e-01    2.713483013212681e-02
    vertex   -1.385447010397913e-02    4.953227043151856e-01    2.639257907867432e-02
  endloop
endfacet
facet normal   -9.440893675265011e-01    1.867538288160681e-01   -2.716951849885272e-01
  outer loop
    vertex   -2.890638075768948e-03    4.843592047691346e-01    1.240829005837440e-02
    vertex   -3.261806908994914e-03    4.841060042381287e-01    1.352399028837681e-02
    vertex   -3.605606034398080e-03    4.848083853721619e-01    1.520141959190369e-02
  endloop
endfacet
facet normal   -4.083932581189541e-01    8.334135874267319e-01   -3.723395480142964e-01
  outer loop
    vertex   -2.363493898883463e-03    4.845319986343384e-01    1.266713999211788e-02
    vertex   -6.354182027280345e-03    4.869711995124817e-01    2.250394970178604e-02
    vertex   -5.429957062006011e-03    4.866968989372254e-01    2.087626047432423e-02
  endloop
endfacet
facet normal   -7.652199170299856e-01   -2.496041694423912e-01   -5.934106817184839e-01
  outer loop
    vertex   -9.564642095938334e-04    4.853116869926453e-01    1.442239992320538e-02
    vertex   -2.138603944331408e-03    4.869526028633118e-01    1.525659020990133e-02
    vertex    6.662018131464711e-04    4.851224124431611e-01    1.240953989326954e-02
  endloop
endfacet
facet normal    6.614517242525313e-01   -7.470967646018014e-01   -6.578784693903376e-02
  outer loop
    vertex    3.116719890385858e-04    4.755359888076783e-01    9.378317743539810e-03
    vertex   -9.313407645095222e-05    4.750792980194092e-01    1.049451995640993e-02
    vertex   -9.821604471653709e-04    4.743775129318238e-01    9.525546804070473e-03
  endloop
endfacet
facet normal    1.064370182149883e-01   -1.075041534906906e-01    9.884907779720316e-01
  outer loop
    vertex   -1.225433032959701e-02    4.771175980567933e-01    1.641348935663700e-02
    vertex   -1.382074970752002e-02    4.732863903045655e-01    1.616548933088779e-02
    vertex   -1.196327991783620e-02    4.757800102233887e-01    1.623667962849140e-02
  endloop
endfacet
facet normal    3.763808317024521e-01   -3.053338333752884e-01    8.747049329478610e-01
  outer loop
    vertex   -1.382074970752002e-02    4.732863903045655e-01    1.616548933088779e-02
    vertex   -1.002721954137088e-02    4.716714918613434e-01    1.396944001317024e-02
    vertex   -1.196327991783620e-02    4.757800102233887e-01    1.623667962849140e-02
  endloop
endfacet
facet normal   -8.323940987049213e-01    5.492879031579415e-01   -7.350417597370515e-02
  outer loop
    vertex    7.282091770321130e-03    4.752523899078370e-01    5.261214915663004e-03
    vertex    5.406013224273919e-03    4.725421071052552e-01    6.253147032111883e-03
    vertex    9.021852165460585e-03    4.780822098255158e-01    6.706296931952238e-03
  endloop
endfacet
facet normal   -8.597037332743879e-01   -5.107314384579784e-01    7.930243673716824e-03
  outer loop
    vertex    5.101596936583518e-03    4.657100141048432e-01    1.319712959229946e-02
    vertex    3.826647996902465e-03    4.677503108978272e-01    6.383385974913836e-03
    vertex    4.054666031152009e-03    4.672678112983704e-01    2.800002948788460e-05
  endloop
endfacet
facet normal    4.136840950633649e-01   -8.973999048857920e-01    1.534238579966510e-01
  outer loop
    vertex   -1.252833986654879e-03    4.739497005939484e-01    1.182836014777422e-02
    vertex   -8.740525692701355e-03    4.705299139022828e-01    1.201491989195347e-02
    vertex   -1.944785006344319e-03    4.734396934509278e-01    1.071099005639553e-02
  endloop
endfacet
facet normal   -5.705821228668405e-01   -7.757782056687299e-01   -2.694516963653702e-01
  outer loop
    vertex   -7.760806940495983e-03    4.710778892040253e-01    7.089572027325630e-03
    vertex   -9.238423779606835e-03    4.709118008613587e-01    1.069671008735895e-02
    vertex   -7.963309064507500e-03    4.720829129219056e-01    4.624820780009031e-03
  endloop
endfacet
facet normal   -2.587948797887027e-01   -9.514089849553833e-01   -1.668716678807946e-01
  outer loop
    vertex   -9.273155592381970e-03    4.734767079353333e-01    5.847509019076824e-03
    vertex   -1.521028019487859e-02    4.751507043838502e-01    5.510976072400808e-03
    vertex   -8.807579055428521e-03    4.734489023685456e-01    5.283995997160673e-03
  endloop
endfacet
facet normal   -9.327945663607023e-01    2.176861917631285e-01   -2.872403503751099e-01
  outer loop
    vertex   -1.562747056595990e-04    4.808839857578278e-01    2.377486042678356e-02
    vertex    7.710570935159913e-04    4.851283133029938e-01    2.397998981177807e-02
    vertex   -6.212911830516616e-05    4.786224961280823e-01    2.175525017082691e-02
  endloop
endfacet
facet normal   -8.461721273975650e-01   -3.741328885831590e-01    3.794961297508850e-01
  outer loop
    vertex   -1.562747056595990e-04    4.808839857578278e-01    2.377486042678356e-02
    vertex   -6.212911830516616e-05    4.786224961280823e-01    2.175525017082691e-02
    vertex    2.285686932736999e-04    4.780761897563935e-01    2.186484076082706e-02
  endloop
endfacet
facet normal   -7.647533950993459e-01   -6.440616533516030e-01   -1.835296613691904e-02
  outer loop
    vertex    4.564720205962657e-03    4.751161932945252e-01    1.737732067704201e-02
    vertex    4.160241223871707e-03    4.755544066429139e-01    1.885339058935642e-02
    vertex    3.851559013128280e-03    4.759784936904908e-01    1.683342084288597e-02
  endloop
endfacet
facet normal    2.332654764884995e-01    7.754549351794037e-01    5.867340632556628e-01
  outer loop
    vertex   -9.820974431931988e-03    4.964601099491120e-01    3.108870983123779e-02
    vertex   -1.133660040795805e-02    4.968551099300385e-01    3.116922080516815e-02
    vertex   -1.378706004470588e-02    4.955599009990693e-01    3.385524824261665e-02
  endloop
endfacet
facet normal    2.566995521737194e-01    9.353951439292146e-01    2.431897708117179e-01
  outer loop
    vertex   -9.820974431931988e-03    4.964601099491120e-01    3.108870983123779e-02
    vertex   -9.166044183075444e-03    4.965268969535828e-01    3.014050982892513e-02
    vertex   -1.133660040795805e-02    4.968551099300385e-01    3.116922080516815e-02
  endloop
endfacet
facet normal    2.792710735169963e-01    9.348620075962195e-01   -2.191818748205016e-01
  outer loop
    vertex   -9.166044183075444e-03    4.965268969535828e-01    3.014050982892513e-02
    vertex    3.970513935200862e-04    4.913563132286072e-01    2.027159929275513e-02
    vertex   -2.304464112967254e-03    4.924395978450776e-01    2.144991979002953e-02
  endloop
endfacet
facet normal    2.443266801512945e-01    9.242592536001523e-01   -2.933416191077161e-01
  outer loop
    vertex   -2.304464112967254e-03    4.924395978450776e-01    2.144991979002953e-02
    vertex    5.004308186471461e-03    4.885793030261994e-01    1.537446025758982e-02
    vertex   -1.817423035390684e-04    4.910875856876374e-01    1.895803958177567e-02
  endloop
endfacet
facet normal    7.185132873847687e-01    1.946690779311424e-01    6.677144643850179e-01
  outer loop
    vertex   -5.139989778399482e-03    4.864203929901124e-01    2.236712910234928e-02
    vertex   -6.908258888870492e-03    4.870730042457581e-01    2.407965995371342e-02
    vertex   -2.536449115723372e-03    4.841732084751130e-01    2.022067084908485e-02
  endloop
endfacet
facet normal    6.859990170933078e-01    4.608284130090697e-02    7.261416668148516e-01
  outer loop
    vertex   -2.916407072916628e-03    4.891493022441865e-01    2.570058032870293e-02
    vertex    1.539021031931042e-03    4.867354035377503e-01    2.164465002715588e-02
    vertex   -7.043132092803731e-03    4.947415888309479e-01    2.924427017569542e-02
  endloop
endfacet
facet normal    4.106483099261355e-01   -1.814994821587947e-01    8.935468110462361e-01
  outer loop
    vertex   -1.543382997624577e-03    4.754034876823426e-01    1.161008980125189e-02
    vertex   -8.220194838941113e-03    4.776485860347748e-01    1.513458974659443e-02
    vertex   -1.054302975535394e-02    4.766423106193543e-01    1.599770039319992e-02
  endloop
endfacet
facet normal   -5.901323757353562e-02    9.904758460739512e-01    1.243986982857133e-01
  outer loop
    vertex    7.663496071472756e-04    4.837242960929871e-01    7.777480874210596e-03
    vertex   -3.836302086710931e-03    4.841904938220978e-01    1.882122014649212e-03
    vertex   -1.983649097383023e-03    4.834300875663758e-01    8.815434761345387e-03
  endloop
endfacet
facet normal    7.991152185518774e-01    5.911124265745978e-01   -1.095489234446237e-01
  outer loop
    vertex    1.006225030869245e-02    4.824770092964173e-01    8.282554335892200e-03
    vertex    9.153127670288084e-03    4.840222895145417e-01    9.989012032747269e-03
    vertex    9.795223362743853e-03    4.830678999423981e-01    9.523073211312294e-03
  endloop
endfacet
facet normal   -3.979985317958017e-02    5.362969653011587e-01   -8.430904676816432e-01
  outer loop
    vertex    3.390372032299637e-03    4.838519096374512e-01    7.982134819030762e-03
    vertex    1.919955946505069e-03    4.838966131210328e-01    8.079985156655312e-03
    vertex    4.636520985513925e-03    4.863421916961670e-01    9.507397189736366e-03
  endloop
endfacet
facet normal   -3.134445150353892e-01   -3.552035362215031e-01   -8.806718934143231e-01
  outer loop
    vertex    8.786449208855627e-03    4.832001924514771e-01    8.444948121905327e-03
    vertex    1.006225030869245e-02    4.824770092964173e-01    8.282554335892200e-03
    vertex    8.922997862100599e-03    4.826925098896027e-01    8.601113222539425e-03
  endloop
endfacet
facet normal   -3.408964900146728e-01   -9.132361959422258e-01    2.231350118575042e-01
  outer loop
    vertex    3.851559013128280e-03    4.759784936904908e-01    1.683342084288597e-02
    vertex    1.089297002181410e-03    4.758600890636445e-01    1.212874986231327e-02
    vertex    3.747232956811785e-03    4.756254851818085e-01    1.522925961762667e-02
  endloop
endfacet
facet normal    6.884065424695460e-01   -5.698188878005467e-01   -4.487793081135460e-01
  outer loop
    vertex    1.356572960503399e-03    4.760994017124177e-01    1.015397999435663e-02
    vertex    1.222178980242453e-04    4.790096879005433e-01    4.565321840345860e-03
    vertex    3.744401037693023e-03    4.760614931583405e-01    1.386492978781462e-02
  endloop
endfacet
facet normal    3.720373831110875e-01    9.272302146853983e-01    4.280554335975528e-02
  outer loop
    vertex    2.723711915314198e-02    4.763303995132447e-01    1.728728041052818e-02
    vertex    3.028761968016624e-02    4.754408895969391e-01    1.004242990165949e-02
    vertex    2.600630000233650e-02    4.768880903720856e-01    1.590435020625591e-02
  endloop
endfacet
facet normal    3.274478513771793e-01    9.447789333821722e-01    1.306413662336366e-02
  outer loop
    vertex    2.228550054132938e-02    4.783129990100861e-01    1.548148039728403e-02
    vertex    2.221418917179108e-02    4.784752130508423e-01    5.537795834243298e-03
    vertex    1.936049014329910e-02    4.794904887676240e-01    3.641498042270541e-03
  endloop
endfacet
facet normal    4.093221914427077e-01    9.122338359922815e-01    1.687519076474524e-02
  outer loop
    vertex    3.187244012951851e-02    4.749118983745576e-01    1.972975005628541e-04
    vertex    3.005209006369114e-02    4.757184982299805e-01    7.485207752324641e-04
    vertex    3.028761968016624e-02    4.754408895969391e-01    1.004242990165949e-02
  endloop
endfacet
facet normal    3.820897539827991e-01   -2.104402252709497e-01   -8.998457264938673e-01
  outer loop
    vertex    7.495662197470664e-03    4.782752096652985e-01    9.660439565777779e-03
    vertex    4.695307929068803e-03    4.745916128158570e-01    9.332817047834396e-03
    vertex    6.587814074009656e-03    4.791417121887208e-01    9.072309359908104e-03
  endloop
endfacet
facet normal    1.945735468551206e-01   -5.810297602854895e-01   -7.902819449581301e-01
  outer loop
    vertex    4.695307929068803e-03    4.745916128158570e-01    9.332817047834396e-03
    vertex    4.146753810346126e-03    4.735251069068909e-01    9.981873445212841e-03
    vertex    3.922947216778993e-03    4.753740131855012e-01    8.567420765757561e-03
  endloop
endfacet
facet normal    3.683805777990863e-01   -4.543147970866216e-01   -8.111065374219055e-01
  outer loop
    vertex    7.461517816409461e-04    4.808053970336915e-01    3.861577017232776e-03
    vertex    2.001489978283643e-03    4.802418947219849e-01    4.747341852635145e-03
    vertex    1.394381979480385e-03    4.802604019641877e-01    4.461245145648718e-03
  endloop
endfacet
facet normal   -7.340484803124933e-01   -6.221854482082383e-01   -2.721361728782719e-01
  outer loop
    vertex    3.922947216778993e-03    4.753740131855012e-01    8.567420765757561e-03
    vertex    4.057732876390218e-03    4.742867052555085e-01    1.068976987153292e-02
    vertex    2.162706106901168e-03    4.782113134860993e-01    6.828494835644960e-03
  endloop
endfacet
facet normal   -8.788625393732784e-01   -4.741566564601429e-01    5.268872764539648e-02
  outer loop
    vertex    2.162706106901168e-03    4.782113134860993e-01    6.828494835644960e-03
    vertex    4.203164018690585e-03    4.752630889415742e-01    1.433221995830536e-02
    vertex    3.744401037693023e-03    4.760614931583405e-01    1.386492978781462e-02
  endloop
endfacet
facet normal   -2.863094235188879e-01   -9.578863170483912e-01   -2.192527344758372e-02
  outer loop
    vertex    1.530450023710728e-02    4.625633955001832e-01    9.614371083443984e-05
    vertex    1.532921195030212e-02    4.625582098960877e-01    1.351247016015253e-20
    vertex    1.653537526726723e-02    4.621976912021638e-01   -4.140891093921671e-23
  endloop
endfacet
facet normal   -2.106854035621427e-01   -9.772276034832493e-01   -2.525612235166630e-02
  outer loop
    vertex    2.606829069554806e-02    4.595347940921784e-01    1.230095949722454e-04
    vertex    2.565797045826912e-02    4.596264362335206e-01    1.350089328362268e-20
    vertex    2.605539001524448e-02    4.595407545566559e-01    9.481561077665157e-20
  endloop
endfacet
facet normal   -9.675460107596574e-01   -2.525452787809908e-01   -8.694781682399863e-03
  outer loop
    vertex    3.745106980204581e-03    4.682283997535706e-01    2.515027881599963e-04
    vertex    3.745126770809292e-03    4.682369828224183e-01    2.439184157090851e-19
    vertex    3.756849560886621e-03    4.681920707225800e-01    3.252335655061362e-19
  endloop
endfacet
facet normal    4.476813599653288e-01    8.941098803038888e-01   -1.220335538116819e-02
  outer loop
    vertex    3.005209006369114e-02    4.757184982299805e-01    7.485207752324641e-04
    vertex    3.012436069548130e-02    4.756720960140229e-01    5.420444462654268e-19
    vertex    3.006852976977825e-02    4.757000505924225e-01    1.083636398487103e-19
  endloop
endfacet
facet normal   -2.615468642655749e-01   -9.644788896738408e-01    3.706358275127133e-02
  outer loop
    vertex    1.705219969153404e-02    4.626283943653107e-01    1.528233010321856e-02
    vertex    1.189456973224878e-02    4.640280902385712e-01    1.530972030013800e-02
    vertex    1.582323946058750e-02    4.624609947204590e-01    2.253796905279160e-03
  endloop
endfacet
facet normal    7.198963336345383e-01   -6.866792067220787e-01    1.010986442791708e-01
  outer loop
    vertex    2.583988942205906e-02    4.601806104183198e-01    8.473435416817665e-03
    vertex    2.708262950181961e-02    4.602699875831605e-01    2.312815049663186e-04
    vertex    2.745486982166767e-02    4.619312882423401e-01    8.864494971930981e-03
  endloop
endfacet
facet normal    8.671876084852596e-01   -4.869891245008064e-01    1.040540451282621e-01
  outer loop
    vertex    2.889171987771988e-02    4.694359898567200e-01    9.173443540930748e-03
    vertex    3.004566021263599e-02    4.695807099342347e-01    2.338040067115799e-04
    vertex    3.100560978055000e-02    4.716446995735169e-01    1.893365988507867e-03
  endloop
endfacet
facet normal    3.888739747509232e-01   -3.088459071429835e-01    8.679811273307997e-01
  outer loop
    vertex    2.190895006060600e-02    4.744229912757874e-01    2.098275907337666e-02
    vertex    2.588164992630482e-02    4.733549952507020e-01    1.882288977503777e-02
    vertex    2.253648079931736e-02    4.774070978164673e-01    2.176341973245144e-02
  endloop
endfacet
facet normal    5.858602968684412e-01    2.975987189284443e-01    7.537922227281009e-01
  outer loop
    vertex    2.365230023860931e-02    4.638633131980897e-01    1.710378937423229e-02
    vertex    1.913945935666561e-02    4.684630036354065e-01    1.879527978599072e-02
    vertex    1.831387914717197e-02    4.659867882728577e-01    2.041454985737801e-02
  endloop
endfacet
facet normal   -1.583584131950034e-01   -5.576098602098211e-01    8.148581819968087e-01
  outer loop
    vertex    2.190895006060600e-02    4.744229912757874e-01    2.098275907337666e-02
    vertex    1.562926918268204e-02    4.776070117950440e-01    2.194120921194553e-02
    vertex    1.381454989314079e-02    4.754033982753754e-01    2.008059993386269e-02
  endloop
endfacet
facet normal   -2.044890207860705e-01    7.539068419103968e-02    9.759613133291509e-01
  outer loop
    vertex    6.612369790673255e-03    4.716976881027222e-01    1.886552013456821e-02
    vertex    1.050969026982784e-02    4.709199070930482e-01    1.974219083786011e-02
    vertex    1.290708966553211e-02    4.750249981880189e-01    1.992739923298359e-02
  endloop
endfacet
facet normal   -8.784165715356616e-01   -4.202309407558425e-01   -2.275747861319293e-01
  outer loop
    vertex    5.853618960827588e-03    4.718269109725953e-01    1.847616024315357e-02
    vertex    4.280104767531156e-03    4.739171862602234e-01    2.068994939327240e-02
    vertex    4.564720205962657e-03    4.751161932945252e-01    1.737732067704201e-02
  endloop
endfacet
facet normal    7.341758953296922e-01    4.727795296891468e-01    4.873040847599721e-01
  outer loop
    vertex    6.882837042212485e-03    4.776177108287812e-01    2.435846067965031e-02
    vertex    9.099539369344710e-03    4.777741134166718e-01    2.086701989173889e-02
    vertex    7.673908025026321e-03    4.811640083789826e-01    1.972603052854538e-02
  endloop
endfacet
facet normal    3.536453612428094e-01    6.561334364501146e-01    6.666512371874863e-01
  outer loop
    vertex    7.673908025026321e-03    4.811640083789826e-01    1.972603052854538e-02
    vertex    1.202245987951755e-02    4.789217114448548e-01    1.962612941861153e-02
    vertex    1.158487983047962e-02    4.815055131912232e-01    1.731522008776665e-02
  endloop
endfacet
facet normal   -4.218869459157861e-01    3.853907226840359e-02    9.058289820791458e-01
  outer loop
    vertex    4.209720063954591e-03    4.795989096164704e-01    2.344010025262833e-02
    vertex    5.208040820434682e-04    4.776161015033722e-01    2.180635929107666e-02
    vertex    5.668370053172111e-03    4.773500859737397e-01    2.421513944864273e-02
  endloop
endfacet
facet normal   -1.815415407533804e-01    8.568312959213129e-01    4.825793191908374e-01
  outer loop
    vertex    5.208040820434682e-04    4.776161015033722e-01    2.180635929107666e-02
    vertex    1.622287963982663e-04    4.763788878917695e-01    2.386816963553429e-02
    vertex    5.668370053172111e-03    4.773500859737397e-01    2.421513944864273e-02
  endloop
endfacet
facet normal    6.137949805100884e-01    4.558015829564767e-01    6.445933903438587e-01
  outer loop
    vertex    3.985411021858453e-03    4.837597012519837e-01    2.140283957123756e-02
    vertex    4.795830231159925e-03    4.804277122020722e-01    2.298724092543125e-02
    vertex    7.673908025026321e-03    4.811640083789826e-01    1.972603052854538e-02
  endloop
endfacet
facet normal   -5.901168202295818e-01   -5.078142025412378e-01    6.276040743809222e-01
  outer loop
    vertex   -1.562747056595990e-04    4.808839857578278e-01    2.377486042678356e-02
    vertex    2.285686932736999e-04    4.780761897563935e-01    2.186484076082706e-02
    vertex    1.353078987449407e-03    4.814969897270203e-01    2.569006010890007e-02
  endloop
endfacet
facet normal    2.159060305912012e-01    8.888253796269374e-01    4.041955349646775e-01
  outer loop
    vertex   -6.701239850372091e-03    4.827840030193329e-01    4.848255775868893e-03
    vertex   -4.691854119300843e-03    4.809522926807404e-01    7.802845910191536e-03
    vertex   -4.645578097552062e-03    4.839994907379151e-01    1.077343011274934e-03
  endloop
endfacet
facet normal   -6.763602996545998e-01    3.288270132494003e-01    6.590975196498762e-01
  outer loop
    vertex   -1.101838983595373e-02    4.809012115001679e-01    7.860687561333179e-03
    vertex   -1.393825002014639e-02    4.823181927204133e-01    4.157412797212601e-03
    vertex   -1.521847024559976e-02    4.801405966281891e-01    3.930075094103813e-03
  endloop
endfacet
facet normal   -9.556296454843122e-01    1.276295742182956e-01    2.654857292895124e-01
  outer loop
    vertex   -1.563082076609136e-02    4.762113094329835e-01    9.039404802024364e-03
    vertex   -1.665233075618745e-02    4.774290919303895e-01    4.776990041136742e-03
    vertex   -1.668778993189336e-02    4.759868979454041e-01    5.342673044651747e-03
  endloop
endfacet
facet normal   -4.338993294049896e-01    3.791032511493523e-01    8.173200700520520e-01
  outer loop
    vertex   -1.728737913072111e-02    4.773947894573212e-01    4.138002172112465e-03
    vertex   -1.623689942061902e-02    4.796491861343384e-01    3.650008933618665e-03
    vertex   -2.419462986290456e-02    4.775095880031586e-01    4.178292874712497e-04
  endloop
endfacet
facet normal   -9.868368359599092e-01   -7.140276973669850e-02   -1.451023902854910e-01
  outer loop
    vertex   -3.477079048752786e-02    4.697228074073792e-01    3.776991041377187e-03
    vertex   -3.488909825682641e-02    4.724557995796204e-01    3.236732911318541e-03
    vertex   -3.411801904439928e-02    4.682385921478272e-01    6.787347228964791e-05
  endloop
endfacet
facet normal    1.966653832474003e-01   -7.680288442455987e-01   -6.094706075266657e-01
  outer loop
    vertex   -7.963309064507500e-03    4.720829129219056e-01    4.624820780009031e-03
    vertex   -8.121960796415821e-03    4.750421047210694e-01    8.445794810540974e-04
    vertex   -3.191347932443024e-03    4.764873087406159e-01    6.144166109152138e-04
  endloop
endfacet
facet normal    1.664578408736796e-01   -9.614933628082227e-01    2.186831051714059e-01
  outer loop
    vertex    5.527745932340621e-03    4.769156873226166e-01    2.379767037928104e-02
    vertex    8.989204070530824e-04    4.761249125003815e-01    2.384421974420547e-02
    vertex    4.160241223871707e-03    4.755544066429139e-01    1.885339058935642e-02
  endloop
endfacet
facet normal    8.881284830229197e-02   -7.466012572980925e-01    6.593169500151969e-01
  outer loop
    vertex   -6.912506185472026e-03    4.780591130256653e-01    1.498441956937313e-02
    vertex   -3.347377933096149e-04    4.757345914840699e-01    1.146611012518406e-02
    vertex   -1.111967954784633e-03    4.799672067165375e-01    1.636376045644283e-02
  endloop
endfacet
facet normal    1.315540920170086e-01    4.690613054072684e-01   -8.733126660270132e-01
  outer loop
    vertex    3.390372032299637e-03    4.838519096374512e-01    7.982134819030762e-03
    vertex    4.636520985513925e-03    4.863421916961670e-01    9.507397189736366e-03
    vertex    8.786449208855627e-03    4.832001924514771e-01    8.444948121905327e-03
  endloop
endfacet
facet normal   -8.372445445941541e-02   -9.122442956956157e-01   -4.009994522393806e-01
  outer loop
    vertex    8.922997862100599e-03    4.826925098896027e-01    8.601113222539425e-03
    vertex    8.835907094180582e-03    4.819555878639222e-01    1.029574032872915e-02
    vertex    3.977381158620118e-03    4.833030104637147e-01    8.244861848652363e-03
  endloop
endfacet
facet normal   -2.183224056041852e-01   -9.756163016838802e-01    2.254238452048849e-02
  outer loop
    vertex    7.435970939695834e-03    4.645704925060273e-01    1.075518969446421e-02
    vertex    7.365154102444648e-03    4.644488096237183e-01    4.802993033081293e-03
    vertex    1.530450023710728e-02    4.625633955001832e-01    9.614371083443984e-05
  endloop
endfacet
facet normal   -1.632694143442293e-01   -9.840262154283769e-01    7.096129712313677e-02
  outer loop
    vertex    9.493564255535601e-03    4.645941853523255e-01    1.581789925694466e-02
    vertex    7.435970939695834e-03    4.645704925060273e-01    1.075518969446421e-02
    vertex    1.279131043702364e-02    4.633038043975831e-01    5.511610768735409e-03
  endloop
endfacet
facet normal   -2.610868226652158e-01   -9.632834250530511e-01    6.259963297532047e-02
  outer loop
    vertex    1.705219969153404e-02    4.626283943653107e-01    1.528233010321856e-02
    vertex    1.786741055548191e-02    4.626325070858002e-01    1.874564960598946e-02
    vertex    1.189456973224878e-02    4.640280902385712e-01    1.530972030013800e-02
  endloop
endfacet
facet normal    4.407531631778107e-01   -8.957881251849794e-01   -5.744809767376028e-02
  outer loop
    vertex   -1.930049993097784e-02    4.726685881614686e-01    1.772531977621838e-04
    vertex   -2.989606931805612e-02    4.673244953155518e-01    2.216384047642350e-03
    vertex   -2.535733953118326e-02    4.696871936321259e-01    1.968639990082011e-04
  endloop
endfacet
facet normal    5.795339801891323e-01   -8.111502468462312e-01    7.858525846137164e-02
  outer loop
    vertex    2.583988942205906e-02    4.601806104183198e-01    8.473435416817665e-03
    vertex    2.606829069554806e-02    4.595347940921784e-01    1.230095949722454e-04
    vertex    2.708262950181961e-02    4.602699875831605e-01    2.312815049663186e-04
  endloop
endfacet
facet normal    7.906827796007878e-01   -6.106189191803431e-01    4.433145138388289e-02
  outer loop
    vertex    3.100560978055000e-02    4.716446995735169e-01    1.893365988507867e-03
    vertex    3.088760003447533e-02    4.720560908317566e-01    9.664633311331272e-03
    vertex    2.889171987771988e-02    4.694359898567200e-01    9.173443540930748e-03
  endloop
endfacet
facet normal    4.937263770464580e-01    8.689990761413284e-01    3.278521426033888e-02
  outer loop
    vertex    3.028761968016624e-02    4.754408895969391e-01    1.004242990165949e-02
    vertex    3.132921084761620e-02    4.748126864433289e-01    1.100771035999060e-02
    vertex    3.187244012951851e-02    4.749118983745576e-01    1.972975005628541e-04
  endloop
endfacet
facet normal    9.484154259053427e-01   -3.132355330867284e-01    4.890481281694822e-02
  outer loop
    vertex    3.176881000399590e-02    4.739770889282227e-01    4.879250191152096e-03
    vertex    3.088760003447533e-02    4.720560908317566e-01    9.664633311331272e-03
    vertex    3.161936998367310e-02    4.727711975574494e-01    5.361458897823468e-05
  endloop
endfacet
facet normal    8.569088493575473e-01   -2.126587708011273e-01    4.695566750607192e-01
  outer loop
    vertex    2.677717059850693e-02    4.619511067867280e-01    1.053509023040533e-02
    vertex    2.720684930682182e-02    4.624811112880707e-01    9.990991093218327e-03
    vertex    2.365230023860931e-02    4.638633131980897e-01    1.710378937423229e-02
  endloop
endfacet
facet normal   -1.610555903560688e-01   -9.814773458394195e-01    1.037464043669320e-01
  outer loop
    vertex    2.181590907275677e-02    4.612259864807129e-01    1.459401007741690e-02
    vertex    2.541645988821983e-02    4.599170088768006e-01    7.800106890499592e-03
    vertex    2.251327037811279e-02    4.612168967723847e-01    1.559059973806143e-02
  endloop
endfacet
facet normal    4.721793690755217e-01    1.887747252815163e-01    8.610521160268582e-01
  outer loop
    vertex    1.913945935666561e-02    4.684630036354065e-01    1.879527978599072e-02
    vertex    2.275834046304226e-02    4.674127995967866e-01    1.704102009534836e-02
    vertex    1.860241033136845e-02    4.692207872867585e-01    1.892364956438541e-02
  endloop
endfacet
facet normal    4.257104085119503e-01   -4.283326352578888e-02    9.038450971379548e-01
  outer loop
    vertex    1.913945935666561e-02    4.684630036354065e-01    1.879527978599072e-02
    vertex    2.228882908821106e-02    4.662821888923646e-01    1.720857992768288e-02
    vertex    2.275834046304226e-02    4.674127995967866e-01    1.704102009534836e-02
  endloop
endfacet
facet normal    1.630323649646070e-02   -5.445826563995450e-03    9.998522628132495e-01
  outer loop
    vertex    1.542096957564354e-02    4.799542129039765e-01    2.195739001035690e-02
    vertex    1.562926918268204e-02    4.776070117950440e-01    2.194120921194553e-02
    vertex    1.725419983267784e-02    4.791229069232941e-01    2.192297019064426e-02
  endloop
endfacet
facet normal   -2.055667048718178e-02   -3.324476512888083e-01    9.428976521611645e-01
  outer loop
    vertex    1.935875043272972e-02    4.723392128944398e-01    1.912109926342964e-02
    vertex    1.381454989314079e-02    4.754033982753754e-01    2.008059993386269e-02
    vertex    1.290708966553211e-02    4.750249981880189e-01    1.992739923298359e-02
  endloop
endfacet
facet normal   -7.576904442522320e-01   -3.373637624299068e-01    5.586509487041016e-01
  outer loop
    vertex    5.440840963274240e-03    4.654361009597779e-01    1.410915981978178e-02
    vertex    9.776361286640166e-03    4.650279879570008e-01    1.974290981888771e-02
    vertex    6.414243020117282e-03    4.659031033515931e-01    1.571138948202133e-02
  endloop
endfacet
facet normal   -3.130093622070326e-01   -9.338175538388570e-01    1.732337014358353e-01
  outer loop
    vertex    5.440840963274240e-03    4.654361009597779e-01    1.410915981978178e-02
    vertex    5.949479993432759e-03    4.650690853595734e-01    1.304979994893074e-02
    vertex    9.776361286640166e-03    4.650279879570008e-01    1.974290981888771e-02
  endloop
endfacet
facet normal   -5.114593879463667e-01   -8.227605234087204e-01    2.479403468613697e-01
  outer loop
    vertex    6.414243020117282e-03    4.659031033515931e-01    1.571138948202133e-02
    vertex    9.776361286640166e-03    4.650279879570008e-01    1.974290981888771e-02
    vertex    9.138879366219042e-03    4.654670059680939e-01    1.988472044467926e-02
  endloop
endfacet
facet normal   -5.314978894779677e-02   -2.626011362189383e-01    9.634395379012256e-01
  outer loop
    vertex    1.381454989314079e-02    4.754033982753754e-01    2.008059993386269e-02
    vertex    1.013807021081447e-02    4.773213863372803e-01    2.040055952966213e-02
    vertex    1.290708966553211e-02    4.750249981880189e-01    1.992739923298359e-02
  endloop
endfacet
facet normal   -2.702771027307374e-01   -7.885275693577071e-01    5.524260675441602e-01
  outer loop
    vertex    4.280104767531156e-03    4.739171862602234e-01    2.068994939327240e-02
    vertex    5.853618960827588e-03    4.718269109725953e-01    1.847616024315357e-02
    vertex    6.243526004254817e-03    4.723159968852997e-01    1.936504058539867e-02
  endloop
endfacet
facet normal    7.549831918369058e-01   -3.865855450862866e-01    5.296715929461355e-01
  outer loop
    vertex    6.729677785187959e-03    4.764893949031830e-01    2.375325933098793e-02
    vertex    8.888859301805494e-03    4.765389859676362e-01    2.071180008351803e-02
    vertex    6.882837042212485e-03    4.776177108287812e-01    2.435846067965031e-02
  endloop
endfacet
facet normal   -1.630078029862495e-01    2.253154157764938e-01    9.605526636156196e-01
  outer loop
    vertex    6.882837042212485e-03    4.776177108287812e-01    2.435846067965031e-02
    vertex    4.209720063954591e-03    4.795989096164704e-01    2.344010025262833e-02
    vertex    5.668370053172111e-03    4.773500859737397e-01    2.421513944864273e-02
  endloop
endfacet
facet normal    7.431593550311458e-01    2.930032682652997e-01    6.015507109259736e-01
  outer loop
    vertex   -7.043132092803731e-03    4.947415888309479e-01    2.924427017569542e-02
    vertex    1.458268030546605e-03    4.886110126972199e-01    2.172766998410225e-02
    vertex   -3.551302012056113e-03    4.930720925331116e-01    2.574362047016621e-02
  endloop
endfacet
facet normal   -2.439373069756642e-01    8.258840167806292e-01    5.083406152293497e-01
  outer loop
    vertex   -1.101838983595373e-02    4.809012115001679e-01    7.860687561333179e-03
    vertex   -1.270721014589073e-02    4.823055863380433e-01    4.768632818013430e-03
    vertex   -1.393825002014639e-02    4.823181927204133e-01    4.157412797212601e-03
  endloop
endfacet
facet normal   -9.171517477779351e-01   -3.936794038126916e-01   -6.204190971885582e-02
  outer loop
    vertex   -1.448393985629083e-02    4.733793139457703e-01    1.536681968718767e-02
    vertex   -1.512563042342664e-02    4.756728112697602e-01    1.029967982321978e-02
    vertex   -1.440989971160890e-02    4.741806089878083e-01    9.187780320644379e-03
  endloop
endfacet
facet normal   -3.978940718456790e-01    7.991342583019324e-01    4.506270573304334e-01
  outer loop
    vertex   -1.573367044329645e-02    4.815233945846558e-01    7.706604083068669e-04
    vertex   -2.419462986290456e-02    4.775095880031586e-01    4.178292874712497e-04
    vertex   -1.623689942061902e-02    4.796491861343384e-01    3.650008933618665e-03
  endloop
endfacet
facet normal   -6.639419505598701e-02   -1.060133465153201e-01    9.921456451668224e-01
  outer loop
    vertex   -2.893795073032381e-02    4.680689871311188e-01    3.035861998796463e-03
    vertex   -2.891775965690614e-02    4.708186984062195e-01    3.331026993691921e-03
    vertex   -3.151452913880350e-02    4.671008884906769e-01    2.759994007647038e-03
  endloop
endfacet
facet normal    4.743022054995687e-01   -8.524546670965339e-01    2.199055670136218e-01
  outer loop
    vertex   -2.989606931805612e-02    4.673244953155518e-01    2.216384047642350e-03
    vertex   -2.171329036355020e-02    4.716885089874268e-01    1.484313979744911e-03
    vertex   -2.893795073032381e-02    4.680689871311188e-01    3.035861998796463e-03
  endloop
endfacet
facet normal   -7.717274685733303e-01    4.690958425047267e-01   -4.294016823373892e-01
  outer loop
    vertex   -3.605606034398080e-03    4.848083853721619e-01    1.520141959190369e-02
    vertex   -6.354182027280345e-03    4.869711995124817e-01    2.250394970178604e-02
    vertex   -2.363493898883463e-03    4.845319986343384e-01    1.266713999211788e-02
  endloop
endfacet
facet normal    3.450309258942300e-01    9.378270442045850e-01    3.786945121152391e-02
  outer loop
    vertex   -5.429957062006011e-03    4.866968989372254e-01    2.087626047432423e-02
    vertex   -6.354182027280345e-03    4.869711995124817e-01    2.250394970178604e-02
    vertex   -9.564642095938334e-04    4.853116869926453e-01    1.442239992320538e-02
  endloop
endfacet
facet normal   -8.351938562023312e-01   -1.708196804060803e-01   -5.227541098335282e-01
  outer loop
    vertex   -9.564642095938334e-04    4.853116869926453e-01    1.442239992320538e-02
    vertex   -6.354182027280345e-03    4.869711995124817e-01    2.250394970178604e-02
    vertex   -3.733352990821005e-03    4.865970909595490e-01    1.843895018100739e-02
  endloop
endfacet
facet normal   -8.346751896705126e-01   -1.756747983916946e-01   -5.219728852713817e-01
  outer loop
    vertex   -6.354182027280345e-03    4.869711995124817e-01    2.250394970178604e-02
    vertex   -7.814820855855957e-03    4.880206882953644e-01    2.448640950024128e-02
    vertex   -3.733352990821005e-03    4.865970909595490e-01    1.843895018100739e-02
  endloop
endfacet
facet normal   -7.866114678819793e-01   -4.473518383091887e-01   -4.255804640229007e-01
  outer loop
    vertex   -7.814820855855957e-03    4.880206882953644e-01    2.448640950024128e-02
    vertex   -5.386061966419235e-03    4.879465997219086e-01    2.007514983415604e-02
    vertex   -3.733352990821005e-03    4.865970909595490e-01    1.843895018100739e-02
  endloop
endfacet
facet normal    7.373899131871042e-01   -6.735454703586403e-01    5.091773059821955e-02
  outer loop
    vertex   -1.747450005495929e-04    4.793612062931061e-01    3.200283972546458e-03
    vertex   -3.274294082075358e-03    4.760415852069855e-01    4.175592213869095e-03
    vertex   -2.215978922322393e-03    4.769766032695771e-01    1.217609969899058e-03
  endloop
endfacet
facet normal    6.578257034171152e-01   -7.507937713456642e-01   -5.978341603097053e-02
  outer loop
    vertex   -9.821604471653709e-04    4.743775129318238e-01    9.525546804070473e-03
    vertex   -9.313407645095222e-05    4.750792980194092e-01    1.049451995640993e-02
    vertex   -1.944785006344319e-03    4.734396934509278e-01    1.071099005639553e-02
  endloop
endfacet
facet normal    6.573362131852221e-01   -7.508445468395649e-01   -6.435502557377241e-02
  outer loop
    vertex   -9.313407645095222e-05    4.750792980194092e-01    1.049451995640993e-02
    vertex   -1.252833986654879e-03    4.739497005939484e-01    1.182836014777422e-02
    vertex   -1.944785006344319e-03    4.734396934509278e-01    1.071099005639553e-02
  endloop
endfacet
facet normal    3.366601502963430e-01   -5.175247448047587e-01    7.866562665594249e-01
  outer loop
    vertex   -9.458573535084740e-03    4.706768095493317e-01    1.318695023655891e-02
    vertex   -1.252833986654879e-03    4.739497005939484e-01    1.182836014777422e-02
    vertex   -2.224822994321586e-03    4.744792878627778e-01    1.259274035692215e-02
  endloop
endfacet
facet normal    2.490830743731857e-01   -9.480642906638536e-01   -1.978173976900066e-01
  outer loop
    vertex   -1.058052014559509e-02    4.743066132068635e-01    1.707449991954491e-04
    vertex   -9.126824326813237e-03    4.737535119056702e-01    4.651981871575117e-03
    vertex   -1.199270039796831e-02    4.739398062229157e-01    1.505567051935941e-04
  endloop
endfacet
facet normal   -8.940719947475267e-01    4.083527884798445e-01   -1.840740838600423e-01
  outer loop
    vertex    5.406013224273919e-03    4.725421071052552e-01    6.253147032111883e-03
    vertex    3.797587007284164e-03    4.685094952583314e-01    5.119476001709700e-03
    vertex    3.525231033563613e-03    4.695560932159424e-01    8.764133788645267e-03
  endloop
endfacet
facet normal   -5.506496595209052e-01    2.383925175319918e-01    7.999712245164012e-01
  outer loop
    vertex    7.101211813278489e-04    4.813990890979767e-01    2.266879007220268e-02
    vertex    6.797898095101110e-04    4.788100123405457e-01    2.341946028172970e-02
    vertex    1.161918975412845e-03    4.832181036472321e-01    2.243771031498909e-02
  endloop
endfacet
facet normal    2.170598413401472e-01    9.353607389489731e-01   -2.792585062450583e-01
  outer loop
    vertex   -7.890230976045147e-03    4.954183101654053e-01    2.708528935909271e-02
    vertex   -2.304464112967254e-03    4.924395978450776e-01    2.144991979002953e-02
    vertex   -8.816351182758824e-03    4.948202073574067e-01    2.436213009059429e-02
  endloop
endfacet
facet normal   -2.660163536806401e-01    5.979231795720326e-01   -7.561237801477529e-01
  outer loop
    vertex   -1.187772024422886e-02    4.955202937126160e-01    2.497146092355251e-02
    vertex   -7.548375986516490e-03    4.927014112472535e-01    2.121922932565212e-02
    vertex   -4.599274136126042e-03    4.895718097686768e-01    1.770688034594059e-02
  endloop
endfacet
facet normal   -2.165512525302532e-03    8.177789937633766e-01   -5.755283033134529e-01
  outer loop
    vertex   -1.817423035390684e-04    4.910875856876374e-01    1.895803958177567e-02
    vertex    5.004308186471461e-03    4.885793030261994e-01    1.537446025758982e-02
    vertex    4.193026106804608e-03    4.884927868843079e-01    1.525458041578531e-02
  endloop
endfacet
facet normal   -2.473016577020005e-01    6.109701827781899e-01   -7.520354551840144e-01
  outer loop
    vertex   -7.548375986516490e-03    4.927014112472535e-01    2.121922932565212e-02
    vertex   -1.085466006770731e-03    4.877254068851472e-01    1.505133043974638e-02
    vertex   -4.599274136126042e-03    4.895718097686768e-01    1.770688034594059e-02
  endloop
endfacet
facet normal    7.564313786361309e-01    3.464992315551135e-01    5.547520634899508e-01
  outer loop
    vertex   -5.139989778399482e-03    4.864203929901124e-01    2.236712910234928e-02
    vertex   -2.536449115723372e-03    4.841732084751130e-01    2.022067084908485e-02
    vertex   -5.707683973014369e-03    4.871912002563477e-01    2.265975996851921e-02
  endloop
endfacet
facet normal    6.331414833237535e-01    7.697425940976595e-01   -8.141376374055391e-02
  outer loop
    vertex   -7.814820855855957e-03    4.880206882953644e-01    2.448640950024128e-02
    vertex   -1.370764989405872e-02    4.930869042873383e-01    2.655838988721371e-02
    vertex   -9.670276194810883e-03    4.896507859230042e-01    2.546891942620277e-02
  endloop
endfacet
facet normal    6.765775009303687e-01    6.333083316392757e-01    3.757172371759032e-01
  outer loop
    vertex   -7.814820855855957e-03    4.880206882953644e-01    2.448640950024128e-02
    vertex   -5.139989778399482e-03    4.864203929901124e-01    2.236712910234928e-02
    vertex   -1.370764989405872e-02    4.930869042873383e-01    2.655838988721371e-02
  endloop
endfacet
facet normal   -8.052966818371082e-02    7.328682696188097e-01   -6.755879453691822e-01
  outer loop
    vertex    4.193026106804608e-03    4.884927868843079e-01    1.525458041578531e-02
    vertex   -1.085466006770731e-03    4.877254068851472e-01    1.505133043974638e-02
    vertex   -2.282008063048125e-03    4.908049106597901e-01    1.853455975651741e-02
  endloop
endfacet
facet normal   -2.614880782389626e-01    5.952005877133185e-01   -7.598422502892390e-01
  outer loop
    vertex    6.662018131464711e-04    4.851224124431611e-01    1.240953989326954e-02
    vertex   -4.599274136126042e-03    4.895718097686768e-01    1.770688034594059e-02
    vertex   -1.085466006770731e-03    4.877254068851472e-01    1.505133043974638e-02
  endloop
endfacet
facet normal    5.404775433760526e-01   -9.907276673514590e-02    8.355050041727042e-01
  outer loop
    vertex    3.953399136662475e-04    4.831846058368683e-01    2.285096980631351e-02
    vertex    1.439572952222071e-04    4.843856990337372e-01    2.315600961446762e-02
    vertex   -2.916407072916628e-03    4.891493022441865e-01    2.570058032870293e-02
  endloop
endfacet
facet normal   -4.013312988860051e-01    8.981725241105389e-01    1.794973689706209e-01
  outer loop
    vertex   -1.081874035298826e-02    4.797253906726838e-01    1.184726040810347e-02
    vertex   -1.041609980165960e-02    4.804722964763642e-01    9.010126814246178e-03
    vertex   -1.384073030203582e-02    4.787550866603852e-01    9.945735335350037e-03
  endloop
endfacet
facet normal   -2.187780961786177e-01    9.608936371552772e-01   -1.697632548785569e-01
  outer loop
    vertex    1.014658994972706e-02    4.821738898754120e-01    8.108907379209995e-03
    vertex    1.088737975805998e-02    4.824224114418030e-01    8.560914546251297e-03
    vertex    1.226884033530950e-02    4.815231859683991e-01    1.690797973424196e-03
  endloop
endfacet
facet normal    2.676906769632311e-01    9.591037178867384e-01   -9.198782420952566e-02
  outer loop
    vertex    1.314262021332979e-02    4.815621078014374e-01    4.639370832592249e-03
    vertex    1.834299042820930e-02    4.798657894134522e-01    2.086265012621880e-03
    vertex    1.226884033530950e-02    4.815231859683991e-01    1.690797973424196e-03
  endloop
endfacet
facet normal    2.428506389309767e-01    9.648435571826911e-01    1.005011310079017e-01
  outer loop
    vertex    1.158487983047962e-02    4.815055131912232e-01    1.731522008776665e-02
    vertex    1.626373082399368e-02    4.799583852291108e-01    2.086219005286694e-02
    vertex    1.238157972693443e-02    4.816924929618836e-01    1.359501015394926e-02
  endloop
endfacet
facet normal   -8.331978482174804e-01   -5.526801336162752e-01    1.805590295877484e-02
  outer loop
    vertex    5.404286086559295e-03    4.654635488986970e-01   -2.893275080940970e-23
    vertex    5.407248158007859e-03    4.654611945152283e-01    6.461989687522873e-05
    vertex    5.392365623265504e-03    4.654815196990967e-01    2.710216237314882e-19
  endloop
endfacet
facet normal   -2.867691576874568e-01   -9.576794693608280e-01    2.476861247606689e-02
  outer loop
    vertex    2.372018992900848e-02    4.600727856159211e-01    1.232836046256125e-03
    vertex    2.219275012612343e-02    4.606258869171143e-01    4.933936987072229e-03
    vertex    1.530450023710728e-02    4.625633955001832e-01    9.614371083443984e-05
  endloop
endfacet
facet normal   -2.746999820276419e-01   -9.599704922887797e-01    5.474097011244167e-02
  outer loop
    vertex    2.181590907275677e-02    4.612259864807129e-01    1.459401007741690e-02
    vertex    1.705219969153404e-02    4.626283943653107e-01    1.528233010321856e-02
    vertex    2.299108915030956e-02    4.605953097343445e-01    9.431348182260990e-03
  endloop
endfacet
facet normal   -2.885654129016513e-01   -9.566445739557136e-01    3.951153753007994e-02
  outer loop
    vertex    1.705219969153404e-02    4.626283943653107e-01    1.528233010321856e-02
    vertex    1.582323946058750e-02    4.624609947204590e-01    2.253796905279160e-03
    vertex    2.299108915030956e-02    4.605953097343445e-01    9.431348182260990e-03
  endloop
endfacet
facet normal   -2.539478663669045e-01   -9.669303829190918e-01   -2.358210668357144e-02
  outer loop
    vertex    6.122902967035770e-03    4.648016095161439e-01    4.508554004132748e-03
    vertex    6.878824438899755e-03    4.647130370140076e-01   -2.304235471242387e-19
    vertex    1.266242563724518e-02    4.631940722465516e-01   -3.706795750915648e-23
  endloop
endfacet
facet normal   -2.030249451726438e-01   -9.747751771782123e-01    9.270504622095689e-02
  outer loop
    vertex    5.949479993432759e-03    4.650690853595734e-01    1.304979994893074e-02
    vertex    9.493564255535601e-03    4.645941853523255e-01    1.581789925694466e-02
    vertex    9.924067184329031e-03    4.647817015647889e-01    1.873240061104298e-02
  endloop
endfacet
facet normal    9.718700099714279e-01   -2.031877896334868e-01    1.190941050681963e-01
  outer loop
    vertex    2.683543972671032e-02    4.640024006366730e-01    9.526936337351799e-03
    vertex    2.753677032887936e-02    4.633978903293610e-01    2.772351028397679e-03
    vertex    2.789711952209473e-02    4.645088016986847e-01    1.727052032947540e-03
  endloop
endfacet
facet normal    9.425996252193400e-01   -2.556643927226531e-01    2.148061098528546e-01
  outer loop
    vertex    3.154008835554123e-02    4.743439853191376e-01    9.524497203528881e-03
    vertex    3.132921084761620e-02    4.748126864433289e-01    1.100771035999060e-02
    vertex    3.088760003447533e-02    4.720560908317566e-01    9.664633311331272e-03
  endloop
endfacet
facet normal    7.899478407232063e-01   -2.696714017586114e-01    5.506902432495870e-01
  outer loop
    vertex    2.352719940245152e-02    4.659559130668641e-01    1.578103937208652e-02
    vertex    2.611421048641205e-02    4.644024968147278e-01    1.130934990942478e-02
    vertex    2.811194024980068e-02    4.695667922496796e-01    1.097260974347591e-02
  endloop
endfacet
facet normal    7.922928694189479e-01   -2.941012477040973e-01    5.345806442126232e-01
  outer loop
    vertex    2.352719940245152e-02    4.659559130668641e-01    1.578103937208652e-02
    vertex    2.811194024980068e-02    4.695667922496796e-01    1.097260974347591e-02
    vertex    2.471989020705223e-02    4.702559113502503e-01    1.637903042137623e-02
  endloop
endfacet
facet normal    5.937594924328053e-01   -7.237564712204086e-01    3.516052267992035e-01
  outer loop
    vertex    2.583988942205906e-02    4.601806104183198e-01    8.473435416817665e-03
    vertex    2.677717059850693e-02    4.619511067867280e-01    1.053509023040533e-02
    vertex    2.277904003858566e-02    4.613335132598878e-01    1.601549983024597e-02
  endloop
endfacet
facet normal    5.888420687314585e-01    4.796667922529314e-01    6.505265455781489e-01
  outer loop
    vertex    2.253648079931736e-02    4.774070978164673e-01    2.176341973245144e-02
    vertex    2.701815962791443e-02    4.757938981056214e-01    1.889619976282120e-02
    vertex    2.260516025125980e-02    4.778051078319550e-01    2.140777930617332e-02
  endloop
endfacet
facet normal    4.520149142873057e-01   -4.795831854397385e-01    7.521186645106696e-01
  outer loop
    vertex    2.277904003858566e-02    4.613335132598878e-01    1.601549983024597e-02
    vertex    2.365230023860931e-02    4.638633131980897e-01    1.710378937423229e-02
    vertex    1.912721991539001e-02    4.627867043018342e-01    1.913681998848915e-02
  endloop
endfacet
facet normal   -2.826014977266121e-01   -3.272844857608800e-01    9.016769148996285e-01
  outer loop
    vertex    6.612369790673255e-03    4.716976881027222e-01    1.886552013456821e-02
    vertex    5.081852898001670e-03    4.673992991447449e-01    1.682562939822674e-02
    vertex    9.224513545632361e-03    4.703285992145539e-01    1.918726973235607e-02
  endloop
endfacet
facet normal   -5.534340837628945e-01   -5.484307548088790e-02    8.310854059609777e-01
  outer loop
    vertex    1.542096957564354e-02    4.799542129039765e-01    2.195739001035690e-02
    vertex    1.202245987951755e-02    4.789217114448548e-01    1.962612941861153e-02
    vertex    1.562926918268204e-02    4.776070117950440e-01    2.194120921194553e-02
  endloop
endfacet
facet normal    6.735394117058408e-01   -5.714317762354378e-01    4.688394031940603e-01
  outer loop
    vertex    6.243526004254817e-03    4.723159968852997e-01    1.936504058539867e-02
    vertex    8.888859301805494e-03    4.765389859676362e-01    2.071180008351803e-02
    vertex    6.729677785187959e-03    4.764893949031830e-01    2.375325933098793e-02
  endloop
endfacet
facet normal    7.125823523331277e-01    3.975134288940154e-01    5.781085235423440e-01
  outer loop
    vertex    3.985411021858453e-03    4.837597012519837e-01    2.140283957123756e-02
    vertex    1.766199013218283e-03    4.825111925601960e-01    2.499675005674362e-02
    vertex    3.925987053662538e-03    4.806374907493592e-01    2.362295053899288e-02
  endloop
endfacet
facet normal    7.485586860344153e-01    4.849948226307045e-01    4.521503241001174e-01
  outer loop
    vertex   -3.551302012056113e-03    4.930720925331116e-01    2.574362047016621e-02
    vertex    2.596531994640826e-03    4.890963137149811e-01    1.983013935387135e-02
    vertex    4.572960082441568e-03    4.889603853225709e-01    1.670386083424091e-02
  endloop
endfacet
facet normal   -8.361482356068275e-01   -9.253846688315203e-03   -5.484254684212418e-01
  outer loop
    vertex    3.585790051147341e-03    4.763365089893342e-01    1.836987026035786e-02
    vertex    2.259198954561717e-04    4.773252010345460e-01    2.347576059401035e-02
    vertex    7.101211813278489e-04    4.813990890979767e-01    2.266879007220268e-02
  endloop
endfacet
facet normal   -8.234043456437343e-01    4.620939916029395e-01    3.293545604655811e-01
  outer loop
    vertex   -1.665233075618745e-02    4.774290919303895e-01    4.776990041136742e-03
    vertex   -1.563082076609136e-02    4.762113094329835e-01    9.039404802024364e-03
    vertex   -1.384073030203582e-02    4.787550866603852e-01    9.945735335350037e-03
  endloop
endfacet
facet normal   -7.500006353854797e-01   -6.117262281811414e-01    2.515751750007359e-01
  outer loop
    vertex   -1.363538019359113e-02    4.731925129890442e-01    7.647791877388954e-03
    vertex   -1.563082076609136e-02    4.762113094329835e-01    9.039404802024364e-03
    vertex   -1.668778993189336e-02    4.759868979454041e-01    5.342673044651747e-03
  endloop
endfacet
facet normal   -8.409298376752993e-01   -5.352740113652129e-01   -7.949050801440755e-02
  outer loop
    vertex   -1.363538019359113e-02    4.731925129890442e-01    7.647791877388954e-03
    vertex   -1.448393985629083e-02    4.733793139457703e-01    1.536681968718767e-02
    vertex   -1.440989971160890e-02    4.741806089878083e-01    9.187780320644379e-03
  endloop
endfacet
facet normal   -5.981526904871872e-01   -7.915098179990411e-01    1.254016222943878e-01
  outer loop
    vertex   -3.171896934509279e-02    4.668335914611817e-01    9.771040640771389e-05
    vertex   -3.151452913880350e-02    4.671008884906769e-01    2.759994007647038e-03
    vertex   -3.477079048752786e-02    4.697228074073792e-01    3.776991041377187e-03
  endloop
endfacet
facet normal    5.565086137760020e-01   -8.150640577850912e-01   -1.611482066298416e-01
  outer loop
    vertex   -1.933401077985765e-02    4.742217063903809e-01    4.467636812478304e-03
    vertex   -1.800717972218992e-02    4.750554859638215e-01    4.832575097680092e-03
    vertex   -2.185625955462457e-02    4.724926054477692e-01    4.502851981669664e-03
  endloop
endfacet
facet normal   -2.374578011868357e-01    9.483926229343268e-01   -2.101552412367136e-01
  outer loop
    vertex    6.665558903478078e-04    4.842948913574219e-01    1.129357982426882e-02
    vertex    1.919955946505069e-03    4.838966131210328e-01    8.079985156655312e-03
    vertex   -2.759428927674890e-03    4.832414090633393e-01    1.041048020124435e-02
  endloop
endfacet
facet normal    4.257428199706569e-01   -8.708757909556176e-01   -2.455980618222797e-01
  outer loop
    vertex   -8.386564441025273e-03    4.754101932048798e-01    6.072696851333603e-05
    vertex   -9.126824326813237e-03    4.737535119056702e-01    4.651981871575117e-03
    vertex   -1.058052014559509e-02    4.743066132068635e-01    1.707449991954491e-04
  endloop
endfacet
facet normal   -5.268081289974555e-01   -8.479539061629446e-01   -5.871429336374837e-02
  outer loop
    vertex    5.440840963274240e-03    4.654361009597779e-01    1.410915981978178e-02
    vertex    3.427367890253662e-03    4.666228890419007e-01    1.503521017730236e-02
    vertex    5.101596936583518e-03    4.657100141048432e-01    1.319712959229946e-02
  endloop
endfacet
facet normal    3.894374250186453e-01   -9.207143716007707e-01   -2.497074133150402e-02
  outer loop
    vertex   -8.740525692701355e-03    4.705299139022828e-01    1.201491989195347e-02
    vertex   -7.760806940495983e-03    4.710778892040253e-01    7.089572027325630e-03
    vertex   -1.944785006344319e-03    4.734396934509278e-01    1.071099005639553e-02
  endloop
endfacet
facet normal   -1.144972826071934e-01   -9.004661128029049e-01   -4.195844992003332e-01
  outer loop
    vertex   -9.273155592381970e-03    4.734767079353333e-01    5.847509019076824e-03
    vertex   -9.760730899870411e-03    4.705508053302765e-01    1.225981023162603e-02
    vertex   -1.363538019359113e-02    4.731925129890442e-01    7.647791877388954e-03
  endloop
endfacet
facet normal   -8.563812360371220e-01    5.046878927048626e-01    1.090931231593267e-01
  outer loop
    vertex    4.280104767531156e-03    4.739171862602234e-01    2.068994939327240e-02
    vertex    6.317744031548499e-03    4.767636060714722e-01    2.351728081703186e-02
    vertex    4.564720205962657e-03    4.751161932945252e-01    1.737732067704201e-02
  endloop
endfacet
facet normal    4.013863924871273e-02    8.399888438955165e-01   -5.411170222515045e-01
  outer loop
    vertex   -1.817423035390684e-04    4.910875856876374e-01    1.895803958177567e-02
    vertex    4.193026106804608e-03    4.884927868843079e-01    1.525458041578531e-02
    vertex   -1.187772024422886e-02    4.955202937126160e-01    2.497146092355251e-02
  endloop
endfacet
facet normal   -4.421279600488703e-02    7.733525274735038e-01   -6.324326817296636e-01
  outer loop
    vertex   -1.187772024422886e-02    4.955202937126160e-01    2.497146092355251e-02
    vertex    4.193026106804608e-03    4.884927868843079e-01    1.525458041578531e-02
    vertex   -2.282008063048125e-03    4.908049106597901e-01    1.853455975651741e-02
  endloop
endfacet
facet normal   -5.328321553087255e-01   -8.148132160506663e-01    2.284060358620781e-01
  outer loop
    vertex   -1.212234981358053e-02    4.927833080291749e-01    2.867956086993217e-02
    vertex   -1.306310016661884e-02    4.946432113647461e-01    3.311995044350624e-02
    vertex   -1.481880992650987e-02    4.941135942935944e-01    2.713483013212681e-02
  endloop
endfacet
facet normal   -4.659701149407789e-01    8.600670284529361e-01   -2.077415667366881e-01
  outer loop
    vertex    4.204897210001945e-03    4.878382980823517e-01    1.409974042326212e-02
    vertex    5.004308186471461e-03    4.885793030261994e-01    1.537446025758982e-02
    vertex    4.092949908226728e-03    4.868307113647461e-01    1.017935015261173e-02
  endloop
endfacet
facet normal    2.563983322074432e-01   -5.182855388243167e-01    8.158676335575699e-01
  outer loop
    vertex   -1.543382997624577e-03    4.754034876823426e-01    1.161008980125189e-02
    vertex   -6.912506185472026e-03    4.780591130256653e-01    1.498441956937313e-02
    vertex   -8.220194838941113e-03    4.776485860347748e-01    1.513458974659443e-02
  endloop
endfacet
facet normal    6.725288623972427e-01    2.976043086513077e-01   -6.775961959123205e-01
  outer loop
    vertex   -1.792629016563297e-03    4.788548946380616e-01    4.851098929066211e-04
    vertex   -3.746995935216547e-03    4.835689067840577e-01    6.157808820717037e-04
    vertex    7.461517816409461e-04    4.808053970336915e-01    3.861577017232776e-03
  endloop
endfacet
facet normal   -8.469746927671450e-01   -5.294525765431081e-01    4.810238043865024e-02
  outer loop
    vertex   -2.063503023236991e-03    4.825615882873536e-01    1.762437075376511e-02
    vertex   -3.605606034398080e-03    4.848083853721619e-01    1.520141959190369e-02
    vertex   -3.261806908994914e-03    4.841060042381287e-01    1.352399028837681e-02
  endloop
endfacet
facet normal    2.722662792354330e-01    6.109705642349852e-01   -7.433613137833290e-01
  outer loop
    vertex    8.786449208855627e-03    4.832001924514771e-01    8.444948121905327e-03
    vertex    4.636520985513925e-03    4.863421916961670e-01    9.507397189736366e-03
    vertex    5.043468903750180e-03    4.870148897171021e-01    1.020933967083693e-02
  endloop
endfacet
facet normal   -6.739316533415406e-01   -6.138273225350390e-01    4.111351903374396e-01
  outer loop
    vertex    3.851559013128280e-03    4.759784936904908e-01    1.683342084288597e-02
    vertex    1.483671949245028e-04    4.804497957229615e-01    1.743884012103081e-02
    vertex    1.089297002181410e-03    4.758600890636445e-01    1.212874986231327e-02
  endloop
endfacet
facet normal    5.681927800433796e-01   -6.564834884266755e-01   -4.961717385439427e-01
  outer loop
    vertex   -6.896601989865318e-03    4.721755087375641e-01    5.569980014115572e-03
    vertex    1.222178980242453e-04    4.790096879005433e-01    4.565321840345860e-03
    vertex    3.116719890385858e-04    4.755359888076783e-01    9.378317743539810e-03
  endloop
endfacet
facet normal   -5.907233377498490e-01    4.800181722515535e-01    6.485587811031132e-01
  outer loop
    vertex    1.542096957564354e-02    4.799542129039765e-01    2.195739001035690e-02
    vertex    1.158487983047962e-02    4.815055131912232e-01    1.731522008776665e-02
    vertex    1.202245987951755e-02    4.789217114448548e-01    1.962612941861153e-02
  endloop
endfacet
facet normal    7.452942837727802e-01   -6.597461424093861e-01   -9.628841130454242e-02
  outer loop
    vertex    2.708262950181961e-02    4.602699875831605e-01    2.312815049663186e-04
    vertex    2.704773657023907e-02    4.602643251419068e-01   -1.480840690444549e-21
    vertex    2.709147706627846e-02    4.603137373924256e-01   -5.324060272220294e-23
  endloop
endfacet
facet normal    9.287226516396596e-01   -3.555228185040054e-01   -1.052509470473664e-01
  outer loop
    vertex    2.998677454888821e-02    4.694961011409760e-01   -5.648576538900223e-23
    vertex    3.004566021263599e-02    4.695807099342347e-01    2.338040067115799e-04
    vertex    2.966186963021755e-02    4.686473608016968e-01    5.415398702502752e-20
  endloop
endfacet
facet normal   -6.033188171277080e-01   -7.888765161933242e-01   -1.169625884559124e-01
  outer loop
    vertex   -3.171592578291894e-02    4.668457508087159e-01    1.267303455887796e-23
    vertex   -3.171896934509279e-02    4.668335914611817e-01    9.771040640771389e-05
    vertex   -3.180765733122827e-02    4.669159054756165e-01   -5.366147028018904e-21
  endloop
endfacet
facet normal   -2.093317641183477e-01   -9.773567903968987e-01    3.088554348191265e-02
  outer loop
    vertex    2.606829069554806e-02    4.595347940921784e-01    1.230095949722454e-04
    vertex    2.541645988821983e-02    4.599170088768006e-01    7.800106890499592e-03
    vertex    2.372018992900848e-02    4.600727856159211e-01    1.232836046256125e-03
  endloop
endfacet
facet normal   -2.440441243852512e-01   -9.689367207049926e-01    4.005117504507631e-02
  outer loop
    vertex    2.541645988821983e-02    4.599170088768006e-01    7.800106890499592e-03
    vertex    2.299108915030956e-02    4.605953097343445e-01    9.431348182260990e-03
    vertex    2.372018992900848e-02    4.600727856159211e-01    1.232836046256125e-03
  endloop
endfacet
facet normal   -2.557138066259370e-01   -9.659726237929323e-01    3.882446629989052e-02
  outer loop
    vertex    2.372018992900848e-02    4.600727856159211e-01    1.232836046256125e-03
    vertex    2.299108915030956e-02    4.605953097343445e-01    9.431348182260990e-03
    vertex    2.219275012612343e-02    4.606258869171143e-01    4.933936987072229e-03
  endloop
endfacet
facet normal   -2.857905236945696e-01   -9.580102044417634e-01    2.324273546367275e-02
  outer loop
    vertex    2.219275012612343e-02    4.606258869171143e-01    4.933936987072229e-03
    vertex    1.582323946058750e-02    4.624609947204590e-01    2.253796905279160e-03
    vertex    1.530450023710728e-02    4.625633955001832e-01    9.614371083443984e-05
  endloop
endfacet
facet normal   -2.043547566019102e-01   -9.696608655509277e-01    1.341526715097384e-01
  outer loop
    vertex    2.251327037811279e-02    4.612168967723847e-01    1.559059973806143e-02
    vertex    1.786741055548191e-02    4.626325070858002e-01    1.874564960598946e-02
    vertex    2.181590907275677e-02    4.612259864807129e-01    1.459401007741690e-02
  endloop
endfacet
facet normal   -2.840648045054791e-01   -9.584984092147210e-01    2.424843034328578e-02
  outer loop
    vertex    7.435970939695834e-03    4.645704925060273e-01    1.075518969446421e-02
    vertex    5.949479993432759e-03    4.650690853595734e-01    1.304979994893074e-02
    vertex    6.122902967035770e-03    4.648016095161439e-01    4.508554004132748e-03
  endloop
endfacet
facet normal   -2.781524540374848e-01   -9.602629602915332e-01    2.294034448446370e-02
  outer loop
    vertex    7.365154102444648e-03    4.644488096237183e-01    4.802993033081293e-03
    vertex    7.435970939695834e-03    4.645704925060273e-01    1.075518969446421e-02
    vertex    6.122902967035770e-03    4.648016095161439e-01    4.508554004132748e-03
  endloop
endfacet
facet normal   -2.096665463937665e-01   -9.732835304030201e-01    9.359011042596296e-02
  outer loop
    vertex    9.924067184329031e-03    4.647817015647889e-01    1.873240061104298e-02
    vertex    9.493564255535601e-03    4.645941853523255e-01    1.581789925694466e-02
    vertex    1.189456973224878e-02    4.640280902385712e-01    1.530972030013800e-02
  endloop
endfacet
facet normal   -2.147567072257870e-01   -9.752588887213068e-01    5.243716879865924e-02
  outer loop
    vertex    1.189456973224878e-02    4.640280902385712e-01    1.530972030013800e-02
    vertex    1.279131043702364e-02    4.633038043975831e-01    5.511610768735409e-03
    vertex    1.582323946058750e-02    4.624609947204590e-01    2.253796905279160e-03
  endloop
endfacet
facet normal   -2.529072320424341e-01   -9.673759069626779e-01    1.489250176332818e-02
  outer loop
    vertex    1.582323946058750e-02    4.624609947204590e-01    2.253796905279160e-03
    vertex    1.279131043702364e-02    4.633038043975831e-01    5.511610768735409e-03
    vertex    1.530450023710728e-02    4.625633955001832e-01    9.614371083443984e-05
  endloop
endfacet
facet normal   -1.846948451996322e-01   -9.815988284031330e-01    4.849282662704361e-02
  outer loop
    vertex    1.279131043702364e-02    4.633038043975831e-01    5.511610768735409e-03
    vertex    7.435970939695834e-03    4.645704925060273e-01    1.075518969446421e-02
    vertex    1.530450023710728e-02    4.625633955001832e-01    9.614371083443984e-05
  endloop
endfacet
facet normal   -1.789241429468342e-01    9.808649134241759e-01   -7.674746044088468e-02
  outer loop
    vertex   -1.393825002014639e-02    4.823181927204133e-01    4.157412797212601e-03
    vertex   -1.281893998384477e-02    4.825030863285065e-01    3.910942934453487e-03
    vertex   -1.453366037458183e-02    4.819507896900178e-01    8.499489049427211e-04
  endloop
endfacet
facet normal    1.646450226403738e-01   -9.825956334534063e-01    8.601068327859222e-02
  outer loop
    vertex   -2.989606931805612e-02    4.673244953155518e-01    2.216384047642350e-03
    vertex   -3.151452913880350e-02    4.671008884906769e-01    2.759994007647038e-03
    vertex   -3.171896934509279e-02    4.668335914611817e-01    9.771040640771389e-05
  endloop
endfacet
facet normal    9.264208592221077e-01   -3.622450850073719e-01    1.025811385498015e-01
  outer loop
    vertex    3.004566021263599e-02    4.695807099342347e-01    2.338040067115799e-04
    vertex    2.683543972671032e-02    4.640024006366730e-01    9.526936337351799e-03
    vertex    2.789711952209473e-02    4.645088016986847e-01    1.727052032947540e-03
  endloop
endfacet
facet normal    9.271475096634549e-01   -2.733788989113095e-01    2.562449471792441e-01
  outer loop
    vertex    3.088760003447533e-02    4.720560908317566e-01    9.664633311331272e-03
    vertex    3.132921084761620e-02    4.748126864433289e-01    1.100771035999060e-02
    vertex    3.036368079483509e-02    4.720959067344666e-01    1.160276029258966e-02
  endloop
endfacet
facet normal    9.013932837105253e-01   -4.314577981878428e-01    3.652829676367520e-02
  outer loop
    vertex    3.161936998367310e-02    4.727711975574494e-01    5.361458897823468e-05
    vertex    3.088760003447533e-02    4.720560908317566e-01    9.664633311331272e-03
    vertex    3.100560978055000e-02    4.716446995735169e-01    1.893365988507867e-03
  endloop
endfacet
facet normal    8.207643982485016e-01   -2.985768182428120e-01    4.870294510353291e-01
  outer loop
    vertex    2.713022939860821e-02    4.729819893836976e-01    1.759514026343822e-02
    vertex    3.036368079483509e-02    4.720959067344666e-01    1.160276029258966e-02
    vertex    3.061993047595024e-02    4.742127954959870e-01    1.246869005262852e-02
  endloop
endfacet
facet normal    5.228152251958383e-01    8.413068302537016e-01    1.373574085074926e-01
  outer loop
    vertex    2.751062065362930e-02    4.760222136974335e-01    1.813388988375664e-02
    vertex    3.132921084761620e-02    4.748126864433289e-01    1.100771035999060e-02
    vertex    2.723711915314198e-02    4.763303995132447e-01    1.728728041052818e-02
  endloop
endfacet
facet normal    7.291685227146465e-01   -4.507226722056109e-01    5.149391597479972e-01
  outer loop
    vertex    2.471989020705223e-02    4.702559113502503e-01    1.637903042137623e-02
    vertex    2.811194024980068e-02    4.695667922496796e-01    1.097260974347591e-02
    vertex    2.500401064753532e-02    4.713321030139924e-01    1.691869087517262e-02
  endloop
endfacet
facet normal    4.886573265019341e-01   -7.854615196280723e-01    3.798212980330900e-01
  outer loop
    vertex    2.500401064753532e-02    4.713321030139924e-01    1.691869087517262e-02
    vertex    3.036368079483509e-02    4.720959067344666e-01    1.160276029258966e-02
    vertex    2.713022939860821e-02    4.729819893836976e-01    1.759514026343822e-02
  endloop
endfacet
facet normal    8.596182483678625e-01   -2.983272757351624e-01    4.147979069684467e-01
  outer loop
    vertex    2.611421048641205e-02    4.644024968147278e-01    1.130934990942478e-02
    vertex    2.683543972671032e-02    4.640024006366730e-01    9.526936337351799e-03
    vertex    2.889171987771988e-02    4.694359898567200e-01    9.173443540930748e-03
  endloop
endfacet
facet normal    9.033058711973693e-01    3.107518967270784e-01    2.957562539336828e-01
  outer loop
    vertex    2.611421048641205e-02    4.644024968147278e-01    1.130934990942478e-02
    vertex    2.720684930682182e-02    4.624811112880707e-01    9.990991093218327e-03
    vertex    2.683543972671032e-02    4.640024006366730e-01    9.526936337351799e-03
  endloop
endfacet
facet normal    1.148300423619888e-01   -9.739608393007140e-01    1.954848968073817e-01
  outer loop
    vertex    2.251327037811279e-02    4.612168967723847e-01    1.559059973806143e-02
    vertex    2.583988942205906e-02    4.601806104183198e-01    8.473435416817665e-03
    vertex    2.277904003858566e-02    4.613335132598878e-01    1.601549983024597e-02
  endloop
endfacet
facet normal    4.421868300817521e-01    8.792417186388829e-01    1.772140161138365e-01
  outer loop
    vertex    2.259662933647633e-02    4.780597090721131e-01    2.028637938201427e-02
    vertex    2.751062065362930e-02    4.760222136974335e-01    1.813388988375664e-02
    vertex    2.723711915314198e-02    4.763303995132447e-01    1.728728041052818e-02
  endloop
endfacet
facet normal    4.603138425460369e-01   -2.401921000767389e-01    8.546454945889718e-01
  outer loop
    vertex    2.253648079931736e-02    4.774070978164673e-01    2.176341973245144e-02
    vertex    2.588164992630482e-02    4.733549952507020e-01    1.882288977503777e-02
    vertex    2.701815962791443e-02    4.757938981056214e-01    1.889619976282120e-02
  endloop
endfacet
facet normal    3.237661125445812e-01   -2.232153928065517e-01    9.194293843368214e-01
  outer loop
    vertex    2.062058076262474e-02    4.726197123527527e-01    1.905792020261288e-02
    vertex    2.275834046304226e-02    4.674127995967866e-01    1.704102009534836e-02
    vertex    2.393694035708904e-02    4.713591933250428e-01    1.758407987654209e-02
  endloop
endfacet
facet normal    4.515141607783094e-01   -4.923485181724772e-01    7.441289533878016e-01
  outer loop
    vertex    2.393694035708904e-02    4.713591933250428e-01    1.758407987654209e-02
    vertex    2.471989020705223e-02    4.702559113502503e-01    1.637903042137623e-02
    vertex    2.500401064753532e-02    4.713321030139924e-01    1.691869087517262e-02
  endloop
endfacet
facet normal    3.195196460097764e-01    4.416879836741459e-01    8.383429613777733e-01
  outer loop
    vertex    1.831387914717197e-02    4.659867882728577e-01    2.041454985737801e-02
    vertex    1.913945935666561e-02    4.684630036354065e-01    1.879527978599072e-02
    vertex    1.709914952516556e-02    4.693624079227448e-01    1.909904927015305e-02
  endloop
endfacet
facet normal    1.563819015890354e-02   -9.463750820919112e-01    3.226912626708105e-01
  outer loop
    vertex    1.786741055548191e-02    4.626325070858002e-01    1.874564960598946e-02
    vertex    1.912721991539001e-02    4.627867043018342e-01    1.913681998848915e-02
    vertex    1.786538958549500e-02    4.630073904991150e-01    1.984518952667713e-02
  endloop
endfacet
facet normal    1.608630664599140e-01   -2.085658436972283e-01    9.646882204588053e-01
  outer loop
    vertex    1.636563986539841e-02    4.637938141822815e-01    2.026529982686043e-02
    vertex    1.786538958549500e-02    4.630073904991150e-01    1.984518952667713e-02
    vertex    1.831387914717197e-02    4.659867882728577e-01    2.041454985737801e-02
  endloop
endfacet
facet normal    3.975573262114164e-01    8.639069962820914e-01    3.092133149631238e-01
  outer loop
    vertex    1.542096957564354e-02    4.799542129039765e-01    2.195739001035690e-02
    vertex    1.725419983267784e-02    4.791229069232941e-01    2.192297019064426e-02
    vertex    1.626373082399368e-02    4.799583852291108e-01    2.086219005286694e-02
  endloop
endfacet
facet normal    2.544382128763832e-01    8.609379545772902e-01    4.405077004963068e-01
  outer loop
    vertex    1.626373082399368e-02    4.799583852291108e-01    2.086219005286694e-02
    vertex    1.725419983267784e-02    4.791229069232941e-01    2.192297019064426e-02
    vertex    2.260516025125980e-02    4.778051078319550e-01    2.140777930617332e-02
  endloop
endfacet
facet normal    1.071884874150776e-01   -8.869870460923553e-02    9.902742892584415e-01
  outer loop
    vertex    1.709914952516556e-02    4.693624079227448e-01    1.909904927015305e-02
    vertex    1.860241033136845e-02    4.692207872867585e-01    1.892364956438541e-02
    vertex    1.935875043272972e-02    4.723392128944398e-01    1.912109926342964e-02
  endloop
endfacet
facet normal    8.399635523624331e-02   -1.561912103695812e-01    9.841488292480524e-01
  outer loop
    vertex    1.935875043272972e-02    4.723392128944398e-01    1.912109926342964e-02
    vertex    2.062058076262474e-02    4.726197123527527e-01    1.905792020261288e-02
    vertex    1.381454989314079e-02    4.754033982753754e-01    2.008059993386269e-02
  endloop
endfacet
facet normal    1.829438759556098e-01    4.038717734704172e-01    8.963365042461444e-01
  outer loop
    vertex    1.017734035849571e-02    4.685240089893342e-01    2.088956907391548e-02
    vertex    1.709914952516556e-02    4.693624079227448e-01    1.909904927015305e-02
    vertex    1.050969026982784e-02    4.709199070930482e-01    1.974219083786011e-02
  endloop
endfacet
facet normal   -3.133620802905732e-02   -1.709623377730353e-01    9.847791230166987e-01
  outer loop
    vertex    1.636563986539841e-02    4.637938141822815e-01    2.026529982686043e-02
    vertex    1.686554960906506e-02    4.664956033229828e-01    2.075025066733360e-02
    vertex    1.017734035849571e-02    4.685240089893342e-01    2.088956907391548e-02
  endloop
endfacet
facet normal   -6.274765798560884e-01   -4.240738538707910e-02    7.774797459720336e-01
  outer loop
    vertex    1.017734035849571e-02    4.685240089893342e-01    2.088956907391548e-02
    vertex    8.710955269634722e-03    4.679472148418427e-01    1.967464014887810e-02
    vertex    9.138879366219042e-03    4.654670059680939e-01    1.988472044467926e-02
  endloop
endfacet
facet normal   -5.168451212121787e-01    4.270205072417665e-01    7.419734544268769e-01
  outer loop
    vertex    1.050969026982784e-02    4.709199070930482e-01    1.974219083786011e-02
    vertex    9.224513545632361e-03    4.703285992145539e-01    1.918726973235607e-02
    vertex    1.017734035849571e-02    4.685240089893342e-01    2.088956907391548e-02
  endloop
endfacet
facet normal   -4.767401807743866e-01    4.567639419831984e-01    7.510562571067327e-01
  outer loop
    vertex    9.224513545632361e-03    4.703285992145539e-01    1.918726973235607e-02
    vertex    8.390101604163645e-03    4.685463905334473e-01    1.974149048328400e-02
    vertex    1.017734035849571e-02    4.685240089893342e-01    2.088956907391548e-02
  endloop
endfacet
facet normal   -5.026038292260604e-01   -3.569873459636203e-01    7.873686720140393e-01
  outer loop
    vertex    8.390101604163645e-03    4.685463905334473e-01    1.974149048328400e-02
    vertex    3.988032229244708e-03    4.663549959659577e-01    1.593793928623199e-02
    vertex    8.710955269634722e-03    4.679472148418427e-01    1.967464014887810e-02
  endloop
endfacet
facet normal   -5.075833630490411e-01   -3.591847016369309e-01    7.831637629932927e-01
  outer loop
    vertex    8.390101604163645e-03    4.685463905334473e-01    1.974149048328400e-02
    vertex    8.710955269634722e-03    4.679472148418427e-01    1.967464014887810e-02
    vertex    1.017734035849571e-02    4.685240089893342e-01    2.088956907391548e-02
  endloop
endfacet
facet normal   -3.539705933289188e-02   -2.424471995163638e-01    9.695186453272863e-01
  outer loop
    vertex    1.290708966553211e-02    4.750249981880189e-01    1.992739923298359e-02
    vertex    1.013807021081447e-02    4.773213863372803e-01    2.040055952966213e-02
    vertex    6.612369790673255e-03    4.716976881027222e-01    1.886552013456821e-02
  endloop
endfacet
facet normal   -4.139278983142986e-01   -7.085917150818903e-01    5.714555768512658e-01
  outer loop
    vertex    6.612369790673255e-03    4.716976881027222e-01    1.886552013456821e-02
    vertex    6.243526004254817e-03    4.723159968852997e-01    1.936504058539867e-02
    vertex    5.853618960827588e-03    4.718269109725953e-01    1.847616024315357e-02
  endloop
endfacet
facet normal   -2.038033463501314e-01   -5.281717216328475e-01    8.243171892444570e-01
  outer loop
    vertex    1.562926918268204e-02    4.776070117950440e-01    2.194120921194553e-02
    vertex    1.013807021081447e-02    4.773213863372803e-01    2.040055952966213e-02
    vertex    1.381454989314079e-02    4.754033982753754e-01    2.008059993386269e-02
  endloop
endfacet
facet normal    8.301578899964098e-01   -2.066761896319803e-01    5.178057843592658e-01
  outer loop
    vertex    6.882837042212485e-03    4.776177108287812e-01    2.435846067965031e-02
    vertex    8.888859301805494e-03    4.765389859676362e-01    2.071180008351803e-02
    vertex    9.099539369344710e-03    4.777741134166718e-01    2.086701989173889e-02
  endloop
endfacet
facet normal    5.030157621963168e-01   -5.322550327259212e-01    6.809403227302572e-01
  outer loop
    vertex    8.888859301805494e-03    4.765389859676362e-01    2.071180008351803e-02
    vertex    6.243526004254817e-03    4.723159968852997e-01    1.936504058539867e-02
    vertex    1.013807021081447e-02    4.773213863372803e-01    2.040055952966213e-02
  endloop
endfacet
facet normal    5.229952859320779e-01    4.612035941003825e-01    7.167755406553113e-01
  outer loop
    vertex    7.673908025026321e-03    4.811640083789826e-01    1.972603052854538e-02
    vertex    9.099539369344710e-03    4.777741134166718e-01    2.086701989173889e-02
    vertex    1.013807021081447e-02    4.773213863372803e-01    2.040055952966213e-02
  endloop
endfacet
facet normal    1.117160288697873e-01    9.425759328574064e-01    3.147540940028505e-01
  outer loop
    vertex    1.158487983047962e-02    4.815055131912232e-01    1.731522008776665e-02
    vertex    7.807727903127669e-03    4.815205931663514e-01    1.861068978905678e-02
    vertex    7.673908025026321e-03    4.811640083789826e-01    1.972603052854538e-02
  endloop
endfacet
facet normal   -2.440749348618515e-01   -2.324359504541965e-01    9.414886909085192e-01
  outer loop
    vertex    4.209720063954591e-03    4.795989096164704e-01    2.344010025262833e-02
    vertex    3.925987053662538e-03    4.806374907493592e-01    2.362295053899288e-02
    vertex    2.126558916643261e-03    4.791741967201233e-01    2.279520034790039e-02
  endloop
endfacet
facet normal   -2.786474123932285e-01   -2.932346531567480e-01    9.145321523897341e-01
  outer loop
    vertex    5.208040820434682e-04    4.776161015033722e-01    2.180635929107666e-02
    vertex    2.126558916643261e-03    4.791741967201233e-01    2.279520034790039e-02
    vertex    2.285686932736999e-04    4.780761897563935e-01    2.186484076082706e-02
  endloop
endfacet
facet normal   -3.016688782645325e-02   -1.802157815013957e-01    9.831643967194437e-01
  outer loop
    vertex    5.668370053172111e-03    4.773500859737397e-01    2.421513944864273e-02
    vertex    1.622287963982663e-04    4.763788878917695e-01    2.386816963553429e-02
    vertex    8.989204070530824e-04    4.761249125003815e-01    2.384421974420547e-02
  endloop
endfacet
facet normal    5.937581055744446e-01    4.587560180522375e-01    6.610553894837419e-01
  outer loop
    vertex    4.795830231159925e-03    4.804277122020722e-01    2.298724092543125e-02
    vertex    3.985411021858453e-03    4.837597012519837e-01    2.140283957123756e-02
    vertex    3.925987053662538e-03    4.806374907493592e-01    2.362295053899288e-02
  endloop
endfacet
facet normal    4.919640925455521e-01    6.487205975641739e-01    5.806314820450340e-01
  outer loop
    vertex    7.673908025026321e-03    4.811640083789826e-01    1.972603052854538e-02
    vertex    4.795830231159925e-03    4.804277122020722e-01    2.298724092543125e-02
    vertex    6.882837042212485e-03    4.776177108287812e-01    2.435846067965031e-02
  endloop
endfacet
facet normal    6.512518599698258e-01    5.549999815464282e-01    5.175384385427876e-01
  outer loop
    vertex    2.505145035684108e-03    4.858883917331696e-01    2.098277956247330e-02
    vertex    7.710570935159913e-04    4.851283133029938e-01    2.397998981177807e-02
    vertex    3.985411021858453e-03    4.837597012519837e-01    2.140283957123756e-02
  endloop
endfacet
facet normal    1.240396329629210e-01   -7.574969026212023e-01    6.409466529858069e-01
  outer loop
    vertex    1.353078987449407e-03    4.814969897270203e-01    2.569006010890007e-02
    vertex    2.285686932736999e-04    4.780761897563935e-01    2.186484076082706e-02
    vertex    2.126558916643261e-03    4.791741967201233e-01    2.279520034790039e-02
  endloop
endfacet
facet normal    8.927671618861318e-01    3.386915635310992e-01    2.970771271078276e-01
  outer loop
    vertex    7.852230221033095e-03    4.830619990825654e-01    1.445540972054005e-02
    vertex    5.707652773708104e-03    4.879237115383149e-01    1.535748969763517e-02
    vertex    5.767602939158677e-03    4.856514930725098e-01    1.776783913373947e-02
  endloop
endfacet
facet normal    7.429943842661650e-01    3.076148295867811e-01    5.944177500438879e-01
  outer loop
    vertex   -7.815532386302964e-03    4.957948029041291e-01    2.966468967497349e-02
    vertex   -7.043132092803731e-03    4.947415888309479e-01    2.924427017569542e-02
    vertex   -3.551302012056113e-03    4.930720925331116e-01    2.574362047016621e-02
  endloop
endfacet
facet normal    6.425531105790072e-01   -6.250288670011731e-03    7.662156576165641e-01
  outer loop
    vertex    1.458268030546605e-03    4.886110126972199e-01    2.172766998410225e-02
    vertex    1.539021031931042e-03    4.867354035377503e-01    2.164465002715588e-02
    vertex    5.219785030931233e-03    4.859057068824769e-01    1.855117082595825e-02
  endloop
endfacet
facet normal    7.554459737193367e-01    4.192875390751363e-01    5.034871799436001e-01
  outer loop
    vertex   -3.551302012056113e-03    4.930720925331116e-01    2.574362047016621e-02
    vertex    5.219785030931233e-03    4.859057068824769e-01    1.855117082595825e-02
    vertex    2.596531994640826e-03    4.890963137149811e-01    1.983013935387135e-02
  endloop
endfacet
facet normal    8.007983212294412e-01    4.248639466705113e-01    4.221524316353816e-01
  outer loop
    vertex    5.219785030931233e-03    4.859057068824769e-01    1.855117082595825e-02
    vertex    5.767602939158677e-03    4.856514930725098e-01    1.776783913373947e-02
    vertex    4.572960082441568e-03    4.889603853225709e-01    1.670386083424091e-02
  endloop
endfacet
facet normal    4.108407145540069e-01    9.030207217480065e-01   -1.255527114739560e-01
  outer loop
    vertex    3.970513935200862e-04    4.913563132286072e-01    2.027159929275513e-02
    vertex    4.572960082441568e-03    4.889603853225709e-01    1.670386083424091e-02
    vertex    5.004308186471461e-03    4.885793030261994e-01    1.537446025758982e-02
  endloop
endfacet
facet normal    6.187926117830744e-01    4.752428367279524e-01    6.254917663258648e-01
  outer loop
    vertex    3.985411021858453e-03    4.837597012519837e-01    2.140283957123756e-02
    vertex    7.673908025026321e-03    4.811640083789826e-01    1.972603052854538e-02
    vertex    5.219785030931233e-03    4.859057068824769e-01    1.855117082595825e-02
  endloop
endfacet
facet normal    7.783192994419523e-01    4.976761344818720e-01    3.828022117012519e-01
  outer loop
    vertex    5.219785030931233e-03    4.859057068824769e-01    1.855117082595825e-02
    vertex    7.673908025026321e-03    4.811640083789826e-01    1.972603052854538e-02
    vertex    5.767602939158677e-03    4.856514930725098e-01    1.776783913373947e-02
  endloop
endfacet
facet normal   -9.166222833357894e-01   -3.335005138596195e-01   -2.204109728385894e-01
  outer loop
    vertex    7.101211813278489e-04    4.813990890979767e-01    2.266879007220268e-02
    vertex    4.778426955454043e-04    4.823291003704072e-01    2.222757972776890e-02
    vertex    3.585790051147341e-03    4.763365089893342e-01    1.836987026035786e-02
  endloop
endfacet
facet normal   -6.179933992796697e-01   -6.885275412719019e-01   -3.794917434633172e-01
  outer loop
    vertex    3.585790051147341e-03    4.763365089893342e-01    1.836987026035786e-02
    vertex    4.160241223871707e-03    4.755544066429139e-01    1.885339058935642e-02
    vertex    1.622287963982663e-04    4.763788878917695e-01    2.386816963553429e-02
  endloop
endfacet
facet normal    4.294039327331258e-01   -4.613668793176837e-01    7.763716025344998e-01
  outer loop
    vertex   -8.428362198174015e-03    4.948183000087739e-01    2.988985925912857e-02
    vertex   -9.243687614798561e-03    4.948188066482545e-01    3.034110926091671e-02
    vertex   -4.873298108577729e-03    4.876205027103425e-01    2.364622056484222e-02
  endloop
endfacet
facet normal    4.392724312703647e-01   -5.217680543876204e-01    7.312987272971149e-01
  outer loop
    vertex   -1.110883988440038e-02    4.938701093196869e-01    3.185072913765907e-02
    vertex   -1.277158968150617e-02    4.948615133762360e-01    3.355684876441956e-02
    vertex   -4.873298108577729e-03    4.876205027103425e-01    2.364622056484222e-02
  endloop
endfacet
facet normal    5.875106770645636e-02   -7.831679848280948e-01    6.190284481214515e-01
  outer loop
    vertex   -4.873298108577729e-03    4.876205027103425e-01    2.364622056484222e-02
    vertex   -1.277158968150617e-02    4.948615133762360e-01    3.355684876441956e-02
    vertex   -5.483116023242488e-03    4.874660968780518e-01    2.350874990224838e-02
  endloop
endfacet
facet normal    6.806447555209227e-01   -2.328105884975997e-01    6.946379968481888e-01
  outer loop
    vertex   -9.243687614798561e-03    4.948188066482545e-01    3.034110926091671e-02
    vertex   -1.110883988440038e-02    4.938701093196869e-01    3.185072913765907e-02
    vertex   -4.873298108577729e-03    4.876205027103425e-01    2.364622056484222e-02
  endloop
endfacet
facet normal   -1.878523532883234e-01   -5.963131270857206e-01    7.804627779909096e-01
  outer loop
    vertex   -7.812317926436677e-03    4.949209094047547e-01    2.984257042407990e-02
    vertex   -3.432017052546144e-03    4.880777895450593e-01    2.566839009523392e-02
    vertex    3.953399136662475e-04    4.831846058368683e-01    2.285096980631351e-02
  endloop
endfacet
facet normal   -2.863229784013595e-01   -7.660071490474802e-01    5.755451325895528e-01
  outer loop
    vertex   -4.873298108577729e-03    4.876205027103425e-01    2.364622056484222e-02
    vertex   -5.707683973014369e-03    4.871912002563477e-01    2.265975996851921e-02
    vertex   -2.536449115723372e-03    4.841732084751130e-01    2.022067084908485e-02
  endloop
endfacet
facet normal   -6.533517880976523e-01   -6.725690987678069e-01    3.475374057166514e-01
  outer loop
    vertex   -6.097896024584785e-03    4.915218949317933e-01    2.748632058501244e-02
    vertex   -2.912939060479403e-03    4.860923886299134e-01    2.296645939350128e-02
    vertex   -2.909398062911434e-05    4.828939139842988e-01    2.219811081886292e-02
  endloop
endfacet
facet normal   -9.279795937669584e-01    2.810164794220229e-01    2.447112826278400e-01
  outer loop
    vertex   -1.487927045673134e-02    4.766544997692109e-01    1.010658033192158e-02
    vertex   -1.512563042342664e-02    4.756728112697602e-01    1.029967982321978e-02
    vertex   -1.448393985629083e-02    4.733793139457703e-01    1.536681968718767e-02
  endloop
endfacet
facet normal   -7.711281213638391e-01   -1.020726605227205e-01    6.284445818174343e-01
  outer loop
    vertex   -1.417294982820751e-02    4.741190075874329e-01    1.586855947971344e-02
    vertex   -1.448393985629083e-02    4.733793139457703e-01    1.536681968718767e-02
    vertex   -1.382074970752002e-02    4.732863903045655e-01    1.616548933088779e-02
  endloop
endfacet
facet normal   -4.482595653410301e-01    1.259882882972406e-01    8.849804027729667e-01
  outer loop
    vertex   -1.417294982820751e-02    4.741190075874329e-01    1.586855947971344e-02
    vertex   -1.382074970752002e-02    4.732863903045655e-01    1.616548933088779e-02
    vertex   -1.225433032959701e-02    4.771175980567933e-01    1.641348935663700e-02
  endloop
endfacet
facet normal   -2.211294415516549e-01    9.752021445552291e-01   -9.085556336041004e-03
  outer loop
    vertex   -4.545491188764573e-03    4.840132892131806e-01    1.224362058565021e-04
    vertex   -4.645578097552062e-03    4.839994907379151e-01    1.077343011274934e-03
    vertex   -3.836302086710931e-03    4.841904938220978e-01    1.882122014649212e-03
  endloop
endfacet
facet normal   -3.948938201050455e-01    9.002261131993372e-01    1.834443129586149e-01
  outer loop
    vertex   -3.836302086710931e-03    4.841904938220978e-01    1.882122014649212e-03
    vertex   -4.645578097552062e-03    4.839994907379151e-01    1.077343011274934e-03
    vertex   -3.125502960756422e-03    4.830608963966370e-01    8.955567143857479e-03
  endloop
endfacet
facet normal   -1.941272088184643e-01    8.814090146504376e-01    4.306190609916110e-01
  outer loop
    vertex   -1.101838983595373e-02    4.809012115001679e-01    7.860687561333179e-03
    vertex   -1.041609980165960e-02    4.804722964763642e-01    9.010126814246178e-03
    vertex   -9.188402444124237e-03    4.808281064033509e-01    8.835298009216785e-03
  endloop
endfacet
facet normal   -1.074710504010588e-01    9.657009736761167e-01    2.363717469722068e-01
  outer loop
    vertex   -1.393825002014639e-02    4.823181927204133e-01    4.157412797212601e-03
    vertex   -1.270721014589073e-02    4.823055863380433e-01    4.768632818013430e-03
    vertex   -1.281893998384477e-02    4.825030863285065e-01    3.910942934453487e-03
  endloop
endfacet
facet normal   -4.853764088257415e-01    7.715898982333603e-01    4.111675700972287e-01
  outer loop
    vertex   -1.623689942061902e-02    4.796491861343384e-01    3.650008933618665e-03
    vertex   -1.504756044596435e-02    4.797677993774415e-01    4.831416066735983e-03
    vertex   -1.521847024559976e-02    4.801405966281891e-01    3.930075094103813e-03
  endloop
endfacet
facet normal   -5.752534377851380e-01    6.205068764188501e-01    5.329678213863405e-01
  outer loop
    vertex   -1.504756044596435e-02    4.797677993774415e-01    4.831416066735983e-03
    vertex   -1.041609980165960e-02    4.804722964763642e-01    9.010126814246178e-03
    vertex   -1.101838983595373e-02    4.809012115001679e-01    7.860687561333179e-03
  endloop
endfacet
facet normal   -7.915355744873694e-01    5.363163993146657e-01    2.929780779292230e-01
  outer loop
    vertex   -1.504756044596435e-02    4.797677993774415e-01    4.831416066735983e-03
    vertex   -1.665233075618745e-02    4.774290919303895e-01    4.776990041136742e-03
    vertex   -1.384073030203582e-02    4.787550866603852e-01    9.945735335350037e-03
  endloop
endfacet
facet normal   -6.558355143475845e-01    4.356730778483092e-01    6.164971592461885e-01
  outer loop
    vertex   -1.665233075618745e-02    4.774290919303895e-01    4.776990041136742e-03
    vertex   -1.504756044596435e-02    4.797677993774415e-01    4.831416066735983e-03
    vertex   -1.623689942061902e-02    4.796491861343384e-01    3.650008933618665e-03
  endloop
endfacet
facet normal   -4.281337509644696e-01   -8.671035791459593e-01    2.546230042972564e-01
  outer loop
    vertex   -1.039237994700672e-02    4.706465899944306e-01    1.294040959328413e-02
    vertex   -1.382074970752002e-02    4.732863903045655e-01    1.616548933088779e-02
    vertex   -1.448393985629083e-02    4.733793139457703e-01    1.536681968718767e-02
  endloop
endfacet
facet normal   -3.325514794807491e-01    9.420215337322306e-01   -4.477659522497283e-02
  outer loop
    vertex   -1.453366037458183e-02    4.819507896900178e-01    8.499489049427211e-04
    vertex   -1.573367044329645e-02    4.815233945846558e-01    7.706604083068669e-04
    vertex   -1.393825002014639e-02    4.823181927204133e-01    4.157412797212601e-03
  endloop
endfacet
facet normal   -3.565529310301063e-01    6.185619094101344e-01    7.001793853011732e-01
  outer loop
    vertex   -2.483074925839902e-02    4.765574038028718e-01    1.036460045725107e-03
    vertex   -2.947686053812505e-02    4.736258089542389e-01    1.260385964997113e-03
    vertex   -1.728737913072111e-02    4.773947894573212e-01    4.138002172112465e-03
  endloop
endfacet
facet normal   -2.149990759862985e-01    7.922401116898029e-01    5.710788060808827e-01
  outer loop
    vertex   -3.117582015693189e-02    4.737980067729951e-01    3.818788973148912e-04
    vertex   -3.237809985876085e-02    4.735265076160431e-01    3.058885049540550e-04
    vertex   -2.947686053812505e-02    4.736258089542389e-01    1.260385964997113e-03
  endloop
endfacet
facet normal   -1.639300537829953e-01    5.642325468156514e-01    8.091777126074519e-01
  outer loop
    vertex   -2.947686053812505e-02    4.736258089542389e-01    1.260385964997113e-03
    vertex   -3.089543059468271e-02    4.725899994373322e-01    1.695260987617075e-03
    vertex   -2.891775965690614e-02    4.708186984062195e-01    3.331026993691921e-03
  endloop
endfacet
facet normal   -2.525339326624779e-01    5.412988267839087e-01    8.020113421744028e-01
  outer loop
    vertex   -2.947686053812505e-02    4.736258089542389e-01    1.260385964997113e-03
    vertex   -2.891775965690614e-02    4.708186984062195e-01    3.331026993691921e-03
    vertex   -2.651651017367841e-02    4.718826115131379e-01    3.369058948010206e-03
  endloop
endfacet
facet normal    2.700829934000550e-01   -8.485012615769254e-01    4.550832734549050e-01
  outer loop
    vertex   -2.989606931805612e-02    4.673244953155518e-01    2.216384047642350e-03
    vertex   -2.893795073032381e-02    4.680689871311188e-01    3.035861998796463e-03
    vertex   -3.151452913880350e-02    4.671008884906769e-01    2.759994007647038e-03
  endloop
endfacet
facet normal   -5.581229552596108e-01    3.893018409536193e-01    7.327638387928279e-01
  outer loop
    vertex   -1.800717972218992e-02    4.750554859638215e-01    4.832575097680092e-03
    vertex   -1.668778993189336e-02    4.759868979454041e-01    5.342673044651747e-03
    vertex   -1.728737913072111e-02    4.773947894573212e-01    4.138002172112465e-03
  endloop
endfacet
facet normal   -8.776946713944348e-01   -3.799371110142252e-01    2.920613899165369e-01
  outer loop
    vertex   -3.411801904439928e-02    4.682385921478272e-01    6.787347228964791e-05
    vertex   -3.488909825682641e-02    4.724557995796204e-01    3.236732911318541e-03
    vertex   -3.571460023522378e-02    4.719328880310059e-01    7.571189780719578e-05
  endloop
endfacet
facet normal    4.735318776155996e-01   -8.479205411907694e-01    2.383239742631815e-01
  outer loop
    vertex   -2.989606931805612e-02    4.673244953155518e-01    2.216384047642350e-03
    vertex   -1.930049993097784e-02    4.726685881614686e-01    1.772531977621838e-04
    vertex   -2.171329036355020e-02    4.716885089874268e-01    1.484313979744911e-03
  endloop
endfacet
facet normal    1.477766514867878e-01   -6.278448872515491e-01    7.641811688516290e-01
  outer loop
    vertex   -1.800717972218992e-02    4.750554859638215e-01    4.832575097680092e-03
    vertex   -1.596697047352792e-02    4.753887057304383e-01    4.711811896413565e-03
    vertex   -1.668778993189336e-02    4.759868979454041e-01    5.342673044651747e-03
  endloop
endfacet
facet normal    5.492317893282500e-01   -8.056854829553962e-01   -2.218453158086031e-01
  outer loop
    vertex   -2.893795073032381e-02    4.680689871311188e-01    3.035861998796463e-03
    vertex   -1.933401077985765e-02    4.742217063903809e-01    4.467636812478304e-03
    vertex   -2.185625955462457e-02    4.724926054477692e-01    4.502851981669664e-03
  endloop
endfacet
facet normal   -7.588473001609565e-02    9.938492358956527e-01    8.065484523580596e-02
  outer loop
    vertex   -1.983649097383023e-03    4.834300875663758e-01    8.815434761345387e-03
    vertex   -2.759428927674890e-03    4.832414090633393e-01    1.041048020124435e-02
    vertex    7.663496071472756e-04    4.837242960929871e-01    7.777480874210596e-03
  endloop
endfacet
facet normal   -4.726542400589348e-01    8.330012815368316e-01   -2.875879592616958e-01
  outer loop
    vertex    6.665558903478078e-04    4.842948913574219e-01    1.129357982426882e-02
    vertex    1.734665944240986e-03    4.851259887218476e-01    1.194540970027447e-02
    vertex    1.919955946505069e-03    4.838966131210328e-01    8.079985156655312e-03
  endloop
endfacet
facet normal   -7.072753826757948e-01   -4.407069210367416e-01   -5.527557713955804e-01
  outer loop
    vertex   -7.814820855855957e-03    4.880206882953644e-01    2.448640950024128e-02
    vertex   -1.385447010397913e-02    4.953227043151856e-01    2.639257907867432e-02
    vertex   -1.217763032764198e-02    4.944750070571900e-01    2.492284961044788e-02
  endloop
endfacet
facet normal   -6.824980141295529e-01   -9.319531813628040e-02   -7.249214394585762e-01
  outer loop
    vertex   -1.217763032764198e-02    4.944750070571900e-01    2.492284961044788e-02
    vertex   -1.385447010397913e-02    4.953227043151856e-01    2.639257907867432e-02
    vertex   -1.318076997995378e-02    4.957129061222077e-01    2.570814080536366e-02
  endloop
endfacet
facet normal   -7.668921355104842e-01   -4.903875899502392e-01   -4.140005605249409e-01
  outer loop
    vertex   -7.814820855855957e-03    4.880206882953644e-01    2.448640950024128e-02
    vertex   -1.217763032764198e-02    4.944750070571900e-01    2.492284961044788e-02
    vertex   -5.386061966419235e-03    4.879465997219086e-01    2.007514983415604e-02
  endloop
endfacet
facet normal   -4.680677933855504e-01    7.398595455107976e-01   -4.832394786353219e-01
  outer loop
    vertex    6.665558903478078e-04    4.842948913574219e-01    1.129357982426882e-02
    vertex   -5.429957062006011e-03    4.866968989372254e-01    2.087626047432423e-02
    vertex   -9.564642095938334e-04    4.853116869926453e-01    1.442239992320538e-02
  endloop
endfacet
facet normal   -2.111272602809528e-01    9.551482868879742e-01   -2.076464062323905e-01
  outer loop
    vertex   -2.363493898883463e-03    4.845319986343384e-01    1.266713999211788e-02
    vertex   -2.890638075768948e-03    4.843592047691346e-01    1.240829005837440e-02
    vertex   -3.605606034398080e-03    4.848083853721619e-01    1.520141959190369e-02
  endloop
endfacet
facet normal   -9.406112505171077e-01   -1.005363314043832e-01   -3.242574925400967e-01
  outer loop
    vertex   -6.354182027280345e-03    4.869711995124817e-01    2.250394970178604e-02
    vertex   -3.605606034398080e-03    4.848083853721619e-01    1.520141959190369e-02
    vertex   -6.908258888870492e-03    4.870730042457581e-01    2.407965995371342e-02
  endloop
endfacet
facet normal   -5.533465288894328e-01   -7.164365213306960e-01    4.248839016361847e-01
  outer loop
    vertex   -2.536449115723372e-03    4.841732084751130e-01    2.022067084908485e-02
    vertex    1.483671949245028e-04    4.804497957229615e-01    1.743884012103081e-02
    vertex   -2.912939060479403e-03    4.860923886299134e-01    2.296645939350128e-02
  endloop
endfacet
facet normal   -6.633151429904083e-01   -6.754524000509025e-01    3.221444960651820e-01
  outer loop
    vertex   -2.912939060479403e-03    4.860923886299134e-01    2.296645939350128e-02
    vertex    1.483671949245028e-04    4.804497957229615e-01    1.743884012103081e-02
    vertex   -2.909398062911434e-05    4.828939139842988e-01    2.219811081886292e-02
  endloop
endfacet
facet normal   -3.919754446563998e-01   -7.150776386220944e-01    5.788084497733833e-01
  outer loop
    vertex   -2.536449115723372e-03    4.841732084751130e-01    2.022067084908485e-02
    vertex   -1.048902980983258e-03    4.815992116928101e-01    1.804805919528008e-02
    vertex    1.483671949245028e-04    4.804497957229615e-01    1.743884012103081e-02
  endloop
endfacet
facet normal   -7.184016506885594e-01   -6.293218621913139e-01    2.964001721592106e-01
  outer loop
    vertex   -2.909398062911434e-05    4.828939139842988e-01    2.219811081886292e-02
    vertex    1.483671949245028e-04    4.804497957229615e-01    1.743884012103081e-02
    vertex    4.778426955454043e-04    4.823291003704072e-01    2.222757972776890e-02
  endloop
endfacet
facet normal   -7.281271511217617e-01   -6.408232409541422e-01    2.432620514020560e-01
  outer loop
    vertex   -3.432017052546144e-03    4.880777895450593e-01    2.566839009523392e-02
    vertex   -2.909398062911434e-05    4.828939139842988e-01    2.219811081886292e-02
    vertex    4.778426955454043e-04    4.823291003704072e-01    2.222757972776890e-02
  endloop
endfacet
facet normal   -2.049403188519961e-01   -9.107564567082108e-01   -3.584998497533118e-01
  outer loop
    vertex   -8.386564441025273e-03    4.754101932048798e-01    6.072696851333603e-05
    vertex   -8.121960796415821e-03    4.750421047210694e-01    8.445794810540974e-04
    vertex   -8.807579055428521e-03    4.734489023685456e-01    5.283995997160673e-03
  endloop
endfacet
facet normal    5.510566975279837e-01   -7.980998565613077e-01   -2.436660318271142e-01
  outer loop
    vertex   -3.191347932443024e-03    4.764873087406159e-01    6.144166109152138e-04
    vertex   -2.215978922322393e-03    4.769766032695771e-01    1.217609969899058e-03
    vertex   -6.388168781995788e-03    4.731465876102448e-01    4.326872993260622e-03
  endloop
endfacet
facet normal    6.510434386843492e-01   -6.887540857724784e-01   -3.189988248846310e-01
  outer loop
    vertex   -1.747450005495929e-04    4.793612062931061e-01    3.200283972546458e-03
    vertex    1.394381979480385e-03    4.802604019641877e-01    4.461245145648718e-03
    vertex    1.222178980242453e-04    4.790096879005433e-01    4.565321840345860e-03
  endloop
endfacet
facet normal    6.504498258570743e-01   -7.083310229203772e-01   -2.741937016254636e-01
  outer loop
    vertex   -3.274294082075358e-03    4.760415852069855e-01    4.175592213869095e-03
    vertex    1.222178980242453e-04    4.790096879005433e-01    4.565321840345860e-03
    vertex   -6.896601989865318e-03    4.721755087375641e-01    5.569980014115572e-03
  endloop
endfacet
facet normal    5.107771663539222e-01   -8.081514130588108e-01   -2.932541217144357e-01
  outer loop
    vertex   -6.896601989865318e-03    4.721755087375641e-01    5.569980014115572e-03
    vertex   -1.944785006344319e-03    4.734396934509278e-01    1.071099005639553e-02
    vertex   -7.760806940495983e-03    4.710778892040253e-01    7.089572027325630e-03
  endloop
endfacet
facet normal    4.036074083555639e-01   -8.351368545401096e-01   -3.736943859751669e-01
  outer loop
    vertex   -7.963309064507500e-03    4.720829129219056e-01    4.624820780009031e-03
    vertex   -6.896601989865318e-03    4.721755087375641e-01    5.569980014115572e-03
    vertex   -7.760806940495983e-03    4.710778892040253e-01    7.089572027325630e-03
  endloop
endfacet
facet normal    2.662785533910088e-01   -4.973217103895432e-01    8.256917393187431e-01
  outer loop
    vertex   -1.002721954137088e-02    4.716714918613434e-01    1.396944001317024e-02
    vertex   -1.382074970752002e-02    4.732863903045655e-01    1.616548933088779e-02
    vertex   -9.458573535084740e-03    4.706768095493317e-01    1.318695023655891e-02
  endloop
endfacet
facet normal   -3.815503565103110e-03   -9.907168313864790e-01    1.358881964707738e-01
  outer loop
    vertex   -9.458573535084740e-03    4.706768095493317e-01    1.318695023655891e-02
    vertex   -1.039237994700672e-02    4.706465899944306e-01    1.294040959328413e-02
    vertex   -9.760730899870411e-03    4.705508053302765e-01    1.225981023162603e-02
  endloop
endfacet
facet normal    3.088582709734200e-01   -2.547435138649256e-01    9.163581781132638e-01
  outer loop
    vertex   -1.054302975535394e-02    4.766423106193543e-01    1.599770039319992e-02
    vertex   -1.196327991783620e-02    4.757800102233887e-01    1.623667962849140e-02
    vertex   -2.224822994321586e-03    4.744792878627778e-01    1.259274035692215e-02
  endloop
endfacet
facet normal   -1.709811863224076e-01    9.729766287128478e-01   -1.551834846314620e-01
  outer loop
    vertex    1.089027989655733e-02    4.813148081302643e-01    1.903199008665979e-03
    vertex    1.014658994972706e-02    4.821738898754120e-01    8.108907379209995e-03
    vertex    1.226884033530950e-02    4.815231859683991e-01    1.690797973424196e-03
  endloop
endfacet
facet normal   -9.997578389324882e-01   -1.854368728971043e-02    1.184884613548812e-02
  outer loop
    vertex    3.826647996902465e-03    4.677503108978272e-01    6.383385974913836e-03
    vertex    3.797587007284164e-03    4.685094952583314e-01    5.119476001709700e-03
    vertex    3.745106980204581e-03    4.682283997535706e-01    2.515027881599963e-04
  endloop
endfacet
facet normal   -4.911256261774672e-01   -8.698253685868584e-01    4.689826728703828e-02
  outer loop
    vertex    5.440840963274240e-03    4.654361009597779e-01    1.410915981978178e-02
    vertex    3.988032229244708e-03    4.663549959659577e-01    1.593793928623199e-02
    vertex    3.427367890253662e-03    4.666228890419007e-01    1.503521017730236e-02
  endloop
endfacet
facet normal   -8.799487880691778e-01   -4.745326980869758e-01    2.255767767036919e-02
  outer loop
    vertex    5.101596936583518e-03    4.657100141048432e-01    1.319712959229946e-02
    vertex    3.297120099887251e-03    4.688982963562012e-01    9.876618161797523e-03
    vertex    3.826647996902465e-03    4.677503108978272e-01    6.383385974913836e-03
  endloop
endfacet
facet normal   -9.789980226346865e-01   -1.839171397463318e-01   -8.796224977171764e-02
  outer loop
    vertex    3.826647996902465e-03    4.677503108978272e-01    6.383385974913836e-03
    vertex    3.297120099887251e-03    4.688982963562012e-01    9.876618161797523e-03
    vertex    3.797587007284164e-03    4.685094952583314e-01    5.119476001709700e-03
  endloop
endfacet
facet normal   -7.559669446310850e-01   -3.522723708440375e-01   -5.517410220067590e-01
  outer loop
    vertex    9.264790453016756e-03    4.812738001346589e-01    1.014341041445732e-02
    vertex    8.835907094180582e-03    4.819555878639222e-01    1.029574032872915e-02
    vertex    1.006225030869245e-02    4.824770092964173e-01    8.282554335892200e-03
  endloop
endfacet
facet normal    3.964608134226554e-01   -8.490034271874597e-01    3.493021672480638e-01
  outer loop
    vertex   -1.252833986654879e-03    4.739497005939484e-01    1.182836014777422e-02
    vertex   -9.458573535084740e-03    4.706768095493317e-01    1.318695023655891e-02
    vertex   -8.740525692701355e-03    4.705299139022828e-01    1.201491989195347e-02
  endloop
endfacet
facet normal    1.116622953601450e-02   -9.913081175075288e-01    1.310859698122906e-01
  outer loop
    vertex   -9.458573535084740e-03    4.706768095493317e-01    1.318695023655891e-02
    vertex   -9.760730899870411e-03    4.705508053302765e-01    1.225981023162603e-02
    vertex   -8.740525692701355e-03    4.705299139022828e-01    1.201491989195347e-02
  endloop
endfacet
facet normal   -5.236398626354423e-01   -7.546271734377931e-01   -3.953974245849638e-01
  outer loop
    vertex   -8.807579055428521e-03    4.734489023685456e-01    5.283995997160673e-03
    vertex   -9.238423779606835e-03    4.709118008613587e-01    1.069671008735895e-02
    vertex   -9.273155592381970e-03    4.734767079353333e-01    5.847509019076824e-03
  endloop
endfacet
facet normal   -3.657170596088600e-01   -9.062911917491067e-01   -2.118662504247275e-01
  outer loop
    vertex   -9.760730899870411e-03    4.705508053302765e-01    1.225981023162603e-02
    vertex   -1.039237994700672e-02    4.706465899944306e-01    1.294040959328413e-02
    vertex   -1.363538019359113e-02    4.731925129890442e-01    7.647791877388954e-03
  endloop
endfacet
facet normal   -2.580634499008314e-01   -9.651665227901326e-01   -4.309105603817984e-02
  outer loop
    vertex   -8.807579055428521e-03    4.734489023685456e-01    5.283995997160673e-03
    vertex   -1.521028019487859e-02    4.751507043838502e-01    5.510976072400808e-03
    vertex   -1.596697047352792e-02    4.753887057304383e-01    4.711811896413565e-03
  endloop
endfacet
facet normal   -4.045876876042134e-01   -8.029732621053572e-01   -4.376559646377013e-01
  outer loop
    vertex   -1.521028019487859e-02    4.751507043838502e-01    5.510976072400808e-03
    vertex   -1.363538019359113e-02    4.731925129890442e-01    7.647791877388954e-03
    vertex   -1.668778993189336e-02    4.759868979454041e-01    5.342673044651747e-03
  endloop
endfacet
facet normal   -4.992414752466720e-01   -8.371714271668937e-01    2.233874457727498e-01
  outer loop
    vertex   -1.596697047352792e-02    4.753887057304383e-01    4.711811896413565e-03
    vertex   -1.521028019487859e-02    4.751507043838502e-01    5.510976072400808e-03
    vertex   -1.668778993189336e-02    4.759868979454041e-01    5.342673044651747e-03
  endloop
endfacet
facet normal   -1.002822009172003e-01   -9.537887978487827e-01    2.832497295274545e-01
  outer loop
    vertex   -1.086180005222561e-02    4.738466143608094e-01    4.678873810917139e-03
    vertex   -1.654992997646333e-02    4.735114872455597e-01    1.536563038825989e-03
    vertex   -1.746984012424947e-02    4.731804132461548e-01    9.604873775970191e-05
  endloop
endfacet
facet normal    1.701930497582211e-01   -8.849402684007240e-01    4.334916921658942e-01
  outer loop
    vertex   -1.596697047352792e-02    4.753887057304383e-01    4.711811896413565e-03
    vertex   -1.800717972218992e-02    4.750554859638215e-01    4.832575097680092e-03
    vertex   -1.881406083703042e-02    4.728091955184937e-01    5.637336289510131e-04
  endloop
endfacet
facet normal    2.795012098371688e-01   -9.592275740971873e-01    4.197064201539345e-02
  outer loop
    vertex   -1.746984012424947e-02    4.731804132461548e-01    9.604873775970191e-05
    vertex   -1.654992997646333e-02    4.735114872455597e-01    1.536563038825989e-03
    vertex   -1.881406083703042e-02    4.728091955184937e-01    5.637336289510131e-04
  endloop
endfacet
facet normal    8.851262333735198e-01    3.294644799979463e-01    3.286406965269035e-01
  outer loop
    vertex    5.707652773708104e-03    4.879237115383149e-01    1.535748969763517e-02
    vertex    7.852230221033095e-03    4.830619990825654e-01    1.445540972054005e-02
    vertex    9.153127670288084e-03    4.840222895145417e-01    9.989012032747269e-03
  endloop
endfacet
facet normal    6.788296731017902e-01    6.835521629569162e-01    2.682288489954763e-01
  outer loop
    vertex    7.852230221033095e-03    4.830619990825654e-01    1.445540972054005e-02
    vertex    8.732901886105536e-03    4.822973906993867e-01    1.417514029890299e-02
    vertex    9.795223362743853e-03    4.830678999423981e-01    9.523073211312294e-03
  endloop
endfacet
facet normal    8.493481214004003e-01    4.078419075946915e-01    3.350712567247962e-01
  outer loop
    vertex    9.153127670288084e-03    4.840222895145417e-01    9.989012032747269e-03
    vertex    7.852230221033095e-03    4.830619990825654e-01    1.445540972054005e-02
    vertex    9.795223362743853e-03    4.830678999423981e-01    9.523073211312294e-03
  endloop
endfacet
facet normal   -8.044056408074145e-01    4.482797690298915e-01   -3.898420368761171e-01
  outer loop
    vertex    5.406013224273919e-03    4.725421071052552e-01    6.253147032111883e-03
    vertex    4.146753810346126e-03    4.735251069068909e-01    9.981873445212841e-03
    vertex    4.916511010378598e-03    4.739201068878174e-01    8.847756311297417e-03
  endloop
endfacet
facet normal   -9.276593314455907e-01    3.732488650968039e-01   -1.155203384117683e-02
  outer loop
    vertex    5.406013224273919e-03    4.725421071052552e-01    6.253147032111883e-03
    vertex    3.745106980204581e-03    4.682283997535706e-01    2.515027881599963e-04
    vertex    3.797587007284164e-03    4.685094952583314e-01    5.119476001709700e-03
  endloop
endfacet
facet normal   -8.943605073600408e-01    2.532013080528842e-01   -3.687931404934192e-01
  outer loop
    vertex    5.406013224273919e-03    4.725421071052552e-01    6.253147032111883e-03
    vertex    3.525231033563613e-03    4.695560932159424e-01    8.764133788645267e-03
    vertex    4.146753810346126e-03    4.735251069068909e-01    9.981873445212841e-03
  endloop
endfacet
facet normal    9.051161557486087e-02   -1.493573378416363e-01   -9.846319277165899e-01
  outer loop
    vertex    2.285686932736999e-04    4.780761897563935e-01    2.186484076082706e-02
    vertex   -6.212911830516616e-05    4.786224961280823e-01    2.175525017082691e-02
    vertex    3.396044950932263e-03    4.836524128913880e-01    2.131015993654728e-02
  endloop
endfacet
facet normal   -7.559374787782194e-01   -3.793146183018012e-01   -5.335531356116164e-01
  outer loop
    vertex    3.396044950932263e-03    4.836524128913880e-01    2.131015993654728e-02
    vertex    7.710570935159913e-04    4.851283133029938e-01    2.397998981177807e-02
    vertex    2.505145035684108e-03    4.858883917331696e-01    2.098277956247330e-02
  endloop
endfacet
facet normal    8.360213087999613e-01   -4.978366114119362e-01   -2.307099468386237e-01
  outer loop
    vertex    2.259198954561717e-04    4.773252010345460e-01    2.347576059401035e-02
    vertex    2.285686932736999e-04    4.780761897563935e-01    2.186484076082706e-02
    vertex    3.396044950932263e-03    4.836524128913880e-01    2.131015993654728e-02
  endloop
endfacet
facet normal    4.747303930545821e-01   -6.105788485261398e-03    8.801100915551503e-01
  outer loop
    vertex    3.953399136662475e-04    4.831846058368683e-01    2.285096980631351e-02
    vertex    7.101211813278489e-04    4.813990890979767e-01    2.266879007220268e-02
    vertex    1.161918975412845e-03    4.832181036472321e-01    2.243771031498909e-02
  endloop
endfacet
facet normal   -6.346223188274920e-01    2.220560636336752e-01    7.402334881978351e-01
  outer loop
    vertex    7.101211813278489e-04    4.813990890979767e-01    2.266879007220268e-02
    vertex    2.259198954561717e-04    4.773252010345460e-01    2.347576059401035e-02
    vertex    6.797898095101110e-04    4.788100123405457e-01    2.341946028172970e-02
  endloop
endfacet
facet normal    8.189144750367715e-01   -2.303907916288192e-01    5.256416704447002e-01
  outer loop
    vertex    6.797898095101110e-04    4.788100123405457e-01    2.341946028172970e-02
    vertex    2.259198954561717e-04    4.773252010345460e-01    2.347576059401035e-02
    vertex    3.396044950932263e-03    4.836524128913880e-01    2.131015993654728e-02
  endloop
endfacet
facet normal    4.213945433743915e-01    1.529912579565011e-01    8.938793619964472e-01
  outer loop
    vertex    1.161918975412845e-03    4.832181036472321e-01    2.243771031498909e-02
    vertex    6.797898095101110e-04    4.788100123405457e-01    2.341946028172970e-02
    vertex    3.396044950932263e-03    4.836524128913880e-01    2.131015993654728e-02
  endloop
endfacet
facet normal    6.302025327920858e-01    1.193150183755114e-01    7.672083772043234e-01
  outer loop
    vertex    1.539021031931042e-03    4.867354035377503e-01    2.164465002715588e-02
    vertex    1.439572952222071e-04    4.843856990337372e-01    2.315600961446762e-02
    vertex    2.505145035684108e-03    4.858883917331696e-01    2.098277956247330e-02
  endloop
endfacet
facet normal    6.421588370260380e-01    9.165432628348585e-02    7.610726065907816e-01
  outer loop
    vertex    1.439572952222071e-04    4.843856990337372e-01    2.315600961446762e-02
    vertex    1.161918975412845e-03    4.832181036472321e-01    2.243771031498909e-02
    vertex    2.505145035684108e-03    4.858883917331696e-01    2.098277956247330e-02
  endloop
endfacet
facet normal    4.751161698315151e-01   -1.218792705926020e-01    8.714413741408231e-01
  outer loop
    vertex    1.439572952222071e-04    4.843856990337372e-01    2.315600961446762e-02
    vertex    3.953399136662475e-04    4.831846058368683e-01    2.285096980631351e-02
    vertex    1.161918975412845e-03    4.832181036472321e-01    2.243771031498909e-02
  endloop
endfacet
facet normal    6.562843335263886e-01    1.750764665358733e-01    7.339203665474457e-01
  outer loop
    vertex    2.505145035684108e-03    4.858883917331696e-01    2.098277956247330e-02
    vertex    5.219785030931233e-03    4.859057068824769e-01    1.855117082595825e-02
    vertex    1.539021031931042e-03    4.867354035377503e-01    2.164465002715588e-02
  endloop
endfacet
facet normal   -4.907031752486227e-02   -9.610799864019731e-01    2.718774791621994e-01
  outer loop
    vertex    4.160241223871707e-03    4.755544066429139e-01    1.885339058935642e-02
    vertex    4.564720205962657e-03    4.751161932945252e-01    1.737732067704201e-02
    vertex    6.317744031548499e-03    4.767636060714722e-01    2.351728081703186e-02
  endloop
endfacet
facet normal   -6.180254597418111e-01   -3.048015257663116e-01    7.246658271240968e-01
  outer loop
    vertex    6.317744031548499e-03    4.767636060714722e-01    2.351728081703186e-02
    vertex    6.729677785187959e-03    4.764893949031830e-01    2.375325933098793e-02
    vertex    6.882837042212485e-03    4.776177108287812e-01    2.435846067965031e-02
  endloop
endfacet
facet normal    9.905205112546316e-02   -7.307425552910567e-01    6.754287594221434e-01
  outer loop
    vertex    6.317744031548499e-03    4.767636060714722e-01    2.351728081703186e-02
    vertex    6.882837042212485e-03    4.776177108287812e-01    2.435846067965031e-02
    vertex    5.527745932340621e-03    4.769156873226166e-01    2.379767037928104e-02
  endloop
endfacet
facet normal   -3.271656039337718e-01   -9.389511768064315e-01   -1.064582320746869e-01
  outer loop
    vertex    4.160241223871707e-03    4.755544066429139e-01    1.885339058935642e-02
    vertex    8.989204070530824e-04    4.761249125003815e-01    2.384421974420547e-02
    vertex    1.622287963982663e-04    4.763788878917695e-01    2.386816963553429e-02
  endloop
endfacet
facet normal    1.989487302290255e-01    9.449472693604033e-01   -2.597961910201451e-01
  outer loop
    vertex   -1.294174045324327e-02    4.964402914047242e-01    2.693412080407143e-02
    vertex   -9.166044183075444e-03    4.965268969535828e-01    3.014050982892513e-02
    vertex   -7.890230976045147e-03    4.954183101654053e-01    2.708528935909271e-02
  endloop
endfacet
facet normal    2.407532822513505e-01    9.238967031086138e-01   -2.974100520665625e-01
  outer loop
    vertex   -2.304464112967254e-03    4.924395978450776e-01    2.144991979002953e-02
    vertex    3.970513935200862e-04    4.913563132286072e-01    2.027159929275513e-02
    vertex    5.004308186471461e-03    4.885793030261994e-01    1.537446025758982e-02
  endloop
endfacet
facet normal   -1.739698828362398e-01    8.328339327214246e-01   -5.254732346882289e-01
  outer loop
    vertex   -1.454299967736007e-02    4.966050088405610e-01    2.757305093109608e-02
    vertex   -1.187772024422886e-02    4.955202937126160e-01    2.497146092355251e-02
    vertex   -1.318076997995378e-02    4.957129061222077e-01    2.570814080536366e-02
  endloop
endfacet
facet normal   -6.495297244143937e-01   -7.166717052152769e-01    2.539543345682227e-01
  outer loop
    vertex   -1.306310016661884e-02    4.946432113647461e-01    3.311995044350624e-02
    vertex   -1.378706004470588e-02    4.955599009990693e-01    3.385524824261665e-02
    vertex   -1.481880992650987e-02    4.941135942935944e-01    2.713483013212681e-02
  endloop
endfacet
facet normal    6.289128667854142e-01    1.572956378167031e-01    7.613978515307147e-01
  outer loop
    vertex   -7.815532386302964e-03    4.957948029041291e-01    2.966468967497349e-02
    vertex   -7.812317926436677e-03    4.949209094047547e-01    2.984257042407990e-02
    vertex   -7.043132092803731e-03    4.947415888309479e-01    2.924427017569542e-02
  endloop
endfacet
facet normal    6.788914491486029e-01    6.860005409223326e-01    2.617434968192655e-01
  outer loop
    vertex    7.852230221033095e-03    4.830619990825654e-01    1.445540972054005e-02
    vertex    7.807727903127669e-03    4.815205931663514e-01    1.861068978905678e-02
    vertex    8.732901886105536e-03    4.822973906993867e-01    1.417514029890299e-02
  endloop
endfacet
facet normal    6.655257780197654e-01    1.738300804767218e-01    7.258502200265854e-01
  outer loop
    vertex   -2.224822994321586e-03    4.744792878627778e-01    1.259274035692215e-02
    vertex   -1.252833986654879e-03    4.739497005939484e-01    1.182836014777422e-02
    vertex   -9.313407645095222e-05    4.750792980194092e-01    1.049451995640993e-02
  endloop
endfacet
facet normal    4.363457710601115e-01    4.844510715218036e-01    7.582278861789067e-01
  outer loop
    vertex   -1.054302975535394e-02    4.766423106193543e-01    1.599770039319992e-02
    vertex   -2.224822994321586e-03    4.744792878627778e-01    1.259274035692215e-02
    vertex   -1.543382997624577e-03    4.754034876823426e-01    1.161008980125189e-02
  endloop
endfacet
facet normal    6.224532656877070e-01    3.066636250806768e-01    7.200759356394900e-01
  outer loop
    vertex   -1.543382997624577e-03    4.754034876823426e-01    1.161008980125189e-02
    vertex   -2.224822994321586e-03    4.744792878627778e-01    1.259274035692215e-02
    vertex   -9.313407645095222e-05    4.750792980194092e-01    1.049451995640993e-02
  endloop
endfacet
facet normal   -1.691461382071749e-01   -8.360994680423295e-01    5.218498476275841e-01
  outer loop
    vertex    1.089297002181410e-03    4.758600890636445e-01    1.212874986231327e-02
    vertex   -3.347377933096149e-04    4.757345914840699e-01    1.146611012518406e-02
    vertex   -9.313407645095222e-05    4.750792980194092e-01    1.049451995640993e-02
  endloop
endfacet
facet normal   -3.117747159731429e-01    9.493413152221504e-01   -3.933946735968725e-02
  outer loop
    vertex   -2.759428927674890e-03    4.832414090633393e-01    1.041048020124435e-02
    vertex   -1.983649097383023e-03    4.834300875663758e-01    8.815434761345387e-03
    vertex   -3.125502960756422e-03    4.830608963966370e-01    8.955567143857479e-03
  endloop
endfacet
facet normal    6.475222217618452e-01   -6.523725164221762e-02   -7.592490193097213e-01
  outer loop
    vertex    1.394381979480385e-03    4.802604019641877e-01    4.461245145648718e-03
    vertex   -1.747450005495929e-04    4.793612062931061e-01    3.200283972546458e-03
    vertex    7.461517816409461e-04    4.808053970336915e-01    3.861577017232776e-03
  endloop
endfacet
facet normal   -6.834158978260901e-01    6.855930204318813e-01   -2.508085344115091e-01
  outer loop
    vertex    1.919955946505069e-03    4.838966131210328e-01    8.079985156655312e-03
    vertex    1.734665944240986e-03    4.851259887218476e-01    1.194540970027447e-02
    vertex    4.092949908226728e-03    4.868307113647461e-01    1.017935015261173e-02
  endloop
endfacet
facet normal   -1.251930739000837e-01    7.515636758943757e-01   -6.476717805521420e-01
  outer loop
    vertex    4.636520985513925e-03    4.863421916961670e-01    9.507397189736366e-03
    vertex    4.092949908226728e-03    4.868307113647461e-01    1.017935015261173e-02
    vertex    5.043468903750180e-03    4.870148897171021e-01    1.020933967083693e-02
  endloop
endfacet
facet normal   -6.186785860954909e-01    3.975372041537458e-01    6.776436957727175e-01
  outer loop
    vertex   -1.304734032601119e-03    4.812645912170411e-01    1.674636080861092e-02
    vertex   -4.177692811936141e-03    4.830799996852875e-01    1.305838953703642e-02
    vertex   -2.725626109167934e-03    4.802790880203248e-01    1.602724939584732e-02
  endloop
endfacet
facet normal   -6.865856533668311e-01   -7.270132701462009e-01   -7.200390417782568e-03
  outer loop
    vertex   -1.048902980983258e-03    4.815992116928101e-01    1.804805919528008e-02
    vertex   -6.908258888870492e-03    4.870730042457581e-01    2.407965995371342e-02
    vertex   -2.063503023236991e-03    4.825615882873536e-01    1.762437075376511e-02
  endloop
endfacet
facet normal   -7.504714374491148e-01   -6.218881560027041e-01   -2.237135288636250e-01
  outer loop
    vertex   -6.908258888870492e-03    4.870730042457581e-01    2.407965995371342e-02
    vertex   -7.814820855855957e-03    4.880206882953644e-01    2.448640950024128e-02
    vertex   -6.354182027280345e-03    4.869711995124817e-01    2.250394970178604e-02
  endloop
endfacet
facet normal   -4.806077450670767e-01    8.769030577626329e-01    7.564566615753789e-03
  outer loop
    vertex   -2.890638075768948e-03    4.843592047691346e-01    1.240829005837440e-02
    vertex   -8.041139692068116e-03    4.815588891506196e-01    9.795365855097771e-03
    vertex   -6.889921147376314e-03    4.821734130382538e-01    1.169985998421907e-02
  endloop
endfacet
facet normal   -4.370878194015602e-01    7.162415312746792e-01    5.440149878524414e-01
  outer loop
    vertex   -4.177692811936141e-03    4.830799996852875e-01    1.305838953703642e-02
    vertex   -2.890638075768948e-03    4.843592047691346e-01    1.240829005837440e-02
    vertex   -1.053889002650978e-02    4.793458878993989e-01    1.286377012729645e-02
  endloop
endfacet
facet normal   -4.799621958439346e-01    7.703593625973706e-01    4.197412810520804e-01
  outer loop
    vertex   -2.890638075768948e-03    4.843592047691346e-01    1.240829005837440e-02
    vertex   -1.081874035298826e-02    4.797253906726838e-01    1.184726040810347e-02
    vertex   -1.053889002650978e-02    4.793458878993989e-01    1.286377012729645e-02
  endloop
endfacet
facet normal   -6.039058034530665e-02    8.277223922986399e-01   -5.578786777543785e-01
  outer loop
    vertex   -9.188402444124237e-03    4.808281064033509e-01    8.835298009216785e-03
    vertex   -8.041139692068116e-03    4.815588891506196e-01    9.795365855097771e-03
    vertex   -4.089809954166413e-03    4.810118973255158e-01    8.556063286960125e-03
  endloop
endfacet
facet normal   -9.355526314766005e-02    7.657687828185281e-01   -6.362747708325407e-01
  outer loop
    vertex   -8.041139692068116e-03    4.815588891506196e-01    9.795365855097771e-03
    vertex   -2.890638075768948e-03    4.843592047691346e-01    1.240829005837440e-02
    vertex   -4.089809954166413e-03    4.810118973255158e-01    8.556063286960125e-03
  endloop
endfacet
facet normal    6.377876924878266e-01    5.655392953438573e-01   -5.228691659803881e-01
  outer loop
    vertex   -3.746995935216547e-03    4.835689067840577e-01    6.157808820717037e-04
    vertex   -4.545491188764573e-03    4.840132892131806e-01    1.224362058565021e-04
    vertex    4.322334134485564e-04    4.835940897464753e-01    5.740778055042028e-03
  endloop
endfacet
facet normal   -5.452267692767370e-01   -3.106244379866935e-01    7.786143002729288e-01
  outer loop
    vertex    1.483671949245028e-04    4.804497957229615e-01    1.743884012103081e-02
    vertex   -1.304734032601119e-03    4.812645912170411e-01    1.674636080861092e-02
    vertex   -1.111967954784633e-03    4.799672067165375e-01    1.636376045644283e-02
  endloop
endfacet
facet normal   -9.875851911008219e-01    1.257776001974632e-01    9.410358976638607e-02
  outer loop
    vertex    3.525231033563613e-03    4.695560932159424e-01    8.764133788645267e-03
    vertex    4.043636843562125e-03    4.722915887832642e-01    1.054839976131916e-02
    vertex    4.146753810346126e-03    4.735251069068909e-01    9.981873445212841e-03
  endloop
endfacet
facet normal   -8.345737459604854e-01    8.662856079179430e-02    5.440424202289981e-01
  outer loop
    vertex    3.988032229244708e-03    4.663549959659577e-01    1.593793928623199e-02
    vertex    5.789298098534345e-03    4.712558090686799e-01    1.792076043784618e-02
    vertex    3.427367890253662e-03    4.666228890419007e-01    1.503521017730236e-02
  endloop
endfacet
facet normal   -9.556613547527245e-01    1.850796428214550e-01    2.290347153714257e-01
  outer loop
    vertex    4.043636843562125e-03    4.722915887832642e-01    1.054839976131916e-02
    vertex    5.853618960827588e-03    4.718269109725953e-01    1.847616024315357e-02
    vertex    4.146753810346126e-03    4.735251069068909e-01    9.981873445212841e-03
  endloop
endfacet
facet normal   -9.712376488694613e-01   -1.005290784557218e-01    2.158502578255679e-01
  outer loop
    vertex    5.789298098534345e-03    4.712558090686799e-01    1.792076043784618e-02
    vertex    5.853618960827588e-03    4.718269109725953e-01    1.847616024315357e-02
    vertex    4.043636843562125e-03    4.722915887832642e-01    1.054839976131916e-02
  endloop
endfacet
facet normal    6.365426548789385e-01   -6.802815172146581e-01   -3.633600223687183e-01
  outer loop
    vertex    3.747232956811785e-03    4.756254851818085e-01    1.522925961762667e-02
    vertex    3.116719890385858e-04    4.755359888076783e-01    9.378317743539810e-03
    vertex    1.356572960503399e-03    4.760994017124177e-01    1.015397999435663e-02
  endloop
endfacet
facet normal    5.629760099873607e-01   -6.871213037445681e-01   -4.592628072455642e-01
  outer loop
    vertex    3.116719890385858e-04    4.755359888076783e-01    9.378317743539810e-03
    vertex   -9.821604471653709e-04    4.743775129318238e-01    9.525546804070473e-03
    vertex   -6.896601989865318e-03    4.721755087375641e-01    5.569980014115572e-03
  endloop
endfacet
facet normal    2.294884695419958e-01    9.699509053379111e-01   -8.081017003718755e-02
  outer loop
    vertex    1.226884033530950e-02    4.815231859683991e-01    1.690797973424196e-03
    vertex    1.088737975805998e-02    4.824224114418030e-01    8.560914546251297e-03
    vertex    1.314262021332979e-02    4.815621078014374e-01    4.639370832592249e-03
  endloop
endfacet
facet normal    3.015256718450866e-01    5.357272229192113e-01   -7.887196028004114e-01
  outer loop
    vertex    1.014658994972706e-02    4.821738898754120e-01    8.108907379209995e-03
    vertex    1.006225030869245e-02    4.824770092964173e-01    8.282554335892200e-03
    vertex    1.088737975805998e-02    4.824224114418030e-01    8.560914546251297e-03
  endloop
endfacet
facet normal    3.031462482779789e-01    9.524532918038006e-01    3.057906288770632e-02
  outer loop
    vertex    2.259662933647633e-02    4.780597090721131e-01    2.028637938201427e-02
    vertex    2.228550054132938e-02    4.783129990100861e-01    1.548148039728403e-02
    vertex    1.650764048099518e-02    4.801166951656342e-01    1.658027991652489e-02
  endloop
endfacet
facet normal    3.267130488745822e-01    9.450154455039541e-01    1.429655392177397e-02
  outer loop
    vertex    1.834299042820930e-02    4.798657894134522e-01    2.086265012621880e-03
    vertex    1.936049014329910e-02    4.794904887676240e-01    3.641498042270541e-03
    vertex    2.221418917179108e-02    4.784752130508423e-01    5.537795834243298e-03
  endloop
endfacet
facet normal    4.928016533097352e-01    8.332896757958381e-01    2.505490904139518e-01
  outer loop
    vertex    8.732901886105536e-03    4.822973906993867e-01    1.417514029890299e-02
    vertex    1.023336034268141e-02    4.824958145618439e-01    1.056397985666990e-02
    vertex    9.795223362743853e-03    4.830678999423981e-01    9.523073211312294e-03
  endloop
endfacet
facet normal    7.908417548003438e-02    9.930270409138694e-01    8.742419117433918e-02
  outer loop
    vertex    8.732901886105536e-03    4.822973906993867e-01    1.417514029890299e-02
    vertex    1.111163012683391e-02    4.819302856922150e-01    1.619317941367626e-02
    vertex    1.023336034268141e-02    4.824958145618439e-01    1.056397985666990e-02
  endloop
endfacet
facet normal    2.878760242035151e-01    9.561890704776901e-01    5.319639262006742e-02
  outer loop
    vertex    1.111163012683391e-02    4.819302856922150e-01    1.619317941367626e-02
    vertex    1.238157972693443e-02    4.816924929618836e-01    1.359501015394926e-02
    vertex    1.088737975805998e-02    4.824224114418030e-01    8.560914546251297e-03
  endloop
endfacet
facet normal    1.906786257178160e-01    9.015522864973666e-01   -3.883878685099925e-01
  outer loop
    vertex    9.795223362743853e-03    4.830678999423981e-01    9.523073211312294e-03
    vertex    1.088737975805998e-02    4.824224114418030e-01    8.560914546251297e-03
    vertex    1.006225030869245e-02    4.824770092964173e-01    8.282554335892200e-03
  endloop
endfacet
facet normal    5.289614466786523e-01   -2.661454854319085e-01   -8.058327174493730e-01
  outer loop
    vertex    4.695307929068803e-03    4.745916128158570e-01    9.332817047834396e-03
    vertex    3.922947216778993e-03    4.753740131855012e-01    8.567420765757561e-03
    vertex    6.587814074009656e-03    4.791417121887208e-01    9.072309359908104e-03
  endloop
endfacet
facet normal    4.393874895537899e-01    2.905683300103896e-01   -8.500051056426611e-01
  outer loop
    vertex    6.824456155300140e-03    4.819042086601258e-01    9.238410741090775e-03
    vertex    3.977381158620118e-03    4.833030104637147e-01    8.244861848652363e-03
    vertex    8.835907094180582e-03    4.819555878639222e-01    1.029574032872915e-02
  endloop
endfacet
facet normal    4.613548852720155e-01    9.386013402132193e-02   -8.822368985012726e-01
  outer loop
    vertex    6.824456155300140e-03    4.819042086601258e-01    9.238410741090775e-03
    vertex    8.835907094180582e-03    4.819555878639222e-01    1.029574032872915e-02
    vertex    8.088858798146246e-03    4.813533127307892e-01    9.841005317866802e-03
  endloop
endfacet
facet normal    5.159654327590258e-01   -4.019008943777751e-02   -8.556660732486563e-01
  outer loop
    vertex    6.587814074009656e-03    4.791417121887208e-01    9.072309359908104e-03
    vertex    8.835907094180582e-03    4.819555878639222e-01    1.029574032872915e-02
    vertex    7.495662197470664e-03    4.782752096652985e-01    9.660439565777779e-03
  endloop
endfacet
facet normal   -8.842474925820456e-01   -4.596167253033070e-01    8.281809997717696e-02
  outer loop
    vertex    3.744401037693023e-03    4.760614931583405e-01    1.386492978781462e-02
    vertex    4.203164018690585e-03    4.752630889415742e-01    1.433221995830536e-02
    vertex    4.564720205962657e-03    4.751161932945252e-01    1.737732067704201e-02
  endloop
endfacet
facet normal   -7.737148486993828e-01   -6.334515883965027e-01    1.021851554968423e-02
  outer loop
    vertex    3.744401037693023e-03    4.760614931583405e-01    1.386492978781462e-02
    vertex    4.564720205962657e-03    4.751161932945252e-01    1.737732067704201e-02
    vertex    3.851559013128280e-03    4.759784936904908e-01    1.683342084288597e-02
  endloop
endfacet
facet normal   -2.064170575647945e-01   -9.779141446484573e-01   -3.280128111474442e-02
  outer loop
    vertex    1.530450023710728e-02    4.625633955001832e-01    9.614371083443984e-05
    vertex    1.520964968949556e-02    4.625866413116456e-01   -3.992298585783341e-23
    vertex    1.526429038494825e-02    4.625751078128815e-01   -3.998422928651209e-23
  endloop
endfacet
facet normal   -2.337889919168417e-01    9.721630236044951e-01    1.554872324895935e-02
  outer loop
    vertex   -1.453366037458183e-02    4.819507896900178e-01    8.499489049427211e-04
    vertex   -8.049952797591702e-03    4.835236072540284e-01   -1.385271362966735e-23
    vertex   -1.481114979833366e-02    4.818976521492005e-01    5.420383412469928e-20
  endloop
endfacet
facet normal   -3.514097236243502e-01    9.333616838011337e-01   -7.312436908562180e-02
  outer loop
    vertex   -4.545491188764573e-03    4.840132892131806e-01    1.224362058565021e-04
    vertex   -4.491042345762254e-03    4.840241968631745e-01    4.063973978854036e-20
    vertex   -4.534261766821147e-03    4.840079247951508e-01   -1.779323764845920e-23
  endloop
endfacet
facet normal   -5.664521361819583e-01    7.730453152066878e-01   -2.855396961052682e-01
  outer loop
    vertex   -2.395968697965146e-02    4.775274097919465e-01    2.710903385086809e-20
    vertex   -2.419462986290456e-02    4.775095880031586e-01    4.178292874712497e-04
    vertex   -2.350347302854063e-02    4.778617024421692e-01    3.468196289805495e-24
  endloop
endfacet
facet normal    4.706750841148039e-01   -8.650634818209698e-01   -1.735803491565309e-01
  outer loop
    vertex   -1.962916925549509e-02    4.725253283977509e-01    2.710418003722220e-20
    vertex   -1.930049993097784e-02    4.726685881614686e-01    1.772531977621838e-04
    vertex   -2.016623131930829e-02    4.722331166267396e-01    1.084199449338027e-19
  endloop
endfacet
facet normal   -1.457162645940364e-01    9.549137617261966e-01   -2.586628653260567e-01
  outer loop
    vertex   -3.237809985876085e-02    4.735265076160431e-01    3.058885049540550e-04
    vertex   -3.232844546437265e-02    4.734512269496918e-01    1.372414317993011e-20
    vertex   -3.256046399474145e-02    4.734158217906952e-01    1.361962601764887e-23
  endloop
endfacet
facet normal   -1.573007863683141e-01    9.549208714315806e-01   -2.517589956928272e-01
  outer loop
    vertex   -3.237809985876085e-02    4.735265076160431e-01    3.058885049540550e-04
    vertex   -3.256046399474145e-02    4.734158217906952e-01    1.361962601764887e-23
    vertex   -3.268367052078248e-02    4.733955264091492e-01    1.375772071109344e-23
  endloop
endfacet
facet normal    3.291231717709620e-01    9.442745402442204e-01    4.850819517127405e-03
  outer loop
    vertex    1.893402077257633e-02    4.796469509601594e-01    2.167963370904544e-19
    vertex    2.221418917179108e-02    4.784752130508423e-01    5.537795834243298e-03
    vertex    2.451405674219131e-02    4.777020514011384e-01   -5.035172921598861e-23
  endloop
endfacet
facet normal    3.592858359666230e-01    9.331053004247646e-01   -1.510583969777450e-02
  outer loop
    vertex    2.992317266762257e-02    4.757560193538666e-01   -5.641447791466320e-23
    vertex    3.005209006369114e-02    4.757184982299805e-01    7.485207752324641e-04
    vertex    3.006852976977825e-02    4.757000505924225e-01    1.083636398487103e-19
  endloop
endfacet
facet normal   -5.425106308061606e-01    8.400445566995686e-01    2.712604233405996e-03
  outer loop
    vertex   -3.488909825682641e-02    4.724557995796204e-01    3.236732911318541e-03
    vertex   -3.495239838957788e-02    4.724253714084626e-01    2.168567350967457e-19
    vertex   -3.571460023522378e-02    4.719328880310059e-01    7.571189780719578e-05
  endloop
endfacet
facet normal   -5.425083959824454e-01    8.400458985559379e-01    2.743830880546026e-03
  outer loop
    vertex   -3.569190949201585e-02    4.719477891921998e-01    1.712947261356513e-23
    vertex   -3.571460023522378e-02    4.719328880310059e-01    7.571189780719578e-05
    vertex   -3.495239838957788e-02    4.724253714084626e-01    2.168567350967457e-19
  endloop
endfacet
facet normal   -1.965233294342090e-01    9.442225949731599e-01   -2.642390435386970e-01
  outer loop
    vertex   -3.117582015693189e-02    4.737980067729951e-01    3.818788973148912e-04
    vertex   -3.156230226159097e-02    4.736106991767884e-01    1.250084730536909e-23
    vertex   -3.237809985876085e-02    4.735265076160431e-01    3.058885049540550e-04
  endloop
endfacet
facet normal    9.552125046909704e-01   -2.926968332508103e-01    4.356184898451920e-02
  outer loop
    vertex    3.161936998367310e-02    4.727711975574494e-01    5.361458897823468e-05
    vertex    3.212190419435501e-02    4.744032323360444e-01   -5.887890220973973e-23
    vertex    3.176881000399590e-02    4.739770889282227e-01    4.879250191152096e-03
  endloop
endfacet
facet normal    9.552113415467185e-01   -2.926952990578583e-01    4.359764775706716e-02
  outer loop
    vertex    3.212190419435501e-02    4.744032323360444e-01   -5.887890220973973e-23
    vertex    3.161936998367310e-02    4.727711975574494e-01    5.361458897823468e-05
    vertex    3.171021491289139e-02    4.730596840381623e-01   -5.841746476001835e-23
  endloop
endfacet
facet normal    9.887122671992272e-01   -1.374878020660712e-01    5.954122078698822e-02
  outer loop
    vertex    3.154008835554123e-02    4.743439853191376e-01    9.524497203528881e-03
    vertex    3.176881000399590e-02    4.739770889282227e-01    4.879250191152096e-03
    vertex    3.212469071149826e-02    4.744232892990113e-01   -5.888202544715066e-23
  endloop
endfacet
facet normal    9.887286891016542e-01   -1.373642383818792e-01    5.955371828098172e-02
  outer loop
    vertex    3.212190419435501e-02    4.744032323360444e-01   -5.887890220973973e-23
    vertex    3.212469071149826e-02    4.744232892990113e-01   -5.888202544715066e-23
    vertex    3.176881000399590e-02    4.739770889282227e-01    4.879250191152096e-03
  endloop
endfacet
facet normal   -8.993421020750013e-01    4.328002036913355e-01   -6.219137496515566e-02
  outer loop
    vertex    5.406013224273919e-03    4.725421071052552e-01    6.253147032111883e-03
    vertex    5.883250385522842e-03    4.726352393627167e-01    1.456601973350078e-19
    vertex    3.745106980204581e-03    4.682283997535706e-01    2.515027881599963e-04
  endloop
endfacet
facet normal   -8.993505493411983e-01    4.328186151828787e-01   -6.194058242267417e-02
  outer loop
    vertex    5.700124427676200e-03    4.722547233104706e-01   -2.926433799548051e-23
    vertex    3.745106980204581e-03    4.682283997535706e-01    2.515027881599963e-04
    vertex    5.883250385522842e-03    4.726352393627167e-01    1.456601973350078e-19
  endloop
endfacet
facet normal   -2.200487319225199e-01   -9.754616209742767e-01    7.292570570613571e-03
  outer loop
    vertex    2.606829069554806e-02    4.595347940921784e-01    1.230095949722454e-04
    vertex    2.372018992900848e-02    4.600727856159211e-01    1.232836046256125e-03
    vertex    2.565797045826912e-02    4.596264362335206e-01    1.350089328362268e-20
  endloop
endfacet
facet normal    9.545574631732964e-01   -2.977600966750875e-01    1.260850221888754e-02
  outer loop
    vertex    2.789711952209473e-02    4.645088016986847e-01    1.727052032947540e-03
    vertex    2.776376157999039e-02    4.640081524848939e-01   -1.084742113740522e-19
    vertex    2.787075378000736e-02    4.643511474132538e-01   -5.411404654448785e-23
  endloop
endfacet
facet normal    1.803867931623118e-01   -8.654799076078398e-01   -4.673383510688401e-01
  outer loop
    vertex   -8.121960796415821e-03    4.750421047210694e-01    8.445794810540974e-04
    vertex   -6.121772807091489e-03    4.759150445461274e-01   -1.601389317880697e-23
    vertex   -3.746869973838330e-03    4.764100313186646e-01   -1.867577716548290e-23
  endloop
endfacet
facet normal    2.735162679214949e-01   -9.533947300486358e-01   -1.273865765996790e-01
  outer loop
    vertex   -3.191347932443024e-03    4.764873087406159e-01    6.144166109152138e-04
    vertex   -3.746869973838330e-03    4.764100313186646e-01   -1.867577716548290e-23
    vertex   -3.345262724906207e-03    4.765252470970154e-01   -1.912591427842891e-23
  endloop
endfacet
facet normal    2.735036429573062e-01   -9.533999649556751e-01   -1.273745033811705e-01
  outer loop
    vertex   -3.746869973838330e-03    4.764100313186646e-01   -1.867577716548290e-23
    vertex   -3.191347932443024e-03    4.764873087406159e-01    6.144166109152138e-04
    vertex   -8.121960796415821e-03    4.750421047210694e-01    8.445794810540974e-04
  endloop
endfacet
facet normal    3.767817876209498e-01   -9.154822080955931e-01   -1.411658994856009e-01
  outer loop
    vertex   -1.930049993097784e-02    4.726685881614686e-01    1.772531977621838e-04
    vertex   -1.904938369989397e-02    4.727992713451386e-01    5.420858450303150e-20
    vertex   -1.881406083703042e-02    4.728091955184937e-01    5.637336289510131e-04
  endloop
endfacet
facet normal    3.767485951689973e-01   -9.154879617942707e-01   -1.412171655570202e-01
  outer loop
    vertex   -1.904938369989397e-02    4.727992713451386e-01    5.420858450303150e-20
    vertex   -1.930049993097784e-02    4.726685881614686e-01    1.772531977621838e-04
    vertex   -1.932529918849470e-02    4.726857244968415e-01    2.710383944776560e-20
  endloop
endfacet
facet normal   -8.004584798772333e-01   -5.993736937643969e-01   -4.170996985385283e-03
  outer loop
    vertex    4.054666031152009e-03    4.672678112983704e-01    2.800002948788460e-05
    vertex    5.392365623265504e-03    4.654815196990967e-01    2.710216237314882e-19
    vertex    5.407248158007859e-03    4.654611945152283e-01    6.461989687522873e-05
  endloop
endfacet
facet normal    4.004525402356163e-01    9.161381472525378e-01   -1.812893178125711e-02
  outer loop
    vertex    3.187244012951851e-02    4.749118983745576e-01    1.972975005628541e-04
    vertex    3.012436069548130e-02    4.756720960140229e-01    5.420444462654268e-19
    vertex    3.005209006369114e-02    4.757184982299805e-01    7.485207752324641e-04
  endloop
endfacet
facet normal    4.004512930490354e-01    9.161389740001896e-01   -1.811469605694404e-02
  outer loop
    vertex    3.012436069548130e-02    4.756720960140229e-01    5.420444462654268e-19
    vertex    3.187244012951851e-02    4.749118983745576e-01    1.972975005628541e-04
    vertex    3.185894712805748e-02    4.749138951301575e-01    2.709919589517313e-19
  endloop
endfacet
facet normal    2.646925824521320e-01    9.639975127045256e-01   -2.542896565551307e-02
  outer loop
    vertex    1.374012883752584e-02    4.810746014118195e-01    5.417183273486095e-20
    vertex    1.226884033530950e-02    4.815231859683991e-01    1.690797973424196e-03
    vertex    1.834299042820930e-02    4.798657894134522e-01    2.086265012621880e-03
  endloop
endfacet
facet normal    9.082267262570061e-01   -4.156655264507481e-01    4.843948629892739e-02
  outer loop
    vertex    3.161936998367310e-02    4.727711975574494e-01    5.361458897823468e-05
    vertex    3.114515915513039e-02    4.717288017272950e-01   -1.334529325704879e-21
    vertex    3.152136504650116e-02    4.725508093833924e-01   -1.705902722621764e-21
  endloop
endfacet
facet normal   -3.381517278626108e-01    9.396730674044518e-01    5.165206034844621e-02
  outer loop
    vertex   -1.518539618700744e-02    4.817629754543305e-01   -5.855029585349659e-24
    vertex   -1.453366037458183e-02    4.819507896900178e-01    8.499489049427211e-04
    vertex   -1.481114979833366e-02    4.818976521492005e-01    5.420383412469928e-20
  endloop
endfacet
facet normal   -3.380917009709999e-01    9.396974918579537e-01    5.160063498065787e-02
  outer loop
    vertex   -1.453366037458183e-02    4.819507896900178e-01    8.499489049427211e-04
    vertex   -1.518539618700744e-02    4.817629754543305e-01   -5.855029585349659e-24
    vertex   -1.573367044329645e-02    4.815233945846558e-01    7.706604083068669e-04
  endloop
endfacet
facet normal    9.227944218193240e-01   -3.847182544173273e-01    2.103139979231113e-02
  outer loop
    vertex    2.966186963021755e-02    4.686473608016968e-01    5.415398702502752e-20
    vertex    2.789711952209473e-02    4.645088016986847e-01    1.727052032947540e-03
    vertex    2.787075378000736e-02    4.643511474132538e-01   -5.411404654448785e-23
  endloop
endfacet
facet normal    9.227943009636881e-01   -3.847185957714224e-01    2.103045830701523e-02
  outer loop
    vertex    2.789711952209473e-02    4.645088016986847e-01    1.727052032947540e-03
    vertex    2.966186963021755e-02    4.686473608016968e-01    5.415398702502752e-20
    vertex    3.004566021263599e-02    4.695807099342347e-01    2.338040067115799e-04
  endloop
endfacet
facet normal    2.441196144576935e-01   -9.504395842654556e-01    1.925362576200523e-01
  outer loop
    vertex   -1.199270039796831e-02    4.739398062229157e-01    1.505567051935941e-04
    vertex   -1.189588662236931e-02    4.739341735839844e-01   -9.542040567627283e-24
    vertex   -1.058052014559509e-02    4.743066132068635e-01    1.707449991954491e-04
  endloop
endfacet
facet normal    2.441166821173774e-01   -9.504369327479960e-01    1.925530638047204e-01
  outer loop
    vertex   -1.052021700888874e-02    4.742875099182129e-01    5.419902467939730e-20
    vertex   -1.058052014559509e-02    4.743066132068635e-01    1.707449991954491e-04
    vertex   -1.189588662236931e-02    4.739341735839844e-01   -9.542040567627283e-24
  endloop
endfacet
facet normal    9.782258589135119e-01   -2.075350499331938e-01   -1.836301214061145e-03
  outer loop
    vertex    2.738796733319759e-02    4.617112576961518e-01    2.167868615764903e-19
    vertex    2.708262950181961e-02    4.602699875831605e-01    2.312815049663186e-04
    vertex    2.709147706627846e-02    4.603137373924256e-01   -5.324060272220294e-23
  endloop
endfacet
facet normal    9.782259551936616e-01   -2.075346208753739e-01   -1.833500358088153e-03
  outer loop
    vertex    2.708262950181961e-02    4.602699875831605e-01    2.312815049663186e-04
    vertex    2.738796733319759e-02    4.617112576961518e-01    2.167868615764903e-19
    vertex    2.737456932663918e-02    4.616275131702424e-01    2.330848015844822e-03
  endloop
endfacet
facet normal    9.685089918066891e-01    2.412749713666968e-01    6.145503219094688e-02
  outer loop
    vertex    3.132921084761620e-02    4.748126864433289e-01    1.100771035999060e-02
    vertex    3.154008835554123e-02    4.743439853191376e-01    9.524497203528881e-03
    vertex    3.212198987603188e-02    4.744341373443604e-01   -5.887899824512377e-23
  endloop
endfacet
facet normal    9.685430654484236e-01    2.411379541380862e-01    6.145581702222191e-02
  outer loop
    vertex    3.212469071149826e-02    4.744232892990113e-01   -5.888202544715066e-23
    vertex    3.212198987603188e-02    4.744341373443604e-01   -5.887899824512377e-23
    vertex    3.154008835554123e-02    4.743439853191376e-01    9.524497203528881e-03
  endloop
endfacet
facet normal    4.037171802805832e-01   -9.047425067700744e-01    1.358434201192577e-01
  outer loop
    vertex   -2.577663026750089e-02    4.694705307483674e-01    6.016039837135300e-24
    vertex   -3.171896934509279e-02    4.668335914611817e-01    9.771040640771389e-05
    vertex   -3.164555132389070e-02    4.668516814708710e-01    1.259415611259837e-23
  endloop
endfacet
facet normal   -2.844245643767802e-01   -9.586842615057332e-01    5.210942360667093e-03
  outer loop
    vertex    2.372018992900848e-02    4.600727856159211e-01    1.232836046256125e-03
    vertex    1.653537526726723e-02    4.621976912021638e-01   -4.140891093921671e-23
    vertex    2.375596575438976e-02    4.600554704666138e-01   -5.425961065545510e-20
  endloop
endfacet
facet normal   -2.844260187609001e-01   -9.586837793813509e-01    5.220249315291561e-03
  outer loop
    vertex    1.653537526726723e-02    4.621976912021638e-01   -4.140891093921671e-23
    vertex    2.372018992900848e-02    4.600727856159211e-01    1.232836046256125e-03
    vertex    1.530450023710728e-02    4.625633955001832e-01    9.614371083443984e-05
  endloop
endfacet
facet normal    7.917192206089327e-01   -6.045061165164040e-01   -8.805129648472064e-02
  outer loop
    vertex   -1.747450005495929e-04    4.793612062931061e-01    3.200283972546458e-03
    vertex   -2.215978922322393e-03    4.769766032695771e-01    1.217609969899058e-03
    vertex   -1.871944870799781e-03    4.776045382022858e-01   -2.077726655641202e-23
  endloop
endfacet
facet normal    7.918883963089478e-01   -6.043064344746524e-01   -8.790051788115763e-02
  outer loop
    vertex   -1.895961235277356e-03    4.775730669498444e-01    3.367381440941472e-21
    vertex   -1.871944870799781e-03    4.776045382022858e-01   -2.077726655641202e-23
    vertex   -2.215978922322393e-03    4.769766032695771e-01    1.217609969899058e-03
  endloop
endfacet
facet normal   -2.641223745645899e-01   -9.636778792707360e-01   -3.955143813591547e-02
  outer loop
    vertex    1.273397449404001e-02    4.631744623184205e-01   -3.714815226638013e-23
    vertex    7.365154102444648e-03    4.644488096237183e-01    4.802993033081293e-03
    vertex    1.266242563724518e-02    4.631940722465516e-01   -3.706795750915648e-23
  endloop
endfacet
facet normal   -2.110217627753767e-01    9.623846477718376e-01    1.711303753523860e-01
  outer loop
    vertex   -1.453366037458183e-02    4.819507896900178e-01    8.499489049427211e-04
    vertex   -6.838204804807916e-03    4.834437072277070e-01    1.943545998074114e-03
    vertex   -8.049952797591702e-03    4.835236072540284e-01   -1.385271362966735e-23
  endloop
endfacet
facet normal   -2.110222041923633e-01    9.623845031020432e-01    1.711306446164155e-01
  outer loop
    vertex   -6.422766484320178e-03    4.838804006576539e-01    1.084045407208556e-19
    vertex   -8.049952797591702e-03    4.835236072540284e-01   -1.385271362966735e-23
    vertex   -6.838204804807916e-03    4.834437072277070e-01    1.943545998074114e-03
  endloop
endfacet
facet normal    8.934565993202576e-01    4.464770746575081e-01    4.892368481987851e-02
  outer loop
    vertex    3.187244012951851e-02    4.749118983745576e-01    1.972975005628541e-04
    vertex    3.212198987603188e-02    4.744341373443604e-01   -5.887899824512377e-23
    vertex    3.198957815766335e-02    4.746991097927094e-01   -5.873058601215605e-23
  endloop
endfacet
facet normal    8.934650998174724e-01    4.464523078603519e-01    4.899441003134541e-02
  outer loop
    vertex    3.212198987603188e-02    4.744341373443604e-01   -5.887899824512377e-23
    vertex    3.187244012951851e-02    4.749118983745576e-01    1.972975005628541e-04
    vertex    3.132921084761620e-02    4.748126864433289e-01    1.100771035999060e-02
  endloop
endfacet
facet normal   -9.237075783096674e-01    3.830743777912312e-01   -4.281454560151594e-03
  outer loop
    vertex    9.677506051957606e-03    4.783805906772614e-01    1.010771025903523e-03
    vertex    9.349277243018149e-03    4.775778353214264e-01   -3.335445120404697e-23
    vertex    9.327190928161143e-03    4.775245785713196e-01   -3.332969599846377e-23
  endloop
endfacet
facet normal   -9.237002382890138e-01    3.830918938521193e-01   -4.297749366300313e-03
  outer loop
    vertex    9.349277243018149e-03    4.775778353214264e-01   -3.335445120404697e-23
    vertex    9.677506051957606e-03    4.783805906772614e-01    1.010771025903523e-03
    vertex    1.089027989655733e-02    4.813148081302643e-01    1.903199008665979e-03
  endloop
endfacet
facet normal    4.448219531337418e-01   -8.590780295981179e-01    2.532160521611901e-01
  outer loop
    vertex   -1.058052014559509e-02    4.743066132068635e-01    1.707449991954491e-04
    vertex   -1.052021700888874e-02    4.742875099182129e-01    5.419902467939730e-20
    vertex   -8.386564441025273e-03    4.754101932048798e-01    6.072696851333603e-05
  endloop
endfacet
facet normal    4.448234136789473e-01   -8.590802576801015e-01    2.532059270777415e-01
  outer loop
    vertex   -8.392344228923336e-03    4.753893017768860e-01   -1.346894791882066e-23
    vertex   -8.386564441025273e-03    4.754101932048798e-01    6.072696851333603e-05
    vertex   -1.052021700888874e-02    4.742875099182129e-01    5.419902467939730e-20
  endloop
endfacet
facet normal   -1.741001807451012e-01    9.681031635895589e-01    1.801815520868073e-01
  outer loop
    vertex   -6.422766484320178e-03    4.838804006576539e-01    1.084045407208556e-19
    vertex   -4.645578097552062e-03    4.839994907379151e-01    1.077343011274934e-03
    vertex   -6.083042360842243e-03    4.839414954185486e-01   -1.605730378026434e-23
  endloop
endfacet
facet normal   -1.741623456175896e-01    9.680722539476324e-01    1.802875162226436e-01
  outer loop
    vertex   -4.645578097552062e-03    4.839994907379151e-01    1.077343011274934e-03
    vertex   -6.422766484320178e-03    4.838804006576539e-01    1.084045407208556e-19
    vertex   -6.838204804807916e-03    4.834437072277070e-01    1.943545998074114e-03
  endloop
endfacet
facet normal   -1.091963156001114e-01    9.940159192430135e-01    2.918381542554336e-03
  outer loop
    vertex   -4.545491188764573e-03    4.840132892131806e-01    1.224362058565021e-04
    vertex   -4.818155430257321e-03    4.839836955070496e-01    1.084027422100241e-19
    vertex   -4.645578097552062e-03    4.839994907379151e-01    1.077343011274934e-03
  endloop
endfacet
facet normal    9.927289793893426e-01   -1.054357526618706e-01    5.807301904687805e-02
  outer loop
    vertex    2.737456932663918e-02    4.616275131702424e-01    2.330848015844822e-03
    vertex    2.770011313259602e-02    4.634088575839997e-01    1.083662944627182e-19
    vertex    2.753677032887936e-02    4.633978903293610e-01    2.772351028397679e-03
  endloop
endfacet
facet normal    8.912481007563882e-01   -4.512134521551459e-01    4.564256228967386e-02
  outer loop
    vertex    3.004566021263599e-02    4.695807099342347e-01    2.338040067115799e-04
    vertex    3.064913116395473e-02    4.707490503787995e-01    1.349529899547810e-20
    vertex    3.100560978055000e-02    4.716446995735169e-01    1.893365988507867e-03
  endloop
endfacet
facet normal   -1.440219533471543e-01    9.889392439914546e-01    3.545206126137276e-02
  outer loop
    vertex    1.089027989655733e-02    4.813148081302643e-01    1.903199008665979e-03
    vertex    1.226884033530950e-02    4.815231859683991e-01    1.690797973424196e-03
    vertex    1.112759765237570e-02    4.814175963401795e-01   -3.534766227653586e-23
  endloop
endfacet
facet normal   -1.440183389913327e-01    9.889398591833136e-01    3.544958325094191e-02
  outer loop
    vertex    1.172700431197882e-02    4.815048873424531e-01    1.083841977478448e-19
    vertex    1.112759765237570e-02    4.814175963401795e-01   -3.534766227653586e-23
    vertex    1.226884033530950e-02    4.815231859683991e-01    1.690797973424196e-03
  endloop
endfacet
facet normal   -8.301970559184045e-01    5.547289526358958e-01   -5.521446777698182e-02
  outer loop
    vertex    5.883250385522842e-03    4.726352393627167e-01    1.456601973350078e-19
    vertex    7.282091770321130e-03    4.752523899078370e-01    5.261214915663004e-03
    vertex    5.891355220228433e-03    4.726473689079285e-01   -2.947867694761727e-23
  endloop
endfacet
facet normal   -8.303066501268580e-01    5.545753970736294e-01   -5.510894406302787e-02
  outer loop
    vertex    7.282091770321130e-03    4.752523899078370e-01    5.261214915663004e-03
    vertex    5.883250385522842e-03    4.726352393627167e-01    1.456601973350078e-19
    vertex    5.406013224273919e-03    4.725421071052552e-01    6.253147032111883e-03
  endloop
endfacet
facet normal   -8.292104101010680e-01    5.524995895830620e-01   -8.458309104405456e-02
  outer loop
    vertex    7.282091770321130e-03    4.752523899078370e-01    5.261214915663004e-03
    vertex    9.308622218668459e-03    4.774884283542634e-01   -6.809572461496967e-21
    vertex    9.292438626289366e-03    4.774641394615174e-01   -1.829924073511881e-19
  endloop
endfacet
facet normal   -3.931804851593117e-01    9.194608320485703e-01   -9.404352390894883e-04
  outer loop
    vertex   -3.495239838957788e-02    4.724253714084626e-01    2.168567350967457e-19
    vertex   -3.237809985876085e-02    4.735265076160431e-01    3.058885049540550e-04
    vertex   -3.268367052078248e-02    4.733955264091492e-01    1.375772071109344e-23
  endloop
endfacet
facet normal   -3.931790739481941e-01    9.194614210876558e-01   -9.544321396002971e-04
  outer loop
    vertex   -3.237809985876085e-02    4.735265076160431e-01    3.058885049540550e-04
    vertex   -3.495239838957788e-02    4.724253714084626e-01    2.168567350967457e-19
    vertex   -3.488909825682641e-02    4.724557995796204e-01    3.236732911318541e-03
  endloop
endfacet
facet normal    8.365108568364285e-01    1.512672965975257e-01   -5.266571858190680e-01
  outer loop
    vertex   -1.747450005495929e-04    4.793612062931061e-01    3.200283972546458e-03
    vertex   -1.871944870799781e-03    4.776045382022858e-01   -2.077726655641202e-23
    vertex   -1.792629016563297e-03    4.788548946380616e-01    4.851098929066211e-04
  endloop
endfacet
facet normal    8.365151671178416e-01    1.512646607163840e-01   -5.266510966476446e-01
  outer loop
    vertex   -1.882399665191770e-03    4.776623547077180e-01    1.691989339667206e-20
    vertex   -1.792629016563297e-03    4.788548946380616e-01    4.851098929066211e-04
    vertex   -1.871944870799781e-03    4.776045382022858e-01   -2.077726655641202e-23
  endloop
endfacet
facet normal    9.077002913217985e-01    3.811796319492816e-01   -1.754487655166950e-01
  outer loop
    vertex   -3.746995935216547e-03    4.835689067840577e-01    6.157808820717037e-04
    vertex   -3.161627566441894e-03    4.818915426731110e-01    2.708572257238933e-20
    vertex   -3.847910324111582e-03    4.835257828235627e-01   -1.856252719098393e-23
  endloop
endfacet
facet normal    9.076967000223510e-01    3.811827291278507e-01   -1.754606160458179e-01
  outer loop
    vertex   -3.161627566441894e-03    4.818915426731110e-01    2.708572257238933e-20
    vertex   -3.746995935216547e-03    4.835689067840577e-01    6.157808820717037e-04
    vertex   -1.792629016563297e-03    4.788548946380616e-01    4.851098929066211e-04
  endloop
endfacet
facet normal    5.490236617474686e-01    8.226731238341080e-01   -1.475870934818886e-01
  outer loop
    vertex   -3.746995935216547e-03    4.835689067840577e-01    6.157808820717037e-04
    vertex   -3.847910324111582e-03    4.835257828235627e-01   -1.856252719098393e-23
    vertex   -4.545491188764573e-03    4.840132892131806e-01    1.224362058565021e-04
  endloop
endfacet
facet normal    5.490344202453683e-01    8.226753491969684e-01   -1.475346576553400e-01
  outer loop
    vertex   -4.334704484790564e-03    4.838506579399109e-01   -1.801690925551696e-23
    vertex   -4.545491188764573e-03    4.840132892131806e-01    1.224362058565021e-04
    vertex   -3.847910324111582e-03    4.835257828235627e-01   -1.856252719098393e-23
  endloop
endfacet
facet normal    3.399172044709557e-01    9.404524255557082e-01   -2.351461468073883e-03
  outer loop
    vertex    1.893402077257633e-02    4.796469509601594e-01    2.167963370904544e-19
    vertex    1.834299042820930e-02    4.798657894134522e-01    2.086265012621880e-03
    vertex    2.221418917179108e-02    4.784752130508423e-01    5.537795834243298e-03
  endloop
endfacet
facet normal    3.362062131541085e-01    9.417531789702729e-01    8.144454307016486e-03
  outer loop
    vertex    2.221418917179108e-02    4.784752130508423e-01    5.537795834243298e-03
    vertex    3.005209006369114e-02    4.757184982299805e-01    7.485207752324641e-04
    vertex    2.451405674219131e-02    4.777020514011384e-01   -5.035172921598861e-23
  endloop
endfacet
facet normal    3.362089195252944e-01    9.417524034707508e-01    8.122375803799436e-03
  outer loop
    vertex    2.785021439194679e-02    4.765110313892365e-01    5.415601759907658e-20
    vertex    2.451405674219131e-02    4.777020514011384e-01   -5.035172921598861e-23
    vertex    3.005209006369114e-02    4.757184982299805e-01    7.485207752324641e-04
  endloop
endfacet
facet normal    4.412770907624576e-01   -8.961692666373754e-01    4.642385919815958e-02
  outer loop
    vertex   -2.535733953118326e-02    4.696871936321259e-01    1.968639990082011e-04
    vertex   -2.016623131930829e-02    4.722331166267396e-01    1.084199449338027e-19
    vertex   -1.930049993097784e-02    4.726685881614686e-01    1.772531977621838e-04
  endloop
endfacet
facet normal    5.902941222390456e-01   -8.042037663642647e-01   -6.934804550645697e-02
  outer loop
    vertex    2.704773657023907e-02    4.602643251419068e-01   -1.480840690444549e-21
    vertex    2.606829069554806e-02    4.595347940921784e-01    1.230095949722454e-04
    vertex    2.606541104614735e-02    4.595432877540589e-01   -5.209054779346486e-23
  endloop
endfacet
facet normal   -9.518071528198990e-01   -3.066971223300408e-01   -1.378236166972945e-04
  outer loop
    vertex    3.745106980204581e-03    4.682283997535706e-01    2.515027881599963e-04
    vertex    3.756849560886621e-03    4.681920707225800e-01    3.252335655061362e-19
    vertex    4.054666031152009e-03    4.672678112983704e-01    2.800002948788460e-05
  endloop
endfacet
facet normal    2.092285483242947e-01   -9.640450375924616e-01   -1.638309496385139e-01
  outer loop
    vertex   -1.881406083703042e-02    4.728091955184937e-01    5.637336289510131e-04
    vertex   -1.824921369552614e-02    4.730275869369507e-01    5.420768764119300e-20
    vertex   -1.746984012424947e-02    4.731804132461548e-01    9.604873775970191e-05
  endloop
endfacet
facet normal    2.092400254451495e-01   -9.640199183683843e-01   -1.639640470979140e-01
  outer loop
    vertex   -1.745173707604410e-02    4.732006788253785e-01   -3.314826069574811e-24
    vertex   -1.746984012424947e-02    4.731804132461548e-01    9.604873775970191e-05
    vertex   -1.824921369552614e-02    4.730275869369507e-01    5.420768764119300e-20
  endloop
endfacet
facet normal    1.350768367081886e-01   -9.831090702527999e-01    1.234941463049344e-01
  outer loop
    vertex   -1.746984012424947e-02    4.731804132461548e-01    9.604873775970191e-05
    vertex   -1.729873567819597e-02    4.731918573379517e-01    2.032844210250114e-19
    vertex   -1.199270039796831e-02    4.739398062229157e-01    1.505567051935941e-04
  endloop
endfacet
facet normal    1.350704657034984e-01   -9.830922359525623e-01    1.236350472335078e-01
  outer loop
    vertex   -1.189588662236931e-02    4.739341735839844e-01   -9.542040567627283e-24
    vertex   -1.199270039796831e-02    4.739398062229157e-01    1.505567051935941e-04
    vertex   -1.729873567819597e-02    4.731918573379517e-01    2.032844210250114e-19
  endloop
endfacet
facet normal    5.708958338948968e-01   -7.865893675893789e-01   -2.352766746551624e-01
  outer loop
    vertex   -2.215978922322393e-03    4.769766032695771e-01    1.217609969899058e-03
    vertex   -2.051750896498562e-03    4.774599969387055e-01   -2.057573292990458e-23
    vertex   -1.895961235277356e-03    4.775730669498444e-01    3.367381440941472e-21
  endloop
endfacet
facet normal    5.709220937476216e-01   -7.865732778934130e-01   -2.352667451529093e-01
  outer loop
    vertex   -2.051750896498562e-03    4.774599969387055e-01   -2.057573292990458e-23
    vertex   -2.215978922322393e-03    4.769766032695771e-01    1.217609969899058e-03
    vertex   -3.298067487776280e-03    4.765553772449494e-01   -2.712423312468380e-20
  endloop
endfacet
facet normal   -4.836823490525571e-01   -8.124514135641396e-01    3.255366120924522e-01
  outer loop
    vertex   -8.369016461074368e-03    4.753754138946534e-01   -1.349509459345325e-23
    vertex   -8.386564441025273e-03    4.754101932048798e-01    6.072696851333603e-05
    vertex   -8.392344228923336e-03    4.753893017768860e-01   -1.346894791882066e-23
  endloop
endfacet
facet normal    9.786969130241234e-01    9.750264716382828e-03   -2.050787282362844e-01
  outer loop
    vertex   -1.792629016563297e-03    4.788548946380616e-01    4.851098929066211e-04
    vertex   -1.888629514724017e-03    4.782876968383790e-01   -2.075856575511057e-23
    vertex   -1.898597227409483e-03    4.792882204055787e-01   -2.074739355315737e-23
  endloop
endfacet
facet normal    9.786969586406450e-01    9.750078382778516e-03   -2.050785193994764e-01
  outer loop
    vertex   -1.888629514724017e-03    4.782876968383790e-01   -2.075856575511057e-23
    vertex   -1.792629016563297e-03    4.788548946380616e-01    4.851098929066211e-04
    vertex   -1.882399665191770e-03    4.776623547077180e-01    1.691989339667206e-20
  endloop
endfacet
facet normal    1.085298780259337e-01    9.930501315199817e-01   -4.552693558568579e-02
  outer loop
    vertex    1.226884033530950e-02    4.815231859683991e-01    1.690797973424196e-03
    vertex    1.246790774166584e-02    4.814239144325257e-01   -5.424695855852420e-20
    vertex    1.172700431197882e-02    4.815048873424531e-01    1.083841977478448e-19
  endloop
endfacet
facet normal    8.833468632114050e-01    4.285605089853914e-01    1.898267878692404e-01
  outer loop
    vertex   -1.792629016563297e-03    4.788548946380616e-01    4.851098929066211e-04
    vertex   -2.530112396925689e-03    4.805898666381836e-01   -2.003956665072168e-23
    vertex   -3.161627566441894e-03    4.818915426731110e-01    2.708572257238933e-20
  endloop
endfacet
facet normal    8.833372636645085e-01    4.285656638721784e-01    1.898598176853062e-01
  outer loop
    vertex   -2.530112396925689e-03    4.805898666381836e-01   -2.003956665072168e-23
    vertex   -1.792629016563297e-03    4.788548946380616e-01    4.851098929066211e-04
    vertex   -1.898597227409483e-03    4.792882204055787e-01   -2.074739355315737e-23
  endloop
endfacet
facet normal    2.444341102906216e-01   -9.669525833555493e-01   -7.248908378826102e-02
  outer loop
    vertex    2.606829069554806e-02    4.595347940921784e-01    1.230095949722454e-04
    vertex    2.605539001524448e-02    4.595407545566559e-01    9.481561077665157e-20
    vertex    2.606541104614735e-02    4.595432877540589e-01   -5.209054779346486e-23
  endloop
endfacet
facet normal   -4.570242420373609e-01    8.624070850704750e-01   -2.176760478564931e-01
  outer loop
    vertex   -3.088877163827421e-02    4.738537371158600e-01    2.711680023997608e-20
    vertex   -3.117582015693189e-02    4.737980067729951e-01    3.818788973148912e-04
    vertex   -2.949954569339754e-02    4.745899438858033e-01    1.018882906159292e-23
  endloop
endfacet
facet normal   -4.570242420373609e-01    8.624070850704750e-01   -2.176760478564931e-01
  outer loop
    vertex   -2.811031974852087e-02    4.753261506557465e-01   -2.709642258185290e-20
    vertex   -2.949954569339754e-02    4.745899438858033e-01    1.018882906159292e-23
    vertex   -3.117582015693189e-02    4.737980067729951e-01    3.818788973148912e-04
  endloop
endfacet
facet normal   -4.465017239797140e-01   -8.924685761025773e-01    6.431213845442797e-02
  outer loop
    vertex    5.407248158007859e-03    4.654611945152283e-01    6.461989687522873e-05
    vertex    6.201466079801320e-03    4.650591909885407e-01   -2.982626132630390e-23
    vertex    6.219336763024329e-03    4.650502502918244e-01    3.358285497530162e-21
  endloop
endfacet
facet normal   -4.465838652077381e-01   -8.924901336081786e-01    6.343668298525920e-02
  outer loop
    vertex    6.201466079801320e-03    4.650591909885407e-01   -2.982626132630390e-23
    vertex    5.407248158007859e-03    4.654611945152283e-01    6.461989687522873e-05
    vertex    5.415162537246942e-03    4.654526412487031e-01   -2.894494156075435e-23
  endloop
endfacet
facet normal    8.760496611057076e-01   -4.721326328552049e-01   -9.812119174667082e-02
  outer loop
    vertex    3.004566021263599e-02    4.695807099342347e-01    2.338040067115799e-04
    vertex    3.060725890100002e-02    4.706713557243348e-01   -5.718122852058090e-23
    vertex    3.064913116395473e-02    4.707490503787995e-01    1.349529899547810e-20
  endloop
endfacet
facet normal    8.760731713866966e-01   -4.721164321104082e-01   -9.798914688777496e-02
  outer loop
    vertex    3.060725890100002e-02    4.706713557243348e-01   -5.718122852058090e-23
    vertex    3.004566021263599e-02    4.695807099342347e-01    2.338040067115799e-04
    vertex    3.002105094492435e-02    4.695835709571839e-01   -5.652418371440342e-23
  endloop
endfacet
facet normal   -2.302944562059382e-01   -9.730874620344885e-01   -8.078036400568372e-03
  outer loop
    vertex    1.530450023710728e-02    4.625633955001832e-01    9.614371083443984e-05
    vertex    1.458467449992895e-02    4.627345502376557e-01    1.351330466684840e-20
    vertex    1.520964968949556e-02    4.625866413116456e-01   -3.992298585783341e-23
  endloop
endfacet
facet normal   -2.518696749070262e-01   -9.676798483296897e-01   -1.254503881452217e-02
  outer loop
    vertex    1.530450023710728e-02    4.625633955001832e-01    9.614371083443984e-05
    vertex    1.526429038494825e-02    4.625751078128815e-01   -3.998422928651209e-23
    vertex    1.532921195030212e-02    4.625582098960877e-01    1.351247016015253e-20
  endloop
endfacet
facet normal   -9.827962517502195e-01   -1.362098253420397e-01    1.247333597158767e-01
  outer loop
    vertex   -3.411801904439928e-02    4.682385921478272e-01    6.787347228964791e-05
    vertex   -3.413372114300729e-02    4.682897329330445e-01    1.538299416672913e-23
    vertex   -3.413060680031778e-02    4.682672619819642e-01    1.356790665955844e-20
  endloop
endfacet
facet normal   -9.827985033688381e-01   -1.361558271411183e-01    1.247745667653861e-01
  outer loop
    vertex   -3.413372114300729e-02    4.682897329330445e-01    1.538299416672913e-23
    vertex   -3.411801904439928e-02    4.682385921478272e-01    6.787347228964791e-05
    vertex   -3.414306044578554e-02    4.683571457862855e-01   -2.964842157571536e-21
  endloop
endfacet
facet normal   -8.372765452491507e-02   -9.609765890578199e-01   -2.636544616549367e-01
  outer loop
    vertex   -1.746984012424947e-02    4.731804132461548e-01    9.604873775970191e-05
    vertex   -1.732712611556055e-02    4.731943309307099e-01   -3.454494908067046e-24
    vertex   -1.729873567819597e-02    4.731918573379517e-01    2.032844210250114e-19
  endloop
endfacet
facet normal    2.528393532550560e-01    9.675043539691982e-01    2.754359491660475e-03
  outer loop
    vertex    1.834299042820930e-02    4.798657894134522e-01    2.086265012621880e-03
    vertex    1.523736398667097e-02    4.806833267211915e-01   -3.995404913158595e-23
    vertex    1.374012883752584e-02    4.810746014118195e-01    5.417183273486095e-20
  endloop
endfacet
facet normal    2.528483029638059e-01    9.675020554716870e-01    2.740136198155029e-03
  outer loop
    vertex    1.523736398667097e-02    4.806833267211915e-01   -3.995404913158595e-23
    vertex    1.834299042820930e-02    4.798657894134522e-01    2.086265012621880e-03
    vertex    1.823183521628380e-02    4.799007475376130e-01   -1.084635276181605e-19
  endloop
endfacet
facet normal   -4.298990709739089e-01    8.978397773290701e-01    9.523929347415359e-02
  outer loop
    vertex   -2.419462986290456e-02    4.775095880031586e-01    4.178292874712497e-04
    vertex   -1.573367044329645e-02    4.815233945846558e-01    7.706604083068669e-04
    vertex   -1.987051405012609e-02    4.796243607997895e-01   -2.710565807836948e-20
  endloop
endfacet
facet normal   -4.298998167590584e-01    8.978385696522909e-01    9.524731174818740e-02
  outer loop
    vertex   -1.672917976975442e-02    4.811284840106965e-01    2.710092961557494e-20
    vertex   -1.829984784126283e-02    4.803764224052430e-01   -2.364230353404109e-24
    vertex   -1.573367044329645e-02    4.815233945846558e-01    7.706604083068669e-04
  endloop
endfacet
facet normal   -4.299001628416763e-01    8.978382276982099e-01    9.524897307812634e-02
  outer loop
    vertex   -1.987051405012609e-02    4.796243607997895e-01   -2.710565807836948e-20
    vertex   -1.573367044329645e-02    4.815233945846558e-01    7.706604083068669e-04
    vertex   -1.829984784126283e-02    4.803764224052430e-01   -2.364230353404109e-24
  endloop
endfacet
facet normal   -1.965365046359754e-01    9.442089689645554e-01   -2.642779318678813e-01
  outer loop
    vertex   -3.232844546437265e-02    4.734512269496918e-01    1.372414317993011e-20
    vertex   -3.237809985876085e-02    4.735265076160431e-01    3.058885049540550e-04
    vertex   -3.156230226159097e-02    4.736106991767884e-01    1.250084730536909e-23
  endloop
endfacet
facet normal   -2.200350399722643e-01   -9.754645405056882e-01    7.315148695044643e-03
  outer loop
    vertex    2.372018992900848e-02    4.600727856159211e-01    1.232836046256125e-03
    vertex    2.375596575438976e-02    4.600554704666138e-01   -5.425961065545510e-20
    vertex    2.565797045826912e-02    4.596264362335206e-01    1.350089328362268e-20
  endloop
endfacet
facet normal    9.545555747241946e-01   -2.977660710705945e-01    1.261037993654604e-02
  outer loop
    vertex    2.753677032887936e-02    4.633978903293610e-01    2.772351028397679e-03
    vertex    2.776376157999039e-02    4.640081524848939e-01   -1.084742113740522e-19
    vertex    2.789711952209473e-02    4.645088016986847e-01    1.727052032947540e-03
  endloop
endfacet
facet normal    1.803978816142898e-01   -8.654875249113728e-01   -4.673199637634399e-01
  outer loop
    vertex   -8.386564441025273e-03    4.754101932048798e-01    6.072696851333603e-05
    vertex   -6.121772807091489e-03    4.759150445461274e-01   -1.601389317880697e-23
    vertex   -8.121960796415821e-03    4.750421047210694e-01    8.445794810540974e-04
  endloop
endfacet
facet normal   -4.570200536350448e-01    8.617519962343966e-01   -2.202638589543305e-01
  outer loop
    vertex   -2.811031974852087e-02    4.753261506557465e-01   -2.709642258185290e-20
    vertex   -3.117582015693189e-02    4.737980067729951e-01    3.818788973148912e-04
    vertex   -2.419462986290456e-02    4.775095880031586e-01    4.178292874712497e-04
  endloop
endfacet
facet normal   -4.570271759816671e-01    8.617576829995904e-01   -2.202268289863876e-01
  outer loop
    vertex   -2.395968697965146e-02    4.775274097919465e-01    2.710903385086809e-20
    vertex   -2.603500336408617e-02    4.764267802238465e-01    6.305634507600014e-24
    vertex   -2.419462986290456e-02    4.775095880031586e-01    4.178292874712497e-04
  endloop
endfacet
facet normal   -4.570271759816671e-01    8.617576829995904e-01   -2.202268289863876e-01
  outer loop
    vertex   -2.811031974852087e-02    4.753261506557465e-01   -2.709642258185290e-20
    vertex   -2.419462986290456e-02    4.775095880031586e-01    4.178292874712497e-04
    vertex   -2.603500336408617e-02    4.764267802238465e-01    6.305634507600014e-24
  endloop
endfacet
facet normal   -8.004582092318051e-01   -5.993744993992494e-01   -4.106670587131885e-03
  outer loop
    vertex    5.392365623265504e-03    4.654815196990967e-01    2.710216237314882e-19
    vertex    4.054666031152009e-03    4.672678112983704e-01    2.800002948788460e-05
    vertex    4.071077797561883e-03    4.672460854053498e-01   -2.743843881305191e-23
  endloop
endfacet
facet normal   -8.465433469365212e-01   -5.248344137500464e-01   -8.895616842669075e-02
  outer loop
    vertex    4.051492549479007e-03    4.672776758670807e-01   -2.741648690097245e-23
    vertex    4.071077797561883e-03    4.672460854053498e-01   -2.743843881305191e-23
    vertex    4.054666031152009e-03    4.672678112983704e-01    2.800002948788460e-05
  endloop
endfacet
facet normal   -4.852465683583143e-01   -8.341338070205597e-01   -2.622147209480573e-01
  outer loop
    vertex   -3.180765733122827e-02    4.669159054756165e-01   -5.366147028018904e-21
    vertex   -3.411801904439928e-02    4.682385921478272e-01    6.787347228964791e-05
    vertex   -3.379875794053079e-02    4.680742025375367e-01    1.500755430784060e-23
  endloop
endfacet
facet normal   -4.852510120437004e-01   -8.340954027642181e-01   -2.623286381586297e-01
  outer loop
    vertex   -3.413060680031778e-02    4.682672619819642e-01    1.356790665955844e-20
    vertex   -3.379875794053079e-02    4.680742025375367e-01    1.500755430784060e-23
    vertex   -3.411801904439928e-02    4.682385921478272e-01    6.787347228964791e-05
  endloop
endfacet
facet normal   -4.852421243992214e-01   -8.341240262322199e-01   -2.622540553941565e-01
  outer loop
    vertex   -3.411801904439928e-02    4.682385921478272e-01    6.787347228964791e-05
    vertex   -3.180765733122827e-02    4.669159054756165e-01   -5.366147028018904e-21
    vertex   -3.171896934509279e-02    4.668335914611817e-01    9.771040640771389e-05
  endloop
endfacet
facet normal    2.646847823982325e-01    9.639994616845146e-01   -2.543627014258803e-02
  outer loop
    vertex    1.226884033530950e-02    4.815231859683991e-01    1.690797973424196e-03
    vertex    1.374012883752584e-02    4.810746014118195e-01    5.417183273486095e-20
    vertex    1.246790774166584e-02    4.814239144325257e-01   -5.424695855852420e-20
  endloop
endfacet
facet normal   -8.658146222636560e-01   -3.734751687389726e-01   -3.329884956118431e-01
  outer loop
    vertex   -3.414306044578554e-02    4.683571457862855e-01   -2.964842157571536e-21
    vertex   -3.571460023522378e-02    4.719328880310059e-01    7.571189780719578e-05
    vertex   -3.569190949201585e-02    4.719477891921998e-01    1.712947261356513e-23
  endloop
endfacet
facet normal   -8.658364417884543e-01   -3.734862223664813e-01   -3.329193562614279e-01
  outer loop
    vertex   -3.571460023522378e-02    4.719328880310059e-01    7.571189780719578e-05
    vertex   -3.414306044578554e-02    4.683571457862855e-01   -2.964842157571536e-21
    vertex   -3.411801904439928e-02    4.682385921478272e-01    6.787347228964791e-05
  endloop
endfacet
facet normal    9.082243722307866e-01   -4.156663579746915e-01    4.847647402657766e-02
  outer loop
    vertex    3.100560978055000e-02    4.716446995735169e-01    1.893365988507867e-03
    vertex    3.114515915513039e-02    4.717288017272950e-01   -1.334529325704879e-21
    vertex    3.161936998367310e-02    4.727711975574494e-01    5.361458897823468e-05
  endloop
endfacet
facet normal    4.037158559488560e-01   -9.047383511168767e-01    1.358750296183877e-01
  outer loop
    vertex   -3.171896934509279e-02    4.668335914611817e-01    9.771040640771389e-05
    vertex   -2.577663026750089e-02    4.694705307483674e-01    6.016039837135300e-24
    vertex   -2.535733953118326e-02    4.696871936321259e-01    1.968639990082011e-04
  endloop
endfacet
facet normal   -2.642593470189726e-01   -9.636336392269550e-01   -3.971406379761710e-02
  outer loop
    vertex    6.122902967035770e-03    4.648016095161439e-01    4.508554004132748e-03
    vertex    1.266242563724518e-02    4.631940722465516e-01   -3.706795750915648e-23
    vertex    7.365154102444648e-03    4.644488096237183e-01    4.802993033081293e-03
  endloop
endfacet
facet normal   -2.312421923852850e-01   -9.728960051847134e-01   -6.415266735766986e-04
  outer loop
    vertex    1.458467449992895e-02    4.627345502376557e-01    1.351330466684840e-20
    vertex    1.530450023710728e-02    4.625633955001832e-01    9.614371083443984e-05
    vertex    1.396777480840683e-02    4.628811776638032e-01   -3.853104391701682e-23
  endloop
endfacet
facet normal   -2.312643065219902e-01   -9.728909085303885e-01   -3.172188802159955e-04
  outer loop
    vertex    1.273397449404001e-02    4.631744623184205e-01   -3.714815226638013e-23
    vertex    1.396777480840683e-02    4.628811776638032e-01   -3.853104391701682e-23
    vertex    1.530450023710728e-02    4.625633955001832e-01    9.614371083443984e-05
  endloop
endfacet
facet normal   -2.312622358207518e-01   -9.728913799722285e-01   -3.755781140729194e-04
  outer loop
    vertex    7.365154102444648e-03    4.644488096237183e-01    4.802993033081293e-03
    vertex    1.273397449404001e-02    4.631744623184205e-01   -3.714815226638013e-23
    vertex    1.530450023710728e-02    4.625633955001832e-01    9.614371083443984e-05
  endloop
endfacet
facet normal   -1.091959543290777e-01    9.940159613215399e-01    2.917566824789981e-03
  outer loop
    vertex   -4.818155430257321e-03    4.839836955070496e-01    1.084027422100241e-19
    vertex   -4.545491188764573e-03    4.840132892131806e-01    1.224362058565021e-04
    vertex   -4.654023796319962e-03    4.840017259120942e-01   -1.765900368147007e-23
  endloop
endfacet
facet normal   -1.092555864001651e-01    9.940092502772729e-01    2.971061017530488e-03
  outer loop
    vertex   -4.592474550008775e-03    4.840084910392762e-01   -1.772799048415675e-23
    vertex   -4.654023796319962e-03    4.840017259120942e-01   -1.765900368147007e-23
    vertex   -4.545491188764573e-03    4.840132892131806e-01    1.224362058565021e-04
  endloop
endfacet
facet normal    9.927292322083217e-01   -1.054333588001347e-01    5.807304341257035e-02
  outer loop
    vertex    2.770011313259602e-02    4.634088575839997e-01    1.083662944627182e-19
    vertex    2.776376157999039e-02    4.640081524848939e-01   -1.084742113740522e-19
    vertex    2.753677032887936e-02    4.633978903293610e-01    2.772351028397679e-03
  endloop
endfacet
facet normal    8.912450828324932e-01   -4.512190861093943e-01    4.564579561696398e-02
  outer loop
    vertex    3.064913116395473e-02    4.707490503787995e-01    1.349529899547810e-20
    vertex    3.114515915513039e-02    4.717288017272950e-01   -1.334529325704879e-21
    vertex    3.100560978055000e-02    4.716446995735169e-01    1.893365988507867e-03
  endloop
endfacet
facet normal    5.289518178180562e-01   -8.285391272205402e-01   -1.836651548105939e-01
  outer loop
    vertex   -3.298067487776280e-03    4.765553772449494e-01   -2.712423312468380e-20
    vertex   -3.191347932443024e-03    4.764873087406159e-01    6.144166109152138e-04
    vertex   -3.345262724906207e-03    4.765252470970154e-01   -1.912591427842891e-23
  endloop
endfacet
facet normal    5.291634709639190e-01   -8.283992513780400e-01   -1.836864211468027e-01
  outer loop
    vertex   -3.191347932443024e-03    4.764873087406159e-01    6.144166109152138e-04
    vertex   -3.298067487776280e-03    4.765553772449494e-01   -2.712423312468380e-20
    vertex   -2.215978922322393e-03    4.769766032695771e-01    1.217609969899058e-03
  endloop
endfacet
facet normal   -8.867771983771237e-01    4.554967998053146e-01   -7.841470401357528e-02
  outer loop
    vertex    9.308622218668459e-03    4.774884283542634e-01   -6.809572461496967e-21
    vertex    9.677506051957606e-03    4.783805906772614e-01    1.010771025903523e-03
    vertex    9.327190928161143e-03    4.775245785713196e-01   -3.332969599846377e-23
  endloop
endfacet
facet normal   -8.868737763462989e-01    4.553387854288088e-01   -7.823998538772892e-02
  outer loop
    vertex    9.677506051957606e-03    4.783805906772614e-01    1.010771025903523e-03
    vertex    9.308622218668459e-03    4.774884283542634e-01   -6.809572461496967e-21
    vertex    9.021852165460585e-03    4.780822098255158e-01    6.706296931952238e-03
  endloop
endfacet
facet normal   -8.290384313215647e-01    5.527863684909767e-01   -8.439496550409453e-02
  outer loop
    vertex    9.021852165460585e-03    4.780822098255158e-01    6.706296931952238e-03
    vertex    9.308622218668459e-03    4.774884283542634e-01   -6.809572461496967e-21
    vertex    7.282091770321130e-03    4.752523899078370e-01    5.261214915663004e-03
  endloop
endfacet
facet normal   -4.544666817383446e-01   -8.888000426403438e-01   -5.911446009447397e-02
  outer loop
    vertex    6.219336763024329e-03    4.650502502918244e-01    3.358285497530162e-21
    vertex    6.878824438899755e-03    4.647130370140076e-01   -2.304235471242387e-19
    vertex    5.407248158007859e-03    4.654611945152283e-01    6.461989687522873e-05
  endloop
endfacet
facet normal   -4.544636137164006e-01   -8.888267199963527e-01   -5.873572701819065e-02
  outer loop
    vertex    5.407248158007859e-03    4.654611945152283e-01    6.461989687522873e-05
    vertex    6.878824438899755e-03    4.647130370140076e-01   -2.304235471242387e-19
    vertex    6.122902967035770e-03    4.648016095161439e-01    4.508554004132748e-03
  endloop
endfacet
facet normal    3.399155105972501e-01    9.404530364276298e-01   -2.352005412883956e-03
  outer loop
    vertex    1.834299042820930e-02    4.798657894134522e-01    2.086265012621880e-03
    vertex    1.893402077257633e-02    4.796469509601594e-01    2.167963370904544e-19
    vertex    1.823183521628380e-02    4.799007475376130e-01   -1.084635276181605e-19
  endloop
endfacet
facet normal    4.412779108852012e-01   -8.961646378414191e-01    4.650534643834828e-02
  outer loop
    vertex   -2.016623131930829e-02    4.722331166267396e-01    1.084199449338027e-19
    vertex   -2.535733953118326e-02    4.696871936321259e-01    1.968639990082011e-04
    vertex   -2.465455047786237e-02    4.700230360031128e-01    4.758368920153982e-24
  endloop
endfacet
facet normal    4.412691987072458e-01   -8.961711140421185e-01    4.646319649759060e-02
  outer loop
    vertex   -2.577663026750089e-02    4.694705307483674e-01    6.016039837135300e-24
    vertex   -2.465455047786237e-02    4.700230360031128e-01    4.758368920153982e-24
    vertex   -2.535733953118326e-02    4.696871936321259e-01    1.968639990082011e-04
  endloop
endfacet
facet normal    5.902918219529202e-01   -8.042038383599636e-01   -6.936678818140309e-02
  outer loop
    vertex    2.606829069554806e-02    4.595347940921784e-01    1.230095949722454e-04
    vertex    2.704773657023907e-02    4.602643251419068e-01   -1.480840690444549e-21
    vertex    2.708262950181961e-02    4.602699875831605e-01    2.312815049663186e-04
  endloop
endfacet
facet normal   -9.518068174150492e-01   -3.066981441979498e-01   -1.751221536166562e-04
  outer loop
    vertex    3.756849560886621e-03    4.681920707225800e-01    3.252335655061362e-19
    vertex    4.051492549479007e-03    4.672776758670807e-01   -2.741648690097245e-23
    vertex    4.054666031152009e-03    4.672678112983704e-01    2.800002948788460e-05
  endloop
endfacet
facet normal   -7.312275192935949e-02    8.246125910522613e-01   -5.609519924453015e-01
  outer loop
    vertex   -4.691854119300843e-03    4.809522926807404e-01   -7.802845910191536e-03
    vertex   -1.270721014589073e-02    4.823055863380433e-01   -4.768632818013430e-03
    vertex   -6.701239850372091e-03    4.827840030193329e-01   -4.848255775868893e-03
  endloop
endfacet
facet normal    1.197397870795476e-01   -6.051877587051272e-01   -7.870261495678587e-01
  outer loop
    vertex    2.062058076262474e-02    4.726197123527527e-01   -1.905792020261288e-02
    vertex    2.588164992630482e-02    4.733549952507020e-01   -1.882288977503777e-02
    vertex    2.393694035708904e-02    4.713591933250428e-01   -1.758407987654209e-02
  endloop
endfacet
facet normal    8.643929016201383e-01   -3.084865223139514e-01   -3.970654570462681e-01
  outer loop
    vertex    2.811194024980068e-02    4.695667922496796e-01   -1.097260974347591e-02
    vertex    2.889171987771988e-02    4.694359898567200e-01   -9.173443540930748e-03
    vertex    2.611421048641205e-02    4.644024968147278e-01   -1.130934990942478e-02
  endloop
endfacet
facet normal   -9.825789914500960e-01    1.457673025937233e-01    1.152840798005607e-01
  outer loop
    vertex    3.525231033563613e-03    4.695560932159424e-01   -8.764133788645267e-03
    vertex    3.297120099887251e-03    4.688982963562012e-01   -9.876618161797523e-03
    vertex    3.797587007284164e-03    4.685094952583314e-01   -5.119476001709700e-03
  endloop
endfacet
facet normal    7.045402516126561e-01    4.324706952572623e-01   -5.626652038301956e-01
  outer loop
    vertex   -7.814820855855957e-03    4.880206882953644e-01   -2.448640950024128e-02
    vertex   -5.139989778399482e-03    4.864203929901124e-01   -2.236712910234928e-02
    vertex   -6.908258888870492e-03    4.870730042457581e-01   -2.407965995371342e-02
  endloop
endfacet
facet normal    9.590879446018532e-01    2.720409675911390e-01   -7.838384062719519e-02
  outer loop
    vertex    2.745486982166767e-02    4.619312882423401e-01   -8.864494971930981e-03
    vertex    2.720684930682182e-02    4.624811112880707e-01   -9.990991093218327e-03
    vertex    2.753677032887936e-02    4.633978903293610e-01   -2.772351028397679e-03
  endloop
endfacet
facet normal    9.604917006835153e-01   -2.697225944131727e-01   -6.859602744412990e-02
  outer loop
    vertex    3.176881000399590e-02    4.739770889282227e-01   -4.879250191152096e-03
    vertex    3.088760003447533e-02    4.720560908317566e-01   -9.664633311331272e-03
    vertex    3.154008835554123e-02    4.743439853191376e-01   -9.524497203528881e-03
  endloop
endfacet
facet normal   -2.338691452382362e-01   -9.203825682696536e-01   -3.133706286984997e-01
  outer loop
    vertex    9.776361286640166e-03    4.650279879570008e-01   -1.974290981888771e-02
    vertex    1.786538958549500e-02    4.630073904991150e-01   -1.984518952667713e-02
    vertex    1.786741055548191e-02    4.626325070858002e-01   -1.874564960598946e-02
  endloop
endfacet
facet normal   -6.751376411632948e-01    8.418627527080595e-02   -7.328723193984682e-01
  outer loop
    vertex    8.390101604163645e-03    4.685463905334473e-01   -1.974149048328400e-02
    vertex    3.988032229244708e-03    4.663549959659577e-01   -1.593793928623199e-02
    vertex    5.081852898001670e-03    4.673992991447449e-01   -1.682562939822674e-02
  endloop
endfacet
facet normal    7.661649205807926e-01    4.434939681254770e-01   -4.650853843196389e-01
  outer loop
    vertex    4.572960082441568e-03    4.889603853225709e-01   -1.670386083424091e-02
    vertex    5.219785030931233e-03    4.859057068824769e-01   -1.855117082595825e-02
    vertex    2.596531994640826e-03    4.890963137149811e-01   -1.983013935387135e-02
  endloop
endfacet
facet normal    6.441377240382363e-01   -7.079708639405043e-01    2.895925556401213e-01
  outer loop
    vertex   -6.388168781995788e-03    4.731465876102448e-01   -4.326872993260622e-03
    vertex   -6.896601989865318e-03    4.721755087375641e-01   -5.569980014115572e-03
    vertex   -3.274294082075358e-03    4.760415852069855e-01   -4.175592213869095e-03
  endloop
endfacet
facet normal    8.464057724548498e-01    4.693510088253719e-01   -2.516086224073311e-01
  outer loop
    vertex    5.767602939158677e-03    4.856514930725098e-01   -1.776783913373947e-02
    vertex    7.807727903127669e-03    4.815205931663514e-01   -1.861068978905678e-02
    vertex    7.673908025026321e-03    4.811640083789826e-01   -1.972603052854538e-02
  endloop
endfacet
facet normal   -9.765232098239093e-02    8.634770268485559e-01   -4.948448729769062e-01
  outer loop
    vertex   -1.053889002650978e-02    4.793458878993989e-01   -1.286377012729645e-02
    vertex   -8.503892458975331e-03    4.783957004547120e-01   -1.492337975651026e-02
    vertex   -1.225433032959701e-02    4.771175980567933e-01   -1.641348935663700e-02
  endloop
endfacet
facet normal   -9.750893073810573e-01    1.928067133241964e-01   -1.096650077657008e-01
  outer loop
    vertex    4.043636843562125e-03    4.722915887832642e-01   -1.054839976131916e-02
    vertex    3.427367890253662e-03    4.666228890419007e-01   -1.503521017730236e-02
    vertex    3.297120099887251e-03    4.688982963562012e-01   -9.876618161797523e-03
  endloop
endfacet
facet normal    9.784071192099872e-01   -2.066728637228338e-01    2.415880753888132e-03
  outer loop
    vertex    2.708262950181961e-02    4.602699875831605e-01   -2.312815049663186e-04
    vertex    2.745486982166767e-02    4.619312882423401e-01   -8.864494971930981e-03
    vertex    2.737456932663918e-02    4.616275131702424e-01   -2.330848015844822e-03
  endloop
endfacet
facet normal    6.432392088365094e-01   -2.776472557474209e-01   -7.135512046036414e-01
  outer loop
    vertex    2.471989020705223e-02    4.702559113502503e-01   -1.637903042137623e-02
    vertex    2.352719940245152e-02    4.659559130668641e-01   -1.578103937208652e-02
    vertex    2.275834046304226e-02    4.674127995967866e-01   -1.704102009534836e-02
  endloop
endfacet
facet normal   -4.248828619561502e-02   -1.851575926670627e-01   -9.817899018699966e-01
  outer loop
    vertex    1.017734035849571e-02    4.685240089893342e-01   -2.088956907391548e-02
    vertex    1.636563986539841e-02    4.637938141822815e-01   -2.026529982686043e-02
    vertex    1.053695008158684e-02    4.653781056404114e-01   -2.031183987855911e-02
  endloop
endfacet
facet normal   -1.153257583687526e-01   -7.133745189436841e-01   -6.912284464477279e-01
  outer loop
    vertex    6.243526004254817e-03    4.723159968852997e-01   -1.936504058539867e-02
    vertex    4.280104767531156e-03    4.739171862602234e-01   -2.068994939327240e-02
    vertex    6.729677785187959e-03    4.764893949031830e-01   -2.375325933098793e-02
  endloop
endfacet
facet normal    6.604293955815944e-01   -4.801518176865546e-03   -7.508727980656424e-01
  outer loop
    vertex    1.458268030546605e-03    4.886110126972199e-01   -2.172766998410225e-02
    vertex    1.539021031931042e-03    4.867354035377503e-01   -2.164465002715588e-02
    vertex   -7.043132092803731e-03    4.947415888309479e-01   -2.924427017569542e-02
  endloop
endfacet
facet normal    4.770624221171999e-01    8.788675341618646e-01   -1.817360700196283e-03
  outer loop
    vertex    3.970513935200862e-04    4.913563132286072e-01   -2.027159929275513e-02
    vertex   -7.815532386302964e-03    4.957948029041291e-01   -2.966468967497349e-02
    vertex   -9.166044183075444e-03    4.965268969535828e-01   -3.014050982892513e-02
  endloop
endfacet
facet normal   -1.755841778159287e-01   -5.907705948203166e-01   -7.875025719299930e-01
  outer loop
    vertex    4.778426955454043e-04    4.823291003704072e-01   -2.222757972776890e-02
    vertex   -3.432017052546144e-03    4.880777895450593e-01   -2.566839009523392e-02
    vertex    3.953399136662475e-04    4.831846058368683e-01   -2.285096980631351e-02
  endloop
endfacet
facet normal   -8.121142458186302e-01    4.315821724211787e-01   -3.926923480113323e-01
  outer loop
    vertex   -1.563082076609136e-02    4.762113094329835e-01   -9.039404802024364e-03
    vertex   -1.384073030203582e-02    4.787550866603852e-01   -9.945735335350037e-03
    vertex   -1.487927045673134e-02    4.766544997692109e-01   -1.010658033192158e-02
  endloop
endfacet
facet normal   -3.861402374990629e-02    9.980949652911942e-01    4.811857676834939e-02
  outer loop
    vertex   -4.089809954166413e-03    4.810118973255158e-01   -8.556063286960125e-03
    vertex   -9.188402444124237e-03    4.808281064033509e-01   -8.835298009216785e-03
    vertex   -4.691854119300843e-03    4.809522926807404e-01   -7.802845910191536e-03
  endloop
endfacet
facet normal   -3.465120654939610e-01    6.627746319653068e-01   -6.638216444877050e-01
  outer loop
    vertex   -1.728737913072111e-02    4.773947894573212e-01   -4.138002172112465e-03
    vertex   -2.483074925839902e-02    4.765574038028718e-01   -1.036460045725107e-03
    vertex   -2.419462986290456e-02    4.775095880031586e-01   -4.178292874712497e-04
  endloop
endfacet
facet normal   -6.266063526349053e-02    1.059495237798742e-01   -9.923952555303727e-01
  outer loop
    vertex   -2.891775965690614e-02    4.708186984062195e-01   -3.331026993691921e-03
    vertex   -2.651651017367841e-02    4.718826115131379e-01   -3.369058948010206e-03
    vertex   -2.727443911135198e-02    4.707122147083283e-01   -3.446155926212668e-03
  endloop
endfacet
facet normal    4.244244057131826e-01   -8.318903298325496e-01   -3.575225908472128e-01
  outer loop
    vertex   -1.800717972218992e-02    4.750554859638215e-01   -4.832575097680092e-03
    vertex   -1.881406083703042e-02    4.728091955184937e-01   -5.637336289510131e-04
    vertex   -1.933401077985765e-02    4.742217063903809e-01   -4.467636812478304e-03
  endloop
endfacet
facet normal   -7.381698153071911e-01   -1.869909416702523e-01    6.481818506427187e-01
  outer loop
    vertex   -4.599274136126042e-03    4.895718097686768e-01   -1.770688034594059e-02
    vertex   -1.318076997995378e-02    4.957129061222077e-01   -2.570814080536366e-02
    vertex   -1.217763032764198e-02    4.944750070571900e-01   -2.492284961044788e-02
  endloop
endfacet
facet normal   -1.185721866100575e-01   -8.264331851907311e-01   -5.504078732885392e-01
  outer loop
    vertex   -1.039237994700672e-02    4.706465899944306e-01   -1.294040959328413e-02
    vertex   -1.382074970752002e-02    4.732863903045655e-01   -1.616548933088779e-02
    vertex   -9.458573535084740e-03    4.706768095493317e-01   -1.318695023655891e-02
  endloop
endfacet
facet normal    2.852772392335227e-01   -3.565218304611781e-01   -8.896679611967099e-01
  outer loop
    vertex   -2.224822994321586e-03    4.744792878627778e-01   -1.259274035692215e-02
    vertex   -1.002721954137088e-02    4.716714918613434e-01   -1.396944001317024e-02
    vertex   -1.196327991783620e-02    4.757800102233887e-01   -1.623667962849140e-02
  endloop
endfacet
facet normal   -6.015507333936939e-01   -7.987320592842393e-01   -1.279893062202005e-02
  outer loop
    vertex    6.122902967035770e-03    4.648016095161439e-01   -4.508554004132748e-03
    vertex    5.101596936583518e-03    4.657100141048432e-01   -1.319712959229946e-02
    vertex    5.949479993432759e-03    4.650690853595734e-01   -1.304979994893074e-02
  endloop
endfacet
facet normal   -6.119513987505730e-01   -7.009249885042733e-01    3.663599951652768e-01
  outer loop
    vertex   -9.273155592381970e-03    4.734767079353333e-01   -5.847509019076824e-03
    vertex   -9.760730899870411e-03    4.705508053302765e-01   -1.225981023162603e-02
    vertex   -9.238423779606835e-03    4.709118008613587e-01   -1.069671008735895e-02
  endloop
endfacet
facet normal    6.945394608131412e-01    7.187459139599347e-01   -3.192567210395427e-02
  outer loop
    vertex    5.705507006496190e-03    4.879859983921052e-01   -1.400190033018589e-02
    vertex    5.707652773708104e-03    4.879237115383149e-01   -1.535748969763517e-02
    vertex    4.572960082441568e-03    4.889603853225709e-01   -1.670386083424091e-02
  endloop
endfacet
facet normal   -8.396459984832950e-01    1.079183313221641e-01    5.323046411554478e-01
  outer loop
    vertex    4.695307929068803e-03    4.745916128158570e-01   -9.332817047834396e-03
    vertex    4.146753810346126e-03    4.735251069068909e-01   -9.981873445212841e-03
    vertex    4.916511010378598e-03    4.739201068878174e-01   -8.847756311297417e-03
  endloop
endfacet
facet normal   -8.582369950602002e-01    1.795815824480690e-01    4.808115177026079e-01
  outer loop
    vertex   -1.481880992650987e-02    4.941135942935944e-01   -2.713483013212681e-02
    vertex   -1.454299967736007e-02    4.966050088405610e-01   -2.757305093109608e-02
    vertex   -1.517582032829525e-02    4.949049949645997e-01   -2.806767076253891e-02
  endloop
endfacet
facet normal    2.784795454969195e-01   -7.627363300403870e-01   -5.836800781047362e-01
  outer loop
    vertex   -3.347377933096149e-04    4.757345914840699e-01   -1.146611012518406e-02
    vertex   -9.313407645095222e-05    4.750792980194092e-01   -1.049451995640993e-02
    vertex   -1.543382997624577e-03    4.754034876823426e-01   -1.161008980125189e-02
  endloop
endfacet
facet normal    2.351182670858666e-01    5.884897988776658e-01    7.735626394154927e-01
  outer loop
    vertex    5.043468903750180e-03    4.870148897171021e-01   -1.020933967083693e-02
    vertex    8.786449208855627e-03    4.832001924514771e-01   -8.444948121905327e-03
    vertex    1.006225030869245e-02    4.824770092964173e-01   -8.282554335892200e-03
  endloop
endfacet
facet normal    4.815220661013675e-02   -2.818132728305687e-01    9.582602174018798e-01
  outer loop
    vertex    8.922997862100599e-03    4.826925098896027e-01   -8.601113222539425e-03
    vertex    8.786449208855627e-03    4.832001924514771e-01   -8.444948121905327e-03
    vertex    3.390372032299637e-03    4.838519096374512e-01   -7.982134819030762e-03
  endloop
endfacet
facet normal   -2.762201394189501e-01   -8.760943937098292e-01    3.951721749941188e-01
  outer loop
    vertex    8.835907094180582e-03    4.819555878639222e-01   -1.029574032872915e-02
    vertex    1.006225030869245e-02    4.824770092964173e-01   -8.282554335892200e-03
    vertex    8.922997862100599e-03    4.826925098896027e-01   -8.601113222539425e-03
  endloop
endfacet
facet normal    3.014506454342319e-01    9.532650085683682e-01   -2.033056335751054e-02
  outer loop
    vertex    1.936049014329910e-02    4.794904887676240e-01   -3.641498042270541e-03
    vertex    2.228550054132938e-02    4.783129990100861e-01   -1.548148039728403e-02
    vertex    1.650764048099518e-02    4.801166951656342e-01   -1.658027991652489e-02
  endloop
endfacet
facet normal    6.253849468372261e-01    2.133692746919716e-01    7.505779245933242e-01
  outer loop
    vertex    2.001489978283643e-03    4.802418947219849e-01   -4.747341852635145e-03
    vertex    6.824456155300140e-03    4.819042086601258e-01   -9.238410741090775e-03
    vertex    7.461517816409461e-04    4.808053970336915e-01   -3.861577017232776e-03
  endloop
endfacet
facet normal    6.502994591885602e-01   -1.852979334264555e-01    7.367328479489366e-01
  outer loop
    vertex    6.587814074009656e-03    4.791417121887208e-01   -9.072309359908104e-03
    vertex    8.088858798146246e-03    4.813533127307892e-01   -9.841005317866802e-03
    vertex    2.001489978283643e-03    4.802418947219849e-01   -4.747341852635145e-03
  endloop
endfacet
facet normal   -9.929711112155344e-01   -1.183318493100279e-01   -2.438386814168665e-03
  outer loop
    vertex    4.057732876390218e-03    4.742867052555085e-01   -1.068976987153292e-02
    vertex    4.146753810346126e-03    4.735251069068909e-01   -9.981873445212841e-03
    vertex    3.922947216778993e-03    4.753740131855012e-01   -8.567420765757561e-03
  endloop
endfacet
facet normal   -9.361078929113877e-01   -3.285779674774609e-01   -1.254533065223170e-01
  outer loop
    vertex    4.203164018690585e-03    4.752630889415742e-01   -1.433221995830536e-02
    vertex    4.057732876390218e-03    4.742867052555085e-01   -1.068976987153292e-02
    vertex    2.162706106901168e-03    4.782113134860993e-01   -6.828494835644960e-03
  endloop
endfacet
facet normal    1.609661939869572e-01    2.698701494199479e-01   -9.493471371660676e-01
  outer loop
    vertex    7.673908025026321e-03    4.811640083789826e-01   -1.972603052854538e-02
    vertex    1.202245987951755e-02    4.789217114448548e-01   -1.962612941861153e-02
    vertex    1.013807021081447e-02    4.773213863372803e-01   -2.040055952966213e-02
  endloop
endfacet
facet normal   -7.991914899168662e-01    1.464383513207412e-01   -5.829654978700907e-01
  outer loop
    vertex    1.353078987449407e-03    4.814969897270203e-01   -2.569006010890007e-02
    vertex   -1.562747056595990e-04    4.808839857578278e-01   -2.377486042678356e-02
    vertex    7.710570935159913e-04    4.851283133029938e-01   -2.397998981177807e-02
  endloop
endfacet
facet normal    6.180133519247070e-01   -3.097095054925727e-01   -7.225922218307739e-01
  outer loop
    vertex    2.701815962791443e-02    4.757938981056214e-01   -1.889619976282120e-02
    vertex    2.713022939860821e-02    4.729819893836976e-01   -1.759514026343822e-02
    vertex    2.588164992630482e-02    4.733549952507020e-01   -1.882288977503777e-02
  endloop
endfacet
facet normal    5.858405739039548e-01    2.975694878462893e-01   -7.538190909434318e-01
  outer loop
    vertex    1.913945935666561e-02    4.684630036354065e-01   -1.879527978599072e-02
    vertex    2.228882908821106e-02    4.662821888923646e-01   -1.720857992768288e-02
    vertex    2.365230023860931e-02    4.638633131980897e-01   -1.710378937423229e-02
  endloop
endfacet
facet normal    1.166610832322857e-01   -2.298864189068041e-01   -9.661999927868324e-01
  outer loop
    vertex   -3.151452913880350e-02    4.671008884906769e-01   -2.759994007647038e-03
    vertex   -3.477079048752786e-02    4.697228074073792e-01   -3.776991041377187e-03
    vertex   -2.891775965690614e-02    4.708186984062195e-01   -3.331026993691921e-03
  endloop
endfacet
facet normal    9.503736763806678e-01   -3.077500097238617e-01    4.560489839542355e-02
  outer loop
    vertex    3.161936998367310e-02    4.727711975574494e-01   -5.361458897823468e-05
    vertex    3.171021491289139e-02    4.730596840381623e-01   -5.841746476001835e-23
    vertex    3.161595761775970e-02    4.727686047554017e-01   -5.831181749680439e-23
  endloop
endfacet
facet normal   -4.633094665883955e-01   -2.398916905902523e-01   -8.531097906807348e-01
  outer loop
    vertex    5.081852898001670e-03    4.673992991447449e-01   -1.682562939822674e-02
    vertex    3.988032229244708e-03    4.663549959659577e-01   -1.593793928623199e-02
    vertex    6.612369790673255e-03    4.716976881027222e-01   -1.886552013456821e-02
  endloop
endfacet
facet normal   -8.986422362688087e-01    3.802818696166325e-01   -2.186957494664062e-01
  outer loop
    vertex   -3.125502960756422e-03    4.830608963966370e-01   -8.955567143857479e-03
    vertex   -4.089809954166413e-03    4.810118973255158e-01   -8.556063286960125e-03
    vertex   -4.645578097552062e-03    4.839994907379151e-01   -1.077343011274934e-03
  endloop
endfacet
facet normal    4.332594851568538e-01   -8.275009640708832e-01   -3.571111493406176e-01
  outer loop
    vertex   -1.933401077985765e-02    4.742217063903809e-01   -4.467636812478304e-03
    vertex   -1.881406083703042e-02    4.728091955184937e-01   -5.637336289510131e-04
    vertex   -2.171329036355020e-02    4.716885089874268e-01   -1.484313979744911e-03
  endloop
endfacet
facet normal    2.703390797667860e-01    9.357105362042580e-01    2.266331272942840e-01
  outer loop
    vertex   -2.304464112967254e-03    4.924395978450776e-01   -2.144991979002953e-02
    vertex   -9.166044183075444e-03    4.965268969535828e-01   -3.014050982892513e-02
    vertex   -7.890230976045147e-03    4.954183101654053e-01   -2.708528935909271e-02
  endloop
endfacet
facet normal    4.129822298692900e-01   -4.124164187454780e-02   -9.098048168633096e-01
  outer loop
    vertex   -1.370764989405872e-02    4.930869042873383e-01   -2.655838988721371e-02
    vertex   -5.707683973014369e-03    4.871912002563477e-01   -2.265975996851921e-02
    vertex   -5.139989778399482e-03    4.864203929901124e-01   -2.236712910234928e-02
  endloop
endfacet
facet normal   -2.266042277767402e-01   -9.716715684689421e-01   -6.711845486014638e-02
  outer loop
    vertex    2.181590907275677e-02    4.612259864807129e-01   -1.459401007741690e-02
    vertex    2.541645988821983e-02    4.599170088768006e-01   -7.800106890499592e-03
    vertex    2.299108915030956e-02    4.605953097343445e-01   -9.431348182260990e-03
  endloop
endfacet
facet normal   -1.969810002461521e-01   -9.767479351788030e-01   -8.462834434142230e-02
  outer loop
    vertex    7.435970939695834e-03    4.645704925060273e-01   -1.075518969446421e-02
    vertex    5.949479993432759e-03    4.650690853595734e-01   -1.304979994893074e-02
    vertex    9.493564255535601e-03    4.645941853523255e-01   -1.581789925694466e-02
  endloop
endfacet
facet normal    5.852832500919614e-01    5.910122221914337e-01   -5.551108631454927e-01
  outer loop
    vertex    2.751062065362930e-02    4.760222136974335e-01   -1.813388988375664e-02
    vertex    2.701815962791443e-02    4.757938981056214e-01   -1.889619976282120e-02
    vertex    2.260516025125980e-02    4.778051078319550e-01   -2.140777930617332e-02
  endloop
endfacet
facet normal    3.679896570205714e-01   -7.169730706635704e-01   -5.920584669347555e-01
  outer loop
    vertex    2.713022939860821e-02    4.729819893836976e-01   -1.759514026343822e-02
    vertex    2.500401064753532e-02    4.713321030139924e-01   -1.691869087517262e-02
    vertex    2.588164992630482e-02    4.733549952507020e-01   -1.882288977503777e-02
  endloop
endfacet
facet normal    7.586767078072845e-02   -8.911390851299937e-02   -9.931277902867504e-01
  outer loop
    vertex    1.290708966553211e-02    4.750249981880189e-01   -1.992739923298359e-02
    vertex    1.709914952516556e-02    4.693624079227448e-01   -1.909904927015305e-02
    vertex    1.050969026982784e-02    4.709199070930482e-01   -1.974219083786011e-02
  endloop
endfacet
facet normal    1.532519469921404e-01   -2.019835350843738e-01   -9.673243986884327e-01
  outer loop
    vertex    1.831387914717197e-02    4.659867882728577e-01   -2.041454985737801e-02
    vertex    1.636563986539841e-02    4.637938141822815e-01   -2.026529982686043e-02
    vertex    1.686554960906506e-02    4.664956033229828e-01   -2.075025066733360e-02
  endloop
endfacet
facet normal    3.393328320620256e-01   -1.740544729826036e-01   -9.244232090982535e-01
  outer loop
    vertex    1.013807021081447e-02    4.773213863372803e-01   -2.040055952966213e-02
    vertex    8.888859301805494e-03    4.765389859676362e-01   -2.071180008351803e-02
    vertex    9.099539369344710e-03    4.777741134166718e-01   -2.086701989173889e-02
  endloop
endfacet
facet normal    3.575846662805114e-02    4.595943146276449e-01   -8.874088111047557e-01
  outer loop
    vertex    6.882837042212485e-03    4.776177108287812e-01   -2.435846067965031e-02
    vertex    4.209720063954591e-03    4.795989096164704e-01   -2.344010025262833e-02
    vertex    4.795830231159925e-03    4.804277122020722e-01   -2.298724092543125e-02
  endloop
endfacet
facet normal    3.141754355732366e-01    4.452207837023845e-01   -8.384940366167201e-01
  outer loop
    vertex    1.353078987449407e-03    4.814969897270203e-01   -2.569006010890007e-02
    vertex    7.710570935159913e-04    4.851283133029938e-01   -2.397998981177807e-02
    vertex    1.766199013218283e-03    4.825111925601960e-01   -2.499675005674362e-02
  endloop
endfacet
facet normal   -4.854329036221847e-01    7.690849614056613e-01   -4.157682265644973e-01
  outer loop
    vertex   -1.521847024559976e-02    4.801405966281891e-01   -3.930075094103813e-03
    vertex   -1.623689942061902e-02    4.796491861343384e-01   -3.650008933618665e-03
    vertex   -1.573367044329645e-02    4.815233945846558e-01   -7.706604083068669e-04
  endloop
endfacet
facet normal   -6.722566555052594e-01   -7.403163956519894e-01    1.619709149877891e-03
  outer loop
    vertex    6.122902967035770e-03    4.648016095161439e-01   -4.508554004132748e-03
    vertex    5.407248158007859e-03    4.654611945152283e-01   -6.461989687522873e-05
    vertex    5.101596936583518e-03    4.657100141048432e-01   -1.319712959229946e-02
  endloop
endfacet
facet normal   -4.522554600998502e-01    2.347971814710551e-01    8.604273835618675e-01
  outer loop
    vertex    3.396044950932263e-03    4.836524128913880e-01   -2.131015993654728e-02
    vertex    2.519516972824930e-03    4.833028912544251e-01   -2.167549915611744e-02
    vertex   -6.212911830516616e-05    4.786224961280823e-01   -2.175525017082691e-02
  endloop
endfacet
facet normal    8.773415713395410e-02    9.876263916581649e-01    1.299878000901157e-01
  outer loop
    vertex   -1.294174045324327e-02    4.964402914047242e-01   -2.693412080407143e-02
    vertex   -9.166044183075444e-03    4.965268969535828e-01   -3.014050982892513e-02
    vertex   -1.133660040795805e-02    4.968551099300385e-01   -3.116922080516815e-02
  endloop
endfacet
facet normal    1.829057220113491e-01    9.210183738371887e-01    3.439050041941925e-01
  outer loop
    vertex   -1.817423035390684e-04    4.910875856876374e-01   -1.895803958177567e-02
    vertex   -2.304464112967254e-03    4.924395978450776e-01   -2.144991979002953e-02
    vertex   -8.816351182758824e-03    4.948202073574067e-01   -2.436213009059429e-02
  endloop
endfacet
facet normal   -6.763337428203828e-01    2.980677552632381e-01   -6.735935581601910e-01
  outer loop
    vertex   -4.177692811936141e-03    4.830799996852875e-01   -1.305838953703642e-02
    vertex   -3.261806908994914e-03    4.841060042381287e-01   -1.352399028837681e-02
    vertex   -1.304734032601119e-03    4.812645912170411e-01   -1.674636080861092e-02
  endloop
endfacet
facet normal   -7.194083534005896e-01   -6.254191842056077e-01   -3.021629776876121e-01
  outer loop
    vertex   -1.304734032601119e-03    4.812645912170411e-01   -1.674636080861092e-02
    vertex   -2.063503023236991e-03    4.825615882873536e-01   -1.762437075376511e-02
    vertex   -1.048902980983258e-03    4.815992116928101e-01   -1.804805919528008e-02
  endloop
endfacet
facet normal    4.522549317574158e-01    5.765091430309988e-02    8.900235102406632e-01
  outer loop
    vertex    3.977381158620118e-03    4.833030104637147e-01   -8.244861848652363e-03
    vertex    3.390372032299637e-03    4.838519096374512e-01   -7.982134819030762e-03
    vertex    2.082468010485171e-03    4.832704961299897e-01   -7.279878016561270e-03
  endloop
endfacet
facet normal    3.726852660988531e-01    9.270006582936561e-01   -4.213634958032438e-02
  outer loop
    vertex    2.600630000233650e-02    4.768880903720856e-01   -1.590435020625591e-02
    vertex    2.723711915314198e-02    4.763303995132447e-01   -1.728728041052818e-02
    vertex    2.259662933647633e-02    4.780597090721131e-01   -2.028637938201427e-02
  endloop
endfacet
facet normal    6.044045996985715e-01   -3.303430589829552e-01    7.249610632613267e-01
  outer loop
    vertex    2.001489978283643e-03    4.802418947219849e-01   -4.747341852635145e-03
    vertex    3.922947216778993e-03    4.753740131855012e-01   -8.567420765757561e-03
    vertex    6.587814074009656e-03    4.791417121887208e-01   -9.072309359908104e-03
  endloop
endfacet
facet normal    5.832104653747913e-01   -1.164050762260718e-01    8.039374424083765e-01
  outer loop
    vertex    6.587814074009656e-03    4.791417121887208e-01   -9.072309359908104e-03
    vertex    8.835907094180582e-03    4.819555878639222e-01   -1.029574032872915e-02
    vertex    8.088858798146246e-03    4.813533127307892e-01   -9.841005317866802e-03
  endloop
endfacet
facet normal   -9.709382045534207e-01   -1.729740820125022e-01   -1.654054711625700e-01
  outer loop
    vertex    3.744401037693023e-03    4.760614931583405e-01   -1.386492978781462e-02
    vertex    2.162706106901168e-03    4.782113134860993e-01   -6.828494835644960e-03
    vertex    1.394381979480385e-03    4.802604019641877e-01   -4.461245145648718e-03
  endloop
endfacet
facet normal    8.531838443406680e-01    5.189008027898200e-01    5.309693607129727e-02
  outer loop
    vertex    3.187244012951851e-02    4.749118983745576e-01   -1.972975005628541e-04
    vertex    3.185894712805748e-02    4.749138951301575e-01    2.709919589517313e-19
    vertex    3.198957815766335e-02    4.746991097927094e-01   -5.873058601215605e-23
  endloop
endfacet
facet normal    1.980584841964131e-01   -8.247968689549193e-01   -5.296064216000225e-01
  outer loop
    vertex   -8.369016461074368e-03    4.753754138946534e-01   -1.349509459345325e-23
    vertex   -8.386564441025273e-03    4.754101932048798e-01   -6.072696851333603e-05
    vertex   -6.121772807091489e-03    4.759150445461274e-01   -1.601389317880697e-23
  endloop
endfacet
facet normal   -8.874901472989980e-01    4.526898042184230e-01    8.621588950935169e-02
  outer loop
    vertex    1.112759765237570e-02    4.814175963401795e-01   -3.534766227653586e-23
    vertex    1.089027989655733e-02    4.813148081302643e-01   -1.903199008665979e-03
    vertex    1.085445657372474e-02    4.808821082115174e-01   -3.504151507188995e-23
  endloop
endfacet
facet normal    7.394305810956214e-01   -4.647718922325240e-01   -4.870621150645890e-01
  outer loop
    vertex    2.277904003858566e-02    4.613335132598878e-01   -1.601549983024597e-02
    vertex    2.365230023860931e-02    4.638633131980897e-01   -1.710378937423229e-02
    vertex    2.677717059850693e-02    4.619511067867280e-01   -1.053509023040533e-02
  endloop
endfacet
facet normal   -8.379307588431634e-01   -9.911274619844174e-02   -5.367016926799503e-01
  outer loop
    vertex    8.710955269634722e-03    4.679472148418427e-01   -1.967464014887810e-02
    vertex    9.138879366219042e-03    4.654670059680939e-01   -1.988472044467926e-02
    vertex    6.414243020117282e-03    4.659031033515931e-01   -1.571138948202133e-02
  endloop
endfacet
facet normal   -7.003942395046846e-01    3.919536323874092e-01   -5.965067135640387e-01
  outer loop
    vertex   -1.136249955743553e-02    4.791010022163392e-01   -1.262827962636948e-02
    vertex   -1.487927045673134e-02    4.766544997692109e-01   -1.010658033192158e-02
    vertex   -1.384073030203582e-02    4.787550866603852e-01   -9.945735335350037e-03
  endloop
endfacet
facet normal    4.181684354165671e-01   -4.325480746139504e-01   -7.987723848312639e-01
  outer loop
    vertex   -1.048902980983258e-03    4.815992116928101e-01   -1.804805919528008e-02
    vertex   -6.908258888870492e-03    4.870730042457581e-01   -2.407965995371342e-02
    vertex   -2.536449115723372e-03    4.841732084751130e-01   -2.022067084908485e-02
  endloop
endfacet
facet normal    5.518621267352635e-01    7.796480682646917e-01    2.959680434208510e-01
  outer loop
    vertex    9.153127670288084e-03    4.840222895145417e-01   -9.989012032747269e-03
    vertex    5.705507006496190e-03    4.879859983921052e-01   -1.400190033018589e-02
    vertex    5.043468903750180e-03    4.870148897171021e-01   -1.020933967083693e-02
  endloop
endfacet
facet normal   -2.730946988154455e-01   -9.597600005591714e-01   -6.542191380233581e-02
  outer loop
    vertex    1.705219969153404e-02    4.626283943653107e-01   -1.528233010321856e-02
    vertex    1.786741055548191e-02    4.626325070858002e-01   -1.874564960598946e-02
    vertex    2.181590907275677e-02    4.612259864807129e-01   -1.459401007741690e-02
  endloop
endfacet
facet normal   -2.163689328687250e-01    9.498130635865165e-01   -2.259195191426472e-01
  outer loop
    vertex   -6.838204804807916e-03    4.834437072277070e-01   -1.943545998074114e-03
    vertex   -6.701239850372091e-03    4.827840030193329e-01   -4.848255775868893e-03
    vertex   -1.453366037458183e-02    4.819507896900178e-01   -8.499489049427211e-04
  endloop
endfacet
facet normal    4.070111805371502e-01   -9.024611500434073e-01    1.410878151368360e-01
  outer loop
    vertex   -3.171896934509279e-02    4.668335914611817e-01   -9.771040640771389e-05
    vertex   -2.989606931805612e-02    4.673244953155518e-01   -2.216384047642350e-03
    vertex   -2.535733953118326e-02    4.696871936321259e-01   -1.968639990082011e-04
  endloop
endfacet
facet normal   -1.065881582749405e-02   -9.180880329330880e-01   -3.962332058651932e-01
  outer loop
    vertex    1.912721991539001e-02    4.627867043018342e-01   -1.913681998848915e-02
    vertex    2.251327037811279e-02    4.612168967723847e-01   -1.559059973806143e-02
    vertex    1.786741055548191e-02    4.626325070858002e-01   -1.874564960598946e-02
  endloop
endfacet
facet normal   -7.571715800497955e-01    1.407057464900136e-02   -6.530644817274501e-01
  outer loop
    vertex    3.988032229244708e-03    4.663549959659577e-01   -1.593793928623199e-02
    vertex    5.789298098534345e-03    4.712558090686799e-01   -1.792076043784618e-02
    vertex    6.612369790673255e-03    4.716976881027222e-01   -1.886552013456821e-02
  endloop
endfacet
facet normal   -8.385651543353237e-01   -1.595671570680821e-01    5.209095932307108e-01
  outer loop
    vertex    1.622287963982663e-04    4.763788878917695e-01   -2.386816963553429e-02
    vertex    3.585790051147341e-03    4.763365089893342e-01   -1.836987026035786e-02
    vertex    2.259198954561717e-04    4.773252010345460e-01   -2.347576059401035e-02
  endloop
endfacet
facet normal   -3.736510192297403e-01    8.891375593830368e-01   -2.642334504239626e-01
  outer loop
    vertex   -1.041609980165960e-02    4.804722964763642e-01   -9.010126814246178e-03
    vertex   -1.384073030203582e-02    4.787550866603852e-01   -9.945735335350037e-03
    vertex   -1.504756044596435e-02    4.797677993774415e-01   -4.831416066735983e-03
  endloop
endfacet
facet normal   -7.668137003621694e-01   -4.888599405804281e-01    4.159479624094551e-01
  outer loop
    vertex   -2.138603944331408e-03    4.869526028633118e-01   -1.525659020990133e-02
    vertex   -1.217763032764198e-02    4.944750070571900e-01   -2.492284961044788e-02
    vertex   -5.386061966419235e-03    4.879465997219086e-01   -2.007514983415604e-02
  endloop
endfacet
facet normal    4.912141377432289e-01   -8.141461563054164e-01    3.096364110602831e-01
  outer loop
    vertex   -7.963309064507500e-03    4.720829129219056e-01   -4.624820780009031e-03
    vertex   -6.388168781995788e-03    4.731465876102448e-01   -4.326872993260622e-03
    vertex   -3.191347932443024e-03    4.764873087406159e-01   -6.144166109152138e-04
  endloop
endfacet
facet normal   -2.916856919768587e-01   -9.425435005343288e-01    1.628840283651984e-01
  outer loop
    vertex   -9.238423779606835e-03    4.709118008613587e-01   -1.069671008735895e-02
    vertex   -8.740525692701355e-03    4.705299139022828e-01   -1.201491989195347e-02
    vertex   -7.760806940495983e-03    4.710778892040253e-01   -7.089572027325630e-03
  endloop
endfacet
facet normal   -8.241245076570562e-02   -9.547785871602663e-01   -2.856677046133073e-01
  outer loop
    vertex    5.527745932340621e-03    4.769156873226166e-01   -2.379767037928104e-02
    vertex    6.317744031548499e-03    4.767636060714722e-01   -2.351728081703186e-02
    vertex    4.160241223871707e-03    4.755544066429139e-01   -1.885339058935642e-02
  endloop
endfacet
facet normal   -3.461282082679736e-01   -8.618774382495262e-01   -3.706245335614419e-01
  outer loop
    vertex   -5.707683973014369e-03    4.871912002563477e-01   -2.265975996851921e-02
    vertex   -1.306310016661884e-02    4.946432113647461e-01   -3.311995044350624e-02
    vertex   -5.483116023242488e-03    4.874660968780518e-01   -2.350874990224838e-02
  endloop
endfacet
facet normal   -3.339750000746280e-01    5.512386782265069e-01    7.645891831253211e-01
  outer loop
    vertex   -1.085466006770731e-03    4.877254068851472e-01   -1.505133043974638e-02
    vertex    6.662018131464711e-04    4.851224124431611e-01   -1.240953989326954e-02
    vertex    1.734665944240986e-03    4.851259887218476e-01   -1.194540970027447e-02
  endloop
endfacet
facet normal    6.491612331117494e-01   -2.964845177260745e-03   -7.606450572493769e-01
  outer loop
    vertex   -2.916407072916628e-03    4.891493022441865e-01   -2.570058032870293e-02
    vertex    3.953399136662475e-04    4.831846058368683e-01   -2.285096980631351e-02
    vertex   -7.043132092803731e-03    4.947415888309479e-01   -2.924427017569542e-02
  endloop
endfacet
facet normal    7.055658269988306e-02   -9.501247104380274e-01    3.037841392383238e-01
  outer loop
    vertex    3.744401037693023e-03    4.760614931583405e-01   -1.386492978781462e-02
    vertex    2.747049089521169e-03    4.766789078712464e-01   -1.170224044471979e-02
    vertex    3.747232956811785e-03    4.756254851818085e-01   -1.522925961762667e-02
  endloop
endfacet
facet normal    3.395312711731125e-01    9.404858212975328e-01   -1.431558010964497e-02
  outer loop
    vertex    2.221418917179108e-02    4.784752130508423e-01   -5.537795834243298e-03
    vertex    3.005209006369114e-02    4.757184982299805e-01   -7.485207752324641e-04
    vertex    2.857268974184990e-02    4.761362969875336e-01   -8.388369344174862e-03
  endloop
endfacet
facet normal    5.337146661490481e-01    4.256781826397914e-01    7.307165934628108e-01
  outer loop
    vertex    8.088858798146246e-03    4.813533127307892e-01   -9.841005317866802e-03
    vertex    6.824456155300140e-03    4.819042086601258e-01   -9.238410741090775e-03
    vertex    2.001489978283643e-03    4.802418947219849e-01   -4.747341852635145e-03
  endloop
endfacet
facet normal    6.809734357210350e-01    4.763680289587501e-01   -5.561912268529996e-01
  outer loop
    vertex   -4.376504570245744e-03    4.839146733283997e-01   -1.797005808480591e-23
    vertex   -4.545491188764573e-03    4.840132892131806e-01   -1.224362058565021e-04
    vertex   -4.437380470335484e-03    4.840016961097718e-01    2.574801141393124e-19
  endloop
endfacet
facet normal    3.422030443415519e-01    9.395514236826027e-01    1.184055316986271e-02
  outer loop
    vertex    2.992317266762257e-02    4.757560193538666e-01   -5.641447791466320e-23
    vertex    3.005209006369114e-02    4.757184982299805e-01   -7.485207752324641e-04
    vertex    2.785021439194679e-02    4.765110313892365e-01    5.415601759907658e-20
  endloop
endfacet
facet normal   -1.970595355941499e-02    9.857891640355818e-01    1.668274541685001e-01
  outer loop
    vertex   -1.453366037458183e-02    4.819507896900178e-01   -8.499489049427211e-04
    vertex   -6.701239850372091e-03    4.827840030193329e-01   -4.848255775868893e-03
    vertex   -1.281893998384477e-02    4.825030863285065e-01   -3.910942934453487e-03
  endloop
endfacet
facet normal   -2.389018906926576e-01    6.362804463602768e-01   -7.335346482634890e-01
  outer loop
    vertex    1.013807021081447e-02    4.773213863372803e-01   -2.040055952966213e-02
    vertex    1.202245987951755e-02    4.789217114448548e-01   -1.962612941861153e-02
    vertex    1.562926918268204e-02    4.776070117950440e-01   -2.194120921194553e-02
  endloop
endfacet
facet normal    6.696377135735611e-01   -9.969843738771518e-02   -7.359657289184199e-01
  outer loop
    vertex   -9.243687614798561e-03    4.948188066482545e-01   -3.034110926091671e-02
    vertex   -1.277158968150617e-02    4.948615133762360e-01   -3.355684876441956e-02
    vertex   -9.820974431931988e-03    4.964601099491120e-01   -3.108870983123779e-02
  endloop
endfacet
facet normal   -6.495052050851585e-01    4.372950075839329e-01   -6.220257751166380e-01
  outer loop
    vertex   -1.623689942061902e-02    4.796491861343384e-01   -3.650008933618665e-03
    vertex   -1.665233075618745e-02    4.774290919303895e-01   -4.776990041136742e-03
    vertex   -1.728737913072111e-02    4.773947894573212e-01   -4.138002172112465e-03
  endloop
endfacet
facet normal   -1.785049756992742e-01   -4.026175624439540e-02   -9.831149295147126e-01
  outer loop
    vertex   -2.727443911135198e-02    4.707122147083283e-01   -3.446155926212668e-03
    vertex   -2.185625955462457e-02    4.724926054477692e-01   -4.502851981669664e-03
    vertex   -2.893795073032381e-02    4.680689871311188e-01   -3.035861998796463e-03
  endloop
endfacet
facet normal   -4.919352225461549e-01   -8.347284921615760e-01   -2.474430867737609e-01
  outer loop
    vertex   -3.411801904439928e-02    4.682385921478272e-01   -6.787347228964791e-05
    vertex   -3.477079048752786e-02    4.697228074073792e-01   -3.776991041377187e-03
    vertex   -3.171896934509279e-02    4.668335914611817e-01   -9.771040640771389e-05
  endloop
endfacet
facet normal   -1.065619666445540e-01    9.134482346068533e-01    3.927554836771448e-01
  outer loop
    vertex    6.665558903478078e-04    4.842948913574219e-01   -1.129357982426882e-02
    vertex   -2.363493898883463e-03    4.845319986343384e-01   -1.266713999211788e-02
    vertex   -2.890638075768948e-03    4.843592047691346e-01   -1.240829005837440e-02
  endloop
endfacet
facet normal   -1.381477035604573e-01    8.604266134439691e-01    4.904908305751643e-01
  outer loop
    vertex    6.665558903478078e-04    4.842948913574219e-01   -1.129357982426882e-02
    vertex   -2.890638075768948e-03    4.843592047691346e-01   -1.240829005837440e-02
    vertex   -2.759428927674890e-03    4.832414090633393e-01   -1.041048020124435e-02
  endloop
endfacet
facet normal   -8.173031213125420e-01   -3.601329417936493e-01    4.497998133923892e-01
  outer loop
    vertex   -2.138603944331408e-03    4.869526028633118e-01   -1.525659020990133e-02
    vertex   -3.733352990821005e-03    4.865970909595490e-01   -1.843895018100739e-02
    vertex   -9.564642095938334e-04    4.853116869926453e-01   -1.442239992320538e-02
  endloop
endfacet
facet normal   -8.927742826999970e-01    4.191925308619725e-01    1.650203085048627e-01
  outer loop
    vertex    1.089027989655733e-02    4.813148081302643e-01   -1.903199008665979e-03
    vertex    1.014658994972706e-02    4.821738898754120e-01   -8.108907379209995e-03
    vertex    9.677506051957606e-03    4.783805906772614e-01   -1.010771025903523e-03
  endloop
endfacet
facet normal   -5.732732369327355e-01    6.984307805704526e-01    4.284299716037755e-01
  outer loop
    vertex   -2.759428927674890e-03    4.832414090633393e-01   -1.041048020124435e-02
    vertex   -2.890638075768948e-03    4.843592047691346e-01   -1.240829005837440e-02
    vertex   -4.089809954166413e-03    4.810118973255158e-01   -8.556063286960125e-03
  endloop
endfacet
facet normal    6.484045683948646e-01    4.742810551617573e-01    5.955073436988998e-01
  outer loop
    vertex    2.082468010485171e-03    4.832704961299897e-01   -7.279878016561270e-03
    vertex    4.322334134485564e-04    4.835940897464753e-01   -5.740778055042028e-03
    vertex    7.461517816409461e-04    4.808053970336915e-01   -3.861577017232776e-03
  endloop
endfacet
facet normal    3.563436960484044e-01    9.342688314999270e-01   -1.268545522727979e-02
  outer loop
    vertex    2.221418917179108e-02    4.784752130508423e-01   -5.537795834243298e-03
    vertex    2.600630000233650e-02    4.768880903720856e-01   -1.590435020625591e-02
    vertex    2.228550054132938e-02    4.783129990100861e-01   -1.548148039728403e-02
  endloop
endfacet
facet normal   -2.187299498496160e-01   -9.743983668286231e-01   -5.200991982781968e-02
  outer loop
    vertex    1.279131043702364e-02    4.633038043975831e-01   -5.511610768735409e-03
    vertex    9.493564255535601e-03    4.645941853523255e-01   -1.581789925694466e-02
    vertex    1.189456973224878e-02    4.640280902385712e-01   -1.530972030013800e-02
  endloop
endfacet
facet normal    9.709406361930921e-01   -2.352124879239077e-01    4.415163092796488e-02
  outer loop
    vertex    2.737456932663918e-02    4.616275131702424e-01   -2.330848015844822e-03
    vertex    2.770011313259602e-02    4.634088575839997e-01    1.083662944627182e-19
    vertex    2.750739827752113e-02    4.626133441925049e-01   -5.370678348463423e-23
  endloop
endfacet
facet normal    7.564529506506007e-01   -6.169443166444962e-01   -2.171604098634359e-01
  outer loop
    vertex    3.036368079483509e-02    4.720959067344666e-01   -1.160276029258966e-02
    vertex    3.088760003447533e-02    4.720560908317566e-01   -9.664633311331272e-03
    vertex    2.889171987771988e-02    4.694359898567200e-01   -9.173443540930748e-03
  endloop
endfacet
facet normal    7.895730710492609e-01    2.154352142079046e-01   -5.745972797995419e-01
  outer loop
    vertex    2.751062065362930e-02    4.760222136974335e-01   -1.813388988375664e-02
    vertex    2.805959060788155e-02    4.754621982574463e-01   -1.758950017392635e-02
    vertex    2.701815962791443e-02    4.757938981056214e-01   -1.889619976282120e-02
  endloop
endfacet
facet normal    7.173264439729187e-01   -1.989253949149194e-01   -6.677360706410210e-01
  outer loop
    vertex    2.275834046304226e-02    4.674127995967866e-01   -1.704102009534836e-02
    vertex    2.352719940245152e-02    4.659559130668641e-01   -1.578103937208652e-02
    vertex    2.228882908821106e-02    4.662821888923646e-01   -1.720857992768288e-02
  endloop
endfacet
facet normal    8.668273054408322e-01    3.024095475762280e-01   -3.964327030870780e-01
  outer loop
    vertex    2.611421048641205e-02    4.644024968147278e-01   -1.130934990942478e-02
    vertex    2.365230023860931e-02    4.638633131980897e-01   -1.710378937423229e-02
    vertex    2.352719940245152e-02    4.659559130668641e-01   -1.578103937208652e-02
  endloop
endfacet
facet normal   -4.966714076549889e-02   -2.429882178962927e-01   -9.687568844099969e-01
  outer loop
    vertex    2.253648079931736e-02    4.774070978164673e-01   -2.176341973245144e-02
    vertex    2.190895006060600e-02    4.744229912757874e-01   -2.098275907337666e-02
    vertex    1.725419983267784e-02    4.791229069232941e-01   -2.192297019064426e-02
  endloop
endfacet
facet normal    2.982308718017658e-01    9.312926181633331e-01   -2.091707590913294e-01
  outer loop
    vertex    2.260516025125980e-02    4.778051078319550e-01   -2.140777930617332e-02
    vertex    1.626373082399368e-02    4.799583852291108e-01   -2.086219005286694e-02
    vertex    2.259662933647633e-02    4.780597090721131e-01   -2.028637938201427e-02
  endloop
endfacet
facet normal    9.195369966580119e-02   -7.715293193721359e-02   -9.927698334514720e-01
  outer loop
    vertex    1.935875043272972e-02    4.723392128944398e-01   -1.912109926342964e-02
    vertex    1.709914952516556e-02    4.693624079227448e-01   -1.909904927015305e-02
    vertex    1.290708966553211e-02    4.750249981880189e-01   -1.992739923298359e-02
  endloop
endfacet
facet normal    3.479301677287148e-01    4.464714525752366e-01   -8.243833091588079e-01
  outer loop
    vertex    1.831387914717197e-02    4.659867882728577e-01   -2.041454985737801e-02
    vertex    1.686554960906506e-02    4.664956033229828e-01   -2.075025066733360e-02
    vertex    1.709914952516556e-02    4.693624079227448e-01   -1.909904927015305e-02
  endloop
endfacet
facet normal    1.068481838970506e-01   -9.198510310210775e-02   -9.900112152926333e-01
  outer loop
    vertex    1.913945935666561e-02    4.684630036354065e-01   -1.879527978599072e-02
    vertex    1.709914952516556e-02    4.693624079227448e-01   -1.909904927015305e-02
    vertex    1.860241033136845e-02    4.692207872867585e-01   -1.892364956438541e-02
  endloop
endfacet
facet normal   -1.863764974979163e-01   -7.057668497654148e-01   -6.834888111392986e-01
  outer loop
    vertex    1.636563986539841e-02    4.637938141822815e-01   -2.026529982686043e-02
    vertex    9.776361286640166e-03    4.650279879570008e-01   -1.974290981888771e-02
    vertex    1.053695008158684e-02    4.653781056404114e-01   -2.031183987855911e-02
  endloop
endfacet
facet normal   -2.565487206890151e-01   -9.470029140765492e-01   -1.933086512377388e-01
  outer loop
    vertex    1.786741055548191e-02    4.626325070858002e-01   -1.874564960598946e-02
    vertex    9.924067184329031e-03    4.647817015647889e-01   -1.873240061104298e-02
    vertex    9.776361286640166e-03    4.650279879570008e-01   -1.974290981888771e-02
  endloop
endfacet
facet normal   -4.440995507291592e-01   -5.984540657311855e-01   -6.668045592615373e-01
  outer loop
    vertex    5.789298098534345e-03    4.712558090686799e-01   -1.792076043784618e-02
    vertex    5.853618960827588e-03    4.718269109725953e-01   -1.847616024315357e-02
    vertex    6.612369790673255e-03    4.716976881027222e-01   -1.886552013456821e-02
  endloop
endfacet
facet normal   -2.072354544468805e-01   -3.629776925605624e-01   -9.084605996539448e-01
  outer loop
    vertex    2.126558916643261e-03    4.791741967201233e-01   -2.279520034790039e-02
    vertex    4.209720063954591e-03    4.795989096164704e-01   -2.344010025262833e-02
    vertex    5.208040820434682e-04    4.776161015033722e-01   -2.180635929107666e-02
  endloop
endfacet
facet normal    7.143620572466540e-02   -7.030725358403088e-01   -7.075209381062451e-01
  outer loop
    vertex    5.668370053172111e-03    4.773500859737397e-01   -2.421513944864273e-02
    vertex    6.882837042212485e-03    4.776177108287812e-01   -2.435846067965031e-02
    vertex    5.527745932340621e-03    4.769156873226166e-01   -2.379767037928104e-02
  endloop
endfacet
facet normal    5.931199205612546e-01    2.033477593522291e-02   -8.048572896613878e-01
  outer loop
    vertex    4.209720063954591e-03    4.795989096164704e-01   -2.344010025262833e-02
    vertex    3.925987053662538e-03    4.806374907493592e-01   -2.362295053899288e-02
    vertex    4.795830231159925e-03    4.804277122020722e-01   -2.298724092543125e-02
  endloop
endfacet
facet normal    2.809912380944740e-01   -7.104940577829210e-01   -6.451682865495592e-01
  outer loop
    vertex    2.126558916643261e-03    4.791741967201233e-01   -2.279520034790039e-02
    vertex    1.353078987449407e-03    4.814969897270203e-01   -2.569006010890007e-02
    vertex    3.925987053662538e-03    4.806374907493592e-01   -2.362295053899288e-02
  endloop
endfacet
facet normal   -7.151268936054344e-01   -6.325516326689065e-01   -2.974423608871852e-01
  outer loop
    vertex    1.483671949245028e-04    4.804497957229615e-01   -1.743884012103081e-02
    vertex    4.778426955454043e-04    4.823291003704072e-01   -2.222757972776890e-02
    vertex    3.851559013128280e-03    4.759784936904908e-01   -1.683342084288597e-02
  endloop
endfacet
facet normal    4.719915598581280e-01   -2.225470707881407e-01   -8.530514455214934e-01
  outer loop
    vertex   -9.243687614798561e-03    4.948188066482545e-01   -3.034110926091671e-02
    vertex   -9.820974431931988e-03    4.964601099491120e-01   -3.108870983123779e-02
    vertex   -8.428362198174015e-03    4.948183000087739e-01   -2.988985925912857e-02
  endloop
endfacet
facet normal    8.166156498877589e-02   -6.297537306887396e-01   -7.724905355324415e-01
  outer loop
    vertex   -4.873298108577729e-03    4.876205027103425e-01   -2.364622056484222e-02
    vertex   -8.428362198174015e-03    4.948183000087739e-01   -2.988985925912857e-02
    vertex   -3.729468910023571e-03    4.866024851799012e-01   -2.269539050757885e-02
  endloop
endfacet
facet normal    1.817843231951240e-01   -9.485988212850099e-01   -2.590651194143677e-01
  outer loop
    vertex   -5.483116023242488e-03    4.874660968780518e-01   -2.350874990224838e-02
    vertex   -4.873298108577729e-03    4.876205027103425e-01   -2.364622056484222e-02
    vertex   -5.707683973014369e-03    4.871912002563477e-01   -2.265975996851921e-02
  endloop
endfacet
facet normal    1.423045697117612e-01   -4.474671089201975e-01   -8.829057683998619e-01
  outer loop
    vertex   -3.432017052546144e-03    4.880777895450593e-01   -2.566839009523392e-02
    vertex   -8.428362198174015e-03    4.948183000087739e-01   -2.988985925912857e-02
    vertex   -7.812317926436677e-03    4.949209094047547e-01   -2.984257042407990e-02
  endloop
endfacet
facet normal   -5.771924408384559e-01   -7.043668870658566e-01   -4.131781391168953e-01
  outer loop
    vertex   -2.536449115723372e-03    4.841732084751130e-01   -2.022067084908485e-02
    vertex   -3.729468910023571e-03    4.866024851799012e-01   -2.269539050757885e-02
    vertex   -2.912939060479403e-03    4.860923886299134e-01   -2.296645939350128e-02
  endloop
endfacet
facet normal   -8.028543274866136e-02    9.690141607123882e-01   -2.335932482483730e-01
  outer loop
    vertex   -6.701239850372091e-03    4.827840030193329e-01   -4.848255775868893e-03
    vertex   -1.270721014589073e-02    4.823055863380433e-01   -4.768632818013430e-03
    vertex   -1.281893998384477e-02    4.825030863285065e-01   -3.910942934453487e-03
  endloop
endfacet
facet normal   -6.940949788915360e-01   -7.174665610834462e-01    5.893974893611197e-02
  outer loop
    vertex   -1.448393985629083e-02    4.733793139457703e-01   -1.536681968718767e-02
    vertex   -1.379239000380041e-02    4.727958142757416e-01   -1.432576030492783e-02
    vertex   -1.363538019359113e-02    4.731925129890442e-01   -7.647791877388954e-03
  endloop
endfacet
facet normal   -3.281582687644273e-01    5.771958848640606e-01   -7.477680530335112e-01
  outer loop
    vertex   -3.117582015693189e-02    4.737980067729951e-01   -3.818788973148912e-04
    vertex   -2.483074925839902e-02    4.765574038028718e-01   -1.036460045725107e-03
    vertex   -2.947686053812505e-02    4.736258089542389e-01   -1.260385964997113e-03
  endloop
endfacet
facet normal   -2.570780699055386e-01    6.516754241801446e-01   -7.136035366317013e-01
  outer loop
    vertex   -3.089543059468271e-02    4.725899994373322e-01   -1.695260987617075e-03
    vertex   -3.237809985876085e-02    4.735265076160431e-01   -3.058885049540550e-04
    vertex   -2.947686053812505e-02    4.736258089542389e-01   -1.260385964997113e-03
  endloop
endfacet
facet normal   -2.583160380223012e-01    2.291024898466076e-01   -9.385013977861441e-01
  outer loop
    vertex   -2.651651017367841e-02    4.718826115131379e-01   -3.369058948010206e-03
    vertex   -2.185625955462457e-02    4.724926054477692e-01   -4.502851981669664e-03
    vertex   -2.727443911135198e-02    4.707122147083283e-01   -3.446155926212668e-03
  endloop
endfacet
facet normal   -2.846993835229424e-01    3.523094887830181e-01   -8.915291835577257e-01
  outer loop
    vertex   -2.651651017367841e-02    4.718826115131379e-01   -3.369058948010206e-03
    vertex   -1.728737913072111e-02    4.773947894573212e-01   -4.138002172112465e-03
    vertex   -1.800717972218992e-02    4.750554859638215e-01   -4.832575097680092e-03
  endloop
endfacet
facet normal    4.783284234996151e-01   -8.198638587209011e-01   -3.146826535347116e-01
  outer loop
    vertex   -1.933401077985765e-02    4.742217063903809e-01   -4.467636812478304e-03
    vertex   -2.171329036355020e-02    4.716885089874268e-01   -1.484313979744911e-03
    vertex   -2.893795073032381e-02    4.680689871311188e-01   -3.035861998796463e-03
  endloop
endfacet
facet normal   -7.506276865063126e-01    1.817439696790480e-01    6.352379127031713e-01
  outer loop
    vertex   -1.454299967736007e-02    4.966050088405610e-01   -2.757305093109608e-02
    vertex   -1.385447010397913e-02    4.953227043151856e-01   -2.639257907867432e-02
    vertex   -1.318076997995378e-02    4.957129061222077e-01   -2.570814080536366e-02
  endloop
endfacet
facet normal   -7.878579541687188e-01   -4.281865732170166e-01    4.426467017495437e-01
  outer loop
    vertex   -5.386061966419235e-03    4.879465997219086e-01   -2.007514983415604e-02
    vertex   -3.733352990821005e-03    4.865970909595490e-01   -1.843895018100739e-02
    vertex   -2.138603944331408e-03    4.869526028633118e-01   -1.525659020990133e-02
  endloop
endfacet
facet normal   -8.880839242024752e-01   -3.793191303968808e-01    2.596612040488269e-01
  outer loop
    vertex   -7.963309064507500e-03    4.720829129219056e-01   -4.624820780009031e-03
    vertex   -8.121960796415821e-03    4.750421047210694e-01   -8.445794810540974e-04
    vertex   -9.238423779606835e-03    4.709118008613587e-01   -1.069671008735895e-02
  endloop
endfacet
facet normal    6.441109165432094e-01   -6.951749107374652e-01    3.191441221000696e-01
  outer loop
    vertex    1.222178980242453e-04    4.790096879005433e-01   -4.565321840345860e-03
    vertex   -1.747450005495929e-04    4.793612062931061e-01   -3.200283972546458e-03
    vertex   -3.274294082075358e-03    4.760415852069855e-01   -4.175592213869095e-03
  endloop
endfacet
facet normal   -7.965355030325362e-02   -9.650925901281517e-01    2.495027142213530e-01
  outer loop
    vertex   -9.760730899870411e-03    4.705508053302765e-01   -1.225981023162603e-02
    vertex   -8.740525692701355e-03    4.705299139022828e-01   -1.201491989195347e-02
    vertex   -9.238423779606835e-03    4.709118008613587e-01   -1.069671008735895e-02
  endloop
endfacet
facet normal   -5.520320323111390e-02   -9.100785504248123e-01    4.107427886277451e-01
  outer loop
    vertex   -1.086180005222561e-02    4.738466143608094e-01   -4.678873810917139e-03
    vertex   -8.807579055428521e-03    4.734489023685456e-01   -5.283995997160673e-03
    vertex   -9.126824326813237e-03    4.737535119056702e-01   -4.651981871575117e-03
  endloop
endfacet
facet normal   -2.714103847167121e-01   -9.054858721465872e-01   -3.262387751492161e-01
  outer loop
    vertex   -1.596697047352792e-02    4.753887057304383e-01   -4.711811896413565e-03
    vertex   -8.807579055428521e-03    4.734489023685456e-01   -5.283995997160673e-03
    vertex   -1.086180005222561e-02    4.738466143608094e-01   -4.678873810917139e-03
  endloop
endfacet
facet normal   -4.907322592006191e-02   -9.759007882601392e-01   -2.126251865867201e-01
  outer loop
    vertex   -1.086180005222561e-02    4.738466143608094e-01   -4.678873810917139e-03
    vertex   -9.126824326813237e-03    4.737535119056702e-01   -4.651981871575117e-03
    vertex   -1.746984012424947e-02    4.731804132461548e-01   -9.604873775970191e-05
  endloop
endfacet
facet normal   -7.449403757125207e-01    5.193109452950038e-01    4.187839284524872e-01
  outer loop
    vertex    7.495662197470664e-03    4.782752096652985e-01   -9.660439565777779e-03
    vertex    4.916511010378598e-03    4.739201068878174e-01   -8.847756311297417e-03
    vertex    9.021852165460585e-03    4.780822098255158e-01   -6.706296931952238e-03
  endloop
endfacet
facet normal   -6.115084125300899e-01    3.250079025801293e-01    7.214064905900103e-01
  outer loop
    vertex    7.710570935159913e-04    4.851283133029938e-01   -2.397998981177807e-02
    vertex   -6.212911830516616e-05    4.786224961280823e-01   -2.175525017082691e-02
    vertex    2.519516972824930e-03    4.833028912544251e-01   -2.167549915611744e-02
  endloop
endfacet
facet normal    7.929434797140895e-01    4.516762286478355e-01   -4.089366973669393e-01
  outer loop
    vertex    2.285686932736999e-04    4.780761897563935e-01   -2.186484076082706e-02
    vertex    5.208040820434682e-04    4.776161015033722e-01   -2.180635929107666e-02
    vertex    1.622287963982663e-04    4.763788878917695e-01   -2.386816963553429e-02
  endloop
endfacet
facet normal    3.877486506426515e-01    2.829387678166347e-01   -8.772665715683048e-01
  outer loop
    vertex    3.396044950932263e-03    4.836524128913880e-01   -2.131015993654728e-02
    vertex    1.161918975412845e-03    4.832181036472321e-01   -2.243771031498909e-02
    vertex    2.505145035684108e-03    4.858883917331696e-01   -2.098277956247330e-02
  endloop
endfacet
facet normal    1.401590905117018e-01    9.235554806984611e-01    3.569323513199205e-01
  outer loop
    vertex   -8.816351182758824e-03    4.948202073574067e-01   -2.436213009059429e-02
    vertex   -1.294174045324327e-02    4.964402914047242e-01   -2.693412080407143e-02
    vertex   -1.187772024422886e-02    4.955202937126160e-01   -2.497146092355251e-02
  endloop
endfacet
facet normal    5.425487401823137e-01    7.241402286887534e-01   -4.257485099459353e-01
  outer loop
    vertex   -7.815532386302964e-03    4.957948029041291e-01   -2.966468967497349e-02
    vertex   -9.820974431931988e-03    4.964601099491120e-01   -3.108870983123779e-02
    vertex   -9.166044183075444e-03    4.965268969535828e-01   -3.014050982892513e-02
  endloop
endfacet
facet normal   -3.670136280952688e-01    5.049839288394239e-01    7.812120252570663e-01
  outer loop
    vertex   -4.599274136126042e-03    4.895718097686768e-01   -1.770688034594059e-02
    vertex   -1.187772024422886e-02    4.955202937126160e-01   -2.497146092355251e-02
    vertex   -1.318076997995378e-02    4.957129061222077e-01   -2.570814080536366e-02
  endloop
endfacet
facet normal   -3.327883129324741e-01   -7.358519216885406e-01   -5.897235692448112e-01
  outer loop
    vertex   -1.378706004470588e-02    4.955599009990693e-01   -3.385524824261665e-02
    vertex   -1.277158968150617e-02    4.948615133762360e-01   -3.355684876441956e-02
    vertex   -1.306310016661884e-02    4.946432113647461e-01   -3.311995044350624e-02
  endloop
endfacet
facet normal   -5.727226675572015e-01   -7.597425250745140e-01   -3.078636738226266e-01
  outer loop
    vertex   -1.304734032601119e-03    4.812645912170411e-01   -1.674636080861092e-02
    vertex   -1.048902980983258e-03    4.815992116928101e-01   -1.804805919528008e-02
    vertex    1.483671949245028e-04    4.804497957229615e-01   -1.743884012103081e-02
  endloop
endfacet
facet normal   -7.955945452015781e-02    7.276987530469134e-01    6.812670680507183e-01
  outer loop
    vertex    1.734665944240986e-03    4.851259887218476e-01   -1.194540970027447e-02
    vertex    4.193026106804608e-03    4.884927868843079e-01   -1.525458041578531e-02
    vertex   -1.085466006770731e-03    4.877254068851472e-01   -1.505133043974638e-02
  endloop
endfacet
facet normal   -2.529486042041501e-01    7.770923446369254e-01    5.763197823585948e-01
  outer loop
    vertex    6.665558903478078e-04    4.842948913574219e-01   -1.129357982426882e-02
    vertex    1.734665944240986e-03    4.851259887218476e-01   -1.194540970027447e-02
    vertex    6.662018131464711e-04    4.851224124431611e-01   -1.240953989326954e-02
  endloop
endfacet
facet normal   -1.988422046180322e-02    8.697368043377940e-01    4.931151072081530e-01
  outer loop
    vertex    5.004308186471461e-03    4.885793030261994e-01   -1.537446025758982e-02
    vertex    4.193026106804608e-03    4.884927868843079e-01   -1.525458041578531e-02
    vertex    4.204897210001945e-03    4.878382980823517e-01   -1.409974042326212e-02
  endloop
endfacet
facet normal    6.063335330168208e-01    1.607532939843455e-01   -7.787926715195272e-01
  outer loop
    vertex   -7.812317926436677e-03    4.949209094047547e-01   -2.984257042407990e-02
    vertex   -9.820974431931988e-03    4.964601099491120e-01   -3.108870983123779e-02
    vertex   -7.815532386302964e-03    4.957948029041291e-01   -2.966468967497349e-02
  endloop
endfacet
facet normal    2.772176749054948e-01    1.710338382053933e-01   -9.454616792386260e-01
  outer loop
    vertex   -8.220194838941113e-03    4.776485860347748e-01   -1.513458974659443e-02
    vertex   -1.054302975535394e-02    4.766423106193543e-01   -1.599770039319992e-02
    vertex   -1.225433032959701e-02    4.771175980567933e-01   -1.641348935663700e-02
  endloop
endfacet
facet normal   -2.827359337713223e-01    9.423661667219907e-01   -1.789033246537348e-01
  outer loop
    vertex   -3.836302086710931e-03    4.841904938220978e-01   -1.882122014649212e-03
    vertex   -1.983649097383023e-03    4.834300875663758e-01   -8.815434761345387e-03
    vertex   -3.125502960756422e-03    4.830608963966370e-01   -8.955567143857479e-03
  endloop
endfacet
facet normal    2.390310594242903e-01    9.298220827739664e-01    2.798125211930027e-01
  outer loop
    vertex    5.004308186471461e-03    4.885793030261994e-01   -1.537446025758982e-02
    vertex    5.043468903750180e-03    4.870148897171021e-01   -1.020933967083693e-02
    vertex    5.705507006496190e-03    4.879859983921052e-01   -1.400190033018589e-02
  endloop
endfacet
facet normal   -7.556490279581520e-01   -6.444960734361120e-01    1.167020045729015e-01
  outer loop
    vertex   -6.908258888870492e-03    4.870730042457581e-01   -2.407965995371342e-02
    vertex   -2.063503023236991e-03    4.825615882873536e-01   -1.762437075376511e-02
    vertex   -3.605606034398080e-03    4.848083853721619e-01   -1.520141959190369e-02
  endloop
endfacet
facet normal   -7.237266135276038e-01    6.847871499547379e-01    8.536010853281452e-02
  outer loop
    vertex   -2.890638075768948e-03    4.843592047691346e-01   -1.240829005837440e-02
    vertex   -3.261806908994914e-03    4.841060042381287e-01   -1.352399028837681e-02
    vertex   -4.177692811936141e-03    4.830799996852875e-01   -1.305838953703642e-02
  endloop
endfacet
facet normal   -4.980093885907259e-01    8.167909172542567e-01   -2.912717740640884e-01
  outer loop
    vertex   -1.081874035298826e-02    4.797253906726838e-01   -1.184726040810347e-02
    vertex   -6.889921147376314e-03    4.821734130382538e-01   -1.169985998421907e-02
    vertex   -2.890638075768948e-03    4.843592047691346e-01   -1.240829005837440e-02
  endloop
endfacet
facet normal   -3.659491271552815e-01    8.343484504370580e-01   -4.122425252052097e-01
  outer loop
    vertex   -1.136249955743553e-02    4.791010022163392e-01   -1.262827962636948e-02
    vertex   -1.081874035298826e-02    4.797253906726838e-01   -1.184726040810347e-02
    vertex   -1.053889002650978e-02    4.793458878993989e-01   -1.286377012729645e-02
  endloop
endfacet
facet normal   -3.054183984245528e-01    8.974866422183158e-01    3.181781402665401e-01
  outer loop
    vertex   -9.188402444124237e-03    4.808281064033509e-01   -8.835298009216785e-03
    vertex   -8.041139692068116e-03    4.815588891506196e-01   -9.795365855097771e-03
    vertex   -1.041609980165960e-02    4.804722964763642e-01   -9.010126814246178e-03
  endloop
endfacet
facet normal    3.323765281652905e-01    9.156294201979581e-01    2.261605809877991e-01
  outer loop
    vertex   -3.836302086710931e-03    4.841904938220978e-01   -1.882122014649212e-03
    vertex   -4.545491188764573e-03    4.840132892131806e-01   -1.224362058565021e-04
    vertex    4.322334134485564e-04    4.835940897464753e-01   -5.740778055042028e-03
  endloop
endfacet
facet normal    5.510200179996583e-01    7.078305144818952e-01    4.419874461248329e-01
  outer loop
    vertex    1.919955946505069e-03    4.838966131210328e-01   -8.079985156655312e-03
    vertex    4.322334134485564e-04    4.835940897464753e-01   -5.740778055042028e-03
    vertex    2.082468010485171e-03    4.832704961299897e-01   -7.279878016561270e-03
  endloop
endfacet
facet normal   -1.726205555703077e-02    7.857087052110844e-01    6.183557649067949e-01
  outer loop
    vertex    3.390372032299637e-03    4.838519096374512e-01   -7.982134819030762e-03
    vertex    1.919955946505069e-03    4.838966131210328e-01   -8.079985156655312e-03
    vertex    2.082468010485171e-03    4.832704961299897e-01   -7.279878016561270e-03
  endloop
endfacet
facet normal    6.300621337142144e-01   -7.716320865970284e-01    8.721026655966305e-02
  outer loop
    vertex   -9.313407645095222e-05    4.750792980194092e-01   -1.049451995640993e-02
    vertex    1.089297002181410e-03    4.758600890636445e-01   -1.212874986231327e-02
    vertex    3.116719890385858e-04    4.755359888076783e-01   -9.378317743539810e-03
  endloop
endfacet
facet normal   -9.587066735466486e-01   -2.455013154524671e-01   -1.435639864597938e-01
  outer loop
    vertex    4.057732876390218e-03    4.742867052555085e-01   -1.068976987153292e-02
    vertex    5.853618960827588e-03    4.718269109725953e-01   -1.847616024315357e-02
    vertex    4.146753810346126e-03    4.735251069068909e-01   -9.981873445212841e-03
  endloop
endfacet
facet normal   -7.329725430300953e-01    4.853970077748269e-01   -4.765931136800447e-01
  outer loop
    vertex    1.356572960503399e-03    4.760994017124177e-01   -1.015397999435663e-02
    vertex    2.747049089521169e-03    4.766789078712464e-01   -1.170224044471979e-02
    vertex    3.744401037693023e-03    4.760614931583405e-01   -1.386492978781462e-02
  endloop
endfacet
facet normal    2.909856592559076e-01    9.557902008690237e-01    4.233719440582138e-02
  outer loop
    vertex    1.088737975805998e-02    4.824224114418030e-01   -8.560914546251297e-03
    vertex    1.314262021332979e-02    4.815621078014374e-01   -4.639370832592249e-03
    vertex    1.834299042820930e-02    4.798657894134522e-01   -2.086265012621880e-03
  endloop
endfacet
facet normal    4.541273751957666e-01    8.796341111886432e-01   -1.414643330708103e-01
  outer loop
    vertex    1.238157972693443e-02    4.816924929618836e-01   -1.359501015394926e-02
    vertex    1.158487983047962e-02    4.815055131912232e-01   -1.731522008776665e-02
    vertex    1.111163012683391e-02    4.819302856922150e-01   -1.619317941367626e-02
  endloop
endfacet
facet normal    2.001788088269214e-01    9.669809240668165e-01   -1.577223414343078e-01
  outer loop
    vertex    1.158487983047962e-02    4.815055131912232e-01   -1.731522008776665e-02
    vertex    1.626373082399368e-02    4.799583852291108e-01   -2.086219005286694e-02
    vertex    1.542096957564354e-02    4.799542129039765e-01   -2.195739001035690e-02
  endloop
endfacet
facet normal    2.729285557233712e-01    9.605223463296592e-01   -5.391498559882254e-02
  outer loop
    vertex    1.088737975805998e-02    4.824224114418030e-01   -8.560914546251297e-03
    vertex    1.111163012683391e-02    4.819302856922150e-01   -1.619317941367626e-02
    vertex    1.023336034268141e-02    4.824958145618439e-01   -1.056397985666990e-02
  endloop
endfacet
facet normal   -4.362343577816383e-01    8.991087353622885e-01   -3.609802052838564e-02
  outer loop
    vertex   -2.419462986290456e-02    4.775095880031586e-01   -4.178292874712497e-04
    vertex   -2.350347302854063e-02    4.778617024421692e-01    3.468196289805495e-24
    vertex   -1.987051405012609e-02    4.796243607997895e-01   -2.710565807836948e-20
  endloop
endfacet
facet normal    2.730850724220064e-01   -9.570721029534729e-01    9.714696582232812e-02
  outer loop
    vertex   -1.881406083703042e-02    4.728091955184937e-01   -5.637336289510131e-04
    vertex   -1.824921369552614e-02    4.730275869369507e-01    5.420768764119300e-20
    vertex   -1.904938369989397e-02    4.727992713451386e-01    5.420858450303150e-20
  endloop
endfacet
facet normal    4.615852854887998e-01   -8.744723370651862e-01    1.491212792594487e-01
  outer loop
    vertex   -1.930049993097784e-02    4.726685881614686e-01   -1.772531977621838e-04
    vertex   -1.932529918849470e-02    4.726857244968415e-01    2.710383944776560e-20
    vertex   -1.962916925549509e-02    4.725253283977509e-01    2.710418003722220e-20
  endloop
endfacet
facet normal   -4.968428697845173e-02   -9.753165489608042e-01    2.151490203338836e-01
  outer loop
    vertex   -1.745173707604410e-02    4.732006788253785e-01   -3.314826069574811e-24
    vertex   -1.746984012424947e-02    4.731804132461548e-01   -9.604873775970191e-05
    vertex   -1.732712611556055e-02    4.731943309307099e-01   -3.454494908067046e-24
  endloop
endfacet
facet normal   -7.500181298019211e-01    5.102799908746346e-01    4.208172238411964e-01
  outer loop
    vertex    9.021852165460585e-03    4.780822098255158e-01   -6.706296931952238e-03
    vertex    9.264790453016756e-03    4.812738001346589e-01   -1.014341041445732e-02
    vertex    7.495662197470664e-03    4.782752096652985e-01   -9.660439565777779e-03
  endloop
endfacet
facet normal    1.103761644363054e-01    9.440346865043006e-01   -3.108305213473356e-01
  outer loop
    vertex    1.158487983047962e-02    4.815055131912232e-01   -1.731522008776665e-02
    vertex    7.807727903127669e-03    4.815205931663514e-01   -1.861068978905678e-02
    vertex    1.111163012683391e-02    4.819302856922150e-01   -1.619317941367626e-02
  endloop
endfacet
facet normal   -5.625746777070407e-01   -6.820700322405582e-01   -4.672153712391995e-01
  outer loop
    vertex   -3.432017052546144e-03    4.880777895450593e-01   -2.566839009523392e-02
    vertex   -2.909398062911434e-05    4.828939139842988e-01   -2.219811081886292e-02
    vertex   -6.097896024584785e-03    4.915218949317933e-01   -2.748632058501244e-02
  endloop
endfacet
facet normal   -9.137471063799846e-01   -2.183012846559850e-02    4.056965258335107e-01
  outer loop
    vertex    1.014658994972706e-02    4.821738898754120e-01   -8.108907379209995e-03
    vertex    1.006225030869245e-02    4.824770092964173e-01   -8.282554335892200e-03
    vertex    9.264790453016756e-03    4.812738001346589e-01   -1.014341041445732e-02
  endloop
endfacet
facet normal   -4.567523911447810e-01    4.171181533908500e-01    7.857414964829923e-01
  outer loop
    vertex    7.495662197470664e-03    4.782752096652985e-01   -9.660439565777779e-03
    vertex    4.695307929068803e-03    4.745916128158570e-01   -9.332817047834396e-03
    vertex    4.916511010378598e-03    4.739201068878174e-01   -8.847756311297417e-03
  endloop
endfacet
facet normal    1.985708205675518e-01    9.409490464099567e-01    2.741979600203514e-01
  outer loop
    vertex   -8.816351182758824e-03    4.948202073574067e-01   -2.436213009059429e-02
    vertex   -7.890230976045147e-03    4.954183101654053e-01   -2.708528935909271e-02
    vertex   -1.294174045324327e-02    4.964402914047242e-01   -2.693412080407143e-02
  endloop
endfacet
facet normal    3.601466637257864e-01    9.327075943874936e-01   -1.873296503707444e-02
  outer loop
    vertex    2.857268974184990e-02    4.761362969875336e-01   -8.388369344174862e-03
    vertex    3.005209006369114e-02    4.757184982299805e-01   -7.485207752324641e-04
    vertex    3.028761968016624e-02    4.754408895969391e-01   -1.004242990165949e-02
  endloop
endfacet
facet normal    3.610884788365904e-01   -4.833169143744739e-01    7.975085395975484e-01
  outer loop
    vertex    2.001489978283643e-03    4.802418947219849e-01   -4.747341852635145e-03
    vertex    1.394381979480385e-03    4.802604019641877e-01   -4.461245145648718e-03
    vertex    3.922947216778993e-03    4.753740131855012e-01   -8.567420765757561e-03
  endloop
endfacet
facet normal    4.440073836221171e-01    6.353826023133966e-01    6.317803352166783e-01
  outer loop
    vertex    6.824456155300140e-03    4.819042086601258e-01   -9.238410741090775e-03
    vertex    2.082468010485171e-03    4.832704961299897e-01   -7.279878016561270e-03
    vertex    7.461517816409461e-04    4.808053970336915e-01   -3.861577017232776e-03
  endloop
endfacet
facet normal   -2.942842747528586e-01   -9.546223639915293e-01   -4.574830926283623e-02
  outer loop
    vertex    1.582323946058750e-02    4.624609947204590e-01   -2.253796905279160e-03
    vertex    2.299108915030956e-02    4.605953097343445e-01   -9.431348182260990e-03
    vertex    2.219275012612343e-02    4.606258869171143e-01   -4.933936987072229e-03
  endloop
endfacet
facet normal   -2.646422770830844e-01   -6.222530230916202e-01   -7.367262995398084e-01
  outer loop
    vertex    9.138879366219042e-03    4.654670059680939e-01   -1.988472044467926e-02
    vertex    1.053695008158684e-02    4.653781056404114e-01   -2.031183987855911e-02
    vertex    9.776361286640166e-03    4.650279879570008e-01   -1.974290981888771e-02
  endloop
endfacet
facet normal   -1.391814023936756e-01   -9.247905684899649e-01   -3.541058339815052e-01
  outer loop
    vertex    5.440840963274240e-03    4.654361009597779e-01   -1.410915981978178e-02
    vertex    3.988032229244708e-03    4.663549959659577e-01   -1.593793928623199e-02
    vertex    6.414243020117282e-03    4.659031033515931e-01   -1.571138948202133e-02
  endloop
endfacet
facet normal    8.271553484834577e-01    4.190429382038527e-01   -3.744556654888423e-01
  outer loop
    vertex    5.767602939158677e-03    4.856514930725098e-01   -1.776783913373947e-02
    vertex    4.572960082441568e-03    4.889603853225709e-01   -1.670386083424091e-02
    vertex    5.707652773708104e-03    4.879237115383149e-01   -1.535748969763517e-02
  endloop
endfacet
facet normal   -1.979159555034489e-01    3.302095663290153e-02   -9.796626414129533e-01
  outer loop
    vertex   -1.111967954784633e-03    4.799672067165375e-01   -1.636376045644283e-02
    vertex   -8.503892458975331e-03    4.783957004547120e-01   -1.492337975651026e-02
    vertex   -2.725626109167934e-03    4.802790880203248e-01   -1.602724939584732e-02
  endloop
endfacet
facet normal   -2.508970484100850e-01   -3.079194446869695e-01   -9.177343224935938e-01
  outer loop
    vertex   -1.304734032601119e-03    4.812645912170411e-01   -1.674636080861092e-02
    vertex   -1.111967954784633e-03    4.799672067165375e-01   -1.636376045644283e-02
    vertex   -2.725626109167934e-03    4.802790880203248e-01   -1.602724939584732e-02
  endloop
endfacet
facet normal   -4.775811606746899e-01   -8.627072123223466e-01   -1.662904109551164e-01
  outer loop
    vertex   -1.448393985629083e-02    4.733793139457703e-01   -1.536681968718767e-02
    vertex   -1.039237994700672e-02    4.706465899944306e-01   -1.294040959328413e-02
    vertex   -1.379239000380041e-02    4.727958142757416e-01   -1.432576030492783e-02
  endloop
endfacet
facet normal   -1.445995081540173e-01    9.894153901902876e-01    1.217242359668561e-02
  outer loop
    vertex    7.663496071472756e-04    4.837242960929871e-01   -7.777480874210596e-03
    vertex    1.919955946505069e-03    4.838966131210328e-01   -8.079985156655312e-03
    vertex   -2.759428927674890e-03    4.832414090633393e-01   -1.041048020124435e-02
  endloop
endfacet
facet normal   -6.778214143122103e-01   -3.995208130266447e-01    6.172043828897554e-01
  outer loop
    vertex   -1.385447010397913e-02    4.953227043151856e-01   -2.639257907867432e-02
    vertex   -9.670276194810883e-03    4.896507859230042e-01   -2.546891942620277e-02
    vertex   -7.814820855855957e-03    4.880206882953644e-01   -2.448640950024128e-02
  endloop
endfacet
facet normal   -9.073362427997033e-01    4.133144580033483e-01    7.689018993029161e-02
  outer loop
    vertex    1.085445657372474e-02    4.808821082115174e-01   -3.504151507188995e-23
    vertex    1.089027989655733e-02    4.813148081302643e-01   -1.903199008665979e-03
    vertex    9.349277243018149e-03    4.775778353214264e-01   -3.335445120404697e-23
  endloop
endfacet
facet normal   -5.018193670952303e-02    1.876061941054398e-01    9.809616145198310e-01
  outer loop
    vertex    8.835907094180582e-03    4.819555878639222e-01   -1.029574032872915e-02
    vertex    7.495662197470664e-03    4.782752096652985e-01   -9.660439565777779e-03
    vertex    9.264790453016756e-03    4.812738001346589e-01   -1.014341041445732e-02
  endloop
endfacet
facet normal    5.266631682909467e-02   -8.638269008489351e-01   -5.010282870670891e-01
  outer loop
    vertex   -1.881406083703042e-02    4.728091955184937e-01   -5.637336289510131e-04
    vertex   -1.596697047352792e-02    4.753887057304383e-01   -4.711811896413565e-03
    vertex   -1.654992997646333e-02    4.735114872455597e-01   -1.536563038825989e-03
  endloop
endfacet
facet normal   -7.451547904723795e-01    5.204450482557064e-01    4.169907552718400e-01
  outer loop
    vertex    9.021852165460585e-03    4.780822098255158e-01   -6.706296931952238e-03
    vertex    4.916511010378598e-03    4.739201068878174e-01   -8.847756311297417e-03
    vertex    5.406013224273919e-03    4.725421071052552e-01   -6.253147032111883e-03
  endloop
endfacet
facet normal   -4.917541061472543e-01    4.612949918174606e-01    7.385017465188853e-01
  outer loop
    vertex    3.396044950932263e-03    4.836524128913880e-01   -2.131015993654728e-02
    vertex    7.710570935159913e-04    4.851283133029938e-01   -2.397998981177807e-02
    vertex    2.519516972824930e-03    4.833028912544251e-01   -2.167549915611744e-02
  endloop
endfacet
facet normal    5.493463385974983e-02    9.915005276268029e-01    1.179359560035310e-01
  outer loop
    vertex   -1.294174045324327e-02    4.964402914047242e-01   -2.693412080407143e-02
    vertex   -1.133660040795805e-02    4.968551099300385e-01   -3.116922080516815e-02
    vertex   -1.454299967736007e-02    4.966050088405610e-01   -2.757305093109608e-02
  endloop
endfacet
facet normal   -1.735175879952580e-01    9.421805629963738e-01    2.866835073179898e-01
  outer loop
    vertex    5.043468903750180e-03    4.870148897171021e-01   -1.020933967083693e-02
    vertex    5.004308186471461e-03    4.885793030261994e-01   -1.537446025758982e-02
    vertex    4.092949908226728e-03    4.868307113647461e-01   -1.017935015261173e-02
  endloop
endfacet
facet normal   -1.371436737616057e-01    9.897116155919993e-01    4.077414265738581e-02
  outer loop
    vertex    4.322334134485564e-04    4.835940897464753e-01   -5.740778055042028e-03
    vertex    1.919955946505069e-03    4.838966131210328e-01   -8.079985156655312e-03
    vertex    7.663496071472756e-04    4.837242960929871e-01   -7.777480874210596e-03
  endloop
endfacet
facet normal   -3.639329717650849e-01    5.820748711572178e-01   -7.271462276801982e-01
  outer loop
    vertex   -1.053889002650978e-02    4.793458878993989e-01   -1.286377012729645e-02
    vertex   -4.177692811936141e-03    4.830799996852875e-01   -1.305838953703642e-02
    vertex   -2.725626109167934e-03    4.802790880203248e-01   -1.602724939584732e-02
  endloop
endfacet
facet normal   -8.474550177957627e-01   -5.286427003226276e-01   -4.854779303309103e-02
  outer loop
    vertex   -3.261806908994914e-03    4.841060042381287e-01   -1.352399028837681e-02
    vertex   -2.063503023236991e-03    4.825615882873536e-01   -1.762437075376511e-02
    vertex   -1.304734032601119e-03    4.812645912170411e-01   -1.674636080861092e-02
  endloop
endfacet
facet normal    3.322721016531453e-01    9.431283712437466e-01   -1.020420590343445e-02
  outer loop
    vertex    1.834299042820930e-02    4.798657894134522e-01   -2.086265012621880e-03
    vertex    1.936049014329910e-02    4.794904887676240e-01   -3.641498042270541e-03
    vertex    1.088737975805998e-02    4.824224114418030e-01   -8.560914546251297e-03
  endloop
endfacet
facet normal   -3.370871210306375e-01    9.341689598218690e-01    1.170496789427620e-01
  outer loop
    vertex   -3.117582015693189e-02    4.737980067729951e-01   -3.818788973148912e-04
    vertex   -3.156230226159097e-02    4.736106991767884e-01    1.250084730536909e-23
    vertex   -3.088877163827421e-02    4.738537371158600e-01    2.711680023997608e-20
  endloop
endfacet
facet normal   -1.617853770086841e-01   -6.638184207802492e-01   -7.301853162170368e-01
  outer loop
    vertex    1.381454989314079e-02    4.754033982753754e-01   -2.008059993386269e-02
    vertex    2.190895006060600e-02    4.744229912757874e-01   -2.098275907337666e-02
    vertex    2.062058076262474e-02    4.726197123527527e-01   -1.905792020261288e-02
  endloop
endfacet
facet normal    3.808834421555649e-02    1.953731249884432e-01   -9.799890918102954e-01
  outer loop
    vertex   -3.488909825682641e-02    4.724557995796204e-01   -3.236732911318541e-03
    vertex   -2.891775965690614e-02    4.708186984062195e-01   -3.331026993691921e-03
    vertex   -3.477079048752786e-02    4.697228074073792e-01   -3.776991041377187e-03
  endloop
endfacet
facet normal   -9.054165976721682e-01    3.874906276722836e-01   -1.734122202322969e-01
  outer loop
    vertex   -1.378706004470588e-02    4.955599009990693e-01   -3.385524824261665e-02
    vertex   -1.517582032829525e-02    4.949049949645997e-01   -2.806767076253891e-02
    vertex   -1.454299967736007e-02    4.966050088405610e-01   -2.757305093109608e-02
  endloop
endfacet
facet normal    9.629407651419494e-01    2.585343222644428e-01   -7.684456414804031e-02
  outer loop
    vertex    2.720684930682182e-02    4.624811112880707e-01   -9.990991093218327e-03
    vertex    2.683543972671032e-02    4.640024006366730e-01   -9.526936337351799e-03
    vertex    2.753677032887936e-02    4.633978903293610e-01   -2.772351028397679e-03
  endloop
endfacet
facet normal    8.195669229963929e-01   -3.059990120494010e-01   -4.844323103953895e-01
  outer loop
    vertex    2.805959060788155e-02    4.754621982574463e-01   -1.758950017392635e-02
    vertex    3.061993047595024e-02    4.742127954959870e-01   -1.246869005262852e-02
    vertex    2.713022939860821e-02    4.729819893836976e-01   -1.759514026343822e-02
  endloop
endfacet
facet normal    5.835216699732961e-01   -6.430888365703300e-01   -4.959225836259072e-01
  outer loop
    vertex    3.036368079483509e-02    4.720959067344666e-01   -1.160276029258966e-02
    vertex    2.811194024980068e-02    4.695667922496796e-01   -1.097260974347591e-02
    vertex    2.500401064753532e-02    4.713321030139924e-01   -1.691869087517262e-02
  endloop
endfacet
facet normal    2.126006611457496e-01   -9.478658828482113e-01   -2.373841338690755e-01
  outer loop
    vertex    2.583988942205906e-02    4.601806104183198e-01   -8.473435416817665e-03
    vertex    2.541645988821983e-02    4.599170088768006e-01   -7.800106890499592e-03
    vertex    2.251327037811279e-02    4.612168967723847e-01   -1.559059973806143e-02
  endloop
endfacet
facet normal   -7.047626339007943e-01   -6.694575103529821e-01   -2.348111404708089e-01
  outer loop
    vertex   -3.432017052546144e-03    4.880777895450593e-01   -2.566839009523392e-02
    vertex   -6.097896024584785e-03    4.915218949317933e-01   -2.748632058501244e-02
    vertex   -8.428362198174015e-03    4.948183000087739e-01   -2.988985925912857e-02
  endloop
endfacet
facet normal   -8.500539693753532e-01   -5.180309481715838e-01    9.514297601849293e-02
  outer loop
    vertex   -1.563082076609136e-02    4.762113094329835e-01   -9.039404802024364e-03
    vertex   -1.440989971160890e-02    4.741806089878083e-01   -9.187780320644379e-03
    vertex   -1.363538019359113e-02    4.731925129890442e-01   -7.647791877388954e-03
  endloop
endfacet
facet normal   -8.004141110863029e-01   -5.994033396996707e-01    7.272353869590509e-03
  outer loop
    vertex    5.407248158007859e-03    4.654611945152283e-01   -6.461989687522873e-05
    vertex    4.054666031152009e-03    4.672678112983704e-01   -2.800002948788460e-05
    vertex    5.101596936583518e-03    4.657100141048432e-01   -1.319712959229946e-02
  endloop
endfacet
facet normal   -4.297688093761659e-02    7.743374299249017e-01    6.313117552542261e-01
  outer loop
    vertex   -7.548375986516490e-03    4.927014112472535e-01   -2.121922932565212e-02
    vertex   -2.282008063048125e-03    4.908049106597901e-01   -1.853455975651741e-02
    vertex   -1.187772024422886e-02    4.955202937126160e-01   -2.497146092355251e-02
  endloop
endfacet
facet normal    2.248008057136095e-01    9.693777448012115e-01    9.885031934510562e-02
  outer loop
    vertex   -3.836302086710931e-03    4.841904938220978e-01   -1.882122014649212e-03
    vertex    4.322334134485564e-04    4.835940897464753e-01   -5.740778055042028e-03
    vertex    7.663496071472756e-04    4.837242960929871e-01   -7.777480874210596e-03
  endloop
endfacet
facet normal   -4.696684186012532e-01    8.195655700015022e-01   -3.282131213658449e-01
  outer loop
    vertex   -1.081874035298826e-02    4.797253906726838e-01   -1.184726040810347e-02
    vertex   -1.136249955743553e-02    4.791010022163392e-01   -1.262827962636948e-02
    vertex   -1.384073030203582e-02    4.787550866603852e-01   -9.945735335350037e-03
  endloop
endfacet
facet normal    6.881718936163610e-01    4.571369571545783e-01    5.634227961663649e-01
  outer loop
    vertex    4.322334134485564e-04    4.835940897464753e-01   -5.740778055042028e-03
    vertex   -3.746995935216547e-03    4.835689067840577e-01   -6.157808820717037e-04
    vertex    7.461517816409461e-04    4.808053970336915e-01   -3.861577017232776e-03
  endloop
endfacet
facet normal   -9.161459258546760e-01    3.052428055685346e-01   -2.598143032793387e-01
  outer loop
    vertex    4.043636843562125e-03    4.722915887832642e-01   -1.054839976131916e-02
    vertex    5.789298098534345e-03    4.712558090686799e-01   -1.792076043784618e-02
    vertex    3.427367890253662e-03    4.666228890419007e-01   -1.503521017730236e-02
  endloop
endfacet
facet normal    6.830599507885892e-01   -6.237276554194944e-01    3.799906781667030e-01
  outer loop
    vertex    2.747049089521169e-03    4.766789078712464e-01   -1.170224044471979e-02
    vertex    1.356572960503399e-03    4.760994017124177e-01   -1.015397999435663e-02
    vertex    3.747232956811785e-03    4.756254851818085e-01   -1.522925961762667e-02
  endloop
endfacet
facet normal    3.549001126693228e-01    9.345346961379674e-01   -2.628329776909823e-02
  outer loop
    vertex    2.228550054132938e-02    4.783129990100861e-01   -1.548148039728403e-02
    vertex    2.600630000233650e-02    4.768880903720856e-01   -1.590435020625591e-02
    vertex    2.259662933647633e-02    4.780597090721131e-01   -2.028637938201427e-02
  endloop
endfacet
facet normal    3.443083302187014e-01    9.382463984483159e-01   -3.384478602050052e-02
  outer loop
    vertex    1.936049014329910e-02    4.794904887676240e-01   -3.641498042270541e-03
    vertex    1.238157972693443e-02    4.816924929618836e-01   -1.359501015394926e-02
    vertex    1.088737975805998e-02    4.824224114418030e-01   -8.560914546251297e-03
  endloop
endfacet
facet normal   -9.254571722152022e-01    3.786342941513802e-01   -1.284887885877976e-02
  outer loop
    vertex    3.815029747784137e-03    4.684078395366669e-01    2.707790286199336e-20
    vertex    3.745106980204581e-03    4.682283997535706e-01   -2.515027881599963e-04
    vertex    3.745126770809292e-03    4.682369828224183e-01    2.439184157090851e-19
  endloop
endfacet
facet normal    9.315457951336917e-01   -3.450735708648403e-01   -1.146588952472773e-01
  outer loop
    vertex    2.683543972671032e-02    4.640024006366730e-01   -9.526936337351799e-03
    vertex    2.889171987771988e-02    4.694359898567200e-01   -9.173443540930748e-03
    vertex    3.004566021263599e-02    4.695807099342347e-01   -2.338040067115799e-04
  endloop
endfacet
facet normal    1.351837093292189e-01   -7.666143142933024e-01   -6.277163832915332e-01
  outer loop
    vertex    2.190895006060600e-02    4.744229912757874e-01   -2.098275907337666e-02
    vertex    2.588164992630482e-02    4.733549952507020e-01   -1.882288977503777e-02
    vertex    2.062058076262474e-02    4.726197123527527e-01   -1.905792020261288e-02
  endloop
endfacet
facet normal   -6.663441281871280e-01    4.874442079611143e-01   -5.642549485433852e-01
  outer loop
    vertex    8.390101604163645e-03    4.685463905334473e-01   -1.974149048328400e-02
    vertex    5.081852898001670e-03    4.673992991447449e-01   -1.682562939822674e-02
    vertex    9.224513545632361e-03    4.703285992145539e-01   -1.918726973235607e-02
  endloop
endfacet
facet normal    6.644804258077712e-01    4.763635750275412e-01   -5.757981487511949e-01
  outer loop
    vertex    1.766199013218283e-03    4.825111925601960e-01   -2.499675005674362e-02
    vertex    7.710570935159913e-04    4.851283133029938e-01   -2.397998981177807e-02
    vertex    3.985411021858453e-03    4.837597012519837e-01   -2.140283957123756e-02
  endloop
endfacet
facet normal   -8.277025934665680e-01    4.518725969898076e-01   -3.327455076457142e-01
  outer loop
    vertex   -1.393825002014639e-02    4.823181927204133e-01   -4.157412797212601e-03
    vertex   -1.521847024559976e-02    4.801405966281891e-01   -3.930075094103813e-03
    vertex   -1.573367044329645e-02    4.815233945846558e-01   -7.706604083068669e-04
  endloop
endfacet
facet normal   -2.427532513412841e-01   -8.148888974408905e-01   -5.263334910404288e-01
  outer loop
    vertex   -1.654992997646333e-02    4.735114872455597e-01   -1.536563038825989e-03
    vertex   -1.596697047352792e-02    4.753887057304383e-01   -4.711811896413565e-03
    vertex   -1.086180005222561e-02    4.738466143608094e-01   -4.678873810917139e-03
  endloop
endfacet
facet normal    1.374527666210197e-01   -9.821822847148314e-01    1.281588722663452e-01
  outer loop
    vertex   -1.746984012424947e-02    4.731804132461548e-01   -9.604873775970191e-05
    vertex   -9.126824326813237e-03    4.737535119056702e-01   -4.651981871575117e-03
    vertex   -1.199270039796831e-02    4.739398062229157e-01   -1.505567051935941e-04
  endloop
endfacet
facet normal    9.959352981900018e-01   -8.225237574985277e-02    3.670733581584254e-02
  outer loop
    vertex    2.259198954561717e-04    4.773252010345460e-01   -2.347576059401035e-02
    vertex    2.285686932736999e-04    4.780761897563935e-01   -2.186484076082706e-02
    vertex    1.622287963982663e-04    4.763788878917695e-01   -2.386816963553429e-02
  endloop
endfacet
facet normal   -8.047276653605938e-02    7.328816409985637e-01    6.755802203537974e-01
  outer loop
    vertex   -1.085466006770731e-03    4.877254068851472e-01   -1.505133043974638e-02
    vertex   -2.282008063048125e-03    4.908049106597901e-01   -1.853455975651741e-02
    vertex   -7.548375986516490e-03    4.927014112472535e-01   -2.121922932565212e-02
  endloop
endfacet
facet normal    8.359365064064533e-01   -3.334273633884143e-01    4.359315893587251e-01
  outer loop
    vertex   -1.792629016563297e-03    4.788548946380616e-01   -4.851098929066211e-04
    vertex   -1.747450005495929e-04    4.793612062931061e-01   -3.200283972546458e-03
    vertex    7.461517816409461e-04    4.808053970336915e-01   -3.861577017232776e-03
  endloop
endfacet
facet normal    2.911221540347925e-01    9.552769917267852e-01   -5.190144995629997e-02
  outer loop
    vertex    1.650764048099518e-02    4.801166951656342e-01   -1.658027991652489e-02
    vertex    2.259662933647633e-02    4.780597090721131e-01   -2.028637938201427e-02
    vertex    1.626373082399368e-02    4.799583852291108e-01   -2.086219005286694e-02
  endloop
endfacet
facet normal   -3.233755124520470e-01   -9.291498545975679e-01   -1.791893569598775e-01
  outer loop
    vertex    5.949479993432759e-03    4.650690853595734e-01   -1.304979994893074e-02
    vertex    9.776361286640166e-03    4.650279879570008e-01   -1.974290981888771e-02
    vertex    9.924067184329031e-03    4.647817015647889e-01   -1.873240061104298e-02
  endloop
endfacet
facet normal   -3.334273819985727e-02    9.994006002603075e-01    9.311391339251209e-03
  outer loop
    vertex   -4.645578097552062e-03    4.839994907379151e-01   -1.077343011274934e-03
    vertex   -6.083042360842243e-03    4.839414954185486e-01   -1.605730378026434e-23
    vertex   -4.818155430257321e-03    4.839836955070496e-01    1.084027422100241e-19
  endloop
endfacet
facet normal    9.959779127585613e-01   -8.923292874570486e-02    8.092077889131794e-03
  outer loop
    vertex    2.745486982166767e-02    4.619312882423401e-01   -8.864494971930981e-03
    vertex    2.753677032887936e-02    4.633978903293610e-01   -2.772351028397679e-03
    vertex    2.737456932663918e-02    4.616275131702424e-01   -2.330848015844822e-03
  endloop
endfacet
facet normal    9.075515206727974e-01   -2.483729360078830e-01   -3.386164821495212e-01
  outer loop
    vertex    3.132921084761620e-02    4.748126864433289e-01   -1.100771035999060e-02
    vertex    3.036368079483509e-02    4.720959067344666e-01   -1.160276029258966e-02
    vertex    3.061993047595024e-02    4.742127954959870e-01   -1.246869005262852e-02
  endloop
endfacet
facet normal    8.961849489937650e-01    1.985776197225142e-02   -4.432360618073582e-01
  outer loop
    vertex    3.132921084761620e-02    4.748126864433289e-01   -1.100771035999060e-02
    vertex    3.061993047595024e-02    4.742127954959870e-01   -1.246869005262852e-02
    vertex    2.805959060788155e-02    4.754621982574463e-01   -1.758950017392635e-02
  endloop
endfacet
facet normal    7.191009480410322e-01   -2.679969410927425e-01   -6.411485522805318e-01
  outer loop
    vertex    2.805959060788155e-02    4.754621982574463e-01   -1.758950017392635e-02
    vertex    2.713022939860821e-02    4.729819893836976e-01   -1.759514026343822e-02
    vertex    2.701815962791443e-02    4.757938981056214e-01   -1.889619976282120e-02
  endloop
endfacet
facet normal    6.606556103034578e-01   -6.717105142197345e-01   -3.351703293270835e-01
  outer loop
    vertex    2.889171987771988e-02    4.694359898567200e-01   -9.173443540930748e-03
    vertex    2.811194024980068e-02    4.695667922496796e-01   -1.097260974347591e-02
    vertex    3.036368079483509e-02    4.720959067344666e-01   -1.160276029258966e-02
  endloop
endfacet
facet normal    8.875063490307409e-01    2.312056719579146e-01   -3.985930477123427e-01
  outer loop
    vertex    2.720684930682182e-02    4.624811112880707e-01   -9.990991093218327e-03
    vertex    2.365230023860931e-02    4.638633131980897e-01   -1.710378937423229e-02
    vertex    2.611421048641205e-02    4.644024968147278e-01   -1.130934990942478e-02
  endloop
endfacet
facet normal    8.703707451140197e-01   -3.390203911102390e-01   -3.570993425660808e-01
  outer loop
    vertex    2.745486982166767e-02    4.619312882423401e-01   -8.864494971930981e-03
    vertex    2.677717059850693e-02    4.619511067867280e-01   -1.053509023040533e-02
    vertex    2.720684930682182e-02    4.624811112880707e-01   -9.990991093218327e-03
  endloop
endfacet
facet normal    4.472678896634934e-01    8.729315851250483e-01   -1.947867617858968e-01
  outer loop
    vertex    2.751062065362930e-02    4.760222136974335e-01   -1.813388988375664e-02
    vertex    2.260516025125980e-02    4.778051078319550e-01   -2.140777930617332e-02
    vertex    2.259662933647633e-02    4.780597090721131e-01   -2.028637938201427e-02
  endloop
endfacet
facet normal    7.374268435202113e-01    3.918389924605111e-01   -5.501489384188152e-01
  outer loop
    vertex    2.352719940245152e-02    4.659559130668641e-01   -1.578103937208652e-02
    vertex    2.365230023860931e-02    4.638633131980897e-01   -1.710378937423229e-02
    vertex    2.228882908821106e-02    4.662821888923646e-01   -1.720857992768288e-02
  endloop
endfacet
facet normal    6.743148848645955e-02   -7.932777159234684e-02   -9.945652814243482e-01
  outer loop
    vertex    2.062058076262474e-02    4.726197123527527e-01   -1.905792020261288e-02
    vertex    1.860241033136845e-02    4.692207872867585e-01   -1.892364956438541e-02
    vertex    1.935875043272972e-02    4.723392128944398e-01   -1.912109926342964e-02
  endloop
endfacet
facet normal   -1.120378382073181e-01   -8.552155813351664e-01   -5.060176204949627e-01
  outer loop
    vertex    6.414243020117282e-03    4.659031033515931e-01   -1.571138948202133e-02
    vertex    3.988032229244708e-03    4.663549959659577e-01   -1.593793928623199e-02
    vertex    8.710955269634722e-03    4.679472148418427e-01   -1.967464014887810e-02
  endloop
endfacet
facet normal   -2.645714548757970e-01   -2.885333226796485e-01   -9.201904514655354e-01
  outer loop
    vertex    6.612369790673255e-03    4.716976881027222e-01   -1.886552013456821e-02
    vertex    1.050969026982784e-02    4.709199070930482e-01   -1.974219083786011e-02
    vertex    9.224513545632361e-03    4.703285992145539e-01   -1.918726973235607e-02
  endloop
endfacet
facet normal    4.814260106289553e-03    9.848262025737551e-01   -1.734767235792341e-01
  outer loop
    vertex    7.807727903127669e-03    4.815205931663514e-01   -1.861068978905678e-02
    vertex    8.732901886105536e-03    4.822973906993867e-01   -1.417514029890299e-02
    vertex    1.111163012683391e-02    4.819302856922150e-01   -1.619317941367626e-02
  endloop
endfacet
facet normal    5.552712746122224e-01    8.262169100631205e-01   -9.507591238724676e-02
  outer loop
    vertex    4.572960082441568e-03    4.889603853225709e-01   -1.670386083424091e-02
    vertex   -7.815532386302964e-03    4.957948029041291e-01   -2.966468967497349e-02
    vertex    3.970513935200862e-04    4.913563132286072e-01   -2.027159929275513e-02
  endloop
endfacet
facet normal   -9.749371352359268e-01   -1.845554784441895e-01   -1.242451516728137e-01
  outer loop
    vertex    7.101211813278489e-04    4.813990890979767e-01   -2.266879007220268e-02
    vertex    4.778426955454043e-04    4.823291003704072e-01   -2.222757972776890e-02
    vertex    3.953399136662475e-04    4.831846058368683e-01   -2.285096980631351e-02
  endloop
endfacet
facet normal    1.485201961770877e-01   -4.979155371784009e-01   -8.544131723960392e-01
  outer loop
    vertex   -8.428362198174015e-03    4.948183000087739e-01   -2.988985925912857e-02
    vertex   -9.820974431931988e-03    4.964601099491120e-01   -3.108870983123779e-02
    vertex   -7.812317926436677e-03    4.949209094047547e-01   -2.984257042407990e-02
  endloop
endfacet
facet normal   -9.041431252342788e-02   -7.321488249013280e-01   -6.751172863188442e-01
  outer loop
    vertex   -2.536449115723372e-03    4.841732084751130e-01   -2.022067084908485e-02
    vertex   -4.873298108577729e-03    4.876205027103425e-01   -2.364622056484222e-02
    vertex   -3.729468910023571e-03    4.866024851799012e-01   -2.269539050757885e-02
  endloop
endfacet
facet normal    2.237127144580001e-02    2.798283287962190e-01   -9.597893688810131e-01
  outer loop
    vertex   -6.912506185472026e-03    4.780591130256653e-01   -1.498441956937313e-02
    vertex   -8.220194838941113e-03    4.776485860347748e-01   -1.513458974659443e-02
    vertex   -8.503892458975331e-03    4.783957004547120e-01   -1.492337975651026e-02
  endloop
endfacet
facet normal   -3.597111819124240e-01    8.586396426687622e-01   -3.651654825484292e-01
  outer loop
    vertex   -1.053889002650978e-02    4.793458878993989e-01   -1.286377012729645e-02
    vertex   -1.225433032959701e-02    4.771175980567933e-01   -1.641348935663700e-02
    vertex   -1.136249955743553e-02    4.791010022163392e-01   -1.262827962636948e-02
  endloop
endfacet
facet normal   -9.434027939851055e-01    2.450498514639365e-01   -2.234764833234117e-01
  outer loop
    vertex   -1.448393985629083e-02    4.733793139457703e-01   -1.536681968718767e-02
    vertex   -1.487927045673134e-02    4.766544997692109e-01   -1.010658033192158e-02
    vertex   -1.417294982820751e-02    4.741190075874329e-01   -1.586855947971344e-02
  endloop
endfacet
facet normal   -5.159767627394946e-01    7.815811574266648e-01   -3.505693578572808e-01
  outer loop
    vertex   -4.691854119300843e-03    4.809522926807404e-01   -7.802845910191536e-03
    vertex   -4.645578097552062e-03    4.839994907379151e-01   -1.077343011274934e-03
    vertex   -4.089809954166413e-03    4.810118973255158e-01   -8.556063286960125e-03
  endloop
endfacet
facet normal   -5.186490230493136e-01    7.508660028242351e-01   -4.089051683370465e-01
  outer loop
    vertex   -1.101838983595373e-02    4.809012115001679e-01   -7.860687561333179e-03
    vertex   -1.504756044596435e-02    4.797677993774415e-01   -4.831416066735983e-03
    vertex   -1.521847024559976e-02    4.801405966281891e-01   -3.930075094103813e-03
  endloop
endfacet
facet normal   -8.541634837029213e-01   -5.042758797190126e-01   -1.269274605517067e-01
  outer loop
    vertex   -1.440989971160890e-02    4.741806089878083e-01   -9.187780320644379e-03
    vertex   -1.563082076609136e-02    4.762113094329835e-01   -9.039404802024364e-03
    vertex   -1.512563042342664e-02    4.756728112697602e-01   -1.029967982321978e-02
  endloop
endfacet
facet normal   -5.513190063749889e-01   -8.319588744231307e-01    6.238416849083302e-02
  outer loop
    vertex   -1.039237994700672e-02    4.706465899944306e-01   -1.294040959328413e-02
    vertex   -1.363538019359113e-02    4.731925129890442e-01   -7.647791877388954e-03
    vertex   -1.379239000380041e-02    4.727958142757416e-01   -1.432576030492783e-02
  endloop
endfacet
facet normal   -8.341009872991716e-01    3.003325543383502e-01   -4.626833688292127e-01
  outer loop
    vertex   -1.487927045673134e-02    4.766544997692109e-01   -1.010658033192158e-02
    vertex   -1.512563042342664e-02    4.756728112697602e-01   -1.029967982321978e-02
    vertex   -1.563082076609136e-02    4.762113094329835e-01   -9.039404802024364e-03
  endloop
endfacet
facet normal   -3.800875981072952e-01    9.247926033534003e-01   -1.708972053216755e-02
  outer loop
    vertex   -1.573367044329645e-02    4.815233945846558e-01   -7.706604083068669e-04
    vertex   -1.672917976975442e-02    4.811284840106965e-01    2.710092961557494e-20
    vertex   -1.518539618700744e-02    4.817629754543305e-01   -5.855029585349659e-24
  endloop
endfacet
facet normal    1.419159102570818e-01    8.843795320283889e-01   -4.446714717014703e-01
  outer loop
    vertex   -3.488909825682641e-02    4.724557995796204e-01   -3.236732911318541e-03
    vertex   -3.237809985876085e-02    4.735265076160431e-01   -3.058885049540550e-04
    vertex   -3.089543059468271e-02    4.725899994373322e-01   -1.695260987617075e-03
  endloop
endfacet
facet normal    3.364995931216972e-01   -9.380854504155889e-01    8.224178711284094e-02
  outer loop
    vertex   -1.881406083703042e-02    4.728091955184937e-01   -5.637336289510131e-04
    vertex   -1.930049993097784e-02    4.726685881614686e-01   -1.772531977621838e-04
    vertex   -2.171329036355020e-02    4.716885089874268e-01   -1.484313979744911e-03
  endloop
endfacet
facet normal   -6.605500485643414e-01    7.799473111895716e-02    7.467197970184851e-01
  outer loop
    vertex   -4.599274136126042e-03    4.895718097686768e-01   -1.770688034594059e-02
    vertex   -1.217763032764198e-02    4.944750070571900e-01   -2.492284961044788e-02
    vertex   -2.138603944331408e-03    4.869526028633118e-01   -1.525659020990133e-02
  endloop
endfacet
facet normal   -4.778885961832122e-02    9.612903201216976e-01    2.713616504532369e-01
  outer loop
    vertex   -2.363493898883463e-03    4.845319986343384e-01   -1.266713999211788e-02
    vertex    6.665558903478078e-04    4.842948913574219e-01   -1.129357982426882e-02
    vertex   -5.429957062006011e-03    4.866968989372254e-01   -2.087626047432423e-02
  endloop
endfacet
facet normal   -5.422381708995211e-01    6.748305838671645e-01    5.005811114065767e-01
  outer loop
    vertex   -9.564642095938334e-04    4.853116869926453e-01   -1.442239992320538e-02
    vertex    6.665558903478078e-04    4.842948913574219e-01   -1.129357982426882e-02
    vertex    6.662018131464711e-04    4.851224124431611e-01   -1.240953989326954e-02
  endloop
endfacet
facet normal   -7.223131397634399e-01   -3.233417146778906e-02    6.908098359755549e-01
  outer loop
    vertex   -2.138603944331408e-03    4.869526028633118e-01   -1.525659020990133e-02
    vertex    6.662018131464711e-04    4.851224124431611e-01   -1.240953989326954e-02
    vertex   -4.599274136126042e-03    4.895718097686768e-01   -1.770688034594059e-02
  endloop
endfacet
facet normal    4.483228052333542e-01   -7.841103578124641e-01    4.291591885057406e-01
  outer loop
    vertex   -6.896601989865318e-03    4.721755087375641e-01   -5.569980014115572e-03
    vertex   -6.388168781995788e-03    4.731465876102448e-01   -4.326872993260622e-03
    vertex   -7.963309064507500e-03    4.720829129219056e-01   -4.624820780009031e-03
  endloop
endfacet
facet normal   -1.669733162138463e-01   -9.185308358230572e-01    3.583587801557915e-01
  outer loop
    vertex   -9.126824326813237e-03    4.737535119056702e-01   -4.651981871575117e-03
    vertex   -8.807579055428521e-03    4.734489023685456e-01   -5.283995997160673e-03
    vertex   -8.386564441025273e-03    4.754101932048798e-01   -6.072696851333603e-05
  endloop
endfacet
facet normal    4.865309047669785e-01   -8.328786618419214e-01    2.638196606681079e-01
  outer loop
    vertex   -1.944785006344319e-03    4.734396934509278e-01   -1.071099005639553e-02
    vertex   -9.821604471653709e-04    4.743775129318238e-01   -9.525546804070473e-03
    vertex   -6.896601989865318e-03    4.721755087375641e-01   -5.569980014115572e-03
  endloop
endfacet
facet normal    2.136898191590269e-01   -8.217702230792914e-02   -9.734390572564799e-01
  outer loop
    vertex   -1.196327991783620e-02    4.757800102233887e-01   -1.623667962849140e-02
    vertex   -1.225433032959701e-02    4.771175980567933e-01   -1.641348935663700e-02
    vertex   -1.054302975535394e-02    4.766423106193543e-01   -1.599770039319992e-02
  endloop
endfacet
facet normal   -9.524883003410324e-01   -3.043741074600622e-01    1.106527999382439e-02
  outer loop
    vertex    3.745106980204581e-03    4.682283997535706e-01   -2.515027881599963e-04
    vertex    3.826647996902465e-03    4.677503108978272e-01   -6.383385974913836e-03
    vertex    4.054666031152009e-03    4.672678112983704e-01   -2.800002948788460e-05
  endloop
endfacet
facet normal   -6.045380358390687e-01   -7.964473296372470e-01    1.433228305397601e-02
  outer loop
    vertex    5.101596936583518e-03    4.657100141048432e-01   -1.319712959229946e-02
    vertex    5.440840963274240e-03    4.654361009597779e-01   -1.410915981978178e-02
    vertex    5.949479993432759e-03    4.650690853595734e-01   -1.304979994893074e-02
  endloop
endfacet
facet normal    7.681687383525860e-01    6.396272573186386e-01   -2.817376639415135e-02
  outer loop
    vertex    9.153127670288084e-03    4.840222895145417e-01   -9.989012032747269e-03
    vertex    5.707652773708104e-03    4.879237115383149e-01   -1.535748969763517e-02
    vertex    5.705507006496190e-03    4.879859983921052e-01   -1.400190033018589e-02
  endloop
endfacet
facet normal   -6.137273397127766e-01   -2.900439445895962e-01   -7.343114207854767e-01
  outer loop
    vertex    6.729677785187959e-03    4.764893949031830e-01   -2.375325933098793e-02
    vertex    4.280104767531156e-03    4.739171862602234e-01   -2.068994939327240e-02
    vertex    6.317744031548499e-03    4.767636060714722e-01   -2.351728081703186e-02
  endloop
endfacet
facet normal    1.280088052679207e-01   -7.084475553543809e-01   -6.940574955191257e-01
  outer loop
    vertex    5.668370053172111e-03    4.773500859737397e-01   -2.421513944864273e-02
    vertex    5.527745932340621e-03    4.769156873226166e-01   -2.379767037928104e-02
    vertex    8.989204070530824e-04    4.761249125003815e-01   -2.384421974420547e-02
  endloop
endfacet
facet normal    4.795725763091105e-01    3.542983272030884e-01   -8.027968855154682e-01
  outer loop
    vertex   -9.820974431931988e-03    4.964601099491120e-01   -3.108870983123779e-02
    vertex   -1.277158968150617e-02    4.948615133762360e-01   -3.355684876441956e-02
    vertex   -1.378706004470588e-02    4.955599009990693e-01   -3.385524824261665e-02
  endloop
endfacet
facet normal   -9.459365486601347e-02    8.807094569128349e-01    4.641151720892016e-01
  outer loop
    vertex   -1.294174045324327e-02    4.964402914047242e-01   -2.693412080407143e-02
    vertex   -1.454299967736007e-02    4.966050088405610e-01   -2.757305093109608e-02
    vertex   -1.187772024422886e-02    4.955202937126160e-01   -2.497146092355251e-02
  endloop
endfacet
facet normal    1.198396653791926e-01    8.960668508633459e-01    4.274373093047089e-01
  outer loop
    vertex   -8.816351182758824e-03    4.948202073574067e-01   -2.436213009059429e-02
    vertex   -1.187772024422886e-02    4.955202937126160e-01   -2.497146092355251e-02
    vertex   -1.817423035390684e-04    4.910875856876374e-01   -1.895803958177567e-02
  endloop
endfacet
facet normal   -7.392173834938113e-01   -6.260540303494537e-01   -2.482216973267421e-01
  outer loop
    vertex   -1.517582032829525e-02    4.949049949645997e-01   -2.806767076253891e-02
    vertex   -1.378706004470588e-02    4.955599009990693e-01   -3.385524824261665e-02
    vertex   -1.481880992650987e-02    4.941135942935944e-01   -2.713483013212681e-02
  endloop
endfacet
facet normal   -7.400543824683411e-01    1.951343985200514e-01    6.436164055581710e-01
  outer loop
    vertex   -1.385447010397913e-02    4.953227043151856e-01   -2.639257907867432e-02
    vertex   -1.454299967736007e-02    4.966050088405610e-01   -2.757305093109608e-02
    vertex   -1.481880992650987e-02    4.941135942935944e-01   -2.713483013212681e-02
  endloop
endfacet
facet normal   -4.929584042693511e-01   -8.336289866961880e-01   -2.491078565603695e-01
  outer loop
    vertex   -1.212234981358053e-02    4.927833080291749e-01   -2.867956086993217e-02
    vertex   -5.707683973014369e-03    4.871912002563477e-01   -2.265975996851921e-02
    vertex   -1.370764989405872e-02    4.930869042873383e-01   -2.655838988721371e-02
  endloop
endfacet
facet normal   -1.432054156827273e-01   -8.438148416553533e-01   -5.171737830954779e-01
  outer loop
    vertex   -1.306310016661884e-02    4.946432113647461e-01   -3.311995044350624e-02
    vertex   -1.277158968150617e-02    4.948615133762360e-01   -3.355684876441956e-02
    vertex   -5.483116023242488e-03    4.874660968780518e-01   -2.350874990224838e-02
  endloop
endfacet
facet normal   -5.561283437905722e-01   -7.731159889815067e-01   -3.049802170861287e-01
  outer loop
    vertex   -1.481880992650987e-02    4.941135942935944e-01   -2.713483013212681e-02
    vertex   -1.212234981358053e-02    4.927833080291749e-01   -2.867956086993217e-02
    vertex   -1.370764989405872e-02    4.930869042873383e-01   -2.655838988721371e-02
  endloop
endfacet
facet normal   -4.607992630875153e-01    7.700855189904787e-01    4.411715455230176e-01
  outer loop
    vertex    4.204897210001945e-03    4.878382980823517e-01   -1.409974042326212e-02
    vertex    4.193026106804608e-03    4.884927868843079e-01   -1.525458041578531e-02
    vertex    1.734665944240986e-03    4.851259887218476e-01   -1.194540970027447e-02
  endloop
endfacet
facet normal   -6.576921827066867e-01    7.338909901407901e-01    1.698381800323029e-01
  outer loop
    vertex    4.204897210001945e-03    4.878382980823517e-01   -1.409974042326212e-02
    vertex    1.734665944240986e-03    4.851259887218476e-01   -1.194540970027447e-02
    vertex    4.092949908226728e-03    4.868307113647461e-01   -1.017935015261173e-02
  endloop
endfacet
facet normal    2.431133522636857e-01   -5.358515860901418e-01   -8.085536318858461e-01
  outer loop
    vertex   -3.347377933096149e-04    4.757345914840699e-01   -1.146611012518406e-02
    vertex   -1.543382997624577e-03    4.754034876823426e-01   -1.161008980125189e-02
    vertex   -6.912506185472026e-03    4.780591130256653e-01   -1.498441956937313e-02
  endloop
endfacet
facet normal   -2.207756030201384e-01   -7.549978537588153e-01   -6.174434175944198e-01
  outer loop
    vertex   -3.347377933096149e-04    4.757345914840699e-01   -1.146611012518406e-02
    vertex   -1.111967954784633e-03    4.799672067165375e-01   -1.636376045644283e-02
    vertex    1.089297002181410e-03    4.758600890636445e-01   -1.212874986231327e-02
  endloop
endfacet
facet normal   -2.465806391808002e-01    6.780492669645256e-01    6.924212445831348e-01
  outer loop
    vertex    4.092949908226728e-03    4.868307113647461e-01   -1.017935015261173e-02
    vertex    1.919955946505069e-03    4.838966131210328e-01   -8.079985156655312e-03
    vertex    4.636520985513925e-03    4.863421916961670e-01   -9.507397189736366e-03
  endloop
endfacet
facet normal    5.253677283648777e-01    7.509316010609438e-01    4.001130846657924e-01
  outer loop
    vertex    5.043468903750180e-03    4.870148897171021e-01   -1.020933967083693e-02
    vertex    1.006225030869245e-02    4.824770092964173e-01   -8.282554335892200e-03
    vertex    9.153127670288084e-03    4.840222895145417e-01   -9.989012032747269e-03
  endloop
endfacet
facet normal    6.153760469408466e-01    7.877995003070161e-01    2.615851997863847e-02
  outer loop
    vertex    5.004308186471461e-03    4.885793030261994e-01   -1.537446025758982e-02
    vertex    5.705507006496190e-03    4.879859983921052e-01   -1.400190033018589e-02
    vertex    4.572960082441568e-03    4.889603853225709e-01   -1.670386083424091e-02
  endloop
endfacet
facet normal   -5.190082934691783e-01    8.418636435968635e-01   -1.479729600299474e-01
  outer loop
    vertex   -1.041609980165960e-02    4.804722964763642e-01   -9.010126814246178e-03
    vertex   -6.889921147376314e-03    4.821734130382538e-01   -1.169985998421907e-02
    vertex   -1.081874035298826e-02    4.797253906726838e-01   -1.184726040810347e-02
  endloop
endfacet
facet normal   -9.031958910417326e-01    3.901951708835540e-01   -1.788432582584116e-01
  outer loop
    vertex   -2.759428927674890e-03    4.832414090633393e-01   -1.041048020124435e-02
    vertex   -4.089809954166413e-03    4.810118973255158e-01   -8.556063286960125e-03
    vertex   -3.125502960756422e-03    4.830608963966370e-01   -8.955567143857479e-03
  endloop
endfacet
facet normal    1.353782408737699e-02   -4.198808362041214e-01    9.074782701021039e-01
  outer loop
    vertex    8.922997862100599e-03    4.826925098896027e-01   -8.601113222539425e-03
    vertex    3.390372032299637e-03    4.838519096374512e-01   -7.982134819030762e-03
    vertex    3.977381158620118e-03    4.833030104637147e-01   -8.244861848652363e-03
  endloop
endfacet
facet normal   -2.326788582770715e-01   -7.558151685704295e-01   -6.120490011998482e-01
  outer loop
    vertex   -1.111967954784633e-03    4.799672067165375e-01   -1.636376045644283e-02
    vertex    1.483671949245028e-04    4.804497957229615e-01   -1.743884012103081e-02
    vertex    1.089297002181410e-03    4.758600890636445e-01   -1.212874986231327e-02
  endloop
endfacet
facet normal   -3.128701941289132e-01   -9.289454671764215e-01   -1.979205917486007e-01
  outer loop
    vertex    1.089297002181410e-03    4.758600890636445e-01   -1.212874986231327e-02
    vertex    3.747232956811785e-03    4.756254851818085e-01   -1.522925961762667e-02
    vertex    3.116719890385858e-04    4.755359888076783e-01   -9.378317743539810e-03
  endloop
endfacet
facet normal   -9.717788250873850e-01    2.267000273465614e-01    6.521512641135986e-02
  outer loop
    vertex    4.043636843562125e-03    4.722915887832642e-01   -1.054839976131916e-02
    vertex    3.297120099887251e-03    4.688982963562012e-01   -9.876618161797523e-03
    vertex    3.525231033563613e-03    4.695560932159424e-01   -8.764133788645267e-03
  endloop
endfacet
facet normal   -9.372335907261991e-01   -3.354842232233494e-01   -9.509748883488857e-02
  outer loop
    vertex    4.203164018690585e-03    4.752630889415742e-01   -1.433221995830536e-02
    vertex    4.564720205962657e-03    4.751161932945252e-01   -1.737732067704201e-02
    vertex    5.853618960827588e-03    4.718269109725953e-01   -1.847616024315357e-02
  endloop
endfacet
facet normal    9.925045968999087e-01   -1.157951141175377e-01    3.906554337336452e-02
  outer loop
    vertex    3.747232956811785e-03    4.756254851818085e-01   -1.522925961762667e-02
    vertex    3.851559013128280e-03    4.759784936904908e-01   -1.683342084288597e-02
    vertex    3.744401037693023e-03    4.760614931583405e-01   -1.386492978781462e-02
  endloop
endfacet
facet normal    6.603527958503098e-01   -5.963503916466553e-01    4.563993814583448e-01
  outer loop
    vertex    1.222178980242453e-04    4.790096879005433e-01   -4.565321840345860e-03
    vertex    3.116719890385858e-04    4.755359888076783e-01   -9.378317743539810e-03
    vertex    1.356572960503399e-03    4.760994017124177e-01   -1.015397999435663e-02
  endloop
endfacet
facet normal    6.089403154905442e-01   -6.564378551092658e-01    4.452875863414822e-01
  outer loop
    vertex    1.222178980242453e-04    4.790096879005433e-01   -4.565321840345860e-03
    vertex    3.744401037693023e-03    4.760614931583405e-01   -1.386492978781462e-02
    vertex    1.394381979480385e-03    4.802604019641877e-01   -4.461245145648718e-03
  endloop
endfacet
facet normal    3.531378919718751e-01    9.351804663775308e-01   -2.703931507202601e-02
  outer loop
    vertex    2.857268974184990e-02    4.761362969875336e-01   -8.388369344174862e-03
    vertex    3.028761968016624e-02    4.754408895969391e-01   -1.004242990165949e-02
    vertex    2.600630000233650e-02    4.768880903720856e-01   -1.590435020625591e-02
  endloop
endfacet
facet normal    4.567239093620261e-01    8.856749233719444e-01   -8.356554748919005e-02
  outer loop
    vertex    3.028761968016624e-02    4.754408895969391e-01   -1.004242990165949e-02
    vertex    3.132921084761620e-02    4.748126864433289e-01   -1.100771035999060e-02
    vertex    2.723711915314198e-02    4.763303995132447e-01   -1.728728041052818e-02
  endloop
endfacet
facet normal    6.081597653685202e-01    7.753634831902949e-01   -1.701563067356587e-01
  outer loop
    vertex    1.088737975805998e-02    4.824224114418030e-01   -8.560914546251297e-03
    vertex    1.023336034268141e-02    4.824958145618439e-01   -1.056397985666990e-02
    vertex    9.795223362743853e-03    4.830678999423981e-01   -9.523073211312294e-03
  endloop
endfacet
facet normal    4.331215618324355e-01    2.709717043049887e-01    8.596394873095823e-01
  outer loop
    vertex    3.977381158620118e-03    4.833030104637147e-01   -8.244861848652363e-03
    vertex    2.082468010485171e-03    4.832704961299897e-01   -7.279878016561270e-03
    vertex    6.824456155300140e-03    4.819042086601258e-01   -9.238410741090775e-03
  endloop
endfacet
facet normal   -7.052279960087180e-01   -6.331005282186407e-01    3.191194052620518e-01
  outer loop
    vertex    3.922947216778993e-03    4.753740131855012e-01   -8.567420765757561e-03
    vertex    1.394381979480385e-03    4.802604019641877e-01   -4.461245145648718e-03
    vertex    2.162706106901168e-03    4.782113134860993e-01   -6.828494835644960e-03
  endloop
endfacet
facet normal    9.913489769464164e-01   -1.312487715418978e-01   -9.827899246397417e-04
  outer loop
    vertex    2.738796733319759e-02    4.617112576961518e-01    2.167868615764903e-19
    vertex    2.737456932663918e-02    4.616275131702424e-01   -2.330848015844822e-03
    vertex    2.750739827752113e-02    4.626133441925049e-01   -5.370678348463423e-23
  endloop
endfacet
facet normal    9.262159043019604e-01   -3.629519819200315e-01    1.019311406706634e-01
  outer loop
    vertex    2.998677454888821e-02    4.694961011409760e-01   -5.648576538900223e-23
    vertex    3.004566021263599e-02    4.695807099342347e-01   -2.338040067115799e-04
    vertex    3.002105094492435e-02    4.695835709571839e-01   -5.652418371440342e-23
  endloop
endfacet
facet normal    9.165248374080016e-01   -3.980637430121781e-01    3.908297472520416e-02
  outer loop
    vertex    3.152136504650116e-02    4.725508093833924e-01   -1.705902722621764e-21
    vertex    3.161936998367310e-02    4.727711975574494e-01   -5.361458897823468e-05
    vertex    3.161595761775970e-02    4.727686047554017e-01   -5.831181749680439e-23
  endloop
endfacet
facet normal    9.717737411081635e-03    9.990329535334921e-01    4.288033737923379e-02
  outer loop
    vertex   -4.534261766821147e-03    4.840079247951508e-01   -1.779323764845920e-23
    vertex   -4.545491188764573e-03    4.840132892131806e-01   -1.224362058565021e-04
    vertex   -4.592474550008775e-03    4.840084910392762e-01   -1.772799048415675e-23
  endloop
endfacet
facet normal    8.336333903184937e-02   -9.892065563132326e-01    1.205028740419764e-01
  outer loop
    vertex   -3.171592578291894e-02    4.668457508087159e-01    1.267303455887796e-23
    vertex   -3.171896934509279e-02    4.668335914611817e-01   -9.771040640771389e-05
    vertex   -3.164555132389070e-02    4.668516814708710e-01    1.259415611259837e-23
  endloop
endfacet
facet normal   -7.081027270780423e-01   -7.060773307873051e-01   -6.732819091154654e-03
  outer loop
    vertex    5.404286086559295e-03    4.654635488986970e-01   -2.893275080940970e-23
    vertex    5.407248158007859e-03    4.654611945152283e-01   -6.461989687522873e-05
    vertex    5.415162537246942e-03    4.654526412487031e-01   -2.894494156075435e-23
  endloop
endfacet
facet normal    3.747765045363642e-01    8.938016314106254e-01   -2.462949762687199e-01
  outer loop
    vertex   -4.545491188764573e-03    4.840132892131806e-01   -1.224362058565021e-04
    vertex   -4.491042345762254e-03    4.840241968631745e-01    4.063973978854036e-20
    vertex   -4.437380470335484e-03    4.840016961097718e-01    2.574801141393124e-19
  endloop
endfacet
facet normal    6.810218564661374e-01    4.446863866509749e-01   -5.817759435923038e-01
  outer loop
    vertex   -4.334704484790564e-03    4.838506579399109e-01   -1.801690925551696e-23
    vertex   -4.545491188764573e-03    4.840132892131806e-01   -1.224362058565021e-04
    vertex   -4.376504570245744e-03    4.839146733283997e-01   -1.797005808480591e-23
  endloop
endfacet
facet normal   -3.549961556457659e-03    9.097517731495154e-01   -4.151374579874244e-01
  outer loop
    vertex   -1.270721014589073e-02    4.823055863380433e-01   -4.768632818013430e-03
    vertex   -4.691854119300843e-03    4.809522926807404e-01   -7.802845910191536e-03
    vertex   -1.101838983595373e-02    4.809012115001679e-01   -7.860687561333179e-03
  endloop
endfacet
facet normal   -1.895021797486182e-01   -7.894686144934399e-01    5.838049593831238e-01
  outer loop
    vertex   -1.521028019487859e-02    4.751507043838502e-01   -5.510976072400808e-03
    vertex   -1.363538019359113e-02    4.731925129890442e-01   -7.647791877388954e-03
    vertex   -9.273155592381970e-03    4.734767079353333e-01   -5.847509019076824e-03
  endloop
endfacet
facet normal    3.188308271996272e-01   -2.256766793519639e-01   -9.205525188841061e-01
  outer loop
    vertex    2.062058076262474e-02    4.726197123527527e-01   -1.905792020261288e-02
    vertex    2.275834046304226e-02    4.674127995967866e-01   -1.704102009534836e-02
    vertex    1.860241033136845e-02    4.692207872867585e-01   -1.892364956438541e-02
  endloop
endfacet
facet normal    1.018118024492032e-01   -9.722290716317299e-02   -9.900414451954956e-01
  outer loop
    vertex    2.190895006060600e-02    4.744229912757874e-01   -2.098275907337666e-02
    vertex    1.562926918268204e-02    4.776070117950440e-01   -2.194120921194553e-02
    vertex    1.725419983267784e-02    4.791229069232941e-01   -2.192297019064426e-02
  endloop
endfacet
facet normal    7.229964082896490e-01    5.698421731423315e-01   -3.905842947542723e-01
  outer loop
    vertex    4.572960082441568e-03    4.889603853225709e-01   -1.670386083424091e-02
    vertex   -3.551302012056113e-03    4.930720925331116e-01   -2.574362047016621e-02
    vertex   -7.815532386302964e-03    4.957948029041291e-01   -2.966468967497349e-02
  endloop
endfacet
facet normal    5.677958775687255e-01    5.206563583770332e-01   -6.375929719637187e-01
  outer loop
    vertex    2.505145035684108e-03    4.858883917331696e-01   -2.098277956247330e-02
    vertex    5.219785030931233e-03    4.859057068824769e-01   -1.855117082595825e-02
    vertex    3.985411021858453e-03    4.837597012519837e-01   -2.140283957123756e-02
  endloop
endfacet
facet normal   -5.767390485030813e-01   -6.953148020023204e-01   -4.288465880104847e-01
  outer loop
    vertex   -2.912939060479403e-03    4.860923886299134e-01   -2.296645939350128e-02
    vertex   -3.729468910023571e-03    4.866024851799012e-01   -2.269539050757885e-02
    vertex   -6.097896024584785e-03    4.915218949317933e-01   -2.748632058501244e-02
  endloop
endfacet
facet normal   -3.446722240801329e-01    6.752683853434907e-01   -6.520840940425168e-01
  outer loop
    vertex   -2.725626109167934e-03    4.802790880203248e-01   -1.602724939584732e-02
    vertex   -8.503892458975331e-03    4.783957004547120e-01   -1.492337975651026e-02
    vertex   -1.053889002650978e-02    4.793458878993989e-01   -1.286377012729645e-02
  endloop
endfacet
facet normal   -7.848803187979028e-01   -5.347174894783149e-01    3.131135442770095e-01
  outer loop
    vertex   -8.807579055428521e-03    4.734489023685456e-01   -5.283995997160673e-03
    vertex   -9.238423779606835e-03    4.709118008613587e-01   -1.069671008735895e-02
    vertex   -8.121960796415821e-03    4.750421047210694e-01   -8.445794810540974e-04
  endloop
endfacet
facet normal    6.811676414758400e-01   -7.320238568580979e-01   -1.231735348346752e-02
  outer loop
    vertex   -6.388168781995788e-03    4.731465876102448e-01   -4.326872993260622e-03
    vertex   -3.274294082075358e-03    4.760415852069855e-01   -4.175592213869095e-03
    vertex   -2.215978922322393e-03    4.769766032695771e-01   -1.217609969899058e-03
  endloop
endfacet
facet normal    3.144821849478108e-01   -4.693217584018287e-01   -8.251291065288308e-01
  outer loop
    vertex   -2.224822994321586e-03    4.744792878627778e-01   -1.259274035692215e-02
    vertex   -9.458573535084740e-03    4.706768095493317e-01   -1.318695023655891e-02
    vertex   -1.002721954137088e-02    4.716714918613434e-01   -1.396944001317024e-02
  endloop
endfacet
facet normal   -9.512398707029974e-01    2.937430786480422e-01    9.411541920065487e-02
  outer loop
    vertex    1.014658994972706e-02    4.821738898754120e-01   -8.108907379209995e-03
    vertex    9.021852165460585e-03    4.780822098255158e-01   -6.706296931952238e-03
    vertex    9.677506051957606e-03    4.783805906772614e-01   -1.010771025903523e-03
  endloop
endfacet
facet normal   -8.149123702324066e-01    5.754031480129723e-01    6.949133830171023e-02
  outer loop
    vertex    9.292438626289366e-03    4.774641394615174e-01   -1.829924073511881e-19
    vertex    7.282091770321130e-03    4.752523899078370e-01   -5.261214915663004e-03
    vertex    5.891355220228433e-03    4.726473689079285e-01   -2.947867694761727e-23
  endloop
endfacet
facet normal   -9.096528917115353e-01    3.344755509083248e-01    2.462878852997331e-01
  outer loop
    vertex    1.014658994972706e-02    4.821738898754120e-01   -8.108907379209995e-03
    vertex    9.264790453016756e-03    4.812738001346589e-01   -1.014341041445732e-02
    vertex    9.021852165460585e-03    4.780822098255158e-01   -6.706296931952238e-03
  endloop
endfacet
facet normal   -4.974871846125358e-01   -8.326359570946609e-01   -2.433595366928337e-01
  outer loop
    vertex   -1.212234981358053e-02    4.927833080291749e-01   -2.867956086993217e-02
    vertex   -1.306310016661884e-02    4.946432113647461e-01   -3.311995044350624e-02
    vertex   -5.707683973014369e-03    4.871912002563477e-01   -2.265975996851921e-02
  endloop
endfacet
facet normal    6.060735138179856e-01   -4.908992557773846e-02   -7.938923573477026e-01
  outer loop
    vertex   -7.043132092803731e-03    4.947415888309479e-01   -2.924427017569542e-02
    vertex    3.953399136662475e-04    4.831846058368683e-01   -2.285096980631351e-02
    vertex   -7.812317926436677e-03    4.949209094047547e-01   -2.984257042407990e-02
  endloop
endfacet
facet normal    8.664487888907201e-01    4.650004785362036e-01   -1.817719758128463e-01
  outer loop
    vertex    7.852230221033095e-03    4.830619990825654e-01   -1.445540972054005e-02
    vertex    7.807727903127669e-03    4.815205931663514e-01   -1.861068978905678e-02
    vertex    5.767602939158677e-03    4.856514930725098e-01   -1.776783913373947e-02
  endloop
endfacet
facet normal   -4.010035716965261e-01    9.145591051981456e-01    5.270463533500760e-02
  outer loop
    vertex   -6.889921147376314e-03    4.821734130382538e-01   -1.169985998421907e-02
    vertex   -1.041609980165960e-02    4.804722964763642e-01   -9.010126814246178e-03
    vertex   -8.041139692068116e-03    4.815588891506196e-01   -9.795365855097771e-03
  endloop
endfacet
facet normal    3.223814910901153e-01    9.451077369969713e-01   -5.330609412606963e-02
  outer loop
    vertex    1.650764048099518e-02    4.801166951656342e-01   -1.658027991652489e-02
    vertex    1.626373082399368e-02    4.799583852291108e-01   -2.086219005286694e-02
    vertex    1.238157972693443e-02    4.816924929618836e-01   -1.359501015394926e-02
  endloop
endfacet
facet normal   -8.961285820525560e-01    4.391313389892627e-01   -6.416565706024388e-02
  outer loop
    vertex    3.745106980204581e-03    4.682283997535706e-01   -2.515027881599963e-04
    vertex    3.815029747784137e-03    4.684078395366669e-01    2.707790286199336e-20
    vertex    5.700124427676200e-03    4.722547233104706e-01   -2.926433799548051e-23
  endloop
endfacet
facet normal    2.261928041928231e-01    6.270401168935376e-01   -7.454243805628616e-01
  outer loop
    vertex    2.260516025125980e-02    4.778051078319550e-01   -2.140777930617332e-02
    vertex    2.253648079931736e-02    4.774070978164673e-01   -2.176341973245144e-02
    vertex    1.725419983267784e-02    4.791229069232941e-01   -2.192297019064426e-02
  endloop
endfacet
facet normal   -1.874670917637631e-01   -7.164708040793374e-01   -6.719566030686391e-01
  outer loop
    vertex    1.636563986539841e-02    4.637938141822815e-01   -2.026529982686043e-02
    vertex    1.786538958549500e-02    4.630073904991150e-01   -1.984518952667713e-02
    vertex    9.776361286640166e-03    4.650279879570008e-01   -1.974290981888771e-02
  endloop
endfacet
facet normal   -6.927947016109167e-01    6.249025462334743e-01   -3.599059726244639e-01
  outer loop
    vertex   -1.417294982820751e-02    4.741190075874329e-01   -1.586855947971344e-02
    vertex   -1.487927045673134e-02    4.766544997692109e-01   -1.010658033192158e-02
    vertex   -1.136249955743553e-02    4.791010022163392e-01   -1.262827962636948e-02
  endloop
endfacet
facet normal   -8.461254207885781e-01    5.273934842733293e-01   -7.699275966861428e-02
  outer loop
    vertex   -1.225433032959701e-02    4.771175980567933e-01   -1.641348935663700e-02
    vertex   -1.417294982820751e-02    4.741190075874329e-01   -1.586855947971344e-02
    vertex   -1.136249955743553e-02    4.791010022163392e-01   -1.262827962636948e-02
  endloop
endfacet
facet normal   -6.790300238531021e-01   -6.778493074419529e-01    2.818484399575777e-01
  outer loop
    vertex    3.297120099887251e-03    4.688982963562012e-01   -9.876618161797523e-03
    vertex    3.427367890253662e-03    4.666228890419007e-01   -1.503521017730236e-02
    vertex    5.101596936583518e-03    4.657100141048432e-01   -1.319712959229946e-02
  endloop
endfacet
facet normal   -2.871182287930403e-01    9.387178200410820e-01   -1.907143860123466e-01
  outer loop
    vertex   -1.454299967736007e-02    4.966050088405610e-01   -2.757305093109608e-02
    vertex   -1.133660040795805e-02    4.968551099300385e-01   -3.116922080516815e-02
    vertex   -1.378706004470588e-02    4.955599009990693e-01   -3.385524824261665e-02
  endloop
endfacet
facet normal    6.885901942194048e-01    5.619452755167087e-02   -7.229700681896361e-01
  outer loop
    vertex    1.539021031931042e-03    4.867354035377503e-01   -2.164465002715588e-02
    vertex    1.439572952222071e-04    4.843856990337372e-01   -2.315600961446762e-02
    vertex   -2.916407072916628e-03    4.891493022441865e-01   -2.570058032870293e-02
  endloop
endfacet
facet normal   -9.436860574671271e-01   -3.081983507453219e-01   -1.202929820896203e-01
  outer loop
    vertex    4.057732876390218e-03    4.742867052555085e-01   -1.068976987153292e-02
    vertex    4.203164018690585e-03    4.752630889415742e-01   -1.433221995830536e-02
    vertex    5.853618960827588e-03    4.718269109725953e-01   -1.847616024315357e-02
  endloop
endfacet
facet normal    3.382175728476379e-01    9.406194843358043e-01   -2.904925308674863e-02
  outer loop
    vertex    1.936049014329910e-02    4.794904887676240e-01   -3.641498042270541e-03
    vertex    1.650764048099518e-02    4.801166951656342e-01   -1.658027991652489e-02
    vertex    1.238157972693443e-02    4.816924929618836e-01   -1.359501015394926e-02
  endloop
endfacet
facet normal    3.368925880073381e-01    9.413115600579143e-01   -2.087896182891984e-02
  outer loop
    vertex    2.221418917179108e-02    4.784752130508423e-01   -5.537795834243298e-03
    vertex    2.857268974184990e-02    4.761362969875336e-01   -8.388369344174862e-03
    vertex    2.600630000233650e-02    4.768880903720856e-01   -1.590435020625591e-02
  endloop
endfacet
facet normal   -2.607685390797367e-01   -9.634087045209268e-01   -6.199546015257507e-02
  outer loop
    vertex    9.924067184329031e-03    4.647817015647889e-01   -1.873240061104298e-02
    vertex    1.786741055548191e-02    4.626325070858002e-01   -1.874564960598946e-02
    vertex    1.189456973224878e-02    4.640280902385712e-01   -1.530972030013800e-02
  endloop
endfacet
facet normal    4.303731727361352e-01   -8.989824915015542e-01   -8.129829126550367e-02
  outer loop
    vertex    2.541645988821983e-02    4.599170088768006e-01   -7.800106890499592e-03
    vertex    2.583988942205906e-02    4.601806104183198e-01   -8.473435416817665e-03
    vertex    2.606829069554806e-02    4.595347940921784e-01   -1.230095949722454e-04
  endloop
endfacet
facet normal    8.169198651644121e-01    4.494243914346491e-01   -3.614687403958389e-01
  outer loop
    vertex    2.751062065362930e-02    4.760222136974335e-01   -1.813388988375664e-02
    vertex    3.132921084761620e-02    4.748126864433289e-01   -1.100771035999060e-02
    vertex    2.805959060788155e-02    4.754621982574463e-01   -1.758950017392635e-02
  endloop
endfacet
facet normal    6.732325948675321e-01   -6.838669273280757e-01   -2.812185963175013e-01
  outer loop
    vertex    2.745486982166767e-02    4.619312882423401e-01   -8.864494971930981e-03
    vertex    2.583988942205906e-02    4.601806104183198e-01   -8.473435416817665e-03
    vertex    2.677717059850693e-02    4.619511067867280e-01   -1.053509023040533e-02
  endloop
endfacet
facet normal    3.551903734534115e-01   -7.177993705785678e-01   -5.988354216335552e-01
  outer loop
    vertex    2.500401064753532e-02    4.713321030139924e-01   -1.691869087517262e-02
    vertex    2.393694035708904e-02    4.713591933250428e-01   -1.758407987654209e-02
    vertex    2.588164992630482e-02    4.733549952507020e-01   -1.882288977503777e-02
  endloop
endfacet
facet normal    6.575603372506877e-01   -2.919560380767089e-01   -6.945329903649740e-01
  outer loop
    vertex    2.471989020705223e-02    4.702559113502503e-01   -1.637903042137623e-02
    vertex    2.275834046304226e-02    4.674127995967866e-01   -1.704102009534836e-02
    vertex    2.393694035708904e-02    4.713591933250428e-01   -1.758407987654209e-02
  endloop
endfacet
facet normal   -1.002382484486809e-01   -9.417068042753612e-01   -3.211550845454993e-01
  outer loop
    vertex    2.277904003858566e-02    4.613335132598878e-01   -1.601549983024597e-02
    vertex    2.251327037811279e-02    4.612168967723847e-01   -1.559059973806143e-02
    vertex    1.912721991539001e-02    4.627867043018342e-01   -1.913681998848915e-02
  endloop
endfacet
facet normal    4.440881901253740e-01   -2.326112682943384e-01   -8.652616235877268e-01
  outer loop
    vertex    2.365230023860931e-02    4.638633131980897e-01   -1.710378937423229e-02
    vertex    1.912721991539001e-02    4.627867043018342e-01   -1.913681998848915e-02
    vertex    1.831387914717197e-02    4.659867882728577e-01   -2.041454985737801e-02
  endloop
endfacet
facet normal    4.449312611883131e-01   -2.322615438665042e-01   -8.649223942401566e-01
  outer loop
    vertex    1.831387914717197e-02    4.659867882728577e-01   -2.041454985737801e-02
    vertex    1.912721991539001e-02    4.627867043018342e-01   -1.913681998848915e-02
    vertex    1.786538958549500e-02    4.630073904991150e-01   -1.984518952667713e-02
  endloop
endfacet
facet normal    1.641825687161621e-01    4.822519144554568e-01   -8.605098344201589e-01
  outer loop
    vertex    1.709914952516556e-02    4.693624079227448e-01   -1.909904927015305e-02
    vertex    1.686554960906506e-02    4.664956033229828e-01   -2.075025066733360e-02
    vertex    1.017734035849571e-02    4.685240089893342e-01   -2.088956907391548e-02
  endloop
endfacet
facet normal   -2.978688998456406e-01   -2.052577716102871e-01   -9.322785880295262e-01
  outer loop
    vertex    1.017734035849571e-02    4.685240089893342e-01   -2.088956907391548e-02
    vertex    1.053695008158684e-02    4.653781056404114e-01   -2.031183987855911e-02
    vertex    9.138879366219042e-03    4.654670059680939e-01   -1.988472044467926e-02
  endloop
endfacet
facet normal    3.581290613578279e-01   -4.481078816673779e-01   -8.191110436311650e-01
  outer loop
    vertex    6.243526004254817e-03    4.723159968852997e-01   -1.936504058539867e-02
    vertex    1.013807021081447e-02    4.773213863372803e-01   -2.040055952966213e-02
    vertex    6.612369790673255e-03    4.716976881027222e-01   -1.886552013456821e-02
  endloop
endfacet
facet normal    6.548873416622553e-01    2.261773823519236e-01   -7.210869305728516e-01
  outer loop
    vertex    1.353078987449407e-03    4.814969897270203e-01   -2.569006010890007e-02
    vertex    1.766199013218283e-03    4.825111925601960e-01   -2.499675005674362e-02
    vertex    3.925987053662538e-03    4.806374907493592e-01   -2.362295053899288e-02
  endloop
endfacet
facet normal    7.048571477207771e-01    1.720077239244172e-01   -6.881785700072852e-01
  outer loop
    vertex    5.219785030931233e-03    4.859057068824769e-01   -1.855117082595825e-02
    vertex    1.458268030546605e-03    4.886110126972199e-01   -2.172766998410225e-02
    vertex   -3.551302012056113e-03    4.930720925331116e-01   -2.574362047016621e-02
  endloop
endfacet
facet normal   -9.004447991894495e-01   -4.314508126251758e-01    5.522100956834422e-02
  outer loop
    vertex    3.851559013128280e-03    4.759784936904908e-01   -1.683342084288597e-02
    vertex    4.778426955454043e-04    4.823291003704072e-01   -2.222757972776890e-02
    vertex    3.585790051147341e-03    4.763365089893342e-01   -1.836987026035786e-02
  endloop
endfacet
facet normal   -8.055774119656617e-01   -5.924891367369582e-01    1.286926338465478e-03
  outer loop
    vertex    4.160241223871707e-03    4.755544066429139e-01   -1.885339058935642e-02
    vertex    3.851559013128280e-03    4.759784936904908e-01   -1.683342084288597e-02
    vertex    3.585790051147341e-03    4.763365089893342e-01   -1.836987026035786e-02
  endloop
endfacet
facet normal    6.657199058226492e-01   -1.436164461286412e-01   -7.322508609710624e-01
  outer loop
    vertex   -1.110883988440038e-02    4.938701093196869e-01   -3.185072913765907e-02
    vertex   -1.277158968150617e-02    4.948615133762360e-01   -3.355684876441956e-02
    vertex   -9.243687614798561e-03    4.948188066482545e-01   -3.034110926091671e-02
  endloop
endfacet
facet normal   -5.163715396761374e-01   -7.120039847435254e-01   -4.758263955707341e-01
  outer loop
    vertex   -6.097896024584785e-03    4.915218949317933e-01   -2.748632058501244e-02
    vertex   -3.729468910023571e-03    4.866024851799012e-01   -2.269539050757885e-02
    vertex   -8.428362198174015e-03    4.948183000087739e-01   -2.988985925912857e-02
  endloop
endfacet
facet normal   -1.085621719922007e-01   -3.441531873457613e-01   -9.326161259875840e-01
  outer loop
    vertex   -6.912506185472026e-03    4.780591130256653e-01   -1.498441956937313e-02
    vertex   -8.503892458975331e-03    4.783957004547120e-01   -1.492337975651026e-02
    vertex   -1.111967954784633e-03    4.799672067165375e-01   -1.636376045644283e-02
  endloop
endfacet
facet normal    2.414279063317535e-01    3.477904473918510e-01   -9.059549496234580e-01
  outer loop
    vertex   -8.503892458975331e-03    4.783957004547120e-01   -1.492337975651026e-02
    vertex   -8.220194838941113e-03    4.776485860347748e-01   -1.513458974659443e-02
    vertex   -1.225433032959701e-02    4.771175980567933e-01   -1.641348935663700e-02
  endloop
endfacet
facet normal   -1.546262893989185e-01    9.618380842944270e-01   -2.257392527398558e-01
  outer loop
    vertex   -6.701239850372091e-03    4.827840030193329e-01   -4.848255775868893e-03
    vertex   -6.838204804807916e-03    4.834437072277070e-01   -1.943545998074114e-03
    vertex   -4.645578097552062e-03    4.839994907379151e-01   -1.077343011274934e-03
  endloop
endfacet
facet normal   -7.235068442511520e-03    9.960676860327239e-01   -8.829959584305731e-02
  outer loop
    vertex   -9.188402444124237e-03    4.808281064033509e-01   -8.835298009216785e-03
    vertex   -1.101838983595373e-02    4.809012115001679e-01   -7.860687561333179e-03
    vertex   -4.691854119300843e-03    4.809522926807404e-01   -7.802845910191536e-03
  endloop
endfacet
facet normal   -6.884938911321552e-01    2.794325552181651e-01   -6.692485404974381e-01
  outer loop
    vertex   -1.665233075618745e-02    4.774290919303895e-01   -4.776990041136742e-03
    vertex   -1.668778993189336e-02    4.759868979454041e-01   -5.342673044651747e-03
    vertex   -1.728737913072111e-02    4.773947894573212e-01   -4.138002172112465e-03
  endloop
endfacet
facet normal   -3.568132637303157e-01    6.647804014671517e-01   -6.563164729391552e-01
  outer loop
    vertex   -3.117582015693189e-02    4.737980067729951e-01   -3.818788973148912e-04
    vertex   -2.419462986290456e-02    4.775095880031586e-01   -4.178292874712497e-04
    vertex   -2.483074925839902e-02    4.765574038028718e-01   -1.036460045725107e-03
  endloop
endfacet
facet normal    2.036794689979578e-01    7.772140071061304e-01   -5.953596065125192e-01
  outer loop
    vertex   -2.891775965690614e-02    4.708186984062195e-01   -3.331026993691921e-03
    vertex   -3.488909825682641e-02    4.724557995796204e-01   -3.236732911318541e-03
    vertex   -3.089543059468271e-02    4.725899994373322e-01   -1.695260987617075e-03
  endloop
endfacet
facet normal   -3.332232811804221e-01    4.417224239988853e-01   -8.329727156491396e-01
  outer loop
    vertex   -2.651651017367841e-02    4.718826115131379e-01   -3.369058948010206e-03
    vertex   -2.947686053812505e-02    4.736258089542389e-01   -1.260385964997113e-03
    vertex   -1.728737913072111e-02    4.773947894573212e-01   -4.138002172112465e-03
  endloop
endfacet
facet normal   -7.631939245127638e-02   -1.058655080241011e-01   -9.914473483481950e-01
  outer loop
    vertex   -2.727443911135198e-02    4.707122147083283e-01   -3.446155926212668e-03
    vertex   -2.893795073032381e-02    4.680689871311188e-01   -3.035861998796463e-03
    vertex   -2.891775965690614e-02    4.708186984062195e-01   -3.331026993691921e-03
  endloop
endfacet
facet normal   -2.609951811774973e-01    2.728472185307151e-01   -9.259783532794800e-01
  outer loop
    vertex   -2.651651017367841e-02    4.718826115131379e-01   -3.369058948010206e-03
    vertex   -1.800717972218992e-02    4.750554859638215e-01   -4.832575097680092e-03
    vertex   -2.185625955462457e-02    4.724926054477692e-01   -4.502851981669664e-03
  endloop
endfacet
facet normal   -3.312041087189413e-01   -9.139639868668370e-02    9.391222160479414e-01
  outer loop
    vertex   -1.385447010397913e-02    4.953227043151856e-01   -2.639257907867432e-02
    vertex   -1.370764989405872e-02    4.930869042873383e-01   -2.655838988721371e-02
    vertex   -9.670276194810883e-03    4.896507859230042e-01   -2.546891942620277e-02
  endloop
endfacet
facet normal   -5.276295875253506e-01   -9.723276257843082e-02    8.438914671029651e-01
  outer loop
    vertex   -1.481880992650987e-02    4.941135942935944e-01   -2.713483013212681e-02
    vertex   -1.370764989405872e-02    4.930869042873383e-01   -2.655838988721371e-02
    vertex   -1.385447010397913e-02    4.953227043151856e-01   -2.639257907867432e-02
  endloop
endfacet
facet normal   -9.440893675265011e-01    1.867538288160681e-01    2.716951849885272e-01
  outer loop
    vertex   -3.261806908994914e-03    4.841060042381287e-01   -1.352399028837681e-02
    vertex   -2.890638075768948e-03    4.843592047691346e-01   -1.240829005837440e-02
    vertex   -3.605606034398080e-03    4.848083853721619e-01   -1.520141959190369e-02
  endloop
endfacet
facet normal   -4.083932581189544e-01    8.334135874267317e-01    3.723395480142965e-01
  outer loop
    vertex   -6.354182027280345e-03    4.869711995124817e-01   -2.250394970178604e-02
    vertex   -2.363493898883463e-03    4.845319986343384e-01   -1.266713999211788e-02
    vertex   -5.429957062006011e-03    4.866968989372254e-01   -2.087626047432423e-02
  endloop
endfacet
facet normal   -7.652199170299856e-01   -2.496041694423912e-01    5.934106817184839e-01
  outer loop
    vertex   -2.138603944331408e-03    4.869526028633118e-01   -1.525659020990133e-02
    vertex   -9.564642095938334e-04    4.853116869926453e-01   -1.442239992320538e-02
    vertex    6.662018131464711e-04    4.851224124431611e-01   -1.240953989326954e-02
  endloop
endfacet
facet normal    6.614517242525313e-01   -7.470967646018014e-01    6.578784693903376e-02
  outer loop
    vertex   -9.313407645095222e-05    4.750792980194092e-01   -1.049451995640993e-02
    vertex    3.116719890385858e-04    4.755359888076783e-01   -9.378317743539810e-03
    vertex   -9.821604471653709e-04    4.743775129318238e-01   -9.525546804070473e-03
  endloop
endfacet
facet normal    1.064370182149883e-01   -1.075041534906906e-01   -9.884907779720316e-01
  outer loop
    vertex   -1.382074970752002e-02    4.732863903045655e-01   -1.616548933088779e-02
    vertex   -1.225433032959701e-02    4.771175980567933e-01   -1.641348935663700e-02
    vertex   -1.196327991783620e-02    4.757800102233887e-01   -1.623667962849140e-02
  endloop
endfacet
facet normal    3.763808317024521e-01   -3.053338333752884e-01   -8.747049329478610e-01
  outer loop
    vertex   -1.002721954137088e-02    4.716714918613434e-01   -1.396944001317024e-02
    vertex   -1.382074970752002e-02    4.732863903045655e-01   -1.616548933088779e-02
    vertex   -1.196327991783620e-02    4.757800102233887e-01   -1.623667962849140e-02
  endloop
endfacet
facet normal   -8.323940987049213e-01    5.492879031579415e-01    7.350417597370504e-02
  outer loop
    vertex    5.406013224273919e-03    4.725421071052552e-01   -6.253147032111883e-03
    vertex    7.282091770321130e-03    4.752523899078370e-01   -5.261214915663004e-03
    vertex    9.021852165460585e-03    4.780822098255158e-01   -6.706296931952238e-03
  endloop
endfacet
facet normal   -8.597037332743879e-01   -5.107314384579784e-01   -7.930243673716824e-03
  outer loop
    vertex    3.826647996902465e-03    4.677503108978272e-01   -6.383385974913836e-03
    vertex    5.101596936583518e-03    4.657100141048432e-01   -1.319712959229946e-02
    vertex    4.054666031152009e-03    4.672678112983704e-01   -2.800002948788460e-05
  endloop
endfacet
facet normal    4.136840950633650e-01   -8.973999048857920e-01   -1.534238579966509e-01
  outer loop
    vertex   -8.740525692701355e-03    4.705299139022828e-01   -1.201491989195347e-02
    vertex   -1.252833986654879e-03    4.739497005939484e-01   -1.182836014777422e-02
    vertex   -1.944785006344319e-03    4.734396934509278e-01   -1.071099005639553e-02
  endloop
endfacet
facet normal   -5.705821228668405e-01   -7.757782056687299e-01    2.694516963653702e-01
  outer loop
    vertex   -9.238423779606835e-03    4.709118008613587e-01   -1.069671008735895e-02
    vertex   -7.760806940495983e-03    4.710778892040253e-01   -7.089572027325630e-03
    vertex   -7.963309064507500e-03    4.720829129219056e-01   -4.624820780009031e-03
  endloop
endfacet
facet normal   -2.587948797887027e-01   -9.514089849553833e-01    1.668716678807946e-01
  outer loop
    vertex   -1.521028019487859e-02    4.751507043838502e-01   -5.510976072400808e-03
    vertex   -9.273155592381970e-03    4.734767079353333e-01   -5.847509019076824e-03
    vertex   -8.807579055428521e-03    4.734489023685456e-01   -5.283995997160673e-03
  endloop
endfacet
facet normal   -9.327945663607023e-01    2.176861917631285e-01    2.872403503751099e-01
  outer loop
    vertex    7.710570935159913e-04    4.851283133029938e-01   -2.397998981177807e-02
    vertex   -1.562747056595990e-04    4.808839857578278e-01   -2.377486042678356e-02
    vertex   -6.212911830516616e-05    4.786224961280823e-01   -2.175525017082691e-02
  endloop
endfacet
facet normal   -8.461721273975650e-01   -3.741328885831590e-01   -3.794961297508850e-01
  outer loop
    vertex   -6.212911830516616e-05    4.786224961280823e-01   -2.175525017082691e-02
    vertex   -1.562747056595990e-04    4.808839857578278e-01   -2.377486042678356e-02
    vertex    2.285686932736999e-04    4.780761897563935e-01   -2.186484076082706e-02
  endloop
endfacet
facet normal   -7.647533950993459e-01   -6.440616533516030e-01    1.835296613691904e-02
  outer loop
    vertex    4.160241223871707e-03    4.755544066429139e-01   -1.885339058935642e-02
    vertex    4.564720205962657e-03    4.751161932945252e-01   -1.737732067704201e-02
    vertex    3.851559013128280e-03    4.759784936904908e-01   -1.683342084288597e-02
  endloop
endfacet
facet normal    2.332654764884995e-01    7.754549351794037e-01   -5.867340632556628e-01
  outer loop
    vertex   -1.133660040795805e-02    4.968551099300385e-01   -3.116922080516815e-02
    vertex   -9.820974431931988e-03    4.964601099491120e-01   -3.108870983123779e-02
    vertex   -1.378706004470588e-02    4.955599009990693e-01   -3.385524824261665e-02
  endloop
endfacet
facet normal    2.566995521737194e-01    9.353951439292146e-01   -2.431897708117179e-01
  outer loop
    vertex   -9.166044183075444e-03    4.965268969535828e-01   -3.014050982892513e-02
    vertex   -9.820974431931988e-03    4.964601099491120e-01   -3.108870983123779e-02
    vertex   -1.133660040795805e-02    4.968551099300385e-01   -3.116922080516815e-02
  endloop
endfacet
facet normal    2.792710735169965e-01    9.348620075962197e-01    2.191818748205015e-01
  outer loop
    vertex    3.970513935200862e-04    4.913563132286072e-01   -2.027159929275513e-02
    vertex   -9.166044183075444e-03    4.965268969535828e-01   -3.014050982892513e-02
    vertex   -2.304464112967254e-03    4.924395978450776e-01   -2.144991979002953e-02
  endloop
endfacet
facet normal    2.443266801512945e-01    9.242592536001523e-01    2.933416191077161e-01
  outer loop
    vertex    5.004308186471461e-03    4.885793030261994e-01   -1.537446025758982e-02
    vertex   -2.304464112967254e-03    4.924395978450776e-01   -2.144991979002953e-02
    vertex   -1.817423035390684e-04    4.910875856876374e-01   -1.895803958177567e-02
  endloop
endfacet
facet normal    7.185132873847687e-01    1.946690779311424e-01   -6.677144643850180e-01
  outer loop
    vertex   -6.908258888870492e-03    4.870730042457581e-01   -2.407965995371342e-02
    vertex   -5.139989778399482e-03    4.864203929901124e-01   -2.236712910234928e-02
    vertex   -2.536449115723372e-03    4.841732084751130e-01   -2.022067084908485e-02
  endloop
endfacet
facet normal    6.859990170933078e-01    4.608284130090681e-02   -7.261416668148516e-01
  outer loop
    vertex    1.539021031931042e-03    4.867354035377503e-01   -2.164465002715588e-02
    vertex   -2.916407072916628e-03    4.891493022441865e-01   -2.570058032870293e-02
    vertex   -7.043132092803731e-03    4.947415888309479e-01   -2.924427017569542e-02
  endloop
endfacet
facet normal    4.106483099261353e-01   -1.814994821587949e-01   -8.935468110462360e-01
  outer loop
    vertex   -8.220194838941113e-03    4.776485860347748e-01   -1.513458974659443e-02
    vertex   -1.543382997624577e-03    4.754034876823426e-01   -1.161008980125189e-02
    vertex   -1.054302975535394e-02    4.766423106193543e-01   -1.599770039319992e-02
  endloop
endfacet
facet normal   -5.901323757353562e-02    9.904758460739512e-01   -1.243986982857133e-01
  outer loop
    vertex   -3.836302086710931e-03    4.841904938220978e-01   -1.882122014649212e-03
    vertex    7.663496071472756e-04    4.837242960929871e-01   -7.777480874210596e-03
    vertex   -1.983649097383023e-03    4.834300875663758e-01   -8.815434761345387e-03
  endloop
endfacet
facet normal    7.991152185518774e-01    5.911124265745978e-01    1.095489234446237e-01
  outer loop
    vertex    9.153127670288084e-03    4.840222895145417e-01   -9.989012032747269e-03
    vertex    1.006225030869245e-02    4.824770092964173e-01   -8.282554335892200e-03
    vertex    9.795223362743853e-03    4.830678999423981e-01   -9.523073211312294e-03
  endloop
endfacet
facet normal   -3.979985317958017e-02    5.362969653011587e-01    8.430904676816432e-01
  outer loop
    vertex    1.919955946505069e-03    4.838966131210328e-01   -8.079985156655312e-03
    vertex    3.390372032299637e-03    4.838519096374512e-01   -7.982134819030762e-03
    vertex    4.636520985513925e-03    4.863421916961670e-01   -9.507397189736366e-03
  endloop
endfacet
facet normal   -3.134445150353892e-01   -3.552035362215031e-01    8.806718934143231e-01
  outer loop
    vertex    1.006225030869245e-02    4.824770092964173e-01   -8.282554335892200e-03
    vertex    8.786449208855627e-03    4.832001924514771e-01   -8.444948121905327e-03
    vertex    8.922997862100599e-03    4.826925098896027e-01   -8.601113222539425e-03
  endloop
endfacet
facet normal   -3.408964900146728e-01   -9.132361959422258e-01   -2.231350118575042e-01
  outer loop
    vertex    1.089297002181410e-03    4.758600890636445e-01   -1.212874986231327e-02
    vertex    3.851559013128280e-03    4.759784936904908e-01   -1.683342084288597e-02
    vertex    3.747232956811785e-03    4.756254851818085e-01   -1.522925961762667e-02
  endloop
endfacet
facet normal    6.884065424695460e-01   -5.698188878005467e-01    4.487793081135460e-01
  outer loop
    vertex    1.222178980242453e-04    4.790096879005433e-01   -4.565321840345860e-03
    vertex    1.356572960503399e-03    4.760994017124177e-01   -1.015397999435663e-02
    vertex    3.744401037693023e-03    4.760614931583405e-01   -1.386492978781462e-02
  endloop
endfacet
facet normal    3.720373831110875e-01    9.272302146853983e-01   -4.280554335975528e-02
  outer loop
    vertex    3.028761968016624e-02    4.754408895969391e-01   -1.004242990165949e-02
    vertex    2.723711915314198e-02    4.763303995132447e-01   -1.728728041052818e-02
    vertex    2.600630000233650e-02    4.768880903720856e-01   -1.590435020625591e-02
  endloop
endfacet
facet normal    3.274478513771793e-01    9.447789333821722e-01   -1.306413662336366e-02
  outer loop
    vertex    2.221418917179108e-02    4.784752130508423e-01   -5.537795834243298e-03
    vertex    2.228550054132938e-02    4.783129990100861e-01   -1.548148039728403e-02
    vertex    1.936049014329910e-02    4.794904887676240e-01   -3.641498042270541e-03
  endloop
endfacet
facet normal    4.093221914427077e-01    9.122338359922815e-01   -1.687519076474524e-02
  outer loop
    vertex    3.005209006369114e-02    4.757184982299805e-01   -7.485207752324641e-04
    vertex    3.187244012951851e-02    4.749118983745576e-01   -1.972975005628541e-04
    vertex    3.028761968016624e-02    4.754408895969391e-01   -1.004242990165949e-02
  endloop
endfacet
facet normal    3.820897539827991e-01   -2.104402252709497e-01    8.998457264938673e-01
  outer loop
    vertex    4.695307929068803e-03    4.745916128158570e-01   -9.332817047834396e-03
    vertex    7.495662197470664e-03    4.782752096652985e-01   -9.660439565777779e-03
    vertex    6.587814074009656e-03    4.791417121887208e-01   -9.072309359908104e-03
  endloop
endfacet
facet normal    1.945735468551206e-01   -5.810297602854895e-01    7.902819449581301e-01
  outer loop
    vertex    4.146753810346126e-03    4.735251069068909e-01   -9.981873445212841e-03
    vertex    4.695307929068803e-03    4.745916128158570e-01   -9.332817047834396e-03
    vertex    3.922947216778993e-03    4.753740131855012e-01   -8.567420765757561e-03
  endloop
endfacet
facet normal    3.683805777990865e-01   -4.543147970866215e-01    8.111065374219056e-01
  outer loop
    vertex    2.001489978283643e-03    4.802418947219849e-01   -4.747341852635145e-03
    vertex    7.461517816409461e-04    4.808053970336915e-01   -3.861577017232776e-03
    vertex    1.394381979480385e-03    4.802604019641877e-01   -4.461245145648718e-03
  endloop
endfacet
facet normal   -7.340484803124933e-01   -6.221854482082383e-01    2.721361728782719e-01
  outer loop
    vertex    4.057732876390218e-03    4.742867052555085e-01   -1.068976987153292e-02
    vertex    3.922947216778993e-03    4.753740131855012e-01   -8.567420765757561e-03
    vertex    2.162706106901168e-03    4.782113134860993e-01   -6.828494835644960e-03
  endloop
endfacet
facet normal   -8.788625393732784e-01   -4.741566564601429e-01   -5.268872764539648e-02
  outer loop
    vertex    4.203164018690585e-03    4.752630889415742e-01   -1.433221995830536e-02
    vertex    2.162706106901168e-03    4.782113134860993e-01   -6.828494835644960e-03
    vertex    3.744401037693023e-03    4.760614931583405e-01   -1.386492978781462e-02
  endloop
endfacet
facet normal   -2.863094235188879e-01   -9.578863170483911e-01    2.192527344758371e-02
  outer loop
    vertex    1.532921195030212e-02    4.625582098960877e-01    1.351247016015253e-20
    vertex    1.530450023710728e-02    4.625633955001832e-01   -9.614371083443984e-05
    vertex    1.653537526726723e-02    4.621976912021638e-01   -4.140891093921671e-23
  endloop
endfacet
facet normal   -2.106854035621428e-01   -9.772276034832493e-01    2.525612235166627e-02
  outer loop
    vertex    2.565797045826912e-02    4.596264362335206e-01    1.350089328362268e-20
    vertex    2.606829069554806e-02    4.595347940921784e-01   -1.230095949722454e-04
    vertex    2.605539001524448e-02    4.595407545566559e-01    9.481561077665157e-20
  endloop
endfacet
facet normal   -9.675460107596574e-01   -2.525452787809908e-01    8.694781682399847e-03
  outer loop
    vertex    3.745126770809292e-03    4.682369828224183e-01    2.439184157090851e-19
    vertex    3.745106980204581e-03    4.682283997535706e-01   -2.515027881599963e-04
    vertex    3.756849560886621e-03    4.681920707225800e-01    3.252335655061362e-19
  endloop
endfacet
facet normal    4.476813599653287e-01    8.941098803038889e-01    1.220335538116819e-02
  outer loop
    vertex    3.012436069548130e-02    4.756720960140229e-01    5.420444462654268e-19
    vertex    3.005209006369114e-02    4.757184982299805e-01   -7.485207752324641e-04
    vertex    3.006852976977825e-02    4.757000505924225e-01    1.083636398487103e-19
  endloop
endfacet
facet normal   -2.615468642655749e-01   -9.644788896738408e-01   -3.706358275127133e-02
  outer loop
    vertex    1.189456973224878e-02    4.640280902385712e-01   -1.530972030013800e-02
    vertex    1.705219969153404e-02    4.626283943653107e-01   -1.528233010321856e-02
    vertex    1.582323946058750e-02    4.624609947204590e-01   -2.253796905279160e-03
  endloop
endfacet
facet normal    7.198963336345383e-01   -6.866792067220787e-01   -1.010986442791708e-01
  outer loop
    vertex    2.708262950181961e-02    4.602699875831605e-01   -2.312815049663186e-04
    vertex    2.583988942205906e-02    4.601806104183198e-01   -8.473435416817665e-03
    vertex    2.745486982166767e-02    4.619312882423401e-01   -8.864494971930981e-03
  endloop
endfacet
facet normal    8.671876084852596e-01   -4.869891245008064e-01   -1.040540451282621e-01
  outer loop
    vertex    3.004566021263599e-02    4.695807099342347e-01   -2.338040067115799e-04
    vertex    2.889171987771988e-02    4.694359898567200e-01   -9.173443540930748e-03
    vertex    3.100560978055000e-02    4.716446995735169e-01   -1.893365988507867e-03
  endloop
endfacet
facet normal    3.888739747509232e-01   -3.088459071429835e-01   -8.679811273307997e-01
  outer loop
    vertex    2.588164992630482e-02    4.733549952507020e-01   -1.882288977503777e-02
    vertex    2.190895006060600e-02    4.744229912757874e-01   -2.098275907337666e-02
    vertex    2.253648079931736e-02    4.774070978164673e-01   -2.176341973245144e-02
  endloop
endfacet
facet normal    5.858602968684412e-01    2.975987189284443e-01   -7.537922227281009e-01
  outer loop
    vertex    1.913945935666561e-02    4.684630036354065e-01   -1.879527978599072e-02
    vertex    2.365230023860931e-02    4.638633131980897e-01   -1.710378937423229e-02
    vertex    1.831387914717197e-02    4.659867882728577e-01   -2.041454985737801e-02
  endloop
endfacet
facet normal   -1.583584131950034e-01   -5.576098602098211e-01   -8.148581819968087e-01
  outer loop
    vertex    1.562926918268204e-02    4.776070117950440e-01   -2.194120921194553e-02
    vertex    2.190895006060600e-02    4.744229912757874e-01   -2.098275907337666e-02
    vertex    1.381454989314079e-02    4.754033982753754e-01   -2.008059993386269e-02
  endloop
endfacet
facet normal   -2.044890207860705e-01    7.539068419103970e-02   -9.759613133291509e-01
  outer loop
    vertex    1.050969026982784e-02    4.709199070930482e-01   -1.974219083786011e-02
    vertex    6.612369790673255e-03    4.716976881027222e-01   -1.886552013456821e-02
    vertex    1.290708966553211e-02    4.750249981880189e-01   -1.992739923298359e-02
  endloop
endfacet
facet normal   -8.784165715356616e-01   -4.202309407558425e-01    2.275747861319293e-01
  outer loop
    vertex    4.280104767531156e-03    4.739171862602234e-01   -2.068994939327240e-02
    vertex    5.853618960827588e-03    4.718269109725953e-01   -1.847616024315357e-02
    vertex    4.564720205962657e-03    4.751161932945252e-01   -1.737732067704201e-02
  endloop
endfacet
facet normal    7.341758953296922e-01    4.727795296891468e-01   -4.873040847599721e-01
  outer loop
    vertex    9.099539369344710e-03    4.777741134166718e-01   -2.086701989173889e-02
    vertex    6.882837042212485e-03    4.776177108287812e-01   -2.435846067965031e-02
    vertex    7.673908025026321e-03    4.811640083789826e-01   -1.972603052854538e-02
  endloop
endfacet
facet normal    3.536453612428094e-01    6.561334364501146e-01   -6.666512371874863e-01
  outer loop
    vertex    1.202245987951755e-02    4.789217114448548e-01   -1.962612941861153e-02
    vertex    7.673908025026321e-03    4.811640083789826e-01   -1.972603052854538e-02
    vertex    1.158487983047962e-02    4.815055131912232e-01   -1.731522008776665e-02
  endloop
endfacet
facet normal   -4.218869459157861e-01    3.853907226840359e-02   -9.058289820791458e-01
  outer loop
    vertex    5.208040820434682e-04    4.776161015033722e-01   -2.180635929107666e-02
    vertex    4.209720063954591e-03    4.795989096164704e-01   -2.344010025262833e-02
    vertex    5.668370053172111e-03    4.773500859737397e-01   -2.421513944864273e-02
  endloop
endfacet
facet normal   -1.815415407533804e-01    8.568312959213129e-01   -4.825793191908374e-01
  outer loop
    vertex    1.622287963982663e-04    4.763788878917695e-01   -2.386816963553429e-02
    vertex    5.208040820434682e-04    4.776161015033722e-01   -2.180635929107666e-02
    vertex    5.668370053172111e-03    4.773500859737397e-01   -2.421513944864273e-02
  endloop
endfacet
facet normal    6.137949805100884e-01    4.558015829564767e-01   -6.445933903438587e-01
  outer loop
    vertex    4.795830231159925e-03    4.804277122020722e-01   -2.298724092543125e-02
    vertex    3.985411021858453e-03    4.837597012519837e-01   -2.140283957123756e-02
    vertex    7.673908025026321e-03    4.811640083789826e-01   -1.972603052854538e-02
  endloop
endfacet
facet normal   -5.901168202295818e-01   -5.078142025412378e-01   -6.276040743809222e-01
  outer loop
    vertex    2.285686932736999e-04    4.780761897563935e-01   -2.186484076082706e-02
    vertex   -1.562747056595990e-04    4.808839857578278e-01   -2.377486042678356e-02
    vertex    1.353078987449407e-03    4.814969897270203e-01   -2.569006010890007e-02
  endloop
endfacet
facet normal    2.159060305912012e-01    8.888253796269374e-01   -4.041955349646775e-01
  outer loop
    vertex   -4.691854119300843e-03    4.809522926807404e-01   -7.802845910191536e-03
    vertex   -6.701239850372091e-03    4.827840030193329e-01   -4.848255775868893e-03
    vertex   -4.645578097552062e-03    4.839994907379151e-01   -1.077343011274934e-03
  endloop
endfacet
facet normal   -6.763602996545998e-01    3.288270132494003e-01   -6.590975196498762e-01
  outer loop
    vertex   -1.393825002014639e-02    4.823181927204133e-01   -4.157412797212601e-03
    vertex   -1.101838983595373e-02    4.809012115001679e-01   -7.860687561333179e-03
    vertex   -1.521847024559976e-02    4.801405966281891e-01   -3.930075094103813e-03
  endloop
endfacet
facet normal   -9.556296454843122e-01    1.276295742182956e-01   -2.654857292895124e-01
  outer loop
    vertex   -1.665233075618745e-02    4.774290919303895e-01   -4.776990041136742e-03
    vertex   -1.563082076609136e-02    4.762113094329835e-01   -9.039404802024364e-03
    vertex   -1.668778993189336e-02    4.759868979454041e-01   -5.342673044651747e-03
  endloop
endfacet
facet normal   -4.338993294049896e-01    3.791032511493523e-01   -8.173200700520520e-01
  outer loop
    vertex   -1.623689942061902e-02    4.796491861343384e-01   -3.650008933618665e-03
    vertex   -1.728737913072111e-02    4.773947894573212e-01   -4.138002172112465e-03
    vertex   -2.419462986290456e-02    4.775095880031586e-01   -4.178292874712497e-04
  endloop
endfacet
facet normal   -9.868368359599092e-01   -7.140276973669850e-02    1.451023902854910e-01
  outer loop
    vertex   -3.488909825682641e-02    4.724557995796204e-01   -3.236732911318541e-03
    vertex   -3.477079048752786e-02    4.697228074073792e-01   -3.776991041377187e-03
    vertex   -3.411801904439928e-02    4.682385921478272e-01   -6.787347228964791e-05
  endloop
endfacet
facet normal    1.966653832474003e-01   -7.680288442455987e-01    6.094706075266657e-01
  outer loop
    vertex   -8.121960796415821e-03    4.750421047210694e-01   -8.445794810540974e-04
    vertex   -7.963309064507500e-03    4.720829129219056e-01   -4.624820780009031e-03
    vertex   -3.191347932443024e-03    4.764873087406159e-01   -6.144166109152138e-04
  endloop
endfacet
facet normal    1.664578408736796e-01   -9.614933628082227e-01   -2.186831051714059e-01
  outer loop
    vertex    8.989204070530824e-04    4.761249125003815e-01   -2.384421974420547e-02
    vertex    5.527745932340621e-03    4.769156873226166e-01   -2.379767037928104e-02
    vertex    4.160241223871707e-03    4.755544066429139e-01   -1.885339058935642e-02
  endloop
endfacet
facet normal    8.881284830229197e-02   -7.466012572980925e-01   -6.593169500151967e-01
  outer loop
    vertex   -3.347377933096149e-04    4.757345914840699e-01   -1.146611012518406e-02
    vertex   -6.912506185472026e-03    4.780591130256653e-01   -1.498441956937313e-02
    vertex   -1.111967954784633e-03    4.799672067165375e-01   -1.636376045644283e-02
  endloop
endfacet
facet normal    1.315540920170086e-01    4.690613054072684e-01    8.733126660270132e-01
  outer loop
    vertex    4.636520985513925e-03    4.863421916961670e-01   -9.507397189736366e-03
    vertex    3.390372032299637e-03    4.838519096374512e-01   -7.982134819030762e-03
    vertex    8.786449208855627e-03    4.832001924514771e-01   -8.444948121905327e-03
  endloop
endfacet
facet normal   -8.372445445941541e-02   -9.122442956956157e-01    4.009994522393806e-01
  outer loop
    vertex    8.835907094180582e-03    4.819555878639222e-01   -1.029574032872915e-02
    vertex    8.922997862100599e-03    4.826925098896027e-01   -8.601113222539425e-03
    vertex    3.977381158620118e-03    4.833030104637147e-01   -8.244861848652363e-03
  endloop
endfacet
facet normal   -2.183224056041852e-01   -9.756163016838802e-01   -2.254238452048849e-02
  outer loop
    vertex    7.365154102444648e-03    4.644488096237183e-01   -4.802993033081293e-03
    vertex    7.435970939695834e-03    4.645704925060273e-01   -1.075518969446421e-02
    vertex    1.530450023710728e-02    4.625633955001832e-01   -9.614371083443984e-05
  endloop
endfacet
facet normal   -1.632694143442293e-01   -9.840262154283769e-01   -7.096129712313676e-02
  outer loop
    vertex    7.435970939695834e-03    4.645704925060273e-01   -1.075518969446421e-02
    vertex    9.493564255535601e-03    4.645941853523255e-01   -1.581789925694466e-02
    vertex    1.279131043702364e-02    4.633038043975831e-01   -5.511610768735409e-03
  endloop
endfacet
facet normal   -2.610868226652158e-01   -9.632834250530511e-01   -6.259963297532047e-02
  outer loop
    vertex    1.786741055548191e-02    4.626325070858002e-01   -1.874564960598946e-02
    vertex    1.705219969153404e-02    4.626283943653107e-01   -1.528233010321856e-02
    vertex    1.189456973224878e-02    4.640280902385712e-01   -1.530972030013800e-02
  endloop
endfacet
facet normal    4.407531631778107e-01   -8.957881251849794e-01    5.744809767376028e-02
  outer loop
    vertex   -2.989606931805612e-02    4.673244953155518e-01   -2.216384047642350e-03
    vertex   -1.930049993097784e-02    4.726685881614686e-01   -1.772531977621838e-04
    vertex   -2.535733953118326e-02    4.696871936321259e-01   -1.968639990082011e-04
  endloop
endfacet
facet normal    5.795339801891323e-01   -8.111502468462312e-01   -7.858525846137164e-02
  outer loop
    vertex    2.606829069554806e-02    4.595347940921784e-01   -1.230095949722454e-04
    vertex    2.583988942205906e-02    4.601806104183198e-01   -8.473435416817665e-03
    vertex    2.708262950181961e-02    4.602699875831605e-01   -2.312815049663186e-04
  endloop
endfacet
facet normal    7.906827796007878e-01   -6.106189191803431e-01   -4.433145138388289e-02
  outer loop
    vertex    3.088760003447533e-02    4.720560908317566e-01   -9.664633311331272e-03
    vertex    3.100560978055000e-02    4.716446995735169e-01   -1.893365988507867e-03
    vertex    2.889171987771988e-02    4.694359898567200e-01   -9.173443540930748e-03
  endloop
endfacet
facet normal    4.937263770464580e-01    8.689990761413284e-01   -3.278521426033888e-02
  outer loop
    vertex    3.132921084761620e-02    4.748126864433289e-01   -1.100771035999060e-02
    vertex    3.028761968016624e-02    4.754408895969391e-01   -1.004242990165949e-02
    vertex    3.187244012951851e-02    4.749118983745576e-01   -1.972975005628541e-04
  endloop
endfacet
facet normal    9.484154259053427e-01   -3.132355330867284e-01   -4.890481281694822e-02
  outer loop
    vertex    3.088760003447533e-02    4.720560908317566e-01   -9.664633311331272e-03
    vertex    3.176881000399590e-02    4.739770889282227e-01   -4.879250191152096e-03
    vertex    3.161936998367310e-02    4.727711975574494e-01   -5.361458897823468e-05
  endloop
endfacet
facet normal    8.569088493575473e-01   -2.126587708011273e-01   -4.695566750607192e-01
  outer loop
    vertex    2.720684930682182e-02    4.624811112880707e-01   -9.990991093218327e-03
    vertex    2.677717059850693e-02    4.619511067867280e-01   -1.053509023040533e-02
    vertex    2.365230023860931e-02    4.638633131980897e-01   -1.710378937423229e-02
  endloop
endfacet
facet normal   -1.610555903560688e-01   -9.814773458394195e-01   -1.037464043669320e-01
  outer loop
    vertex    2.541645988821983e-02    4.599170088768006e-01   -7.800106890499592e-03
    vertex    2.181590907275677e-02    4.612259864807129e-01   -1.459401007741690e-02
    vertex    2.251327037811279e-02    4.612168967723847e-01   -1.559059973806143e-02
  endloop
endfacet
facet normal    4.721793690755217e-01    1.887747252815163e-01   -8.610521160268582e-01
  outer loop
    vertex    2.275834046304226e-02    4.674127995967866e-01   -1.704102009534836e-02
    vertex    1.913945935666561e-02    4.684630036354065e-01   -1.879527978599072e-02
    vertex    1.860241033136845e-02    4.692207872867585e-01   -1.892364956438541e-02
  endloop
endfacet
facet normal    4.257104085119503e-01   -4.283326352578888e-02   -9.038450971379548e-01
  outer loop
    vertex    2.228882908821106e-02    4.662821888923646e-01   -1.720857992768288e-02
    vertex    1.913945935666561e-02    4.684630036354065e-01   -1.879527978599072e-02
    vertex    2.275834046304226e-02    4.674127995967866e-01   -1.704102009534836e-02
  endloop
endfacet
facet normal    1.630323649646070e-02   -5.445826563995450e-03   -9.998522628132495e-01
  outer loop
    vertex    1.562926918268204e-02    4.776070117950440e-01   -2.194120921194553e-02
    vertex    1.542096957564354e-02    4.799542129039765e-01   -2.195739001035690e-02
    vertex    1.725419983267784e-02    4.791229069232941e-01   -2.192297019064426e-02
  endloop
endfacet
facet normal   -2.055667048718178e-02   -3.324476512888084e-01   -9.428976521611645e-01
  outer loop
    vertex    1.381454989314079e-02    4.754033982753754e-01   -2.008059993386269e-02
    vertex    1.935875043272972e-02    4.723392128944398e-01   -1.912109926342964e-02
    vertex    1.290708966553211e-02    4.750249981880189e-01   -1.992739923298359e-02
  endloop
endfacet
facet normal   -7.576904442522318e-01   -3.373637624299072e-01   -5.586509487041015e-01
  outer loop
    vertex    9.776361286640166e-03    4.650279879570008e-01   -1.974290981888771e-02
    vertex    5.440840963274240e-03    4.654361009597779e-01   -1.410915981978178e-02
    vertex    6.414243020117282e-03    4.659031033515931e-01   -1.571138948202133e-02
  endloop
endfacet
facet normal   -3.130093622070326e-01   -9.338175538388570e-01   -1.732337014358353e-01
  outer loop
    vertex    5.949479993432759e-03    4.650690853595734e-01   -1.304979994893074e-02
    vertex    5.440840963274240e-03    4.654361009597779e-01   -1.410915981978178e-02
    vertex    9.776361286640166e-03    4.650279879570008e-01   -1.974290981888771e-02
  endloop
endfacet
facet normal   -5.114593879463667e-01   -8.227605234087204e-01   -2.479403468613697e-01
  outer loop
    vertex    9.776361286640166e-03    4.650279879570008e-01   -1.974290981888771e-02
    vertex    6.414243020117282e-03    4.659031033515931e-01   -1.571138948202133e-02
    vertex    9.138879366219042e-03    4.654670059680939e-01   -1.988472044467926e-02
  endloop
endfacet
facet normal   -5.314978894779677e-02   -2.626011362189383e-01   -9.634395379012256e-01
  outer loop
    vertex    1.013807021081447e-02    4.773213863372803e-01   -2.040055952966213e-02
    vertex    1.381454989314079e-02    4.754033982753754e-01   -2.008059993386269e-02
    vertex    1.290708966553211e-02    4.750249981880189e-01   -1.992739923298359e-02
  endloop
endfacet
facet normal   -2.702771027307374e-01   -7.885275693577071e-01   -5.524260675441602e-01
  outer loop
    vertex    5.853618960827588e-03    4.718269109725953e-01   -1.847616024315357e-02
    vertex    4.280104767531156e-03    4.739171862602234e-01   -2.068994939327240e-02
    vertex    6.243526004254817e-03    4.723159968852997e-01   -1.936504058539867e-02
  endloop
endfacet
facet normal    7.549831918369058e-01   -3.865855450862865e-01   -5.296715929461355e-01
  outer loop
    vertex    8.888859301805494e-03    4.765389859676362e-01   -2.071180008351803e-02
    vertex    6.729677785187959e-03    4.764893949031830e-01   -2.375325933098793e-02
    vertex    6.882837042212485e-03    4.776177108287812e-01   -2.435846067965031e-02
  endloop
endfacet
facet normal   -1.630078029862495e-01    2.253154157764938e-01   -9.605526636156196e-01
  outer loop
    vertex    4.209720063954591e-03    4.795989096164704e-01   -2.344010025262833e-02
    vertex    6.882837042212485e-03    4.776177108287812e-01   -2.435846067965031e-02
    vertex    5.668370053172111e-03    4.773500859737397e-01   -2.421513944864273e-02
  endloop
endfacet
facet normal    7.431593550311458e-01    2.930032682653000e-01   -6.015507109259736e-01
  outer loop
    vertex    1.458268030546605e-03    4.886110126972199e-01   -2.172766998410225e-02
    vertex   -7.043132092803731e-03    4.947415888309479e-01   -2.924427017569542e-02
    vertex   -3.551302012056113e-03    4.930720925331116e-01   -2.574362047016621e-02
  endloop
endfacet
facet normal   -2.439373069756642e-01    8.258840167806292e-01   -5.083406152293497e-01
  outer loop
    vertex   -1.270721014589073e-02    4.823055863380433e-01   -4.768632818013430e-03
    vertex   -1.101838983595373e-02    4.809012115001679e-01   -7.860687561333179e-03
    vertex   -1.393825002014639e-02    4.823181927204133e-01   -4.157412797212601e-03
  endloop
endfacet
facet normal   -9.171517477779351e-01   -3.936794038126916e-01    6.204190971885582e-02
  outer loop
    vertex   -1.512563042342664e-02    4.756728112697602e-01   -1.029967982321978e-02
    vertex   -1.448393985629083e-02    4.733793139457703e-01   -1.536681968718767e-02
    vertex   -1.440989971160890e-02    4.741806089878083e-01   -9.187780320644379e-03
  endloop
endfacet
facet normal   -3.978940718456790e-01    7.991342583019324e-01   -4.506270573304334e-01
  outer loop
    vertex   -2.419462986290456e-02    4.775095880031586e-01   -4.178292874712497e-04
    vertex   -1.573367044329645e-02    4.815233945846558e-01   -7.706604083068669e-04
    vertex   -1.623689942061902e-02    4.796491861343384e-01   -3.650008933618665e-03
  endloop
endfacet
facet normal   -6.639419505598701e-02   -1.060133465153201e-01   -9.921456451668224e-01
  outer loop
    vertex   -2.891775965690614e-02    4.708186984062195e-01   -3.331026993691921e-03
    vertex   -2.893795073032381e-02    4.680689871311188e-01   -3.035861998796463e-03
    vertex   -3.151452913880350e-02    4.671008884906769e-01   -2.759994007647038e-03
  endloop
endfacet
facet normal    4.743022054995687e-01   -8.524546670965339e-01   -2.199055670136218e-01
  outer loop
    vertex   -2.171329036355020e-02    4.716885089874268e-01   -1.484313979744911e-03
    vertex   -2.989606931805612e-02    4.673244953155518e-01   -2.216384047642350e-03
    vertex   -2.893795073032381e-02    4.680689871311188e-01   -3.035861998796463e-03
  endloop
endfacet
facet normal   -7.717274685733302e-01    4.690958425047270e-01    4.294016823373893e-01
  outer loop
    vertex   -6.354182027280345e-03    4.869711995124817e-01   -2.250394970178604e-02
    vertex   -3.605606034398080e-03    4.848083853721619e-01   -1.520141959190369e-02
    vertex   -2.363493898883463e-03    4.845319986343384e-01   -1.266713999211788e-02
  endloop
endfacet
facet normal    3.450309258942302e-01    9.378270442045847e-01   -3.786945121152394e-02
  outer loop
    vertex   -6.354182027280345e-03    4.869711995124817e-01   -2.250394970178604e-02
    vertex   -5.429957062006011e-03    4.866968989372254e-01   -2.087626047432423e-02
    vertex   -9.564642095938334e-04    4.853116869926453e-01   -1.442239992320538e-02
  endloop
endfacet
facet normal   -8.351938562023312e-01   -1.708196804060803e-01    5.227541098335282e-01
  outer loop
    vertex   -6.354182027280345e-03    4.869711995124817e-01   -2.250394970178604e-02
    vertex   -9.564642095938334e-04    4.853116869926453e-01   -1.442239992320538e-02
    vertex   -3.733352990821005e-03    4.865970909595490e-01   -1.843895018100739e-02
  endloop
endfacet
facet normal   -8.346751896705126e-01   -1.756747983916946e-01    5.219728852713817e-01
  outer loop
    vertex   -7.814820855855957e-03    4.880206882953644e-01   -2.448640950024128e-02
    vertex   -6.354182027280345e-03    4.869711995124817e-01   -2.250394970178604e-02
    vertex   -3.733352990821005e-03    4.865970909595490e-01   -1.843895018100739e-02
  endloop
endfacet
facet normal   -7.866114678819793e-01   -4.473518383091887e-01    4.255804640229008e-01
  outer loop
    vertex   -5.386061966419235e-03    4.879465997219086e-01   -2.007514983415604e-02
    vertex   -7.814820855855957e-03    4.880206882953644e-01   -2.448640950024128e-02
    vertex   -3.733352990821005e-03    4.865970909595490e-01   -1.843895018100739e-02
  endloop
endfacet
facet normal    7.373899131871042e-01   -6.735454703586403e-01   -5.091773059821955e-02
  outer loop
    vertex   -3.274294082075358e-03    4.760415852069855e-01   -4.175592213869095e-03
    vertex   -1.747450005495929e-04    4.793612062931061e-01   -3.200283972546458e-03
    vertex   -2.215978922322393e-03    4.769766032695771e-01   -1.217609969899058e-03
  endloop
endfacet
facet normal    6.578257034171152e-01   -7.507937713456642e-01    5.978341603097053e-02
  outer loop
    vertex   -9.313407645095222e-05    4.750792980194092e-01   -1.049451995640993e-02
    vertex   -9.821604471653709e-04    4.743775129318238e-01   -9.525546804070473e-03
    vertex   -1.944785006344319e-03    4.734396934509278e-01   -1.071099005639553e-02
  endloop
endfacet
facet normal    6.573362131852221e-01   -7.508445468395649e-01    6.435502557377241e-02
  outer loop
    vertex   -1.252833986654879e-03    4.739497005939484e-01   -1.182836014777422e-02
    vertex   -9.313407645095222e-05    4.750792980194092e-01   -1.049451995640993e-02
    vertex   -1.944785006344319e-03    4.734396934509278e-01   -1.071099005639553e-02
  endloop
endfacet
facet normal    3.366601502963430e-01   -5.175247448047586e-01   -7.866562665594250e-01
  outer loop
    vertex   -1.252833986654879e-03    4.739497005939484e-01   -1.182836014777422e-02
    vertex   -9.458573535084740e-03    4.706768095493317e-01   -1.318695023655891e-02
    vertex   -2.224822994321586e-03    4.744792878627778e-01   -1.259274035692215e-02
  endloop
endfacet
facet normal    2.490830743731857e-01   -9.480642906638536e-01    1.978173976900066e-01
  outer loop
    vertex   -9.126824326813237e-03    4.737535119056702e-01   -4.651981871575117e-03
    vertex   -1.058052014559509e-02    4.743066132068635e-01   -1.707449991954491e-04
    vertex   -1.199270039796831e-02    4.739398062229157e-01   -1.505567051935941e-04
  endloop
endfacet
facet normal   -8.940719947475267e-01    4.083527884798445e-01    1.840740838600423e-01
  outer loop
    vertex    3.797587007284164e-03    4.685094952583314e-01   -5.119476001709700e-03
    vertex    5.406013224273919e-03    4.725421071052552e-01   -6.253147032111883e-03
    vertex    3.525231033563613e-03    4.695560932159424e-01   -8.764133788645267e-03
  endloop
endfacet
facet normal   -5.506496595209052e-01    2.383925175319918e-01   -7.999712245164012e-01
  outer loop
    vertex    6.797898095101110e-04    4.788100123405457e-01   -2.341946028172970e-02
    vertex    7.101211813278489e-04    4.813990890979767e-01   -2.266879007220268e-02
    vertex    1.161918975412845e-03    4.832181036472321e-01   -2.243771031498909e-02
  endloop
endfacet
facet normal    2.170598413401472e-01    9.353607389489730e-01    2.792585062450583e-01
  outer loop
    vertex   -2.304464112967254e-03    4.924395978450776e-01   -2.144991979002953e-02
    vertex   -7.890230976045147e-03    4.954183101654053e-01   -2.708528935909271e-02
    vertex   -8.816351182758824e-03    4.948202073574067e-01   -2.436213009059429e-02
  endloop
endfacet
facet normal   -2.660163536806402e-01    5.979231795720326e-01    7.561237801477529e-01
  outer loop
    vertex   -7.548375986516490e-03    4.927014112472535e-01   -2.121922932565212e-02
    vertex   -1.187772024422886e-02    4.955202937126160e-01   -2.497146092355251e-02
    vertex   -4.599274136126042e-03    4.895718097686768e-01   -1.770688034594059e-02
  endloop
endfacet
facet normal   -2.165512525302532e-03    8.177789937633766e-01    5.755283033134529e-01
  outer loop
    vertex    5.004308186471461e-03    4.885793030261994e-01   -1.537446025758982e-02
    vertex   -1.817423035390684e-04    4.910875856876374e-01   -1.895803958177567e-02
    vertex    4.193026106804608e-03    4.884927868843079e-01   -1.525458041578531e-02
  endloop
endfacet
facet normal   -2.473016577020005e-01    6.109701827781899e-01    7.520354551840144e-01
  outer loop
    vertex   -1.085466006770731e-03    4.877254068851472e-01   -1.505133043974638e-02
    vertex   -7.548375986516490e-03    4.927014112472535e-01   -2.121922932565212e-02
    vertex   -4.599274136126042e-03    4.895718097686768e-01   -1.770688034594059e-02
  endloop
endfacet
facet normal    7.564313786361307e-01    3.464992315551133e-01   -5.547520634899510e-01
  outer loop
    vertex   -2.536449115723372e-03    4.841732084751130e-01   -2.022067084908485e-02
    vertex   -5.139989778399482e-03    4.864203929901124e-01   -2.236712910234928e-02
    vertex   -5.707683973014369e-03    4.871912002563477e-01   -2.265975996851921e-02
  endloop
endfacet
facet normal    6.331414833237535e-01    7.697425940976595e-01    8.141376374055391e-02
  outer loop
    vertex   -1.370764989405872e-02    4.930869042873383e-01   -2.655838988721371e-02
    vertex   -7.814820855855957e-03    4.880206882953644e-01   -2.448640950024128e-02
    vertex   -9.670276194810883e-03    4.896507859230042e-01   -2.546891942620277e-02
  endloop
endfacet
facet normal    6.765775009303688e-01    6.333083316392757e-01   -3.757172371759034e-01
  outer loop
    vertex   -5.139989778399482e-03    4.864203929901124e-01   -2.236712910234928e-02
    vertex   -7.814820855855957e-03    4.880206882953644e-01   -2.448640950024128e-02
    vertex   -1.370764989405872e-02    4.930869042873383e-01   -2.655838988721371e-02
  endloop
endfacet
facet normal   -8.052966818371082e-02    7.328682696188097e-01    6.755879453691822e-01
  outer loop
    vertex   -1.085466006770731e-03    4.877254068851472e-01   -1.505133043974638e-02
    vertex    4.193026106804608e-03    4.884927868843079e-01   -1.525458041578531e-02
    vertex   -2.282008063048125e-03    4.908049106597901e-01   -1.853455975651741e-02
  endloop
endfacet
facet normal   -2.614880782389626e-01    5.952005877133185e-01    7.598422502892390e-01
  outer loop
    vertex   -4.599274136126042e-03    4.895718097686768e-01   -1.770688034594059e-02
    vertex    6.662018131464711e-04    4.851224124431611e-01   -1.240953989326954e-02
    vertex   -1.085466006770731e-03    4.877254068851472e-01   -1.505133043974638e-02
  endloop
endfacet
facet normal    5.404775433760526e-01   -9.907276673514590e-02   -8.355050041727042e-01
  outer loop
    vertex    1.439572952222071e-04    4.843856990337372e-01   -2.315600961446762e-02
    vertex    3.953399136662475e-04    4.831846058368683e-01   -2.285096980631351e-02
    vertex   -2.916407072916628e-03    4.891493022441865e-01   -2.570058032870293e-02
  endloop
endfacet
facet normal   -4.013312988860051e-01    8.981725241105389e-01   -1.794973689706209e-01
  outer loop
    vertex   -1.041609980165960e-02    4.804722964763642e-01   -9.010126814246178e-03
    vertex   -1.081874035298826e-02    4.797253906726838e-01   -1.184726040810347e-02
    vertex   -1.384073030203582e-02    4.787550866603852e-01   -9.945735335350037e-03
  endloop
endfacet
facet normal   -2.187780961786177e-01    9.608936371552772e-01    1.697632548785569e-01
  outer loop
    vertex    1.088737975805998e-02    4.824224114418030e-01   -8.560914546251297e-03
    vertex    1.014658994972706e-02    4.821738898754120e-01   -8.108907379209995e-03
    vertex    1.226884033530950e-02    4.815231859683991e-01   -1.690797973424196e-03
  endloop
endfacet
facet normal    2.676906769632312e-01    9.591037178867384e-01    9.198782420952568e-02
  outer loop
    vertex    1.834299042820930e-02    4.798657894134522e-01   -2.086265012621880e-03
    vertex    1.314262021332979e-02    4.815621078014374e-01   -4.639370832592249e-03
    vertex    1.226884033530950e-02    4.815231859683991e-01   -1.690797973424196e-03
  endloop
endfacet
facet normal    2.428506389309767e-01    9.648435571826911e-01   -1.005011310079017e-01
  outer loop
    vertex    1.626373082399368e-02    4.799583852291108e-01   -2.086219005286694e-02
    vertex    1.158487983047962e-02    4.815055131912232e-01   -1.731522008776665e-02
    vertex    1.238157972693443e-02    4.816924929618836e-01   -1.359501015394926e-02
  endloop
endfacet
facet normal   -8.331978482174807e-01   -5.526801336162748e-01   -1.805590295877486e-02
  outer loop
    vertex    5.407248158007859e-03    4.654611945152283e-01   -6.461989687522873e-05
    vertex    5.404286086559295e-03    4.654635488986970e-01   -2.893275080940970e-23
    vertex    5.392365623265504e-03    4.654815196990967e-01    2.710216237314882e-19
  endloop
endfacet
facet normal   -2.867691576874568e-01   -9.576794693608280e-01   -2.476861247606689e-02
  outer loop
    vertex    2.219275012612343e-02    4.606258869171143e-01   -4.933936987072229e-03
    vertex    2.372018992900848e-02    4.600727856159211e-01   -1.232836046256125e-03
    vertex    1.530450023710728e-02    4.625633955001832e-01   -9.614371083443984e-05
  endloop
endfacet
facet normal   -2.746999820276419e-01   -9.599704922887797e-01   -5.474097011244167e-02
  outer loop
    vertex    1.705219969153404e-02    4.626283943653107e-01   -1.528233010321856e-02
    vertex    2.181590907275677e-02    4.612259864807129e-01   -1.459401007741690e-02
    vertex    2.299108915030956e-02    4.605953097343445e-01   -9.431348182260990e-03
  endloop
endfacet
facet normal   -2.885654129016513e-01   -9.566445739557136e-01   -3.951153753007994e-02
  outer loop
    vertex    1.582323946058750e-02    4.624609947204590e-01   -2.253796905279160e-03
    vertex    1.705219969153404e-02    4.626283943653107e-01   -1.528233010321856e-02
    vertex    2.299108915030956e-02    4.605953097343445e-01   -9.431348182260990e-03
  endloop
endfacet
facet normal   -2.539478663669045e-01   -9.669303829190918e-01    2.358210668357144e-02
  outer loop
    vertex    6.878824438899755e-03    4.647130370140076e-01   -2.304235471242387e-19
    vertex    6.122902967035770e-03    4.648016095161439e-01   -4.508554004132748e-03
    vertex    1.266242563724518e-02    4.631940722465516e-01   -3.706795750915648e-23
  endloop
endfacet
facet normal   -2.030249451726438e-01   -9.747751771782123e-01   -9.270504622095689e-02
  outer loop
    vertex    9.493564255535601e-03    4.645941853523255e-01   -1.581789925694466e-02
    vertex    5.949479993432759e-03    4.650690853595734e-01   -1.304979994893074e-02
    vertex    9.924067184329031e-03    4.647817015647889e-01   -1.873240061104298e-02
  endloop
endfacet
facet normal    9.718700099714279e-01   -2.031877896334868e-01   -1.190941050681963e-01
  outer loop
    vertex    2.753677032887936e-02    4.633978903293610e-01   -2.772351028397679e-03
    vertex    2.683543972671032e-02    4.640024006366730e-01   -9.526936337351799e-03
    vertex    2.789711952209473e-02    4.645088016986847e-01   -1.727052032947540e-03
  endloop
endfacet
facet normal    9.425996252193400e-01   -2.556643927226531e-01   -2.148061098528546e-01
  outer loop
    vertex    3.132921084761620e-02    4.748126864433289e-01   -1.100771035999060e-02
    vertex    3.154008835554123e-02    4.743439853191376e-01   -9.524497203528881e-03
    vertex    3.088760003447533e-02    4.720560908317566e-01   -9.664633311331272e-03
  endloop
endfacet
facet normal    7.899478407232063e-01   -2.696714017586114e-01   -5.506902432495870e-01
  outer loop
    vertex    2.611421048641205e-02    4.644024968147278e-01   -1.130934990942478e-02
    vertex    2.352719940245152e-02    4.659559130668641e-01   -1.578103937208652e-02
    vertex    2.811194024980068e-02    4.695667922496796e-01   -1.097260974347591e-02
  endloop
endfacet
facet normal    7.922928694189479e-01   -2.941012477040973e-01   -5.345806442126232e-01
  outer loop
    vertex    2.811194024980068e-02    4.695667922496796e-01   -1.097260974347591e-02
    vertex    2.352719940245152e-02    4.659559130668641e-01   -1.578103937208652e-02
    vertex    2.471989020705223e-02    4.702559113502503e-01   -1.637903042137623e-02
  endloop
endfacet
facet normal    5.937594924328053e-01   -7.237564712204086e-01   -3.516052267992035e-01
  outer loop
    vertex    2.677717059850693e-02    4.619511067867280e-01   -1.053509023040533e-02
    vertex    2.583988942205906e-02    4.601806104183198e-01   -8.473435416817665e-03
    vertex    2.277904003858566e-02    4.613335132598878e-01   -1.601549983024597e-02
  endloop
endfacet
facet normal    5.888420687314585e-01    4.796667922529314e-01   -6.505265455781489e-01
  outer loop
    vertex    2.701815962791443e-02    4.757938981056214e-01   -1.889619976282120e-02
    vertex    2.253648079931736e-02    4.774070978164673e-01   -2.176341973245144e-02
    vertex    2.260516025125980e-02    4.778051078319550e-01   -2.140777930617332e-02
  endloop
endfacet
facet normal    4.520149142873057e-01   -4.795831854397385e-01   -7.521186645106696e-01
  outer loop
    vertex    2.365230023860931e-02    4.638633131980897e-01   -1.710378937423229e-02
    vertex    2.277904003858566e-02    4.613335132598878e-01   -1.601549983024597e-02
    vertex    1.912721991539001e-02    4.627867043018342e-01   -1.913681998848915e-02
  endloop
endfacet
facet normal   -2.826014977266121e-01   -3.272844857608800e-01   -9.016769148996285e-01
  outer loop
    vertex    5.081852898001670e-03    4.673992991447449e-01   -1.682562939822674e-02
    vertex    6.612369790673255e-03    4.716976881027222e-01   -1.886552013456821e-02
    vertex    9.224513545632361e-03    4.703285992145539e-01   -1.918726973235607e-02
  endloop
endfacet
facet normal   -5.534340837628945e-01   -5.484307548088784e-02   -8.310854059609777e-01
  outer loop
    vertex    1.202245987951755e-02    4.789217114448548e-01   -1.962612941861153e-02
    vertex    1.542096957564354e-02    4.799542129039765e-01   -2.195739001035690e-02
    vertex    1.562926918268204e-02    4.776070117950440e-01   -2.194120921194553e-02
  endloop
endfacet
facet normal    6.735394117058408e-01   -5.714317762354377e-01   -4.688394031940603e-01
  outer loop
    vertex    8.888859301805494e-03    4.765389859676362e-01   -2.071180008351803e-02
    vertex    6.243526004254817e-03    4.723159968852997e-01   -1.936504058539867e-02
    vertex    6.729677785187959e-03    4.764893949031830e-01   -2.375325933098793e-02
  endloop
endfacet
facet normal    7.125823523331277e-01    3.975134288940154e-01   -5.781085235423440e-01
  outer loop
    vertex    1.766199013218283e-03    4.825111925601960e-01   -2.499675005674362e-02
    vertex    3.985411021858453e-03    4.837597012519837e-01   -2.140283957123756e-02
    vertex    3.925987053662538e-03    4.806374907493592e-01   -2.362295053899288e-02
  endloop
endfacet
facet normal    7.485586860344153e-01    4.849948226307045e-01   -4.521503241001174e-01
  outer loop
    vertex    2.596531994640826e-03    4.890963137149811e-01   -1.983013935387135e-02
    vertex   -3.551302012056113e-03    4.930720925331116e-01   -2.574362047016621e-02
    vertex    4.572960082441568e-03    4.889603853225709e-01   -1.670386083424091e-02
  endloop
endfacet
facet normal   -8.361482356068275e-01   -9.253846688315186e-03    5.484254684212418e-01
  outer loop
    vertex    2.259198954561717e-04    4.773252010345460e-01   -2.347576059401035e-02
    vertex    3.585790051147341e-03    4.763365089893342e-01   -1.836987026035786e-02
    vertex    7.101211813278489e-04    4.813990890979767e-01   -2.266879007220268e-02
  endloop
endfacet
facet normal   -8.234043456437343e-01    4.620939916029395e-01   -3.293545604655811e-01
  outer loop
    vertex   -1.563082076609136e-02    4.762113094329835e-01   -9.039404802024364e-03
    vertex   -1.665233075618745e-02    4.774290919303895e-01   -4.776990041136742e-03
    vertex   -1.384073030203582e-02    4.787550866603852e-01   -9.945735335350037e-03
  endloop
endfacet
facet normal   -7.500006353854797e-01   -6.117262281811414e-01   -2.515751750007359e-01
  outer loop
    vertex   -1.563082076609136e-02    4.762113094329835e-01   -9.039404802024364e-03
    vertex   -1.363538019359113e-02    4.731925129890442e-01   -7.647791877388954e-03
    vertex   -1.668778993189336e-02    4.759868979454041e-01   -5.342673044651747e-03
  endloop
endfacet
facet normal   -8.409298376752993e-01   -5.352740113652129e-01    7.949050801440755e-02
  outer loop
    vertex   -1.448393985629083e-02    4.733793139457703e-01   -1.536681968718767e-02
    vertex   -1.363538019359113e-02    4.731925129890442e-01   -7.647791877388954e-03
    vertex   -1.440989971160890e-02    4.741806089878083e-01   -9.187780320644379e-03
  endloop
endfacet
facet normal   -5.981526904871872e-01   -7.915098179990411e-01   -1.254016222943878e-01
  outer loop
    vertex   -3.151452913880350e-02    4.671008884906769e-01   -2.759994007647038e-03
    vertex   -3.171896934509279e-02    4.668335914611817e-01   -9.771040640771389e-05
    vertex   -3.477079048752786e-02    4.697228074073792e-01   -3.776991041377187e-03
  endloop
endfacet
facet normal    5.565086137760020e-01   -8.150640577850912e-01    1.611482066298416e-01
  outer loop
    vertex   -1.800717972218992e-02    4.750554859638215e-01   -4.832575097680092e-03
    vertex   -1.933401077985765e-02    4.742217063903809e-01   -4.467636812478304e-03
    vertex   -2.185625955462457e-02    4.724926054477692e-01   -4.502851981669664e-03
  endloop
endfacet
facet normal   -2.374578011868357e-01    9.483926229343268e-01    2.101552412367136e-01
  outer loop
    vertex    1.919955946505069e-03    4.838966131210328e-01   -8.079985156655312e-03
    vertex    6.665558903478078e-04    4.842948913574219e-01   -1.129357982426882e-02
    vertex   -2.759428927674890e-03    4.832414090633393e-01   -1.041048020124435e-02
  endloop
endfacet
facet normal    4.257428199706569e-01   -8.708757909556176e-01    2.455980618222797e-01
  outer loop
    vertex   -9.126824326813237e-03    4.737535119056702e-01   -4.651981871575117e-03
    vertex   -8.386564441025273e-03    4.754101932048798e-01   -6.072696851333603e-05
    vertex   -1.058052014559509e-02    4.743066132068635e-01   -1.707449991954491e-04
  endloop
endfacet
facet normal   -5.268081289974555e-01   -8.479539061629446e-01    5.871429336374837e-02
  outer loop
    vertex    3.427367890253662e-03    4.666228890419007e-01   -1.503521017730236e-02
    vertex    5.440840963274240e-03    4.654361009597779e-01   -1.410915981978178e-02
    vertex    5.101596936583518e-03    4.657100141048432e-01   -1.319712959229946e-02
  endloop
endfacet
facet normal    3.894374250186454e-01   -9.207143716007707e-01    2.497074133150403e-02
  outer loop
    vertex   -7.760806940495983e-03    4.710778892040253e-01   -7.089572027325630e-03
    vertex   -8.740525692701355e-03    4.705299139022828e-01   -1.201491989195347e-02
    vertex   -1.944785006344319e-03    4.734396934509278e-01   -1.071099005639553e-02
  endloop
endfacet
facet normal   -1.144972826071934e-01   -9.004661128029049e-01    4.195844992003332e-01
  outer loop
    vertex   -9.760730899870411e-03    4.705508053302765e-01   -1.225981023162603e-02
    vertex   -9.273155592381970e-03    4.734767079353333e-01   -5.847509019076824e-03
    vertex   -1.363538019359113e-02    4.731925129890442e-01   -7.647791877388954e-03
  endloop
endfacet
facet normal   -8.563812360371220e-01    5.046878927048626e-01   -1.090931231593267e-01
  outer loop
    vertex    6.317744031548499e-03    4.767636060714722e-01   -2.351728081703186e-02
    vertex    4.280104767531156e-03    4.739171862602234e-01   -2.068994939327240e-02
    vertex    4.564720205962657e-03    4.751161932945252e-01   -1.737732067704201e-02
  endloop
endfacet
facet normal    4.013863924871274e-02    8.399888438955166e-01    5.411170222515044e-01
  outer loop
    vertex    4.193026106804608e-03    4.884927868843079e-01   -1.525458041578531e-02
    vertex   -1.817423035390684e-04    4.910875856876374e-01   -1.895803958177567e-02
    vertex   -1.187772024422886e-02    4.955202937126160e-01   -2.497146092355251e-02
  endloop
endfacet
facet normal   -4.421279600488706e-02    7.733525274735038e-01    6.324326817296635e-01
  outer loop
    vertex    4.193026106804608e-03    4.884927868843079e-01   -1.525458041578531e-02
    vertex   -1.187772024422886e-02    4.955202937126160e-01   -2.497146092355251e-02
    vertex   -2.282008063048125e-03    4.908049106597901e-01   -1.853455975651741e-02
  endloop
endfacet
facet normal   -5.328321553087255e-01   -8.148132160506663e-01   -2.284060358620781e-01
  outer loop
    vertex   -1.306310016661884e-02    4.946432113647461e-01   -3.311995044350624e-02
    vertex   -1.212234981358053e-02    4.927833080291749e-01   -2.867956086993217e-02
    vertex   -1.481880992650987e-02    4.941135942935944e-01   -2.713483013212681e-02
  endloop
endfacet
facet normal   -4.659701149407789e-01    8.600670284529361e-01    2.077415667366881e-01
  outer loop
    vertex    5.004308186471461e-03    4.885793030261994e-01   -1.537446025758982e-02
    vertex    4.204897210001945e-03    4.878382980823517e-01   -1.409974042326212e-02
    vertex    4.092949908226728e-03    4.868307113647461e-01   -1.017935015261173e-02
  endloop
endfacet
facet normal    2.563983322074433e-01   -5.182855388243166e-01   -8.158676335575700e-01
  outer loop
    vertex   -6.912506185472026e-03    4.780591130256653e-01   -1.498441956937313e-02
    vertex   -1.543382997624577e-03    4.754034876823426e-01   -1.161008980125189e-02
    vertex   -8.220194838941113e-03    4.776485860347748e-01   -1.513458974659443e-02
  endloop
endfacet
facet normal    6.725288623972427e-01    2.976043086513077e-01    6.775961959123205e-01
  outer loop
    vertex   -3.746995935216547e-03    4.835689067840577e-01   -6.157808820717037e-04
    vertex   -1.792629016563297e-03    4.788548946380616e-01   -4.851098929066211e-04
    vertex    7.461517816409461e-04    4.808053970336915e-01   -3.861577017232776e-03
  endloop
endfacet
facet normal   -8.469746927671450e-01   -5.294525765431081e-01   -4.810238043865024e-02
  outer loop
    vertex   -3.605606034398080e-03    4.848083853721619e-01   -1.520141959190369e-02
    vertex   -2.063503023236991e-03    4.825615882873536e-01   -1.762437075376511e-02
    vertex   -3.261806908994914e-03    4.841060042381287e-01   -1.352399028837681e-02
  endloop
endfacet
facet normal    2.722662792354330e-01    6.109705642349853e-01    7.433613137833290e-01
  outer loop
    vertex    4.636520985513925e-03    4.863421916961670e-01   -9.507397189736366e-03
    vertex    8.786449208855627e-03    4.832001924514771e-01   -8.444948121905327e-03
    vertex    5.043468903750180e-03    4.870148897171021e-01   -1.020933967083693e-02
  endloop
endfacet
facet normal   -6.739316533415406e-01   -6.138273225350390e-01   -4.111351903374396e-01
  outer loop
    vertex    1.483671949245028e-04    4.804497957229615e-01   -1.743884012103081e-02
    vertex    3.851559013128280e-03    4.759784936904908e-01   -1.683342084288597e-02
    vertex    1.089297002181410e-03    4.758600890636445e-01   -1.212874986231327e-02
  endloop
endfacet
facet normal    5.681927800433796e-01   -6.564834884266755e-01    4.961717385439427e-01
  outer loop
    vertex    1.222178980242453e-04    4.790096879005433e-01   -4.565321840345860e-03
    vertex   -6.896601989865318e-03    4.721755087375641e-01   -5.569980014115572e-03
    vertex    3.116719890385858e-04    4.755359888076783e-01   -9.378317743539810e-03
  endloop
endfacet
facet normal   -5.907233377498490e-01    4.800181722515535e-01   -6.485587811031132e-01
  outer loop
    vertex    1.158487983047962e-02    4.815055131912232e-01   -1.731522008776665e-02
    vertex    1.542096957564354e-02    4.799542129039765e-01   -2.195739001035690e-02
    vertex    1.202245987951755e-02    4.789217114448548e-01   -1.962612941861153e-02
  endloop
endfacet
facet normal    7.452942837727802e-01   -6.597461424093861e-01    9.628841130454242e-02
  outer loop
    vertex    2.704773657023907e-02    4.602643251419068e-01   -1.480840690444549e-21
    vertex    2.708262950181961e-02    4.602699875831605e-01   -2.312815049663186e-04
    vertex    2.709147706627846e-02    4.603137373924256e-01   -5.324060272220294e-23
  endloop
endfacet
facet normal    9.287226516396596e-01   -3.555228185040054e-01    1.052509470473664e-01
  outer loop
    vertex    3.004566021263599e-02    4.695807099342347e-01   -2.338040067115799e-04
    vertex    2.998677454888821e-02    4.694961011409760e-01   -5.648576538900223e-23
    vertex    2.966186963021755e-02    4.686473608016968e-01    5.415398702502752e-20
  endloop
endfacet
facet normal   -6.033188171277080e-01   -7.888765161933242e-01    1.169625884559124e-01
  outer loop
    vertex   -3.171896934509279e-02    4.668335914611817e-01   -9.771040640771389e-05
    vertex   -3.171592578291894e-02    4.668457508087159e-01    1.267303455887796e-23
    vertex   -3.180765733122827e-02    4.669159054756165e-01   -5.366147028018904e-21
  endloop
endfacet
facet normal   -2.093317641183477e-01   -9.773567903968987e-01   -3.088554348191265e-02
  outer loop
    vertex    2.541645988821983e-02    4.599170088768006e-01   -7.800106890499592e-03
    vertex    2.606829069554806e-02    4.595347940921784e-01   -1.230095949722454e-04
    vertex    2.372018992900848e-02    4.600727856159211e-01   -1.232836046256125e-03
  endloop
endfacet
facet normal   -2.440441243852512e-01   -9.689367207049926e-01   -4.005117504507631e-02
  outer loop
    vertex    2.299108915030956e-02    4.605953097343445e-01   -9.431348182260990e-03
    vertex    2.541645988821983e-02    4.599170088768006e-01   -7.800106890499592e-03
    vertex    2.372018992900848e-02    4.600727856159211e-01   -1.232836046256125e-03
  endloop
endfacet
facet normal   -2.557138066259370e-01   -9.659726237929323e-01   -3.882446629989052e-02
  outer loop
    vertex    2.299108915030956e-02    4.605953097343445e-01   -9.431348182260990e-03
    vertex    2.372018992900848e-02    4.600727856159211e-01   -1.232836046256125e-03
    vertex    2.219275012612343e-02    4.606258869171143e-01   -4.933936987072229e-03
  endloop
endfacet
facet normal   -2.857905236945697e-01   -9.580102044417635e-01   -2.324273546367274e-02
  outer loop
    vertex    1.582323946058750e-02    4.624609947204590e-01   -2.253796905279160e-03
    vertex    2.219275012612343e-02    4.606258869171143e-01   -4.933936987072229e-03
    vertex    1.530450023710728e-02    4.625633955001832e-01   -9.614371083443984e-05
  endloop
endfacet
facet normal   -2.043547566019102e-01   -9.696608655509277e-01   -1.341526715097384e-01
  outer loop
    vertex    1.786741055548191e-02    4.626325070858002e-01   -1.874564960598946e-02
    vertex    2.251327037811279e-02    4.612168967723847e-01   -1.559059973806143e-02
    vertex    2.181590907275677e-02    4.612259864807129e-01   -1.459401007741690e-02
  endloop
endfacet
facet normal   -2.840648045054791e-01   -9.584984092147210e-01   -2.424843034328578e-02
  outer loop
    vertex    5.949479993432759e-03    4.650690853595734e-01   -1.304979994893074e-02
    vertex    7.435970939695834e-03    4.645704925060273e-01   -1.075518969446421e-02
    vertex    6.122902967035770e-03    4.648016095161439e-01   -4.508554004132748e-03
  endloop
endfacet
facet normal   -2.781524540374848e-01   -9.602629602915332e-01   -2.294034448446370e-02
  outer loop
    vertex    7.435970939695834e-03    4.645704925060273e-01   -1.075518969446421e-02
    vertex    7.365154102444648e-03    4.644488096237183e-01   -4.802993033081293e-03
    vertex    6.122902967035770e-03    4.648016095161439e-01   -4.508554004132748e-03
  endloop
endfacet
facet normal   -2.096665463937665e-01   -9.732835304030201e-01   -9.359011042596296e-02
  outer loop
    vertex    9.493564255535601e-03    4.645941853523255e-01   -1.581789925694466e-02
    vertex    9.924067184329031e-03    4.647817015647889e-01   -1.873240061104298e-02
    vertex    1.189456973224878e-02    4.640280902385712e-01   -1.530972030013800e-02
  endloop
endfacet
facet normal   -2.147567072257870e-01   -9.752588887213068e-01   -5.243716879865924e-02
  outer loop
    vertex    1.279131043702364e-02    4.633038043975831e-01   -5.511610768735409e-03
    vertex    1.189456973224878e-02    4.640280902385712e-01   -1.530972030013800e-02
    vertex    1.582323946058750e-02    4.624609947204590e-01   -2.253796905279160e-03
  endloop
endfacet
facet normal   -2.529072320424341e-01   -9.673759069626779e-01   -1.489250176332817e-02
  outer loop
    vertex    1.279131043702364e-02    4.633038043975831e-01   -5.511610768735409e-03
    vertex    1.582323946058750e-02    4.624609947204590e-01   -2.253796905279160e-03
    vertex    1.530450023710728e-02    4.625633955001832e-01   -9.614371083443984e-05
  endloop
endfacet
facet normal   -1.846948451996322e-01   -9.815988284031330e-01   -4.849282662704357e-02
  outer loop
    vertex    7.435970939695834e-03    4.645704925060273e-01   -1.075518969446421e-02
    vertex    1.279131043702364e-02    4.633038043975831e-01   -5.511610768735409e-03
    vertex    1.530450023710728e-02    4.625633955001832e-01   -9.614371083443984e-05
  endloop
endfacet
facet normal   -1.789241429468342e-01    9.808649134241759e-01    7.674746044088468e-02
  outer loop
    vertex   -1.281893998384477e-02    4.825030863285065e-01   -3.910942934453487e-03
    vertex   -1.393825002014639e-02    4.823181927204133e-01   -4.157412797212601e-03
    vertex   -1.453366037458183e-02    4.819507896900178e-01   -8.499489049427211e-04
  endloop
endfacet
facet normal    1.646450226403738e-01   -9.825956334534063e-01   -8.601068327859222e-02
  outer loop
    vertex   -3.151452913880350e-02    4.671008884906769e-01   -2.759994007647038e-03
    vertex   -2.989606931805612e-02    4.673244953155518e-01   -2.216384047642350e-03
    vertex   -3.171896934509279e-02    4.668335914611817e-01   -9.771040640771389e-05
  endloop
endfacet
facet normal    9.264208592221077e-01   -3.622450850073719e-01   -1.025811385498015e-01
  outer loop
    vertex    2.683543972671032e-02    4.640024006366730e-01   -9.526936337351799e-03
    vertex    3.004566021263599e-02    4.695807099342347e-01   -2.338040067115799e-04
    vertex    2.789711952209473e-02    4.645088016986847e-01   -1.727052032947540e-03
  endloop
endfacet
facet normal    9.271475096634549e-01   -2.733788989113095e-01   -2.562449471792441e-01
  outer loop
    vertex    3.132921084761620e-02    4.748126864433289e-01   -1.100771035999060e-02
    vertex    3.088760003447533e-02    4.720560908317566e-01   -9.664633311331272e-03
    vertex    3.036368079483509e-02    4.720959067344666e-01   -1.160276029258966e-02
  endloop
endfacet
facet normal    9.013932837105253e-01   -4.314577981878428e-01   -3.652829676367520e-02
  outer loop
    vertex    3.088760003447533e-02    4.720560908317566e-01   -9.664633311331272e-03
    vertex    3.161936998367310e-02    4.727711975574494e-01   -5.361458897823468e-05
    vertex    3.100560978055000e-02    4.716446995735169e-01   -1.893365988507867e-03
  endloop
endfacet
facet normal    8.207643982485016e-01   -2.985768182428120e-01   -4.870294510353291e-01
  outer loop
    vertex    3.036368079483509e-02    4.720959067344666e-01   -1.160276029258966e-02
    vertex    2.713022939860821e-02    4.729819893836976e-01   -1.759514026343822e-02
    vertex    3.061993047595024e-02    4.742127954959870e-01   -1.246869005262852e-02
  endloop
endfacet
facet normal    5.228152251958383e-01    8.413068302537016e-01   -1.373574085074926e-01
  outer loop
    vertex    3.132921084761620e-02    4.748126864433289e-01   -1.100771035999060e-02
    vertex    2.751062065362930e-02    4.760222136974335e-01   -1.813388988375664e-02
    vertex    2.723711915314198e-02    4.763303995132447e-01   -1.728728041052818e-02
  endloop
endfacet
facet normal    7.291685227146465e-01   -4.507226722056109e-01   -5.149391597479972e-01
  outer loop
    vertex    2.811194024980068e-02    4.695667922496796e-01   -1.097260974347591e-02
    vertex    2.471989020705223e-02    4.702559113502503e-01   -1.637903042137623e-02
    vertex    2.500401064753532e-02    4.713321030139924e-01   -1.691869087517262e-02
  endloop
endfacet
facet normal    4.886573265019341e-01   -7.854615196280723e-01   -3.798212980330900e-01
  outer loop
    vertex    3.036368079483509e-02    4.720959067344666e-01   -1.160276029258966e-02
    vertex    2.500401064753532e-02    4.713321030139924e-01   -1.691869087517262e-02
    vertex    2.713022939860821e-02    4.729819893836976e-01   -1.759514026343822e-02
  endloop
endfacet
facet normal    8.596182483678625e-01   -2.983272757351624e-01   -4.147979069684467e-01
  outer loop
    vertex    2.683543972671032e-02    4.640024006366730e-01   -9.526936337351799e-03
    vertex    2.611421048641205e-02    4.644024968147278e-01   -1.130934990942478e-02
    vertex    2.889171987771988e-02    4.694359898567200e-01   -9.173443540930748e-03
  endloop
endfacet
facet normal    9.033058711973693e-01    3.107518967270784e-01   -2.957562539336828e-01
  outer loop
    vertex    2.720684930682182e-02    4.624811112880707e-01   -9.990991093218327e-03
    vertex    2.611421048641205e-02    4.644024968147278e-01   -1.130934990942478e-02
    vertex    2.683543972671032e-02    4.640024006366730e-01   -9.526936337351799e-03
  endloop
endfacet
facet normal    1.148300423619888e-01   -9.739608393007140e-01   -1.954848968073817e-01
  outer loop
    vertex    2.583988942205906e-02    4.601806104183198e-01   -8.473435416817665e-03
    vertex    2.251327037811279e-02    4.612168967723847e-01   -1.559059973806143e-02
    vertex    2.277904003858566e-02    4.613335132598878e-01   -1.601549983024597e-02
  endloop
endfacet
facet normal    4.421868300817521e-01    8.792417186388829e-01   -1.772140161138365e-01
  outer loop
    vertex    2.751062065362930e-02    4.760222136974335e-01   -1.813388988375664e-02
    vertex    2.259662933647633e-02    4.780597090721131e-01   -2.028637938201427e-02
    vertex    2.723711915314198e-02    4.763303995132447e-01   -1.728728041052818e-02
  endloop
endfacet
facet normal    4.603138425460369e-01   -2.401921000767389e-01   -8.546454945889718e-01
  outer loop
    vertex    2.588164992630482e-02    4.733549952507020e-01   -1.882288977503777e-02
    vertex    2.253648079931736e-02    4.774070978164673e-01   -2.176341973245144e-02
    vertex    2.701815962791443e-02    4.757938981056214e-01   -1.889619976282120e-02
  endloop
endfacet
facet normal    3.237661125445812e-01   -2.232153928065517e-01   -9.194293843368214e-01
  outer loop
    vertex    2.275834046304226e-02    4.674127995967866e-01   -1.704102009534836e-02
    vertex    2.062058076262474e-02    4.726197123527527e-01   -1.905792020261288e-02
    vertex    2.393694035708904e-02    4.713591933250428e-01   -1.758407987654209e-02
  endloop
endfacet
facet normal    4.515141607783094e-01   -4.923485181724772e-01   -7.441289533878016e-01
  outer loop
    vertex    2.471989020705223e-02    4.702559113502503e-01   -1.637903042137623e-02
    vertex    2.393694035708904e-02    4.713591933250428e-01   -1.758407987654209e-02
    vertex    2.500401064753532e-02    4.713321030139924e-01   -1.691869087517262e-02
  endloop
endfacet
facet normal    3.195196460097764e-01    4.416879836741459e-01   -8.383429613777733e-01
  outer loop
    vertex    1.913945935666561e-02    4.684630036354065e-01   -1.879527978599072e-02
    vertex    1.831387914717197e-02    4.659867882728577e-01   -2.041454985737801e-02
    vertex    1.709914952516556e-02    4.693624079227448e-01   -1.909904927015305e-02
  endloop
endfacet
facet normal    1.563819015890354e-02   -9.463750820919112e-01   -3.226912626708105e-01
  outer loop
    vertex    1.912721991539001e-02    4.627867043018342e-01   -1.913681998848915e-02
    vertex    1.786741055548191e-02    4.626325070858002e-01   -1.874564960598946e-02
    vertex    1.786538958549500e-02    4.630073904991150e-01   -1.984518952667713e-02
  endloop
endfacet
facet normal    1.608630664599140e-01   -2.085658436972283e-01   -9.646882204588053e-01
  outer loop
    vertex    1.786538958549500e-02    4.630073904991150e-01   -1.984518952667713e-02
    vertex    1.636563986539841e-02    4.637938141822815e-01   -2.026529982686043e-02
    vertex    1.831387914717197e-02    4.659867882728577e-01   -2.041454985737801e-02
  endloop
endfacet
facet normal    3.975573262114164e-01    8.639069962820914e-01   -3.092133149631238e-01
  outer loop
    vertex    1.725419983267784e-02    4.791229069232941e-01   -2.192297019064426e-02
    vertex    1.542096957564354e-02    4.799542129039765e-01   -2.195739001035690e-02
    vertex    1.626373082399368e-02    4.799583852291108e-01   -2.086219005286694e-02
  endloop
endfacet
facet normal    2.544382128763832e-01    8.609379545772902e-01   -4.405077004963068e-01
  outer loop
    vertex    1.725419983267784e-02    4.791229069232941e-01   -2.192297019064426e-02
    vertex    1.626373082399368e-02    4.799583852291108e-01   -2.086219005286694e-02
    vertex    2.260516025125980e-02    4.778051078319550e-01   -2.140777930617332e-02
  endloop
endfacet
facet normal    1.071884874150776e-01   -8.869870460923553e-02   -9.902742892584415e-01
  outer loop
    vertex    1.860241033136845e-02    4.692207872867585e-01   -1.892364956438541e-02
    vertex    1.709914952516556e-02    4.693624079227448e-01   -1.909904927015305e-02
    vertex    1.935875043272972e-02    4.723392128944398e-01   -1.912109926342964e-02
  endloop
endfacet
facet normal    8.399635523624331e-02   -1.561912103695812e-01   -9.841488292480524e-01
  outer loop
    vertex    2.062058076262474e-02    4.726197123527527e-01   -1.905792020261288e-02
    vertex    1.935875043272972e-02    4.723392128944398e-01   -1.912109926342964e-02
    vertex    1.381454989314079e-02    4.754033982753754e-01   -2.008059993386269e-02
  endloop
endfacet
facet normal    1.829438759556097e-01    4.038717734704172e-01   -8.963365042461444e-01
  outer loop
    vertex    1.709914952516556e-02    4.693624079227448e-01   -1.909904927015305e-02
    vertex    1.017734035849571e-02    4.685240089893342e-01   -2.088956907391548e-02
    vertex    1.050969026982784e-02    4.709199070930482e-01   -1.974219083786011e-02
  endloop
endfacet
facet normal   -3.133620802905732e-02   -1.709623377730353e-01   -9.847791230166987e-01
  outer loop
    vertex    1.686554960906506e-02    4.664956033229828e-01   -2.075025066733360e-02
    vertex    1.636563986539841e-02    4.637938141822815e-01   -2.026529982686043e-02
    vertex    1.017734035849571e-02    4.685240089893342e-01   -2.088956907391548e-02
  endloop
endfacet
facet normal   -6.274765798560884e-01   -4.240738538707910e-02   -7.774797459720336e-01
  outer loop
    vertex    8.710955269634722e-03    4.679472148418427e-01   -1.967464014887810e-02
    vertex    1.017734035849571e-02    4.685240089893342e-01   -2.088956907391548e-02
    vertex    9.138879366219042e-03    4.654670059680939e-01   -1.988472044467926e-02
  endloop
endfacet
facet normal   -5.168451212121787e-01    4.270205072417665e-01   -7.419734544268769e-01
  outer loop
    vertex    9.224513545632361e-03    4.703285992145539e-01   -1.918726973235607e-02
    vertex    1.050969026982784e-02    4.709199070930482e-01   -1.974219083786011e-02
    vertex    1.017734035849571e-02    4.685240089893342e-01   -2.088956907391548e-02
  endloop
endfacet
facet normal   -4.767401807743866e-01    4.567639419831984e-01   -7.510562571067327e-01
  outer loop
    vertex    8.390101604163645e-03    4.685463905334473e-01   -1.974149048328400e-02
    vertex    9.224513545632361e-03    4.703285992145539e-01   -1.918726973235607e-02
    vertex    1.017734035849571e-02    4.685240089893342e-01   -2.088956907391548e-02
  endloop
endfacet
facet normal   -5.026038292260603e-01   -3.569873459636202e-01   -7.873686720140393e-01
  outer loop
    vertex    3.988032229244708e-03    4.663549959659577e-01   -1.593793928623199e-02
    vertex    8.390101604163645e-03    4.685463905334473e-01   -1.974149048328400e-02
    vertex    8.710955269634722e-03    4.679472148418427e-01   -1.967464014887810e-02
  endloop
endfacet
facet normal   -5.075833630490411e-01   -3.591847016369309e-01   -7.831637629932927e-01
  outer loop
    vertex    8.710955269634722e-03    4.679472148418427e-01   -1.967464014887810e-02
    vertex    8.390101604163645e-03    4.685463905334473e-01   -1.974149048328400e-02
    vertex    1.017734035849571e-02    4.685240089893342e-01   -2.088956907391548e-02
  endloop
endfacet
facet normal   -3.539705933289188e-02   -2.424471995163638e-01   -9.695186453272863e-01
  outer loop
    vertex    1.013807021081447e-02    4.773213863372803e-01   -2.040055952966213e-02
    vertex    1.290708966553211e-02    4.750249981880189e-01   -1.992739923298359e-02
    vertex    6.612369790673255e-03    4.716976881027222e-01   -1.886552013456821e-02
  endloop
endfacet
facet normal   -4.139278983142986e-01   -7.085917150818903e-01   -5.714555768512658e-01
  outer loop
    vertex    6.243526004254817e-03    4.723159968852997e-01   -1.936504058539867e-02
    vertex    6.612369790673255e-03    4.716976881027222e-01   -1.886552013456821e-02
    vertex    5.853618960827588e-03    4.718269109725953e-01   -1.847616024315357e-02
  endloop
endfacet
facet normal   -2.038033463501314e-01   -5.281717216328475e-01   -8.243171892444570e-01
  outer loop
    vertex    1.013807021081447e-02    4.773213863372803e-01   -2.040055952966213e-02
    vertex    1.562926918268204e-02    4.776070117950440e-01   -2.194120921194553e-02
    vertex    1.381454989314079e-02    4.754033982753754e-01   -2.008059993386269e-02
  endloop
endfacet
facet normal    8.301578899964098e-01   -2.066761896319802e-01   -5.178057843592658e-01
  outer loop
    vertex    8.888859301805494e-03    4.765389859676362e-01   -2.071180008351803e-02
    vertex    6.882837042212485e-03    4.776177108287812e-01   -2.435846067965031e-02
    vertex    9.099539369344710e-03    4.777741134166718e-01   -2.086701989173889e-02
  endloop
endfacet
facet normal    5.030157621963167e-01   -5.322550327259212e-01   -6.809403227302573e-01
  outer loop
    vertex    6.243526004254817e-03    4.723159968852997e-01   -1.936504058539867e-02
    vertex    8.888859301805494e-03    4.765389859676362e-01   -2.071180008351803e-02
    vertex    1.013807021081447e-02    4.773213863372803e-01   -2.040055952966213e-02
  endloop
endfacet
facet normal    5.229952859320778e-01    4.612035941003824e-01   -7.167755406553112e-01
  outer loop
    vertex    9.099539369344710e-03    4.777741134166718e-01   -2.086701989173889e-02
    vertex    7.673908025026321e-03    4.811640083789826e-01   -1.972603052854538e-02
    vertex    1.013807021081447e-02    4.773213863372803e-01   -2.040055952966213e-02
  endloop
endfacet
facet normal    1.117160288697873e-01    9.425759328574064e-01   -3.147540940028505e-01
  outer loop
    vertex    7.807727903127669e-03    4.815205931663514e-01   -1.861068978905678e-02
    vertex    1.158487983047962e-02    4.815055131912232e-01   -1.731522008776665e-02
    vertex    7.673908025026321e-03    4.811640083789826e-01   -1.972603052854538e-02
  endloop
endfacet
facet normal   -2.440749348618515e-01   -2.324359504541965e-01   -9.414886909085192e-01
  outer loop
    vertex    3.925987053662538e-03    4.806374907493592e-01   -2.362295053899288e-02
    vertex    4.209720063954591e-03    4.795989096164704e-01   -2.344010025262833e-02
    vertex    2.126558916643261e-03    4.791741967201233e-01   -2.279520034790039e-02
  endloop
endfacet
facet normal   -2.786474123932286e-01   -2.932346531567480e-01   -9.145321523897341e-01
  outer loop
    vertex    2.126558916643261e-03    4.791741967201233e-01   -2.279520034790039e-02
    vertex    5.208040820434682e-04    4.776161015033722e-01   -2.180635929107666e-02
    vertex    2.285686932736999e-04    4.780761897563935e-01   -2.186484076082706e-02
  endloop
endfacet
facet normal   -3.016688782645325e-02   -1.802157815013957e-01   -9.831643967194437e-01
  outer loop
    vertex    1.622287963982663e-04    4.763788878917695e-01   -2.386816963553429e-02
    vertex    5.668370053172111e-03    4.773500859737397e-01   -2.421513944864273e-02
    vertex    8.989204070530824e-04    4.761249125003815e-01   -2.384421974420547e-02
  endloop
endfacet
facet normal    5.937581055744446e-01    4.587560180522375e-01   -6.610553894837419e-01
  outer loop
    vertex    3.985411021858453e-03    4.837597012519837e-01   -2.140283957123756e-02
    vertex    4.795830231159925e-03    4.804277122020722e-01   -2.298724092543125e-02
    vertex    3.925987053662538e-03    4.806374907493592e-01   -2.362295053899288e-02
  endloop
endfacet
facet normal    4.919640925455521e-01    6.487205975641739e-01   -5.806314820450340e-01
  outer loop
    vertex    4.795830231159925e-03    4.804277122020722e-01   -2.298724092543125e-02
    vertex    7.673908025026321e-03    4.811640083789826e-01   -1.972603052854538e-02
    vertex    6.882837042212485e-03    4.776177108287812e-01   -2.435846067965031e-02
  endloop
endfacet
facet normal    6.512518599698258e-01    5.549999815464282e-01   -5.175384385427876e-01
  outer loop
    vertex    7.710570935159913e-04    4.851283133029938e-01   -2.397998981177807e-02
    vertex    2.505145035684108e-03    4.858883917331696e-01   -2.098277956247330e-02
    vertex    3.985411021858453e-03    4.837597012519837e-01   -2.140283957123756e-02
  endloop
endfacet
facet normal    1.240396329629210e-01   -7.574969026212023e-01   -6.409466529858069e-01
  outer loop
    vertex    2.285686932736999e-04    4.780761897563935e-01   -2.186484076082706e-02
    vertex    1.353078987449407e-03    4.814969897270203e-01   -2.569006010890007e-02
    vertex    2.126558916643261e-03    4.791741967201233e-01   -2.279520034790039e-02
  endloop
endfacet
facet normal    8.927671618861320e-01    3.386915635310992e-01   -2.970771271078276e-01
  outer loop
    vertex    5.707652773708104e-03    4.879237115383149e-01   -1.535748969763517e-02
    vertex    7.852230221033095e-03    4.830619990825654e-01   -1.445540972054005e-02
    vertex    5.767602939158677e-03    4.856514930725098e-01   -1.776783913373947e-02
  endloop
endfacet
facet normal    7.429943842661649e-01    3.076148295867810e-01   -5.944177500438880e-01
  outer loop
    vertex   -7.043132092803731e-03    4.947415888309479e-01   -2.924427017569542e-02
    vertex   -7.815532386302964e-03    4.957948029041291e-01   -2.966468967497349e-02
    vertex   -3.551302012056113e-03    4.930720925331116e-01   -2.574362047016621e-02
  endloop
endfacet
facet normal    6.425531105790072e-01   -6.250288670011731e-03   -7.662156576165641e-01
  outer loop
    vertex    1.539021031931042e-03    4.867354035377503e-01   -2.164465002715588e-02
    vertex    1.458268030546605e-03    4.886110126972199e-01   -2.172766998410225e-02
    vertex    5.219785030931233e-03    4.859057068824769e-01   -1.855117082595825e-02
  endloop
endfacet
facet normal    7.554459737193367e-01    4.192875390751363e-01   -5.034871799436001e-01
  outer loop
    vertex    5.219785030931233e-03    4.859057068824769e-01   -1.855117082595825e-02
    vertex   -3.551302012056113e-03    4.930720925331116e-01   -2.574362047016621e-02
    vertex    2.596531994640826e-03    4.890963137149811e-01   -1.983013935387135e-02
  endloop
endfacet
facet normal    8.007983212294412e-01    4.248639466705113e-01   -4.221524316353816e-01
  outer loop
    vertex    5.767602939158677e-03    4.856514930725098e-01   -1.776783913373947e-02
    vertex    5.219785030931233e-03    4.859057068824769e-01   -1.855117082595825e-02
    vertex    4.572960082441568e-03    4.889603853225709e-01   -1.670386083424091e-02
  endloop
endfacet
facet normal    4.108407145540069e-01    9.030207217480065e-01    1.255527114739560e-01
  outer loop
    vertex    4.572960082441568e-03    4.889603853225709e-01   -1.670386083424091e-02
    vertex    3.970513935200862e-04    4.913563132286072e-01   -2.027159929275513e-02
    vertex    5.004308186471461e-03    4.885793030261994e-01   -1.537446025758982e-02
  endloop
endfacet
facet normal    6.187926117830744e-01    4.752428367279524e-01   -6.254917663258648e-01
  outer loop
    vertex    7.673908025026321e-03    4.811640083789826e-01   -1.972603052854538e-02
    vertex    3.985411021858453e-03    4.837597012519837e-01   -2.140283957123756e-02
    vertex    5.219785030931233e-03    4.859057068824769e-01   -1.855117082595825e-02
  endloop
endfacet
facet normal    7.783192994419523e-01    4.976761344818720e-01   -3.828022117012519e-01
  outer loop
    vertex    7.673908025026321e-03    4.811640083789826e-01   -1.972603052854538e-02
    vertex    5.219785030931233e-03    4.859057068824769e-01   -1.855117082595825e-02
    vertex    5.767602939158677e-03    4.856514930725098e-01   -1.776783913373947e-02
  endloop
endfacet
facet normal   -9.166222833357894e-01   -3.335005138596195e-01    2.204109728385894e-01
  outer loop
    vertex    4.778426955454043e-04    4.823291003704072e-01   -2.222757972776890e-02
    vertex    7.101211813278489e-04    4.813990890979767e-01   -2.266879007220268e-02
    vertex    3.585790051147341e-03    4.763365089893342e-01   -1.836987026035786e-02
  endloop
endfacet
facet normal   -6.179933992796697e-01   -6.885275412719019e-01    3.794917434633172e-01
  outer loop
    vertex    4.160241223871707e-03    4.755544066429139e-01   -1.885339058935642e-02
    vertex    3.585790051147341e-03    4.763365089893342e-01   -1.836987026035786e-02
    vertex    1.622287963982663e-04    4.763788878917695e-01   -2.386816963553429e-02
  endloop
endfacet
facet normal    4.294039327331258e-01   -4.613668793176837e-01   -7.763716025344998e-01
  outer loop
    vertex   -9.243687614798561e-03    4.948188066482545e-01   -3.034110926091671e-02
    vertex   -8.428362198174015e-03    4.948183000087739e-01   -2.988985925912857e-02
    vertex   -4.873298108577729e-03    4.876205027103425e-01   -2.364622056484222e-02
  endloop
endfacet
facet normal    4.392724312703646e-01   -5.217680543876205e-01   -7.312987272971148e-01
  outer loop
    vertex   -1.277158968150617e-02    4.948615133762360e-01   -3.355684876441956e-02
    vertex   -1.110883988440038e-02    4.938701093196869e-01   -3.185072913765907e-02
    vertex   -4.873298108577729e-03    4.876205027103425e-01   -2.364622056484222e-02
  endloop
endfacet
facet normal    5.875106770645647e-02   -7.831679848280946e-01   -6.190284481214519e-01
  outer loop
    vertex   -1.277158968150617e-02    4.948615133762360e-01   -3.355684876441956e-02
    vertex   -4.873298108577729e-03    4.876205027103425e-01   -2.364622056484222e-02
    vertex   -5.483116023242488e-03    4.874660968780518e-01   -2.350874990224838e-02
  endloop
endfacet
facet normal    6.806447555209227e-01   -2.328105884975997e-01   -6.946379968481888e-01
  outer loop
    vertex   -1.110883988440038e-02    4.938701093196869e-01   -3.185072913765907e-02
    vertex   -9.243687614798561e-03    4.948188066482545e-01   -3.034110926091671e-02
    vertex   -4.873298108577729e-03    4.876205027103425e-01   -2.364622056484222e-02
  endloop
endfacet
facet normal   -1.878523532883235e-01   -5.963131270857202e-01   -7.804627779909100e-01
  outer loop
    vertex   -3.432017052546144e-03    4.880777895450593e-01   -2.566839009523392e-02
    vertex   -7.812317926436677e-03    4.949209094047547e-01   -2.984257042407990e-02
    vertex    3.953399136662475e-04    4.831846058368683e-01   -2.285096980631351e-02
  endloop
endfacet
facet normal   -2.863229784013595e-01   -7.660071490474802e-01   -5.755451325895528e-01
  outer loop
    vertex   -5.707683973014369e-03    4.871912002563477e-01   -2.265975996851921e-02
    vertex   -4.873298108577729e-03    4.876205027103425e-01   -2.364622056484222e-02
    vertex   -2.536449115723372e-03    4.841732084751130e-01   -2.022067084908485e-02
  endloop
endfacet
facet normal   -6.533517880976523e-01   -6.725690987678069e-01   -3.475374057166514e-01
  outer loop
    vertex   -2.912939060479403e-03    4.860923886299134e-01   -2.296645939350128e-02
    vertex   -6.097896024584785e-03    4.915218949317933e-01   -2.748632058501244e-02
    vertex   -2.909398062911434e-05    4.828939139842988e-01   -2.219811081886292e-02
  endloop
endfacet
facet normal   -9.279795937669584e-01    2.810164794220229e-01   -2.447112826278400e-01
  outer loop
    vertex   -1.512563042342664e-02    4.756728112697602e-01   -1.029967982321978e-02
    vertex   -1.487927045673134e-02    4.766544997692109e-01   -1.010658033192158e-02
    vertex   -1.448393985629083e-02    4.733793139457703e-01   -1.536681968718767e-02
  endloop
endfacet
facet normal   -7.711281213638391e-01   -1.020726605227205e-01   -6.284445818174343e-01
  outer loop
    vertex   -1.448393985629083e-02    4.733793139457703e-01   -1.536681968718767e-02
    vertex   -1.417294982820751e-02    4.741190075874329e-01   -1.586855947971344e-02
    vertex   -1.382074970752002e-02    4.732863903045655e-01   -1.616548933088779e-02
  endloop
endfacet
facet normal   -4.482595653410301e-01    1.259882882972406e-01   -8.849804027729667e-01
  outer loop
    vertex   -1.382074970752002e-02    4.732863903045655e-01   -1.616548933088779e-02
    vertex   -1.417294982820751e-02    4.741190075874329e-01   -1.586855947971344e-02
    vertex   -1.225433032959701e-02    4.771175980567933e-01   -1.641348935663700e-02
  endloop
endfacet
facet normal   -2.211294415516549e-01    9.752021445552291e-01    9.085556336041004e-03
  outer loop
    vertex   -4.645578097552062e-03    4.839994907379151e-01   -1.077343011274934e-03
    vertex   -4.545491188764573e-03    4.840132892131806e-01   -1.224362058565021e-04
    vertex   -3.836302086710931e-03    4.841904938220978e-01   -1.882122014649212e-03
  endloop
endfacet
facet normal   -3.948938201050455e-01    9.002261131993372e-01   -1.834443129586149e-01
  outer loop
    vertex   -4.645578097552062e-03    4.839994907379151e-01   -1.077343011274934e-03
    vertex   -3.836302086710931e-03    4.841904938220978e-01   -1.882122014649212e-03
    vertex   -3.125502960756422e-03    4.830608963966370e-01   -8.955567143857479e-03
  endloop
endfacet
facet normal   -1.941272088184643e-01    8.814090146504376e-01   -4.306190609916110e-01
  outer loop
    vertex   -1.041609980165960e-02    4.804722964763642e-01   -9.010126814246178e-03
    vertex   -1.101838983595373e-02    4.809012115001679e-01   -7.860687561333179e-03
    vertex   -9.188402444124237e-03    4.808281064033509e-01   -8.835298009216785e-03
  endloop
endfacet
facet normal   -1.074710504010588e-01    9.657009736761167e-01   -2.363717469722068e-01
  outer loop
    vertex   -1.270721014589073e-02    4.823055863380433e-01   -4.768632818013430e-03
    vertex   -1.393825002014639e-02    4.823181927204133e-01   -4.157412797212601e-03
    vertex   -1.281893998384477e-02    4.825030863285065e-01   -3.910942934453487e-03
  endloop
endfacet
facet normal   -4.853764088257413e-01    7.715898982333603e-01   -4.111675700972287e-01
  outer loop
    vertex   -1.504756044596435e-02    4.797677993774415e-01   -4.831416066735983e-03
    vertex   -1.623689942061902e-02    4.796491861343384e-01   -3.650008933618665e-03
    vertex   -1.521847024559976e-02    4.801405966281891e-01   -3.930075094103813e-03
  endloop
endfacet
facet normal   -5.752534377851380e-01    6.205068764188501e-01   -5.329678213863405e-01
  outer loop
    vertex   -1.041609980165960e-02    4.804722964763642e-01   -9.010126814246178e-03
    vertex   -1.504756044596435e-02    4.797677993774415e-01   -4.831416066735983e-03
    vertex   -1.101838983595373e-02    4.809012115001679e-01   -7.860687561333179e-03
  endloop
endfacet
facet normal   -7.915355744873694e-01    5.363163993146657e-01   -2.929780779292230e-01
  outer loop
    vertex   -1.665233075618745e-02    4.774290919303895e-01   -4.776990041136742e-03
    vertex   -1.504756044596435e-02    4.797677993774415e-01   -4.831416066735983e-03
    vertex   -1.384073030203582e-02    4.787550866603852e-01   -9.945735335350037e-03
  endloop
endfacet
facet normal   -6.558355143475846e-01    4.356730778483093e-01   -6.164971592461885e-01
  outer loop
    vertex   -1.504756044596435e-02    4.797677993774415e-01   -4.831416066735983e-03
    vertex   -1.665233075618745e-02    4.774290919303895e-01   -4.776990041136742e-03
    vertex   -1.623689942061902e-02    4.796491861343384e-01   -3.650008933618665e-03
  endloop
endfacet
facet normal   -4.281337509644696e-01   -8.671035791459593e-01   -2.546230042972564e-01
  outer loop
    vertex   -1.382074970752002e-02    4.732863903045655e-01   -1.616548933088779e-02
    vertex   -1.039237994700672e-02    4.706465899944306e-01   -1.294040959328413e-02
    vertex   -1.448393985629083e-02    4.733793139457703e-01   -1.536681968718767e-02
  endloop
endfacet
facet normal   -3.325514794807491e-01    9.420215337322306e-01    4.477659522497280e-02
  outer loop
    vertex   -1.573367044329645e-02    4.815233945846558e-01   -7.706604083068669e-04
    vertex   -1.453366037458183e-02    4.819507896900178e-01   -8.499489049427211e-04
    vertex   -1.393825002014639e-02    4.823181927204133e-01   -4.157412797212601e-03
  endloop
endfacet
facet normal   -3.565529310301063e-01    6.185619094101344e-01   -7.001793853011732e-01
  outer loop
    vertex   -2.947686053812505e-02    4.736258089542389e-01   -1.260385964997113e-03
    vertex   -2.483074925839902e-02    4.765574038028718e-01   -1.036460045725107e-03
    vertex   -1.728737913072111e-02    4.773947894573212e-01   -4.138002172112465e-03
  endloop
endfacet
facet normal   -2.149990759862985e-01    7.922401116898029e-01   -5.710788060808827e-01
  outer loop
    vertex   -3.237809985876085e-02    4.735265076160431e-01   -3.058885049540550e-04
    vertex   -3.117582015693189e-02    4.737980067729951e-01   -3.818788973148912e-04
    vertex   -2.947686053812505e-02    4.736258089542389e-01   -1.260385964997113e-03
  endloop
endfacet
facet normal   -1.639300537829953e-01    5.642325468156514e-01   -8.091777126074519e-01
  outer loop
    vertex   -3.089543059468271e-02    4.725899994373322e-01   -1.695260987617075e-03
    vertex   -2.947686053812505e-02    4.736258089542389e-01   -1.260385964997113e-03
    vertex   -2.891775965690614e-02    4.708186984062195e-01   -3.331026993691921e-03
  endloop
endfacet
facet normal   -2.525339326624779e-01    5.412988267839087e-01   -8.020113421744028e-01
  outer loop
    vertex   -2.891775965690614e-02    4.708186984062195e-01   -3.331026993691921e-03
    vertex   -2.947686053812505e-02    4.736258089542389e-01   -1.260385964997113e-03
    vertex   -2.651651017367841e-02    4.718826115131379e-01   -3.369058948010206e-03
  endloop
endfacet
facet normal    2.700829934000550e-01   -8.485012615769254e-01   -4.550832734549050e-01
  outer loop
    vertex   -2.893795073032381e-02    4.680689871311188e-01   -3.035861998796463e-03
    vertex   -2.989606931805612e-02    4.673244953155518e-01   -2.216384047642350e-03
    vertex   -3.151452913880350e-02    4.671008884906769e-01   -2.759994007647038e-03
  endloop
endfacet
facet normal   -5.581229552596108e-01    3.893018409536193e-01   -7.327638387928279e-01
  outer loop
    vertex   -1.668778993189336e-02    4.759868979454041e-01   -5.342673044651747e-03
    vertex   -1.800717972218992e-02    4.750554859638215e-01   -4.832575097680092e-03
    vertex   -1.728737913072111e-02    4.773947894573212e-01   -4.138002172112465e-03
  endloop
endfacet
facet normal   -8.776946713944348e-01   -3.799371110142252e-01   -2.920613899165369e-01
  outer loop
    vertex   -3.488909825682641e-02    4.724557995796204e-01   -3.236732911318541e-03
    vertex   -3.411801904439928e-02    4.682385921478272e-01   -6.787347228964791e-05
    vertex   -3.571460023522378e-02    4.719328880310059e-01   -7.571189780719578e-05
  endloop
endfacet
facet normal    4.735318776155996e-01   -8.479205411907694e-01   -2.383239742631815e-01
  outer loop
    vertex   -1.930049993097784e-02    4.726685881614686e-01   -1.772531977621838e-04
    vertex   -2.989606931805612e-02    4.673244953155518e-01   -2.216384047642350e-03
    vertex   -2.171329036355020e-02    4.716885089874268e-01   -1.484313979744911e-03
  endloop
endfacet
facet normal    1.477766514867878e-01   -6.278448872515491e-01   -7.641811688516290e-01
  outer loop
    vertex   -1.596697047352792e-02    4.753887057304383e-01   -4.711811896413565e-03
    vertex   -1.800717972218992e-02    4.750554859638215e-01   -4.832575097680092e-03
    vertex   -1.668778993189336e-02    4.759868979454041e-01   -5.342673044651747e-03
  endloop
endfacet
facet normal    5.492317893282500e-01   -8.056854829553962e-01    2.218453158086031e-01
  outer loop
    vertex   -1.933401077985765e-02    4.742217063903809e-01   -4.467636812478304e-03
    vertex   -2.893795073032381e-02    4.680689871311188e-01   -3.035861998796463e-03
    vertex   -2.185625955462457e-02    4.724926054477692e-01   -4.502851981669664e-03
  endloop
endfacet
facet normal   -7.588473001609565e-02    9.938492358956527e-01   -8.065484523580596e-02
  outer loop
    vertex   -2.759428927674890e-03    4.832414090633393e-01   -1.041048020124435e-02
    vertex   -1.983649097383023e-03    4.834300875663758e-01   -8.815434761345387e-03
    vertex    7.663496071472756e-04    4.837242960929871e-01   -7.777480874210596e-03
  endloop
endfacet
facet normal   -4.726542400589348e-01    8.330012815368316e-01    2.875879592616958e-01
  outer loop
    vertex    1.734665944240986e-03    4.851259887218476e-01   -1.194540970027447e-02
    vertex    6.665558903478078e-04    4.842948913574219e-01   -1.129357982426882e-02
    vertex    1.919955946505069e-03    4.838966131210328e-01   -8.079985156655312e-03
  endloop
endfacet
facet normal   -7.072753826757948e-01   -4.407069210367416e-01    5.527557713955804e-01
  outer loop
    vertex   -1.385447010397913e-02    4.953227043151856e-01   -2.639257907867432e-02
    vertex   -7.814820855855957e-03    4.880206882953644e-01   -2.448640950024128e-02
    vertex   -1.217763032764198e-02    4.944750070571900e-01   -2.492284961044788e-02
  endloop
endfacet
facet normal   -6.824980141295529e-01   -9.319531813628040e-02    7.249214394585762e-01
  outer loop
    vertex   -1.385447010397913e-02    4.953227043151856e-01   -2.639257907867432e-02
    vertex   -1.217763032764198e-02    4.944750070571900e-01   -2.492284961044788e-02
    vertex   -1.318076997995378e-02    4.957129061222077e-01   -2.570814080536366e-02
  endloop
endfacet
facet normal   -7.668921355104842e-01   -4.903875899502392e-01    4.140005605249409e-01
  outer loop
    vertex   -1.217763032764198e-02    4.944750070571900e-01   -2.492284961044788e-02
    vertex   -7.814820855855957e-03    4.880206882953644e-01   -2.448640950024128e-02
    vertex   -5.386061966419235e-03    4.879465997219086e-01   -2.007514983415604e-02
  endloop
endfacet
facet normal   -4.680677933855502e-01    7.398595455107979e-01    4.832394786353219e-01
  outer loop
    vertex   -5.429957062006011e-03    4.866968989372254e-01   -2.087626047432423e-02
    vertex    6.665558903478078e-04    4.842948913574219e-01   -1.129357982426882e-02
    vertex   -9.564642095938334e-04    4.853116869926453e-01   -1.442239992320538e-02
  endloop
endfacet
facet normal   -2.111272602809528e-01    9.551482868879742e-01    2.076464062323905e-01
  outer loop
    vertex   -2.890638075768948e-03    4.843592047691346e-01   -1.240829005837440e-02
    vertex   -2.363493898883463e-03    4.845319986343384e-01   -1.266713999211788e-02
    vertex   -3.605606034398080e-03    4.848083853721619e-01   -1.520141959190369e-02
  endloop
endfacet
facet normal   -9.406112505171079e-01   -1.005363314043826e-01    3.242574925400966e-01
  outer loop
    vertex   -3.605606034398080e-03    4.848083853721619e-01   -1.520141959190369e-02
    vertex   -6.354182027280345e-03    4.869711995124817e-01   -2.250394970178604e-02
    vertex   -6.908258888870492e-03    4.870730042457581e-01   -2.407965995371342e-02
  endloop
endfacet
facet normal   -5.533465288894328e-01   -7.164365213306960e-01   -4.248839016361847e-01
  outer loop
    vertex    1.483671949245028e-04    4.804497957229615e-01   -1.743884012103081e-02
    vertex   -2.536449115723372e-03    4.841732084751130e-01   -2.022067084908485e-02
    vertex   -2.912939060479403e-03    4.860923886299134e-01   -2.296645939350128e-02
  endloop
endfacet
facet normal   -6.633151429904083e-01   -6.754524000509025e-01   -3.221444960651820e-01
  outer loop
    vertex    1.483671949245028e-04    4.804497957229615e-01   -1.743884012103081e-02
    vertex   -2.912939060479403e-03    4.860923886299134e-01   -2.296645939350128e-02
    vertex   -2.909398062911434e-05    4.828939139842988e-01   -2.219811081886292e-02
  endloop
endfacet
facet normal   -3.919754446563998e-01   -7.150776386220944e-01   -5.788084497733833e-01
  outer loop
    vertex   -1.048902980983258e-03    4.815992116928101e-01   -1.804805919528008e-02
    vertex   -2.536449115723372e-03    4.841732084751130e-01   -2.022067084908485e-02
    vertex    1.483671949245028e-04    4.804497957229615e-01   -1.743884012103081e-02
  endloop
endfacet
facet normal   -7.184016506885594e-01   -6.293218621913139e-01   -2.964001721592106e-01
  outer loop
    vertex    1.483671949245028e-04    4.804497957229615e-01   -1.743884012103081e-02
    vertex   -2.909398062911434e-05    4.828939139842988e-01   -2.219811081886292e-02
    vertex    4.778426955454043e-04    4.823291003704072e-01   -2.222757972776890e-02
  endloop
endfacet
facet normal   -7.281271511217617e-01   -6.408232409541422e-01   -2.432620514020560e-01
  outer loop
    vertex   -2.909398062911434e-05    4.828939139842988e-01   -2.219811081886292e-02
    vertex   -3.432017052546144e-03    4.880777895450593e-01   -2.566839009523392e-02
    vertex    4.778426955454043e-04    4.823291003704072e-01   -2.222757972776890e-02
  endloop
endfacet
facet normal   -2.049403188519961e-01   -9.107564567082108e-01    3.584998497533118e-01
  outer loop
    vertex   -8.121960796415821e-03    4.750421047210694e-01   -8.445794810540974e-04
    vertex   -8.386564441025273e-03    4.754101932048798e-01   -6.072696851333603e-05
    vertex   -8.807579055428521e-03    4.734489023685456e-01   -5.283995997160673e-03
  endloop
endfacet
facet normal    5.510566975279837e-01   -7.980998565613077e-01    2.436660318271142e-01
  outer loop
    vertex   -2.215978922322393e-03    4.769766032695771e-01   -1.217609969899058e-03
    vertex   -3.191347932443024e-03    4.764873087406159e-01   -6.144166109152138e-04
    vertex   -6.388168781995788e-03    4.731465876102448e-01   -4.326872993260622e-03
  endloop
endfacet
facet normal    6.510434386843492e-01   -6.887540857724784e-01    3.189988248846310e-01
  outer loop
    vertex    1.394381979480385e-03    4.802604019641877e-01   -4.461245145648718e-03
    vertex   -1.747450005495929e-04    4.793612062931061e-01   -3.200283972546458e-03
    vertex    1.222178980242453e-04    4.790096879005433e-01   -4.565321840345860e-03
  endloop
endfacet
facet normal    6.504498258570743e-01   -7.083310229203772e-01    2.741937016254636e-01
  outer loop
    vertex    1.222178980242453e-04    4.790096879005433e-01   -4.565321840345860e-03
    vertex   -3.274294082075358e-03    4.760415852069855e-01   -4.175592213869095e-03
    vertex   -6.896601989865318e-03    4.721755087375641e-01   -5.569980014115572e-03
  endloop
endfacet
facet normal    5.107771663539222e-01   -8.081514130588108e-01    2.932541217144355e-01
  outer loop
    vertex   -1.944785006344319e-03    4.734396934509278e-01   -1.071099005639553e-02
    vertex   -6.896601989865318e-03    4.721755087375641e-01   -5.569980014115572e-03
    vertex   -7.760806940495983e-03    4.710778892040253e-01   -7.089572027325630e-03
  endloop
endfacet
facet normal    4.036074083555639e-01   -8.351368545401096e-01    3.736943859751669e-01
  outer loop
    vertex   -6.896601989865318e-03    4.721755087375641e-01   -5.569980014115572e-03
    vertex   -7.963309064507500e-03    4.720829129219056e-01   -4.624820780009031e-03
    vertex   -7.760806940495983e-03    4.710778892040253e-01   -7.089572027325630e-03
  endloop
endfacet
facet normal    2.662785533910088e-01   -4.973217103895432e-01   -8.256917393187431e-01
  outer loop
    vertex   -1.382074970752002e-02    4.732863903045655e-01   -1.616548933088779e-02
    vertex   -1.002721954137088e-02    4.716714918613434e-01   -1.396944001317024e-02
    vertex   -9.458573535084740e-03    4.706768095493317e-01   -1.318695023655891e-02
  endloop
endfacet
facet normal   -3.815503565103110e-03   -9.907168313864790e-01   -1.358881964707738e-01
  outer loop
    vertex   -1.039237994700672e-02    4.706465899944306e-01   -1.294040959328413e-02
    vertex   -9.458573535084740e-03    4.706768095493317e-01   -1.318695023655891e-02
    vertex   -9.760730899870411e-03    4.705508053302765e-01   -1.225981023162603e-02
  endloop
endfacet
facet normal    3.088582709734200e-01   -2.547435138649256e-01   -9.163581781132638e-01
  outer loop
    vertex   -1.196327991783620e-02    4.757800102233887e-01   -1.623667962849140e-02
    vertex   -1.054302975535394e-02    4.766423106193543e-01   -1.599770039319992e-02
    vertex   -2.224822994321586e-03    4.744792878627778e-01   -1.259274035692215e-02
  endloop
endfacet
facet normal   -1.709811863224076e-01    9.729766287128478e-01    1.551834846314620e-01
  outer loop
    vertex    1.014658994972706e-02    4.821738898754120e-01   -8.108907379209995e-03
    vertex    1.089027989655733e-02    4.813148081302643e-01   -1.903199008665979e-03
    vertex    1.226884033530950e-02    4.815231859683991e-01   -1.690797973424196e-03
  endloop
endfacet
facet normal   -9.997578389324882e-01   -1.854368728971043e-02   -1.184884613548812e-02
  outer loop
    vertex    3.797587007284164e-03    4.685094952583314e-01   -5.119476001709700e-03
    vertex    3.826647996902465e-03    4.677503108978272e-01   -6.383385974913836e-03
    vertex    3.745106980204581e-03    4.682283997535706e-01   -2.515027881599963e-04
  endloop
endfacet
facet normal   -4.911256261774672e-01   -8.698253685868584e-01   -4.689826728703828e-02
  outer loop
    vertex    3.988032229244708e-03    4.663549959659577e-01   -1.593793928623199e-02
    vertex    5.440840963274240e-03    4.654361009597779e-01   -1.410915981978178e-02
    vertex    3.427367890253662e-03    4.666228890419007e-01   -1.503521017730236e-02
  endloop
endfacet
facet normal   -8.799487880691778e-01   -4.745326980869758e-01   -2.255767767036919e-02
  outer loop
    vertex    3.297120099887251e-03    4.688982963562012e-01   -9.876618161797523e-03
    vertex    5.101596936583518e-03    4.657100141048432e-01   -1.319712959229946e-02
    vertex    3.826647996902465e-03    4.677503108978272e-01   -6.383385974913836e-03
  endloop
endfacet
facet normal   -9.789980226346865e-01   -1.839171397463318e-01    8.796224977171764e-02
  outer loop
    vertex    3.297120099887251e-03    4.688982963562012e-01   -9.876618161797523e-03
    vertex    3.826647996902465e-03    4.677503108978272e-01   -6.383385974913836e-03
    vertex    3.797587007284164e-03    4.685094952583314e-01   -5.119476001709700e-03
  endloop
endfacet
facet normal   -7.559669446310850e-01   -3.522723708440375e-01    5.517410220067590e-01
  outer loop
    vertex    8.835907094180582e-03    4.819555878639222e-01   -1.029574032872915e-02
    vertex    9.264790453016756e-03    4.812738001346589e-01   -1.014341041445732e-02
    vertex    1.006225030869245e-02    4.824770092964173e-01   -8.282554335892200e-03
  endloop
endfacet
facet normal    3.964608134226554e-01   -8.490034271874597e-01   -3.493021672480640e-01
  outer loop
    vertex   -9.458573535084740e-03    4.706768095493317e-01   -1.318695023655891e-02
    vertex   -1.252833986654879e-03    4.739497005939484e-01   -1.182836014777422e-02
    vertex   -8.740525692701355e-03    4.705299139022828e-01   -1.201491989195347e-02
  endloop
endfacet
facet normal    1.116622953601450e-02   -9.913081175075288e-01   -1.310859698122906e-01
  outer loop
    vertex   -9.760730899870411e-03    4.705508053302765e-01   -1.225981023162603e-02
    vertex   -9.458573535084740e-03    4.706768095493317e-01   -1.318695023655891e-02
    vertex   -8.740525692701355e-03    4.705299139022828e-01   -1.201491989195347e-02
  endloop
endfacet
facet normal   -5.236398626354423e-01   -7.546271734377931e-01    3.953974245849638e-01
  outer loop
    vertex   -9.238423779606835e-03    4.709118008613587e-01   -1.069671008735895e-02
    vertex   -8.807579055428521e-03    4.734489023685456e-01   -5.283995997160673e-03
    vertex   -9.273155592381970e-03    4.734767079353333e-01   -5.847509019076824e-03
  endloop
endfacet
facet normal   -3.657170596088600e-01   -9.062911917491067e-01    2.118662504247275e-01
  outer loop
    vertex   -1.039237994700672e-02    4.706465899944306e-01   -1.294040959328413e-02
    vertex   -9.760730899870411e-03    4.705508053302765e-01   -1.225981023162603e-02
    vertex   -1.363538019359113e-02    4.731925129890442e-01   -7.647791877388954e-03
  endloop
endfacet
facet normal   -2.580634499008314e-01   -9.651665227901326e-01    4.309105603817977e-02
  outer loop
    vertex   -1.521028019487859e-02    4.751507043838502e-01   -5.510976072400808e-03
    vertex   -8.807579055428521e-03    4.734489023685456e-01   -5.283995997160673e-03
    vertex   -1.596697047352792e-02    4.753887057304383e-01   -4.711811896413565e-03
  endloop
endfacet
facet normal   -4.045876876042134e-01   -8.029732621053572e-01    4.376559646377013e-01
  outer loop
    vertex   -1.363538019359113e-02    4.731925129890442e-01   -7.647791877388954e-03
    vertex   -1.521028019487859e-02    4.751507043838502e-01   -5.510976072400808e-03
    vertex   -1.668778993189336e-02    4.759868979454041e-01   -5.342673044651747e-03
  endloop
endfacet
facet normal   -4.992414752466720e-01   -8.371714271668935e-01   -2.233874457727498e-01
  outer loop
    vertex   -1.521028019487859e-02    4.751507043838502e-01   -5.510976072400808e-03
    vertex   -1.596697047352792e-02    4.753887057304383e-01   -4.711811896413565e-03
    vertex   -1.668778993189336e-02    4.759868979454041e-01   -5.342673044651747e-03
  endloop
endfacet
facet normal   -1.002822009172003e-01   -9.537887978487827e-01   -2.832497295274546e-01
  outer loop
    vertex   -1.654992997646333e-02    4.735114872455597e-01   -1.536563038825989e-03
    vertex   -1.086180005222561e-02    4.738466143608094e-01   -4.678873810917139e-03
    vertex   -1.746984012424947e-02    4.731804132461548e-01   -9.604873775970191e-05
  endloop
endfacet
facet normal    1.701930497582211e-01   -8.849402684007240e-01   -4.334916921658942e-01
  outer loop
    vertex   -1.800717972218992e-02    4.750554859638215e-01   -4.832575097680092e-03
    vertex   -1.596697047352792e-02    4.753887057304383e-01   -4.711811896413565e-03
    vertex   -1.881406083703042e-02    4.728091955184937e-01   -5.637336289510131e-04
  endloop
endfacet
facet normal    2.795012098371688e-01   -9.592275740971873e-01   -4.197064201539345e-02
  outer loop
    vertex   -1.654992997646333e-02    4.735114872455597e-01   -1.536563038825989e-03
    vertex   -1.746984012424947e-02    4.731804132461548e-01   -9.604873775970191e-05
    vertex   -1.881406083703042e-02    4.728091955184937e-01   -5.637336289510131e-04
  endloop
endfacet
facet normal    8.851262333735198e-01    3.294644799979463e-01   -3.286406965269035e-01
  outer loop
    vertex    7.852230221033095e-03    4.830619990825654e-01   -1.445540972054005e-02
    vertex    5.707652773708104e-03    4.879237115383149e-01   -1.535748969763517e-02
    vertex    9.153127670288084e-03    4.840222895145417e-01   -9.989012032747269e-03
  endloop
endfacet
facet normal    6.788296731017902e-01    6.835521629569162e-01   -2.682288489954763e-01
  outer loop
    vertex    8.732901886105536e-03    4.822973906993867e-01   -1.417514029890299e-02
    vertex    7.852230221033095e-03    4.830619990825654e-01   -1.445540972054005e-02
    vertex    9.795223362743853e-03    4.830678999423981e-01   -9.523073211312294e-03
  endloop
endfacet
facet normal    8.493481214004003e-01    4.078419075946915e-01   -3.350712567247962e-01
  outer loop
    vertex    7.852230221033095e-03    4.830619990825654e-01   -1.445540972054005e-02
    vertex    9.153127670288084e-03    4.840222895145417e-01   -9.989012032747269e-03
    vertex    9.795223362743853e-03    4.830678999423981e-01   -9.523073211312294e-03
  endloop
endfacet
facet normal   -8.044056408074145e-01    4.482797690298915e-01    3.898420368761171e-01
  outer loop
    vertex    4.146753810346126e-03    4.735251069068909e-01   -9.981873445212841e-03
    vertex    5.406013224273919e-03    4.725421071052552e-01   -6.253147032111883e-03
    vertex    4.916511010378598e-03    4.739201068878174e-01   -8.847756311297417e-03
  endloop
endfacet
facet normal   -9.276593314455907e-01    3.732488650968039e-01    1.155203384117683e-02
  outer loop
    vertex    3.745106980204581e-03    4.682283997535706e-01   -2.515027881599963e-04
    vertex    5.406013224273919e-03    4.725421071052552e-01   -6.253147032111883e-03
    vertex    3.797587007284164e-03    4.685094952583314e-01   -5.119476001709700e-03
  endloop
endfacet
facet normal   -8.943605073600408e-01    2.532013080528842e-01    3.687931404934192e-01
  outer loop
    vertex    3.525231033563613e-03    4.695560932159424e-01   -8.764133788645267e-03
    vertex    5.406013224273919e-03    4.725421071052552e-01   -6.253147032111883e-03
    vertex    4.146753810346126e-03    4.735251069068909e-01   -9.981873445212841e-03
  endloop
endfacet
facet normal    9.051161557486087e-02   -1.493573378416363e-01    9.846319277165899e-01
  outer loop
    vertex   -6.212911830516616e-05    4.786224961280823e-01   -2.175525017082691e-02
    vertex    2.285686932736999e-04    4.780761897563935e-01   -2.186484076082706e-02
    vertex    3.396044950932263e-03    4.836524128913880e-01   -2.131015993654728e-02
  endloop
endfacet
facet normal   -7.559374787782194e-01   -3.793146183018012e-01    5.335531356116164e-01
  outer loop
    vertex    7.710570935159913e-04    4.851283133029938e-01   -2.397998981177807e-02
    vertex    3.396044950932263e-03    4.836524128913880e-01   -2.131015993654728e-02
    vertex    2.505145035684108e-03    4.858883917331696e-01   -2.098277956247330e-02
  endloop
endfacet
facet normal    8.360213087999613e-01   -4.978366114119362e-01    2.307099468386237e-01
  outer loop
    vertex    2.285686932736999e-04    4.780761897563935e-01   -2.186484076082706e-02
    vertex    2.259198954561717e-04    4.773252010345460e-01   -2.347576059401035e-02
    vertex    3.396044950932263e-03    4.836524128913880e-01   -2.131015993654728e-02
  endloop
endfacet
facet normal    4.747303930545821e-01   -6.105788485261407e-03   -8.801100915551503e-01
  outer loop
    vertex    7.101211813278489e-04    4.813990890979767e-01   -2.266879007220268e-02
    vertex    3.953399136662475e-04    4.831846058368683e-01   -2.285096980631351e-02
    vertex    1.161918975412845e-03    4.832181036472321e-01   -2.243771031498909e-02
  endloop
endfacet
facet normal   -6.346223188274920e-01    2.220560636336752e-01   -7.402334881978351e-01
  outer loop
    vertex    2.259198954561717e-04    4.773252010345460e-01   -2.347576059401035e-02
    vertex    7.101211813278489e-04    4.813990890979767e-01   -2.266879007220268e-02
    vertex    6.797898095101110e-04    4.788100123405457e-01   -2.341946028172970e-02
  endloop
endfacet
facet normal    8.189144750367716e-01   -2.303907916288192e-01   -5.256416704447001e-01
  outer loop
    vertex    2.259198954561717e-04    4.773252010345460e-01   -2.347576059401035e-02
    vertex    6.797898095101110e-04    4.788100123405457e-01   -2.341946028172970e-02
    vertex    3.396044950932263e-03    4.836524128913880e-01   -2.131015993654728e-02
  endloop
endfacet
facet normal    4.213945433743915e-01    1.529912579565011e-01   -8.938793619964472e-01
  outer loop
    vertex    6.797898095101110e-04    4.788100123405457e-01   -2.341946028172970e-02
    vertex    1.161918975412845e-03    4.832181036472321e-01   -2.243771031498909e-02
    vertex    3.396044950932263e-03    4.836524128913880e-01   -2.131015993654728e-02
  endloop
endfacet
facet normal    6.302025327920858e-01    1.193150183755114e-01   -7.672083772043234e-01
  outer loop
    vertex    1.439572952222071e-04    4.843856990337372e-01   -2.315600961446762e-02
    vertex    1.539021031931042e-03    4.867354035377503e-01   -2.164465002715588e-02
    vertex    2.505145035684108e-03    4.858883917331696e-01   -2.098277956247330e-02
  endloop
endfacet
facet normal    6.421588370260380e-01    9.165432628348585e-02   -7.610726065907816e-01
  outer loop
    vertex    1.161918975412845e-03    4.832181036472321e-01   -2.243771031498909e-02
    vertex    1.439572952222071e-04    4.843856990337372e-01   -2.315600961446762e-02
    vertex    2.505145035684108e-03    4.858883917331696e-01   -2.098277956247330e-02
  endloop
endfacet
facet normal    4.751161698315151e-01   -1.218792705926020e-01   -8.714413741408231e-01
  outer loop
    vertex    3.953399136662475e-04    4.831846058368683e-01   -2.285096980631351e-02
    vertex    1.439572952222071e-04    4.843856990337372e-01   -2.315600961446762e-02
    vertex    1.161918975412845e-03    4.832181036472321e-01   -2.243771031498909e-02
  endloop
endfacet
facet normal    6.562843335263886e-01    1.750764665358733e-01   -7.339203665474457e-01
  outer loop
    vertex    5.219785030931233e-03    4.859057068824769e-01   -1.855117082595825e-02
    vertex    2.505145035684108e-03    4.858883917331696e-01   -2.098277956247330e-02
    vertex    1.539021031931042e-03    4.867354035377503e-01   -2.164465002715588e-02
  endloop
endfacet
facet normal   -4.907031752486227e-02   -9.610799864019731e-01   -2.718774791621994e-01
  outer loop
    vertex    4.564720205962657e-03    4.751161932945252e-01   -1.737732067704201e-02
    vertex    4.160241223871707e-03    4.755544066429139e-01   -1.885339058935642e-02
    vertex    6.317744031548499e-03    4.767636060714722e-01   -2.351728081703186e-02
  endloop
endfacet
facet normal   -6.180254597418111e-01   -3.048015257663116e-01   -7.246658271240968e-01
  outer loop
    vertex    6.729677785187959e-03    4.764893949031830e-01   -2.375325933098793e-02
    vertex    6.317744031548499e-03    4.767636060714722e-01   -2.351728081703186e-02
    vertex    6.882837042212485e-03    4.776177108287812e-01   -2.435846067965031e-02
  endloop
endfacet
facet normal    9.905205112546316e-02   -7.307425552910567e-01   -6.754287594221434e-01
  outer loop
    vertex    6.882837042212485e-03    4.776177108287812e-01   -2.435846067965031e-02
    vertex    6.317744031548499e-03    4.767636060714722e-01   -2.351728081703186e-02
    vertex    5.527745932340621e-03    4.769156873226166e-01   -2.379767037928104e-02
  endloop
endfacet
facet normal   -3.271656039337717e-01   -9.389511768064314e-01    1.064582320746868e-01
  outer loop
    vertex    8.989204070530824e-04    4.761249125003815e-01   -2.384421974420547e-02
    vertex    4.160241223871707e-03    4.755544066429139e-01   -1.885339058935642e-02
    vertex    1.622287963982663e-04    4.763788878917695e-01   -2.386816963553429e-02
  endloop
endfacet
facet normal    1.989487302290255e-01    9.449472693604033e-01    2.597961910201451e-01
  outer loop
    vertex   -9.166044183075444e-03    4.965268969535828e-01   -3.014050982892513e-02
    vertex   -1.294174045324327e-02    4.964402914047242e-01   -2.693412080407143e-02
    vertex   -7.890230976045147e-03    4.954183101654053e-01   -2.708528935909271e-02
  endloop
endfacet
facet normal    2.407532822513505e-01    9.238967031086138e-01    2.974100520665625e-01
  outer loop
    vertex    3.970513935200862e-04    4.913563132286072e-01   -2.027159929275513e-02
    vertex   -2.304464112967254e-03    4.924395978450776e-01   -2.144991979002953e-02
    vertex    5.004308186471461e-03    4.885793030261994e-01   -1.537446025758982e-02
  endloop
endfacet
facet normal   -1.739698828362398e-01    8.328339327214246e-01    5.254732346882289e-01
  outer loop
    vertex   -1.187772024422886e-02    4.955202937126160e-01   -2.497146092355251e-02
    vertex   -1.454299967736007e-02    4.966050088405610e-01   -2.757305093109608e-02
    vertex   -1.318076997995378e-02    4.957129061222077e-01   -2.570814080536366e-02
  endloop
endfacet
facet normal   -6.495297244143937e-01   -7.166717052152769e-01   -2.539543345682227e-01
  outer loop
    vertex   -1.378706004470588e-02    4.955599009990693e-01   -3.385524824261665e-02
    vertex   -1.306310016661884e-02    4.946432113647461e-01   -3.311995044350624e-02
    vertex   -1.481880992650987e-02    4.941135942935944e-01   -2.713483013212681e-02
  endloop
endfacet
facet normal    6.289128667854141e-01    1.572956378167031e-01   -7.613978515307148e-01
  outer loop
    vertex   -7.812317926436677e-03    4.949209094047547e-01   -2.984257042407990e-02
    vertex   -7.815532386302964e-03    4.957948029041291e-01   -2.966468967497349e-02
    vertex   -7.043132092803731e-03    4.947415888309479e-01   -2.924427017569542e-02
  endloop
endfacet
facet normal    6.788914491486029e-01    6.860005409223326e-01   -2.617434968192655e-01
  outer loop
    vertex    7.807727903127669e-03    4.815205931663514e-01   -1.861068978905678e-02
    vertex    7.852230221033095e-03    4.830619990825654e-01   -1.445540972054005e-02
    vertex    8.732901886105536e-03    4.822973906993867e-01   -1.417514029890299e-02
  endloop
endfacet
facet normal    6.655257780197654e-01    1.738300804767218e-01   -7.258502200265854e-01
  outer loop
    vertex   -1.252833986654879e-03    4.739497005939484e-01   -1.182836014777422e-02
    vertex   -2.224822994321586e-03    4.744792878627778e-01   -1.259274035692215e-02
    vertex   -9.313407645095222e-05    4.750792980194092e-01   -1.049451995640993e-02
  endloop
endfacet
facet normal    4.363457710601115e-01    4.844510715218036e-01   -7.582278861789067e-01
  outer loop
    vertex   -2.224822994321586e-03    4.744792878627778e-01   -1.259274035692215e-02
    vertex   -1.054302975535394e-02    4.766423106193543e-01   -1.599770039319992e-02
    vertex   -1.543382997624577e-03    4.754034876823426e-01   -1.161008980125189e-02
  endloop
endfacet
facet normal    6.224532656877070e-01    3.066636250806768e-01   -7.200759356394900e-01
  outer loop
    vertex   -2.224822994321586e-03    4.744792878627778e-01   -1.259274035692215e-02
    vertex   -1.543382997624577e-03    4.754034876823426e-01   -1.161008980125189e-02
    vertex   -9.313407645095222e-05    4.750792980194092e-01   -1.049451995640993e-02
  endloop
endfacet
facet normal   -1.691461382071749e-01   -8.360994680423295e-01   -5.218498476275841e-01
  outer loop
    vertex   -3.347377933096149e-04    4.757345914840699e-01   -1.146611012518406e-02
    vertex    1.089297002181410e-03    4.758600890636445e-01   -1.212874986231327e-02
    vertex   -9.313407645095222e-05    4.750792980194092e-01   -1.049451995640993e-02
  endloop
endfacet
facet normal   -3.117747159731429e-01    9.493413152221504e-01    3.933946735968725e-02
  outer loop
    vertex   -1.983649097383023e-03    4.834300875663758e-01   -8.815434761345387e-03
    vertex   -2.759428927674890e-03    4.832414090633393e-01   -1.041048020124435e-02
    vertex   -3.125502960756422e-03    4.830608963966370e-01   -8.955567143857479e-03
  endloop
endfacet
facet normal    6.475222217618452e-01   -6.523725164221757e-02    7.592490193097213e-01
  outer loop
    vertex   -1.747450005495929e-04    4.793612062931061e-01   -3.200283972546458e-03
    vertex    1.394381979480385e-03    4.802604019641877e-01   -4.461245145648718e-03
    vertex    7.461517816409461e-04    4.808053970336915e-01   -3.861577017232776e-03
  endloop
endfacet
facet normal   -6.834158978260901e-01    6.855930204318813e-01    2.508085344115091e-01
  outer loop
    vertex    1.734665944240986e-03    4.851259887218476e-01   -1.194540970027447e-02
    vertex    1.919955946505069e-03    4.838966131210328e-01   -8.079985156655312e-03
    vertex    4.092949908226728e-03    4.868307113647461e-01   -1.017935015261173e-02
  endloop
endfacet
facet normal   -1.251930739000837e-01    7.515636758943757e-01    6.476717805521420e-01
  outer loop
    vertex    4.092949908226728e-03    4.868307113647461e-01   -1.017935015261173e-02
    vertex    4.636520985513925e-03    4.863421916961670e-01   -9.507397189736366e-03
    vertex    5.043468903750180e-03    4.870148897171021e-01   -1.020933967083693e-02
  endloop
endfacet
facet normal   -6.186785860954909e-01    3.975372041537458e-01   -6.776436957727175e-01
  outer loop
    vertex   -4.177692811936141e-03    4.830799996852875e-01   -1.305838953703642e-02
    vertex   -1.304734032601119e-03    4.812645912170411e-01   -1.674636080861092e-02
    vertex   -2.725626109167934e-03    4.802790880203248e-01   -1.602724939584732e-02
  endloop
endfacet
facet normal   -6.865856533668313e-01   -7.270132701462009e-01    7.200390417782571e-03
  outer loop
    vertex   -6.908258888870492e-03    4.870730042457581e-01   -2.407965995371342e-02
    vertex   -1.048902980983258e-03    4.815992116928101e-01   -1.804805919528008e-02
    vertex   -2.063503023236991e-03    4.825615882873536e-01   -1.762437075376511e-02
  endloop
endfacet
facet normal   -7.504714374491148e-01   -6.218881560027041e-01    2.237135288636250e-01
  outer loop
    vertex   -7.814820855855957e-03    4.880206882953644e-01   -2.448640950024128e-02
    vertex   -6.908258888870492e-03    4.870730042457581e-01   -2.407965995371342e-02
    vertex   -6.354182027280345e-03    4.869711995124817e-01   -2.250394970178604e-02
  endloop
endfacet
facet normal   -4.806077450670766e-01    8.769030577626329e-01   -7.564566615753842e-03
  outer loop
    vertex   -8.041139692068116e-03    4.815588891506196e-01   -9.795365855097771e-03
    vertex   -2.890638075768948e-03    4.843592047691346e-01   -1.240829005837440e-02
    vertex   -6.889921147376314e-03    4.821734130382538e-01   -1.169985998421907e-02
  endloop
endfacet
facet normal   -4.370878194015602e-01    7.162415312746792e-01   -5.440149878524414e-01
  outer loop
    vertex   -2.890638075768948e-03    4.843592047691346e-01   -1.240829005837440e-02
    vertex   -4.177692811936141e-03    4.830799996852875e-01   -1.305838953703642e-02
    vertex   -1.053889002650978e-02    4.793458878993989e-01   -1.286377012729645e-02
  endloop
endfacet
facet normal   -4.799621958439345e-01    7.703593625973704e-01   -4.197412810520808e-01
  outer loop
    vertex   -1.081874035298826e-02    4.797253906726838e-01   -1.184726040810347e-02
    vertex   -2.890638075768948e-03    4.843592047691346e-01   -1.240829005837440e-02
    vertex   -1.053889002650978e-02    4.793458878993989e-01   -1.286377012729645e-02
  endloop
endfacet
facet normal   -6.039058034530666e-02    8.277223922986399e-01    5.578786777543786e-01
  outer loop
    vertex   -8.041139692068116e-03    4.815588891506196e-01   -9.795365855097771e-03
    vertex   -9.188402444124237e-03    4.808281064033509e-01   -8.835298009216785e-03
    vertex   -4.089809954166413e-03    4.810118973255158e-01   -8.556063286960125e-03
  endloop
endfacet
facet normal   -9.355526314766004e-02    7.657687828185280e-01    6.362747708325407e-01
  outer loop
    vertex   -2.890638075768948e-03    4.843592047691346e-01   -1.240829005837440e-02
    vertex   -8.041139692068116e-03    4.815588891506196e-01   -9.795365855097771e-03
    vertex   -4.089809954166413e-03    4.810118973255158e-01   -8.556063286960125e-03
  endloop
endfacet
facet normal    6.377876924878266e-01    5.655392953438573e-01    5.228691659803881e-01
  outer loop
    vertex   -4.545491188764573e-03    4.840132892131806e-01   -1.224362058565021e-04
    vertex   -3.746995935216547e-03    4.835689067840577e-01   -6.157808820717037e-04
    vertex    4.322334134485564e-04    4.835940897464753e-01   -5.740778055042028e-03
  endloop
endfacet
facet normal   -5.452267692767370e-01   -3.106244379866935e-01   -7.786143002729288e-01
  outer loop
    vertex   -1.304734032601119e-03    4.812645912170411e-01   -1.674636080861092e-02
    vertex    1.483671949245028e-04    4.804497957229615e-01   -1.743884012103081e-02
    vertex   -1.111967954784633e-03    4.799672067165375e-01   -1.636376045644283e-02
  endloop
endfacet
facet normal   -9.875851911008219e-01    1.257776001974632e-01   -9.410358976638607e-02
  outer loop
    vertex    4.043636843562125e-03    4.722915887832642e-01   -1.054839976131916e-02
    vertex    3.525231033563613e-03    4.695560932159424e-01   -8.764133788645267e-03
    vertex    4.146753810346126e-03    4.735251069068909e-01   -9.981873445212841e-03
  endloop
endfacet
facet normal   -8.345737459604854e-01    8.662856079179430e-02   -5.440424202289981e-01
  outer loop
    vertex    5.789298098534345e-03    4.712558090686799e-01   -1.792076043784618e-02
    vertex    3.988032229244708e-03    4.663549959659577e-01   -1.593793928623199e-02
    vertex    3.427367890253662e-03    4.666228890419007e-01   -1.503521017730236e-02
  endloop
endfacet
facet normal   -9.556613547527245e-01    1.850796428214550e-01   -2.290347153714257e-01
  outer loop
    vertex    5.853618960827588e-03    4.718269109725953e-01   -1.847616024315357e-02
    vertex    4.043636843562125e-03    4.722915887832642e-01   -1.054839976131916e-02
    vertex    4.146753810346126e-03    4.735251069068909e-01   -9.981873445212841e-03
  endloop
endfacet
facet normal   -9.712376488694613e-01   -1.005290784557218e-01   -2.158502578255679e-01
  outer loop
    vertex    5.853618960827588e-03    4.718269109725953e-01   -1.847616024315357e-02
    vertex    5.789298098534345e-03    4.712558090686799e-01   -1.792076043784618e-02
    vertex    4.043636843562125e-03    4.722915887832642e-01   -1.054839976131916e-02
  endloop
endfacet
facet normal    6.365426548789385e-01   -6.802815172146581e-01    3.633600223687183e-01
  outer loop
    vertex    3.116719890385858e-04    4.755359888076783e-01   -9.378317743539810e-03
    vertex    3.747232956811785e-03    4.756254851818085e-01   -1.522925961762667e-02
    vertex    1.356572960503399e-03    4.760994017124177e-01   -1.015397999435663e-02
  endloop
endfacet
facet normal    5.629760099873607e-01   -6.871213037445681e-01    4.592628072455643e-01
  outer loop
    vertex   -9.821604471653709e-04    4.743775129318238e-01   -9.525546804070473e-03
    vertex    3.116719890385858e-04    4.755359888076783e-01   -9.378317743539810e-03
    vertex   -6.896601989865318e-03    4.721755087375641e-01   -5.569980014115572e-03
  endloop
endfacet
facet normal    2.294884695419958e-01    9.699509053379111e-01    8.081017003718755e-02
  outer loop
    vertex    1.088737975805998e-02    4.824224114418030e-01   -8.560914546251297e-03
    vertex    1.226884033530950e-02    4.815231859683991e-01   -1.690797973424196e-03
    vertex    1.314262021332979e-02    4.815621078014374e-01   -4.639370832592249e-03
  endloop
endfacet
facet normal    3.015256718450866e-01    5.357272229192113e-01    7.887196028004114e-01
  outer loop
    vertex    1.006225030869245e-02    4.824770092964173e-01   -8.282554335892200e-03
    vertex    1.014658994972706e-02    4.821738898754120e-01   -8.108907379209995e-03
    vertex    1.088737975805998e-02    4.824224114418030e-01   -8.560914546251297e-03
  endloop
endfacet
facet normal    3.031462482779789e-01    9.524532918038006e-01   -3.057906288770632e-02
  outer loop
    vertex    2.228550054132938e-02    4.783129990100861e-01   -1.548148039728403e-02
    vertex    2.259662933647633e-02    4.780597090721131e-01   -2.028637938201427e-02
    vertex    1.650764048099518e-02    4.801166951656342e-01   -1.658027991652489e-02
  endloop
endfacet
facet normal    3.267130488745822e-01    9.450154455039541e-01   -1.429655392177397e-02
  outer loop
    vertex    1.936049014329910e-02    4.794904887676240e-01   -3.641498042270541e-03
    vertex    1.834299042820930e-02    4.798657894134522e-01   -2.086265012621880e-03
    vertex    2.221418917179108e-02    4.784752130508423e-01   -5.537795834243298e-03
  endloop
endfacet
facet normal    4.928016533097352e-01    8.332896757958381e-01   -2.505490904139518e-01
  outer loop
    vertex    1.023336034268141e-02    4.824958145618439e-01   -1.056397985666990e-02
    vertex    8.732901886105536e-03    4.822973906993867e-01   -1.417514029890299e-02
    vertex    9.795223362743853e-03    4.830678999423981e-01   -9.523073211312294e-03
  endloop
endfacet
facet normal    7.908417548003438e-02    9.930270409138694e-01   -8.742419117433918e-02
  outer loop
    vertex    1.111163012683391e-02    4.819302856922150e-01   -1.619317941367626e-02
    vertex    8.732901886105536e-03    4.822973906993867e-01   -1.417514029890299e-02
    vertex    1.023336034268141e-02    4.824958145618439e-01   -1.056397985666990e-02
  endloop
endfacet
facet normal    2.878760242035151e-01    9.561890704776901e-01   -5.319639262006742e-02
  outer loop
    vertex    1.238157972693443e-02    4.816924929618836e-01   -1.359501015394926e-02
    vertex    1.111163012683391e-02    4.819302856922150e-01   -1.619317941367626e-02
    vertex    1.088737975805998e-02    4.824224114418030e-01   -8.560914546251297e-03
  endloop
endfacet
facet normal    1.906786257178160e-01    9.015522864973666e-01    3.883878685099925e-01
  outer loop
    vertex    1.088737975805998e-02    4.824224114418030e-01   -8.560914546251297e-03
    vertex    9.795223362743853e-03    4.830678999423981e-01   -9.523073211312294e-03
    vertex    1.006225030869245e-02    4.824770092964173e-01   -8.282554335892200e-03
  endloop
endfacet
facet normal    5.289614466786523e-01   -2.661454854319085e-01    8.058327174493730e-01
  outer loop
    vertex    3.922947216778993e-03    4.753740131855012e-01   -8.567420765757561e-03
    vertex    4.695307929068803e-03    4.745916128158570e-01   -9.332817047834396e-03
    vertex    6.587814074009656e-03    4.791417121887208e-01   -9.072309359908104e-03
  endloop
endfacet
facet normal    4.393874895537899e-01    2.905683300103896e-01    8.500051056426612e-01
  outer loop
    vertex    3.977381158620118e-03    4.833030104637147e-01   -8.244861848652363e-03
    vertex    6.824456155300140e-03    4.819042086601258e-01   -9.238410741090775e-03
    vertex    8.835907094180582e-03    4.819555878639222e-01   -1.029574032872915e-02
  endloop
endfacet
facet normal    4.613548852720155e-01    9.386013402132193e-02    8.822368985012726e-01
  outer loop
    vertex    8.835907094180582e-03    4.819555878639222e-01   -1.029574032872915e-02
    vertex    6.824456155300140e-03    4.819042086601258e-01   -9.238410741090775e-03
    vertex    8.088858798146246e-03    4.813533127307892e-01   -9.841005317866802e-03
  endloop
endfacet
facet normal    5.159654327590258e-01   -4.019008943777751e-02    8.556660732486563e-01
  outer loop
    vertex    8.835907094180582e-03    4.819555878639222e-01   -1.029574032872915e-02
    vertex    6.587814074009656e-03    4.791417121887208e-01   -9.072309359908104e-03
    vertex    7.495662197470664e-03    4.782752096652985e-01   -9.660439565777779e-03
  endloop
endfacet
facet normal   -8.842474925820456e-01   -4.596167253033070e-01   -8.281809997717696e-02
  outer loop
    vertex    4.203164018690585e-03    4.752630889415742e-01   -1.433221995830536e-02
    vertex    3.744401037693023e-03    4.760614931583405e-01   -1.386492978781462e-02
    vertex    4.564720205962657e-03    4.751161932945252e-01   -1.737732067704201e-02
  endloop
endfacet
facet normal   -7.737148486993828e-01   -6.334515883965027e-01   -1.021851554968423e-02
  outer loop
    vertex    4.564720205962657e-03    4.751161932945252e-01   -1.737732067704201e-02
    vertex    3.744401037693023e-03    4.760614931583405e-01   -1.386492978781462e-02
    vertex    3.851559013128280e-03    4.759784936904908e-01   -1.683342084288597e-02
  endloop
endfacet
facet normal   -2.064170575647945e-01   -9.779141446484573e-01    3.280128111474442e-02
  outer loop
    vertex    1.520964968949556e-02    4.625866413116456e-01   -3.992298585783341e-23
    vertex    1.530450023710728e-02    4.625633955001832e-01   -9.614371083443984e-05
    vertex    1.526429038494825e-02    4.625751078128815e-01   -3.998422928651209e-23
  endloop
endfacet
facet normal   -2.337889919168417e-01    9.721630236044951e-01   -1.554872324895935e-02
  outer loop
    vertex   -8.049952797591702e-03    4.835236072540284e-01   -1.385271362966735e-23
    vertex   -1.453366037458183e-02    4.819507896900178e-01   -8.499489049427211e-04
    vertex   -1.481114979833366e-02    4.818976521492005e-01    5.420383412469928e-20
  endloop
endfacet
facet normal   -3.514097236243504e-01    9.333616838011337e-01    7.312436908562181e-02
  outer loop
    vertex   -4.491042345762254e-03    4.840241968631745e-01    4.063973978854036e-20
    vertex   -4.545491188764573e-03    4.840132892131806e-01   -1.224362058565021e-04
    vertex   -4.534261766821147e-03    4.840079247951508e-01   -1.779323764845920e-23
  endloop
endfacet
facet normal   -5.664521361819582e-01    7.730453152066878e-01    2.855396961052681e-01
  outer loop
    vertex   -2.419462986290456e-02    4.775095880031586e-01   -4.178292874712497e-04
    vertex   -2.395968697965146e-02    4.775274097919465e-01    2.710903385086809e-20
    vertex   -2.350347302854063e-02    4.778617024421692e-01    3.468196289805495e-24
  endloop
endfacet
facet normal    4.706750841148038e-01   -8.650634818209697e-01    1.735803491565309e-01
  outer loop
    vertex   -1.930049993097784e-02    4.726685881614686e-01   -1.772531977621838e-04
    vertex   -1.962916925549509e-02    4.725253283977509e-01    2.710418003722220e-20
    vertex   -2.016623131930829e-02    4.722331166267396e-01    1.084199449338027e-19
  endloop
endfacet
facet normal   -1.457162645940364e-01    9.549137617261966e-01    2.586628653260567e-01
  outer loop
    vertex   -3.232844546437265e-02    4.734512269496918e-01    1.372414317993011e-20
    vertex   -3.237809985876085e-02    4.735265076160431e-01   -3.058885049540550e-04
    vertex   -3.256046399474145e-02    4.734158217906952e-01    1.361962601764887e-23
  endloop
endfacet
facet normal   -1.573007863683141e-01    9.549208714315806e-01    2.517589956928272e-01
  outer loop
    vertex   -3.256046399474145e-02    4.734158217906952e-01    1.361962601764887e-23
    vertex   -3.237809985876085e-02    4.735265076160431e-01   -3.058885049540550e-04
    vertex   -3.268367052078248e-02    4.733955264091492e-01    1.375772071109344e-23
  endloop
endfacet
facet normal    3.291231717709620e-01    9.442745402442204e-01   -4.850819517127405e-03
  outer loop
    vertex    2.221418917179108e-02    4.784752130508423e-01   -5.537795834243298e-03
    vertex    1.893402077257633e-02    4.796469509601594e-01    2.167963370904544e-19
    vertex    2.451405674219131e-02    4.777020514011384e-01   -5.035172921598861e-23
  endloop
endfacet
facet normal    3.592858359666229e-01    9.331053004247646e-01    1.510583969777450e-02
  outer loop
    vertex    3.005209006369114e-02    4.757184982299805e-01   -7.485207752324641e-04
    vertex    2.992317266762257e-02    4.757560193538666e-01   -5.641447791466320e-23
    vertex    3.006852976977825e-02    4.757000505924225e-01    1.083636398487103e-19
  endloop
endfacet
facet normal   -5.425106308061606e-01    8.400445566995686e-01   -2.712604233405995e-03
  outer loop
    vertex   -3.495239838957788e-02    4.724253714084626e-01    2.168567350967457e-19
    vertex   -3.488909825682641e-02    4.724557995796204e-01   -3.236732911318541e-03
    vertex   -3.571460023522378e-02    4.719328880310059e-01   -7.571189780719578e-05
  endloop
endfacet
facet normal   -5.425083959824455e-01    8.400458985559378e-01   -2.743830880546026e-03
  outer loop
    vertex   -3.571460023522378e-02    4.719328880310059e-01   -7.571189780719578e-05
    vertex   -3.569190949201585e-02    4.719477891921998e-01    1.712947261356513e-23
    vertex   -3.495239838957788e-02    4.724253714084626e-01    2.168567350967457e-19
  endloop
endfacet
facet normal   -1.965233294342090e-01    9.442225949731599e-01    2.642390435386970e-01
  outer loop
    vertex   -3.156230226159097e-02    4.736106991767884e-01    1.250084730536909e-23
    vertex   -3.117582015693189e-02    4.737980067729951e-01   -3.818788973148912e-04
    vertex   -3.237809985876085e-02    4.735265076160431e-01   -3.058885049540550e-04
  endloop
endfacet
facet normal    9.552125046909704e-01   -2.926968332508103e-01   -4.356184898451920e-02
  outer loop
    vertex    3.212190419435501e-02    4.744032323360444e-01   -5.887890220973973e-23
    vertex    3.161936998367310e-02    4.727711975574494e-01   -5.361458897823468e-05
    vertex    3.176881000399590e-02    4.739770889282227e-01   -4.879250191152096e-03
  endloop
endfacet
facet normal    9.552113415467185e-01   -2.926952990578583e-01   -4.359764775706716e-02
  outer loop
    vertex    3.161936998367310e-02    4.727711975574494e-01   -5.361458897823468e-05
    vertex    3.212190419435501e-02    4.744032323360444e-01   -5.887890220973973e-23
    vertex    3.171021491289139e-02    4.730596840381623e-01   -5.841746476001835e-23
  endloop
endfacet
facet normal    9.887122671992272e-01   -1.374878020660712e-01   -5.954122078698822e-02
  outer loop
    vertex    3.176881000399590e-02    4.739770889282227e-01   -4.879250191152096e-03
    vertex    3.154008835554123e-02    4.743439853191376e-01   -9.524497203528881e-03
    vertex    3.212469071149826e-02    4.744232892990113e-01   -5.888202544715066e-23
  endloop
endfacet
facet normal    9.887286891016542e-01   -1.373642383818792e-01   -5.955371828098172e-02
  outer loop
    vertex    3.212469071149826e-02    4.744232892990113e-01   -5.888202544715066e-23
    vertex    3.212190419435501e-02    4.744032323360444e-01   -5.887890220973973e-23
    vertex    3.176881000399590e-02    4.739770889282227e-01   -4.879250191152096e-03
  endloop
endfacet
facet normal   -8.993421020750013e-01    4.328002036913355e-01    6.219137496515566e-02
  outer loop
    vertex    5.883250385522842e-03    4.726352393627167e-01    1.456601973350078e-19
    vertex    5.406013224273919e-03    4.725421071052552e-01   -6.253147032111883e-03
    vertex    3.745106980204581e-03    4.682283997535706e-01   -2.515027881599963e-04
  endloop
endfacet
facet normal   -8.993505493411983e-01    4.328186151828785e-01    6.194058242267495e-02
  outer loop
    vertex    3.745106980204581e-03    4.682283997535706e-01   -2.515027881599963e-04
    vertex    5.700124427676200e-03    4.722547233104706e-01   -2.926433799548051e-23
    vertex    5.883250385522842e-03    4.726352393627167e-01    1.456601973350078e-19
  endloop
endfacet
facet normal   -2.200487319225199e-01   -9.754616209742767e-01   -7.292570570613571e-03
  outer loop
    vertex    2.372018992900848e-02    4.600727856159211e-01   -1.232836046256125e-03
    vertex    2.606829069554806e-02    4.595347940921784e-01   -1.230095949722454e-04
    vertex    2.565797045826912e-02    4.596264362335206e-01    1.350089328362268e-20
  endloop
endfacet
facet normal    9.545574631732964e-01   -2.977600966750875e-01   -1.260850221888754e-02
  outer loop
    vertex    2.776376157999039e-02    4.640081524848939e-01   -1.084742113740522e-19
    vertex    2.789711952209473e-02    4.645088016986847e-01   -1.727052032947540e-03
    vertex    2.787075378000736e-02    4.643511474132538e-01   -5.411404654448785e-23
  endloop
endfacet
facet normal    1.803867931623118e-01   -8.654799076078398e-01    4.673383510688403e-01
  outer loop
    vertex   -6.121772807091489e-03    4.759150445461274e-01   -1.601389317880697e-23
    vertex   -8.121960796415821e-03    4.750421047210694e-01   -8.445794810540974e-04
    vertex   -3.746869973838330e-03    4.764100313186646e-01   -1.867577716548290e-23
  endloop
endfacet
facet normal    2.735162679214949e-01   -9.533947300486358e-01    1.273865765996790e-01
  outer loop
    vertex   -3.746869973838330e-03    4.764100313186646e-01   -1.867577716548290e-23
    vertex   -3.191347932443024e-03    4.764873087406159e-01   -6.144166109152138e-04
    vertex   -3.345262724906207e-03    4.765252470970154e-01   -1.912591427842891e-23
  endloop
endfacet
facet normal    2.735036429573062e-01   -9.533999649556751e-01    1.273745033811705e-01
  outer loop
    vertex   -3.191347932443024e-03    4.764873087406159e-01   -6.144166109152138e-04
    vertex   -3.746869973838330e-03    4.764100313186646e-01   -1.867577716548290e-23
    vertex   -8.121960796415821e-03    4.750421047210694e-01   -8.445794810540974e-04
  endloop
endfacet
facet normal    3.767817876209497e-01   -9.154822080955931e-01    1.411658994856008e-01
  outer loop
    vertex   -1.904938369989397e-02    4.727992713451386e-01    5.420858450303150e-20
    vertex   -1.930049993097784e-02    4.726685881614686e-01   -1.772531977621838e-04
    vertex   -1.881406083703042e-02    4.728091955184937e-01   -5.637336289510131e-04
  endloop
endfacet
facet normal    3.767485951689973e-01   -9.154879617942707e-01    1.412171655570202e-01
  outer loop
    vertex   -1.930049993097784e-02    4.726685881614686e-01   -1.772531977621838e-04
    vertex   -1.904938369989397e-02    4.727992713451386e-01    5.420858450303150e-20
    vertex   -1.932529918849470e-02    4.726857244968415e-01    2.710383944776560e-20
  endloop
endfacet
facet normal   -8.004584798772334e-01   -5.993736937643969e-01    4.170996985385248e-03
  outer loop
    vertex    5.392365623265504e-03    4.654815196990967e-01    2.710216237314882e-19
    vertex    4.054666031152009e-03    4.672678112983704e-01   -2.800002948788460e-05
    vertex    5.407248158007859e-03    4.654611945152283e-01   -6.461989687522873e-05
  endloop
endfacet
facet normal    4.004525402356163e-01    9.161381472525378e-01    1.812893178125708e-02
  outer loop
    vertex    3.012436069548130e-02    4.756720960140229e-01    5.420444462654268e-19
    vertex    3.187244012951851e-02    4.749118983745576e-01   -1.972975005628541e-04
    vertex    3.005209006369114e-02    4.757184982299805e-01   -7.485207752324641e-04
  endloop
endfacet
facet normal    4.004512930490354e-01    9.161389740001896e-01    1.811469605694398e-02
  outer loop
    vertex    3.187244012951851e-02    4.749118983745576e-01   -1.972975005628541e-04
    vertex    3.012436069548130e-02    4.756720960140229e-01    5.420444462654268e-19
    vertex    3.185894712805748e-02    4.749138951301575e-01    2.709919589517313e-19
  endloop
endfacet
facet normal    2.646925824521320e-01    9.639975127045256e-01    2.542896565551307e-02
  outer loop
    vertex    1.226884033530950e-02    4.815231859683991e-01   -1.690797973424196e-03
    vertex    1.374012883752584e-02    4.810746014118195e-01    5.417183273486095e-20
    vertex    1.834299042820930e-02    4.798657894134522e-01   -2.086265012621880e-03
  endloop
endfacet
facet normal    9.082267262570061e-01   -4.156655264507481e-01   -4.843948629892739e-02
  outer loop
    vertex    3.114515915513039e-02    4.717288017272950e-01   -1.334529325704879e-21
    vertex    3.161936998367310e-02    4.727711975574494e-01   -5.361458897823468e-05
    vertex    3.152136504650116e-02    4.725508093833924e-01   -1.705902722621764e-21
  endloop
endfacet
facet normal   -3.381517278626108e-01    9.396730674044518e-01   -5.165206034844620e-02
  outer loop
    vertex   -1.453366037458183e-02    4.819507896900178e-01   -8.499489049427211e-04
    vertex   -1.518539618700744e-02    4.817629754543305e-01   -5.855029585349659e-24
    vertex   -1.481114979833366e-02    4.818976521492005e-01    5.420383412469928e-20
  endloop
endfacet
facet normal   -3.380917009709999e-01    9.396974918579537e-01   -5.160063498065789e-02
  outer loop
    vertex   -1.518539618700744e-02    4.817629754543305e-01   -5.855029585349659e-24
    vertex   -1.453366037458183e-02    4.819507896900178e-01   -8.499489049427211e-04
    vertex   -1.573367044329645e-02    4.815233945846558e-01   -7.706604083068669e-04
  endloop
endfacet
facet normal    9.227944218193240e-01   -3.847182544173273e-01   -2.103139979231113e-02
  outer loop
    vertex    2.789711952209473e-02    4.645088016986847e-01   -1.727052032947540e-03
    vertex    2.966186963021755e-02    4.686473608016968e-01    5.415398702502752e-20
    vertex    2.787075378000736e-02    4.643511474132538e-01   -5.411404654448785e-23
  endloop
endfacet
facet normal    9.227943009636881e-01   -3.847185957714224e-01   -2.103045830701523e-02
  outer loop
    vertex    2.966186963021755e-02    4.686473608016968e-01    5.415398702502752e-20
    vertex    2.789711952209473e-02    4.645088016986847e-01   -1.727052032947540e-03
    vertex    3.004566021263599e-02    4.695807099342347e-01   -2.338040067115799e-04
  endloop
endfacet
facet normal    2.441196144576935e-01   -9.504395842654556e-01   -1.925362576200523e-01
  outer loop
    vertex   -1.189588662236931e-02    4.739341735839844e-01   -9.542040567627283e-24
    vertex   -1.199270039796831e-02    4.739398062229157e-01   -1.505567051935941e-04
    vertex   -1.058052014559509e-02    4.743066132068635e-01   -1.707449991954491e-04
  endloop
endfacet
facet normal    2.441166821173774e-01   -9.504369327479960e-01   -1.925530638047203e-01
  outer loop
    vertex   -1.058052014559509e-02    4.743066132068635e-01   -1.707449991954491e-04
    vertex   -1.052021700888874e-02    4.742875099182129e-01    5.419902467939730e-20
    vertex   -1.189588662236931e-02    4.739341735839844e-01   -9.542040567627283e-24
  endloop
endfacet
facet normal    9.782258589135119e-01   -2.075350499331938e-01    1.836301214061145e-03
  outer loop
    vertex    2.708262950181961e-02    4.602699875831605e-01   -2.312815049663186e-04
    vertex    2.738796733319759e-02    4.617112576961518e-01    2.167868615764903e-19
    vertex    2.709147706627846e-02    4.603137373924256e-01   -5.324060272220294e-23
  endloop
endfacet
facet normal    9.782259551936616e-01   -2.075346208753739e-01    1.833500358088153e-03
  outer loop
    vertex    2.738796733319759e-02    4.617112576961518e-01    2.167868615764903e-19
    vertex    2.708262950181961e-02    4.602699875831605e-01   -2.312815049663186e-04
    vertex    2.737456932663918e-02    4.616275131702424e-01   -2.330848015844822e-03
  endloop
endfacet
facet normal    9.685089918066891e-01    2.412749713666968e-01   -6.145503219094688e-02
  outer loop
    vertex    3.154008835554123e-02    4.743439853191376e-01   -9.524497203528881e-03
    vertex    3.132921084761620e-02    4.748126864433289e-01   -1.100771035999060e-02
    vertex    3.212198987603188e-02    4.744341373443604e-01   -5.887899824512377e-23
  endloop
endfacet
facet normal    9.685430654484236e-01    2.411379541380862e-01   -6.145581702222191e-02
  outer loop
    vertex    3.212198987603188e-02    4.744341373443604e-01   -5.887899824512377e-23
    vertex    3.212469071149826e-02    4.744232892990113e-01   -5.888202544715066e-23
    vertex    3.154008835554123e-02    4.743439853191376e-01   -9.524497203528881e-03
  endloop
endfacet
facet normal    4.037171802805832e-01   -9.047425067700744e-01   -1.358434201192577e-01
  outer loop
    vertex   -3.171896934509279e-02    4.668335914611817e-01   -9.771040640771389e-05
    vertex   -2.577663026750089e-02    4.694705307483674e-01    6.016039837135300e-24
    vertex   -3.164555132389070e-02    4.668516814708710e-01    1.259415611259837e-23
  endloop
endfacet
facet normal   -2.844245643767802e-01   -9.586842615057332e-01   -5.210942360667093e-03
  outer loop
    vertex    1.653537526726723e-02    4.621976912021638e-01   -4.140891093921671e-23
    vertex    2.372018992900848e-02    4.600727856159211e-01   -1.232836046256125e-03
    vertex    2.375596575438976e-02    4.600554704666138e-01   -5.425961065545510e-20
  endloop
endfacet
facet normal   -2.844260187609001e-01   -9.586837793813506e-01   -5.220249315291745e-03
  outer loop
    vertex    2.372018992900848e-02    4.600727856159211e-01   -1.232836046256125e-03
    vertex    1.653537526726723e-02    4.621976912021638e-01   -4.140891093921671e-23
    vertex    1.530450023710728e-02    4.625633955001832e-01   -9.614371083443984e-05
  endloop
endfacet
facet normal    7.917192206089327e-01   -6.045061165164040e-01    8.805129648472064e-02
  outer loop
    vertex   -2.215978922322393e-03    4.769766032695771e-01   -1.217609969899058e-03
    vertex   -1.747450005495929e-04    4.793612062931061e-01   -3.200283972546458e-03
    vertex   -1.871944870799781e-03    4.776045382022858e-01   -2.077726655641202e-23
  endloop
endfacet
facet normal    7.918883963089478e-01   -6.043064344746524e-01    8.790051788115763e-02
  outer loop
    vertex   -1.871944870799781e-03    4.776045382022858e-01   -2.077726655641202e-23
    vertex   -1.895961235277356e-03    4.775730669498444e-01    3.367381440941472e-21
    vertex   -2.215978922322393e-03    4.769766032695771e-01   -1.217609969899058e-03
  endloop
endfacet
facet normal   -2.641223745645899e-01   -9.636778792707360e-01    3.955143813591552e-02
  outer loop
    vertex    7.365154102444648e-03    4.644488096237183e-01   -4.802993033081293e-03
    vertex    1.273397449404001e-02    4.631744623184205e-01   -3.714815226638013e-23
    vertex    1.266242563724518e-02    4.631940722465516e-01   -3.706795750915648e-23
  endloop
endfacet
facet normal   -2.110217627753767e-01    9.623846477718376e-01   -1.711303753523859e-01
  outer loop
    vertex   -6.838204804807916e-03    4.834437072277070e-01   -1.943545998074114e-03
    vertex   -1.453366037458183e-02    4.819507896900178e-01   -8.499489049427211e-04
    vertex   -8.049952797591702e-03    4.835236072540284e-01   -1.385271362966735e-23
  endloop
endfacet
facet normal   -2.110222041923633e-01    9.623845031020432e-01   -1.711306446164155e-01
  outer loop
    vertex   -8.049952797591702e-03    4.835236072540284e-01   -1.385271362966735e-23
    vertex   -6.422766484320178e-03    4.838804006576539e-01    1.084045407208556e-19
    vertex   -6.838204804807916e-03    4.834437072277070e-01   -1.943545998074114e-03
  endloop
endfacet
facet normal    8.934565993202576e-01    4.464770746575081e-01   -4.892368481987851e-02
  outer loop
    vertex    3.212198987603188e-02    4.744341373443604e-01   -5.887899824512377e-23
    vertex    3.187244012951851e-02    4.749118983745576e-01   -1.972975005628541e-04
    vertex    3.198957815766335e-02    4.746991097927094e-01   -5.873058601215605e-23
  endloop
endfacet
facet normal    8.934650998174724e-01    4.464523078603519e-01   -4.899441003134541e-02
  outer loop
    vertex    3.187244012951851e-02    4.749118983745576e-01   -1.972975005628541e-04
    vertex    3.212198987603188e-02    4.744341373443604e-01   -5.887899824512377e-23
    vertex    3.132921084761620e-02    4.748126864433289e-01   -1.100771035999060e-02
  endloop
endfacet
facet normal   -9.237075783096674e-01    3.830743777912312e-01    4.281454560151594e-03
  outer loop
    vertex    9.349277243018149e-03    4.775778353214264e-01   -3.335445120404697e-23
    vertex    9.677506051957606e-03    4.783805906772614e-01   -1.010771025903523e-03
    vertex    9.327190928161143e-03    4.775245785713196e-01   -3.332969599846377e-23
  endloop
endfacet
facet normal   -9.237002382890138e-01    3.830918938521193e-01    4.297749366300313e-03
  outer loop
    vertex    9.677506051957606e-03    4.783805906772614e-01   -1.010771025903523e-03
    vertex    9.349277243018149e-03    4.775778353214264e-01   -3.335445120404697e-23
    vertex    1.089027989655733e-02    4.813148081302643e-01   -1.903199008665979e-03
  endloop
endfacet
facet normal    4.448219531337418e-01   -8.590780295981179e-01   -2.532160521611899e-01
  outer loop
    vertex   -1.052021700888874e-02    4.742875099182129e-01    5.419902467939730e-20
    vertex   -1.058052014559509e-02    4.743066132068635e-01   -1.707449991954491e-04
    vertex   -8.386564441025273e-03    4.754101932048798e-01   -6.072696851333603e-05
  endloop
endfacet
facet normal    4.448234136789473e-01   -8.590802576801015e-01   -2.532059270777415e-01
  outer loop
    vertex   -8.386564441025273e-03    4.754101932048798e-01   -6.072696851333603e-05
    vertex   -8.392344228923336e-03    4.753893017768860e-01   -1.346894791882066e-23
    vertex   -1.052021700888874e-02    4.742875099182129e-01    5.419902467939730e-20
  endloop
endfacet
facet normal   -1.741001807451014e-01    9.681031635895588e-01   -1.801815520868074e-01
  outer loop
    vertex   -4.645578097552062e-03    4.839994907379151e-01   -1.077343011274934e-03
    vertex   -6.422766484320178e-03    4.838804006576539e-01    1.084045407208556e-19
    vertex   -6.083042360842243e-03    4.839414954185486e-01   -1.605730378026434e-23
  endloop
endfacet
facet normal   -1.741623456175896e-01    9.680722539476324e-01   -1.802875162226437e-01
  outer loop
    vertex   -6.422766484320178e-03    4.838804006576539e-01    1.084045407208556e-19
    vertex   -4.645578097552062e-03    4.839994907379151e-01   -1.077343011274934e-03
    vertex   -6.838204804807916e-03    4.834437072277070e-01   -1.943545998074114e-03
  endloop
endfacet
facet normal   -1.091963156001114e-01    9.940159192430135e-01   -2.918381542554336e-03
  outer loop
    vertex   -4.818155430257321e-03    4.839836955070496e-01    1.084027422100241e-19
    vertex   -4.545491188764573e-03    4.840132892131806e-01   -1.224362058565021e-04
    vertex   -4.645578097552062e-03    4.839994907379151e-01   -1.077343011274934e-03
  endloop
endfacet
facet normal    9.927289793893426e-01   -1.054357526618706e-01   -5.807301904687805e-02
  outer loop
    vertex    2.770011313259602e-02    4.634088575839997e-01    1.083662944627182e-19
    vertex    2.737456932663918e-02    4.616275131702424e-01   -2.330848015844822e-03
    vertex    2.753677032887936e-02    4.633978903293610e-01   -2.772351028397679e-03
  endloop
endfacet
facet normal    8.912481007563882e-01   -4.512134521551459e-01   -4.564256228967386e-02
  outer loop
    vertex    3.064913116395473e-02    4.707490503787995e-01    1.349529899547810e-20
    vertex    3.004566021263599e-02    4.695807099342347e-01   -2.338040067115799e-04
    vertex    3.100560978055000e-02    4.716446995735169e-01   -1.893365988507867e-03
  endloop
endfacet
facet normal   -1.440219533471543e-01    9.889392439914546e-01   -3.545206126137276e-02
  outer loop
    vertex    1.226884033530950e-02    4.815231859683991e-01   -1.690797973424196e-03
    vertex    1.089027989655733e-02    4.813148081302643e-01   -1.903199008665979e-03
    vertex    1.112759765237570e-02    4.814175963401795e-01   -3.534766227653586e-23
  endloop
endfacet
facet normal   -1.440183389913326e-01    9.889398591833136e-01   -3.544958325094191e-02
  outer loop
    vertex    1.112759765237570e-02    4.814175963401795e-01   -3.534766227653586e-23
    vertex    1.172700431197882e-02    4.815048873424531e-01    1.083841977478448e-19
    vertex    1.226884033530950e-02    4.815231859683991e-01   -1.690797973424196e-03
  endloop
endfacet
facet normal   -8.301970559184044e-01    5.547289526358964e-01    5.521446777698214e-02
  outer loop
    vertex    7.282091770321130e-03    4.752523899078370e-01   -5.261214915663004e-03
    vertex    5.883250385522842e-03    4.726352393627167e-01    1.456601973350078e-19
    vertex    5.891355220228433e-03    4.726473689079285e-01   -2.947867694761727e-23
  endloop
endfacet
facet normal   -8.303066501268580e-01    5.545753970736294e-01    5.510894406302787e-02
  outer loop
    vertex    5.883250385522842e-03    4.726352393627167e-01    1.456601973350078e-19
    vertex    7.282091770321130e-03    4.752523899078370e-01   -5.261214915663004e-03
    vertex    5.406013224273919e-03    4.725421071052552e-01   -6.253147032111883e-03
  endloop
endfacet
facet normal   -8.292104101010681e-01    5.524995895830616e-01    8.458309104405470e-02
  outer loop
    vertex    9.308622218668459e-03    4.774884283542634e-01   -6.809572461496967e-21
    vertex    7.282091770321130e-03    4.752523899078370e-01   -5.261214915663004e-03
    vertex    9.292438626289366e-03    4.774641394615174e-01   -1.829924073511881e-19
  endloop
endfacet
facet normal   -3.931804851593116e-01    9.194608320485703e-01    9.404352390894884e-04
  outer loop
    vertex   -3.237809985876085e-02    4.735265076160431e-01   -3.058885049540550e-04
    vertex   -3.495239838957788e-02    4.724253714084626e-01    2.168567350967457e-19
    vertex   -3.268367052078248e-02    4.733955264091492e-01    1.375772071109344e-23
  endloop
endfacet
facet normal   -3.931790739481941e-01    9.194614210876558e-01    9.544321396002969e-04
  outer loop
    vertex   -3.495239838957788e-02    4.724253714084626e-01    2.168567350967457e-19
    vertex   -3.237809985876085e-02    4.735265076160431e-01   -3.058885049540550e-04
    vertex   -3.488909825682641e-02    4.724557995796204e-01   -3.236732911318541e-03
  endloop
endfacet
facet normal    8.365108568364286e-01    1.512672965975256e-01    5.266571858190681e-01
  outer loop
    vertex   -1.871944870799781e-03    4.776045382022858e-01   -2.077726655641202e-23
    vertex   -1.747450005495929e-04    4.793612062931061e-01   -3.200283972546458e-03
    vertex   -1.792629016563297e-03    4.788548946380616e-01   -4.851098929066211e-04
  endloop
endfacet
facet normal    8.365151671178417e-01    1.512646607163839e-01    5.266510966476444e-01
  outer loop
    vertex   -1.792629016563297e-03    4.788548946380616e-01   -4.851098929066211e-04
    vertex   -1.882399665191770e-03    4.776623547077180e-01    1.691989339667206e-20
    vertex   -1.871944870799781e-03    4.776045382022858e-01   -2.077726655641202e-23
  endloop
endfacet
facet normal    9.077002913217985e-01    3.811796319492816e-01    1.754487655166950e-01
  outer loop
    vertex   -3.161627566441894e-03    4.818915426731110e-01    2.708572257238933e-20
    vertex   -3.746995935216547e-03    4.835689067840577e-01   -6.157808820717037e-04
    vertex   -3.847910324111582e-03    4.835257828235627e-01   -1.856252719098393e-23
  endloop
endfacet
facet normal    9.076967000223510e-01    3.811827291278507e-01    1.754606160458179e-01
  outer loop
    vertex   -3.746995935216547e-03    4.835689067840577e-01   -6.157808820717037e-04
    vertex   -3.161627566441894e-03    4.818915426731110e-01    2.708572257238933e-20
    vertex   -1.792629016563297e-03    4.788548946380616e-01   -4.851098929066211e-04
  endloop
endfacet
facet normal    5.490236617474686e-01    8.226731238341080e-01    1.475870934818886e-01
  outer loop
    vertex   -3.847910324111582e-03    4.835257828235627e-01   -1.856252719098393e-23
    vertex   -3.746995935216547e-03    4.835689067840577e-01   -6.157808820717037e-04
    vertex   -4.545491188764573e-03    4.840132892131806e-01   -1.224362058565021e-04
  endloop
endfacet
facet normal    5.490344202453683e-01    8.226753491969684e-01    1.475346576553400e-01
  outer loop
    vertex   -4.545491188764573e-03    4.840132892131806e-01   -1.224362058565021e-04
    vertex   -4.334704484790564e-03    4.838506579399109e-01   -1.801690925551696e-23
    vertex   -3.847910324111582e-03    4.835257828235627e-01   -1.856252719098393e-23
  endloop
endfacet
facet normal    3.399172044709557e-01    9.404524255557082e-01    2.351461468073883e-03
  outer loop
    vertex    1.834299042820930e-02    4.798657894134522e-01   -2.086265012621880e-03
    vertex    1.893402077257633e-02    4.796469509601594e-01    2.167963370904544e-19
    vertex    2.221418917179108e-02    4.784752130508423e-01   -5.537795834243298e-03
  endloop
endfacet
facet normal    3.362062131541085e-01    9.417531789702729e-01   -8.144454307016486e-03
  outer loop
    vertex    3.005209006369114e-02    4.757184982299805e-01   -7.485207752324641e-04
    vertex    2.221418917179108e-02    4.784752130508423e-01   -5.537795834243298e-03
    vertex    2.451405674219131e-02    4.777020514011384e-01   -5.035172921598861e-23
  endloop
endfacet
facet normal    3.362089195252944e-01    9.417524034707508e-01   -8.122375803799434e-03
  outer loop
    vertex    2.451405674219131e-02    4.777020514011384e-01   -5.035172921598861e-23
    vertex    2.785021439194679e-02    4.765110313892365e-01    5.415601759907658e-20
    vertex    3.005209006369114e-02    4.757184982299805e-01   -7.485207752324641e-04
  endloop
endfacet
facet normal    4.412770907624576e-01   -8.961692666373754e-01   -4.642385919815952e-02
  outer loop
    vertex   -2.016623131930829e-02    4.722331166267396e-01    1.084199449338027e-19
    vertex   -2.535733953118326e-02    4.696871936321259e-01   -1.968639990082011e-04
    vertex   -1.930049993097784e-02    4.726685881614686e-01   -1.772531977621838e-04
  endloop
endfacet
facet normal    5.902941222390456e-01   -8.042037663642647e-01    6.934804550645697e-02
  outer loop
    vertex    2.606829069554806e-02    4.595347940921784e-01   -1.230095949722454e-04
    vertex    2.704773657023907e-02    4.602643251419068e-01   -1.480840690444549e-21
    vertex    2.606541104614735e-02    4.595432877540589e-01   -5.209054779346486e-23
  endloop
endfacet
facet normal   -9.518071528198991e-01   -3.066971223300409e-01    1.378236166972941e-04
  outer loop
    vertex    3.756849560886621e-03    4.681920707225800e-01    3.252335655061362e-19
    vertex    3.745106980204581e-03    4.682283997535706e-01   -2.515027881599963e-04
    vertex    4.054666031152009e-03    4.672678112983704e-01   -2.800002948788460e-05
  endloop
endfacet
facet normal    2.092285483242947e-01   -9.640450375924616e-01    1.638309496385139e-01
  outer loop
    vertex   -1.824921369552614e-02    4.730275869369507e-01    5.420768764119300e-20
    vertex   -1.881406083703042e-02    4.728091955184937e-01   -5.637336289510131e-04
    vertex   -1.746984012424947e-02    4.731804132461548e-01   -9.604873775970191e-05
  endloop
endfacet
facet normal    2.092400254451495e-01   -9.640199183683843e-01    1.639640470979140e-01
  outer loop
    vertex   -1.746984012424947e-02    4.731804132461548e-01   -9.604873775970191e-05
    vertex   -1.745173707604410e-02    4.732006788253785e-01   -3.314826069574811e-24
    vertex   -1.824921369552614e-02    4.730275869369507e-01    5.420768764119300e-20
  endloop
endfacet
facet normal    1.350768367081886e-01   -9.831090702527999e-01   -1.234941463049339e-01
  outer loop
    vertex   -1.729873567819597e-02    4.731918573379517e-01    2.032844210250114e-19
    vertex   -1.746984012424947e-02    4.731804132461548e-01   -9.604873775970191e-05
    vertex   -1.199270039796831e-02    4.739398062229157e-01   -1.505567051935941e-04
  endloop
endfacet
facet normal    1.350704657034984e-01   -9.830922359525623e-01   -1.236350472335078e-01
  outer loop
    vertex   -1.199270039796831e-02    4.739398062229157e-01   -1.505567051935941e-04
    vertex   -1.189588662236931e-02    4.739341735839844e-01   -9.542040567627283e-24
    vertex   -1.729873567819597e-02    4.731918573379517e-01    2.032844210250114e-19
  endloop
endfacet
facet normal    5.708958338948968e-01   -7.865893675893789e-01    2.352766746551624e-01
  outer loop
    vertex   -2.051750896498562e-03    4.774599969387055e-01   -2.057573292990458e-23
    vertex   -2.215978922322393e-03    4.769766032695771e-01   -1.217609969899058e-03
    vertex   -1.895961235277356e-03    4.775730669498444e-01    3.367381440941472e-21
  endloop
endfacet
facet normal    5.709220937476216e-01   -7.865732778934130e-01    2.352667451529093e-01
  outer loop
    vertex   -2.215978922322393e-03    4.769766032695771e-01   -1.217609969899058e-03
    vertex   -2.051750896498562e-03    4.774599969387055e-01   -2.057573292990458e-23
    vertex   -3.298067487776280e-03    4.765553772449494e-01   -2.712423312468380e-20
  endloop
endfacet
facet normal   -4.836823490525571e-01   -8.124514135641396e-01   -3.255366120924522e-01
  outer loop
    vertex   -8.386564441025273e-03    4.754101932048798e-01   -6.072696851333603e-05
    vertex   -8.369016461074368e-03    4.753754138946534e-01   -1.349509459345325e-23
    vertex   -8.392344228923336e-03    4.753893017768860e-01   -1.346894791882066e-23
  endloop
endfacet
facet normal    9.786969130241234e-01    9.750264716382828e-03    2.050787282362844e-01
  outer loop
    vertex   -1.888629514724017e-03    4.782876968383790e-01   -2.075856575511057e-23
    vertex   -1.792629016563297e-03    4.788548946380616e-01   -4.851098929066211e-04
    vertex   -1.898597227409483e-03    4.792882204055787e-01   -2.074739355315737e-23
  endloop
endfacet
facet normal    9.786969586406450e-01    9.750078382778521e-03    2.050785193994764e-01
  outer loop
    vertex   -1.792629016563297e-03    4.788548946380616e-01   -4.851098929066211e-04
    vertex   -1.888629514724017e-03    4.782876968383790e-01   -2.075856575511057e-23
    vertex   -1.882399665191770e-03    4.776623547077180e-01    1.691989339667206e-20
  endloop
endfacet
facet normal    1.085298780259337e-01    9.930501315199817e-01    4.552693558568579e-02
  outer loop
    vertex    1.246790774166584e-02    4.814239144325257e-01   -5.424695855852420e-20
    vertex    1.226884033530950e-02    4.815231859683991e-01   -1.690797973424196e-03
    vertex    1.172700431197882e-02    4.815048873424531e-01    1.083841977478448e-19
  endloop
endfacet
facet normal    8.833468632114050e-01    4.285605089853914e-01   -1.898267878692404e-01
  outer loop
    vertex   -2.530112396925689e-03    4.805898666381836e-01   -2.003956665072168e-23
    vertex   -1.792629016563297e-03    4.788548946380616e-01   -4.851098929066211e-04
    vertex   -3.161627566441894e-03    4.818915426731110e-01    2.708572257238933e-20
  endloop
endfacet
facet normal    8.833372636645085e-01    4.285656638721784e-01   -1.898598176853062e-01
  outer loop
    vertex   -1.792629016563297e-03    4.788548946380616e-01   -4.851098929066211e-04
    vertex   -2.530112396925689e-03    4.805898666381836e-01   -2.003956665072168e-23
    vertex   -1.898597227409483e-03    4.792882204055787e-01   -2.074739355315737e-23
  endloop
endfacet
facet normal    2.444341102906228e-01   -9.669525833555491e-01    7.248908378826104e-02
  outer loop
    vertex    2.605539001524448e-02    4.595407545566559e-01    9.481561077665157e-20
    vertex    2.606829069554806e-02    4.595347940921784e-01   -1.230095949722454e-04
    vertex    2.606541104614735e-02    4.595432877540589e-01   -5.209054779346486e-23
  endloop
endfacet
facet normal   -4.570242420373610e-01    8.624070850704750e-01    2.176760478564931e-01
  outer loop
    vertex   -3.117582015693189e-02    4.737980067729951e-01   -3.818788973148912e-04
    vertex   -3.088877163827421e-02    4.738537371158600e-01    2.711680023997608e-20
    vertex   -2.949954569339754e-02    4.745899438858033e-01    1.018882906159292e-23
  endloop
endfacet
facet normal   -4.570242420373610e-01    8.624070850704750e-01    2.176760478564931e-01
  outer loop
    vertex   -2.949954569339754e-02    4.745899438858033e-01    1.018882906159292e-23
    vertex   -2.811031974852087e-02    4.753261506557465e-01   -2.709642258185290e-20
    vertex   -3.117582015693189e-02    4.737980067729951e-01   -3.818788973148912e-04
  endloop
endfacet
facet normal   -4.465017239797139e-01   -8.924685761025772e-01   -6.431213845442811e-02
  outer loop
    vertex    6.201466079801320e-03    4.650591909885407e-01   -2.982626132630390e-23
    vertex    5.407248158007859e-03    4.654611945152283e-01   -6.461989687522873e-05
    vertex    6.219336763024329e-03    4.650502502918244e-01    3.358285497530162e-21
  endloop
endfacet
facet normal   -4.465838652077381e-01   -8.924901336081786e-01   -6.343668298525920e-02
  outer loop
    vertex    5.407248158007859e-03    4.654611945152283e-01   -6.461989687522873e-05
    vertex    6.201466079801320e-03    4.650591909885407e-01   -2.982626132630390e-23
    vertex    5.415162537246942e-03    4.654526412487031e-01   -2.894494156075435e-23
  endloop
endfacet
facet normal    8.760496611057077e-01   -4.721326328552049e-01    9.812119174667089e-02
  outer loop
    vertex    3.060725890100002e-02    4.706713557243348e-01   -5.718122852058090e-23
    vertex    3.004566021263599e-02    4.695807099342347e-01   -2.338040067115799e-04
    vertex    3.064913116395473e-02    4.707490503787995e-01    1.349529899547810e-20
  endloop
endfacet
facet normal    8.760731713866966e-01   -4.721164321104082e-01    9.798914688777496e-02
  outer loop
    vertex    3.004566021263599e-02    4.695807099342347e-01   -2.338040067115799e-04
    vertex    3.060725890100002e-02    4.706713557243348e-01   -5.718122852058090e-23
    vertex    3.002105094492435e-02    4.695835709571839e-01   -5.652418371440342e-23
  endloop
endfacet
facet normal   -2.302944562059382e-01   -9.730874620344885e-01    8.078036400568372e-03
  outer loop
    vertex    1.458467449992895e-02    4.627345502376557e-01    1.351330466684840e-20
    vertex    1.530450023710728e-02    4.625633955001832e-01   -9.614371083443984e-05
    vertex    1.520964968949556e-02    4.625866413116456e-01   -3.992298585783341e-23
  endloop
endfacet
facet normal   -2.518696749070262e-01   -9.676798483296897e-01    1.254503881452216e-02
  outer loop
    vertex    1.526429038494825e-02    4.625751078128815e-01   -3.998422928651209e-23
    vertex    1.530450023710728e-02    4.625633955001832e-01   -9.614371083443984e-05
    vertex    1.532921195030212e-02    4.625582098960877e-01    1.351247016015253e-20
  endloop
endfacet
facet normal   -9.827962517502195e-01   -1.362098253420398e-01   -1.247333597158766e-01
  outer loop
    vertex   -3.413372114300729e-02    4.682897329330445e-01    1.538299416672913e-23
    vertex   -3.411801904439928e-02    4.682385921478272e-01   -6.787347228964791e-05
    vertex   -3.413060680031778e-02    4.682672619819642e-01    1.356790665955844e-20
  endloop
endfacet
facet normal   -9.827985033688381e-01   -1.361558271411183e-01   -1.247745667653861e-01
  outer loop
    vertex   -3.411801904439928e-02    4.682385921478272e-01   -6.787347228964791e-05
    vertex   -3.413372114300729e-02    4.682897329330445e-01    1.538299416672913e-23
    vertex   -3.414306044578554e-02    4.683571457862855e-01   -2.964842157571536e-21
  endloop
endfacet
facet normal   -8.372765452491873e-02   -9.609765890578181e-01    2.636544616549419e-01
  outer loop
    vertex   -1.732712611556055e-02    4.731943309307099e-01   -3.454494908067046e-24
    vertex   -1.746984012424947e-02    4.731804132461548e-01   -9.604873775970191e-05
    vertex   -1.729873567819597e-02    4.731918573379517e-01    2.032844210250114e-19
  endloop
endfacet
facet normal    2.528393532550560e-01    9.675043539691982e-01   -2.754359491660541e-03
  outer loop
    vertex    1.523736398667097e-02    4.806833267211915e-01   -3.995404913158595e-23
    vertex    1.834299042820930e-02    4.798657894134522e-01   -2.086265012621880e-03
    vertex    1.374012883752584e-02    4.810746014118195e-01    5.417183273486095e-20
  endloop
endfacet
facet normal    2.528483029638059e-01    9.675020554716870e-01   -2.740136198155039e-03
  outer loop
    vertex    1.834299042820930e-02    4.798657894134522e-01   -2.086265012621880e-03
    vertex    1.523736398667097e-02    4.806833267211915e-01   -3.995404913158595e-23
    vertex    1.823183521628380e-02    4.799007475376130e-01   -1.084635276181605e-19
  endloop
endfacet
facet normal   -4.298990709739089e-01    8.978397773290701e-01   -9.523929347415359e-02
  outer loop
    vertex   -1.573367044329645e-02    4.815233945846558e-01   -7.706604083068669e-04
    vertex   -2.419462986290456e-02    4.775095880031586e-01   -4.178292874712497e-04
    vertex   -1.987051405012609e-02    4.796243607997895e-01   -2.710565807836948e-20
  endloop
endfacet
facet normal   -4.298998167590584e-01    8.978385696522909e-01   -9.524731174818740e-02
  outer loop
    vertex   -1.829984784126283e-02    4.803764224052430e-01   -2.364230353404109e-24
    vertex   -1.672917976975442e-02    4.811284840106965e-01    2.710092961557494e-20
    vertex   -1.573367044329645e-02    4.815233945846558e-01   -7.706604083068669e-04
  endloop
endfacet
facet normal   -4.299001628416761e-01    8.978382276982099e-01   -9.524897307812633e-02
  outer loop
    vertex   -1.573367044329645e-02    4.815233945846558e-01   -7.706604083068669e-04
    vertex   -1.987051405012609e-02    4.796243607997895e-01   -2.710565807836948e-20
    vertex   -1.829984784126283e-02    4.803764224052430e-01   -2.364230353404109e-24
  endloop
endfacet
facet normal   -1.965365046359754e-01    9.442089689645554e-01    2.642779318678813e-01
  outer loop
    vertex   -3.237809985876085e-02    4.735265076160431e-01   -3.058885049540550e-04
    vertex   -3.232844546437265e-02    4.734512269496918e-01    1.372414317993011e-20
    vertex   -3.156230226159097e-02    4.736106991767884e-01    1.250084730536909e-23
  endloop
endfacet
facet normal   -2.200350399722643e-01   -9.754645405056882e-01   -7.315148695044643e-03
  outer loop
    vertex    2.375596575438976e-02    4.600554704666138e-01   -5.425961065545510e-20
    vertex    2.372018992900848e-02    4.600727856159211e-01   -1.232836046256125e-03
    vertex    2.565797045826912e-02    4.596264362335206e-01    1.350089328362268e-20
  endloop
endfacet
facet normal    9.545555747241946e-01   -2.977660710705945e-01   -1.261037993654604e-02
  outer loop
    vertex    2.776376157999039e-02    4.640081524848939e-01   -1.084742113740522e-19
    vertex    2.753677032887936e-02    4.633978903293610e-01   -2.772351028397679e-03
    vertex    2.789711952209473e-02    4.645088016986847e-01   -1.727052032947540e-03
  endloop
endfacet
facet normal    1.803978816142897e-01   -8.654875249113727e-01    4.673199637634398e-01
  outer loop
    vertex   -6.121772807091489e-03    4.759150445461274e-01   -1.601389317880697e-23
    vertex   -8.386564441025273e-03    4.754101932048798e-01   -6.072696851333603e-05
    vertex   -8.121960796415821e-03    4.750421047210694e-01   -8.445794810540974e-04
  endloop
endfacet
facet normal   -4.570200536350448e-01    8.617519962343966e-01    2.202638589543305e-01
  outer loop
    vertex   -3.117582015693189e-02    4.737980067729951e-01   -3.818788973148912e-04
    vertex   -2.811031974852087e-02    4.753261506557465e-01   -2.709642258185290e-20
    vertex   -2.419462986290456e-02    4.775095880031586e-01   -4.178292874712497e-04
  endloop
endfacet
facet normal   -4.570271759816673e-01    8.617576829995905e-01    2.202268289863876e-01
  outer loop
    vertex   -2.603500336408617e-02    4.764267802238465e-01    6.305634507600014e-24
    vertex   -2.395968697965146e-02    4.775274097919465e-01    2.710903385086809e-20
    vertex   -2.419462986290456e-02    4.775095880031586e-01   -4.178292874712497e-04
  endloop
endfacet
facet normal   -4.570271759816672e-01    8.617576829995905e-01    2.202268289863876e-01
  outer loop
    vertex   -2.419462986290456e-02    4.775095880031586e-01   -4.178292874712497e-04
    vertex   -2.811031974852087e-02    4.753261506557465e-01   -2.709642258185290e-20
    vertex   -2.603500336408617e-02    4.764267802238465e-01    6.305634507600014e-24
  endloop
endfacet
facet normal   -8.004582092318050e-01   -5.993744993992492e-01    4.106670587131886e-03
  outer loop
    vertex    4.054666031152009e-03    4.672678112983704e-01   -2.800002948788460e-05
    vertex    5.392365623265504e-03    4.654815196990967e-01    2.710216237314882e-19
    vertex    4.071077797561883e-03    4.672460854053498e-01   -2.743843881305191e-23
  endloop
endfacet
facet normal   -8.465433469365212e-01   -5.248344137500464e-01    8.895616842669075e-02
  outer loop
    vertex    4.071077797561883e-03    4.672460854053498e-01   -2.743843881305191e-23
    vertex    4.051492549479007e-03    4.672776758670807e-01   -2.741648690097245e-23
    vertex    4.054666031152009e-03    4.672678112983704e-01   -2.800002948788460e-05
  endloop
endfacet
facet normal   -4.852465683583143e-01   -8.341338070205596e-01    2.622147209480572e-01
  outer loop
    vertex   -3.411801904439928e-02    4.682385921478272e-01   -6.787347228964791e-05
    vertex   -3.180765733122827e-02    4.669159054756165e-01   -5.366147028018904e-21
    vertex   -3.379875794053079e-02    4.680742025375367e-01    1.500755430784060e-23
  endloop
endfacet
facet normal   -4.852510120437005e-01   -8.340954027642181e-01    2.623286381586297e-01
  outer loop
    vertex   -3.379875794053079e-02    4.680742025375367e-01    1.500755430784060e-23
    vertex   -3.413060680031778e-02    4.682672619819642e-01    1.356790665955844e-20
    vertex   -3.411801904439928e-02    4.682385921478272e-01   -6.787347228964791e-05
  endloop
endfacet
facet normal   -4.852421243992214e-01   -8.341240262322199e-01    2.622540553941565e-01
  outer loop
    vertex   -3.180765733122827e-02    4.669159054756165e-01   -5.366147028018904e-21
    vertex   -3.411801904439928e-02    4.682385921478272e-01   -6.787347228964791e-05
    vertex   -3.171896934509279e-02    4.668335914611817e-01   -9.771040640771389e-05
  endloop
endfacet
facet normal    2.646847823982325e-01    9.639994616845146e-01    2.543627014258803e-02
  outer loop
    vertex    1.374012883752584e-02    4.810746014118195e-01    5.417183273486095e-20
    vertex    1.226884033530950e-02    4.815231859683991e-01   -1.690797973424196e-03
    vertex    1.246790774166584e-02    4.814239144325257e-01   -5.424695855852420e-20
  endloop
endfacet
facet normal   -8.658146222636560e-01   -3.734751687389726e-01    3.329884956118431e-01
  outer loop
    vertex   -3.571460023522378e-02    4.719328880310059e-01   -7.571189780719578e-05
    vertex   -3.414306044578554e-02    4.683571457862855e-01   -2.964842157571536e-21
    vertex   -3.569190949201585e-02    4.719477891921998e-01    1.712947261356513e-23
  endloop
endfacet
facet normal   -8.658364417884543e-01   -3.734862223664813e-01    3.329193562614279e-01
  outer loop
    vertex   -3.414306044578554e-02    4.683571457862855e-01   -2.964842157571536e-21
    vertex   -3.571460023522378e-02    4.719328880310059e-01   -7.571189780719578e-05
    vertex   -3.411801904439928e-02    4.682385921478272e-01   -6.787347228964791e-05
  endloop
endfacet
facet normal    9.082243722307866e-01   -4.156663579746915e-01   -4.847647402657766e-02
  outer loop
    vertex    3.114515915513039e-02    4.717288017272950e-01   -1.334529325704879e-21
    vertex    3.100560978055000e-02    4.716446995735169e-01   -1.893365988507867e-03
    vertex    3.161936998367310e-02    4.727711975574494e-01   -5.361458897823468e-05
  endloop
endfacet
facet normal    4.037158559488560e-01   -9.047383511168767e-01   -1.358750296183877e-01
  outer loop
    vertex   -2.577663026750089e-02    4.694705307483674e-01    6.016039837135300e-24
    vertex   -3.171896934509279e-02    4.668335914611817e-01   -9.771040640771389e-05
    vertex   -2.535733953118326e-02    4.696871936321259e-01   -1.968639990082011e-04
  endloop
endfacet
facet normal   -2.642593470189727e-01   -9.636336392269549e-01    3.971406379761717e-02
  outer loop
    vertex    1.266242563724518e-02    4.631940722465516e-01   -3.706795750915648e-23
    vertex    6.122902967035770e-03    4.648016095161439e-01   -4.508554004132748e-03
    vertex    7.365154102444648e-03    4.644488096237183e-01   -4.802993033081293e-03
  endloop
endfacet
facet normal   -2.312421923852850e-01   -9.728960051847134e-01    6.415266735766981e-04
  outer loop
    vertex    1.530450023710728e-02    4.625633955001832e-01   -9.614371083443984e-05
    vertex    1.458467449992895e-02    4.627345502376557e-01    1.351330466684840e-20
    vertex    1.396777480840683e-02    4.628811776638032e-01   -3.853104391701682e-23
  endloop
endfacet
facet normal   -2.312643065219902e-01   -9.728909085303885e-01    3.172188802159955e-04
  outer loop
    vertex    1.396777480840683e-02    4.628811776638032e-01   -3.853104391701682e-23
    vertex    1.273397449404001e-02    4.631744623184205e-01   -3.714815226638013e-23
    vertex    1.530450023710728e-02    4.625633955001832e-01   -9.614371083443984e-05
  endloop
endfacet
facet normal   -2.312622358207519e-01   -9.728913799722285e-01    3.755781140730155e-04
  outer loop
    vertex    1.273397449404001e-02    4.631744623184205e-01   -3.714815226638013e-23
    vertex    7.365154102444648e-03    4.644488096237183e-01   -4.802993033081293e-03
    vertex    1.530450023710728e-02    4.625633955001832e-01   -9.614371083443984e-05
  endloop
endfacet
facet normal   -1.091959543290777e-01    9.940159613215397e-01   -2.917566824789985e-03
  outer loop
    vertex   -4.545491188764573e-03    4.840132892131806e-01   -1.224362058565021e-04
    vertex   -4.818155430257321e-03    4.839836955070496e-01    1.084027422100241e-19
    vertex   -4.654023796319962e-03    4.840017259120942e-01   -1.765900368147007e-23
  endloop
endfacet
facet normal   -1.092555864001651e-01    9.940092502772729e-01   -2.971061017530488e-03
  outer loop
    vertex   -4.654023796319962e-03    4.840017259120942e-01   -1.765900368147007e-23
    vertex   -4.592474550008775e-03    4.840084910392762e-01   -1.772799048415675e-23
    vertex   -4.545491188764573e-03    4.840132892131806e-01   -1.224362058565021e-04
  endloop
endfacet
facet normal    9.927292322083217e-01   -1.054333588001348e-01   -5.807304341257034e-02
  outer loop
    vertex    2.776376157999039e-02    4.640081524848939e-01   -1.084742113740522e-19
    vertex    2.770011313259602e-02    4.634088575839997e-01    1.083662944627182e-19
    vertex    2.753677032887936e-02    4.633978903293610e-01   -2.772351028397679e-03
  endloop
endfacet
facet normal    8.912450828324932e-01   -4.512190861093943e-01   -4.564579561696398e-02
  outer loop
    vertex    3.114515915513039e-02    4.717288017272950e-01   -1.334529325704879e-21
    vertex    3.064913116395473e-02    4.707490503787995e-01    1.349529899547810e-20
    vertex    3.100560978055000e-02    4.716446995735169e-01   -1.893365988507867e-03
  endloop
endfacet
facet normal    5.289518178180563e-01   -8.285391272205401e-01    1.836651548105939e-01
  outer loop
    vertex   -3.191347932443024e-03    4.764873087406159e-01   -6.144166109152138e-04
    vertex   -3.298067487776280e-03    4.765553772449494e-01   -2.712423312468380e-20
    vertex   -3.345262724906207e-03    4.765252470970154e-01   -1.912591427842891e-23
  endloop
endfacet
facet normal    5.291634709639190e-01   -8.283992513780400e-01    1.836864211468027e-01
  outer loop
    vertex   -3.298067487776280e-03    4.765553772449494e-01   -2.712423312468380e-20
    vertex   -3.191347932443024e-03    4.764873087406159e-01   -6.144166109152138e-04
    vertex   -2.215978922322393e-03    4.769766032695771e-01   -1.217609969899058e-03
  endloop
endfacet
facet normal   -8.867771983771237e-01    4.554967998053146e-01    7.841470401357527e-02
  outer loop
    vertex    9.677506051957606e-03    4.783805906772614e-01   -1.010771025903523e-03
    vertex    9.308622218668459e-03    4.774884283542634e-01   -6.809572461496967e-21
    vertex    9.327190928161143e-03    4.775245785713196e-01   -3.332969599846377e-23
  endloop
endfacet
facet normal   -8.868737763462989e-01    4.553387854288088e-01    7.823998538772892e-02
  outer loop
    vertex    9.308622218668459e-03    4.774884283542634e-01   -6.809572461496967e-21
    vertex    9.677506051957606e-03    4.783805906772614e-01   -1.010771025903523e-03
    vertex    9.021852165460585e-03    4.780822098255158e-01   -6.706296931952238e-03
  endloop
endfacet
facet normal   -8.290384313215647e-01    5.527863684909767e-01    8.439496550409453e-02
  outer loop
    vertex    9.308622218668459e-03    4.774884283542634e-01   -6.809572461496967e-21
    vertex    9.021852165460585e-03    4.780822098255158e-01   -6.706296931952238e-03
    vertex    7.282091770321130e-03    4.752523899078370e-01   -5.261214915663004e-03
  endloop
endfacet
facet normal   -4.544666817383446e-01   -8.888000426403438e-01    5.911446009447344e-02
  outer loop
    vertex    6.878824438899755e-03    4.647130370140076e-01   -2.304235471242387e-19
    vertex    6.219336763024329e-03    4.650502502918244e-01    3.358285497530162e-21
    vertex    5.407248158007859e-03    4.654611945152283e-01   -6.461989687522873e-05
  endloop
endfacet
facet normal   -4.544636137164006e-01   -8.888267199963527e-01    5.873572701819065e-02
  outer loop
    vertex    6.878824438899755e-03    4.647130370140076e-01   -2.304235471242387e-19
    vertex    5.407248158007859e-03    4.654611945152283e-01   -6.461989687522873e-05
    vertex    6.122902967035770e-03    4.648016095161439e-01   -4.508554004132748e-03
  endloop
endfacet
facet normal    3.399155105972500e-01    9.404530364276297e-01    2.352005412883956e-03
  outer loop
    vertex    1.893402077257633e-02    4.796469509601594e-01    2.167963370904544e-19
    vertex    1.834299042820930e-02    4.798657894134522e-01   -2.086265012621880e-03
    vertex    1.823183521628380e-02    4.799007475376130e-01   -1.084635276181605e-19
  endloop
endfacet
facet normal    4.412779108852011e-01   -8.961646378414190e-01   -4.650534643834828e-02
  outer loop
    vertex   -2.535733953118326e-02    4.696871936321259e-01   -1.968639990082011e-04
    vertex   -2.016623131930829e-02    4.722331166267396e-01    1.084199449338027e-19
    vertex   -2.465455047786237e-02    4.700230360031128e-01    4.758368920153982e-24
  endloop
endfacet
facet normal    4.412691987072458e-01   -8.961711140421185e-01   -4.646319649759060e-02
  outer loop
    vertex   -2.465455047786237e-02    4.700230360031128e-01    4.758368920153982e-24
    vertex   -2.577663026750089e-02    4.694705307483674e-01    6.016039837135300e-24
    vertex   -2.535733953118326e-02    4.696871936321259e-01   -1.968639990082011e-04
  endloop
endfacet
facet normal    5.902918219529202e-01   -8.042038383599636e-01    6.936678818140309e-02
  outer loop
    vertex    2.704773657023907e-02    4.602643251419068e-01   -1.480840690444549e-21
    vertex    2.606829069554806e-02    4.595347940921784e-01   -1.230095949722454e-04
    vertex    2.708262950181961e-02    4.602699875831605e-01   -2.312815049663186e-04
  endloop
endfacet
facet normal   -9.518068174150494e-01   -3.066981441979498e-01    1.751221536166563e-04
  outer loop
    vertex    4.051492549479007e-03    4.672776758670807e-01   -2.741648690097245e-23
    vertex    3.756849560886621e-03    4.681920707225800e-01    3.252335655061362e-19
    vertex    4.054666031152009e-03    4.672678112983704e-01   -2.800002948788460e-05
  endloop
endfacet
endsolid Main.HumanModel.BodyModel.Trunk.Segments.C7Seg.BoneDraw
